date,open,high,low,adjClose,value,volume,count,yesterday,close,rsi_14,rsi_7,stoch_k,stoch_d,williams_r,roc_10,roc_20,macd_diff,macd_norm,adx,di_plus,di_minus,di_diff,cci,price_to_sma10,price_to_sma20,price_to_sma50,price_to_ema12,price_to_ema26,sma10_to_sma50,bb_pband,bb_wband,atr_pct,daily_range_pct,volatility_20,volatility_10,volatility_5,vol_ratio_5_20,volume_ratio_20,volume_ratio_5,obv_slope,mfi,avg_trade_value,avg_trade_value_ratio,trade_count_ratio,body_ratio,upper_shadow,lower_shadow,gap_pct,ret_1d,ret_2d,ret_3d,ret_5d,ret_10d,ret_20d,ret_zscore,pct_from_52w_high,pct_from_52w_low,up_streak,down_streak,rsi_14_lag1,rsi_14_lag2,rsi_14_lag3,rsi_14_lag5,macd_diff_lag1,macd_diff_lag2,macd_diff_lag3,macd_diff_lag5,volume_ratio_20_lag1,volume_ratio_20_lag2,volume_ratio_20_lag3,volume_ratio_20_lag5,ret_1d_lag1,ret_1d_lag2,ret_1d_lag3,ret_1d_lag5,adx_lag1,adx_lag2,adx_lag3,adx_lag5,future_return,signal,signal_class
2025-03-25,9210.0,9440.0,9210.0,9440.0,164377300490,17419042,1212,9170.0,9440.0,38.68938847137145,43.52095000198109,24.778761061946902,12.518846279908226,-75.22123893805309,-3.278688524590164,-8.792270531400966,-10.990884378150213,-0.036249559276040864,20.224513772450138,21.311527330031225,31.0093851428557,-9.697857812824473,-78.16358344024603,1.0035080259381313,0.9626268291439352,0.8910031336127158,0.9889372894130496,0.9547122483375996,0.8878883980820781,0.29633997946789314,18.35076455281659,0.025855931307706356,0.024364406779661018,0.01874214618070016,0.020200196454544586,0.023014705556707905,1.2279653213038877,0.6336537162562248,0.43707761821872226,0.10866815820686981,51.81535282236987,135624835.38778877,0.8716426391248506,0.6497440158683357,1.0,0.0,0.0,0.0032679738562091504,0.028322440087146017,0.010706638115631772,-0.00421940928270037,0.0,-0.032786885245901676,-0.0879227053140097,1.7472359906042763,-0.22240527182866557,0.02832244008714597,1,0,30.563353260314457,33.067790673741555,35.426420724705125,31.669866008137916,-30.3622509985409,-27.478710618023342,-32.20369108514632,-78.87202535519651,0.5023775682364463,0.6227040549358889,0.6440465816342091,0.4846785264674892,-0.017130620985010725,-0.014767932489451518,-0.01761658031088087,0.02386117136659438,20.35445039366462,19.60038938422563,19.3636782231031,19.99919095079944,-0.010593220338983023,0,1.0
2025-03-26,9470.0,9590.0,9360.0,9440.0,107215024960,11358209,1172,9440.0,9400.0,37.95349813881843,41.886816002667175,24.742268041237114,17.062565256616896,-75.25773195876289,-1.4675052410901468,-8.023483365949119,2.1936990567339762,-0.034942854400718946,19.403696270764385,24.272768190298656,28.91795019488362,-4.645182004584964,-58.097128937326424,1.000745235813904,0.9625723209257079,0.8893430214956101,0.9870631534036288,0.9541536275970541,0.8886807447774749,0.295900998238545,18.338002024153226,0.025858965730104287,0.02446808510638298,0.018644135145416473,0.019043616171022803,0.01944654426379811,1.0430381517899963,0.4174099830665053,0.7389447077458496,-0.038808565663621786,56.02186532709731,91480396.72354949,0.5882541954764899,0.6403146939110007,0.30434782608695654,0.5217391304347826,0.17391304347826086,0.0031779661016949155,-0.004237288135593209,0.023965141612200425,0.0064239828693790635,-0.025906735751295318,-0.014675052410901501,-0.08023483365949124,-0.012278970827002564,-0.2257001647446458,0.023965141612200435,0,1,38.68938847137145,30.563353260314457,33.067790673741555,38.52477411703483,-10.990884378150213,-30.3622509985409,-27.478710618023342,-46.73609948600358,0.6336537162562248,0.5023775682364463,0.6227040549358889,4.693830520224355,0.028322440087146017,-0.017130620985010725,-0.014767932489451518,0.022245762711864403,20.224513772450138,20.35445039366462,19.60038938422563,19.557788135009368,-0.021186440677966156,0,1.0
2025-03-29,9400.0,9470.0,9330.0,9360.0,83835767020,8959256,930,9440.0,9340.0,36.822124597460025,39.30416389097457,18.556701030927837,22.69257671137062,-81.44329896907216,-0.5324813631522897,-10.450623202301054,9.528015838460306,-0.034127035398866884,18.755589147919004,23.24506692853728,28.600852287154076,-5.355785358616796,-64.54480796586058,0.9948870899020026,0.9617959015549377,0.8864003036917528,0.98367400914919,0.951724726448571,0.8909556799848154,0.28403292873287844,17.689779382065655,0.025236812574325054,0.014989293361884369,0.01772722383005826,0.018479108855722747,0.018248973968027275,1.029432140247721,0.344796285356636,0.6572054284629555,-0.03128983129952234,58.0269224886993,90145986.04301076,0.5954333759328247,0.5236486486486487,0.42857142857142855,0.5,0.07142857142857142,0.0,-0.006382978723404209,-0.010593220338983023,0.017429193899782147,-0.014767932489451518,-0.005324813631522929,-0.10450623202301057,-0.0579941446425961,-0.23064250411861614,0.017429193899782137,0,2,37.95349813881843,38.68938847137145,30.563353260314457,35.426420724705125,2.1936990567339762,-10.990884378150213,-30.3622509985409,-32.20369108514632,0.4174099830665053,0.6336537162562248,0.5023775682364463,0.6440465816342091,-0.004237288135593209,0.028322440087146017,-0.017130620985010725,-0.01761658031088087,19.403696270764385,20.224513772450138,20.35445039366462,19.3636782231031,0.01602564102564097,0,2.0
2025-03-30,9310.0,9540.0,9310.0,9480.0,271913413080,28685303,1746,9360.0,9470.0,40.93071375598574,47.48847424117923,38.27160493827161,27.190191336812187,-61.72839506172839,0.8519701810436635,-11.412535079513564,24.91466166534451,-0.031376050621140066,17.821831475425086,23.746106719108777,26.607704619344442,-2.8615979002356653,-49.51995957554312,1.0078756917837377,0.9813471502590674,0.9018532274346227,0.9977698219114797,0.967481763857333,0.8948060110850808,0.377841809795471,15.26942214001554,0.024847290562487162,0.024287222808870117,0.016888463319866293,0.019027055852872732,0.0180696637408331,1.0699412610013685,1.117882522083982,1.7915044253845072,0.011590619954082282,58.77530846604662,155735059.0378007,1.0294120596109,1.000630408619405,0.6956521739130435,0.30434782608695654,0.0,-0.0032119914346895075,0.013918629550321304,0.007446808510638281,0.0031779661016948513,0.013918629550321304,0.008519701810436597,-0.11412535079513564,1.1738194197980838,-0.21993410214168038,0.03159041394335512,1,0,36.822124597460025,37.95349813881843,38.68938847137145,33.067790673741555,9.528015838460306,2.1936990567339762,-10.990884378150213,-27.478710618023342,0.344796285356636,0.4174099830665053,0.6336537162562248,0.6227040549358889,-0.006382978723404209,-0.004237288135593209,0.028322440087146017,-0.014767932489451518,18.755589147919004,19.403696270764385,20.224513772450138,19.60038938422563,-0.011603375527426185,0,1.0
2025-04-05,9520.0,9520.0,9380.0,9430.0,81421596430,8632201,1099,9480.0,9390.0,39.239559808475136,43.29693295215577,32.857142857142854,29.89514960878077,-67.14285714285714,1.843817787418655,-9.624639076034649,31.083262983362715,-0.030158869256478975,16.954770779537874,22.70872604081903,25.44531117976907,-2.7365851389500406,-47.610524431716485,0.9975565707000956,0.978125,0.8980489671002295,0.990965974261447,0.9622089984944071,0.9002486610558531,0.34112777267443767,13.768926368215109,0.024334017504547348,0.014909478168264111,0.016084351253490937,0.0181751000870375,0.01595737887597124,0.9921058440269925,0.369883328351394,0.5750659348505706,0.01658137802074644,61.43832172497505,74086984.92265697,0.49903956942569855,0.6970254328661127,0.9285714285714286,0.0,0.07142857142857142,0.005279831045406547,-0.008447729672650506,0.005353319057815886,-0.0010638297872340718,0.02287581699346397,0.018438177874186445,-0.09624639076034647,-0.21904191291091682,-0.22652388797364087,0.02287581699346405,0,1,40.93071375598574,36.822124597460025,37.95349813881843,30.563353260314457,24.91466166534451,9.528015838460306,2.1936990567339762,-30.3622509985409,1.117882522083982,0.344796285356636,0.4174099830665053,0.5023775682364463,0.013918629550321304,-0.006382978723404209,-0.004237288135593209,-0.017130620985010725,17.821831475425086,18.755589147919004,19.403696270764385,20.35445039366462,-0.012725344644750836,0,1.0
2025-04-06,9370.0,9450.0,9280.0,9340.0,77481586450,8294975,953,9430.0,9300.0,37.36895525289374,38.801854024461505,28.0,33.04291593180482,-72.0,-1.4830508474576272,-9.444985394352482,30.441782630188868,-0.02970137817354454,16.589118532115865,21.481523121180803,27.249104434969645,-5.767581313788842,-65.46795758413985,0.989466964570699,0.973669057216144,0.8939900795939555,0.9842741546302236,0.9563169005237714,0.9035067481831816,0.28912727971354707,12.486652018377512,0.024120226703380147,0.01827956989247312,0.016047714469876236,0.016719472388018002,0.009646720564983585,0.6011273806679328,0.36415816440762955,0.629074931415079,-0.008136299008966286,63.58090045079978,81302818.94018887,0.5474040787839256,0.6359480831470422,0.4117647058823529,0.47058823529411764,0.11764705882352941,-0.002129925452609159,-0.009584664536741228,-0.017951425554382228,-0.004282655246252709,-0.014830508474576232,-0.014830508474576232,-0.09444985394352479,-0.2965111983543531,-0.23393739703459637,0.013071895424836602,0,2,39.239559808475136,40.93071375598574,36.822124597460025,38.68938847137145,31.083262983362715,24.91466166534451,9.528015838460306,-10.990884378150213,0.369883328351394,1.117882522083982,0.344796285356636,0.6336537162562248,-0.008447729672650506,0.013918629550321304,-0.006382978723404209,0.028322440087146017,16.954770779537874,17.821831475425086,18.755589147919004,20.224513772450138,0.025695931477516032,0,2.0
2025-04-07,9330.0,9330.0,9210.0,9240.0,71624390920,7753312,863,9340.0,9220.0,35.7380782196593,35.03031584117102,12.0,24.28571428571429,-88.0,-4.455958549222798,-9.872922776148583,26.134296136647833,-0.029717649617499273,16.544754144202173,20.633864110528172,28.475685369954974,-7.841821259426801,-90.71002353971626,0.9854638734501924,0.9704241658772761,0.8913035072116314,0.9794527611395485,0.951750137552535,0.904450717296315,0.23223081382050884,11.04527169265049,0.023521346517188256,0.013015184381778741,0.016067841028242064,0.014588521528763918,0.009984288168472015,0.6213833053814055,0.34543584050999804,0.622006109357607,-0.004760974867958234,65.21075187284151,82994659.23522596,0.5568240976514964,0.5995345444440585,0.9166666666666666,0.0,0.08333333333333333,0.0032258064516129032,-0.008602150537634357,-0.018104366347177825,-0.026399155227032733,-0.019148936170212738,-0.04455958549222794,-0.09872922776148585,-0.22034369664187045,-0.24052718286655683,0.004357298474945534,0,3,37.36895525289374,39.239559808475136,40.93071375598574,37.95349813881843,30.441782630188868,31.083262983362715,24.91466166534451,2.1936990567339762,0.36415816440762955,0.369883328351394,1.117882522083982,0.4174099830665053,-0.009584664536741228,-0.008447729672650506,0.013918629550321304,-0.004237288135593209,16.589118532115865,16.954770779537874,17.821831475425086,19.403696270764385,0.04978354978354971,0,3.0
2025-04-08,9510.0,9510.0,9490.0,9510.0,282615880080,29719643,1069,9240.0,9510.0,45.09282533679184,53.95730607123941,71.42857142857143,37.14285714285714,-28.571428571428573,0.31645569620253167,-6.947162426614481,43.307803841658256,-0.025867115752672802,15.551912006592431,24.4928196909121,25.82367291594801,-1.3308532250359093,4.360101497444427,1.0161342023720483,1.0047012836088955,0.9236237908395167,1.0086677247023517,0.9830194450849096,0.9089584709218756,0.554463199147265,8.63203719668301,0.023353376848056065,0.002103049421661409,0.018019603525974037,0.017608756305766374,0.01837151862313317,1.019529569374369,1.2910257575677673,1.7884989924948818,0.0326889832324746,67.05686334408206,264374069.29840973,1.6772792722313918,0.7675462215042183,0.0,0.0,1.0,0.031453362255965296,0.0314533622559654,0.022580645161290214,0.012779552715654896,0.01820128479657379,0.0031645569620253333,-0.06947162426614484,1.936420037541925,-0.21663920922570015,0.03594771241830065,1,0,35.7380782196593,37.36895525289374,39.239559808475136,36.822124597460025,26.134296136647833,30.441782630188868,31.083262983362715,9.528015838460306,0.34543584050999804,0.36415816440762955,0.369883328351394,0.344796285356636,-0.008602150537634357,-0.009584664536741228,-0.008447729672650506,-0.006382978723404209,16.544754144202173,16.589118532115865,16.954770779537874,18.755589147919004,-0.00525762355415349,0,1.0
2025-04-09,9590.0,9600.0,9270.0,9370.0,137015167820,14616153,1524,9510.0,9300.0,40.495634513496896,43.30040671050153,28.571428571428573,37.33333333333333,-71.42857142857143,-0.4282655246252677,-6.25,41.03737974848002,-0.025592188168169525,15.543413653169072,21.983796403984783,30.007593906735497,-8.023797502750714,-39.48228526604772,0.9941207910208445,0.9857438126026816,0.9080612404311826,0.9884633404237444,0.9640751884144839,0.9134314950788939,0.3114544442863576,7.561136799729313,0.024709508292820054,0.035483870967741936,0.017536057459905968,0.018443401658460437,0.02033809760799918,1.1597873498361724,0.643432062744253,1.0588916233160277,-0.009031820429378556,70.99667402803402,89904965.76115486,0.5683676441957206,1.1388432222388283,0.8787878787878788,0.030303030303030304,0.09090909090909091,0.008412197686645636,-0.02208201892744477,0.008676789587852562,0.0,-0.017951425554382228,-0.004282655246252709,-0.0625,-1.0837937384759548,-0.23393739703459637,0.013071895424836602,0,1,45.09282533679184,35.7380782196593,37.36895525289374,40.93071375598574,43.307803841658256,26.134296136647833,30.441782630188868,24.91466166534451,1.2910257575677673,0.34543584050999804,0.36415816440762955,1.117882522083982,0.0314533622559654,-0.008602150537634357,-0.009584664536741228,0.013918629550321304,15.551912006592431,16.544754144202173,16.589118532115865,17.821831475425086,0.012806830309498363,0,2.0
2025-04-12,9350.0,9390.0,9260.0,9310.0,107863942320,11584419,1172,9370.0,9290.0,40.28501722076583,42.83044691412248,26.53061224489796,42.176870748299315,-73.46938775510205,1.1982570806100217,-6.445115810674723,39.36889555249303,-0.024739893463061397,15.574114113328303,21.068193217936564,29.078184500823944,-8.00999128288738,-79.9999999999997,0.9918855434550502,0.9880350970486572,0.911374026330763,0.9893181592754802,0.9656824762848789,0.9188298310671611,0.29884397974470833,5.948071022760243,0.023968780198384932,0.013993541442411194,0.01751669422020913,0.01748731774846279,0.02015181876731669,1.1504350372267957,0.5207521392006431,0.8048256305237532,-0.011912962398325178,67.58150829930085,92034080.4778157,0.5844392136383121,0.9026841760696269,0.46153846153846156,0.3076923076923077,0.23076923076923078,0.005376344086021506,-0.0010752688172043223,-0.023133543638275467,0.00759219088937102,-0.010649627263045747,0.011982570806100323,-0.06445115810674729,0.12019662373722312,-0.23476112026359144,0.011982570806100218,0,2,40.495634513496896,45.09282533679184,35.7380782196593,39.239559808475136,41.03737974848002,43.307803841658256,26.134296136647833,31.083262983362715,0.643432062744253,1.2910257575677673,0.34543584050999804,0.369883328351394,-0.02208201892744477,0.0314533622559654,-0.008602150537634357,-0.008447729672650506,15.543413653169072,15.551912006592431,16.544754144202173,16.954770779537874,0.03759398496240607,0,3.0
2025-04-13,9580.0,9580.0,9570.0,9580.0,277513494540,28968186,967,9310.0,9580.0,48.62921685038506,58.18521824882314,85.71428571428571,46.938775510204074,-14.285714285714286,1.4830508474576272,-1.8442622950819672,57.2207297899709,-0.02063429995687576,14.64491504011086,25.11107953883225,26.433363088044587,-1.3222835492123366,120.5673758865254,1.0213219616204692,1.0198541544685156,0.9434148070825045,1.0170402567178785,0.9961354442265914,0.9237192996277549,0.8851760497606295,5.15456619923642,0.02374522505635959,0.0010438413361169101,0.018781145885958066,0.018000099006868695,0.024163271915645632,1.2865706950134268,1.2865832139440438,1.5634526317534736,0.02370435365263024,52.12396822416058,286983965.3981386,1.7384860466006185,0.7669429353214102,0.0,0.0,1.0,0.031216361679224973,0.031216361679224924,0.03010752688172036,0.007360672975814886,0.03010752688172036,0.014830508474576343,-0.018442622950819665,1.7027857707595806,-0.21087314662273476,0.04357298474945534,1,0,40.28501722076583,40.495634513496896,45.09282533679184,37.36895525289374,39.36889555249303,41.03737974848002,43.307803841658256,30.441782630188868,0.5207521392006431,0.643432062744253,1.2910257575677673,0.36415816440762955,-0.0010752688172043223,-0.02208201892744477,0.0314533622559654,-0.009584664536741228,15.574114113328303,15.543413653169072,15.551912006592431,16.589118532115865,0.03757828810020869,0,3.0
2025-04-14,9740.0,9760.0,9630.0,9700.0,388889362160,40076803,2581,9580.0,9690.0,51.40310694299988,62.62718994146297,88.33333333333333,66.85941043083899,-11.666666666666666,3.0851063829787235,1.5723270440251573,74.75410169571376,-0.016661991357812024,14.188569624252816,29.40321275199846,24.9183790964579,4.484833655540559,203.51537978656577,1.0298650228504622,1.030741410488246,0.9571315685499803,1.0241931021902286,1.0070084064397753,0.9293757408139075,1.039735478696377,5.695643829546956,0.023125684273323184,0.013415892672858616,0.018237823191483923,0.018117985459101385,0.02271727024654805,1.2456130322151489,1.702587877472241,1.6035184882345328,0.07006407690739014,63.85441204801612,150673910.17435104,0.9006652481997452,1.9835536427912694,0.38461538461538464,0.15384615384615385,0.46153846153846156,0.016701461377870562,0.01148225469728592,0.04305705059203446,0.041935483870967794,0.05097613882863339,0.030851063829787195,0.01572327044025168,0.5781939524976865,-0.20181219110378912,0.05555555555555555,2,0,48.62921685038506,40.28501722076583,40.495634513496896,35.7380782196593,57.2207297899709,39.36889555249303,41.03737974848002,26.134296136647833,1.2865832139440438,0.5207521392006431,0.643432062744253,0.34543584050999804,0.031216361679224924,-0.0010752688172043223,-0.02208201892744477,-0.008602150537634357,14.64491504011086,15.574114113328303,15.543413653169072,16.544754144202173,0.042268041237113474,0,3.0
2025-04-15,9520.0,9580.0,9410.0,9460.0,233934922810,24728967,1910,9700.0,9410.0,44.77540970851307,47.608223047066964,41.666666666666664,71.9047619047619,-58.333333333333336,0.7494646680942184,0.21299254526091588,66.10947064588902,-0.016320080727476198,13.528283238034659,26.827453422850912,29.618455373427928,-2.791001950577016,30.392156862745566,0.9993627867459643,1.0008508827908955,0.9322554439358814,0.9954254911607237,0.9795128886055912,0.9328498682359468,0.514942025346509,5.694561287130651,0.024238215028924558,0.018065887353878853,0.01908913466692617,0.020659960518500352,0.024558804523854356,1.2865331484305014,1.0316736391019523,1.0305923854103431,0.01700340958466784,61.832106268957475,122479017.17801048,0.7295462303876982,1.438361322388734,0.6470588235294118,0.35294117647058826,0.0,-0.017543859649122806,-0.028895768833849367,-0.017745302713987443,0.012917115177610405,-0.01051524710830709,0.007494646680942241,0.0021299254526092604,-1.528324884520035,-0.22487644151565075,0.02505446623093682,0,1,51.40310694299988,48.62921685038506,40.28501722076583,45.09282533679184,74.75410169571376,57.2207297899709,39.36889555249303,43.307803841658256,1.702587877472241,1.2865832139440438,0.5207521392006431,1.2910257575677673,0.01148225469728592,0.031216361679224924,-0.0010752688172043223,0.0314533622559654,14.188569624252816,14.64491504011086,15.574114113328303,15.551912006592431,0.06976744186046502,1,4.0
2025-04-16,9400.0,9530.0,9320.0,9490.0,131699078870,13882991,1153,9460.0,9470.0,46.3711052803604,50.5716437545455,47.27272727272727,59.090909090909086,-52.72727272727273,0.0,0.8519701810436635,63.05746918174782,-0.01487429712927722,13.26131494534505,25.054710230868743,30.493260474665938,-5.438550243797195,12.087227414331133,1.0057349192863212,1.006804167552626,0.9413331742907695,1.0014994146614478,0.9867994579854145,0.9359654877636627,0.6188482950522022,5.725086379772939,0.0239482640254061,0.022175290390707498,0.01913742001624188,0.020267375671605074,0.02185228878321555,1.1418617956166277,0.5761360065975605,0.582138206970893,0.04436169119115374,61.69126073307815,114222965.1951431,0.6720487463011022,0.8789784638841243,0.3333333333333333,0.2857142857142857,0.38095238095238093,-0.0010626992561105207,0.006376195536663021,-0.02270381836945301,-0.011482254697286032,0.018279569892473146,0.0,0.008519701810436597,0.3019610299276225,-0.21993410214168038,0.03159041394335512,1,0,44.77540970851307,51.40310694299988,48.62921685038506,40.495634513496896,66.10947064588902,74.75410169571376,57.2207297899709,41.03737974848002,1.0316736391019523,1.702587877472241,1.2865832139440438,0.643432062744253,-0.028895768833849367,0.01148225469728592,0.031216361679224924,-0.02208201892744477,13.528283238034659,14.188569624252816,14.64491504011086,15.543413653169072,0.06849315068493156,1,4.0
2025-04-19,9520.0,9760.0,9510.0,9660.0,945785466390,97925848,2268,9490.0,9620.0,50.24194860849136,57.57129991929524,74.54545454545455,54.49494949494949,-25.454545454545453,2.4494142705005326,4.3383947939262475,69.27067957072907,-0.012196331968044885,12.579692608017334,29.90943599118886,27.76476198335038,2.144674007838482,136.20071684587828,1.019175760144083,1.0205813706768512,0.9595244269783958,1.0146523406363912,1.0022494666256119,0.9414710048075965,0.8586791503296877,5.738100655678886,0.024044184616630125,0.02598752598752599,0.01889518089986531,0.02057100617641073,0.022211186866266313,1.1754947985930446,3.5906562045500494,2.3816644773216553,0.1502355590293416,71.04431759873022,417012992.23544973,2.343808543698058,1.6644649933949802,0.4,0.56,0.04,0.005279831045406547,0.015839493136219573,0.022316684378320906,-0.007223942208462342,0.03552206673842839,0.024494142705005384,0.04338394793926237,0.7168420220705658,-0.20757825370675453,0.04793028322440087,2,0,46.3711052803604,44.77540970851307,51.40310694299988,40.28501722076583,63.05746918174782,66.10947064588902,74.75410169571376,39.36889555249303,0.5761360065975605,1.0316736391019523,1.702587877472241,0.5207521392006431,0.006376195536663021,-0.028895768833849367,0.01148225469728592,-0.0010752688172043223,13.26131494534505,13.528283238034659,14.188569624252816,15.574114113328303,0.06107660455486541,1,3.0
2025-04-20,9900.0,9940.0,9900.0,9940.0,419764647510,42234590,1635,9660.0,9940.0,57.31945270951115,68.62842779417521,100.0,73.93939393939394,-0.0,6.881720430107527,5.296610169491525,91.65655945507464,-0.007246347463227121,12.592945790921451,32.44104615897368,25.096271144670435,7.3447750143032415,257.14152570017364,1.04598547827002,1.0517405565548619,0.9940596435786148,1.040654294315659,1.0328655147495152,0.9503570214212853,1.1959177978657745,7.43486611688029,0.023907485830380593,0.004024144869215292,0.01956513660897085,0.022150037061301447,0.022776312890245776,1.164127465371367,1.4647292740716162,0.96492448208595,0.15858101316153683,73.62010455608413,256736787.4678899,1.3798000943482625,1.1767246032602827,1.0,0.0,0.0,0.029106029106029108,0.033264033264033266,0.0496304118268216,0.05632306057385761,0.03757828810020869,0.0688172043010753,0.052966101694915224,1.5588573351747543,-0.1812191103789127,0.08278867102396514,3,0,50.24194860849136,46.3711052803604,44.77540970851307,48.62921685038506,69.27067957072907,63.05746918174782,66.10947064588902,57.2207297899709,3.5906562045500494,0.5761360065975605,1.0316736391019523,1.2865832139440438,0.015839493136219573,0.006376195536663021,-0.028895768833849367,0.031216361679224924,12.579692608017334,13.26131494534505,13.528283238034659,14.64491504011086,0.026156941649899457,0,2.0
2025-04-21,10220.0,10230.0,9950.0,10110.0,681106192030,67392565,4735,9940.0,10010.0,58.703228138963446,70.58479061803939,78.43137254901961,84.32560903149138,-21.568627450980394,8.568329718004339,3.730569948186528,106.84233065435899,-0.003010223768391957,13.478680626116546,38.23465702077996,22.9441059492659,15.290551071514063,256.3987928914726,1.044667084116051,1.0571338050480514,1.0031668403752105,1.0403033510444184,1.0370557633479593,0.9602741922552714,1.1434715248874494,8.87899508187948,0.024113924068801057,0.027972027972027972,0.01905715433106493,0.021475877041911506,0.022674080786733757,1.189793627780665,2.641242985209992,1.3688496674390633,0.17749409972308272,79.49192046067913,143845024.7159451,0.9642676006637043,3.0489375402446877,0.75,0.03571428571428571,0.21428571428571427,0.028169014084507043,0.007042253521126751,0.04054054054054057,0.057022175290390775,0.03302373581011353,0.08568329718004342,0.03730569948186524,0.26434442129740515,-0.17545304777594728,0.09041394335511982,4,0,57.31945270951115,50.24194860849136,46.3711052803604,51.40310694299988,91.65655945507464,69.27067957072907,63.05746918174782,74.75410169571376,1.4647292740716162,3.5906562045500494,0.5761360065975605,1.702587877472241,0.033264033264033266,0.015839493136219573,0.006376195536663021,0.01148225469728592,12.592945790921451,12.579692608017334,13.26131494534505,14.188569624252816,0.01879327398615227,0,2.0
2025-04-22,10000.0,10200.0,9960.0,10120.0,442824101590,43776039,2382,10110.0,10140.0,61.21798499541782,74.08615334127123,91.17647058823529,89.86928104575163,-8.823529411764707,6.624605678233439,6.962025316455696,120.30469454508703,0.0013221102174947041,14.301148687369134,35.51987036900442,21.314998813974007,14.204871555030415,206.31541600141927,1.0513219284603421,1.0671437592085877,1.018092732785799,1.0451608517892952,1.0466070721141387,0.9683929396172615,1.122761862462416,10.781610637346924,0.02379504747163343,0.023668639053254437,0.018622455471911076,0.020024139226452308,0.010908433607837328,0.5857677374657124,1.6321135062348433,0.8253026551023799,0.24476972812065445,80.3145172299299,185904324.76490346,1.2201110275534655,1.4858247824595328,0.5833333333333334,0.25,0.16666666666666666,-0.000999000999000999,0.01298701298701288,0.02012072434607637,0.054054054054053946,0.07757704569606805,0.06624605678233442,0.06962025316455689,0.5075717457598049,-0.16474464579901152,0.10457516339869281,5,0,58.703228138963446,57.31945270951115,50.24194860849136,44.77540970851307,106.84233065435899,91.65655945507464,69.27067957072907,66.10947064588902,2.641242985209992,1.4647292740716162,3.5906562045500494,1.0316736391019523,0.007042253521126751,0.033264033264033266,0.015839493136219573,-0.028895768833849367,13.478680626116546,12.592945790921451,12.579692608017334,13.528283238034659,0.045454545454545414,0,3.0
2025-04-23,10090.0,10300.0,10010.0,10140.0,210104253070,20715569,1930,10120.0,10080.0,59.41952149624458,69.62366853643039,79.81651376146789,83.14145229957427,-20.18348623853211,8.38709677419355,7.922912205567452,119.58158590274333,0.004224056095112939,15.34926389327339,35.43215096517899,19.51216609942839,15.9199848657506,171.51379567486956,1.0367170626349893,1.0567145403082083,1.014227355965629,1.032783506000876,1.0373088024380661,0.9783068037751795,0.9793237125806783,11.832199997545999,0.024281910131170058,0.028769841269841268,0.018266382937635474,0.01800026705768822,0.014242636849102618,0.7797185079131097,0.7667299861891165,0.3807384554292825,0.21014542119341617,82.73904417585555,108862307.29015544,0.7176230239741161,1.1805364406520475,0.034482758620689655,0.7241379310344828,0.2413793103448276,-0.004930966469428008,-0.00591715976331364,0.006993006993007089,0.014084507042253502,0.06441393875395995,0.08387096774193559,0.07922912205567445,-0.5416769803963217,-0.1696869851729819,0.09803921568627451,0,1,61.21798499541782,58.703228138963446,57.31945270951115,46.3711052803604,120.30469454508703,106.84233065435899,91.65655945507464,63.05746918174782,1.6321135062348433,2.641242985209992,1.4647292740716162,0.5761360065975605,0.01298701298701288,0.007042253521126751,0.033264033264033266,0.006376195536663021,14.301148687369134,13.478680626116546,12.592945790921451,13.26131494534505,0.07297830374753445,1,4.0
2025-04-26,10160.0,10360.0,10130.0,10250.0,383947283130,37440022,2721,10140.0,10270.0,63.114912903566406,75.15289772476811,92.17391304347827,87.72229913106048,-7.826086956521739,10.54897739504844,11.87363834422658,125.68706977612956,0.007799974367688126,16.490751576292634,34.30015036130695,17.934870540841843,16.365279820465105,169.19853326348866,1.0457183586192853,1.0705164955438577,1.0349692633276226,1.0438595255158303,1.0524284798063388,0.9897208505492291,1.0432440091341155,12.980630132719748,0.02407776814291643,0.022395326192794548,0.017845026792136145,0.017958254788732184,0.014473232271867982,0.8110513052435412,1.327274190773428,0.8848609619307466,0.14232748608886236,85.50928687982514,141105212.46968028,0.9146312660276747,1.5995532302627713,0.4782608695652174,0.391304347826087,0.13043478260869565,0.007936507936507936,0.018849206349206282,0.012820512820512775,0.025974025974025983,0.06756756756756754,0.10548977395048431,0.11873638344226589,0.7325792079588634,-0.15403624382207579,0.1187363834422658,1,0,59.41952149624458,61.21798499541782,58.703228138963446,50.24194860849136,119.58158590274333,120.30469454508703,106.84233065435899,69.27067957072907,0.7667299861891165,1.6321135062348433,2.641242985209992,3.5906562045500494,-0.00591715976331364,0.01298701298701288,0.007042253521126751,0.015839493136219573,15.34926389327339,14.301148687369134,13.478680626116546,12.579692608017334,0.030243902439024417,0,3.0
2025-04-27,10050.0,10330.0,10010.0,10200.0,318542986720,31227075,1887,10250.0,10250.0,62.47003703998117,73.50967306256962,90.0,87.33014226831538,-10.0,6.993736951983298,8.58050847457627,122.06434793546936,0.010438936770669675,16.925347554909546,31.196387496832635,19.70528616917886,11.491101327653777,129.45672300358495,1.0366100323624596,1.0639402117500518,1.0345802127702526,1.0351655312791141,1.0464737554884607,0.9980418676948544,0.952835422760332,14.119966887814108,0.024631517942583784,0.03121951219512195,0.017100276215675888,0.016666655187438744,0.010246722975304793,0.5992138867272555,1.0805737368725632,0.7785309711576496,0.07811014374945358,81.25109751878782,168809213.9480657,1.08256323848428,1.0877021068103871,0.625,0.25,0.125,-0.021421616358325218,-0.0019474196689386325,0.016865079365079305,0.010848126232741562,0.031187122736418438,0.06993736951983309,0.08580508474576276,-0.36316591373301554,-0.1556836902800659,0.11655773420479303,0,1,63.114912903566406,59.41952149624458,61.21798499541782,57.31945270951115,125.68706977612956,119.58158590274333,120.30469454508703,91.65655945507464,1.327274190773428,0.7667299861891165,1.6321135062348433,1.4647292740716162,0.018849206349206282,-0.00591715976331364,0.01298701298701288,0.033264033264033266,16.490751576292634,15.34926389327339,14.301148687369134,12.592945790921451,0.050980392156862786,1,3.0
2025-04-28,10300.0,10440.0,10240.0,10300.0,668281578610,64883499,1642,10200.0,10290.0,63.27817056445491,74.79556638649252,87.28813559322033,89.82068287889952,-12.711864406779661,6.191950464396285,9.46808510638298,116.08493477409496,0.01263760179120637,17.670377557003906,32.562930618061806,18.574024128059648,13.988906490002158,133.6724600819554,1.03437876960193,1.0631812780906131,1.040150412421155,1.032974742709359,1.0466378922996065,1.0055798156234839,0.9200548275197135,15.041197946391433,0.02417152412778904,0.019436345966958212,0.01698379227528436,0.01660776571990683,0.010278575831183702,0.6051991018602827,2.054909405995099,1.6381230285641541,0.07215352147818344,82.61100247794677,406992435.20706457,2.370226729535381,0.9338300110899423,0.05,0.7,0.25,0.004878048780487805,0.0039024390243902474,0.0019474196689386325,0.02083333333333326,0.027972027972027913,0.0619195046439629,0.09468085106382973,-0.04518220013441206,-0.15238879736408567,0.12091503267973856,1,0,62.47003703998117,63.114912903566406,59.41952149624458,58.703228138963446,122.06434793546936,125.68706977612956,119.58158590274333,106.84233065435899,1.0805737368725632,1.327274190773428,0.7667299861891165,2.641242985209992,-0.0019474196689386325,0.018849206349206282,-0.00591715976331364,0.007042253521126751,16.925347554909546,16.490751576292634,15.34926389327339,13.478680626116546,0.05728155339805818,1,3.0
2025-04-29,10300.0,10600.0,10300.0,10580.0,632069751170,59732908,1338,10300.0,10600.0,68.8723643648135,82.48354704946073,100.0,92.42937853107344,-0.0,12.646121147715197,13.49036402569593,125.90803205087718,0.01616424789820897,18.819802983872375,34.22882868988585,16.949747200313926,17.279081489571926,142.94774226281044,1.0529452667130228,1.0881281116871118,1.072548821208135,1.0537042359744155,1.0719622578457086,1.0186178285945564,1.0280299154053707,16.68998462321127,0.023877525489045415,0.02830188679245283,0.017681032531120914,0.012826428735682733,0.015097033597650786,0.8538547492109437,1.7510022277538524,1.3956347371654267,0.08164266147475852,86.42603133075076,472398917.16741407,2.4755870778356095,0.7522136331693605,1.0,0.0,0.0,0.0009718172983479105,0.030126336248785135,0.034146341463414664,0.03213242453748788,0.04536489151873768,0.12646121147715195,0.13490364025695922,1.336520722563487,-0.12685337726523888,0.15468409586056645,2,0,63.27817056445491,62.47003703998117,63.114912903566406,61.21798499541782,116.08493477409496,122.06434793546936,125.68706977612956,120.30469454508703,2.054909405995099,1.0805737368725632,1.327274190773428,1.6321135062348433,0.0039024390243902474,-0.0019474196689386325,0.018849206349206282,0.01298701298701288,17.670377557003906,16.925347554909546,16.490751576292634,14.301148687369134,0.03875236294896034,0,3.0
2025-04-30,10890.0,10890.0,10730.0,10880.0,992866279550,91226423,2050,10580.0,10890.0,73.01400672390702,86.85842431785981,100.0,95.76271186440677,-0.0,14.994720168954592,14.994720168954592,143.55757058367362,0.020650133966917346,20.58196468589401,39.55410187958158,15.57738249188624,23.97671938769534,171.25716608496973,1.0667058477813693,1.1098089171974523,1.102360610600478,1.0689591731589576,1.0930881654289435,1.0334251123618254,1.071152476948009,19.225849773815817,0.02348368760586684,0.014692378328741965,0.0182250485978738,0.013493593794725842,0.014182401477255633,0.7781818194388905,2.449649038235126,1.6032203860500094,0.16720904629679967,89.81482408697556,484325014.41463417,2.336884010614826,1.1427297304830124,0.0,0.0,1.0,0.027358490566037737,0.027358490566037785,0.058309037900874605,0.06243902439024396,0.0803571428571428,0.149947201689546,0.149947201689546,1.107883336068835,-0.10296540362438221,0.18627450980392157,3,0,68.8723643648135,63.27817056445491,62.47003703998117,59.41952149624458,125.90803205087718,116.08493477409496,122.06434793546936,119.58158590274333,1.7510022277538524,2.054909405995099,1.0805737368725632,0.7667299861891165,0.030126336248785135,0.0039024390243902474,-0.0019474196689386325,-0.00591715976331364,18.819802983872375,17.670377557003906,16.925347554909546,15.34926389327339,0.02941176470588225,0,2.0
2025-05-03,10560.0,10600.0,10560.0,10560.0,581811062530,55095431,1164,10880.0,10560.0,62.77791897688588,65.22981539212564,78.98089171974522,92.99363057324841,-21.019108280254777,9.771309771309772,12.460063897763577,125.29320458898509,0.022532092239799968,21.348637146099044,35.9837324869318,18.821321918229785,17.162410568702015,112.1650589496248,1.0249441910123265,1.0698004254888056,1.0696920583468394,1.0307677725110203,1.0552769538903857,1.043658833063209,0.8530565674719316,19.77032348912609,0.024719870497582314,0.003787878787878788,0.01979793676651542,0.019433765496285497,0.02461497234054372,1.2433099787537172,1.3925727944198565,0.9116768940034868,0.09485520753870924,81.95531118416656,499837682.5859107,2.1870904121335717,0.6476741598041398,0.0,1.0,0.0,-0.030303030303030304,-0.030303030303030276,-0.0037735849056603765,0.026239067055393583,0.028237585199610615,0.09771309771309777,0.12460063897763574,-1.8374403669399495,-0.1301482701812191,0.1503267973856209,0,1,73.01400672390702,68.8723643648135,63.27817056445491,63.114912903566406,143.55757058367362,125.90803205087718,116.08493477409496,125.68706977612956,2.449649038235126,1.7510022277538524,2.054909405995099,1.327274190773428,0.027358490566037785,0.030126336248785135,0.0039024390243902474,0.018849206349206282,20.58196468589401,18.819802983872375,17.670377557003906,16.490751576292634,0.032196969696969724,0,3.0
2025-05-04,10430.0,10840.0,10430.0,10720.0,296311092890,27653642,1785,10560.0,10800.0,66.46060755698704,71.29470323591505,94.26751592356688,91.0828025477707,-5.732484076433121,8.651911468812877,16.129032258064516,121.5666470688945,0.024500370212909326,22.621106236468627,38.414029559288686,16.793134894560115,21.62089466472857,117.5452399685287,1.03956107421311,1.0858636637844359,1.0937594944400557,1.0454775531742457,1.072961006327942,1.0521358692349758,0.9193099291107385,20.477374329421043,0.025155713107857806,0.03796296296296296,0.019771204714169953,0.018254173069851817,0.025134533310838217,1.271269691159709,0.6822718785628167,0.4630675132540349,0.14120625523525487,81.71329545546892,166000612.26330534,0.7131379141664587,0.9707417881226887,0.9024390243902439,0.0975609756097561,0.0,-0.01231060606060606,0.022727272727272707,-0.008264462809917328,0.018867924528301883,0.0536585365853659,0.08651911468812878,0.16129032258064524,0.76055952014928,-0.11037891268533773,0.17647058823529413,1,0,62.77791897688588,73.01400672390702,68.8723643648135,62.47003703998117,125.29320458898509,143.55757058367362,125.90803205087718,122.06434793546936,1.3925727944198565,2.449649038235126,1.7510022277538524,1.0805737368725632,-0.030303030303030276,0.027358490566037785,0.030126336248785135,-0.0019474196689386325,21.348637146099044,20.58196468589401,18.819802983872375,16.925347554909546,0.019589552238805874,0,2.0
2025-05-05,10840.0,11030.0,10810.0,10890.0,295360551890,27129987,1594,10720.0,10890.0,67.74921485898462,73.32995257676959,91.81286549707602,88.3537577134627,-8.187134502923977,8.791208791208792,18.112798264642084,117.29773400785538,0.02659867022409049,24.188416138667183,41.11528511162815,15.76670901819358,25.348576093434566,137.31961431437253,1.0394196812064522,1.0857968991475149,1.101959038290294,1.045473852563576,1.075378199927859,1.0601675706306162,0.9136371061421177,20.74207025276806,0.02467442030921708,0.020202020202020204,0.019395802787374822,0.018247418869287067,0.02490930883202314,1.2842628431052716,0.6537261516947082,0.5200535645076878,0.10767387497725922,85.22651683902325,185295201.93851945,0.7789114824903808,0.8499746713946731,0.22727272727272727,0.6363636363636364,0.13636363636363635,0.003703703703703704,0.008333333333333304,0.03125,0.0,0.058309037900874605,0.08791208791208782,0.18112798264642072,-0.01049379701045386,-0.10296540362438221,0.18627450980392157,2,0,66.46060755698704,62.77791897688588,73.01400672390702,63.27817056445491,121.5666470688945,125.29320458898509,143.55757058367362,116.08493477409496,0.6822718785628167,1.3925727944198565,2.449649038235126,2.054909405995099,0.022727272727272707,-0.030303030303030276,0.027358490566037785,0.0039024390243902474,22.621106236468627,21.348637146099044,20.58196468589401,17.670377557003906,0.03305785123966931,0,3.0
2025-05-06,11050.0,11100.0,10900.0,10990.0,336659587980,30625112,1609,10890.0,11050.0,69.95896156079041,76.74911225941916,96.85534591194968,94.31190911086419,-3.1446540880503147,8.974358974358974,16.19348054679285,117.11255768216603,0.02884637844662422,25.778489073541827,40.67410715890679,14.872855573200367,25.801251585706424,138.19051214294694,1.0456093868281604,1.0933557611438183,1.1162292664201872,1.0509979229491613,1.083857763159959,1.0675394468351618,0.9284158041468273,21.790923733481897,0.023937670867329428,0.01809954751131222,0.018703256472362473,0.01830074465235252,0.022924263433678514,1.2256829963035238,0.7371407834182523,0.660791295167563,0.0833124550770068,87.47262761069834,209235293.95898074,0.889859344767399,0.8457959891712882,0.0,0.25,0.75,0.014692378328741965,0.01469237832874204,0.02314814814814814,0.04640151515151514,0.04245283018867929,0.08974358974358965,0.1619348054679286,0.37392197368403074,-0.08978583196046129,0.2037037037037037,3,0,67.74921485898462,66.46060755698704,62.77791897688588,68.8723643648135,117.29773400785538,121.5666470688945,125.29320458898509,125.90803205087718,0.6537261516947082,0.6822718785628167,1.3925727944198565,1.7510022277538524,0.008333333333333304,0.022727272727272707,-0.030303030303030276,0.030126336248785135,24.188416138667183,22.621106236468627,21.348637146099044,18.819802983872375,0.020928116469517644,0,2.0
2025-05-07,11150.0,11270.0,11150.0,11200.0,254033964100,22680090,1812,10990.0,11240.0,72.37919284189624,80.25592650971667,97.81021897810218,95.49281012904264,-2.18978102189781,11.507936507936508,20.86021505376344,121.14430238218415,0.03141194858814607,27.56751876727023,42.87425797757082,13.978763794234855,28.895494183335966,149.16485112563544,1.0520404342942717,1.1015827902190425,1.1333615665396173,1.0578288293915374,1.094186983046593,1.0772984854901486,0.9542260260032704,22.363929938772614,0.023250167895855822,0.010676156583629894,0.017430406963040282,0.017687213175936745,0.02122871431800367,1.21791271787385,0.5406585499662456,0.6949227125836437,0.03418777467927425,86.1462629862852,140195344.42604858,0.5899297719539631,0.9453502021651232,0.75,0.25,0.0,0.00904977375565611,0.017194570135746545,0.032139577594123114,0.040740740740740744,0.032139577594123114,0.11507936507936511,0.2086021505376343,0.4321138883492592,-0.07413509060955518,0.22440087145969498,4,0,69.95896156079041,67.74921485898462,66.46060755698704,73.01400672390702,117.11255768216603,117.29773400785538,121.5666470688945,143.55757058367362,0.7371407834182523,0.6537261516947082,0.6822718785628167,2.449649038235126,0.01469237832874204,0.008333333333333304,0.022727272727272707,0.027358490566037785,25.778489073541827,24.188416138667183,22.621106236468627,20.58196468589401,0.008035714285714368,0,2.0
2025-05-10,10960.0,10990.0,10870.0,10900.0,227474424580,20878243,1511,11200.0,10870.0,61.9177847201235,59.77366097357856,69.6969696969697,88.12084486234052,-30.303030303030305,5.8422590068159685,17.007534983853606,91.59377665847222,0.031869201524532466,27.865054389702095,38.66444110458275,20.036774192586808,18.62766691199594,93.88391596370398,1.0117274758004469,1.0571359105275955,1.0949934522010678,1.0193988507321186,1.0536285311527938,1.0823007958094086,0.7682950496202754,21.29592424774937,0.024755648133410784,0.011039558417663294,0.019761320181268808,0.02217208266833155,0.02236483916671724,1.131748231472725,0.4922523440804781,0.8094408267338065,0.05833588390845401,82.11723193228757,150545615.2084712,0.6257791094558334,0.7814035269173087,0.75,0.25,0.0,-0.02491103202846975,-0.032918149466192204,-0.01628959276018105,-0.0018365472910927272,0.029356060606060552,0.05842259006815964,0.17007534983853612,-2.074186049575372,-0.10461285008237232,0.1840958605664488,0,1,72.37919284189624,69.95896156079041,67.74921485898462,62.77791897688588,121.14430238218415,117.11255768216603,117.29773400785538,125.29320458898509,0.5406585499662456,0.7371407834182523,0.6537261516947082,1.3925727944198565,0.017194570135746545,0.01469237832874204,0.008333333333333304,-0.030303030303030276,27.56751876727023,25.778489073541827,24.188416138667183,21.348637146099044,0.04220183486238538,0,3.0
2025-05-11,10680.0,11090.0,10650.0,10930.0,345446572080,31605353,2247,10900.0,10720.0,58.24250280814133,53.33560921271612,58.01526717557252,75.17415195021479,-41.98473282442748,4.585365853658536,11.899791231732777,56.37474711358527,0.030344484869885946,27.231002053005586,34.345546070139825,23.383726158231298,10.961819911908528,72.46918192005978,0.9934204429617274,1.0368006189854442,1.079078756643582,1.0045077487725003,1.0360890593247871,1.0862256401997101,0.6793424012744649,20.519753680070693,0.02624080915333341,0.041044776119402986,0.019548763259037205,0.022942547710394754,0.021485750948645018,1.099084922352434,0.7428590573763038,1.188897152498046,0.01835747976365587,75.38831192229381,153736792.20293725,0.6572455657465494,1.1247935125394204,0.09090909090909091,0.8409090909090909,0.06818181818181818,-0.017479300827966882,-0.013799448022079108,-0.0462633451957295,-0.029864253393665163,-0.007407407407407418,0.04585365853658541,0.1189979123173277,-1.0036012228513724,-0.11696869851729819,0.16775599128540306,0,2,61.9177847201235,72.37919284189624,69.95896156079041,66.46060755698704,91.59377665847222,121.14430238218415,117.11255768216603,121.5666470688945,0.4922523440804781,0.5406585499662456,0.7371407834182523,0.6822718785628167,-0.032918149466192204,0.017194570135746545,0.01469237832874204,0.022727272727272707,27.865054389702095,27.56751876727023,25.778489073541827,22.621106236468627,0.04574565416285448,0,3.0
2025-05-12,11250.0,11250.0,11200.0,11250.0,513049064020,45615961,1744,10930.0,11250.0,65.9362367945921,67.68378061202117,98.41269841269842,75.37497842841354,-1.5873015873015872,9.329446064139942,16.09907120743034,62.71657086008668,0.030872341712595598,27.049821743756805,33.81944729160058,20.424249637122028,13.395197654478554,119.29314935850893,1.0333425186001652,1.079913606911447,1.1300853842290306,1.045458078298478,1.0803264116379003,1.0936212958312406,0.8827944287398849,20.876376695061488,0.026583613737197097,0.0044444444444444444,0.02183620734486774,0.02693216059728729,0.03158451401450958,1.4464285631512392,1.0652330952788545,1.5064242795697063,0.02996441995547694,75.67441246145758,294179509.1857798,1.220226363577773,0.8916839225912008,0.0,0.0,1.0,0.049440298507462684,0.04944029850746268,0.034958601655933785,0.000889679715302405,0.03305785123966931,0.09329446064139946,0.1609907120743035,1.9107110025147063,-0.07331136738056013,0.22549019607843138,1,0,58.24250280814133,61.9177847201235,72.37919284189624,67.74921485898462,56.37474711358527,91.59377665847222,121.14430238218415,117.29773400785538,0.7428590573763038,0.4922523440804781,0.5406585499662456,0.6537261516947082,-0.013799448022079108,-0.032918149466192204,0.017194570135746545,0.008333333333333304,27.231002053005586,27.865054389702095,27.56751876727023,24.188416138667183,0.01866666666666661,0,2.0
2025-05-13,11290.0,11310.0,11150.0,11220.0,536963218640,47872278,3047,11250.0,11150.0,63.55680333012537,63.3931214903984,87.6923076923077,81.37342442685954,-12.307692307692308,5.188679245283019,18.49096705632306,54.42741144556692,0.03162614688014103,27.030357733828026,33.96490317500652,19.61708084774669,14.34782232725983,106.11138306284597,1.0190093218789984,1.061449854824123,1.1184223724597269,1.0304319342052766,1.0651434595104272,1.097558529099043,0.8140074321066837,19.56955426559632,0.02593115636812989,0.014349775784753363,0.020487224942567994,0.026398227305141072,0.03189323200637773,1.556737532573801,1.08850897925902,1.4192627211340754,-0.020286122261934714,68.5042619999765,176226852.19560224,0.722912543464134,1.513886818701247,0.875,0.125,0.0,0.0035555555555555557,-0.008888888888888835,0.04011194029850751,0.02575896964121438,0.009049773755656076,0.05188679245283012,0.1849096705632307,-0.8594062795681571,-0.0815485996705107,0.21459694989106753,0,1,65.9362367945921,58.24250280814133,61.9177847201235,69.95896156079041,62.71657086008668,56.37474711358527,91.59377665847222,117.11255768216603,1.0652330952788545,0.7428590573763038,0.4922523440804781,0.7371407834182523,0.04944029850746268,-0.013799448022079108,-0.032918149466192204,0.01469237832874204,27.049821743756805,27.231002053005586,27.865054389702095,25.778489073541827,-0.0035650623885917776,0,1.0
2025-05-14,11110.0,11340.0,11020.0,11290.0,407491352240,36078738,4284,11220.0,11260.0,65.05084746222977,66.1471833301128,93.98496240601504,93.36332283700705,-6.015037593984962,3.3976124885215793,18.90179514255544,50.6800249901508,0.03210960546231741,26.463299135635943,31.300588975185356,21.265008327994323,10.035580647191033,98.9221556886225,1.0255943164222607,1.0628657730791014,1.1281660788714332,1.0341386185042207,1.069657431080881,1.100012023084322,0.8463237857552576,18.152311699297428,0.025873643209594187,0.028419182948490232,0.02048108947196969,0.025338576899919866,0.03119284921417895,1.5230073213082398,0.8001588637039749,0.9908987762427971,-0.011640955652151397,68.60495119999698,95119363.26797386,0.3917307414976927,1.9748761092543505,0.46875,0.25,0.28125,-0.003587443946188341,0.009865470852017832,0.000888888888888939,0.050373134328358216,0.001779359430605032,0.03397612488521573,0.18901795142555433,0.047509494546289714,-0.07248764415156507,0.22657952069716775,1,0,63.55680333012537,65.9362367945921,58.24250280814133,72.37919284189624,54.42741144556692,62.71657086008668,56.37474711358527,121.14430238218415,1.08850897925902,1.0652330952788545,0.7428590573763038,0.5406585499662456,-0.008888888888888835,0.04944029850746268,-0.013799448022079108,0.017194570135746545,27.030357733828026,27.049821743756805,27.231002053005586,27.56751876727023,-0.03897254207263068,0,0.0
2025-05-17,11270.0,11470.0,11250.0,11360.0,353110775070,31077914,2009,11290.0,11250.0,64.79080018959249,65.623552951648,82.11382113821138,87.93036374551137,-17.88617886178862,6.534090909090909,16.943866943866944,42.20214834040746,0.03232238381698246,26.290930000124295,32.82600486476207,20.09776802775934,12.72823683700273,109.133548306043,1.0182838522809559,1.053814809610791,1.1252250450090018,1.0279664694295239,1.063295885997123,1.1050210042008402,0.8223057321772529,16.696820514875444,0.025443707257272363,0.019555555555555555,0.020523967717790262,0.02251067020642418,0.025281314328159863,1.2317946839414444,0.7444333829501064,0.8082672186361439,-0.01824114535137855,73.72338154549051,175764447.5211548,0.7616902775209894,0.9316885405555813,0.09090909090909091,0.9090909090909091,0.0,0.0008880994671403197,-0.000888099467140302,0.008968609865470878,0.0,0.034958601655933785,0.06534090909090917,0.16943866943866936,-0.43579022357683317,-0.07331136738056013,0.22549019607843138,0,1,65.05084746222977,63.55680333012537,65.9362367945921,61.9177847201235,50.6800249901508,54.42741144556692,62.71657086008668,91.59377665847222,0.8001588637039749,1.08850897925902,1.0652330952788545,0.4922523440804781,0.009865470852017832,-0.008888888888888835,0.04944029850746268,-0.032918149466192204,26.463299135635943,27.030357733828026,27.049821743756805,27.865054389702095,-0.022007042253521125,0,1.0
2025-05-18,11380.0,11470.0,11380.0,11430.0,158461770000,13862618,1165,11360.0,11430.0,67.32300399971169,70.52366737852407,96.58119658119658,90.89332670847433,-3.4188034188034186,5.833333333333333,14.989939637826962,43.2328852773627,0.032849149273608796,26.130872945720622,30.993878891475845,18.976046302546703,12.017832588929142,116.46465944294532,1.028710287102871,1.0632558139534884,1.140581966231589,1.0373259750491401,1.0739200985957174,1.1087494511635332,0.885528168530799,16.407572550288243,0.024629060032346477,0.007874015748031496,0.019756668659215923,0.022070576959247593,0.02246479173073901,1.1370738720295248,0.3437426921592111,0.3971925930132898,0.01071027670369129,71.45147724314211,136018686.69527897,0.6052810240289127,0.5462303075768942,0.5555555555555556,0.4444444444444444,0.0,0.011555555555555555,0.016000000000000014,0.015097690941385356,0.02511210762331828,0.06623134328358216,0.05833333333333335,0.14989939637826954,0.44578146254501094,-0.05848434925864909,0.24509803921568626,1,0,64.79080018959249,65.05084746222977,63.55680333012537,58.24250280814133,42.20214834040746,50.6800249901508,54.42741144556692,56.37474711358527,0.7444333829501064,0.8001588637039749,1.08850897925902,0.7428590573763038,-0.000888099467140302,0.009865470852017832,-0.008888888888888835,-0.013799448022079108,26.290930000124295,26.463299135635943,27.030357733828026,27.231002053005586,-0.025371828521434825,0,1.0
2025-05-19,11490.0,11660.0,11320.0,11460.0,255087210470,22263904,2003,11430.0,11330.0,64.54570872713632,64.55912468940048,73.17073170731707,83.95524980890833,-26.829268292682926,4.040404040404041,13.186813186813188,32.20192170494852,0.032876018804163416,26.492777258847955,33.109311783248295,17.363149006230252,15.746162777018043,110.21409983439774,1.0156880322725235,1.0475221893491125,1.1281264935478732,1.0238008313917777,1.0594606839320202,1.1107017683606817,0.8032786718655587,15.669479510968937,0.025215181126001535,0.03000882612533098,0.020075963429071142,0.022518115821268374,0.01116801312840635,0.5562877800541532,0.5847835793554779,0.7364571937504445,-0.032121862724320493,69.53237447869398,127352576.37044433,0.5688042283465049,1.003406472297365,0.47058823529411764,0.5,0.029411764705882353,0.005249343832020997,-0.008748906386701671,0.007111111111111068,0.006216696269982336,0.007111111111111068,0.04040404040404044,0.13186813186813184,-0.7547429439648496,-0.06672158154859967,0.23420479302832245,0,1,67.32300399971169,64.79080018959249,65.05084746222977,65.9362367945921,43.2328852773627,42.20214834040746,50.6800249901508,62.71657086008668,0.3437426921592111,0.7444333829501064,0.8001588637039749,1.0652330952788545,0.016000000000000014,-0.000888099467140302,0.009865470852017832,0.04944029850746268,26.130872945720622,26.290930000124295,26.463299135635943,27.049821743756805,-0.01919720767888311,0,1.0
2025-05-20,11360.0,11380.0,11120.0,11180.0,210488223100,18826076,1242,11460.0,11120.0,59.03773066100888,53.47800713732863,56.09756097560975,75.28316308804112,-43.90243902439025,0.6334841628959276,9.664694280078894,7.095841552211823,0.03139866666245394,25.92547739380776,30.943365675452085,21.259442438623097,9.683923236828988,63.71037862619567,0.9962372334707041,1.023469857340083,1.1052359559495883,1.0040795144309183,1.0367653651769748,1.1094104083011966,0.6599282089009482,14.675245537589266,0.02552636194789804,0.023381294964028777,0.020757657045246247,0.023237019043232145,0.0139026693290335,0.6697610090931423,0.5112372048867415,0.7708701838722292,-0.014355240761215082,60.13211762083536,169475219.8872786,0.7597270883428227,0.6404702970297029,0.9230769230769231,0.07692307692307693,0.0,0.00264783759929391,-0.01853486319505737,-0.027121609798775204,-0.011555555555555541,-0.0026905829596413078,0.0063348416289592535,0.096646942800789,-1.1254668428964236,-0.08401976935749589,0.2113289760348584,0,2,64.54570872713632,67.32300399971169,64.79080018959249,63.55680333012537,32.20192170494852,43.2328852773627,42.20214834040746,54.42741144556692,0.5847835793554779,0.3437426921592111,0.7444333829501064,1.08850897925902,-0.008748906386701671,0.016000000000000014,-0.000888099467140302,-0.008888888888888835,26.492777258847955,26.130872945720622,26.290930000124295,27.030357733828026,0.019677996422182487,0,2.0
2025-05-21,10850.0,10890.0,10850.0,10850.0,255848951900,23576379,1489,11180.0,10860.0,53.00666513768727,42.8534161564343,34.959349593495936,54.74254742547425,-65.04065040650407,-3.3807829181494666,7.738095238095238,-28.723202834433323,0.028190914198087873,24.35783456706826,28.833884079931295,26.627370373125103,2.2065137068061915,-8.791680068618383,0.9762675296655879,0.995964783565664,1.0773809523809523,0.9835378884553932,1.01158596272401,1.1035714285714286,0.46908013499552953,13.050562910777922,0.0260463751853995,0.003683241252302026,0.021584294996413313,0.023609799107622613,0.01557845224352519,0.7217494129928208,0.6377582008327505,1.0754971145016785,-0.051679882838443714,64.55350547028219,171826025.45332438,0.7595460425233481,0.7766737083691938,0.25,0.75,0.0,-0.024280575539568347,-0.023381294964028743,-0.04148278905560454,-0.04986876640419946,-0.035523978685612745,-0.03380782918149461,0.07738095238095233,-1.2664430204515806,-0.10543657331136738,0.1830065359477124,0,3,59.03773066100888,64.54570872713632,67.32300399971169,65.05084746222977,7.095841552211823,32.20192170494852,43.2328852773627,50.6800249901508,0.5112372048867415,0.5847835793554779,0.3437426921592111,0.8001588637039749,-0.01853486319505737,-0.008748906386701671,0.016000000000000014,0.009865470852017832,25.92547739380776,26.492777258847955,26.130872945720622,26.463299135635943,0.07926267281105992,1,4.0
2025-05-24,10910.0,11170.0,10910.0,11110.0,219276881080,19740747,1583,10850.0,11090.0,57.17446066200123,52.57701752955717,43.56435643564357,44.87375566824975,-56.43564356435643,2.02391904323827,7.98442064264849,-38.0431109033525,0.025908263516364025,23.73005460795998,33.61401170375144,24.55736017970299,9.056651524048448,25.443210598090932,0.9949757760631617,1.0132480584741892,1.0976720247050438,1.0036934170339131,1.0304902372858153,1.1032148230263679,0.6110714969517508,11.92750510956385,0.025680969011172883,0.023444544634806132,0.02167499618447202,0.022195409743355876,0.0202171177470444,0.9327391605968519,0.5470985089721412,1.004416528126201,-0.01999776830708122,63.924801089363314,138519823.8029059,0.6126681868732663,0.8509608923531783,0.6923076923076923,0.3076923076923077,0.0,0.004604051565377533,0.02117863720073654,-0.0026978417266186883,-0.02118270079435125,-0.014222222222222247,0.020239190432382648,0.07984420642648482,0.7893049081535464,-0.08649093904448106,0.20806100217864923,1,0,53.00666513768727,59.03773066100888,64.54570872713632,64.79080018959249,-28.723202834433323,7.095841552211823,32.20192170494852,42.20214834040746,0.6377582008327505,0.5112372048867415,0.5847835793554779,0.7444333829501064,-0.023381294964028743,-0.01853486319505737,-0.008748906386701671,-0.000888099467140302,24.35783456706826,25.92547739380776,26.492777258847955,26.290930000124295,0.05940594059405946,1,3.0
2025-05-25,11160.0,11240.0,11020.0,11140.0,195061112820,17516204,1297,11110.0,11040.0,56.01147594714227,50.401947962231596,38.613861386138616,39.04585580509271,-61.386138613861384,2.9850746268656714,7.7073170731707314,-48.04754664437644,0.02403136956470643,23.336935679551654,33.513297829793636,23.180132359991966,10.33316546980167,28.453663076718513,0.9876543209876543,1.0050525740816605,1.089961298475634,0.9992960780862545,1.0238840949269046,1.1035858147065793,0.5486752972759518,10.380160706602952,0.025378010496511352,0.019927536231884056,0.02171994057865803,0.021637583141057955,0.017352949288985918,0.7989409191126835,0.49484890564553374,0.8592835142422278,-0.03984327970283319,63.064665154675,150394073.1071704,0.6679076006060657,0.7084528198825618,0.5454545454545454,0.36363636363636365,0.09090909090909091,0.0063119927862939585,-0.0045085662759242195,0.016574585635359185,-0.007194244604316502,-0.034120734908136496,0.029850746268656803,0.07707317073170739,-0.38908786343560375,-0.09060955518945635,0.20261437908496732,0,1,57.17446066200123,53.00666513768727,59.03773066100888,67.32300399971169,-38.0431109033525,-28.723202834433323,7.095841552211823,43.2328852773627,0.5470985089721412,0.6377582008327505,0.5112372048867415,0.3437426921592111,0.02117863720073654,-0.023381294964028743,-0.01853486319505737,0.016000000000000014,23.73005460795998,24.35783456706826,25.92547739380776,26.130872945720622,0.050269299820466795,1,3.0
2025-05-26,11120.0,11290.0,11120.0,11240.0,247031330440,21986284,1184,11140.0,11290.0,60.35385366648779,60.04411683932673,63.366336633663366,48.51485148514851,-36.633663366336634,0.35555555555555557,9.718172983479107,-38.70177279256143,0.02347003105828465,23.109972875347413,32.6454185375232,21.691409390905132,10.954009146618066,58.42516930304633,1.009658379538544,1.0231546513208574,1.1108050138727643,1.018489611315855,1.0434317868113294,1.1001790668844331,0.7622926817101856,8.827791599020486,0.02462515542489756,0.015057573073516387,0.022118793496671806,0.01625938149687955,0.021624797618506646,0.9776662376164644,0.6611975853181219,1.0815158025883833,-0.011775112950527133,62.26371393680521,208641326.38513514,0.9692777850948937,0.6549215919462346,1.0,0.0,0.0,0.007246376811594203,0.02264492753623193,0.0180342651036971,0.03959484346224684,-0.003530450132391838,0.003555555555555534,0.09718172983479101,0.8031814264886954,-0.0700164744645799,0.2298474945533769,1,0,56.01147594714227,57.17446066200123,53.00666513768727,64.54570872713632,-48.04754664437644,-38.0431109033525,-28.723202834433323,32.20192170494852,0.49484890564553374,0.5470985089721412,0.6377582008327505,0.5847835793554779,-0.0045085662759242195,0.02117863720073654,-0.023381294964028743,-0.008748906386701671,23.336935679551654,23.73005460795998,24.35783456706826,26.492777258847955,0.052491103202847,1,3.0
2025-05-27,11300.0,11450.0,11300.0,11400.0,160413982690,14066950,1051,11240.0,11400.0,62.12548225118854,63.669705259253504,74.25742574257426,58.74587458745874,-25.742574257425744,2.242152466367713,7.547169811320755,-26.56384711799626,0.023725755661675417,23.32880910319787,35.5005030133141,20.77193509731903,14.728567915995072,97.1145564168824,1.0172213794949585,1.0293918461330083,1.1172089376715013,1.0239370452622152,1.049431600912866,1.0982947863582908,0.8471585779667238,8.466403539602458,0.023648083093434934,0.013157894736842105,0.02135053174536313,0.01613433616924651,0.019309377373596847,0.9043979608512758,0.45422802922906247,0.7259494722095832,0.009633339729065993,61.39001048451784,152629859.8382493,0.7659605043195985,0.5860050181209925,0.6666666666666666,0.3333333333333333,0.0,0.0008857395925597874,0.009743135518157642,0.032608695652173836,0.027953110910730494,0.02517985611510798,0.022421524663677195,0.07547169811320753,0.2755328158325816,-0.060955518945634266,0.24183006535947713,2,0,60.35385366648779,56.01147594714227,57.17446066200123,59.03773066100888,-38.70177279256143,-48.04754664437644,-38.0431109033525,7.095841552211823,0.6611975853181219,0.49484890564553374,0.5470985089721412,0.5112372048867415,0.02264492753623193,-0.0045085662759242195,0.02117863720073654,-0.01853486319505737,23.109972875347413,23.336935679551654,23.73005460795998,25.92547739380776,0.03157894736842115,0,3.0
2025-05-28,11310.0,11740.0,11310.0,11710.0,741328238100,63327952,2866,11400.0,11740.0,67.02965840498337,72.62663203041896,100.0,79.20792079207921,-0.0,4.262877442273535,7.80532598714417,1.4264621642266206,0.025453197561020383,24.207981258914707,38.990950714113545,18.502045559562344,20.4889051545512,148.10205351586757,1.0430919591292758,1.0560402986417199,1.1452541215491172,1.0457115677880293,1.0743060530698636,1.0979416642278803,1.074176233983312,9.76012160115785,0.023939193930682993,0.036626916524701875,0.021499978497952175,0.018263202536221997,0.013431230520084214,0.6247090210515098,2.141339239472976,2.317360050071526,0.06762357724571655,70.63149138127974,258663027.9483601,1.37599257034659,1.5624488905849643,1.0,0.0,0.0,-0.007894736842105263,0.029824561403508865,0.039858281665190454,0.06340579710144922,0.08103130755064458,0.04262877442273538,0.07805325987144163,1.201903270613121,-0.032948929159802305,0.2788671023965142,3,0,62.12548225118854,60.35385366648779,56.01147594714227,53.00666513768727,-26.56384711799626,-38.70177279256143,-48.04754664437644,-28.723202834433323,0.45422802922906247,0.6611975853181219,0.49484890564553374,0.6377582008327505,0.009743135518157642,0.02264492753623193,-0.0045085662759242195,-0.023381294964028743,23.32880910319787,23.109972875347413,23.336935679551654,24.35783456706826,-0.02305721605465416,0,1.0
2025-05-31,12030.0,12030.0,11620.0,11770.0,497186606200,42249538,2313,11710.0,11700.0,65.9477642268048,70.24945817477712,72.03389830508475,82.09710801588632,-27.966101694915253,4.0,10.795454545454545,13.631476669126755,0.026874651541757364,25.582020681779625,42.19322630074435,16.635402948006174,25.557823352738176,193.06401624452332,1.0353982300884956,1.047073563629855,1.1358561637186182,1.0354344844220582,1.0650721852423017,1.0970234743607168,0.9907058032749804,9.593031774983118,0.024808301451165072,0.03504273504273504,0.020033668594311452,0.018360332912418897,0.015325885231488796,0.7650064270225859,1.4603200016065423,1.3273752290085046,0.026024097815882108,78.81660794240914,214953137.13791612,1.237221252745385,1.2226774150918462,0.8048780487804879,0.0,0.1951219512195122,0.024701873935264053,-0.0034071550255536653,0.026315789473684292,0.03631532329495135,0.055004508566276034,0.040000000000000036,0.10795454545454541,-0.43604673188096643,-0.036243822075782535,0.27450980392156865,0,1,67.02965840498337,62.12548225118854,60.35385366648779,57.17446066200123,1.4264621642266206,-26.56384711799626,-38.70177279256143,-38.0431109033525,2.141339239472976,0.45422802922906247,0.6611975853181219,0.5470985089721412,0.029824561403508865,0.009743135518157642,0.02264492753623193,0.02117863720073654,24.207981258914707,23.32880910319787,23.109972875347413,23.73005460795998,-0.021240441801189447,0,1.0
2025-06-01,11630.0,11790.0,11620.0,11700.0,214020443210,18295812,1285,11770.0,11710.0,66.09509889576087,70.53079094229389,72.88135593220339,81.63841807909604,-27.11864406779661,2.4496937882764653,8.425925925925926,18.46258148959464,0.027658426407466078,26.857914431582763,40.37437582109506,15.918289958933652,24.456085862161405,155.47548859045716,1.0337217514124293,1.0437185257810062,1.1318383916489465,1.0305610966945846,1.060797755832517,1.0949159095302532,0.9415809128196329,9.900456408283086,0.024053572347945636,0.014517506404782237,0.01962676082136169,0.017886451420340097,0.014121773356605898,0.719516250548884,0.6427745944173947,0.5720067619047285,0.05012644580847114,72.56833727160539,166552874.09338522,0.9584880358942913,0.6883621266907727,0.47058823529411764,0.47058823529411764,0.058823529411764705,-0.005982905982905983,0.0008547008547008517,-0.0025553662691651935,0.027192982456140324,0.06068840579710155,0.024496937882764636,0.08425925925925926,-0.172220534759553,-0.03542009884678748,0.275599128540305,1,0,65.9477642268048,67.02965840498337,62.12548225118854,56.01147594714227,13.631476669126755,1.4264621642266206,-26.56384711799626,-48.04754664437644,1.4603200016065423,2.141339239472976,0.45422802922906247,0.49484890564553374,-0.0034071550255536653,0.029824561403508865,0.009743135518157642,-0.0045085662759242195,25.582020681779625,24.207981258914707,23.32880910319787,23.336935679551654,-0.002564102564102555,0,1.0
2025-06-02,11650.0,11880.0,11650.0,11830.0,189501532290,16022989,1087,11700.0,11840.0,68.03156009012955,74.22717884938305,83.89830508474576,76.27118644067797,-16.10169491525424,4.501323918799647,8.723599632690542,26.034647778827093,0.028543995056196536,28.211665776304038,40.30086307069356,14.977572320102741,25.323290750590818,153.06730196545587,1.0405132261182881,1.0508564835359901,1.1395792026795513,1.0353119708008467,1.0668391367200487,1.0952087624400855,0.9810379496976083,10.572239376947211,0.023477770985326763,0.019425675675675675,0.019666906472604547,0.01759018395330391,0.012815731051213015,0.6516393958076209,0.5741266506631784,0.5203511206938025,0.04549865389338792,83.34726347007887,174334436.32934684,1.0064440225491738,0.5903117193439774,0.8260869565217391,0.17391304347826086,0.0,-0.005123825789923143,0.01110162254483349,0.011965811965811923,0.008517887563884052,0.04871567759078821,0.04501323918799649,0.08723599632690537,0.34211664120523044,-0.02471169686985173,0.289760348583878,2,0,66.09509889576087,65.9477642268048,67.02965840498337,60.35385366648779,18.46258148959464,13.631476669126755,1.4264621642266206,-38.70177279256143,0.6427745944173947,1.4603200016065423,2.141339239472976,0.6611975853181219,0.0008547008547008517,-0.0034071550255536653,0.029824561403508865,0.02264492753623193,26.857914431582763,25.582020681779625,24.207981258914707,23.109972875347413,-0.018596787827557026,0,1.0
2025-06-03,11870.0,11870.0,11640.0,11760.0,232788922250,19802065,1252,11830.0,11690.0,63.523270974463955,63.50439523673582,71.1864406779661,75.98870056497175,-28.8135593220339,5.125899280575539,5.791855203619909,16.99947129080465,0.028500906142005622,29.416845845398964,37.88948001684582,14.341546488885488,23.547933527960335,118.39056246050184,1.0222105631339629,1.034604832286043,1.12037569484378,1.0187170527349392,1.0491793013357256,1.0960322024151812,0.8184039087947816,10.868218426409642,0.02348587626824817,0.019674935842600515,0.01986199211958672,0.016815508872414554,0.016228399114499657,0.8170579777089011,0.7235665032012332,0.6199833703986283,0.023101776901556903,76.6888208132552,185933643.96964857,1.0806757312525435,0.6865728935318473,0.782608695652174,0.0,0.21739130434782608,0.002533783783783784,-0.01266891891891897,-0.0017079419299743659,-0.0008547008547008517,0.025438596491228038,0.05125899280575541,0.05791855203619911,-0.7891504800572177,-0.03706754530477759,0.27342047930283225,0,1,68.03156009012955,66.09509889576087,65.9477642268048,62.12548225118854,26.034647778827093,18.46258148959464,13.631476669126755,-26.56384711799626,0.5741266506631784,0.6427745944173947,1.4603200016065423,0.45422802922906247,0.01110162254483349,0.0008547008547008517,-0.0034071550255536653,0.009743135518157642,28.211665776304038,26.857914431582763,25.582020681779625,23.32880910319787,-0.021258503401360596,0,1.0
2025-06-07,11590.0,11600.0,11410.0,11440.0,238462356610,20845172,1353,11760.0,11410.0,56.05580308530362,48.30702506482018,47.45762711864407,67.5141242937853,-52.54237288135593,5.064456721915286,1.5124555160142348,-10.30620588282909,0.026581364080254574,29.397849609249757,35.13342886733024,19.273360809996813,15.860068057333425,41.17959004865019,0.992951005134453,1.0090647800132655,1.0892185501269642,0.9951867982209628,1.0222282336920985,1.0969509517536324,0.5833058060530467,10.881330417106037,0.024096335398057306,0.016652059596844872,0.020437555148542584,0.016923695234884878,0.01334338722643495,0.6528856866417545,0.7642436261209731,0.8891809736958508,-0.030283159695006723,69.71597981871302,176247122.40206948,1.013755093838761,0.7514161946017994,0.9473684210526315,0.05263157894736842,0.0,-0.00855431993156544,-0.0239520958083832,-0.036317567567567544,-0.02561912894961571,-0.028109028960817684,0.05064456721915289,0.015124555160142439,-1.2183426064099407,-0.06013179571663921,0.2429193899782135,0,2,63.523270974463955,68.03156009012955,66.09509889576087,67.02965840498337,16.99947129080465,26.034647778827093,18.46258148959464,1.4264621642266206,0.7235665032012332,0.5741266506631784,0.6427745944173947,2.141339239472976,-0.01266891891891897,0.01110162254483349,0.0008547008547008517,0.029824561403508865,29.416845845398964,28.211665776304038,26.857914431582763,24.207981258914707,-0.02360139860139865,0,1.0
2025-06-08,11170.0,11680.0,11170.0,11520.0,251078655800,21799680,1248,11440.0,11550.0,58.671825275146915,54.63931837942588,59.32203389830509,59.32203389830508,-40.67796610169491,4.147880973850315,6.2557497700092,-20.805161478492664,0.02489983707276346,28.36680255826908,30.746495145096247,22.742791130958803,8.003704014137444,33.528836754643386,1.0011268093958567,1.0183838116651236,1.097616603945718,1.0062524587400246,1.0321125784412148,1.0963811913179002,0.6768904107086962,10.39276894178181,0.02525794328753148,0.04415584415584416,0.01893946770125689,0.016201217652674054,0.01563654655416515,0.8256064426313022,0.7978908813813957,1.1264154522162486,0.009905555358175278,64.01519880225004,201184820.3525641,1.1405831706482166,0.6982013482894627,0.7450980392156863,0.2549019607843137,0.0,-0.021034180543382998,0.012269938650306678,-0.0119760479041916,-0.0244932432432432,-0.012820512820512775,0.041478809738503264,0.062557497700092,0.4785079489821788,-0.048599670510708404,0.2581699346405229,1,0,56.05580308530362,63.523270974463955,68.03156009012955,65.9477642268048,-10.30620588282909,16.99947129080465,26.034647778827093,13.631476669126755,0.7642436261209731,0.7235665032012332,0.5741266506631784,1.4603200016065423,-0.0239520958083832,-0.01266891891891897,0.01110162254483349,-0.0034071550255536653,29.397849609249757,29.416845845398964,28.211665776304038,25.582020681779625,-0.05902777777777779,0,0.0
2025-06-09,11670.0,11850.0,11490.0,11670.0,188082161960,16116354,1155,11520.0,11530.0,58.13935332876723,53.546102055877085,57.6271186440678,54.80225988700564,-42.3728813559322,4.438405797101449,7.555970149253731,-30.383024027731153,0.023453555909301534,27.87904430500598,32.17479621207397,20.771190564480722,11.403605647593249,72.87555906340458,0.9951665803556016,1.0130029871727289,1.0913806485811104,1.0038135334106502,1.028016113510532,1.096681369857827,0.6422487848898804,9.14101809923714,0.02572469449029148,0.031222896790980052,0.0185575180746398,0.016058722258241648,0.015541186079190136,0.8374603767961998,0.6070834470812875,0.851939488885595,-0.011986625837244969,63.38307269221609,162841698.66666666,0.9208267593039282,0.6665320137345991,0.3888888888888889,0.5,0.1111111111111111,0.01038961038961039,-0.0017316017316016952,0.010517090271691565,-0.01368691189050475,-0.015371477369769404,0.04438405797101441,0.07555970149253732,-0.2986523752582772,-0.05024711696869852,0.2559912854030501,0,1,58.671825275146915,56.05580308530362,63.523270974463955,66.09509889576087,-20.805161478492664,-10.30620588282909,16.99947129080465,18.46258148959464,0.7978908813813957,0.7642436261209731,0.7235665032012332,0.6427745944173947,0.012269938650306678,-0.0239520958083832,-0.01266891891891897,0.0008547008547008517,28.36680255826908,29.397849609249757,29.416845845398964,26.857914431582763,-0.0985432733504713,0,0.0
2025-06-10,11590.0,11780.0,11560.0,11610.0,144482842270,12446550,785,11670.0,11650.0,60.45813679702415,59.252935545670226,67.79661016949153,61.581920903954796,-32.20338983050848,3.188662533215235,3.5555555555555554,-29.877753926422145,0.022614191523944217,27.42612592697596,30.215809049684072,19.506520684517284,10.709288365166788,77.45676711193978,1.002409223885734,1.0217505700754255,1.0980621324083848,1.0120404612498204,1.0357450155401187,1.095423013120193,0.7343781558226555,9.280118276842805,0.025173969694358,0.01888412017167382,0.015266967410155366,0.014947479447024958,0.01538612717674342,1.0078050711308122,0.5000881885795754,0.6838025755484125,-0.014106904974132473,68.3462945354509,184054576.1401274,1.0742275185512187,0.4659030209507982,0.2727272727272727,0.5909090909090909,0.13636363636363635,0.005203816131830009,0.010407632263659927,0.008658008658008587,0.021034180543382908,-0.01604729729729726,0.03188662533215236,0.03555555555555556,0.5599422744477567,-0.04036243822075782,0.2690631808278867,1,0,58.13935332876723,58.671825275146915,56.05580308530362,68.03156009012955,-30.383024027731153,-20.805161478492664,-10.30620588282909,26.034647778827093,0.6070834470812875,0.7978908813813957,0.7642436261209731,0.5741266506631784,-0.0017316017316016952,0.012269938650306678,-0.0239520958083832,0.01110162254483349,27.87904430500598,28.36680255826908,29.397849609249757,28.211665776304038,-0.12058570198105079,0,0.0
2025-06-11,11560.0,11700.0,11360.0,11510.0,127517688700,11079386,961,11610.0,11430.0,54.49794164381479,46.92330962043414,46.42857142857143,57.28410008071025,-53.57142857142857,0.2631578947368421,2.5112107623318383,-44.708966969279004,0.020774004940400135,26.17710897457081,27.741942626651404,22.72553188439898,5.016410742252425,22.06359506813699,0.983225806451613,1.0012263489838822,1.0730983720449894,0.9940103028064998,1.01496898083945,1.0914058245864393,0.5135577467246114,9.045374639253822,0.025950491877331075,0.02974628171478565,0.0157918875020494,0.016249162912738466,0.016555550094108647,1.0483579047761165,0.4806869914934859,0.6732148991151011,-0.00875079303630133,70.76743092997094,132692704.16233091,0.7844214116081099,0.6079969631785398,0.38235294117647056,0.4117647058823529,0.20588235294117646,-0.007725321888412017,-0.018884120171673846,-0.008673026886383384,-0.010389610389610393,-0.022241231822070162,0.002631578947368318,0.02511210762331828,-1.2818841581163276,-0.05848434925864909,0.24509803921568626,0,1,60.45813679702415,58.13935332876723,58.671825275146915,63.523270974463955,-29.877753926422145,-30.383024027731153,-20.805161478492664,16.99947129080465,0.5000881885795754,0.6070834470812875,0.7978908813813957,0.7235665032012332,0.010407632263659927,-0.0017316017316016952,0.012269938650306678,-0.01266891891891897,27.42612592697596,27.87904430500598,28.36680255826908,29.416845845398964,-0.1390095569070373,0,0.0
2025-07-02,9910.0,9990.0,9910.0,9910.0,516618942260,52122270,1700,10210.0,9930.0,29.543633666524528,14.184834282469936,0.9433962264150944,0.314465408805022,-99.05660377358491,-15.055603079555175,-10.701438848920864,-219.21282630276406,-0.012012846724822,25.66941904718566,18.9899141290285,45.861480566581136,-26.871566437552637,-206.84953480911133,0.9007619738751814,0.8842386464826358,0.9222624686542212,0.9114643054302469,0.9015925156324444,1.0238692300547971,-0.12828477577751027,18.424981470243022,0.030125787107144513,0.008056394763343404,0.019583567158263007,0.0166509711385199,0.0029340643689859886,0.14982277463929763,2.4717686472951232,3.144873701411374,-0.05303260779310681,34.85316434735583,303893495.4470588,0.9646045195827997,1.4698888936924475,0.25,0.75,0.0,-0.029382957884427033,-0.027424094025465195,-0.056083650190114076,-0.08394833948339486,-0.13123359580052496,-0.1505560307955518,-0.10701438848920863,-1.1215286615521949,-0.18204283360790774,0.08169934640522876,0,6,32.77256436101753,36.921031119011175,42.01939175105982,54.49794164381479,-185.34957921175925,-146.58002967195858,-106.95378565658842,-44.708966969279004,0.521224075028069,0.5032165665148628,0.4975078816017649,0.4806869914934859,-0.02946768060836502,-0.029520295202952074,-0.029543419874664245,-0.018884120171673846,24.45663566720617,23.709926716900622,23.590755190772647,26.17710897457081,-0.013118062563067578,0,1.0
2025-07-07,10190.0,10190.0,9700.0,9940.0,73605854440,7404397,1124,9910.0,9810.0,28.258621699913917,13.055294251397584,5.045871559633028,1.9964225953493646,-94.95412844036697,-14.022787028921998,-9.668508287292818,-237.51527411669935,-0.0200783725097444,27.117110324904452,16.865007061225388,45.525305353282306,-28.66029829205692,-180.8136261261261,0.9029823269513991,0.8776560053679267,0.9102549827413428,0.9144549116361764,0.897967539446261,1.0080540400103923,-0.07074469438152822,21.435853164548128,0.03188392207413197,0.04994903160040775,0.019198616019922118,0.01644759900596566,0.007613663298041694,0.39657354937153333,0.36513650898041927,0.41232720287334107,-0.05747850123800724,20.857355850341122,65485635.6227758,0.21142974889252236,0.987437406659053,0.7755102040816326,0.0,0.22448979591836735,0.026183282980866064,-0.012084592145015116,-0.039177277179236025,-0.06749049429657794,-0.12175470008952549,-0.14022787028922,-0.09668508287292821,-0.37444704954070923,-0.19192751235584843,0.06862745098039216,0,7,29.543633666524528,32.77256436101753,36.921031119011175,48.42237041076177,-219.21282630276406,-185.34957921175925,-146.58002967195858,-70.82611960801398,2.4717686472951232,0.521224075028069,0.5032165665148628,0.022809309438589005,-0.027424094025465195,-0.02946768060836502,-0.029520295202952074,-0.022747156605424368,25.66941904718566,24.45663566720617,23.709926716900622,24.318816989764148,-0.01810865191146882,0,1.0
2025-07-08,9780.0,9790.0,9650.0,9680.0,118949444850,12294141,753,9940.0,9660.0,26.695557032176353,11.696958553795653,0.4484304932735426,2.1458994264405455,-99.55156950672645,-16.363636363636363,-12.894499549143374,-246.47825440919473,-0.02769683004300069,28.53603198090087,16.22652167656689,44.98486242334345,-28.75834074677656,-168.55046599246504,0.9049180327868852,0.8698001080497029,0.8957216772063868,0.9144747995856857,0.8918850867470225,0.989837360680971,-0.028176970542534787,24.650808197214264,0.03124930924367088,0.014492753623188406,0.01830276016369653,0.01342557405420254,0.008399490710162062,0.45891934522654276,0.6176065645951989,0.6679914522851094,-0.059291246934427666,21.680657624337115,157967390.23904383,0.5084241538363745,0.6865426695842451,0.8571428571428571,0.07142857142857142,0.07142857142857142,-0.0030581039755351682,-0.015290519877675823,-0.027190332326283984,-0.05386875612144959,-0.10885608856088558,-0.1636363636363637,-0.12894499549143368,-0.46830832759673796,-0.2042833607907743,0.05228758169934641,0,8,28.258621699913917,29.543633666524528,32.77256436101753,42.01939175105982,-237.51527411669935,-219.21282630276406,-185.34957921175925,-106.95378565658842,0.36513650898041927,2.4717686472951232,0.521224075028069,0.4975078816017649,-0.012084592145015116,-0.027424094025465195,-0.02946768060836502,-0.029543419874664245,27.117110324904452,25.66941904718566,24.45663566720617,23.590755190772647,0.02169421487603307,0,2.0
2025-07-09,9420.0,9930.0,9410.0,9690.0,61274858470,6323917,766,9680.0,9700.0,27.84176984511231,14.465662176649118,11.788617886178862,5.760973313028468,-88.21138211382114,-15.871639202081528,-12.13768115942029,-236.43045323267194,-0.03264032890175586,30.19759246488608,14.327990387880044,45.12163555516814,-30.793645167288098,-139.50320922076395,0.9245139153640869,0.878702781049008,0.899230555298044,0.9299557897539474,0.9025594436820868,0.9726522666172245,0.05369800588416047,27.178282990039413,0.032726717634905665,0.05360824742268041,0.018459259759196604,0.01429824123012893,0.013540404689643402,0.7335291266431974,0.3268767023323344,0.35822228825340846,-0.049041162165514685,14.600768553110868,79993287.81984334,0.26041179489194227,0.7157206260219575,0.5384615384615384,0.4423076923076923,0.019230769230769232,-0.024844720496894408,0.0041407867494824835,-0.011213047910295648,-0.023162134944612278,-0.07794676806083645,-0.15871639202081522,-0.12137681159420288,0.5648928564444713,-0.20098846787479407,0.05664488017429194,1,0,26.695557032176353,28.258621699913917,29.543633666524528,36.921031119011175,-246.47825440919473,-237.51527411669935,-219.21282630276406,-146.58002967195858,0.6176065645951989,0.36513650898041927,2.4717686472951232,0.5032165665148628,-0.015290519877675823,-0.012084592145015116,-0.027424094025465195,-0.029520295202952074,28.53603198090087,27.117110324904452,25.66941904718566,23.709926716900622,0.04334365325077405,0,3.0
2025-07-12,9850.0,9980.0,9770.0,9940.0,85808944950,8635361,633,9690.0,9980.0,35.450474687440206,31.9027901266727,23.360655737704917,11.865901372385764,-76.63934426229508,-14.334763948497853,-11.603188662533215,-199.1386727281632,-0.032976360523503404,31.523913935868432,14.552220027451435,42.254769313052975,-27.702549285601542,-99.96261332834844,0.9665859564164649,0.9094637080238757,0.9246905344303611,0.9632014782268093,0.9335492656714446,0.956656289378104,0.18230405065897343,28.497779768334187,0.031540503104506186,0.021042084168336674,0.019016444520865865,0.018737728952714392,0.021721688997427716,1.1422581636432358,0.4623045532610748,0.49754277726804746,-0.03711948704907453,19.62340322888798,135559154.7393365,0.4466148396304599,0.6070777788433873,0.6190476190476191,0.0,0.38095238095238093,0.015463917525773196,0.028865979381443196,0.0331262939958592,0.017329255861366022,-0.022526934378060748,-0.14334763948497853,-0.11603188662533215,1.8321849794104823,-0.17792421746293247,0.08714596949891068,2,0,27.84176984511231,26.695557032176353,28.258621699913917,32.77256436101753,-236.43045323267194,-246.47825440919473,-237.51527411669935,-185.34957921175925,0.3268767023323344,0.6176065645951989,0.36513650898041927,0.521224075028069,0.0041407867494824835,-0.015290519877675823,-0.012084592145015116,-0.02946768060836502,30.19759246488608,28.53603198090087,27.117110324904452,24.45663566720617,0.03822937625754519,0,3.0
2025-07-13,9900.0,9920.0,9660.0,9780.0,34351247210,3513552,479,9940.0,9790.0,32.91424265047482,27.469487547023007,15.573770491803279,16.907681371895677,-84.42622950819673,-14.348206474190725,-14.12280701754386,-176.26621521779657,-0.03578122311732855,32.92084290916579,13.496789385941007,41.68327232047444,-28.18648293453343,-97.2876626270153,0.9634878456844799,0.8987423115762416,0.9064479093366913,0.9529473177508068,0.9215254911833537,0.940798488944854,0.1620241239241914,29.960034307610194,0.03219075494512354,0.026557711950970377,0.018852622449748335,0.018741159325456128,0.01972770994801321,1.0464172822957347,0.19357054069988608,0.4602339638443139,-0.0055772459061959045,21.71002051222291,71714503.56993736,0.2394633388414755,0.47234000591657627,0.4230769230769231,0.07692307692307693,0.5,-0.008016032064128256,-0.019038076152304573,0.009278350515463885,0.013457556935817738,-0.014098690835850913,-0.14348206474190728,-0.1412280701754386,-0.6165376179512161,-0.19357495881383854,0.0664488017429194,0,1,35.450474687440206,27.84176984511231,26.695557032176353,29.543633666524528,-199.1386727281632,-236.43045323267194,-246.47825440919473,-219.21282630276406,0.4623045532610748,0.3268767023323344,0.6176065645951989,2.4717686472951232,0.028865979381443196,0.0041407867494824835,-0.015290519877675823,-0.027424094025465195,31.523913935868432,30.19759246488608,28.53603198090087,25.66941904718566,0.06543967280163598,1,4.0
2025-07-14,9700.0,9910.0,9690.0,9760.0,22406829290,2296165,521,9780.0,9770.0,32.64945123963301,27.00856974988909,14.754098360655737,17.89617486338797,-85.24590163934427,-12.533572068039392,-16.780238500851787,-152.37977282061638,-0.03730876920436237,34.21799124151334,12.808973564840034,39.559032743383064,-26.75005917854303,-86.66822519286762,0.974952599540964,0.9050905553754227,0.9040938702990821,0.9582239958128533,0.9251497462961946,0.9273208469055375,0.19012080061615746,30.627884934933785,0.03156102779548087,0.022517911975435005,0.016771406371819907,0.018958475602825632,0.019029900050547,1.1346633447819807,0.15206707904149297,0.3472394451633384,-0.002135792737518405,24.948511684880856,43007349.88483685,0.14897038582148237,0.5809221162959246,0.3181818181818182,0.6363636363636364,0.045454545454545456,-0.009193054136874362,-0.002042900919305368,-0.02104208416833664,0.007216494845360799,-0.004077471967380175,-0.1253357206803939,-0.16780238500851785,0.41530192861713167,-0.19522240527182866,0.06427015250544663,0,2,32.91424265047482,35.450474687440206,27.84176984511231,28.258621699913917,-176.26621521779657,-199.1386727281632,-236.43045323267194,-237.51527411669935,0.19357054069988608,0.4623045532610748,0.3268767023323344,0.36513650898041927,-0.019038076152304573,0.028865979381443196,0.0041407867494824835,-0.012084592145015116,32.92084290916579,31.523913935868432,30.19759246488608,27.117110324904452,0.08709016393442615,1,4.0
2025-07-15,9790.0,9990.0,9740.0,9890.0,44373105230,4486207,512,9760.0,9920.0,36.75873846877949,36.35311415467191,21.518987341772153,17.282285398077047,-78.48101265822785,-8.487084870848708,-15.213675213675213,-117.91364394694608,-0.0362418303669039,35.026330097749124,13.935569002256054,37.2367481095797,-23.301179107323648,-70.87330348895043,0.9990935643065767,0.9266265003969922,0.9174651326255041,0.9770037096185136,0.943592602744628,0.9182975102659909,0.2605316030377846,30.64015984313164,0.03066363868306469,0.025201612903225805,0.017605056754403912,0.01993342600339931,0.01805480006675192,1.0255462574544387,0.3395678551258131,0.8881748401774809,0.00933937284514208,17.947095049144522,86666221.15234375,0.3070189549935699,0.6346058502726822,0.52,0.28,0.2,0.0020470829068577278,0.01535312180143289,0.013278855975485282,-0.006012024048096198,0.0269151138716357,-0.08487084870848705,-0.15213675213675215,1.3304817256762358,-0.1828665568369028,0.08061002178649238,1,0,32.64945123963301,32.91424265047482,35.450474687440206,26.695557032176353,-152.37977282061638,-176.26621521779657,-199.1386727281632,-246.47825440919473,0.15206707904149297,0.19357054069988608,0.4623045532610748,0.6176065645951989,-0.002042900919305368,-0.019038076152304573,0.028865979381443196,-0.015290519877675823,34.21799124151334,32.92084290916579,31.523913935868432,28.53603198090087,0.07077856420626905,1,4.0
2025-07-16,10000.0,10180.0,9950.0,10110.0,86912258430,8594275,539,9890.0,10170.0,43.0007936221128,49.0389752126402,33.18777292576419,23.153619542730684,-66.8122270742358,-3.326996197718631,-13.151152860802734,-71.97262855273607,-0.03260286125699712,34.88465946198984,17.584151915358042,34.93951692477172,-17.35536500941368,-47.17224123339583,1.0278956943602182,0.9568612692289599,0.9401867430895812,1.0013753150869347,0.9697163075432444,0.9146713506517519,0.3556356480398102,29.881844226292202,0.02959954238353717,0.02261553588987217,0.019038102916937718,0.02104776980182823,0.020020989988288367,1.0516273641149507,0.6753085612112165,1.5611444417479607,0.01084739624671105,14.698877319546455,161247232.70871985,0.5717628434251355,0.700454840805718,0.7391304347826086,0.043478260869565216,0.21739130434782608,0.008064516129032258,0.025201612903225756,0.040941658137154446,0.03881511746680277,0.04845360824742273,-0.033269961977186346,-0.13151152860802728,1.6836946375616062,-0.16227347611202636,0.10784313725490197,2,0,36.75873846877949,32.64945123963301,32.91424265047482,27.84176984511231,-117.91364394694608,-152.37977282061638,-176.26621521779657,-236.43045323267194,0.3395678551258131,0.15206707904149297,0.19357054069988608,0.3268767023323344,0.01535312180143289,-0.002042900919305368,-0.019038076152304573,0.0041407867494824835,35.026330097749124,34.21799124151334,32.92084290916579,30.19759246488608,0.017804154302670572,0,2.0
2025-07-19,10160.0,10390.0,10160.0,10320.0,75589594450,7323943,464,10110.0,10390.0,47.87640204721599,57.695752217083104,55.68181818181818,36.7961928164515,-44.31818181818182,1.762977473065622,-12.246621621621621,-22.998170269328853,-0.027752279429026538,33.87221116865475,21.67634454412343,33.0000316609871,-11.323687116863667,-23.577701412752784,1.0482243744955608,0.9842743463433119,0.9598507104188607,1.0194242716479724,0.991376883974271,0.9156920348096004,0.4442756704188829,28.220444776812474,0.028484500883593084,0.02213666987487969,0.019695081911892034,0.0201395782999697,0.018489692691007708,0.9387974507404052,0.5958548058295312,1.3969450154042806,0.009894786726059257,20.54437415243048,162908608.72844827,0.5788264237661878,0.6284282521839236,1.0,0.0,0.0,-0.0009832841691248771,0.02163225172074723,0.0473790322580645,0.06345957011258951,0.04108216432865741,0.01762977473065619,-0.12246621621621623,1.4195655176452084,-0.1441515650741351,0.1318082788671024,3,0,43.0007936221128,36.75873846877949,32.64945123963301,35.450474687440206,-71.97262855273607,-117.91364394694608,-152.37977282061638,-199.1386727281632,0.6753085612112165,0.3395678551258131,0.15206707904149297,0.4623045532610748,0.025201612903225756,0.01535312180143289,-0.002042900919305368,0.028865979381443196,34.88465946198984,35.026330097749124,34.21799124151334,31.523913935868432,0.0019379844961240345,0,2.0
2025-07-20,10240.0,10500.0,10240.0,10420.0,82844496060,7949530,533,10320.0,10460.0,49.36065569915471,60.205136892950534,73.42657342657343,54.09872151138526,-26.573426573426573,5.337361530715005,-10.52181351582549,15.790037129247935,-0.023480924147867774,32.50363025242222,22.98229926263138,30.91114500401947,-7.928845741388091,-9.905527354766058,1.0496738585047667,0.9967125637238553,0.965746468470132,1.0221577749889539,0.9981997734219589,0.9200443172375589,0.4876408658453949,26.59924421096866,0.02804835792370198,0.0248565965583174,0.01984362906660045,0.01730471317767575,0.011110078369886806,0.5598813771714063,0.6795130665095597,1.2968187400245088,0.017708605700850866,24.998540612269977,155430574.22138837,0.5552653842517622,0.7588268792710706,0.8461538461538461,0.15384615384615385,0.0,-0.014436958614051972,0.00673724735322434,0.02851524090462143,0.05443548387096775,0.06843718079673144,0.05337361530715001,-0.10521813515825496,0.6094221186861514,-0.13838550247116968,0.1394335511982571,4,0,47.87640204721599,43.0007936221128,36.75873846877949,32.91424265047482,-22.998170269328853,-71.97262855273607,-117.91364394694608,-176.26621521779657,0.5958548058295312,0.6753085612112165,0.3395678551258131,0.19357054069988608,0.02163225172074723,0.025201612903225756,0.01535312180143289,-0.019038076152304573,33.87221116865475,34.88465946198984,35.026330097749124,32.92084290916579,-0.01055662188099804,0,1.0
2025-07-21,10300.0,10690.0,10300.0,10610.0,59573032010,5613749,436,10420.0,10640.0,53.06198407206242,66.21692536978001,96.09375,75.06738053613053,-3.90625,8.460754332313964,-6.748466257668712,53.14431221870393,-0.018324258782195957,30.53951404152058,25.36972717561418,28.043600101646415,-2.673872926032235,11.15752020729389,1.0589171974522293,1.0175975516449884,0.9813506483923926,1.03342807732777,1.0142219554303493,0.9267491837449964,0.568981412013856,25.510570356915558,0.028222447035882083,0.03665413533834586,0.01994761950142005,0.01648593276296593,0.007009767616369557,0.3514087290401012,0.5132668381073452,0.8263362457468424,0.02312017967313218,29.940070315843784,136635394.51834863,0.49159917175356194,0.6640773741527684,0.8717948717948718,0.1282051282051282,0.0,-0.015296367112810707,0.017208413001912115,0.024061597690086645,0.046214355948869246,0.08904810644831107,0.08460754332313969,-0.06748466257668717,1.0280067090162275,-0.12355848434925865,0.15904139433551198,5,0,49.36065569915471,47.87640204721599,43.0007936221128,32.64945123963301,15.790037129247935,-22.998170269328853,-71.97262855273607,-152.37977282061638,0.6795130665095597,0.5958548058295312,0.6753085612112165,0.15206707904149297,0.00673724735322434,0.02163225172074723,0.025201612903225756,-0.002042900919305368,32.50363025242222,33.87221116865475,34.88465946198984,34.21799124151334,-0.0508953817153629,0,0.0
2025-07-22,10640.0,10840.0,10400.0,10590.0,77120441480,7279547,583,10610.0,10500.0,50.000818167575574,58.23410427071663,76.22377622377623,81.91469988344987,-23.776223776223777,8.695652173913043,-9.090909090909092,67.09887443230048,-0.0156419840591327,28.503902334128014,26.253133880646324,25.20294104836068,1.0501928322856422,22.65268720964915,1.0363205684958547,1.009275724515788,0.9680274366633478,1.0167284823985103,1.0008119192049236,0.9341003798355276,0.5390239998660592,23.769281846106786,0.029549176013627273,0.0419047619047619,0.019712108823244107,0.016157717834848793,0.015440817068141316,0.7833163466474894,0.7128923678634446,0.9901170108226524,0.015065793677708994,35.9716425416686,132282060.85763294,0.4819097358759456,0.9353441360500562,0.3181818181818182,0.45454545454545453,0.22727272727272727,0.0,-0.013157894736842146,0.003824091778202643,0.010587102983638186,0.058467741935483764,0.08695652173913038,-0.09090909090909094,-0.43570322536503736,-0.13509060955518945,0.1437908496732026,0,1,53.06198407206242,49.36065569915471,47.87640204721599,36.75873846877949,53.14431221870393,15.790037129247935,-22.998170269328853,-117.91364394694608,0.5132668381073452,0.6795130665095597,0.5958548058295312,0.3395678551258131,0.017208413001912115,0.00673724735322434,0.02163225172074723,0.01535312180143289,30.53951404152058,32.50363025242222,33.87221116865475,35.026330097749124,-0.07648725212464591,0,0.0
2025-07-23,10340.0,10380.0,10280.0,10290.0,135273629850,13144921,613,10590.0,10280.0,45.55344158680594,47.69305263809179,60.83916083916084,77.71889568764568,-39.16083916083916,5.979381443298969,-10.841283607979186,60.397083720068736,-0.015159859183181705,26.720507141819574,24.89526810855332,26.720595852012636,-1.8253277434593151,-3.544004725339634,1.0088321884200195,0.9941011507591142,0.9476925346165902,0.9961266278695482,0.9813077625460512,0.9393956155392076,0.47285380808770194,21.72993272847758,0.02955435329252448,0.009727626459143969,0.020032420663966426,0.01866256133423969,0.018676893605956393,0.9323333370066302,1.3062998819557923,1.5909444760066702,0.0003121948043873779,35.1743330653469,220674763.2137031,0.795547844113163,1.0281784636028177,0.6,0.4,0.0,-0.015238095238095238,-0.020952380952380945,-0.03383458646616544,-0.017208413001912004,0.010816125860373615,0.0597938144329897,-0.1084128360797918,-0.7698558704527688,-0.15321252059308071,0.11982570806100218,0,2,50.000818167575574,53.06198407206242,49.36065569915471,43.0007936221128,67.09887443230048,53.14431221870393,15.790037129247935,-71.97262855273607,0.7128923678634446,0.5132668381073452,0.6795130665095597,0.6753085612112165,-0.013157894736842146,0.017208413001912115,0.00673724735322434,0.025201612903225756,28.503902334128014,30.53951404152058,32.50363025242222,34.88465946198984,-0.055393586005830886,0,0.0
2025-07-26,10220.0,10450.0,10200.0,10340.0,69430657670,6717593,570,10290.0,10310.0,46.25545345487138,49.15718877633199,62.93706293706294,66.66666666666666,-37.06293706293706,3.306613226452906,-11.50214592274678,56.91636890084783,-0.01407322744879892,25.324671146849465,23.413295279019717,27.0348697722343,-3.621574493214581,8.754208754208541,1.0085102220483224,1.003503990656025,0.9504231272700456,0.9991821656479292,0.9853267784695338,0.9424030679031694,0.5189537118881042,18.487094647798788,0.029095495178141688,0.02424830261881668,0.019787311259068963,0.016842198272706773,0.01542455018601027,0.7795172362763969,0.6871328461186502,0.8251488625325326,-9.640004564037685e-05,57.80324383531603,121808171.3508772,0.4441098864808135,0.9736100435562387,0.36,0.56,0.08,-0.005836575875486381,0.0029182879377431803,-0.018095238095238053,-0.03101503759398494,-0.007699711260827691,0.03306613226452915,-0.11502145922746776,0.4458948132653573,-0.15074135090609556,0.12309368191721133,1,0,45.55344158680594,50.000818167575574,53.06198407206242,47.87640204721599,60.397083720068736,67.09887443230048,53.14431221870393,-22.998170269328853,1.3062998819557923,0.7128923678634446,0.5132668381073452,0.5958548058295312,-0.020952380952380945,-0.013157894736842146,0.017208413001912115,0.02163225172074723,26.720507141819574,28.503902334128014,30.53951404152058,33.87221116865475,-0.07543520309477758,0,0.0
2025-07-27,10180.0,10360.0,10170.0,10310.0,46794311480,4539777,368,10340.0,10280.0,45.621973650470224,47.60265538950114,60.83916083916084,61.538461538461526,-39.16083916083916,5.005107252298264,-10.061242344706912,51.678243124408255,-0.013367075874752372,24.128121938561836,22.325557955436807,26.51242998331755,-4.186872027880742,12.811785446230521,1.000778816199377,1.0062154358146136,0.948217019942074,0.99684605701981,0.9837378321747328,0.947479107864298,0.5402767353414979,15.431826243895538,0.028416267500877782,0.01848249027237354,0.019556885292269836,0.015142741307317954,0.014732345887721997,0.7533073732116835,0.48043604061740186,0.6086212022886246,-0.008435804431315641,59.38090893112483,127158455.10869566,0.4640851118394857,0.662108672184239,0.5263157894736842,0.42105263157894735,0.05263157894736842,-0.012609117361784675,-0.0029097963142580285,0.0,-0.020952380952380945,-0.017208413001912004,0.050051072522982576,-0.10061242344706911,0.11230106334377093,-0.15321252059308071,0.11982570806100218,0,1,46.25545345487138,45.55344158680594,50.000818167575574,49.36065569915471,56.91636890084783,60.397083720068736,67.09887443230048,15.790037129247935,0.6871328461186502,1.3062998819557923,0.7128923678634446,0.6795130665095597,0.0029182879377431803,-0.020952380952380945,-0.013157894736842146,0.00673724735322434,25.324671146849465,26.720507141819574,28.503902334128014,32.50363025242222,-0.06595538312318139,0,0.0
2025-07-28,10210.0,10330.0,10010.0,10070.0,79778748370,7918572,440,10310.0,10010.0,40.2758202303599,35.73641181335327,41.95804195804196,55.24475524475523,-58.04195804195804,2.456499488229273,-10.384959713518354,30.179172929731436,-0.0151216600354344,23.535678037307427,20.590516742924432,28.33777750843013,-7.747260765505697,-9.581564584597166,0.9722222222222222,0.9853817000541418,0.9248138361758348,0.9750649503462092,0.9608969091155055,0.9512370886380015,0.38737725291295244,12.979882238673751,0.029381689659036012,0.03196803196803197,0.019738847701505993,0.01805198790818524,0.012146241041150297,0.6153470164432947,0.8062933625981001,0.9998093454082925,-0.017406955493492138,61.8579481381151,181315337.20454547,0.6434646950483927,0.7756721022476862,0.625,0.375,0.0,-0.006809338521400778,-0.026264591439688734,-0.029097963142580063,-0.026264591439688734,-0.05921052631578949,0.0245649948822928,-0.10384959713518349,-1.0630136412726128,-0.17545304777594728,0.09041394335511982,0,2,45.621973650470224,46.25545345487138,45.55344158680594,53.06198407206242,51.678243124408255,56.91636890084783,60.397083720068736,53.14431221870393,0.48043604061740186,0.6871328461186502,1.3062998819557923,0.5132668381073452,-0.0029097963142580285,0.0029182879377431803,-0.020952380952380945,0.017208413001912115,24.128121938561836,25.324671146849465,26.720507141819574,30.53951404152058,-0.026812313803376342,0,1.0
2025-07-29,9820.0,9900.0,9770.0,9780.0,97191303390,9935237,467,10070.0,9790.0,36.520494618806964,28.890352894563392,11.016949152542374,37.93805064991505,-88.98305084745763,-1.310483870967742,-9.686346863468636,2.737173336837742,-0.018194639756218857,23.66911948028593,19.374383098764376,32.570349273159124,-13.195966174394748,-74.99452114836762,0.9520567927647574,0.9687314466653473,0.9057769882683839,0.9604861804219433,0.9439893064579151,0.9513896598941565,0.23589375857948539,11.839384471367467,0.029647156539693246,0.013278855975485188,0.019317428526812494,0.018953741799708938,0.012956594534740719,0.6707204593384172,1.0122733457765778,1.1755979610044467,-0.019267015729486525,59.5511893791074,208118422.67665952,0.9614411485146666,0.7955706984667802,0.23076923076923078,0.6153846153846154,0.15384615384615385,-0.01898101898101898,-0.02197802197802201,-0.0476653696498055,-0.050436469447138754,-0.06761904761904758,-0.01310483870967738,-0.09686346863468631,-0.8838839382358623,-0.19357495881383854,0.0664488017429194,0,3,40.2758202303599,45.621973650470224,46.25545345487138,50.000818167575574,30.179172929731436,51.678243124408255,56.91636890084783,67.09887443230048,0.8062933625981001,0.48043604061740186,0.6871328461186502,0.7128923678634446,-0.026264591439688734,-0.0029097963142580285,0.0029182879377431803,-0.013157894736842146,23.535678037307427,24.128121938561836,25.324671146849465,28.503902334128014,0.014314928425357865,0,2.0
2025-07-30,9500.0,9840.0,9500.0,9720.0,48239871950,4961976,498,9780.0,9830.0,37.658649603451295,31.66714493101138,24.62686567164179,25.867285594075366,-75.3731343283582,-3.343166175024582,-6.55893536121673,-10.404830283885872,-0.01972214999034361,24.438162067425043,17.77289203777923,36.44227168312644,-18.669379645347213,-90.71618037135279,0.959117962728071,0.9760214466564067,0.9111131708221336,0.9697200467916237,0.9515222184179641,0.949949022152192,0.2910921539901062,11.478053027485474,0.029888051248414177,0.03458799593082401,0.018508121788373133,0.01673765998971386,0.014289195903916026,0.7720500257834131,0.519093623208945,0.7281356833554157,-0.007225905166405311,52.79346517179278,96867212.75100401,0.5655042807117284,0.820969337289812,0.9705882352941176,0.029411764705882353,0.0,-0.0296220633299285,0.004085801838610736,-0.017982017982017928,-0.043774319066147815,-0.043774319066147815,-0.03343166175024581,-0.06558935361216733,0.3949160398478372,-0.1902800658978583,0.07080610021786492,1,0,36.520494618806964,40.2758202303599,45.621973650470224,45.55344158680594,2.737173336837742,30.179172929731436,51.678243124408255,60.397083720068736,1.0122733457765778,0.8062933625981001,0.48043604061740186,1.3062998819557923,-0.02197802197802201,-0.026264591439688734,-0.0029097963142580285,-0.020952380952380945,23.66911948028593,23.535678037307427,24.128121938561836,26.720507141819574,0.015432098765432167,0,2.0
2025-08-02,9740.0,9740.0,9450.0,9560.0,54782510720,5729141,490,9720.0,9610.0,34.04332561977243,25.322224668869907,11.510791366906474,15.71820206369687,-88.48920863309353,-7.507218479307026,-5.8765915768854065,-30.46382579997615,-0.02305345331645807,25.262688249786404,16.164646987119834,34.33529979009127,-18.170652802971436,-109.67484288626872,0.9448431815947301,0.9570283324204552,0.8928405522418567,0.9556600009629799,0.9350594598773736,0.9449616292249661,0.14494963428891777,12.102977979893856,0.03121297806626169,0.030176899063475548,0.018041151430126412,0.015176331303460048,0.013549252580182934,0.751019281261473,0.6134500479432767,0.8658292927701361,-0.015549964527927895,51.658117180932244,111801042.28571428,0.8099956715961134,0.7846905276643446,0.4482758620689655,0.0,0.5517241379310345,-0.009155645981688708,-0.02238046795523907,-0.018386108273748758,-0.03996003996003994,-0.0678952473326867,-0.0750721847930702,-0.05876591576885404,-1.0814983921834749,-0.20840197693574958,0.046840958605664486,0,1,37.658649603451295,36.520494618806964,40.2758202303599,46.25545345487138,-10.404830283885872,2.737173336837742,30.179172929731436,56.91636890084783,0.519093623208945,1.0122733457765778,0.8062933625981001,0.6871328461186502,0.004085801838610736,-0.02197802197802201,-0.026264591439688734,0.0029182879377431803,24.438162067425043,23.66911948028593,23.535678037307427,25.324671146849465,0.05648535564853563,1,3.0
2025-08-03,9590.0,9760.0,9450.0,9630.0,51492167390,5347096,728,9560.0,9730.0,37.564268138227895,33.76715418984287,20.14388489208633,18.76051397687819,-79.85611510791367,-6.9789674952198855,-2.014098690835851,-32.039293221608574,-0.023754262805570053,25.93066400385444,15.449344194461364,31.80672472132432,-16.357380526862954,-89.63585434173685,0.9635571400277283,0.9699446742760305,0.9062121635466145,0.9724415669348884,0.9504856966049559,0.9404861693210393,0.2572872827248457,12.383086498882093,0.030901757082793076,0.03186022610483042,0.01737722074824201,0.015875597355124022,0.01776287999014292,1.022193378762247,0.7638212251308214,0.7888428728153192,-0.008939234429115261,54.12802346470289,70730999.16208792,0.5597197742215148,1.2642181123556482,0.45161290322580644,0.0967741935483871,0.45161290322580644,-0.002081165452653486,0.01248699271592102,-0.010172939979654072,-0.006128702757916216,-0.05350194552529186,-0.0697896749521989,-0.020140986908358527,0.768847346928138,-0.1985172981878089,0.05991285403050109,1,0,34.04332561977243,37.658649603451295,36.520494618806964,45.621973650470224,-30.46382579997615,-10.404830283885872,2.737173336837742,51.678243124408255,0.6134500479432767,0.519093623208945,1.0122733457765778,0.48043604061740186,-0.02238046795523907,0.004085801838610736,-0.02197802197802201,-0.0029097963142580285,25.262688249786404,24.438162067425043,23.66911948028593,24.128121938561836,0.044652128764278265,0,3.0
2025-08-04,9570.0,9890.0,9570.0,9800.0,32548941490,3321471,651,9630.0,9860.0,41.22477539546701,42.04979003254249,29.496402877697843,20.38369304556354,-70.50359712230215,-7.330827067669173,0.509683995922528,-21.235854045187722,-0.022883823674753827,25.918705423339286,17.354431848067648,29.39985202508584,-12.04542017701819,-56.54236756460037,0.9840319361277445,0.9826589595375722,0.9206864997105347,0.987647331468504,0.9658187202243939,0.9356266457504623,0.35920339241739524,12.31637662310424,0.030634332464521127,0.032454361054766734,0.01744455394424842,0.015255662550576797,0.017982151323311088,1.0308174907068872,0.488716922659434,0.5669021944111062,-0.0013770204597398639,53.581952243857494,49998374.02457757,0.39809452150828406,1.1789206809127126,0.90625,0.09375,0.0,-0.01644398766700925,0.013360739979445091,0.026014568158168494,0.003051881993896277,-0.014985014985015033,-0.07330827067669177,0.0050968399592252744,0.7430348043290123,-0.18780889621087316,0.07407407407407407,2,0,37.564268138227895,34.04332561977243,37.658649603451295,40.2758202303599,-32.039293221608574,-30.46382579997615,-10.404830283885872,30.179172929731436,0.7638212251308214,0.6134500479432767,0.519093623208945,0.8062933625981001,0.01248699271592102,-0.02238046795523907,0.004085801838610736,-0.026264591439688734,25.93066400385444,25.262688249786404,24.438162067425043,23.535678037307427,0.0071428571428571175,0,2.0
2025-08-05,9900.0,10030.0,9750.0,9920.0,74668644540,7525650,776,9800.0,9810.0,40.247409164362246,39.815591484497304,25.899280575539567,25.179856115107906,-74.10071942446044,-6.571428571428571,1.5527950310559007,-14.678668846083667,-0.02270611452043727,25.27111993587545,19.527320867241215,27.442997871611553,-7.9156770043703375,-38.28271239659396,0.9858305697919807,0.9769456754468954,0.9178346213581332,0.9852705631005341,0.9637107478972764,0.9310267397690911,0.3080542031284722,12.010851463726096,0.03062988739844414,0.02854230377166157,0.01710721321819389,0.015135051894622229,0.014802840308433127,0.8652981709896495,1.1475729061386264,1.3995827613672198,0.0002561280962216639,52.98946908463987,96222480.07731959,0.7854448641913822,1.4023673985723322,0.32142857142857145,0.4642857142857143,0.21428571428571427,0.004056795131845842,-0.005070993914807254,0.008221993833504637,0.020811654526534884,0.0020429009193054792,-0.06571428571428573,0.01552795031055898,-0.3496068815851047,-0.19192751235584843,0.06862745098039216,0,1,41.22477539546701,37.564268138227895,34.04332561977243,36.520494618806964,-21.235854045187722,-32.039293221608574,-30.46382579997615,2.737173336837742,0.488716922659434,0.7638212251308214,0.6134500479432767,1.0122733457765778,0.013360739979445091,0.01248699271592102,-0.02238046795523907,-0.02197802197802201,25.918705423339286,25.93066400385444,25.262688249786404,23.66911948028593,-0.024193548387096753,0,1.0
2025-08-06,9840.0,9920.0,9810.0,9870.0,30139579050,3052204,298,9920.0,9860.0,41.73502662518568,43.32851973674402,29.496402877697843,28.29736211031174,-70.50359712230215,-4.085603112840467,1.6494845360824744,-4.7114698224688425,-0.021699559013944426,24.669790554659034,18.992492283795805,26.69136892174409,-7.698876637948285,-41.74447072492618,0.9950550005045918,0.9811433404646998,0.9239996251522818,0.9917735311192466,0.9708791931422166,0.9285915096991847,0.33907334703494707,11.717549074605563,0.029094679367745443,0.011156186612576065,0.017118049036502374,0.014637346331534386,0.014870878404154849,0.8687250733097166,0.47733212198332914,0.6110381019654332,-0.0010421266735725077,49.085612090992775,101139527.01342282,0.8185174173259014,0.5623171997358241,0.18181818181818182,0.5454545454545454,0.2727272727272727,0.0030581039755351682,0.0050968399592252744,0.0,0.013360739979445091,0.003051881993896277,-0.040856031128404635,0.016494845360824684,0.24180511102022662,-0.18780889621087316,0.07407407407407407,1,0,40.247409164362246,41.22477539546701,37.564268138227895,37.658649603451295,-14.678668846083667,-21.235854045187722,-32.039293221608574,-10.404830283885872,1.1475729061386264,0.488716922659434,0.7638212251308214,0.519093623208945,-0.005070993914807254,0.013360739979445091,0.01248699271592102,0.004085801838610736,25.27111993587545,25.918705423339286,25.93066400385444,24.438162067425043,-0.04761904761904767,0,0.0
2025-08-09,9980.0,10150.0,9910.0,10100.0,26992744660,2671765,318,9870.0,10150.0,49.576226849688155,59.37430219876658,50.35971223021583,35.25179856115107,-49.64028776978417,-1.5518913676042678,1.7034068136272544,22.197540469566434,-0.01788170014463696,23.118654596780054,23.34445677065139,24.76557274773972,-1.4211159770883306,7.8381795195954505,1.0259779642171232,1.0091469477033208,0.9531411400131468,1.0176643728826062,0.9994763331819791,0.9290074185369518,0.578041916077252,11.720557570967864,0.02828540465417038,0.023645320197044337,0.017165251619221212,0.018043256062705636,0.01264797592376838,0.7368360338863602,0.43827313692907105,0.6094858853739082,0.004683202357781635,45.75994384926672,84882844.8427673,0.7013344548171315,0.6184364060676779,0.7083333333333334,0.0,0.2916666666666667,0.012170385395537525,0.02941176470588225,0.03465851172273182,0.02941176470588225,0.05619146722164414,-0.015518913676042634,0.017034068136272618,1.6560705230982153,-0.16392092257001648,0.1056644880174292,2,0,41.73502662518568,40.247409164362246,41.22477539546701,34.04332561977243,-4.7114698224688425,-14.678668846083667,-21.235854045187722,-30.46382579997615,0.47733212198332914,1.1475729061386264,0.488716922659434,0.6134500479432767,0.0050968399592252744,-0.005070993914807254,0.013360739979445091,-0.02238046795523907,24.669790554659034,25.27111993587545,25.918705423339286,25.262688249786404,-0.07029702970297025,0,0.0
2025-08-10,10100.0,10190.0,9840.0,10060.0,25721776230,2557107,335,10100.0,10060.0,47.44234516828691,53.85350702082139,43.884892086330936,41.24700239808153,-56.115107913669064,-2.140077821011673,2.7579162410623086,34.01343012714253,-0.01602186970961267,21.938407709642206,21.34298545749384,24.356989363723784,-3.014003906229945,-5.56291390728477,1.0191469962516462,0.9988581641264955,0.9466275218307738,1.0073016955918053,0.9913031955460698,0.9288429689852453,0.4900257002062439,11.447779765144329,0.028985083386238154,0.03479125248508946,0.0166847537862011,0.018195746812257604,0.015359119889157898,0.9205481894410962,0.422781370681195,0.6684129716982735,-0.0007048776118425693,40.415442656822535,76781421.58208956,0.6330722319493592,0.6607495069033531,0.11428571428571428,0.2571428571428571,0.6285714285714286,-0.0049261083743842365,-0.00886699507389166,0.020283975659229236,0.025484199796126372,0.033915724563206684,-0.021400778210116767,0.027579162410623193,-0.6209529213494813,-0.171334431630972,0.09586056644880174,0,1,49.576226849688155,41.73502662518568,40.247409164362246,37.564268138227895,22.197540469566434,-4.7114698224688425,-14.678668846083667,-32.039293221608574,0.43827313692907105,0.47733212198332914,1.1475729061386264,0.7638212251308214,0.02941176470588225,0.0050968399592252744,-0.005070993914807254,0.01248699271592102,23.118654596780054,24.669790554659034,25.27111993587545,25.93066400385444,-0.03976143141153077,0,0.0
2025-08-11,10010.0,10010.0,9760.0,9870.0,47462574630,4811041,332,10060.0,9790.0,41.65042882909801,40.630658521238125,34.0,42.748201438848916,-66.0,-2.197802197802198,0.2047082906857728,24.18513273804254,-0.016850053471225004,21.136967979170418,19.7777476732145,24.526374953722826,-4.748627280508327,-53.878828526716035,0.9940095441161539,0.9719533382973442,0.9237766328860707,0.9832517970052478,0.9672269307924773,0.9293438260771104,0.254113448178612,11.406342272443121,0.02984582814280042,0.02553626149131767,0.017842464180418238,0.01828151467691864,0.020663009974217262,1.1580805075620955,0.7792370833483897,1.1667221285408842,-0.0062170499656680756,32.1882704973839,142959562.13855422,1.1320710904219968,0.6672696211436037,0.88,0.0,0.12,-0.004970178926441352,-0.026838966202783254,-0.035467980295566526,-0.007099391480730244,-0.007099391480730244,-0.02197802197802201,0.0020470829068577334,-1.5184345725065105,-0.19357495881383854,0.0664488017429194,0,2,47.44234516828691,49.576226849688155,41.73502662518568,41.22477539546701,34.01343012714253,22.197540469566434,-4.7114698224688425,-21.235854045187722,0.422781370681195,0.43827313692907105,0.47733212198332914,0.488716922659434,-0.00886699507389166,0.02941176470588225,0.0050968399592252744,0.013360739979445091,21.938407709642206,23.118654596780054,24.669790554659034,25.918705423339286,-0.00911854103343468,0,1.0
2025-08-12,9800.0,9880.0,9590.0,9680.0,43798345690,4525998,504,9870.0,9600.0,38.12330137252411,33.81435702417869,15.0,30.96163069544364,-85.0,-1.940755873340143,-3.225806451612903,6.356184111049373,-0.018875200633596212,20.977879324513953,18.37489685118736,26.94471086313262,-8.569814011945262,-91.54293092317626,0.9766022380467956,0.9546064734251479,0.9086778736937756,0.9695136449193454,0.9520906108955416,0.9304482810843556,0.12423643320741048,12.08034269056957,0.03042022728968906,0.030208333333333334,0.017986648186519495,0.017986171985397426,0.02225828058203539,1.237489072517545,0.7328329455154089,1.284472828109023,-0.004204770749094311,36.41174617842403,86901479.54365079,0.6880931101743183,1.0137785376646888,0.6896551724137931,0.27586206896551724,0.034482758620689655,0.0010214504596527069,-0.019407558733401387,-0.045725646123260466,-0.054187192118226646,-0.021406727828746197,-0.019407558733401387,-0.032258064516129004,-0.9964709816009769,-0.20922570016474465,0.0457516339869281,0,3,41.65042882909801,47.44234516828691,49.576226849688155,40.247409164362246,24.18513273804254,34.01343012714253,22.197540469566434,-14.678668846083667,0.7792370833483897,0.422781370681195,0.43827313692907105,1.1475729061386264,-0.026838966202783254,-0.00886699507389166,0.02941176470588225,-0.005070993914807254,21.136967979170418,21.938407709642206,23.118654596780054,25.27111993587545,0.011363636363636465,0,2.0
2025-08-13,9500.0,9500.0,9390.0,9400.0,41305626640,4394562,444,9680.0,9390.0,34.632421442585695,27.800421193809484,0.0,16.333333333333325,-100.0,-4.476093591047812,-7.669616519174041,-16.843635071178255,-0.0222164700780134,21.433334718262408,17.411769852277185,30.524333805844606,-13.11256395356742,-136.72713087575565,0.9595340282035562,0.9373596206638383,0.8922462941847207,0.9559078641898068,0.9360295007253623,0.9298745724059293,0.03184936674416118,13.380389747743754,0.030476527961001025,0.011714589989350373,0.01738071374753987,0.018891062742297977,0.022729194021808896,1.3077250078424467,0.736595640260112,1.158874570270478,-0.009260233453074251,27.59476055327407,93030690.63063063,0.7570710900222872,0.9017059301380992,1.0,0.0,0.0,-0.010416666666666666,-0.021874999999999978,-0.04085801838610825,-0.06660039761431413,-0.047667342799188606,-0.04476093591047814,-0.07669616519174038,-1.0377470026582085,-0.22652388797364087,0.02287581699346405,0,4,38.12330137252411,41.65042882909801,47.44234516828691,41.73502662518568,6.356184111049373,24.18513273804254,34.01343012714253,-4.7114698224688425,0.7328329455154089,0.7792370833483897,0.422781370681195,0.47733212198332914,-0.019407558733401387,-0.026838966202783254,-0.00886699507389166,0.0050968399592252744,20.977879324513953,21.136967979170418,21.938407709642206,24.669790554659034,0.051063829787234116,1,3.0
2025-08-16,9310.0,9570.0,9170.0,9390.0,38907622090,4142113,500,9400.0,9490.0,37.564279402499025,34.2927219135199,27.586206896551722,14.195402298850565,-72.41379310344827,-1.2486992715920915,-8.662175168431183,-22.37177317403848,-0.02315423977122399,22.426088647745946,15.721422819664088,32.90044893219453,-17.17902611253044,-125.47514207218421,0.9709433190096174,0.9516169466031587,0.9049126554275688,0.9711546756571788,0.9497972049724291,0.9319932870546952,0.1477088472498301,13.733825848062823,0.031012116274269117,0.04214963119072708,0.016693548963160193,0.018277181143421507,0.01489435708688354,0.8922223261065001,0.7133023733188794,1.0136922544620208,-0.008245338623718568,27.912808235487745,77815244.18,0.6559618225585188,1.0117361392148927,0.45,0.2,0.35,-0.008519701810436636,0.010649627263045858,-0.011458333333333348,-0.03064351378958119,-0.06502463054187191,-0.012486992715920908,-0.08662175168431185,0.9007656145224194,-0.21828665568369027,0.03376906318082789,1,0,34.632421442585695,38.12330137252411,41.65042882909801,49.576226849688155,-16.843635071178255,6.356184111049373,24.18513273804254,22.197540469566434,0.736595640260112,0.7328329455154089,0.7792370833483897,0.43827313692907105,-0.021874999999999978,-0.019407558733401387,-0.026838966202783254,0.02941176470588225,21.433334718262408,20.977879324513953,21.136967979170418,23.118654596780054,0.059637912673056404,1,3.0
2025-08-17,9550.0,9670.0,9550.0,9660.0,40571886740,4198727,201,9390.0,9670.0,42.55845522686634,44.729706243848135,49.01960784313726,25.535271579896317,-50.98039215686274,-0.6166495375128468,-7.552581261950286,-11.377446897716794,-0.021880431321305398,22.85480538433077,17.511284309856947,31.422137682286653,-13.910853372429706,-70.10301171660007,0.98996723996724,0.9735226014295781,0.9246333020978753,0.9911645829479777,0.970125368734867,0.9340039394924556,0.3002718787908167,13.256720390761087,0.029590521382453695,0.012409513960703205,0.01733421131115482,0.01891636446271314,0.02092936397094443,1.207402147998281,0.7471825768400855,0.9511243002076661,-0.0036657136071002183,36.17088255105383,201850182.78606966,1.6688911138429854,0.4208542713567839,1.0,0.0,0.0,0.006322444678609062,0.018967334035827177,0.029818956336528313,0.007291666666666696,-0.03876739562624254,-0.006166495375128478,-0.07552581261950286,1.312039926176318,-0.20345963756177923,0.05337690631808279,2,0,37.564279402499025,34.632421442585695,38.12330137252411,47.44234516828691,-22.37177317403848,-16.843635071178255,6.356184111049373,34.01343012714253,0.7133023733188794,0.736595640260112,0.7328329455154089,0.422781370681195,0.010649627263045858,-0.021874999999999978,-0.019407558733401387,-0.00886699507389166,22.426088647745946,21.433334718262408,20.977879324513953,21.938407709642206,0.03002070393374745,0,2.0
2025-08-18,9780.0,9840.0,9680.0,9780.0,60217521020,6159929,392,9660.0,9810.0,46.165344823017804,51.69242861971941,62.745098039215684,46.45030425963488,-37.254901960784316,-0.5070993914807302,-7.8007518796992485,6.869724157675535,-0.01953304472805423,22.46933467120053,21.1163418422505,30.048875737453507,-8.932533895203008,-30.17463626785023,1.0048140940284749,0.9917606025375322,0.9399072548193002,1.004662102750557,0.9853259579727494,0.9354041313762311,0.4290258149812762,11.609006091854557,0.02832258950770536,0.0163098878695209,0.01717020856739173,0.019010093366421975,0.019598261021085955,1.141410772278293,1.0908859527839108,1.3150255051709492,0.0038069927044679375,48.74435140496827,153616125.0510204,1.261239744659704,0.8245687841817417,0.1875,0.1875,0.625,0.011375387797311272,0.014477766287487093,0.0337197049525817,0.04472843450479225,0.0020429009193054792,-0.005070993914807254,-0.07800751879699253,1.071049419359908,-0.19192751235584843,0.06862745098039216,3,0,42.55845522686634,37.564279402499025,34.632421442585695,41.65042882909801,-11.377446897716794,-22.37177317403848,-16.843635071178255,24.18513273804254,0.7471825768400855,0.7133023733188794,0.736595640260112,0.7792370833483897,0.018967334035827177,0.010649627263045858,-0.021874999999999978,-0.026838966202783254,22.85480538433077,22.426088647745946,21.433334718262408,21.136967979170418,0.024539877300613577,0,2.0
2025-08-19,9800.0,9870.0,9670.0,9790.0,61535336760,6288225,338,9780.0,9820.0,46.42412598027905,52.194292351150416,63.72549019607843,58.49673202614378,-36.27450980392157,0.10193679918450561,-6.476190476190475,20.39433716363706,-0.01761669770726489,21.97737996036093,20.795441666798798,28.472330517291766,-7.676888850492968,-20.2511138112602,1.005735354362966,0.9961957900076084,0.9431606446531821,1.0048072142125024,0.9873301039724619,0.9377821318119827,0.4626487354082018,10.184956343424384,0.027727522839086884,0.020366598778004074,0.017060724232404026,0.018939311288209682,0.016235175248420948,0.951611140726659,1.1234680331584512,1.2484783721568153,0.01121943619952126,57.92593987082065,182057209.34911242,1.4648191289943928,0.7297851667926158,0.1,0.25,0.65,-0.0010193679918450561,0.0010193679918450993,0.015511892450879028,0.03477344573234986,0.022916666666666696,0.0010193679918450993,-0.0647619047619048,0.24752058744941277,-0.19110378912685339,0.06971677559912855,4,0,46.165344823017804,42.55845522686634,37.564279402499025,38.12330137252411,6.869724157675535,-11.377446897716794,-22.37177317403848,6.356184111049373,1.0908859527839108,0.7471825768400855,0.7133023733188794,0.7328329455154089,0.014477766287487093,0.018967334035827177,0.010649627263045858,-0.019407558733401387,22.46933467120053,22.85480538433077,22.426088647745946,20.977879324513953,0.03166496424923393,0,3.0
2025-08-20,9680.0,9950.0,9650.0,9880.0,46971253850,4753398,482,9790.0,9910.0,48.80913683738483,56.896213376072176,72.54901960784314,66.33986928104575,-27.45098039215686,0.5070993914807302,-3.599221789883268,35.30888999889805,-0.015060968330005621,21.15845285961428,21.254166322928995,26.247758979654574,-4.993592656725578,4.208441638816911,1.0144334118128775,1.007216180506149,0.9538751780695337,1.011834377767482,0.9966462802728889,0.9403033919839833,0.5764766578980314,9.43579479606778,0.027675476183060627,0.030272452068617558,0.01673776409255422,0.019097697042904385,0.00668154985759697,0.399190108108242,0.91807346796498,0.9304919445289227,0.01753251772230824,66.63883275121464,97450734.12863071,0.8249778336879372,1.05562855891371,0.7666666666666667,0.13333333333333333,0.1,-0.014256619144602852,0.009164969450101923,0.010193679918450549,0.024819027921406445,0.055378061767838105,0.005070993914807254,-0.03599221789883267,0.6489883811471558,-0.18369028006589785,0.07952069716775599,5,0,46.42412598027905,46.165344823017804,42.55845522686634,34.632421442585695,20.39433716363706,6.869724157675535,-11.377446897716794,-16.843635071178255,1.1234680331584512,1.0908859527839108,0.7471825768400855,0.736595640260112,0.0010193679918450993,0.014477766287487093,0.018967334035827177,-0.021874999999999978,21.97737996036093,22.46933467120053,22.85480538433077,21.433334718262408,-0.007085020242915019,0,1.0
2025-08-23,9970.0,10000.0,9900.0,9950.0,31282828490,3144674,287,9880.0,9980.0,50.64929303244047,60.42793610899915,79.41176470588235,71.8954248366013,-20.58823529411765,-1.6748768472906401,-3.200775945683802,48.955955307890065,-0.012361537275991102,20.171664071861052,22.03840582997715,25.531671570447084,-3.4932657404699334,63.216011042098465,1.0233798195242,1.016034614405701,0.9630415902730869,1.0160145392730704,1.0034121823630486,0.9410402393129402,0.6887913874992964,8.493297611767886,0.02623412250689737,0.01002004008016032,0.016823378328518997,0.01649024347937301,0.006898171023800061,0.4100348270778812,0.6290690244577485,0.6405948302284384,0.016800101261580824,65.45546519431795,108999402.40418118,0.9277742121071291,0.648660865634535,0.1,0.2,0.7,0.006054490413723511,0.007063572149344166,0.016293279022403295,0.017329255861366022,0.05163329820864071,-0.016748768472906406,-0.03200775945683798,0.5084563126427042,-0.17792421746293247,0.08714596949891068,6,0,48.80913683738483,46.42412598027905,46.165344823017804,37.564279402499025,35.30888999889805,20.39433716363706,6.869724157675535,-22.37177317403848,0.91807346796498,1.1234680331584512,1.0908859527839108,0.7133023733188794,0.009164969450101923,0.0010193679918450993,0.014477766287487093,0.010649627263045858,21.15845285961428,21.97737996036093,22.46933467120053,22.426088647745946,-0.004020100502512558,0,1.0
2025-08-25,10040.0,10220.0,9810.0,9950.0,49051224150,4929540,590,9950.0,10200.0,56.0023409357567,69.57000497508953,98.0952380952381,83.35200746965451,-1.9047619047619047,1.3916500994035785,-0.7782101167315175,70.5542513242554,-0.008248165016368826,19.12349985598223,25.437864047688297,22.786779355943292,2.6510846917450053,122.90748898678409,1.0444398935080892,1.038855222284463,0.9865557597446561,1.0323112255252707,1.0235956429966102,0.9445787793790502,0.9760263469704376,8.162410028719695,0.02670598777342342,0.04019607843137255,0.01761909367917499,0.01781337862565476,0.007941030514456363,0.4507059590608976,0.9822889919584871,0.9751514553505519,0.01725073898970675,66.46594689159978,83137668.05084746,0.7211565675089083,1.3008488590012126,0.3902439024390244,0.04878048780487805,0.5609756097560976,0.006012024048096192,0.022044088176352616,0.029263370332996974,0.0386965376782078,0.054808686659772565,0.013916500994035852,-0.0077821011673151474,1.2649217445237764,-0.15980230642504117,0.1111111111111111,7,0,50.64929303244047,48.80913683738483,46.42412598027905,42.55845522686634,48.955955307890065,35.30888999889805,20.39433716363706,-11.377446897716794,0.6290690244577485,0.91807346796498,1.1234680331584512,0.7471825768400855,0.007063572149344166,0.009164969450101923,0.0010193679918450993,0.018967334035827177,20.171664071861052,21.15845285961428,21.97737996036093,22.85480538433077,0.0201005025125629,0,2.0
2025-08-26,9860.0,10130.0,9850.0,10020.0,49505871900,4939927,657,9950.0,10080.0,52.64781356483626,60.65309989431618,86.66666666666667,88.0578898225957,-13.333333333333334,2.96220633299285,0.6993006993006993,74.14519323196367,-0.006151194737228454,18.150204512666182,23.14982884675269,20.7371987313826,2.412630115370092,103.37504740235165,1.0290964777947933,1.0262675626145388,0.9780900075685537,1.0170110891479462,1.010688391096169,0.950435676997419,0.8157972801342507,8.317855873670606,0.027573795200934986,0.027777777777777776,0.016769837962393164,0.0156531170726237,0.012326086117971187,0.7350152187285759,1.0144651624178105,1.0267657680712199,0.009634569411195004,56.213233061920924,75351403.19634703,0.6851024344096542,1.4147286821705427,0.7857142857142857,0.17857142857142858,0.03571428571428571,-0.03333333333333333,-0.0117647058823529,0.01002004008016022,0.017154389505549927,0.02752293577981657,0.02962206332992845,0.006993006993007089,-0.7303000571887882,-0.1696869851729819,0.09803921568627451,0,1,56.0023409357567,50.64929303244047,48.80913683738483,46.165344823017804,70.5542513242554,48.955955307890065,35.30888999889805,6.869724157675535,0.9822889919584871,0.6290690244577485,0.91807346796498,1.0908859527839108,0.022044088176352616,0.007063572149344166,0.009164969450101923,0.014477766287487093,19.12349985598223,20.171664071861052,21.15845285961428,22.46933467120053,0.0239520958083832,0,2.0
2025-08-27,10090.0,10200.0,9950.0,10100.0,50054653190,4956008,666,10020.0,10100.0,53.151493146116756,61.60986921318411,88.57142857142857,91.1111111111111,-11.428571428571429,5.208333333333334,3.1664964249233916,75.02671237730424,-0.00419463818926695,17.531805660529088,23.463692613674187,19.395255302257684,4.068437311416503,115.7967988865694,1.0259014728288471,1.0266836086404065,0.9830831824641322,1.0160544348124516,1.0117424081604551,0.9582627654811268,0.8083714404218852,8.653073904606915,0.027321570884940034,0.024752475247524754,0.015914908041202856,0.013568350538939882,0.012245593205337907,0.7694416564415398,1.0726065135938156,1.090500527932545,0.008691988964927289,59.77910970846994,75157136.92192192,0.7272975445269223,1.404026562664699,0.04,0.4,0.56,0.000992063492063492,0.001984126984126977,-0.009803921568627416,0.012024048096192397,0.02851323828920571,0.05208333333333326,0.03166496424923393,0.019083477868907215,-0.16803953871499178,0.10021786492374728,1,0,52.64781356483626,56.0023409357567,50.64929303244047,46.42412598027905,74.14519323196367,70.5542513242554,48.955955307890065,20.39433716363706,1.0144651624178105,0.9822889919584871,0.6290690244577485,1.1234680331584512,-0.0117647058823529,0.022044088176352616,0.007063572149344166,0.0010193679918450993,18.150204512666182,19.12349985598223,20.171664071861052,21.97737996036093,-0.007920792079207928,0,1.0
2025-08-30,9950.0,9950.0,9800.0,9810.0,59867992600,6101175,515,10100.0,9800.0,45.357816388516476,43.218785398522215,60.0,78.41269841269839,-40.0,4.366347177848776,-0.3051881993896236,53.571153659688974,-0.005145777144315226,16.29668425936453,21.652909989650254,21.75714014382195,-0.10423015417169523,15.984157295424492,0.9913008294557961,0.9963399755998373,0.9574426511391613,0.9880217080722105,0.9830238775239611,0.965844698894056,0.4577394921640078,8.660625694245715,0.0283332526034448,0.015306122448979591,0.01737276847423796,0.0154038750906477,0.019614507194438715,1.129037506228499,1.304370120664458,1.2673118852955492,0.0013418235440787463,52.552101352362634,116248529.32038835,1.1144886916207344,1.0837542087542087,1.0,0.0,0.0,-0.01485148514851485,-0.02970297029702973,-0.02777777777777779,-0.039215686274509776,-0.011099899091826404,0.04366347177848784,-0.003051881993896277,-1.7092236578768538,-0.1927512355848435,0.06753812636165578,0,1,53.151493146116756,52.64781356483626,56.0023409357567,48.80913683738483,75.02671237730424,74.14519323196367,70.5542513242554,35.30888999889805,1.0726065135938156,1.0144651624178105,0.9822889919584871,0.91807346796498,0.001984126984126977,-0.0117647058823529,0.022044088176352616,0.009164969450101923,17.531805660529088,18.150204512666182,19.12349985598223,21.15845285961428,0.029561671763506547,0,2.0
2025-08-31,9700.0,10020.0,9700.0,9910.0,66084853020,6670504,573,9810.0,9900.0,48.0901882408893,49.12472914524155,69.52380952380952,72.6984126984127,-30.476190476190474,4.3203371970495255,3.0176899063475546,44.64484915183337,-0.004868051336786514,15.577253917861677,19.889671806839637,22.530162013422096,-2.6404902065824594,21.495610051468613,0.9972801450589301,1.0050251256281406,0.9708928291228621,0.9983948535752111,0.9935658874879009,0.9735407186568336,0.5598204892690488,8.400341905496102,0.028352499146312174,0.03232323232323232,0.016678361249225403,0.015384390913329543,0.02002627318907402,1.2007338664644949,1.4118796398145967,1.2085492583764255,0.0037124079425721046,59.06227565100494,115331331.62303665,1.1038274374071098,1.195368728486492,0.625,0.375,0.0,-0.01020408163265306,0.010204081632652962,-0.01980198019801982,-0.017857142857142905,-0.008016032064128265,0.043203371970495175,0.03017689906347565,0.5146715221618104,-0.18451400329489293,0.0784313725490196,1,0,45.357816388516476,53.151493146116756,52.64781356483626,50.64929303244047,53.571153659688974,75.02671237730424,74.14519323196367,48.955955307890065,1.304370120664458,1.0726065135938156,1.0144651624178105,0.6290690244577485,-0.02970297029702973,0.001984126984126977,-0.0117647058823529,0.007063572149344166,16.29668425936453,17.531805660529088,18.150204512666182,20.171664071861052,0.04036326942482349,0,3.0
2025-09-02,9860.0,10200.0,9860.0,10150.0,130929197390,12897744,786,9910.0,10200.0,55.31003112599177,62.702589841593564,98.0952380952381,75.87301587301586,-1.9047619047619047,5.4808686659772485,4.830421377183967,56.701348204579176,-0.0021531247186564596,14.810387648457866,22.70681625840846,20.609804028066158,2.097012230342301,109.42992511080531,1.0220440881763526,1.0330160016204173,1.0032457952198288,1.0241352891018418,1.0218819464123958,0.9816071604209698,0.8734604996978158,8.840560553828862,0.027933940056935412,0.03333333333333333,0.017731823623102747,0.016922223842786577,0.02262078082333332,1.2757165480633794,2.5279343961151906,1.8132453495899017,0.009046214034801103,69.61870868050707,166576587.01017812,1.5243741230886312,1.629860031104199,1.0,0.0,0.0,-0.00404040404040404,0.030303030303030276,0.04081632653061229,0.00990099009900991,0.0,0.054808686659772565,0.04830421377183969,1.5673528540017219,-0.15980230642504117,0.1111111111111111,2,0,48.0901882408893,45.357816388516476,53.151493146116756,56.0023409357567,44.64484915183337,53.571153659688974,75.02671237730424,70.5542513242554,1.4118796398145967,1.304370120664458,1.0726065135938156,0.9822889919584871,0.010204081632652962,-0.02970297029702973,0.001984126984126977,0.022044088176352616,15.577253917861677,16.29668425936453,17.531805660529088,19.12349985598223,0.010837438423645374,0,2.0
2025-09-03,10260.0,10350.0,10100.0,10260.0,103920839630,10125941,663,10150.0,10220.0,55.751872734897226,63.46105587793453,88.98305084745763,85.53403282216841,-11.016949152542374,4.17940876656473,3.6511156186612577,63.27926071087904,4.2647314454377766e-05,14.679419379614988,25.06472921959023,19.30672075199294,5.758008467597289,148.04713451519305,1.0198582975750923,1.033158107561666,1.0075715750453504,1.022032719411279,1.0220772686428679,0.9879525199148197,0.8552614199110526,9.333438899717239,0.027635172292071814,0.02446183953033268,0.017546962365222334,0.01664330305592267,0.02161560717680496,1.2318717466247369,1.8605955969151051,1.242404918293303,0.01921800870123902,77.09203930760349,156743347.85822022,1.36759209536717,1.3730972351662005,0.16,0.36,0.48,0.0058823529411764705,0.0019607843137254832,0.03232323232323231,0.04285714285714293,0.01388888888888884,0.041794087665647295,0.03651115618661249,0.0011270415867323782,-0.15815485996705106,0.11328976034858387,3,0,55.31003112599177,48.0901882408893,45.357816388516476,52.64781356483626,56.701348204579176,44.64484915183337,53.571153659688974,74.14519323196367,2.5279343961151906,1.4118796398145967,1.304370120664458,1.0144651624178105,0.030303030303030276,0.010204081632652962,-0.02970297029702973,-0.0117647058823529,14.810387648457866,15.577253917861677,16.29668425936453,18.150204512666182,-0.005847953216374324,0,1.0
2025-09-06,10300.0,10300.0,9960.0,10020.0,127988476250,12773070,799,10260.0,9970.0,49.2033155490107,48.94567112389291,67.79661016949153,84.95829970406241,-32.20338983050848,1.5274949083503055,1.6309887869520898,48.703480798652535,-0.00019699640509926225,13.919211542388057,22.940395236642207,21.160267717080046,1.7801275195621606,76.83993318266612,0.993423674770825,1.007070707070707,0.985996281498477,0.9974873995518516,0.997291430357821,0.992523438427153,0.5758863880329016,9.317490598763856,0.02874057164869366,0.034102306920762285,0.01846641877480295,0.01897618267742884,0.02489741996101765,1.3482538365798176,2.2390500744072948,1.3149559238413986,0.0072593158277469705,69.75154402453497,160185827.59699625,1.3596869747551366,1.6508264462809918,0.9705882352941176,0.0,0.029411764705882353,0.007827788649706457,-0.024461839530332652,-0.022549019607843168,0.007070707070707005,-0.012871287128712883,0.015274949083503131,0.016309887869520923,-1.3772732936003085,-0.1787479406919275,0.0860566448801743,0,1,55.751872734897226,55.31003112599177,48.0901882408893,53.151493146116756,63.27926071087904,56.701348204579176,44.64484915183337,75.02671237730424,1.8605955969151051,2.5279343961151906,1.4118796398145967,1.0726065135938156,0.0019607843137254832,0.030303030303030276,0.010204081632652962,0.001984126984126977,14.679419379614988,14.810387648457866,15.577253917861677,17.531805660529088,0.034930139720558806,0,3.0
2025-09-07,9850.0,10170.0,9850.0,10100.0,56126492990,5557090,546,10020.0,10110.0,52.56356065584006,55.58315902237768,70.0,75.59322033898304,-30.0,2.0181634712411705,2.535496957403651,46.410946566398785,0.0007266219832350448,13.103021708756447,21.125611753044318,22.20566722479669,-1.0800554717523738,57.744266415331204,1.0053699284009547,1.0199243379571248,1.0026578863852744,1.009708730110625,1.0104500736446707,0.9973024436686765,0.7102515818989689,9.476427134183934,0.028578956417883182,0.03165182987141444,0.018678704976178257,0.019250636524162253,0.02010215971676463,1.076207357116126,0.9532006310405023,0.578570049955284,0.015143064520051652,68.49368921000004,102795774.70695971,0.8719366681581562,1.0999194198227236,0.8125,0.1875,0.0,-0.012036108324974924,0.014042126379137487,-0.010763209393346407,-0.008823529411764675,0.031632653061224536,0.020181634712411745,0.02535496957403649,0.6758175257652096,-0.1672158154859967,0.10130718954248366,1,0,49.2033155490107,55.751872734897226,55.31003112599177,45.357816388516476,48.703480798652535,63.27926071087904,56.701348204579176,53.571153659688974,2.2390500744072948,1.8605955969151051,2.5279343961151906,1.304370120664458,-0.024461839530332652,0.0019607843137254832,0.030303030303030276,-0.02970297029702973,13.919211542388057,14.679419379614988,14.810387648457866,16.29668425936453,0.025742574257425765,0,2.0
2025-09-08,10200.0,10390.0,10200.0,10310.0,73134106710,7090168,664,10100.0,10380.0,58.29361279510441,65.63543744003249,98.64864864864865,78.81508627271337,-1.3513513513513513,4.008016032064128,2.2660098522167487,60.12800755412906,0.0034773806480509484,12.860784519347318,25.110816040506172,20.665187427808405,4.445628612697767,147.93315743183877,1.0281299524564185,1.0459492140266022,1.032034838632703,1.0308579471462733,1.0345665428065336,1.003798047286683,0.9537405527345697,10.126759389188134,0.02777410020645738,0.018304431599229287,0.01847397617055896,0.02074953306409557,0.022132990423130366,1.1980631683612644,1.1717645383219528,0.7317899117895126,0.015356772944897124,69.56187281598092,110141726.97289157,0.9243445633233596,1.2925832197780804,0.9473684210526315,0.05263157894736842,0.0,0.008902077151335312,0.026706231454005858,0.04112337011033107,0.015655577299412915,0.048484848484848575,0.04008016032064132,0.022660098522167438,1.376140019032626,-0.14497528830313014,0.13071895424836602,2,0,52.56356065584006,49.2033155490107,55.751872734897226,48.0901882408893,46.410946566398785,48.703480798652535,63.27926071087904,44.64484915183337,0.9532006310405023,2.2390500744072948,1.8605955969151051,1.4118796398145967,0.014042126379137487,-0.024461839530332652,0.0019607843137254832,0.010204081632652962,13.103021708756447,13.919211542388057,14.679419379614988,15.577253917861677,-0.018428709990300662,0,1.0
2025-09-09,10390.0,10390.0,10100.0,10260.0,55367094890,5396293,552,10310.0,10240.0,54.61005045900227,57.7315440209627,79.72972972972973,82.79279279279278,-20.27027027027027,0.39215686274509803,1.7892644135188867,56.85821560789633,0.0045937473713388854,12.204229648282036,23.307343221004288,21.657573100886328,1.6497701201179602,109.85290036081058,1.0138613861386139,1.0309070774187052,1.0205301973290812,1.0143086035018685,1.019056876067829,1.0065776360374725,0.7962658056627773,10.432212164871,0.028165716251809143,0.0283203125,0.018635774062354053,0.020380290216125085,0.0205548728807409,1.1029792919771226,0.8713808724214347,0.6590077338101118,0.0030611467602017495,63.65525812346004,100302708.13405797,0.8335453579782273,1.0523305690591938,0.5172413793103449,0.0,0.4827586206896552,0.0009633911368015414,-0.013487475915221592,0.01285855588526208,0.027081243731193583,0.0039215686274509665,0.0039215686274509665,0.017892644135188762,-0.7802147289160147,-0.15650741350906094,0.11546840958605664,0,1,58.29361279510441,52.56356065584006,49.2033155490107,55.31003112599177,60.12800755412906,46.410946566398785,48.703480798652535,56.701348204579176,1.1717645383219528,0.9532006310405023,2.2390500744072948,2.5279343961151906,0.026706231454005858,0.014042126379137487,-0.024461839530332652,0.030303030303030276,12.860784519347318,13.103021708756447,13.919211542388057,14.810387648457866,-0.021442495126705707,0,1.0
2025-09-13,10340.0,10340.0,10080.0,10200.0,36627361190,3590367,452,10260.0,10250.0,54.829612629048654,58.151497675851196,81.08108108108108,86.48648648648647,-18.91891891891892,1.6865079365079365,4.698672114402451,52.55585942762326,0.005451373830160287,11.507757321964942,21.79592675874522,20.751964433343247,1.0439623254019743,92.13577904280011,1.0131461895818918,1.0295299316994777,1.0234034905547347,1.0129150272401515,1.0185391749288293,1.0101242062382683,0.7766522495625743,10.674025512595193,0.0279402100866957,0.025365853658536587,0.017444558861012666,0.019915878361116225,0.020547508044511123,1.177874901178116,0.5855349186829358,0.5217496806172048,-0.0012758460835851082,58.771952716170176,81033984.93362832,0.6912018471335736,0.8519460936763736,0.34615384615384615,0.0,0.6538461538461539,0.009765625,0.0009765625,-0.012524084778420042,0.013847675568743778,0.0029354207436398383,0.016865079365079305,0.04698672114402447,-0.0840745495373391,-0.1556836902800659,0.11655773420479303,1,0,54.61005045900227,58.29361279510441,52.56356065584006,55.751872734897226,56.85821560789633,60.12800755412906,46.410946566398785,63.27926071087904,0.8713808724214347,1.1717645383219528,0.9532006310405023,1.8605955969151051,-0.013487475915221592,0.026706231454005858,0.014042126379137487,0.0019607843137254832,12.204229648282036,12.860784519347318,13.103021708756447,14.679419379614988,-0.045098039215686225,0,0.0
2025-09-14,10280.0,10440.0,10220.0,10370.0,57925489150,5587814,642,10200.0,10400.0,58.10341446195363,64.3499488855087,94.5945945945946,85.13513513513512,-5.405405405405405,2.9702970297029703,8.333333333333332,56.64653610970758,0.007127778121985976,11.274767858442146,23.115949076885432,19.59411762286451,3.521831454020923,121.12229243050713,1.0249334778752341,1.0404161664665867,1.039293280569213,1.0233710288043554,1.0308907185059275,1.0140104728784427,0.8750942358331719,10.774936697390961,0.027081270563545347,0.021153846153846155,0.016850989773991038,0.02032276124699309,0.015328350962334605,0.909640986548661,0.9034660255918827,1.026351666381845,0.010943200962838073,59.25467451664998,90226618.61370717,0.7685230961017723,1.1945297236952273,0.5454545454545454,0.18181818181818182,0.2727272727272727,0.002926829268292683,0.014634146341463428,0.015625,0.0019267822736031004,0.04312938816449341,0.02970297029702973,0.08333333333333326,0.6224474229871151,-0.14332784184514002,0.1328976034858388,2,0,54.829612629048654,54.61005045900227,58.29361279510441,49.2033155490107,52.55585942762326,56.85821560789633,60.12800755412906,48.703480798652535,0.5855349186829358,0.8713808724214347,1.1717645383219528,2.2390500744072948,0.0009765625,-0.013487475915221592,0.026706231454005858,-0.024461839530332652,11.507757321964942,12.204229648282036,12.860784519347318,13.919211542388057,-0.07714561234329798,0,0.0
2025-09-15,10440.0,10530.0,10180.0,10360.0,58205550640,5615598,507,10370.0,10210.0,52.87581097304685,52.794188733647516,61.44578313253012,79.04048626940191,-38.55421686746988,4.183673469387755,8.732694355697552,43.956248546434324,0.007093796967873603,11.415086350542257,23.342657923234313,17.88450088669425,5.458157036540062,101.70940170940113,1.0021594032194738,1.0172362259639334,1.0209387436753794,1.003952780257859,1.0111540548086793,1.01873887566746,0.6848374991653412,9.325069881255677,0.02806343766749217,0.034280117531831536,0.016574975483699784,0.018512063043214826,0.01885277038404401,1.1374237266645892,0.8990832848716607,1.0292427779227749,0.003488333628054008,54.4240497921029,114803847.41617358,0.9688802212035624,0.9378468368479467,0.6571428571428571,0.2571428571428571,0.08571428571428572,0.0038461538461538464,-0.018269230769230815,-0.0039024390243902474,-0.0029296875,0.009891196834816984,0.0418367346938775,0.08732694355697546,-1.3631881648844677,-0.15897858319604613,0.11220043572984749,0,1,58.10341446195363,54.829612629048654,54.61005045900227,52.56356065584006,56.64653610970758,52.55585942762326,56.85821560789633,46.410946566398785,0.9034660255918827,0.5855349186829358,0.8713808724214347,0.9532006310405023,0.014634146341463428,0.0009765625,-0.013487475915221592,0.014042126379137487,11.274767858442146,11.507757321964942,12.204229648282036,13.103021708756447,-0.05212355212355213,0,0.0
2025-09-16,10280.0,10280.0,10090.0,10120.0,32431095640,3206124,311,10360.0,10120.0,50.55551638452418,48.02790737718142,50.602409638554214,68.88092912189296,-49.397590361445786,2.2222222222222223,6.638566912539515,27.69480473914041,0.006234182254889394,11.097583289663655,22.209768997781094,19.315443615872073,2.8943253819090202,47.21856317762764,0.9911851126346719,1.0051149625068283,1.012121454574549,0.9958533025410639,1.0020745127902775,1.0211225347041646,0.5650761079183918,7.859969918979487,0.027631705827260274,0.018774703557312252,0.01675457731934094,0.018808239250852517,0.013075566853006126,0.7804175899986517,0.5171905322368716,0.6851806165412531,-0.0033289125217963456,50.205583658562,104280050.28938907,0.8703457573513296,0.5855219806081144,0.8421052631578947,0.0,0.15789473684210525,0.0068560235063663075,-0.008814887365328095,-0.02692307692307694,-0.012682926829268304,-0.025048169556840083,0.022222222222222143,0.06638566912539523,-0.7262040125156046,-0.16639209225700163,0.10239651416122005,0,2,52.87581097304685,58.10341446195363,54.829612629048654,58.29361279510441,43.956248546434324,56.64653610970758,52.55585942762326,60.12800755412906,0.8990832848716607,0.9034660255918827,0.5855349186829358,1.1717645383219528,-0.018269230769230815,0.014634146341463428,0.0009765625,0.026706231454005858,11.415086350542257,11.274767858442146,11.507757321964942,12.860784519347318,-0.021739130434782594,0,1.0
2025-09-17,10060.0,10190.0,10000.0,10040.0,13705430360,1365351,283,10120.0,10050.0,48.7631847837991,44.39132071775696,42.16867469879518,51.405622489959825,-57.83132530120482,-1.4705882352941175,3.9296794208893484,11.26071235229665,0.004922488569224982,10.372844253546253,21.106604971867256,20.70884106773649,0.3977639041307661,5.050505050505625,0.9857773418342325,0.9962825278810409,1.0048794144702635,0.9906468042913541,0.995501314256454,1.0193776746790384,0.44663185453798526,6.965713510890222,0.027187115981765184,0.01890547263681592,0.016482420266475093,0.01616026299001415,0.012316476547951993,0.7472492721838585,0.2254004038334962,0.3525259725485656,-0.0006687773816760334,52.15290943006452,48429082.54416961,0.43184938994351724,0.528724894908921,0.05263157894736842,0.6842105263157895,0.2631578947368421,-0.005928853754940711,-0.00691699604743079,-0.015670910871694366,-0.033653846153846145,-0.0185546875,-0.014705882352941124,0.03929679420889354,-0.5445276427942667,-0.17215815485996705,0.09477124183006536,0,3,50.55551638452418,52.87581097304685,58.10341446195363,54.61005045900227,27.69480473914041,43.956248546434324,56.64653610970758,56.85821560789633,0.5171905322368716,0.8990832848716607,0.9034660255918827,0.8713808724214347,-0.008814887365328095,-0.018269230769230815,0.014634146341463428,-0.013487475915221592,11.097583289663655,11.415086350542257,11.274767858442146,12.204229648282036,-0.029880478087649376,0,1.0
2025-09-20,9740.0,9790.0,9740.0,9740.0,123458405170,12674522,397,10040.0,9740.0,41.71065181496498,31.908409592138142,4.819277108433735,32.530120481927696,-95.18072289156626,-4.6966731898238745,-0.7135575942915392,-19.76199529797814,0.0013868381566675308,10.638195214952164,19.412392445700476,25.778821120586926,-6.36642867488645,-146.3223787167451,0.9598896225485365,0.9658865529551766,0.9740194803896078,0.9660209768914007,0.9673169056186472,1.0147202944058882,0.02682927285971301,7.209543001739716,0.028322064410513506,0.00513347022587269,0.017751860159317033,0.018562035169206525,0.01673818890920065,0.9428977447422963,1.9856135424358026,2.2275545337338993,-0.011423308817552935,43.26821858053572,310978350.5541562,2.591236500852085,0.7413632119514473,0.0,1.0,0.0,-0.030845771144278607,-0.030845771144278555,-0.03754940711462451,-0.046033300685602296,-0.049756097560975654,-0.046966731898238745,-0.007135575942915362,-1.7258885212898352,-0.19769357495881384,0.06100217864923747,0,4,48.7631847837991,50.55551638452418,52.87581097304685,54.829612629048654,11.26071235229665,27.69480473914041,43.956248546434324,52.55585942762326,0.2254004038334962,0.5171905322368716,0.8990832848716607,0.5855349186829358,-0.00691699604743079,-0.008814887365328095,-0.018269230769230815,0.0009765625,10.372844253546253,11.097583289663655,11.415086350542257,11.507757321964942,0.02361396303901442,0,2.0
2025-09-21,9470.0,9670.0,9450.0,9570.0,150196147950,15702439,529,9740.0,9650.0,39.90614574927628,29.133562760863143,18.51851851851852,21.835490108582466,-81.48148148148148,-3.20962888665998,-1.7311608961303464,-44.21737514469831,-0.002279991708492539,11.816022983906896,17.960022138504936,31.331801603081928,-13.371779464576992,-203.07758994364966,0.9540286702916461,0.9577688452185996,0.9650386015440617,0.9634542881730392,0.961342537986086,1.0115404616184647,-0.039379058547083734,7.829587395394581,0.028690894120349517,0.022797927461139896,0.017862417900836338,0.01734019943990739,0.009979666827386385,0.5586963020789658,2.291026712016211,2.035891654903115,-0.025408854539848647,39.661276568561114,283924665.31190926,2.269492058867746,0.9705531602605266,0.8181818181818182,0.09090909090909091,0.09090909090909091,-0.027720739219712527,-0.00924024640657084,-0.03980099502487566,-0.04644268774703553,-0.07211538461538458,-0.032096288866599765,-0.01731160896130346,-0.4769357804846913,-0.20510708401976935,0.05119825708061002,0,5,41.71065181496498,48.7631847837991,50.55551638452418,58.10341446195363,-19.76199529797814,11.26071235229665,27.69480473914041,56.64653610970758,1.9856135424358026,0.2254004038334962,0.5171905322368716,0.9034660255918827,-0.030845771144278555,-0.00691699604743079,-0.008814887365328095,0.014634146341463428,10.638195214952164,10.372844253546253,11.097583289663655,11.274767858442146,0.07210031347962387,1,4.0
2025-09-22,9610.0,9850.0,9610.0,9820.0,36580731650,3723936,422,9570.0,9850.0,45.5441815458251,42.171528769497336,37.03703703703704,20.124944221329752,-62.96296296296296,-2.571711177052423,-0.6054490413723511,-44.66658688293339,-0.0034129724310580133,12.073294355686471,21.52569407091016,29.373194153424866,-7.847500082514706,-120.47598929728245,0.9763108335811279,0.9779101514023331,0.9847439665686921,0.9859368082742226,0.9826302817988468,1.0086377541839122,0.2220790233299095,7.948248046022428,0.027840991061623254,0.024365482233502538,0.018378744854619957,0.018183511452565776,0.018341453545203692,0.9979709545068911,0.5474432845662112,0.507730451687172,-0.01932678332403326,37.977012612860776,86684198.22274882,0.6958862954724012,0.7785259662392768,1.0,0.0,0.0,-0.004145077720207254,0.020725388601036343,0.011293634496919891,-0.01990049751243783,-0.03525954946131249,-0.02571711177052427,-0.006054490413723523,1.135463166405271,-0.1886326194398682,0.07298474945533769,1,0,39.90614574927628,41.71065181496498,48.7631847837991,52.87581097304685,-44.21737514469831,-19.76199529797814,11.26071235229665,43.956248546434324,2.291026712016211,1.9856135424358026,0.2254004038334962,0.8990832848716607,-0.00924024640657084,-0.030845771144278555,-0.00691699604743079,-0.018269230769230815,11.816022983906896,10.638195214952164,10.372844253546253,11.415086350542257,0.07535641547861505,1,4.0
2025-09-23,9740.0,10000.0,9740.0,9900.0,61530639500,6213602,462,9820.0,9950.0,48.162924944133096,47.776250889397346,46.2962962962963,33.950617283950606,-53.7037037037037,-4.142581888246628,-0.30060120240480964,-36.325611301064946,-0.0034530859989265546,11.68272733065223,23.98405193840218,27.37660625895523,-3.3925543205530495,-64.0814081408143,0.990443957794147,0.9879853043391917,0.9948010397920416,0.9965678217914075,0.9931501593063762,1.0043991201759648,0.3494614947885357,7.981144521085147,0.027459001474808738,0.02613065326633166,0.018455306140737354,0.015835902773527664,0.019781897476903135,1.07188129668776,0.893290178261406,0.7829669214979391,-0.013125147165445217,33.667950622885385,133183202.38095239,1.0588936836446021,0.8387799564270153,0.8076923076923077,0.19230769230769232,0.0,-0.01116751269035533,0.010152284263959421,0.031088082901554515,0.021560574948665368,-0.01679841897233203,-0.041425818882466325,-0.0030060120240480437,0.5494814232308646,-0.18039538714991762,0.08387799564270153,2,0,45.5441815458251,39.90614574927628,41.71065181496498,50.55551638452418,-44.66658688293339,-44.21737514469831,-19.76199529797814,27.69480473914041,0.5474432845662112,2.291026712016211,1.9856135424358026,0.5171905322368716,0.020725388601036343,-0.00924024640657084,-0.030845771144278555,-0.008814887365328095,12.073294355686471,11.816022983906896,10.638195214952164,11.097583289663655,0.045454545454545414,0,3.0
2025-09-24,9660.0,9870.0,9640.0,9740.0,79494254950,8164451,977,9900.0,9700.0,42.64201046080291,37.24713236346583,23.14814814814815,35.493827160493815,-76.85185185185185,-5.2734375,-4.901960784313726,-45.16575324410382,-0.00561750370550351,11.666742657225907,22.05878124196072,27.768455332772113,-5.709674090811394,-111.31840796019887,0.9707766212970377,0.9655584312164045,0.9699806003879922,0.9758026808274638,0.9704829058227668,0.9991800163996719,0.09582969278171002,8.521548507766498,0.028437568783258545,0.023711340206185566,0.01850540935261115,0.016987542244822594,0.022164088132796692,1.1977086110591386,1.1470782128969146,0.8782955509967415,-0.017647058448944986,23.762174591264284,81365665.25076766,0.6473663506942644,1.713584144523371,0.17391304347826086,0.7391304347826086,0.08695652173913043,-0.02914572864321608,-0.025125628140703515,-0.015228426395939132,0.005181347150259086,-0.03482587064676612,-0.052734375,-0.0490196078431373,-1.230914608285731,-0.20098846787479407,0.05664488017429194,0,1,48.162924944133096,45.5441815458251,39.90614574927628,48.7631847837991,-36.325611301064946,-44.66658688293339,-44.21737514469831,11.26071235229665,0.893290178261406,0.5474432845662112,2.291026712016211,0.2254004038334962,0.010152284263959421,0.020725388601036343,-0.00924024640657084,-0.00691699604743079,11.68272733065223,12.073294355686471,11.816022983906896,10.372844253546253,0.04825462012320325,0,3.0
2025-09-27,9570.0,10030.0,9570.0,9970.0,204951101290,20554854,1308,9740.0,10030.0,50.67892443525223,53.14821816552261,53.7037037037037,41.04938271604937,-46.2962962962963,-2.1463414634146343,-0.496031746031746,-27.194085047919174,-0.004318707777585164,10.997584878832692,23.505392888832116,24.61137299679922,-1.1059801079671026,-53.81511807286133,1.0060180541624875,0.9986558470652661,1.0024586723169489,1.007604932125519,1.003239284953902,0.9964619105682931,0.48422151955983783,8.518899775117324,0.028813398544145438,0.045862412761714856,0.02004685768322392,0.021063113186101125,0.023559747146887612,1.1752339204065598,2.6024229571773168,1.8906480405683062,0.004432134502019736,41.62453284347854,156690444.411315,1.2075948212561503,2.1702339472374312,1.0,0.0,0.0,-0.013402061855670102,0.03402061855670113,0.008040201005025116,0.018274111675126825,0.02977412731006157,-0.02146341463414636,-0.004960317460317443,1.6999373322999036,-0.17380560131795716,0.09259259259259259,1,0,42.64201046080291,48.162924944133096,45.5441815458251,41.71065181496498,-45.16575324410382,-36.325611301064946,-44.66658688293339,-19.76199529797814,1.1470782128969146,0.893290178261406,0.5474432845662112,1.9856135424358026,-0.025125628140703515,0.010152284263959421,0.020725388601036343,-0.030845771144278555,11.666742657225907,11.68272733065223,12.073294355686471,10.638195214952164,0.054162487462387165,1,3.0
2025-09-29,10560.0,10560.0,10440.0,10560.0,202071583630,19139867,590,10260.0,10560.0,60.63451975642395,69.16797930911693,100.0,76.23456790123456,-0.0,3.4280117531831538,7.755102040816326,36.84135973396211,0.002841794484669952,11.643660945820573,33.321364229532335,21.453182620832255,11.86818160870008,148.60698160995426,1.0569512561305174,1.0466326378908766,1.0538922155688624,1.0468631231511052,1.0499868022301917,0.9971057884231537,0.9961942927681803,9.398060108817738,0.027071122966056262,0.011363636363636364,0.020287885867090443,0.02293468596997506,0.023760076565587915,1.1711460090639514,2.282052922844244,1.7161006307601288,0.026594291278603244,51.22018265874133,342494209.5423729,2.416752084130917,1.012006861063465,0.0,0.0,1.0,0.029239766081871343,0.029239766081871288,0.05284147557328023,0.0886597938144329,0.07208121827411174,0.03428011753183147,0.07755102040816331,1.2472003575517394,-0.1301482701812191,0.1503267973856209,3,0,55.372428842106075,50.67892443525223,42.64201046080291,45.5441815458251,0.32081620768833474,-27.194085047919174,-45.16575324410382,-44.66658688293339,0.21884382160334453,2.6024229571773168,1.1470782128969146,0.5474432845662112,0.022931206380857327,0.03402061855670113,-0.025125628140703515,0.020725388601036343,10.872609510079675,10.997584878832692,11.666742657225907,12.073294355686471,0.02367424242424243,0,2.0
2025-09-30,10570.0,10610.0,10250.0,10350.0,283986841790,27445190,1221,10560.0,10250.0,53.601280615646644,55.389922753149875,68.96551724137932,81.32183908045975,-31.03448275862069,1.2845849802371543,3.535353535353535,38.079254288371786,0.003977273939962665,11.617725314696,30.37859332877809,24.21960918340581,6.15898414537228,90.01636661211116,1.0245901639344261,1.0141486098743444,1.0232400271532962,1.0136158093705891,1.0177186686466975,0.9986822665016172,0.6519132480363289,9.313611589004388,0.028406437357353338,0.0351219512195122,0.02153485074918702,0.024998429851622574,0.030944218106650354,1.4369367341827783,2.9116905076363846,1.7822209055214386,0.0038800797389066943,42.5624176167714,232585456.01146603,1.5760017617075746,1.9840753981150472,0.8888888888888888,0.1111111111111111,0.0,0.000946969696969697,-0.029356060606060552,-0.0009746588693957392,0.02193419740777669,0.03015075376884413,0.012845849802371578,0.03535353535353525,-1.454143399149134,-0.1556836902800659,0.11655773420479303,0,1,60.63451975642395,55.372428842106075,50.67892443525223,48.162924944133096,36.84135973396211,0.32081620768833474,-27.194085047919174,-36.325611301064946,2.282052922844244,0.21884382160334453,2.6024229571773168,0.893290178261406,0.029239766081871288,0.022931206380857327,0.03402061855670113,0.010152284263959421,11.643660945820573,10.872609510079675,10.997584878832692,11.68272733065223,0.0608695652173914,1,3.0
2025-10-01,10110.0,10400.0,10080.0,10210.0,112552431690,11027624,699,10350.0,10230.0,53.172754214483675,54.57171132812506,67.24137931034483,78.73563218390802,-32.758620689655174,1.791044776119403,0.29411764705882354,35.55810771160896,0.004607569720015321,10.989490144419431,28.010560899858746,26.472804454282294,1.537756445576452,42.6772697150428,1.0207543404510078,1.0120195874758866,1.0217126420709906,1.0098299572426594,1.0145505207400771,1.000938817090466,0.6286998285557016,9.339241249015746,0.028663299663924956,0.03128054740957967,0.02048249027256681,0.02486030324080367,0.026463818077030684,1.2920215132470956,1.181655005622911,0.6904318732250732,0.001968133922622295,40.299608832512604,161019215.57939914,1.0931262647307616,1.1439325750756895,0.375,0.53125,0.09375,-0.013658536585365854,-0.0019512195121951237,-0.03125,-0.0029239766081871066,0.05463917525773199,0.017910447761193993,0.002941176470588225,-0.11215469668950102,-0.15733113673805602,0.11437908496732026,0,2,53.601280615646644,60.63451975642395,55.372428842106075,42.64201046080291,38.079254288371786,36.84135973396211,0.32081620768833474,-45.16575324410382,2.9116905076363846,2.282052922844244,0.21884382160334453,1.1470782128969146,-0.029356060606060552,0.029239766081871288,0.022931206380857327,-0.025125628140703515,11.617725314696,11.643660945820573,10.872609510079675,11.666742657225907,0.06758080313418224,1,4.0
2025-10-04,10450.0,10510.0,10440.0,10510.0,93065509790,8857920,296,10210.0,10510.0,58.20994168125662,63.401869887167784,91.37931034482759,75.86206896551722,-8.620689655172415,7.905544147843943,2.8375733855185907,49.877284673263425,0.007033676152780881,10.755275483874627,28.782089320220237,24.66134164715335,4.120747673066887,111.69652265542665,1.0406970987226458,1.0382297737824755,1.04995004995005,1.031523233594736,1.0390620447377215,1.008891108891109,0.8856724859705034,9.91249704688537,0.027809788108640612,0.006660323501427212,0.021357297120533875,0.023050205386195986,0.02515067475008515,1.177615060938781,0.9556547640416317,0.6497563208408031,-0.005848954613951185,41.724549030747525,314410506.0472973,2.0260376391873036,0.49940948203138175,0.8571428571428571,0.0,0.14285714285714285,0.021505376344086023,0.027370478983382185,0.025365853658536608,-0.004734848484848508,0.047856430707876374,0.07905544147843946,0.02837573385518599,1.205864493656738,-0.1342668863261944,0.144880174291939,1,0,53.172754214483675,53.601280615646644,60.63451975642395,50.67892443525223,35.55810771160896,38.079254288371786,36.84135973396211,-27.194085047919174,1.181655005622911,2.9116905076363846,2.282052922844244,2.6024229571773168,-0.0019512195121951237,-0.029356060606060552,0.029239766081871288,0.03402061855670113,10.989490144419431,11.617725314696,11.643660945820573,10.997584878832692,0.05328258801141761,1,3.0
2025-10-05,10820.0,10820.0,10670.0,10800.0,160454595910,14853938,883,10510.0,10820.0,62.960483582688234,70.74650652392378,100.0,86.20689655172413,-0.0,12.124352331606218,8.525576730190572,75.80186475349241,0.0109795732564075,11.410855938895988,34.15421077983352,22.801083161317962,11.353127618515558,168.43345111896355,1.0591229444009398,1.0643844375584084,1.0802284253823728,1.0519233159138432,1.0642146428983554,1.0199273191965177,1.0637392023340513,11.420961553114852,0.027129993063662313,0.013863216266173753,0.02129758045600677,0.02310881387752925,0.026168257753710397,1.228696274103282,1.5847585831228257,0.9132506733299772,0.0029130659244256396,49.20048674815093,181715284.1562854,1.1628929645174166,1.4793097671301727,0.0,0.0,1.0,0.029495718363463368,0.02949571836346343,0.05767350928641246,0.055609756097561025,0.05458089668615984,0.12124352331606225,0.08525576730190565,1.1823581469987299,-0.10873146622734761,0.1786492374727669,2,0,58.20994168125662,53.172754214483675,53.601280615646644,55.372428842106075,49.877284673263425,35.55810771160896,38.079254288371786,0.32081620768833474,0.9556547640416317,1.181655005622911,2.9116905076363846,0.21884382160334453,0.027370478983382185,-0.0019512195121951237,-0.029356060606060552,0.022931206380857327,10.755275483874627,10.989490144419431,11.617725314696,10.872609510079675,0.05277777777777781,1,3.0
2025-10-06,10640.0,11020.0,10550.0,10810.0,129294534110,11959939,996,10800.0,10690.0,59.886069722872044,64.421371081309,78.98089171974522,90.1200673548576,-21.019108280254777,8.527918781725887,5.736894164193868,79.38893748559249,0.013305265644324356,12.501522393212225,35.0752148437245,20.30079283098456,14.774422012739944,144.58598726114673,1.0378640776699029,1.0486046397567315,1.0663767132853181,1.033041189576962,1.0474381084877629,1.0274724178520838,0.8977289165214113,12.220544631713997,0.028638947109012033,0.04396632366697849,0.021467496509925865,0.023998119914360773,0.02545777140705764,1.1858751855525773,1.2338560308394602,0.8065278675479194,-0.01755255446677062,46.36482892942811,129813789.26706827,0.82362726529509,1.6080077494349372,0.10638297872340426,0.7021276595744681,0.19148936170212766,-0.0166358595194085,-0.01201478743068396,0.01712654614652709,0.04496578690127073,0.012310606060605966,0.08527918781725896,0.05736894164193873,-0.699955504042501,-0.11943986820428336,0.1644880174291939,0,1,62.960483582688234,58.20994168125662,53.172754214483675,60.63451975642395,75.80186475349241,49.877284673263425,35.55810771160896,36.84135973396211,1.5847585831228257,0.9556547640416317,1.181655005622911,2.282052922844244,0.02949571836346343,0.027370478983382185,-0.0019512195121951237,0.029239766081871288,11.410855938895988,10.755275483874627,10.989490144419431,11.643660945820573,0.0518038852913969,1,3.0
2025-10-07,10550.0,11100.0,10550.0,10980.0,118141359630,10758521,638,10810.0,11070.0,65.23067313647738,72.7345119578917,98.18181818181819,92.38756996718779,-1.8181818181818181,11.256281407035177,6.6473988439306355,101.15331818109328,0.017099006321463547,13.697725996435633,32.58261458210428,17.835992424821306,14.746622157282971,161.7933723196877,1.0631963119477525,1.082217225535243,1.1026116058088808,1.0584033617008561,1.0779110133954353,1.037072451642463,1.077777802183926,14.229903818470074,0.02922928429306622,0.04968383017163505,0.022063831523374253,0.025492324577041068,0.021213847580727016,0.9614761406355569,1.089298680685546,0.9362083487083473,0.0076813716363819395,50.28175959201134,185174544.87460816,1.147558379900524,1.0321954376314513,0.9454545454545454,0.05454545454545454,0.0,-0.013096351730589336,0.035547240411599734,0.02310536044362288,0.05328258801141761,0.08000000000000007,0.11256281407035185,0.06647398843930641,1.4545834897383263,-0.08813838550247118,0.20588235294117646,1,0,59.886069722872044,62.960483582688234,58.20994168125662,53.601280615646644,79.38893748559249,75.80186475349241,49.877284673263425,38.079254288371786,1.2338560308394602,1.5847585831228257,0.9556547640416317,2.9116905076363846,-0.01201478743068396,0.02949571836346343,0.027370478983382185,-0.029356060606060552,12.501522393212225,11.410855938895988,10.755275483874627,11.617725314696,0.031876138433515555,0,3.0
2025-10-08,10900.0,11080.0,10820.0,10900.0,73523948150,6746364,570,10980.0,10880.0,60.86414293864924,64.01001040696337,86.66666666666667,87.94312552274334,-13.333333333333334,12.164948453608247,6.25,96.56334130566793,0.019194564193896427,14.808486485143082,30.68589596186508,16.797712981121148,13.888182980743931,142.85714285714286,1.0332383665717,1.0603255043368094,1.0823932032073857,1.0338376058317262,1.0547684976009157,1.0475735689130306,0.8961715417544163,15.22711703866014,0.029322389066538595,0.02389705882352941,0.022227092932963793,0.024336208581243295,0.025109515728685795,1.1296806021559047,0.678431477843911,0.6343348011069965,0.010623668295836053,56.028580195638426,128989382.71929824,0.7923264631526956,0.9208400646203554,0.07692307692307693,0.6923076923076923,0.23076923076923078,-0.015356820234869015,-0.017163504968383037,0.017773620205799867,0.005545286506469571,0.06353861192570864,0.12164948453608249,0.0625,-0.9192951563518696,-0.10378912685337727,0.18518518518518517,0,1,65.23067313647738,59.886069722872044,62.960483582688234,53.172754214483675,101.15331818109328,79.38893748559249,75.80186475349241,35.55810771160896,1.089298680685546,1.2338560308394602,1.5847585831228257,1.181655005622911,0.035547240411599734,-0.01201478743068396,0.02949571836346343,-0.0019512195121951237,13.697725996435633,12.501522393212225,11.410855938895988,10.989490144419431,0.03302752293577971,0,3.0
2025-10-11,10890.0,11140.0,10890.0,11070.0,38096398120,3442689,421,10900.0,11100.0,63.879201254144895,69.02855147286455,97.45222929936305,94.10023804928262,-2.5477707006369426,10.667996011964108,8.292682926829269,101.6407326235759,0.02156075972102658,15.989327364548151,30.237025629051622,15.806778313544367,14.430247315507255,142.03991827754223,1.0435273103318605,1.0773038287960401,1.101890088945362,1.0459336520244988,1.0700648165570406,1.0559283672172808,0.961756278098267,16.74126210355261,0.028361381657472453,0.02252252252252252,0.022536969599821415,0.023306402235557383,0.024250287390460538,1.0760225452250998,0.3464628029424444,0.3604045655983107,0.006932869930303065,62.31853473094406,90490256.81710213,0.5542331878844268,0.6818365859583772,0.84,0.16,0.0,0.0009191176470588235,0.020220588235294157,0.0027100271002709064,0.03835360149672584,0.056137012369172234,0.10667996011964109,0.08292682926829276,0.7094402365428355,-0.085667215815486,0.20915032679738563,1,0,60.86414293864924,65.23067313647738,59.886069722872044,58.20994168125662,96.56334130566793,101.15331818109328,79.38893748559249,49.877284673263425,0.678431477843911,1.089298680685546,1.2338560308394602,0.9556547640416317,-0.017163504968383037,0.035547240411599734,-0.01201478743068396,0.027370478983382185,14.808486485143082,13.697725996435633,12.501522393212225,10.755275483874627,0.046070460704606964,0,3.0
2025-10-12,10950.0,11400.0,10950.0,11370.0,167840525720,14765586,676,11070.0,11400.0,67.55044234425486,74.65181029665442,100.0,94.70629865534323,-0.0,11.11111111111111,9.615384615384617,117.38503111010004,0.024948683260302123,17.680455175678283,32.965304567740446,14.24090603349623,18.724398534244216,152.0565018695471,1.0603664775369732,1.101076930506592,1.1280650715430744,1.0620777551510747,1.0909860954034252,1.06384452492628,1.0306099301679186,19.04919692599889,0.028462076273015505,0.039473684210526314,0.023003564392920867,0.023584795299656607,0.023806157437226094,1.034889942732189,1.4203734963648973,1.5486287140678645,0.006805955948416154,65.1330210196692,248284801.36094674,1.4504819791901253,1.0918194298635227,1.0,0.0,0.0,-0.013513513513513514,0.027027027027026973,0.047794117647058876,0.02981029810298108,0.05360443622920519,0.11111111111111116,0.09615384615384626,0.9639996403398648,-0.060955518945634266,0.24183006535947713,2,0,63.879201254144895,60.86414293864924,65.23067313647738,62.960483582688234,101.6407326235759,96.56334130566793,101.15331818109328,75.80186475349241,0.3464628029424444,0.678431477843911,1.089298680685546,1.5847585831228257,0.020220588235294157,-0.017163504968383037,0.035547240411599734,0.02949571836346343,15.989327364548151,14.808486485143082,13.697725996435633,11.410855938895988,0.020228671943711474,0,2.0
2025-10-13,11500.0,11500.0,11270.0,11370.0,175110294500,15394517,1047,11370.0,11360.0,66.5787812337754,72.60132514093337,92.74611398963731,96.73278109633344,-7.253886010362694,7.575757575757576,11.263467189030363,117.0242482862439,0.027580129261896923,19.45687282674141,33.508905338061176,13.504541564014902,20.004363774046276,145.2065194763846,1.0488412888929923,1.091153587551628,1.1207134682924904,1.0489347715304314,1.0801842386219132,1.0685253147073912,0.9409965572512528,20.66990910763377,0.027968307995855743,0.020246478873239437,0.022452927355448075,0.02301297260834583,0.022011321540785132,0.980331926983419,1.4143507301955986,1.5060865513413964,0.004563949990726401,67.27427446432958,167249564.94746897,0.9623310689917919,1.620366787897547,0.6086956521739131,0.0,0.391304347826087,0.008771929824561403,-0.0035087719298245723,0.023423423423423406,0.044117647058823595,0.06267539756782048,0.07575757575757569,0.11263467189030352,-0.40522084062698166,-0.0642504118616145,0.2374727668845316,0,1,67.55044234425486,63.879201254144895,60.86414293864924,59.886069722872044,117.38503111010004,101.6407326235759,96.56334130566793,79.38893748559249,1.4203734963648973,0.3464628029424444,0.678431477843911,1.2338560308394602,0.027027027027026973,0.020220588235294157,-0.017163504968383037,-0.01201478743068396,17.680455175678283,15.989327364548151,14.808486485143082,12.501522393212225,0.0237467018469657,0,2.0
2025-10-14,11390.0,11440.0,11060.0,11330.0,104829235000,9253713,590,11370.0,11160.0,61.79271618371146,62.575156121121715,82.38341968911917,91.70984455958548,-17.616580310880828,8.878048780487804,10.276679841897234,96.11047719186229,0.028353415467628408,20.11270989897574,30.68576419293647,17.02272476747609,13.66303942546038,107.25436179981624,1.0217908807910638,1.0666156933957756,1.0976257450282274,1.0256600086448486,1.0563805744750334,1.0742175974192025,0.812689510903162,21.304102335689176,0.02886814980048628,0.034050179211469536,0.02283258421095375,0.021142168880203194,0.020857234856109855,0.9134855110313691,0.8271925521827955,0.9327800172203748,-0.008753681067514618,66.40117903038266,177676669.4915254,1.0011864422958516,0.8938039690955916,0.6052631578947368,0.13157894736842105,0.2631578947368421,0.002640845070422535,-0.017605633802816878,-0.021052631578947323,0.00540540540540535,0.008130081300812941,0.08878048780487813,0.1027667984189724,-0.996633514559084,-0.08072487644151564,0.21568627450980393,0,2,66.5787812337754,67.55044234425486,63.879201254144895,65.23067313647738,117.0242482862439,117.38503111010004,101.6407326235759,101.15331818109328,1.4143507301955986,1.4203734963648973,0.3464628029424444,1.089298680685546,-0.0035087719298245723,0.027027027027026973,0.020220588235294157,0.035547240411599734,19.45687282674141,17.680455175678283,15.989327364548151,13.697725996435633,0.02559576345984116,0,2.0
2025-10-15,11070.0,11400.0,11010.0,11260.0,67578738150,6003101,408,11330.0,11380.0,64.79100683676933,68.20932321014183,91.54929577464789,88.89294315113477,-8.450704225352112,11.241446725317692,13.233830845771145,89.99518925094935,0.029244958347149158,20.497387039092192,28.071752252259923,16.664753164176602,11.406999088083321,101.20508568269767,1.0310772854942467,1.0807730661474904,1.1156425238225953,1.0385486984745493,1.07107987205544,1.0820163915140584,0.8648448893123147,22.13901537712016,0.028735822075411435,0.03427065026362039,0.02286830060576474,0.021034423693286033,0.018906580213542325,0.8267593005479503,0.5257218140651225,0.6143214703778005,-0.0002913082832953773,63.785859291720755,165634162.13235295,0.9034933816865908,0.6122908381481204,0.7948717948717948,0.05128205128205128,0.15384615384615385,-0.008064516129032258,0.019713261648745428,0.0017605633802817433,-0.0017543859649122862,0.045955882352941124,0.11241446725317683,0.13233830845771144,0.578602850567257,-0.06260296540362438,0.23965141612200436,1,0,61.79271618371146,66.5787812337754,67.55044234425486,60.86414293864924,96.11047719186229,117.0242482862439,117.38503111010004,96.56334130566793,0.8271925521827955,1.4143507301955986,1.4203734963648973,0.678431477843911,-0.017605633802816878,-0.0035087719298245723,0.027027027027026973,-0.017163504968383037,20.11270989897574,19.45687282674141,17.680455175678283,14.808486485143082,0.04440497335701599,0,3.0
2025-10-18,11440.0,11590.0,11350.0,11580.0,346977575990,29966874,580,11260.0,11590.0,67.41927462753391,72.77388241506311,100.0,91.31090515458901,-0.0,10.275927687916269,18.993839835728956,92.63258347663538,0.030940739092787085,21.337942345675575,30.80216711962407,15.774220508981628,15.027946610642442,119.60211914801604,1.0399282189322565,1.0911316136320843,1.1323888617489009,1.048404698856917,1.0835534569227703,1.0889106008793357,0.905509777745975,22.473345559912065,0.027678895093284653,0.02070750647109577,0.021231426511562956,0.020439598217817365,0.018663296554274348,0.8790411018359993,2.439624474540681,1.9876205217644203,0.0173560263413568,69.52457854636971,598237199.9827586,3.0261484144271846,0.8586232420429312,0.625,0.0,0.375,0.005272407732864675,0.018453427065026284,0.03853046594982068,0.020246478873239493,0.04414414414414414,0.10275927687916275,0.18993839835728954,0.4477734653751333,-0.045304777594728174,0.2625272331154684,2,0,64.79100683676933,61.79271618371146,66.5787812337754,63.879201254144895,89.99518925094935,96.11047719186229,117.0242482862439,101.6407326235759,0.5257218140651225,0.8271925521827955,1.4143507301955986,0.3464628029424444,0.019713261648745428,-0.017605633802816878,-0.0035087719298245723,0.020220588235294157,20.497387039092192,20.11270989897574,19.45687282674141,15.989327364548151,0.03886010362694292,0,3.0
2025-10-19,11700.0,11700.0,11490.0,11600.0,105692776880,9112849,826,11580.0,11520.0,65.6598158518814,68.92527918820846,88.88888888888889,93.47939488784557,-11.11111111111111,6.469500924214418,19.378238341968913,82.5376584889786,0.03204363330902693,22.377763746943376,31.83667674003134,15.017987816856365,16.818688923174975,116.98192378617736,1.0271957200178332,1.0750781578087816,1.1218011140108284,1.035370996731643,1.0709003082596251,1.0921006504888404,0.8446809050197648,21.78193126320024,0.02716008881265624,0.018229166666666668,0.02109877963903107,0.019754257579507488,0.01630670016967521,0.7728740926564827,0.762331646497085,0.6534283133021336,0.0014552928582884928,68.0416056413186,127957356.9975787,0.673846535975794,1.1964945317592526,0.8571428571428571,0.0,0.14285714285714285,0.009490940465918895,-0.006039689387402958,0.012302284710017597,0.032258064516129004,0.010526315789473717,0.06469500924214411,0.193782383419689,-0.7178744523890949,-0.051070840197693576,0.2549019607843137,0,1,67.41927462753391,64.79100683676933,61.79271618371146,67.55044234425486,92.63258347663538,89.99518925094935,96.11047719186229,117.38503111010004,2.439624474540681,0.5257218140651225,0.8271925521827955,1.4203734963648973,0.018453427065026284,0.019713261648745428,-0.017605633802816878,0.027027027027026973,21.337942345675575,20.497387039092192,20.11270989897574,17.680455175678283,0.040517241379310454,0,3.0
2025-10-20,11580.0,11660.0,11420.0,11640.0,331554173060,28495111,635,11600.0,11550.0,66.06851690859013,69.72579577602976,90.74074074074075,93.20987654320987,-9.25925925925926,8.044901777362021,17.258883248730964,71.18520149575806,0.03251831161045102,22.999414370138656,30.0628379539774,15.806307386771062,14.256530567206338,105.46204053589854,1.0220334483674012,1.0693949354196566,1.121032708919732,1.0320232273103203,1.0678602465239257,1.0968649907793846,0.8258696884195641,21.29530235113769,0.026638805816842293,0.02077922077922078,0.02096221848638368,0.018750316389237336,0.015997677630202087,0.7631672020112573,2.159951792822931,1.7200618174348046,0.030682407415144164,66.54526798288136,522132556.0,2.466806458125874,0.905848787446505,0.125,0.3333333333333333,0.5416666666666666,0.005208333333333333,0.0026041666666667407,-0.00345125107851596,0.01493848857644986,0.016725352112676006,0.08044901777362012,0.17258883248730972,-0.26697354253294475,-0.048599670510708404,0.2581699346405229,1,0,65.6598158518814,67.41927462753391,64.79100683676933,66.5787812337754,82.5376584889786,92.63258347663538,89.99518925094935,117.0242482862439,0.762331646497085,2.439624474540681,0.5257218140651225,1.4143507301955986,-0.006039689387402958,0.018453427065026284,0.019713261648745428,-0.0035087719298245723,22.377763746943376,21.337942345675575,20.497387039092192,19.45687282674141,0.04467353951890041,0,3.0
2025-10-21,11600.0,11770.0,11550.0,11620.0,90456360450,7783767,438,11640.0,11640.0,67.32491092428117,72.22966828471897,90.22556390977444,89.95173117980134,-9.774436090225564,5.149051490514905,16.984924623115578,63.30647671408474,0.03294969016302038,23.85511690144237,31.102261105108862,14.982246179173679,16.120014925935184,110.52791191359313,1.0248283148441628,1.069361506660542,1.1265097553422112,1.0336934446694341,1.0701423637993563,1.0992180241560856,0.8323418791160784,20.870528518711257,0.02589480052404805,0.018900343642611683,0.020957295339963645,0.016069827078762547,0.01085670559909023,0.5180394427322635,0.5865252475594557,0.47834342256016227,0.04228269350799607,71.83647723912455,206521370.89041096,0.9590912020885345,0.6258931123178051,0.18181818181818182,0.5909090909090909,0.22727272727272727,0.004329004329004329,0.007792207792207684,0.01041666666666674,0.004314063848144922,0.043010752688172005,0.051490514905149,0.16984924623115583,-0.013852588075967244,-0.04118616144975288,0.2679738562091503,2,0,66.06851690859013,65.6598158518814,67.41927462753391,61.79271618371146,71.18520149575806,82.5376584889786,92.63258347663538,96.11047719186229,2.159951792822931,0.762331646497085,2.439624474540681,0.8271925521827955,0.0026041666666667407,-0.006039689387402958,0.018453427065026284,-0.017605633802816878,22.999414370138656,22.377763746943376,21.337942345675575,20.11270989897574,0.05249569707401025,1,3.0
2025-10-22,11720.0,11910.0,11690.0,11760.0,249167432590,21186290,633,11620.0,11900.0,70.7001457863023,78.28324483756796,99.26470588235294,93.41033684428936,-0.7352941176470589,9.375,22.68041237113402,68.72275034025421,0.03412868526964624,24.983861401661137,32.439857155134035,14.016434681763156,18.423422473370877,125.9313190146827,1.0383944153577662,1.0823101409731697,1.1475852491899399,1.0476309042111551,1.086477094612262,1.1051535256904799,0.918870171037211,19.650513849996127,0.025140463477184582,0.018487394957983194,0.0196451746447594,0.014778641280756358,0.011573570094687983,0.5891304253574239,1.5217766755921915,1.097224813273651,0.05224097251184978,73.90273123216616,393629435.371248,1.7044406968399166,0.9273366539701142,0.8181818181818182,0.045454545454545456,0.13636363636363635,0.006872852233676976,0.022336769759450092,0.030303030303030276,0.03298611111111116,0.04569420035149374,0.09375,0.2268041237113403,0.604786137438247,-0.019769357495881382,0.2962962962962963,3,0,67.32491092428117,66.06851690859013,65.6598158518814,64.79100683676933,63.30647671408474,71.18520149575806,82.5376584889786,89.99518925094935,0.5865252475594557,2.159951792822931,0.762331646497085,0.5257218140651225,0.007792207792207684,0.0026041666666667407,-0.006039689387402958,0.019713261648745428,23.85511690144237,22.999414370138656,22.377763746943376,20.497387039092192,0.04506802721088432,0,3.0
2025-10-25,12100.0,12110.0,11880.0,12030.0,372467541550,30960659,1170,11760.0,12000.0,71.90232426633247,80.21819721572203,92.94871794871794,94.14632924694843,-7.051282051282051,8.108108108108109,19.641076769690926,71.82068212805211,0.03559870475238343,26.46154006662307,35.48383201011382,13.233817567284028,22.250014442829794,137.48291713256293,1.0389610389610389,1.0817145175102538,1.1523171176707832,1.0473412626491738,1.0879026154792764,1.1091052257581286,0.9237700944672325,19.28274755041079,0.024519224404288418,0.019166666666666665,0.018846773161612894,0.01425369960115771,0.010334027509202147,0.5483181349182094,2.143738720814434,1.5870965379927857,0.05186709766817921,76.23848691075634,318348326.1111111,1.331854491994726,1.7315376646440728,0.43478260869565216,0.043478260869565216,0.5217391304347826,0.01680672268907563,0.008403361344537785,0.030927835051546282,0.03896103896103886,0.035375323554788674,0.08108108108108114,0.19641076769690935,-0.04093094637396799,-0.011532125205930808,0.30718954248366015,4,0,70.7001457863023,67.32491092428117,66.06851690859013,67.41927462753391,68.72275034025421,63.30647671408474,71.18520149575806,92.63258347663538,1.5217766755921915,0.5865252475594557,2.159951792822931,2.439624474540681,0.022336769759450092,0.007792207792207684,0.0026041666666667407,0.018453427065026284,24.983861401661137,23.85511690144237,22.999414370138656,21.337942345675575,0.03158769742310885,0,3.0
2025-10-26,12090.0,12220.0,12010.0,12070.0,215607974030,17857162,1074,12030.0,12050.0,72.50967293605517,81.1955530394412,89.82035928143712,94.01126103750265,-10.179640718562874,5.701754385964912,17.446393762183234,69.94854640861683,0.03674684298019254,28.049975664217595,36.273339413441455,12.514054820604773,23.759284592836682,137.90453525700633,1.0374515712440808,1.0775283913082356,1.1516993539014413,1.0434052673557834,1.085006420253984,1.1101234851091486,0.9031966798693396,19.228429989393675,0.023977468921570794,0.017427385892116183,0.01859124406034423,0.012583727763311677,0.007809186573800667,0.42004647717244126,1.170916598436766,0.8400762044808506,0.06992095038482904,82.33535257003842,200752303.56610802,0.8205498806437915,1.4925995413800293,0.19047619047619047,0.6190476190476191,0.19047619047619047,0.0075,0.004166666666666652,0.012605042016806678,0.0352233676975946,0.04600694444444442,0.05701754385964919,0.17446393762183243,-0.21891401890867113,-0.007413509060955519,0.31263616557734203,5,0,71.90232426633247,70.7001457863023,67.32491092428117,65.6598158518814,71.82068212805211,68.72275034025421,63.30647671408474,82.5376584889786,2.143738720814434,1.5217766755921915,0.5865252475594557,0.762331646497085,0.008403361344537785,0.022336769759450092,0.007792207792207684,-0.006039689387402958,26.46154006662307,24.983861401661137,23.85511690144237,22.377763746943376,0.028169014084507005,0,2.0
2025-10-27,12050.0,12210.0,12000.0,12160.0,223428626160,18376273,879,12070.0,12180.0,74.07853670662573,83.64642038009231,97.14285714285714,93.30397812433739,-2.857142857142857,7.21830985915493,15.340909090909092,70.00539532883658,0.037796195046284814,29.467304544473787,34.352697660532016,12.103585221766535,22.24911243876548,130.6706114398423,1.0412926391382407,1.0813210227272727,1.1579487764531402,1.045866678236028,1.0889110953223204,1.1120301180765502,0.909500914641041,19.85856925339394,0.023258682304504254,0.017241379310344827,0.017940555148468998,0.012237272971520139,0.006925251602519491,0.38601099827785845,1.2079795262607518,0.9554637985625226,0.062099878535788466,83.06508546680777,254185012.69624573,1.0580445890094572,1.1975476839237058,0.6190476190476191,0.14285714285714285,0.23809523809523808,0.0,0.010788381742738551,0.014999999999999902,0.0235294117647058,0.05454545454545445,0.07218309859154926,0.15340909090909083,0.19366180759256585,0.0,0.32679738562091504,6,0,72.50967293605517,71.90232426633247,70.7001457863023,66.06851690859013,69.94854640861683,71.82068212805211,68.72275034025421,71.18520149575806,1.170916598436766,2.143738720814434,1.5217766755921915,2.159951792822931,0.004166666666666652,0.008403361344537785,0.022336769759450092,0.0026041666666667407,28.049975664217595,26.46154006662307,24.983861401661137,22.999414370138656,0.03865131578947367,0,3.0
2025-10-28,12140.0,12380.0,12080.0,12230.0,113884465950,9315530,641,12160.0,12240.0,74.79354276002549,84.71885268890094,90.60402684563758,92.5224144233106,-9.395973154362416,9.67741935483871,19.414634146341463,66.64152141238696,0.03869723546571865,31.119797777690565,36.033481075593066,11.191891506590615,24.84158956900245,131.15596330275253,1.036848792884371,1.0771329255951072,1.1576000605281076,1.0428334937113004,1.086686480222886,1.1164598622985549,0.9007054877085423,19.24928107079248,0.02324217878206818,0.024509803921568627,0.015757460159342183,0.008775543606377686,0.007332490080873833,0.46533451499965195,0.651166029233063,0.4767614948563765,0.06277351212138371,83.32765611956056,177666873.55694228,0.7480885892226075,0.9092198581560283,0.3333333333333333,0.4666666666666667,0.2,-0.003284072249589491,0.0049261083743843415,0.015767634854771728,0.020000000000000018,0.05154639175257736,0.09677419354838701,0.19414634146341458,-0.26031996505971666,0.0,0.3333333333333333,7,0,74.07853670662573,72.50967293605517,71.90232426633247,67.32491092428117,70.00539532883658,69.94854640861683,71.82068212805211,63.30647671408474,1.2079795262607518,1.170916598436766,2.143738720814434,0.5865252475594557,0.010788381742738551,0.004166666666666652,0.008403361344537785,0.007792207792207684,29.467304544473787,28.049975664217595,26.46154006662307,23.85511690144237,0.03107113654946847,0,3.0
2025-10-29,12210.0,12340.0,12170.0,12290.0,140344379000,11418127,831,12230.0,12320.0,75.75386320602003,86.13338550671283,95.8041958041958,94.51702659756349,-4.195804195804196,8.260105448154658,20.43010752688172,62.4344082904243,0.03937140024764932,32.654255779963286,34.44991763582197,10.70004143597043,23.74987619985154,125.87008418142987,1.0353811244642408,1.074293686780607,1.1593548265672933,1.0416925666265684,1.0862425168898644,1.1197372630944986,0.9102028930620095,18.111448757962826,0.022427501668614847,0.013798701298701298,0.015559254143837102,0.007995224598113533,0.0026860268784664088,0.17263211035924386,0.7970520849036015,0.6492902906159854,0.05573831116910499,83.95898774350286,168886135.9807461,0.7099403691951477,1.1677908937605397,0.6470588235294118,0.11764705882352941,0.23529411764705882,-0.0024509803921568627,0.006535947712418277,0.011494252873563315,0.022406639004149298,0.03529411764705892,0.08260105448154653,0.20430107526881724,-0.18744474987972165,0.0,0.3420479302832244,8,0,74.79354276002549,74.07853670662573,72.50967293605517,70.7001457863023,66.64152141238696,70.00539532883658,69.94854640861683,68.72275034025421,0.651166029233063,1.2079795262607518,1.170916598436766,1.5217766755921915,0.0049261083743843415,0.010788381742738551,0.004166666666666652,0.022336769759450092,31.119797777690565,29.467304544473787,28.049975664217595,24.983861401661137,0.020341741253051326,0,2.0
2025-11-01,12360.0,12620.0,12210.0,12410.0,180194698290,14517251,831,12290.0,12270.0,73.85987345153117,80.68724596574839,78.26086956521739,88.22303073835025,-21.73913043478261,5.867126833477135,16.74595623215985,49.480716050512115,0.03948428181122701,34.57756636757535,37.91707708055654,9.603832263795189,28.313244816761348,127.67319759252126,1.0253196289796942,1.0617860851505712,1.1493283875681448,1.0315194120051647,1.0753157349040885,1.120946439611083,0.8583253885350038,17.243010718046126,0.02329717468416203,0.03341483292583537,0.015238139242996,0.007892464670660758,0.005413511664441299,0.355260677049499,0.9937596199061471,1.0154147321463107,0.026391427841141235,84.03837070913619,216840792.16606498,0.9306100682852164,1.1254824947518114,0.21951219512195122,0.6341463414634146,0.14634146341463414,0.003246753246753247,-0.0040584415584415945,0.002450980392156854,0.00738916256157629,0.022499999999999964,0.05867126833477143,0.16745956232159842,-0.783523733093793,-0.004058441558441558,0.3366013071895425,0,1,75.75386320602003,74.79354276002549,74.07853670662573,71.90232426633247,62.4344082904243,66.64152141238696,70.00539532883658,71.82068212805211,0.7970520849036015,0.651166029233063,1.2079795262607518,2.143738720814434,0.006535947712418277,0.0049261083743843415,0.010788381742738551,0.008403361344537785,32.654255779963286,31.119797777690565,29.467304544473787,26.46154006662307,0.017727639000805873,0,2.0
2025-11-02,12250.0,12500.0,12150.0,12410.0,58644735900,4726290,602,12410.0,12480.0,76.51561608348423,85.2554448325519,91.30434782608695,88.4564710651667,-8.695652173913043,8.333333333333332,15.341959334565619,48.20370745283623,0.039683177571257104,35.98894157733086,34.65329345377836,10.25276799029857,24.400525463479788,114.84879374787606,1.0345685152947028,1.0722570667583127,1.1632025351850126,1.0412961681476554,1.0861792007180398,1.1243359120141672,0.9148395523737133,17.418075577619685,0.023272277551915552,0.028044871794871796,0.014549772703435326,0.007433976774621645,0.007801442045051543,0.5361899600816139,0.33514960485495754,0.4049707685769027,0.018027710105900097,83.32079567792445,97416504.81727575,0.42578194772336353,0.8311473146486263,0.6571428571428571,0.05714285714285714,0.2857142857142857,-0.0016299918500407497,0.017114914425427896,0.01298701298701288,0.019607843137254832,0.03568464730290466,0.08333333333333326,0.15341959334565614,0.6771894404487603,0.0,0.35947712418300654,1,0,73.85987345153117,75.75386320602003,74.79354276002549,72.50967293605517,49.480716050512115,62.4344082904243,66.64152141238696,69.94854640861683,0.9937596199061471,0.7970520849036015,0.651166029233063,1.170916598436766,-0.0040584415584415945,0.006535947712418277,0.0049261083743843415,0.004166666666666652,34.57756636757535,32.654255779963286,31.119797777690565,28.049975664217595,-0.0008058017727639033,0,1.0
2025-11-03,12490.0,12740.0,12490.0,12630.0,77248292830,6114472,617,12410.0,12670.0,78.6309658292858,88.20132527148826,95.95375722543352,88.50632487224595,-4.046242774566474,9.696969696969697,18.52198316183349,52.926141571759956,0.04050513224949901,37.70394293282521,38.367683509129854,9.592232450599578,28.775451058530276,135.30712200603367,1.0406570841889118,1.0794002385414891,1.174866934960405,1.0479355860603619,1.0943888576468157,1.128966450918937,0.9612405685423075,17.214495852440646,0.022751687394423153,0.01973164956590371,0.013911241140645427,0.0074757804738696,0.008547778628025696,0.6144511867493307,0.44276462411109857,0.6632946907760122,0.010370963762212249,87.19125054958387,125199826.30470017,0.5477678721078187,0.8747430353725101,0.72,0.28,0.0,0.0008012820512820513,0.015224358974359031,0.032599837000814924,0.02840909090909083,0.04022988505747116,0.09696969696969693,0.18521983161833488,0.4744680649011284,0.0,0.3801742919389978,2,0,76.51561608348423,73.85987345153117,75.75386320602003,74.07853670662573,48.20370745283623,49.480716050512115,62.4344082904243,70.00539532883658,0.33514960485495754,0.9937596199061471,0.7970520849036015,1.2079795262607518,0.017114914425427896,-0.0040584415584415945,0.006535947712418277,0.010788381742738551,35.98894157733086,34.57756636757535,32.654255779963286,29.467304544473787,-0.02692003167062551,0,1.0
2025-11-04,12710.0,12740.0,12460.0,12610.0,66939341940,5307829,646,12630.0,12490.0,72.01309794351232,72.24728551169063,82.01438848920863,89.75749784690969,-17.985611510791365,7.302405498281788,12.827461607949415,37.42818736192771,0.04059720722432363,39.108811312835826,35.70023810602759,9.670241221171908,26.029996884855684,112.29348882410116,1.0187601957585644,1.0576678804301805,1.1528095695193088,1.027822057658559,1.0725771688417294,1.1315808904969358,0.8364144954070383,17.141913091588464,0.023032314026852557,0.02241793434747798,0.013277469576313108,0.010571969530772676,0.013236024949007722,0.9968785748619358,0.39209142950717657,0.6306236229762454,0.0014714509792710384,84.58893311744708,103621272.35294117,0.46159349300398006,0.9153382925965285,0.7857142857142857,0.10714285714285714,0.10714285714285714,0.0031570639305445935,-0.01420678768745065,0.0008012820512821595,0.01792991035044822,0.020424836601307117,0.07302405498281783,0.12827461607949409,-1.5321447716795307,-0.014206787687450671,0.36056644880174293,0,1,78.6309658292858,76.51561608348423,73.85987345153117,74.79354276002549,52.926141571759956,48.20370745283623,49.480716050512115,66.64152141238696,0.44276462411109857,0.33514960485495754,0.9937596199061471,0.651166029233063,0.015224358974359031,0.017114914425427896,-0.0040584415584415945,0.0049261083743843415,37.70394293282521,35.98894157733086,34.57756636757535,31.119797777690565,-0.026169706582077734,0,1.0
2025-11-05,12590.0,12610.0,12450.0,12540.0,37874804950,3020844,466,12610.0,12610.0,73.60784829326896,75.6701556355187,90.15151515151516,89.3732202887191,-9.848484848484848,5.966386554621849,15.900735294117647,29.128906585839445,0.04013021919922076,40.34747056179841,34.23552170309635,9.529914890469195,24.70560681262716,101.47514565513816,1.022625902197713,1.0600647303602202,1.1587304504438278,1.0317135789809944,1.0762744540452538,1.1330931946409866,0.8664885260917955,16.389252618832508,0.02208993332128724,0.012688342585249802,0.012102352839420873,0.009216012839161581,0.01344570497741325,1.1109992540968305,0.22626440415644833,0.44837357999537264,-0.0035807243463159555,80.81731187152863,81276405.472103,0.3659445319975282,0.6651916351438156,0.125,0.0,0.875,0.008006405124099279,0.009607686148919159,-0.0047355958958168465,0.01041666666666674,0.023538961038961137,0.0596638655462185,0.1590073529411764,0.17623917566467218,-0.004735595895816891,0.37363834422657954,1,0,72.01309794351232,78.6309658292858,76.51561608348423,75.75386320602003,37.42818736192771,52.926141571759956,48.20370745283623,62.4344082904243,0.39209142950717657,0.44276462411109857,0.33514960485495754,0.7970520849036015,-0.01420678768745065,0.015224358974359031,0.017114914425427896,0.006535947712418277,39.108811312835826,37.70394293282521,35.98894157733086,32.654255779963286,-0.01594896331738438,0,1.0
2025-11-08,12430.0,12760.0,12430.0,12630.0,68515178170,5424762,476,12540.0,12600.0,73.23334967938746,74.77355605431696,88.05970149253731,86.74186837775369,-11.940298507462687,5.0,13.513513513513514,17.413989902162086,0.039577828959844207,41.76661726697189,35.17252187095518,8.733987183221346,26.438534687733835,98.78530099245104,1.0168670809458478,1.0525876112108934,1.1524741607975852,1.026018598294137,1.0694462308590955,1.1333577243208635,0.8316984281408635,15.854042934614359,0.02239910866983343,0.02619047619047619,0.01184703861981044,0.009390129610505792,0.012983075049752376,1.0958920171022548,0.40332651988919876,1.1028540594352398,0.0018953152114540295,80.49715092734984,143939449.9369748,0.6403775247372395,0.6768093274562776,0.5151515151515151,0.48484848484848486,0.0,-0.014274385408406027,-0.0007930214115781098,0.008807045636509248,-0.0055248618784530246,0.02689486552567244,0.050000000000000044,0.1351351351351351,-0.6091917669672116,-0.0055248618784530384,0.37254901960784315,0,1,73.60784829326896,72.01309794351232,78.6309658292858,73.85987345153117,29.128906585839445,37.42818736192771,52.926141571759956,49.480716050512115,0.22626440415644833,0.39209142950717657,0.44276462411109857,0.9937596199061471,0.009607686148919159,-0.01420678768745065,0.015224358974359031,-0.0040584415584415945,40.34747056179841,39.108811312835826,37.70394293282521,34.57756636757535,-0.02137767220902609,0,1.0
2025-11-09,12700.0,12700.0,12310.0,12400.0,75729771350,6106074,599,12630.0,12370.0,65.03735811342324,56.73506873443943,67.76859504132231,81.99327056179158,-32.231404958677686,2.6556016597510372,8.508771929824562,-9.907241951347487,0.037904818314688,42.29101645421718,31.79302672588806,10.851208091989466,20.941818633898592,71.90698172855367,0.9957337197134347,1.0292037607122058,1.1267579975224076,1.0061612871836212,1.0460561541946798,1.131585659112439,0.6894850657829278,15.412170131476858,0.023437891212141796,0.03152789005658852,0.01202782280574745,0.011926823615909628,0.014539366225345457,1.2088111423122958,0.4690818880025253,1.1754212802419466,-0.004652772801416516,90.82815826053708,126426997.24540901,0.5781372270654497,0.8563871613410536,0.8461538461538461,0.0,0.15384615384615385,0.007936507936507936,-0.0182539682539683,-0.019032513877874746,-0.009607686148919159,-0.008814102564102533,0.02655601659751028,0.08508771929824555,-1.863513940175531,-0.02367797947908445,0.3474945533769063,0,2,73.23334967938746,73.60784829326896,72.01309794351232,76.51561608348423,17.413989902162086,29.128906585839445,37.42818736192771,48.20370745283623,0.40332651988919876,0.22626440415644833,0.39209142950717657,0.33514960485495754,-0.0007930214115781098,0.009607686148919159,-0.01420678768745065,0.017114914425427896,41.76661726697189,40.34747056179841,39.108811312835826,35.98894157733086,-0.005645161290322553,0,1.0
2025-11-10,12400.0,12580.0,12250.0,12290.0,326246540580,26545375,572,12400.0,12290.0,62.42057803936091,51.67621930298152,56.074766355140184,70.63435429633326,-43.925233644859816,0.9031198686371099,8.18661971830986,-35.982755507703985,0.03529791701541156,42.39467883516823,29.233481137763285,11.44136991821175,17.792111219551536,52.99801079852212,0.9884188515361106,1.0186067713729228,1.1144157704793165,0.9997073683895662,1.0362750138523666,1.1274732050561287,0.6273416668887045,14.61169138706575,0.02382335979207557,0.026851098454027666,0.012144726245442088,0.011872876850127688,0.011050332085761491,0.9098872928410945,1.95551548370867,2.8601919358315815,-0.024289405191208924,76.93932181673543,570361084.9300699,2.3880918726595337,0.8465295249371022,0.3333333333333333,0.5454545454545454,0.12121212121212122,0.002425222312045271,-0.006467259498787348,-0.024603174603174627,-0.025376685170499624,-0.029992107340173657,0.009031198686371145,0.08186619718309851,-0.8628751379863634,-0.02999210734017364,0.33877995642701525,0,3,65.03735811342324,73.23334967938746,73.60784829326896,78.6309658292858,-9.907241951347487,17.413989902162086,29.128906585839445,52.926141571759956,0.4690818880025253,0.40332651988919876,0.22626440415644833,0.44276462411109857,-0.0182539682539683,-0.0007930214115781098,0.009607686148919159,0.015224358974359031,42.29101645421718,41.76661726697189,40.34747056179841,37.70394293282521,0.01708706265256299,0,2.0
2025-11-11,12440.0,12490.0,12220.0,12280.0,37024748660,3015718,371,12290.0,12240.0,60.77472137678763,48.521496792635936,40.90909090909091,54.91748410185112,-59.09090909090909,0.0,9.67741935483871,-57.914013567712004,0.03246745413949935,42.29576431009822,27.297136766524844,11.419494494646298,15.877642271878546,38.23773898586877,0.9843976194305936,1.009942654399934,1.1051918735891648,0.9963084714427047,1.0296140132927676,1.122708803611738,0.577303394677432,12.861860001649653,0.023787687873365514,0.022058823529411766,0.01121839852028028,0.011879974850502606,0.010058843870048156,0.8966381299312985,0.22738310674616702,0.34181913705583644,-0.02298349053878579,72.60740985418276,99797166.19946092,0.4247745130468071,0.558104550582926,0.7407407407407407,0.18518518518518517,0.07407407407407407,0.012205044751830757,-0.004068348250610199,-0.010509296685529468,-0.02857142857142858,-0.02001601281024823,0.0,0.09677419354838701,-0.7806225949670439,-0.03393843725335438,0.3333333333333333,0,4,62.42057803936091,65.03735811342324,73.23334967938746,72.01309794351232,-35.982755507703985,-9.907241951347487,17.413989902162086,37.42818736192771,1.95551548370867,0.4690818880025253,0.40332651988919876,0.39209142950717657,-0.006467259498787348,-0.0182539682539683,-0.0007930214115781098,-0.01420678768745065,42.39467883516823,42.29101645421718,41.76661726697189,39.108811312835826,0.01791530944625408,0,2.0
2025-11-12,12280.0,12430.0,12260.0,12340.0,50765224800,4113131,566,12280.0,12410.0,64.22828590645206,58.55715199563153,53.94736842105263,50.31040856176122,-46.05263157894737,0.7305194805194805,9.050966608084359,-61.9261759913835,0.030451888174533016,42.2039151082475,25.992399816150336,10.873670346524108,15.118729469626228,42.44080145719479,0.9973479064534276,1.0196368416728288,1.1160874883085112,1.0085717723220358,1.0405294651602162,1.1190553277214188,0.6682671385440112,11.67003958273928,0.02287957231731277,0.0136986301369863,0.010878298152750893,0.012534602451932336,0.011574280539160374,1.0639789769168517,0.31235286070643686,0.4549414379717669,-0.022283439650207848,67.36117533557578,89691209.89399293,0.3880311348834473,0.8414480041626403,0.7647058823529411,0.11764705882352941,0.11764705882352941,0.0032679738562091504,0.01388888888888884,0.009764035801464566,0.003233629749393785,-0.015860428231562307,0.007305194805194759,0.09050966608084354,0.8724820996762371,-0.020520915548539857,0.35185185185185186,1,0,60.77472137678763,62.42057803936091,65.03735811342324,73.60784829326896,-57.914013567712004,-35.982755507703985,-9.907241951347487,29.128906585839445,0.22738310674616702,1.95551548370867,0.4690818880025253,0.22626440415644833,-0.004068348250610199,-0.006467259498787348,-0.0182539682539683,0.009607686148919159,42.29576431009822,42.39467883516823,42.29101645421718,40.34747056179841,0.02674230145867096,0,2.0
2025-11-15,12380.0,12500.0,12280.0,12360.0,121884294830,9859803,616,12340.0,12290.0,60.19917618659592,50.45656297650383,38.1578947368421,44.33811802232853,-61.8421052631579,0.16299918500407498,6.039689387402934,-72.86265246239867,0.028377200379116348,42.32477240317605,26.32009582899849,10.262034274948029,16.05806155405046,35.231530356662,0.9875451988750502,1.0068818613796493,1.1011952762396287,0.9990007352378756,1.02814752919597,1.1150834184542049,0.5636966378263178,10.804120302886592,0.022731380924980057,0.01790073230268511,0.010783014584048841,0.01289656658316856,0.011803040489757036,1.094595615888075,0.8106480102302535,0.9931288213938163,-0.025037845085151278,57.70371006599843,197864114.98376623,0.9371862630841659,0.9133367929423974,0.4090909090909091,0.5454545454545454,0.045454545454545456,-0.0024174053182917004,-0.00966962127316684,0.004084967320261423,0.0,-0.024603174603174627,0.0016299918500406463,0.060396893874029356,-1.1741834561421607,-0.02999210734017364,0.33877995642701525,0,1,64.22828590645206,60.77472137678763,62.42057803936091,73.23334967938746,-61.9261759913835,-57.914013567712004,-35.982755507703985,17.413989902162086,0.31235286070643686,0.22738310674616702,1.95551548370867,0.40332651988919876,0.01388888888888884,-0.004068348250610199,-0.006467259498787348,-0.0007930214115781098,42.2039151082475,42.29576431009822,42.39467883516823,41.76661726697189,0.031553398058252524,0,3.0
2025-11-16,12280.0,12460.0,12280.0,12330.0,216537626310,17557641,539,12360.0,12450.0,63.48800831265101,59.2298857513127,54.411764705882355,48.839009287925684,-45.588235294117645,-0.2403846153846154,8.072916666666668,-69.53083207124365,0.026883928115075027,42.436997034181125,25.07721159278859,9.777441790382447,15.299769802406143,40.55126632513119,1.0006429834431763,1.0161191593552337,1.1105957074806871,1.0101405647151032,1.0383382453798133,1.1098820716847155,0.6683881576115138,9.572620535716014,0.021869149342421478,0.014457831325301205,0.010785008484608671,0.012354615935554992,0.011239242340572613,1.0421171533255797,1.3951127441685442,1.4369914568382713,-0.010771075063140234,57.562722773469105,401739566.43784785,1.7869799063906855,0.816542948038176,0.9444444444444444,0.05555555555555555,0.0,-0.0008136696501220504,0.013018714401952902,0.003223207091055613,0.017156862745097978,0.006467259498787348,-0.0024038461538461453,0.08072916666666674,0.8413695887835372,-0.017363851617995266,0.3562091503267974,1,0,60.19917618659592,64.22828590645206,60.77472137678763,65.03735811342324,-72.86265246239867,-61.9261759913835,-57.914013567712004,-9.907241951347487,0.8106480102302535,0.31235286070643686,0.22738310674616702,0.4690818880025253,-0.00966962127316684,0.01388888888888884,-0.004068348250610199,-0.0182539682539683,42.32477240317605,42.2039151082475,42.29576431009822,42.29101645421718,0.03649635036496357,0,3.0
2025-11-17,12470.0,12620.0,12450.0,12500.0,145291490490,11623013,350,12330.0,12450.0,63.48800831265101,59.2298857513127,49.18032786885246,47.24999577052563,-50.81967213114754,-1.7363851617995265,7.792207792207792,-67.48293054009764,0.02569333927139002,43.001272342631786,28.241197204374608,9.329361112239724,18.911836092134884,70.48713929048382,1.002415458937198,1.01240089449075,1.105978502265257,1.008567112396214,1.0353978500582384,1.1033134938260638,0.6540749926574333,8.048609496495002,0.021282397137526773,0.013654618473895583,0.010817713163446756,0.011123220820904257,0.010461277904617063,0.9670507755711166,0.9899086535408798,1.2587381105533622,0.012592997782429505,58.392682981925816,415118544.25714284,1.8915098509179555,0.5419214988000309,0.11764705882352941,0.8823529411764706,0.0,0.001606425702811245,0.0,0.013018714401952902,0.003223207091055613,0.013018714401952902,-0.017363851617995252,0.07792207792207795,-0.35260020831261174,-0.017363851617995266,0.3562091503267974,0,0,63.48800831265101,60.19917618659592,64.22828590645206,62.42057803936091,-69.53083207124365,-72.86265246239867,-61.9261759913835,-35.982755507703985,1.3951127441685442,0.8106480102302535,0.31235286070643686,1.95551548370867,0.013018714401952902,-0.00966962127316684,0.01388888888888884,-0.006467259498787348,42.436997034181125,42.32477240317605,42.2039151082475,42.39467883516823,0.031199999999999894,0,3.0
2025-11-18,12520.0,12600.0,12470.0,12500.0,153983562140,12317018,526,12500.0,12500.0,64.54967752484856,62.08566736069773,57.377049180327866,53.65638058502088,-42.622950819672134,0.08006405124099279,7.3883161512027495,-63.002428419042246,0.024688957515608054,43.5252422719074,27.062698529412764,8.940049015112624,18.12264951430014,75.24922285346834,1.0063601964415103,1.012924922004781,1.1062534293856312,1.0106557316037148,1.0365189912232253,1.099261907711914,0.6998382875572239,6.46769053256621,0.020540319866906902,0.0104,0.01077750984294094,0.010308441332329282,0.009768208770305986,0.9063511806211871,1.0291485750223441,1.1102292626837356,0.022090575180575334,58.75417057019564,292744414.7148289,1.308207168267405,0.8089196462898885,0.15384615384615385,0.6153846153846154,0.23076923076923078,0.005622489959839358,0.004016064257028162,0.004016064257028162,0.01708706265256299,0.0212418300653594,0.0008006405124099114,0.07388316151202745,0.03623689744487019,-0.013417521704814523,0.3616557734204793,1,0,63.48800831265101,63.48800831265101,60.19917618659592,60.77472137678763,-67.48293054009764,-69.53083207124365,-72.86265246239867,-57.914013567712004,0.9899086535408798,1.3951127441685442,0.8106480102302535,0.22738310674616702,0.0,0.013018714401952902,-0.00966962127316684,-0.004068348250610199,43.001272342631786,42.436997034181125,42.32477240317605,42.29576431009822,0.005600000000000049,0,2.0
2025-11-19,12300.0,12790.0,12300.0,12670.0,622679211450,49148733,660,12500.0,12680.0,68.14113837873975,70.70426725184288,82.8125,63.12329234972676,-17.1875,0.5551149881046789,6.5546218487394965,-48.79220312566184,0.024497172196929467,44.49608530630557,28.562064903459145,7.795626202904704,20.766438700554442,100.4835669207436,1.0202767943353717,1.024274001373238,1.1173578188611408,1.0212484311327452,1.0474533022220938,1.0951516540068027,0.9053135181818871,5.988944430505003,0.021562651973706465,0.038643533123028394,0.010181946348924364,0.01089294063293549,0.00989612117393504,0.971928237962134,3.6770674933785363,2.4450595628878964,0.04979156868206713,67.55272805460697,943453350.6818181,3.7547921122780745,1.012891344383057,0.7755102040816326,0.22448979591836735,0.0,-0.016,0.014399999999999968,0.01847389558232937,0.01847389558232937,0.02175664786462539,0.0055511498810467685,0.06554621848739495,1.0971691822962901,0.0,0.3812636165577342,2,0,64.54967752484856,63.48800831265101,63.48800831265101,64.22828590645206,-63.002428419042246,-67.48293054009764,-69.53083207124365,-61.9261759913835,1.0291485750223441,0.9899086535408798,1.3951127441685442,0.31235286070643686,0.004016064257028162,0.0,0.013018714401952902,0.01388888888888884,43.5252422719074,43.001272342631786,42.436997034181125,42.2039151082475,-0.011049723756906049,0,1.0
2025-11-22,12790.0,12830.0,12640.0,12750.0,139533289610,10944088,419,12670.0,12830.0,70.79630728961507,76.00683661766355,100.0,80.06318306010927,-0.0,1.8253968253968256,6.916666666666667,-31.031821949047867,0.024990379512581276,45.489546192067806,28.181016660659786,7.400055786633564,20.78096087402622,165.55891238670694,1.0304393221427999,1.0329281056275663,1.1254583413744101,1.0280579684301923,1.0551668495815911,1.092212144072703,1.0420838240125232,6.074356800361841,0.020846161626465725,0.014809041309431021,0.010301714261857695,0.011430740388237378,0.006295914896217059,0.6111521574159565,0.8850532791077583,0.5386374097032879,0.06299655015413386,68.78406480931521,333015011.0023866,1.321489177946278,0.6823548570963277,0.21052631578947367,0.0,0.7894736842105263,0.008675078864353312,0.011829652996845352,0.02639999999999998,0.030522088353413634,0.04393816110659077,0.01825396825396819,0.0691666666666666,0.818277031355356,0.0,0.39760348583877997,3,0,68.14113837873975,64.54967752484856,63.48800831265101,60.19917618659592,-48.79220312566184,-63.002428419042246,-67.48293054009764,-72.86265246239867,3.6770674933785363,1.0291485750223441,0.9899086535408798,0.8106480102302535,0.014399999999999968,0.004016064257028162,0.0,-0.00966962127316684,44.49608530630557,43.5252422719074,43.001272342631786,42.32477240317605,-0.010196078431372602,0,1.0
2025-11-23,12870.0,12940.0,12610.0,12780.0,58767691620,4598970,654,12750.0,12710.0,66.0535313100759,65.0223139225984,68.05555555555556,83.62268518518516,-31.944444444444443,2.7485852869846403,5.477178423236515,-29.137341803145432,0.024802259153543182,46.65465143472684,28.62764002501673,6.758589428522392,21.86905059649434,143.2486900443365,1.0180216259511414,1.0205556447727637,1.1104315918224708,1.015561008303301,1.0418021364977539,1.0907740695439454,0.8589845005477174,5.726053559805837,0.021394466099124525,0.025963808025177025,0.010685196339902866,0.009938855893797026,0.009534268125434417,0.8922875932405271,0.39298880497562794,0.2594423704840458,0.048726659837603936,65.7461804989087,89858855.6880734,0.3646053376239103,1.1027737964758453,0.48484848484848486,0.21212121212121213,0.30303030303030304,0.003117692907248636,-0.009353078721745955,0.0023659305993690705,0.016799999999999926,0.02088353413654609,0.027485852869846505,0.05477178423236517,-1.1302635815877218,-0.009353078721745909,0.38453159041394336,0,1,70.79630728961507,68.14113837873975,64.54967752484856,63.48800831265101,-31.031821949047867,-48.79220312566184,-63.002428419042246,-69.53083207124365,0.8850532791077583,3.6770674933785363,1.0291485750223441,1.3951127441685442,0.011829652996845352,0.014399999999999968,0.004016064257028162,0.013018714401952902,45.489546192067806,44.49608530630557,43.5252422719074,42.436997034181125,-0.0015649452269170805,0,1.0
2025-11-25,12720.0,12940.0,12720.0,12890.0,124016458930,9617908,535,12780.0,12820.0,68.15925484580168,69.70465143383075,83.33333333333333,83.79629629629628,-16.666666666666668,4.312449145646868,5.254515599343185,-22.54214025552949,0.024664304237540364,47.736534874338794,26.878810352235682,6.345714957262606,20.533095394973074,159.7454256165469,1.0224916254586058,1.0267499599551497,1.1149571237237133,1.0205271886726799,1.0468777217958811,1.0904315458071698,0.9548264915676186,5.881354857530958,0.020977310193661388,0.0171606864274571,0.010610831558704315,0.009520619393519445,0.009370216093953389,0.8830802790632163,0.8538149039859401,0.5551352015337255,0.04716043386211144,69.69853975769307,231806465.2897196,0.9448522611407314,0.9290613875141095,0.45454545454545453,0.5454545454545454,0.0,0.0007867820613690008,0.008654602675058909,-0.000779423226812126,0.011041009463722329,0.029718875502008135,0.04312449145646857,0.05254515599343179,0.5689735089734501,-0.000779423226812159,0.39651416122004357,1,0,66.0535313100759,70.79630728961507,68.14113837873975,63.48800831265101,-29.137341803145432,-31.031821949047867,-48.79220312566184,-67.48293054009764,0.39298880497562794,0.8850532791077583,3.6770674933785363,0.9899086535408798,-0.009353078721745955,0.011829652996845352,0.014399999999999968,0.0,46.65465143472684,45.489546192067806,44.49608530630557,43.001272342631786,0.007757951900698279,0,2.0
2025-11-26,12940.0,12940.0,12540.0,12570.0,85543439390,6802801,595,12890.0,12550.0,58.55760590535998,50.38848917002939,45.833333333333336,65.74074074074072,-54.166666666666664,2.5326797385620914,2.5326797385620914,-37.54568311786875,0.023251507305455065,47.1904791760724,24.1192345654005,10.314247331408067,13.804987233992433,80.54522924411391,0.9984883443392474,1.0038795344558653,1.0868812138427963,0.9991825161957324,1.0229481588615337,1.0885266913776979,0.5692656442923859,5.600950508002074,0.02217460738119298,0.03187250996015936,0.011833858659179604,0.012288595133984146,0.015404911756833417,1.3017657385052275,0.6107196015323612,0.4193435660348282,0.0352504549712922,68.18655715864776,143770486.3697479,0.5900905862342041,1.0373986574840903,0.975,0.0,0.025,0.0093603744149766,-0.021060842433697324,-0.012588512981903999,-0.021823850350740415,0.0040000000000000036,0.025326797385620825,0.025326797385620825,-1.8910835550592395,-0.021823850350740453,0.3671023965141612,0,1,68.15925484580168,66.0535313100759,70.79630728961507,64.54967752484856,-22.54214025552949,-29.137341803145432,-31.031821949047867,-63.002428419042246,0.8538149039859401,0.39298880497562794,0.8850532791077583,1.0291485750223441,0.008654602675058909,-0.009353078721745955,0.011829652996845352,0.004016064257028162,47.736534874338794,46.65465143472684,45.489546192067806,43.5252422719074,0.05171042163882267,1,3.0
2025-11-29,12500.0,12620.0,12390.0,12530.0,125015615170,9974326,596,12570.0,12560.0,58.7891604825373,50.975512247893725,47.22222222222222,58.79629629629628,-52.77777777777778,1.20870265914585,1.948051948051948,-47.34586995464906,0.021510331397931407,45.6080167685642,22.67751661896812,13.596061593246093,9.081455025722027,-1.723590511180329,0.9980928162746344,1.0037159867343268,1.0830387169095457,0.9999819578789234,1.0219643531764278,1.0851082176424938,0.568237590159321,5.445659387517718,0.021882320258426038,0.018312101910828025,0.011770081316499726,0.011628684237792212,0.013507730322152063,1.1476327103379003,0.9012834678483257,1.189172573965154,0.011233928690924655,63.50423379219101,209757743.5738255,0.8537671207613446,1.0608757564969742,0.2608695652173913,0.2608695652173913,0.4782608695652174,-0.00398406374501992,0.0007968127490038945,-0.020280811232449292,-0.011801730920535047,-0.009463722397476393,0.01208702659145855,0.01948051948051943,-0.01989821192396353,-0.021044427123928292,0.3681917211328976,1,0,58.55760590535998,68.15925484580168,66.0535313100759,68.14113837873975,-37.54568311786875,-22.54214025552949,-29.137341803145432,-48.79220312566184,0.6107196015323612,0.8538149039859401,0.39298880497562794,3.6770674933785363,-0.021060842433697324,0.008654602675058909,-0.009353078721745955,0.014399999999999968,47.1904791760724,47.736534874338794,46.65465143472684,44.49608530630557,0.08619313647246618,1,4.0
2025-11-30,12470.0,12700.0,12470.0,12620.0,39697395150,3145711,365,12530.0,12660.0,61.12815077203461,56.92217464037819,61.111111111111114,51.38888888888888,-38.888888888888886,3.010577705451587,3.1784841075794623,-47.51945149404128,0.02038833475079905,44.44989171581908,23.409625799369373,12.773779412601746,10.635846386767627,40.07490636704153,1.003090087948657,1.0101332482246868,1.0861918080889545,1.0067133014499199,1.0278093009177398,1.0828457195806236,0.6941215359577037,5.220053599253778,0.021456472871788555,0.018167456556082148,0.011803367339846474,0.011112022495803307,0.012611130630592665,1.0684349870243637,0.2996421676164534,0.4607113603405488,0.006612997331271853,66.29883307266192,108759986.71232876,0.4526367945710483,0.6778087279480037,0.8260869565217391,0.17391304347826086,0.0,-0.007165605095541401,0.0079617834394905,0.008764940239043728,-0.012480499219968744,-0.013250194855806696,0.030105777054515892,0.0317848410757946,0.5362669555173173,-0.013250194855806703,0.3790849673202614,2,0,58.7891604825373,58.55760590535998,68.15925484580168,70.79630728961507,-47.34586995464906,-37.54568311786875,-22.54214025552949,-31.031821949047867,0.9012834678483257,0.6107196015323612,0.8538149039859401,0.8850532791077583,0.0007968127490038945,-0.021060842433697324,0.008654602675058909,0.011829652996845352,45.6080167685642,47.1904791760724,47.736534874338794,45.489546192067806,0.07527733755942956,1,4.0
2025-12-01,12720.0,12890.0,12690.0,12760.0,58909227640,4616592,553,12620.0,12690.0,61.82810021163446,58.6765589771493,65.27777777777777,57.870370370370345,-34.72222222222222,1.9277108433734942,1.6826923076923077,-46.00909392532628,0.01955275035717095,44.027341323861584,27.029587788346703,11.992675992494398,15.036911795852305,110.8635097493036,1.00355871886121,1.011679355841671,1.0831156859732678,1.0076882883334606,1.027941907442025,1.079274850207405,0.7199283242019247,5.3105282750882585,0.021171374002245637,0.015760441292356184,0.01123205784400791,0.010543758067175819,0.012122033874180297,1.0792353496155802,0.43997962419817604,0.675783341195968,0.012021178851785441,78.3154142438817,106526632.26039784,0.4425031666690251,1.0316201846842645,0.15,0.85,0.0,0.004739336492890996,0.0023696682464455776,0.010350318471337605,0.011155378486055856,-0.0015735641227380137,0.01927710843373487,0.016826923076923128,0.13131191136831902,-0.010911925175370226,0.38235294117647056,3,0,61.12815077203461,58.7891604825373,58.55760590535998,66.0535313100759,-47.51945149404128,-47.34586995464906,-37.54568311786875,-29.137341803145432,0.2996421676164534,0.9012834678483257,0.6107196015323612,0.39298880497562794,0.0079617834394905,0.0007968127490038945,-0.021060842433697324,-0.009353078721745955,44.44989171581908,45.6080167685642,47.1904791760724,46.65465143472684,0.0642633228840126,1,4.0
2025-12-02,12680.0,13100.0,12680.0,12990.0,992987070870,76417748,860,12760.0,13100.0,69.82506374028402,74.94565483187709,100.0,75.46296296296295,-0.0,5.220883534136546,3.3938437253354383,-19.166875104021415,0.020624038326549528,44.22114044872855,29.495331921592953,10.705329897093709,18.790002024499245,187.74319066147956,1.030684500393391,1.0425785913251093,1.1119410586357925,1.0338444113777139,1.0563683466652598,1.078837469867246,1.1529830798984668,6.520627047752912,0.0213339234959131,0.03206106870229008,0.012904385540213661,0.014194171881530184,0.019084841094926863,1.4789422584634642,5.455330550249871,3.7846614531955316,0.05080809512385298,86.63623025964772,1154636128.9186046,3.951415304871174,1.568770521707406,1.0,0.0,0.0,-0.0007880220646178094,0.03230890464933012,0.034755134281200695,0.04299363057324834,0.021840873634945357,0.052208835341365445,0.033938437253354437,2.3681803374518675,0.0,0.42701525054466233,4,0,61.82810021163446,61.12815077203461,58.7891604825373,68.15925484580168,-46.00909392532628,-47.51945149404128,-47.34586995464906,-22.54214025552949,0.43997962419817604,0.2996421676164534,0.9012834678483257,0.8538149039859401,0.0023696682464455776,0.0079617834394905,0.0007968127490038945,0.008654602675058909,44.027341323861584,44.44989171581908,45.6080167685642,47.736534874338794,0.053117782909930744,1,3.0
2025-12-03,13100.0,13370.0,13100.0,13220.0,480230164190,36324856,646,12990.0,13370.0,73.72837252065995,80.76409178617901,100.0,88.42592592592591,-0.0,6.959999999999999,7.045636509207366,13.254962376375715,0.022880365007650703,44.9946321436715,34.3724635684968,9.964793069466944,24.407670499029855,255.10721989595308,1.044776119402985,1.0603537155999683,1.1283081285444234,1.0462749867633425,1.0719362328870286,1.0799520658925195,1.2083364760880189,8.520486751337177,0.020852479812768464,0.02019446522064323,0.01298684339438165,0.014989158049646302,0.013396645088445049,1.0315551425098948,2.3346890287292643,1.391978446102607,0.07619481365985403,88.35148021450239,743390347.0433437,2.2930225737787873,1.1784020430499818,1.0,0.0,0.0,0.0,0.02061068702290081,0.05358550039401111,0.056082148499210005,0.06533864541832668,0.0696000000000001,0.07045636509207376,1.3183204125409018,0.0,0.4564270152505447,5,0,69.82506374028402,61.82810021163446,61.12815077203461,58.55760590535998,-19.166875104021415,-46.00909392532628,-47.51945149404128,-37.54568311786875,5.455330550249871,0.43997962419817604,0.2996421676164534,0.6107196015323612,0.03230890464933012,0.0023696682464455776,0.0079617834394905,-0.021060842433697324,44.22114044872855,44.027341323861584,44.44989171581908,47.1904791760724,0.06429652042360057,1,4.0
2025-12-06,13580.0,13610.0,13500.0,13610.0,391363439710,28762067,781,13220.0,13610.0,76.62308780162633,84.49759564352776,100.0,100.0,-0.0,7.334384858044165,7.9302141157811255,45.52964978685668,0.025684612785414035,46.13008803720906,38.44831824179627,9.34592101348112,29.10239722831515,263.62410937800934,1.0558572536850273,1.0751244174105379,1.141031875115277,1.0545021349420078,1.083857860420384,1.0806686899512066,1.1870727308217788,10.933983265597634,0.020281145776515623,0.008082292432035268,0.013323327028359404,0.015227977637475886,0.0116313568444187,0.8730069313513618,1.7073714754732803,0.9634437621814455,0.08666135659683505,92.56883128905099,501105556.6069142,1.451688154484055,1.3848745456157459,0.2727272727272727,0.0,0.7272727272727273,0.015706806282722512,0.017950635751682764,0.03893129770992365,0.07249802994483856,0.08359872611464958,0.07334384858044163,0.0793021411578112,1.0540626947035443,0.0,0.48257080610021785,6,0,73.72837252065995,69.82506374028402,61.82810021163446,58.7891604825373,13.254962376375715,-19.166875104021415,-46.00909392532628,-47.34586995464906,2.3346890287292643,5.455330550249871,0.43997962419817604,0.9012834678483257,0.02061068702290081,0.03230890464933012,0.0023696682464455776,0.0007968127490038945,44.9946321436715,44.22114044872855,44.027341323861584,45.6080167685642,0.057310800881704704,1,3.0
2025-12-07,13920.0,13920.0,13370.0,13570.0,146499230310,10798205,965,13610.0,13440.0,70.68220066241595,72.8180158372893,70.37037037037037,90.12345679012344,-29.62962962962963,4.75448168355417,6.666666666666667,49.75120049202815,0.02724902759208806,47.612082189742296,40.82932546428933,8.103816057118635,32.7255094071707,205.2556818181819,1.0377577021079454,1.058184394929533,1.120373457819273,1.0347510321282856,1.0647733379627362,1.0796098699566523,0.9797503892765669,12.128055803617269,0.021993745335028212,0.04092261904761905,0.013789138318859669,0.016311218076765863,0.017424384623375342,1.2636311436185739,0.6309393790894919,0.3440683663291543,0.07842257780382123,92.42049946687547,151812673.89637306,0.43929589608218295,1.6400407885791979,0.8727272727272727,0.0,0.12727272727272726,0.022777369581190303,-0.012490815576781777,0.005235602094240788,0.025954198473282508,0.06161137440758302,0.04754481683554168,0.06666666666666665,-1.1467677866895876,-0.012490815576781777,0.46405228758169936,0,1,76.62308780162633,73.72837252065995,69.82506374028402,61.12815077203461,45.52964978685668,13.254962376375715,-19.166875104021415,-47.51945149404128,1.7073714754732803,2.3346890287292643,5.455330550249871,0.2996421676164534,0.017950635751682764,0.02061068702290081,0.03230890464933012,0.0079617834394905,46.13008803720906,44.9946321436715,44.22114044872855,44.44989171581908,0.07148120854826834,1,4.0
2025-12-08,13620.0,13700.0,13500.0,13580.0,80327177950,5912978,467,13570.0,13550.0,72.18499398910038,75.38633882258019,77.1604938271605,82.5102880658436,-22.839506172839506,6.608969315499606,9.539207760711399,53.92384074552831,0.028330666514948026,48.98821961709458,38.24188245660345,7.590259637703779,30.651622818899668,170.00259942812636,1.0395090141925585,1.061912225705329,1.1233812532126217,1.0363291883938992,1.0676760467678368,1.080684474953987,0.9716035516298599,13.128023631577998,0.02162755500757053,0.014760147601476014,0.012846936671428106,0.015548396738927979,0.016790968262925046,1.3070017150678854,0.34569046185604335,0.18686426961990799,0.07896260338194327,92.27941603246721,172006805.0321199,0.4944702060702201,0.802681333791681,0.35,0.4,0.25,0.013392857142857142,0.008184523809523725,-0.00440852314474649,0.013462976813762184,0.0677698975571317,0.06608969315499613,0.09539207760711399,0.2755890562401325,-0.00440852314474651,0.4760348583877996,1,0,70.68220066241595,76.62308780162633,73.72837252065995,61.82810021163446,49.75120049202815,45.52964978685668,13.254962376375715,-46.00909392532628,0.6309393790894919,1.7073714754732803,2.3346890287292643,0.43997962419817604,-0.012490815576781777,0.017950635751682764,0.02061068702290081,0.0023696682464455776,47.612082189742296,46.13008803720906,44.9946321436715,44.027341323861584,0.10014727540500745,1,4.0
2025-12-09,13510.0,13810.0,13450.0,13680.0,81389535630,5950117,519,13580.0,13720.0,74.37141335761493,78.96918111870319,87.65432098765432,78.39506172839504,-12.345679012345679,7.020280811232449,11.635475996745322,61.55324466675347,0.029657306586403736,50.40627445657599,37.57826594602114,6.934937312745156,30.643328633275985,151.47090140245183,1.0453333333333332,1.0692436581849356,1.1315463917525774,1.0414272953883565,1.0746178660574879,1.0824742268041236,0.9902301949893355,14.12472322037239,0.02170811023835667,0.026239067055393587,0.012683885473665432,0.015655847794837054,0.013127911695483361,1.0350071137696588,0.3701456078154105,0.3390448715981405,0.03661681023371144,92.11476095763658,156819914.5086705,0.4793022732029119,0.8961408961408962,0.5833333333333334,0.25,0.16666666666666666,-0.002952029520295203,0.012546125461254665,0.02083333333333326,0.008082292432035176,0.047328244274809084,0.07020280811232449,0.11635475996745326,0.5480503250377914,0.0,0.49455337690631807,2,0,72.18499398910038,70.68220066241595,76.62308780162633,69.82506374028402,53.92384074552831,49.75120049202815,45.52964978685668,-19.166875104021415,0.34569046185604335,0.6309393790894919,1.7073714754732803,5.455330550249871,0.008184523809523725,-0.012490815576781777,0.017950635751682764,0.03230890464933012,48.98821961709458,47.612082189742296,46.13008803720906,44.22114044872855,0.08187134502923987,1,4.0
2025-12-10,13750.0,14090.0,13750.0,14070.0,354734901750,25206194,876,13680.0,14090.0,78.35868202518935,84.64473625647048,100.0,88.27160493827158,-0.0,12.270916334661354,15.11437908496732,83.57257559371828,0.031924110801338085,52.03408728064595,40.901347407608775,6.330031053112559,34.57131635449622,168.09578377524005,1.0610738760448828,1.090219746208604,1.1547476601812847,1.0581958539337555,1.0951936436471192,1.088282056745726,1.073396888629432,15.734258067610526,0.0215038960869578,0.0241305890702626,0.01332195434531816,0.013310322142904034,0.014703262009271438,1.103686563408673,1.4667901105612322,1.6446782201975554,0.029861904418924556,91.4487651598884,404948517.9794521,1.1825340539033578,1.4493712772998015,1.0,0.0,0.0,0.002186588921282799,0.02696793002915454,0.039852398523985144,0.048363095238095344,0.053851907255048515,0.12270916334661353,0.1511437908496731,1.487874653876298,0.0,0.5348583877995643,3,0,74.37141335761493,72.18499398910038,70.68220066241595,73.72837252065995,61.55324466675347,53.92384074552831,49.75120049202815,13.254962376375715,0.3701456078154105,0.34569046185604335,0.6309393790894919,2.3346890287292643,0.012546125461254665,0.008184523809523725,-0.012490815576781777,0.02061068702290081,50.40627445657599,48.98821961709458,47.612082189742296,44.9946321436715,0.05259417199715699,1,3.0
2025-12-13,14390.0,14480.0,14220.0,14390.0,260063287300,18074853,1016,14070.0,14430.0,81.24606923413265,88.09040263867095,97.60765550239235,95.0873254966822,-2.3923444976076556,14.888535031847134,16.277195809830783,111.35193555695878,0.03502619993370297,53.877434762219856,46.22571185983764,5.759740685358277,40.465971174479364,184.27634692084072,1.071587702361503,1.107869481765835,1.174526689348679,1.069948044017089,1.111606860734355,1.0960621204968337,1.0950527223142228,18.12771838877052,0.021427921226849122,0.018018018018018018,0.013783607893606449,0.013227551534036089,0.01569839740498613,1.1389178744897306,1.0107462577297763,1.370504222423263,0.02369307160916767,91.76242595560839,255967802.4606299,0.7297620731652912,1.6206731536130166,0.15384615384615385,0.19230769230769232,0.6538461538461539,0.021291696238467,0.024130589070262554,0.05174927113702621,0.06494464944649447,0.0602498163115357,0.14888535031847128,0.1627719580983078,1.1950406867113494,0.0,0.5718954248366013,4,0,78.35868202518935,74.37141335761493,72.18499398910038,76.62308780162633,83.57257559371828,61.55324466675347,53.92384074552831,45.52964978685668,1.4667901105612322,0.3701456078154105,0.34569046185604335,1.7073714754732803,0.02696793002915454,0.012546125461254665,0.008184523809523725,0.017950635751682764,52.03408728064595,50.40627445657599,48.98821961709458,46.13008803720906,0.057678943710910424,1,3.0
2025-12-14,14450.0,14690.0,14430.0,14540.0,260633125770,17920563,931,14390.0,14590.0,82.43381764473418,89.39670749862164,95.65217391304348,97.75327647181193,-4.3478260869565215,15.24486571879937,18.71440195280716,129.54435710484688,0.03810874406219559,55.73365269484567,48.32431478584657,5.409822407285607,42.91449237856096,172.0417311277718,1.0681601874222124,1.1103500761035008,1.1797144104662258,1.0683647669495253,1.1137083319324972,1.1044358555557352,1.052383557733575,19.977074726167846,0.020952040257243842,0.01782042494859493,0.013178367499285405,0.013103933735068973,0.008394023663303876,0.6369547414548153,0.9800305310388366,1.2263488232793112,0.039263406281291324,93.92849170734664,279949651.74006444,0.7889029677265053,1.4486890220182058,0.5384615384615384,0.38461538461538464,0.07692307692307693,0.001386001386001386,0.011088011088011163,0.03548616039744501,0.06341107871720109,0.08556547619047628,0.15244865718799372,0.18714401952807158,0.1814726021530979,0.0,0.5893246187363834,5,0,81.24606923413265,78.35868202518935,74.37141335761493,70.68220066241595,111.35193555695878,83.57257559371828,61.55324466675347,49.75120049202815,1.0107462577297763,1.4667901105612322,0.3701456078154105,0.6309393790894919,0.024130589070262554,0.02696793002915454,0.012546125461254665,-0.012490815576781777,53.877434762219856,52.03408728064595,50.40627445657599,47.612082189742296,0.05502063273727642,1,3.0
2025-12-15,14610.0,14970.0,14610.0,14940.0,206979655040,13857728,1187,14540.0,14960.0,84.826972583844,91.81794928972703,99.6124031007752,97.62407750540365,-0.3875968992248062,17.88810086682427,20.160642570281123,153.88064619249752,0.04136450711919844,57.62401111251304,50.537640239835554,4.937671505793626,45.59996873404193,171.42142812497195,1.0773440875702147,1.1277373638385284,1.201587123098424,1.0796033791326454,1.1300691739290016,1.1153234486192993,1.0677554573097237,22.498658919775888,0.020788643409050036,0.02406417112299465,0.013671114605566146,0.012777961047834786,0.007571719300630247,0.5538479867287082,0.7655897311662424,0.8553154690400028,0.04339485714119262,94.0689783907771,174372076.69755685,0.5076466405017616,1.7583882675357383,0.9722222222222222,0.027777777777777776,0.0,0.0013708019191226869,0.025359835503769634,0.03672903672903671,0.06174591909155436,0.10405904059040583,0.17888100866824264,0.20160642570281118,1.1737361192451408,0.0,0.6296296296296297,6,0,82.43381764473418,81.24606923413265,78.35868202518935,72.18499398910038,129.54435710484688,111.35193555695878,83.57257559371828,53.92384074552831,0.9800305310388366,1.0107462577297763,1.4667901105612322,0.34569046185604335,0.011088011088011163,0.024130589070262554,0.02696793002915454,0.008184523809523725,55.73365269484567,53.877434762219856,52.03408728064595,48.98821961709458,0.030120481927710774,0,3.0
2025-12-16,14970.0,15210.0,14510.0,14800.0,286584467080,19364780,1645,14940.0,14540.0,72.71655842000621,70.49866321158524,76.24113475177305,90.5019039218639,-23.75886524822695,10.992366412213741,16.78714859437751,130.02536440431408,0.04315433877689847,59.5022531880148,48.13907241738101,4.208936953034728,43.93013546434628,139.0516560694844,1.0363506771204563,1.087509349289454,1.160674372565298,1.0413960858083413,1.0903994659535021,1.1199629605977393,0.8795917323759029,23.053544591639067,0.02330013445761471,0.048143053645116916,0.015932142162766918,0.017832143627289583,0.023218775248756103,1.4573542598068132,1.04743493764903,1.0254149263009265,0.029739473284945195,89.07824059930186,174215481.5075988,0.5256226855277489,2.223573938902406,0.6142857142857143,0.34285714285714286,0.04285714285714286,0.0006684491978609625,-0.02807486631016043,-0.0034270047978066653,0.007623007623007716,0.05976676384839652,0.1099236641221375,0.1678714859437751,-2.2586214162477605,-0.02807486631016043,0.5838779956427015,0,1,84.826972583844,82.43381764473418,81.24606923413265,74.37141335761493,153.88064619249752,129.54435710484688,111.35193555695878,61.55324466675347,0.7655897311662424,0.9800305310388366,1.0107462577297763,0.3701456078154105,0.025359835503769634,0.011088011088011163,0.024130589070262554,0.012546125461254665,57.62401111251304,55.73365269484567,53.877434762219856,50.40627445657599,0.052027027027027106,1,3.0
2025-12-17,14520.0,14940.0,14520.0,14810.0,71275468980,4812719,663,14800.0,14900.0,75.89342149233735,76.05781830879778,88.68613138686132,88.17988974646983,-11.313868613138686,11.443530291697831,19.2,126.6964965782222,0.044014049807689096,61.24633511526643,43.94802596539122,3.8425017602100353,40.10552420518118,125.53326965934406,1.0505534795177325,1.1045218680504076,1.1821831511131564,1.056263369780462,1.107763782794179,1.1252955457877785,0.934368326555498,24.06295801520723,0.02312651685128635,0.028187919463087248,0.016335398047223688,0.01813588306939811,0.022878832917924363,1.4005678252702742,0.2657111533954337,0.3250491151346612,0.018599538018825967,92.29056096249744,107504478.0995475,0.3336742731888207,0.887966249246635,0.9047619047619048,0.09523809523809523,0.0,-0.001375515818431912,0.024759284731774356,-0.004010695187165791,0.02124742974640159,0.05748757984386099,0.11443530291697823,0.19199999999999995,0.9679784035232378,-0.004010695187165776,0.6230936819172114,1,0,72.71655842000621,84.826972583844,82.43381764473418,78.35868202518935,130.02536440431408,153.88064619249752,129.54435710484688,83.57257559371828,1.04743493764903,0.7655897311662424,0.9800305310388366,1.4667901105612322,-0.02807486631016043,0.025359835503769634,0.011088011088011163,0.02696793002915454,59.5022531880148,57.62401111251304,55.73365269484567,52.03408728064595,0.08237677245104669,1,4.0
2025-12-20,14970.0,15250.0,14900.0,15220.0,119050547270,7822412,892,14810.0,15250.0,78.5129674010573,80.27399311525879,100.0,88.30908871287811,-0.0,12.049963262307127,20.268138801261827,135.480748531043,0.04580090368656715,63.01112555776574,47.181869435027856,3.564036907719355,43.6178325273085,139.9355289967461,1.062939987453823,1.1198002716892463,1.2016200201714573,1.0677567259158964,1.1226595172610916,1.1304683560262228,0.9665977927579634,25.675276126175294,0.022621106857583916,0.022950819672131147,0.016619092075759262,0.01845217333632427,0.022791708105270547,1.3714171629456648,0.48749065889461435,0.61325121708511,0.013073201441145432,92.45090561975346,133464739.09192826,0.4738093660979441,1.1763930102209035,0.8,0.0,0.2,0.004697986577181208,0.02348993288590595,0.048830811554332776,0.019385026737967825,0.05682605682605679,0.12049963262307117,0.20268138801261837,0.8477276597470714,0.0,0.6612200435729847,2,0,75.89342149233735,72.71655842000621,84.826972583844,81.24606923413265,126.6964965782222,130.02536440431408,153.88064619249752,111.35193555695878,0.2657111533954337,1.04743493764903,0.7655897311662424,1.0107462577297763,0.024759284731774356,-0.02807486631016043,0.025359835503769634,0.024130589070262554,61.24633511526643,59.5022531880148,57.62401111251304,53.877434762219856,0.0847568988173455,1,4.0
2025-12-21,15330.0,15500.0,15170.0,15340.0,306045946730,19951610,1069,15220.0,15230.0,77.99143179042431,79.34252149879308,90.42553191489361,93.03722110058494,-9.574468085106384,13.318452380952381,18.706157443491815,127.47546064513153,0.04742792898854369,64.74916877184752,49.140477751817215,3.3197541505405646,45.820723601276654,132.2437890373358,1.0484648216990224,1.1085635258579902,1.192284206735662,1.055580312598133,1.111212017844534,1.137171397704677,0.9047987832859549,26.819133441243498,0.022580594852809357,0.021667760998030205,0.01677706272640909,0.01712137568588968,0.023487809761323176,1.3999953474782312,1.2094335307416135,1.5158667135070938,-0.00663074504277128,92.91230821598455,286291811.7212348,1.0248560802712863,1.3518811255137528,0.30303030303030304,0.5151515151515151,0.18181818181818182,0.005245901639344262,-0.0013114754098361159,0.022147651006711344,0.047455295735900904,0.04386566141192594,0.13318452380952372,0.18706157443491822,-0.5993830986322969,-0.0013114754098360656,0.659041394335512,0,1,78.5129674010573,75.89342149233735,72.71655842000621,82.43381764473418,135.480748531043,126.6964965782222,130.02536440431408,129.54435710484688,0.48749065889461435,0.2657111533954337,1.04743493764903,0.9800305310388366,0.02348993288590595,0.024759284731774356,-0.02807486631016043,0.011088011088011163,63.01112555776574,61.24633511526643,59.5022531880148,55.73365269484567,0.10821382007822677,1,4.0
2025-12-22,15400.0,15700.0,15160.0,15390.0,119176475380,7743700,955,15340.0,15350.0,78.89720303680822,80.8943859977804,86.53846153846153,92.32133115111837,-13.461538461538462,13.284132841328415,20.77104642014162,118.01039544885714,0.04836253369130035,66.43409886529382,47.83610585694362,2.961988609823928,44.87411724711969,122.32076866223218,1.0437916496668027,1.106665224757579,1.19429229428607,1.0535407274573587,1.110102560940812,1.144186480766837,0.8881558492278843,27.479999327526926,0.023316575034470564,0.03517915309446254,0.016232372989819433,0.017130620706864313,0.021643539507715723,1.3333564674302425,0.4649783575533154,0.6486030096111044,-0.009722497937428853,90.95834912798999,124792120.81675392,0.44395003000427036,1.1851576073467363,0.09259259259259259,0.5555555555555556,0.35185185185185186,0.011162179908076166,0.007879185817465606,0.006557377049180246,0.030201342281879207,0.02606951871657759,0.1328413284132841,0.20771046420141626,-0.10638246445207884,0.0,0.6721132897603486,1,0,77.99143179042431,78.5129674010573,75.89342149233735,84.826972583844,127.47546064513153,135.480748531043,126.6964965782222,153.88064619249752,1.2094335307416135,0.48749065889461435,0.2657111533954337,0.7655897311662424,-0.0013114754098361159,0.02348993288590595,0.024759284731774356,0.025359835503769634,64.74916877184752,63.01112555776574,61.24633511526643,57.62401111251304,0.12410656270305398,1,4.0
2025-12-23,15660.0,15740.0,15360.0,15570.0,117000635580,7516391,894,15390.0,15730.0,81.49446323644858,85.04499775154594,99.57805907172995,92.18068417502836,-0.4219409282700422,14.650145772594753,22.698907956318255,124.4501675032169,0.049581513419683684,68.01253943882709,44.929780858937036,2.732915398799306,42.19686546013773,122.1407782007817,1.0552089622325083,1.122288812785388,1.2155917219208359,1.0665570562943216,1.1261073149063934,1.1519914684471646,0.9275254974564042,28.603864216977655,0.022899021651660165,0.024157660521296885,0.01657828937628703,0.01754972732040438,0.011990462109412773,0.7232629276313324,0.4541950491199898,0.7854638108537677,0.004119183820832317,89.77726694971014,130873194.16107382,0.4740952602293389,1.0852807283763277,0.18421052631578946,0.02631578947368421,0.7894736842105263,0.020195439739413682,0.02475570032573282,0.03282994090610636,0.03147540983606567,0.0818431911966988,0.14650145772594758,0.2269890795631826,0.8652653755513028,0.0,0.7135076252723311,2,0,78.89720303680822,77.99143179042431,78.5129674010573,72.71655842000621,118.01039544885714,127.47546064513153,135.480748531043,130.02536440431408,0.4649783575533154,1.2094335307416135,0.48749065889461435,1.04743493764903,0.007879185817465606,-0.0013114754098361159,0.02348993288590595,-0.02807486631016043,66.43409886529382,64.74916877184752,63.01112555776574,59.5022531880148,0.079640333975594,1,4.0
2025-12-28,17000.0,17000.0,16780.0,17000.0,1127995802080,66352723,1173,16510.0,17000.0,87.52290170328355,92.59082961201133,100.0,100.0,-0.0,16.518163125428377,34.28120063191153,190.39441079993742,0.05688330306237367,72.69851145090469,57.33679996128007,2.109025963970418,55.227773997309654,164.74719101123603,1.0932475884244373,1.1640247868807558,1.2831738172156637,1.0992362357943455,1.1725539068490423,1.1737266386884455,1.0228675053109146,31.370239155179725,0.02198299902344387,0.012941176470588235,0.015469506187832214,0.018240142643870912,0.009182639541470902,0.5935961646076107,3.3745796420890724,3.4042093118947507,0.05072902182338823,91.96803725817273,961633249.8550725,2.6709013328466704,1.4205267938237967,0.0,0.0,1.0,0.029678982434887948,0.02967898243488798,0.06051154086088584,0.08073744437380803,0.11621799080761663,0.16518163125428376,0.34281200631911535,0.951423765785583,0.0,0.8518518518518519,5,0,85.59816302348496,83.24745024640004,81.49446323644858,77.99143179042431,159.09226017286028,135.13213971523203,124.4501675032169,127.47546064513153,0.31327829847193167,0.6375609196469519,0.4541950491199898,1.2094335307416135,0.029943855271366226,0.019071837253655355,0.02475570032573282,-0.0013114754098361159,71.14421413087207,69.57242885139927,68.01253943882709,64.74916877184752,-0.0252941176470588,0,1.0
2025-12-29,17510.0,17510.0,16830.0,17300.0,1053993253130,60910611,3235,17000.0,17150.0,88.04943075472076,93.13145193537812,90.42553191489361,96.80851063829785,-9.574468085106384,14.63903743315508,35.1457840819543,202.5255401651939,0.060045403292531045,74.2178563117805,59.50553406440547,1.850074215566225,57.65545984883924,162.12012032620746,1.087576891369142,1.1566346315966953,1.2835865578923733,1.0906567473305284,1.1670880909056356,1.1802260309857047,0.9902191883583101,31.95195849457615,0.023066400600504355,0.03965014577259475,0.015258909482485417,0.018000511424501483,0.008815113127607998,0.5777026947912772,2.7098823537576897,2.021945238531045,0.07808911832892051,93.68088904382016,325809351.8176198,0.8781808188623369,3.370318278897744,0.5294117647058824,0.0,0.47058823529411764,0.03,0.008823529411764675,0.03876438522107817,0.06986899563318771,0.11726384364820852,0.1463903743315509,0.351457840819543,-0.4233651334476832,0.0,0.8681917211328976,6,0,87.52290170328355,85.59816302348496,83.24745024640004,78.89720303680822,190.39441079993742,159.09226017286028,135.13213971523203,118.01039544885714,3.3745796420890724,0.31327829847193167,0.6375609196469519,0.4649783575533154,0.02967898243488798,0.029943855271366226,0.019071837253655355,0.007879185817465606,72.69851145090469,71.14421413087207,69.57242885139927,66.43409886529382,-0.029479768786127125,0,1.0
2025-12-30,16890.0,16890.0,16790.0,16810.0,119799877250,7127776,496,17300.0,16790.0,79.39033932569076,77.33201075841207,78.11550151975683,89.51367781155012,-21.88449848024316,15.474552957359009,28.16793893129771,168.99610574112296,0.06185218930780925,75.45523524851924,55.61250496226868,2.4559588062548228,53.15654615601386,122.52644505847204,1.0497686632487182,1.1184385824673595,1.2468624218390294,1.056745919525149,1.1306473464034101,1.1877497066642904,0.874049337440347,31.66389313181124,0.023409572083223203,0.005955926146515783,0.016714023129009558,0.016216026044873478,0.021062596049258562,1.260175116827584,0.3748951741111978,0.23722061095212887,0.07022337822633529,90.54249403338576,241532010.58467743,0.7423767245541357,0.5267349864599373,1.0,0.0,0.0,-0.015160349854227406,-0.020991253644314867,-0.012352941176470567,0.01695941853422167,0.0673871582962493,0.15474552957359,0.2816793893129772,-2.0108782386678143,-0.02099125364431487,0.8289760348583878,0,1,88.04943075472076,87.52290170328355,85.59816302348496,81.49446323644858,202.5255401651939,190.39441079993742,159.09226017286028,124.4501675032169,2.7098823537576897,3.3745796420890724,0.31327829847193167,0.4541950491199898,0.008823529411764675,0.02967898243488798,0.029943855271366226,0.02475570032573282,74.2178563117805,72.69851145090469,71.14421413087207,68.01253943882709,-0.026769779892920842,0,1.0
2025-12-31,16310.0,16830.0,16310.0,16510.0,850218070430,51504245,2014,16810.0,16780.0,79.15746595031628,76.90917878935923,76.2987012987013,81.61324491111723,-23.7012987012987,12.61744966442953,25.50486163051608,130.55618891009726,0.06154334856225364,74.69909760509813,50.47564532224603,10.755454463261385,39.720190858984644,99.04551268088615,1.0369546409590904,1.1052198254569405,1.2366788025293693,1.0470767886206205,1.1191986332428838,1.1926064590304084,0.8369828730493183,31.224087000273578,0.023963933673612842,0.03098927294398093,0.016852407962961037,0.01643353095682363,0.02154736445170144,1.2785926200611322,2.6049494608498716,1.3478191009479097,0.0379038351698362,74.15758721837369,422153957.5124131,1.3649226066537155,1.9939606950150983,0.9038461538461539,0.09615384615384616,0.0,-0.02858844550327576,-0.0005955926146515855,-0.02157434402332359,-0.012941176470588234,0.046787273861509604,0.12617449664429525,0.25504861630516085,-0.7211960691841369,-0.021574344023323616,0.8278867102396514,0,2,79.39033932569076,88.04943075472076,87.52290170328355,83.24745024640004,168.99610574112296,202.5255401651939,190.39441079993742,135.13213971523203,0.3748951741111978,2.7098823537576897,3.3745796420890724,0.6375609196469519,-0.020991253644314867,0.008823529411764675,0.02967898243488798,0.019071837253655355,75.45523524851924,74.2178563117805,72.69851145090469,69.57242885139927,-0.03876438522107817,0,0.0
2026-01-04,16700.0,17000.0,16050.0,16730.0,549151543750,32818461,1970,16510.0,16880.0,79.79570099962196,78.29382434391478,79.0,77.80473427281936,-21.0,10.688524590163935,24.02645113886848,97.77593985409032,0.060684900757235295,73.11225720427201,42.71329465345143,13.310264243153904,29.403030410297525,89.32395913927851,1.032731722239217,1.0999609018636778,1.2349833921072269,1.0447471871957723,1.115468300632625,1.195841442179658,0.8243154766876197,30.822118908608253,0.026140371071267373,0.05627962085308057,0.016826302808382973,0.01601005633307783,0.018238318605584287,1.0839171749897334,1.6430173590445967,0.7502603539229546,0.051966074074015545,75.58241700693833,278757128.8071066,0.9348919825241224,1.841982234689107,0.18947368421052632,0.12631578947368421,0.6842105263157895,-0.004767580452920143,0.005959475566150285,0.005360333531864159,-0.01574344023323615,0.02241066020593574,0.10688524590163939,0.24026451138868476,-0.2971100809267374,-0.01574344023323615,0.8387799564270153,1,0,79.15746595031628,79.39033932569076,88.04943075472076,85.59816302348496,130.55618891009726,168.99610574112296,202.5255401651939,159.09226017286028,2.6049494608498716,0.3748951741111978,2.7098823537576897,0.31327829847193167,-0.0005955926146515855,-0.020991253644314867,0.008823529411764675,0.029943855271366226,74.69909760509813,75.45523524851924,74.2178563117805,71.14421413087207,-0.07949790794979084,0,0.0
2026-01-05,16890.0,17160.0,16230.0,16570.0,1234695642130,74533686,4474,16730.0,16350.0,67.92397703613656,57.11605907111365,61.333333333333336,72.21067821067818,-38.666666666666664,7.353906762967827,21.651785714285715,29.83347638569478,0.05895272357248685,71.79973005553036,39.15456391212474,11.453364385771609,27.701199526353136,76.30625231858002,0.9934982074497174,1.055417487009005,1.1886413865301848,1.0100880140210855,1.074044621088213,1.1964202628824008,0.6922841402213366,28.820622930843054,0.02912294900777157,0.05688073394495413,0.018645884503769843,0.020606286330642494,0.01766579111716102,0.947436476590281,3.2180295764820532,1.6424724783993379,-0.01953678566335204,59.70993153590867,275971310.2659812,0.9066719584507046,3.593718623237881,0.5806451612903226,0.2903225806451613,0.12903225806451613,0.0005924170616113745,-0.03139810426540279,-0.025625744934445804,-0.02620607504466943,-0.038235294117647034,0.07353906762967832,0.2165178571428572,-2.2209447654706787,-0.04664723032069971,0.7810457516339869,0,1,79.79570099962196,79.15746595031628,79.39033932569076,87.52290170328355,97.77593985409032,130.55618891009726,168.99610574112296,190.39441079993742,1.6430173590445967,2.6049494608498716,0.3748951741111978,3.3745796420890724,0.005959475566150285,-0.0005955926146515855,-0.020991253644314867,0.02967898243488798,73.11225720427201,74.69909760509813,75.45523524851924,72.69851145090469,-0.05009052504526257,0,0.0
2026-01-06,16390.0,17060.0,16390.0,16790.0,637872435810,37999065,2768,16570.0,16890.0,72.4253667500192,67.54970241386192,79.26421404682274,73.199182460052,-20.735785953177256,10.032573289902281,24.649446494464943,11.63057809104646,0.05616233135809789,70.58095484598454,35.12566439024984,10.274843935352164,24.850820454897672,81.29966780528463,1.0167960989705618,1.0786473800172431,1.2193185099624604,1.036520184561971,1.1005892137638356,1.1991770141495812,0.789970716466282,27.122524983100583,0.029180761277179428,0.03966844286560095,0.019332490693599623,0.022159160527305478,0.025069765155043777,1.2967685101922013,1.5343495853910771,0.9314261873670764,-0.0299823778686521,66.23349276801981,230445244.15101156,0.7499025183261604,2.0352941176470587,0.746268656716418,0.2537313432835821,0.0,0.0024464831804281344,0.03302752293577971,0.0005924170616113944,0.006555423122765136,-0.015160349854227428,0.1003257328990228,0.24649446494464944,1.126186894576354,-0.015160349854227406,0.8398692810457516,1,0,67.92397703613656,79.79570099962196,79.15746595031628,88.04943075472076,29.83347638569478,97.77593985409032,130.55618891009726,202.5255401651939,3.2180295764820532,1.6430173590445967,2.6049494608498716,2.7098823537576897,-0.03139810426540279,0.005959475566150285,-0.0005955926146515855,0.008823529411764675,71.79973005553036,73.11225720427201,74.69909760509813,74.2178563117805,-0.06551518761167363,0,0.0
2026-01-07,17000.0,17000.0,16290.0,16360.0,621127956390,37972918,2059,16790.0,16290.0,62.012146859052756,51.353431089197706,53.25670498084291,64.61808412033298,-46.74329501915709,3.560076287349015,18.731778425655975,-47.22094355296838,0.05389349411332206,69.08190488483422,31.621596432472405,10.654888516844133,20.96670791562827,56.54228855721402,0.9773804523909522,1.0318616583264713,1.1690660389545147,0.9997451804870287,1.0566787806411089,1.1961217723299506,0.6295056642636443,24.602521061633265,0.031207663569368965,0.04358502148557397,0.02197160647227106,0.025581695988207368,0.02833584945450527,1.2896576083440283,1.4401833371417951,0.8085249067537089,-0.04496951974363872,60.04887041458381,301664864.6867411,0.9590591119284979,1.4328462073764787,1.0,0.0,0.0,0.006512729425695678,-0.035523978685612745,-0.003669724770642202,-0.03495260663507105,-0.029779630732578943,0.03560076287349023,0.18731778425655987,-2.0196975042039793,-0.05014577259475218,0.7745098039215687,0,1,72.4253667500192,67.92397703613656,79.79570099962196,79.39033932569076,11.63057809104646,29.83347638569478,97.77593985409032,168.99610574112296,1.5343495853910771,3.2180295764820532,1.6430173590445967,0.3748951741111978,0.03302752293577971,-0.03139810426540279,0.005959475566150285,-0.020991253644314867,70.58095484598454,71.79973005553036,73.11225720427201,75.45523524851924,-0.06968215158924207,0,0.0
2026-01-10,15870.0,15970.0,15870.0,15870.0,230410706600,14518044,840,16360.0,15870.0,55.94810184611661,42.94444834325292,30.21276595744681,54.24456166170415,-69.7872340425532,-0.9981285090455396,12.63307310149042,-116.87033523620846,0.049089983844595106,66.29358761399871,29.73208729263863,15.993594458127033,13.738492834511598,3.1635031635031634,0.9530959101555462,0.9996220710506425,1.133021104035183,0.9778852571669006,1.027195112947353,1.1887797355570153,0.4983137272916519,22.41208954438984,0.03163582191954841,0.00630119722747322,0.022831792010497672,0.02652145611297474,0.029418335445706118,1.2884812296897268,0.5620108997189277,0.3669097368491311,-0.02781343649894996,57.47422708133301,274298460.2380952,0.890550468602763,0.5852842809364548,0.0,1.0,0.0,-0.02578268876611418,-0.025782688766114226,-0.060390763765541755,-0.029357798165137616,-0.05423122765196664,-0.009981285090455372,0.12633073101490422,-1.4014308592783318,-0.07463556851311953,0.7287581699346405,0,2,62.012146859052756,72.4253667500192,67.92397703613656,79.15746595031628,-47.22094355296838,11.63057809104646,29.83347638569478,130.55618891009726,1.4401833371417951,1.5343495853910771,3.2180295764820532,2.6049494608498716,-0.035523978685612745,0.03302752293577971,-0.03139810426540279,-0.0005955926146515855,69.08190488483422,70.58095484598454,71.79973005553036,74.69909760509813,-0.02016383112791431,0,1.0
2026-01-11,15400.0,15630.0,15400.0,15400.0,737251392810,47869378,1273,15870.0,15420.0,50.2754101769673,35.64789308971841,11.063829787234043,31.511100241841234,-88.93617021276596,-6.602059357964869,6.860706860706861,-191.2846452484216,0.042595497554436174,62.440601406777155,27.73487311836461,21.63661515245887,6.098257965905741,-39.31086142322088,0.9321726514327168,0.9682584534237544,1.096042306380075,0.9574992015122671,0.9982114084241918,1.1757932446264074,0.34837514035001593,20.934262791417513,0.03241053557634812,0.014915693904020753,0.023665291762222398,0.02542535018304811,0.02853698177389729,1.2058580160609604,1.7520423595690933,1.1242586073401508,-0.06665834895018863,50.21627124764343,579144849.025923,1.7865529769289852,0.8791132902869376,0.08695652173913043,0.9130434782608695,0.0,-0.029615626969124134,-0.02835538752362954,-0.05340699815837935,-0.08703374777975137,-0.0864928909952607,-0.06602059357964873,0.06860706860706856,-1.349891568839742,-0.10087463556851312,0.6797385620915033,0,3,55.94810184611661,62.012146859052756,72.4253667500192,79.79570099962196,-116.87033523620846,-47.22094355296838,11.63057809104646,97.77593985409032,0.5620108997189277,1.4401833371417951,1.5343495853910771,1.6430173590445967,-0.025782688766114226,-0.035523978685612745,0.03302752293577971,0.005959475566150285,66.29358761399871,69.08190488483422,70.58095484598454,73.11225720427201,0.02857142857142847,0,2.0
2026-01-12,15520.0,15860.0,15520.0,15740.0,227710533680,14462432,1483,15400.0,15700.0,53.438837339173865,42.71358648620203,15.813953488372093,19.030183077684296,-84.18604651162791,-7.647058823529412,7.607950651130911,-217.76172167644745,0.03668185130205529,59.281697552310256,29.29125642164517,20.264251197935693,9.027005223709477,-27.5711159737418,0.9566171094321229,0.9824166197359364,1.1105295174501677,0.9786670117073942,1.015108722329495,1.1608923847383537,0.40968011883450617,19.46789570265866,0.031560582173042515,0.02165605095541401,0.023835384892150036,0.023812951823066548,0.03104505532589834,1.3024776174737898,0.5327031902877561,0.47317949724684966,-0.02420176167635557,50.90662817254787,153547224.3290627,0.4830826859772159,1.0049808558940128,0.5294117647058824,0.47058823529411764,0.0,0.00648508430609598,0.018158236057068677,-0.010712035286704502,-0.03621853898096994,-0.03975535168195721,-0.07647058823529407,0.07607950651130913,0.5963627007747693,-0.08454810495626822,0.710239651416122,1,0,50.2754101769673,55.94810184611661,62.012146859052756,67.92397703613656,-191.2846452484216,-116.87033523620846,-47.22094355296838,29.83347638569478,1.7520423595690933,0.5620108997189277,1.4401833371417951,3.2180295764820532,-0.02835538752362954,-0.025782688766114226,-0.035523978685612745,-0.03139810426540279,62.440601406777155,66.29358761399871,69.08190488483422,71.79973005553036,0.029224904701397714,0,2.0
2026-01-13,15840.0,16000.0,15280.0,15690.0,250916684470,15990015,1406,15740.0,15430.0,50.12714476585383,38.01757691568113,6.726457399103139,11.201413558236405,-93.27354260089686,-10.029154518950437,3.141711229946524,-247.4080887821409,0.03139382217375499,55.757962009324515,26.34638998898461,21.57818258866211,4.768207400322499,-45.48254620123205,0.9501231527093597,0.9641038457933706,1.0868952692231835,0.9675170327656271,0.9978250277085237,1.1439519878279,0.3093395572583527,18.82726888202507,0.0331520915726228,0.046662346079066754,0.023722216256976368,0.023225106125992795,0.021110535891617557,0.889905718038012,0.586665716066083,0.6111793566480622,-0.05051093071014623,48.57234618301689,178461368.7553343,0.5611053895739816,0.9457823220772232,0.5694444444444444,0.2222222222222222,0.20833333333333334,0.008917197452229299,-0.01719745222929936,0.0006485084306095956,-0.027725267800882136,-0.08644168146832443,-0.10029154518950434,0.03141711229946531,-0.8014971782341087,-0.10029154518950437,0.6808278867102396,0,1,53.438837339173865,50.2754101769673,55.94810184611661,72.4253667500192,-217.76172167644745,-191.2846452484216,-116.87033523620846,11.63057809104646,0.5327031902877561,1.7520423595690933,0.5620108997189277,1.5343495853910771,0.018158236057068677,-0.02835538752362954,-0.025782688766114226,0.03302752293577971,59.281697552310256,62.440601406777155,66.29358761399871,70.58095484598454,0.06309751434034427,1,4.0
2026-01-18,15220.0,15670.0,15220.0,15550.0,228433229600,14692351,1578,15220.0,15550.0,51.68804774239282,43.89886818797052,14.410480349344978,7.045645916149354,-85.58951965065502,-7.33015494636472,4.3624161073825505,-259.8666934861519,0.02178186094594233,50.021902530394485,30.452938689924274,20.354352069968133,10.09858661995614,-66.17029614286515,0.9743107769423559,0.9675813577250949,1.0867590120626756,0.9846740151376834,1.0062562314681949,1.1154131082006624,0.30272147412506256,16.43293010789048,0.03132742129771681,0.028938906752411574,0.02282473676068427,0.024922602639008737,0.02241744567960788,0.982155716171152,0.5442694013162573,0.7551819939471954,-0.01983418044904317,47.98694807071643,144761235.48795944,0.4461800541076647,1.0790850343624987,0.7333333333333333,0.26666666666666666,0.0,0.0,0.021681997371879147,0.007777057679844379,-0.009554140127388533,-0.02016383112791431,-0.0733015494636472,0.043624161073825496,0.8454324801880988,-0.09329446064139942,0.6938997821350763,1,0,47.65355036001424,50.12714476585383,53.438837339173865,55.94810184611661,-273.0938414243493,-247.4080887821409,-217.76172167644745,-116.87033523620846,0.16085315981063436,0.586665716066083,0.5327031902877561,0.5620108997189277,-0.013609850939727774,-0.01719745222929936,0.018158236057068677,-0.025782688766114226,52.34079850185189,55.757962009324515,59.281697552310256,66.29358761399871,0.05209003215434094,1,3.0
2026-01-19,15650.0,15990.0,15570.0,15840.0,232887425910,14703578,1258,15550.0,15900.0,55.596941611408525,52.31278653069024,29.694323144104803,14.701601164483241,-70.3056768558952,-5.80568720379147,4.2622950819672125,-221.0744402476264,0.020266137162642903,48.38634583094074,33.1993068108049,19.03202387913834,14.16728293166656,-33.69548102661007,1.0023956625898374,0.9873629956220698,1.106133125556545,1.0057791560937195,1.026706785739405,1.1034895369545858,0.419820995419536,15.76098935632001,0.030426047687931057,0.026415094339622643,0.02277796058368729,0.026406392808158374,0.019927720707185848,0.874868521875366,0.5378304162298116,1.1467265826665336,0.012315217715448634,41.409889935399576,185125139.83306837,0.5660820699886583,0.8496268530712862,0.5952380952380952,0.21428571428571427,0.19047619047619047,0.006430868167202572,0.022508038585209,0.0446780551905388,0.030460142579390892,0.03112840466926059,-0.05805687203791465,0.042622950819672045,0.8855889298551527,-0.0728862973760933,0.7320261437908496,2,0,51.68804774239282,47.65355036001424,50.12714476585383,50.2754101769673,-259.8666934861519,-273.0938414243493,-247.4080887821409,-191.2846452484216,0.5442694013162573,0.16085315981063436,0.586665716066083,1.7520423595690933,0.021681997371879147,-0.013609850939727774,-0.01719745222929936,-0.02835538752362954,50.021902530394485,52.34079850185189,55.757962009324515,62.440601406777155,0.0018939393939394478,0,2.0
2026-01-20,15830.0,16310.0,15800.0,16200.0,446972438250,27593467,908,15840.0,16310.0,59.70941723229644,60.424547753032385,56.18556701030928,33.430123501253,-43.81443298969072,-0.24464831804281345,7.091267235718976,-163.95909510402254,0.02074538027306072,47.32969463636055,35.41554619162148,17.604425596475703,17.811120595145777,-0.9281525545290396,1.0285029638037584,1.009438341327557,1.1288290907077503,1.0267049156176986,1.049049013284402,1.0975457829824342,0.5632194756634444,14.929483720812344,0.029776053503964915,0.03126916002452483,0.023348345243197663,0.02640253857258121,0.021306025898335603,0.9125283045291155,0.9954072740508416,1.7861670272039645,0.019022241479313973,35.95256494161461,492260394.54845816,1.459296352566771,0.616596495993481,0.9411764705882353,0.0,0.058823529411764705,-0.00440251572327044,0.025786163522012684,0.04887459807073946,0.07161629434953998,0.03885350318471348,-0.0024464831804281717,0.07091267235718979,0.9463262812699308,-0.04897959183673469,0.7766884531590414,3,0,55.596941611408525,51.68804774239282,47.65355036001424,53.438837339173865,-221.0744402476264,-259.8666934861519,-273.0938414243493,-217.76172167644745,0.5378304162298116,0.5442694013162573,0.16085315981063436,0.5327031902877561,0.022508038585209,0.021681997371879147,-0.013609850939727774,0.018158236057068677,48.38634583094074,50.021902530394485,52.34079850185189,59.281697552310256,-0.04938271604938271,0,0.0
2026-01-24,17180.0,17180.0,16260.0,16850.0,918202331280,54503329,2563,16680.0,16650.0,62.58524533823797,65.49464651078824,72.95918367346938,68.13416088084716,-27.040816326530614,2.209944751381215,5.848696757787667,-61.772434326155576,0.02402208011242774,46.88834740611539,40.973630016808585,14.482848778383556,26.49078123842503,56.92532814030013,1.048951048951049,1.0233558696988323,1.138695116947066,1.0337289922346733,1.0600525572593513,1.0855560114895364,0.664120304177811,14.230944681608698,0.0305706980810792,0.05525525525525526,0.02326112798286494,0.02206310179629879,0.011272660642150835,0.48461367180709025,1.7811081027091584,2.0987062939822985,0.010906968767057545,52.867426751674685,358252957.97112757,0.9375420218508419,1.6777952343545433,0.5760869565217391,0.0,0.42391304347826086,0.02997601918465228,-0.0017985611510791255,0.020846106683016563,0.04716981132075482,0.09395532194480949,0.022099447513812098,0.05848696757787675,-0.21074528440999765,-0.029154518950437316,0.8137254901960784,0,1,63.03651746364364,59.70941723229644,55.596941611408525,47.65355036001424,-100.53228231210659,-163.95909510402254,-221.0744402476264,-273.0938414243493,0.6497754763990272,0.9954072740508416,0.5378304162298116,0.16085315981063436,0.02268546903740032,0.025786163522012684,0.022508038585209,-0.013609850939727774,46.820635985952876,47.32969463636055,48.38634583094074,52.34079850185189,-0.11691394658753707,0,0.0
2026-01-25,16400.0,16500.0,16350.0,16360.0,78571618570,4803817,343,16850.0,16350.0,58.10554887608943,56.206408652197055,57.6530612244898,68.62332561890733,-42.3469387755102,3.0245746691871456,1.9962570180910792,-57.59519463875722,0.023837680421995775,46.9512222962663,39.19655325641662,13.854709802711193,25.34184345370543,15.5851135294908,1.0269455436216317,1.0039297556183224,1.1119272044721915,1.0127500428356428,1.0378043117247349,1.0827518668135634,0.5277582069485246,14.157094604885156,0.030218556573392712,0.009174311926605505,0.023399142568109932,0.021075284849386443,0.019303626181346567,0.8249715187279967,0.1585037640774023,0.20022362880372804,0.0006994898359788948,48.05440704929669,229071774.25655976,0.6355825648233393,0.22391226295002775,0.3333333333333333,0.6666666666666666,0.0,-0.015015015015015015,-0.018018018018018056,-0.01978417266187049,0.002452483139178341,0.05144694533762051,0.030245746691871522,0.019962570180910744,-0.8234121006664644,-0.04664723032069971,0.7810457516339869,0,2,62.58524533823797,63.03651746364364,59.70941723229644,51.68804774239282,-61.772434326155576,-100.53228231210659,-163.95909510402254,-259.8666934861519,1.7811081027091584,0.6497754763990272,0.9954072740508416,0.5442694013162573,-0.0017985611510791255,0.02268546903740032,0.025786163522012684,0.021681997371879147,46.88834740611539,46.820635985952876,47.32969463636055,50.021902530394485,-0.1124694376528117,0,0.0
2026-01-27,15400.0,15500.0,15400.0,15400.0,304431819500,19768287,755,15870.0,15400.0,46.35881658233232,35.865693819251064,9.183673469387756,33.33333333333331,-90.81632653061224,-1.910828025477707,-9.411764705882353,-134.2229491752788,0.016746457503660085,43.484588277279904,33.9794837397633,25.320666121662693,8.65881761810061,-96.12403100775198,0.9663654618473896,0.9521454185730184,1.0380436247944134,0.9628619593416872,0.97864210019612,1.0741729353716736,0.16795681508738872,14.412155888570991,0.031910417637082585,0.006493506493506494,0.022892649743123116,0.02279236186412154,0.022090361016493563,0.9649543091065481,0.7085880401459479,0.9785891001449428,-0.03266784507449105,49.942229601401756,403220952.98013246,1.2396433154562663,0.49990068198371185,0.0,1.0,0.0,-0.029615626969124134,-0.02961562696912412,-0.05810397553516822,-0.07507507507507505,-0.05579399141630903,-0.019108280254777066,-0.09411764705882353,-1.0892113068899827,-0.10204081632653061,0.6775599128540305,0,4,51.725997107227585,58.10554887608943,62.58524533823797,59.70941723229644,-86.66855005169748,-57.59519463875722,-61.772434326155576,-163.95909510402254,0.1181541825622687,0.1585037640774023,1.7811081027091584,0.9954072740508416,-0.029357798165137616,-0.018018018018018056,-0.0017985611510791255,0.025786163522012684,45.706350517857274,46.9512222962663,46.88834740611539,47.32969463636055,-0.05714285714285716,0,0.0
2026-01-28,15100.0,15660.0,15100.0,15290.0,154579235570,10107718,3117,15400.0,15360.0,45.922093818183804,35.19141919921043,12.5,18.282312925170043,-87.5,-0.45366169799092676,-10.43731778425656,-163.12051158412226,0.012253760107518967,40.82085596899869,31.240963906548398,27.59748921481619,3.6434746917322087,-94.66710831401129,0.9642789880092912,0.9549566352699804,1.031301615437296,0.9662535276556609,0.9778312836886791,1.0695054317904096,0.17834976528645952,14.00383393785952,0.032312433086606834,0.036458333333333336,0.022679516611769014,0.022147375214721376,0.013682232723846947,0.6032859058709773,0.39860086011655627,0.5448632003746658,-0.04669621115772449,55.51648458729894,49592311.7003529,0.15922483917976613,2.0719223610741824,0.4642857142857143,0.5357142857142857,0.0,-0.01948051948051948,-0.0025974025974025983,-0.032136105860113395,-0.06055045871559628,-0.07913669064748197,-0.004536616979909258,-0.10437317784256561,0.11703679900834937,-0.1043731778425656,0.673202614379085,0,5,46.35881658233232,51.725997107227585,58.10554887608943,63.03651746364364,-134.2229491752788,-86.66855005169748,-57.59519463875722,-100.53228231210659,0.7085880401459479,0.1181541825622687,0.1585037640774023,0.6497754763990272,-0.02961562696912412,-0.029357798165137616,-0.018018018018018056,0.02268546903740032,43.484588277279904,45.706350517857274,46.9512222962663,46.820635985952876,-0.023544800523217835,0,1.0
2026-01-31,15740.0,15740.0,14840.0,14880.0,241020318990,16197280,692,15290.0,14840.0,40.57127570655599,27.38348091476712,0.0,7.227891156462562,-100.0,-2.4967148488830486,-11.614055985705777,-209.07016620141957,0.0060647277010673255,37.94895832745617,27.416656682176715,27.755573617009432,-0.33891693483271723,-113.93267814348215,0.9338619344282928,0.928254206542816,0.9932001927504417,0.943185262183796,0.9486114732837982,1.0635407185308132,0.022176897863552817,15.015137011248198,0.0353876907909783,0.06064690026954178,0.023322614708461017,0.024324182993578563,0.01267480113162673,0.5434554096984908,0.6275226032130489,1.4873920245245649,-0.028184855762020344,55.32891513358175,348295258.65606934,1.099420105927183,0.4570070003962488,1.0,0.0,0.0,0.024739583333333332,-0.03385416666666663,-0.036363636363636376,-0.06490233144297419,-0.10870870870870875,-0.024967148488830526,-0.11614055985705773,-1.1988055687729213,-0.1346938775510204,0.616557734204793,0,6,45.922093818183804,46.35881658233232,51.725997107227585,62.58524533823797,-163.12051158412226,-134.2229491752788,-86.66855005169748,-61.772434326155576,0.39860086011655627,0.7085880401459479,0.1181541825622687,1.7811081027091584,-0.0025974025974025983,-0.02961562696912412,-0.029357798165137616,-0.0017985611510791255,40.82085596899869,43.484588277279904,45.706350517857274,46.88834740611539,-0.016129032258064502,0,1.0
2026-02-01,14440.0,14840.0,14440.0,14520.0,96463675990,6642379,988,14880.0,14550.0,37.91776653658985,23.929119646040576,4.014598540145985,5.504866180048638,-95.98540145985402,-6.430868167202572,-13.289630512514899,-248.1444091604293,-0.0007635591866170385,35.96370842293272,25.8991981482537,31.754161869913013,-5.854963721659313,-164.69638551657474,0.9214109302767399,0.916506566722308,0.9711265067478274,0.9355843938833753,0.9349165137787832,1.053955922203089,-0.011618362317608676,16.31947549721837,0.035478612211072826,0.027491408934707903,0.02348028293575786,0.023287238411385976,0.012552152249259605,0.5345826659585976,0.2818344031507458,0.5900439661604487,-0.02920920516857295,65.22689653527203,97635299.58502024,0.3248304323526177,0.6753708387449586,0.275,0.725,0.0,-0.026954177897574125,-0.019541778975741275,-0.052734375,-0.05519480519480524,-0.11009174311926606,-0.06430868167202575,-0.13289630512514894,-0.5408615993518723,-0.15160349854227406,0.5849673202614379,0,7,40.57127570655599,45.922093818183804,46.35881658233232,58.10554887608943,-209.07016620141957,-163.12051158412226,-134.2229491752788,-57.59519463875722,0.6275226032130489,0.39860086011655627,0.7085880401459479,0.1585037640774023,-0.03385416666666663,-0.0025974025974025983,-0.02961562696912412,-0.018018018018018056,37.94895832745617,40.82085596899869,43.484588277279904,46.9512222962663,-0.019283746556473802,0,1.0
2026-02-02,14890.0,14890.0,14560.0,14690.0,63592805110,4327732,865,14520.0,14700.0,40.1000265915536,29.310274016226543,9.489051094890511,4.5012165450121415,-90.51094890510949,-7.547169811320755,-12.914691943127963,-252.21559752514395,-0.005322100266073371,34.01987591991098,25.359438343079333,30.222924787192873,-4.863486444113541,-136.01831616193166,0.9380384149065152,0.9323565788221863,0.9784996338946949,0.9532619855346843,0.94845016034926,1.0431338614125008,0.09162694118243446,16.564124326338675,0.03426034742334512,0.022448979591836733,0.023624802180050784,0.02188297800471366,0.01860167961484199,0.7873792750971514,0.1954372961049676,0.3793368122753421,-0.025156670942537263,63.575187103294006,73517693.76878613,0.25323757570256916,0.6144993428764252,0.5757575757575758,0.0,0.42424242424242425,0.02336769759450172,0.010309278350515427,-0.009433962264150941,-0.04296875,-0.07372400756143671,-0.07547169811320753,-0.12914691943127965,0.7167883851941558,-0.14285714285714285,0.6013071895424836,1,0,37.91776653658985,40.57127570655599,45.922093818183804,51.725997107227585,-248.1444091604293,-209.07016620141957,-163.12051158412226,-86.66855005169748,0.2818344031507458,0.6275226032130489,0.39860086011655627,0.1181541825622687,-0.019541778975741275,-0.03385416666666663,-0.0025974025974025983,-0.029357798165137616,35.96370842293272,37.94895832745617,40.82085596899869,45.706350517857274,-0.040163376446562316,0,0.0
2026-02-03,14990.0,14990.0,14340.0,14520.0,85540946400,5893114,749,14690.0,14480.0,37.99075179413535,26.14556846498273,4.929577464788732,6.1444090332750525,-95.07042253521126,-11.220110361741263,-11.43730886850153,-257.1718162184185,-0.010185362338339618,32.58646275686003,23.069138788661807,30.55015127332503,-7.481012484663225,-134.91432879000868,0.9349173553719008,0.9238818350028711,0.9617428267800212,0.947891738221663,0.938827712648892,1.0286928799149841,0.07096810637375564,17.741843002338634,0.03550292222080334,0.04488950276243094,0.022995250352924778,0.01850918902538303,0.01680259154050165,0.7306983521649077,0.3149408798784156,0.6825754676072722,-0.018129353550355942,66.73806467608014,114206871.02803738,0.40466899240434084,0.6132307188472245,0.7846153846153846,0.0,0.2153846153846154,0.019727891156462583,-0.014965986394557818,-0.004810996563573866,-0.02425876010781669,-0.05974025974025976,-0.11220110361741265,-0.11437308868501528,-0.3984686703913223,-0.15568513119533528,0.5773420479302832,0,1,40.1000265915536,37.91776653658985,40.57127570655599,46.35881658233232,-252.21559752514395,-248.1444091604293,-209.07016620141957,-134.2229491752788,0.1954372961049676,0.2818344031507458,0.6275226032130489,0.7085880401459479,0.010309278350515427,-0.019541778975741275,-0.03385416666666663,-0.02961562696912412,34.01987591991098,35.96370842293272,37.94895832745617,43.484588277279904,-0.039256198347107474,0,0.0
2026-02-07,14870.0,14950.0,14710.0,14930.0,94610837330,6336595,578,14520.0,14950.0,44.684855203404126,41.80628076789091,21.47887323943662,11.965833933038596,-78.52112676056338,-10.371702637889687,-11.486086441681469,-217.80260697822058,-0.010873945763445815,31.25543624831272,21.55335673871758,28.54282142250518,-6.989464683787602,-94.58209764341973,0.9761671563826314,0.9598099640472522,0.9900137741046833,0.9818826986159407,0.9715099459800094,1.0141846789574063,0.2602033081300966,16.7600460370621,0.0341761590006881,0.016053511705685617,0.02294498072712446,0.020658326113826342,0.02636661976718712,1.1491236397517546,0.3699405023857404,0.804195613382711,-0.009541913670359503,68.99726383750478,163686569.7750865,0.5869321354863603,0.5198309200467668,0.3333333333333333,0.0,0.6666666666666666,0.026933701657458564,0.03245856353591159,0.017006802721088343,0.027491408934707806,-0.02669270833333337,-0.1037170263788969,-0.11486086441681465,1.6687793954759154,-0.1282798833819242,0.6285403050108932,1,0,37.99075179413535,40.1000265915536,37.91776653658985,45.922093818183804,-257.1718162184185,-252.21559752514395,-248.1444091604293,-163.12051158412226,0.3149408798784156,0.1954372961049676,0.2818344031507458,0.39860086011655627,-0.014965986394557818,0.010309278350515427,-0.019541778975741275,-0.0025974025974025983,32.58646275686003,34.01987591991098,35.96370842293272,40.82085596899869,-0.09243134628265237,0,0.0
2026-02-08,15170.0,15290.0,14490.0,14640.0,207169802940,14147995,939,14930.0,14500.0,40.20916197184232,33.80026408661769,5.633802816901408,10.680751173708897,-94.36619718309859,-12.912912912912914,-10.988336402701043,-210.93071175247727,-0.01437422564661317,29.264897993888905,23.80503736841877,25.474581928835573,-1.6695445604168029,-100.45301479702078,0.9602649006622517,0.9362993575049237,0.9580822497092716,0.9593638673270806,0.9463140893791089,0.9977270324558621,0.13248492806461173,17.332797308044942,0.03666077094474745,0.05517241379310345,0.022605115193729347,0.021234251679832297,0.025378791351272054,1.1227012618060943,0.8877206391353683,1.894086039571525,-0.008532676383547932,62.46509303250106,220628118.14696485,0.8027710862871459,0.889288758405152,0.8375,0.15,0.0125,0.01471571906354515,-0.030100334448160515,0.0013812154696133394,-0.013605442176870763,-0.022911051212938016,-0.1291291291291291,-0.10988336402701049,-1.0855936330611935,-0.15451895043731778,0.579520697167756,0,1,44.684855203404126,37.99075179413535,40.1000265915536,40.57127570655599,-217.80260697822058,-257.1718162184185,-252.21559752514395,-209.07016620141957,0.3699405023857404,0.3149408798784156,0.1954372961049676,0.6275226032130489,0.03245856353591159,-0.014965986394557818,0.010309278350515427,-0.03385416666666663,31.25543624831272,32.58646275686003,34.01987591991098,37.94895832745617,-0.08128415300546443,0,0.0
2026-02-09,14900.0,14900.0,14210.0,14240.0,113217056480,7949372,717,14640.0,14210.0,37.59574436682152,29.54615858649028,0.0,9.037558685445985,-100.0,-13.088685015290519,-10.459987397605545,-214.0961595065983,-0.018656985186957183,27.94082388729249,21.643948463450442,26.845868370890365,-5.2019199074399225,-126.25,0.9545882036813113,0.9225176096341741,0.9368654236662359,0.9489099793289939,0.9324029053072593,0.9814341095493024,0.08525121566218531,18.68176430933578,0.03820526451736651,0.048557353976073185,0.022368589508233398,0.021289990867405836,0.025448015722368173,1.1376674292762763,0.5092810820403851,1.0282513885465425,-0.009261620406828763,57.44475533577297,157903844.46304044,0.5869738257564837,0.6830197666110979,1.0,0.0,0.0,0.027586206896551724,-0.020000000000000018,-0.04949832775919727,-0.018646408839778972,-0.023367697594501746,-0.13088685015290524,-0.10459987397605541,-0.6584576606250159,-0.17142857142857143,0.5479302832244008,0,2,40.20916197184232,44.684855203404126,37.99075179413535,37.91776653658985,-210.93071175247727,-217.80260697822058,-257.1718162184185,-248.1444091604293,0.8877206391353683,0.3699405023857404,0.3149408798784156,0.2818344031507458,-0.030100334448160515,0.03245856353591159,-0.014965986394557818,-0.019541778975741275,29.264897993888905,31.25543624831272,32.58646275686003,35.96370842293272,-0.0484550561797753,0,0.0
2026-02-10,14110.0,14200.0,13840.0,14100.0,36005158210,2552903,444,14240.0,14080.0,36.45198411260018,27.721439223797333,7.18562874251497,4.273143853138769,-92.81437125748504,-11.279143037177064,-8.690012970168612,-212.68808671738228,-0.02250566110772664,27.33347372351279,20.565780839795803,30.48995467946134,-9.924173839665539,-148.5243778332871,0.9573672400897532,0.918071267890327,0.9264376891696275,0.9489550577120592,0.9291121389668172,0.9676931175154626,0.09468003431393057,20.21334724308374,0.03768089749539933,0.02556818181818182,0.02172850627111906,0.020588976325299137,0.02407564773845631,1.1080212987515394,0.19132638311279138,0.3461096059734741,-0.012909768900184249,49.82606308139193,81092698.67117117,0.33219624004556353,0.4403451353763761,0.08333333333333333,0.25,0.6666666666666666,-0.007037297677691766,-0.009148486980999349,-0.0289655172413793,-0.058193979933110374,-0.042176870748299344,-0.11279143037177064,-0.08690012970168615,-0.22263845783239533,-0.17900874635568514,0.5337690631808278,0,3,37.59574436682152,40.20916197184232,44.684855203404126,40.1000265915536,-214.0961595065983,-210.93071175247727,-217.80260697822058,-252.21559752514395,0.5092810820403851,0.8877206391353683,0.3699405023857404,0.1954372961049676,-0.020000000000000018,-0.030100334448160515,0.03245856353591159,0.010309278350515427,27.94082388729249,29.264897993888905,31.25543624831272,34.01987591991098,-0.03191489361702127,0,0.0
2026-02-14,13880.0,14430.0,13680.0,13950.0,94192581670,6752398,544,14100.0,13680.0,33.11382534174632,22.69094108327141,0.0,2.3952095808382996,-100.0,-11.168831168831169,-12.86624203821656,-225.23324341652335,-0.028196869586992912,26.246445097601857,21.556437820650228,27.499614330420822,-5.943176509770595,-138.03722504230112,0.9411764705882353,0.8979029240917594,0.8989118435577985,0.9331950061648909,0.9092692428301554,0.9550938337801609,0.042032206075576985,22.2935056269676,0.03992852692960471,0.05482456140350877,0.02168903186443158,0.02047558293974294,0.025695165495614028,1.1847078125120105,0.521111585270007,0.8946117999177674,-0.013410181721813741,41.950218850625625,173148128.06985295,0.7064650224506558,0.5658709106984969,0.26666666666666666,0.7333333333333333,0.0,-0.014204545454545454,-0.02840909090909094,-0.037297677691766395,-0.05655172413793108,-0.05524861878453036,-0.11168831168831173,-0.12866242038216558,-1.0037257007625142,-0.20233236151603498,0.49019607843137253,0,4,36.45198411260018,37.59574436682152,40.20916197184232,37.99075179413535,-212.68808671738228,-214.0961595065983,-210.93071175247727,-257.1718162184185,0.19132638311279138,0.5092810820403851,0.8877206391353683,0.3149408798784156,-0.009148486980999349,-0.020000000000000018,-0.030100334448160515,-0.014965986394557818,27.33347372351279,27.94082388729249,29.264897993888905,32.58646275686003,-0.05017921146953408,0,0.0
2026-02-15,13730.0,13820.0,13540.0,13550.0,111831898460,8254194,646,13950.0,13590.0,32.39498765672596,21.65920858540011,1.6891891891891893,2.958272643901363,-98.3108108108108,-11.5234375,-11.924821775761503,-225.5695482907101,-0.03255790050750017,25.47960854140445,20.738676924746766,28.35318465110257,-7.614507726355804,-143.39681065180363,0.946510656080234,0.8974147323934362,0.8919429786563755,0.9375772643351382,0.9098049697073699,0.9423485862802237,0.07776663777380496,24.295869721352766,0.03879369930180228,0.020603384841795438,0.021546471658517804,0.020319515332798285,0.010769944257226811,0.49984723382629614,0.6566117147523808,1.0407018588611474,-0.021144475898313253,9.032099807711788,173114393.9009288,0.7070986967186629,0.6996263605350084,0.5,0.32142857142857145,0.17857142857142858,0.003654970760233918,-0.006578947368421018,-0.034801136363636354,-0.04363124560168896,-0.0909698996655518,-0.115234375,-0.11924821775761507,-0.021842110245230622,-0.2075801749271137,0.4803921568627451,0,5,33.11382534174632,36.45198411260018,37.59574436682152,44.684855203404126,-225.23324341652335,-212.68808671738228,-214.0961595065983,-217.80260697822058,0.521111585270007,0.19132638311279138,0.5092810820403851,0.3699405023857404,-0.02840909090909094,-0.009148486980999349,-0.020000000000000018,0.03245856353591159,26.246445097601857,27.33347372351279,27.94082388729249,31.25543624831272,-0.05040590405904055,0,0.0
2026-02-16,13490.0,13670.0,13220.0,13450.0,146109465400,10865584,574,13550.0,13480.0,31.495077761671837,20.340430539345547,9.81132075471698,3.8335033146353665,-90.18867924528301,-9.164420485175203,-11.432325886990801,-218.99818635632664,-0.03639763001124819,25.291668854014198,19.460909968148083,30.987618166872398,-11.526708198724315,-137.77592089687352,0.9478273098017157,0.8952943911267559,0.8842823405930202,0.9401143335349798,0.9090098932916114,0.9329572290737339,0.10117155054297854,26.25329487296955,0.03870115968445002,0.03338278931750742,0.021480600829447437,0.01881596988406107,0.009435498324927542,0.43925672283768513,0.8422258181613519,1.4935736074752028,-0.019541754367757624,8.69668303285799,254546106.9686411,1.0418966639444656,0.6107682485635242,0.022222222222222223,0.4,0.5777777777777777,-0.007358351729212656,-0.008094186902133926,-0.014619883040935644,-0.042613636363636354,-0.07034482758620686,-0.09164420485175206,-0.11432325886990802,-0.10528770414341629,-0.2139941690962099,0.4684095860566449,0,6,32.39498765672596,33.11382534174632,36.45198411260018,40.20916197184232,-225.5695482907101,-225.23324341652335,-212.68808671738228,-210.93071175247727,0.6566117147523808,0.521111585270007,0.19132638311279138,0.8877206391353683,-0.006578947368421018,-0.02840909090909094,-0.009148486980999349,-0.030100334448160515,25.47960854140445,26.246445097601857,27.33347372351279,29.264897993888905,-0.04052044609665428,0,0.0
2026-02-17,13440.0,13700.0,13440.0,13550.0,200231339270,14773492,510,13450.0,13640.0,34.35172433553042,27.80041485374153,16.666666666666668,9.389058870190922,-83.33333333333333,-6.254295532646048,-12.282958199356914,-190.71180394508735,-0.03739234758993095,25.040881320215927,19.16840227734083,29.84351269063551,-10.675110413294679,-111.82312308167533,0.9652536975444059,0.9117037631174387,0.8944614214329745,0.9584580100517782,0.9252963198148529,0.9266594095505397,0.17856182366511333,27.46911953313564,0.03687678688260904,0.01906158357771261,0.02092392716356337,0.01954390824990816,0.014271007907189357,0.6820425150418554,1.1447801358613419,1.7099514703854441,-0.007365614090261152,18.303338611891007,392610469.15686274,1.5294359771988053,0.5753610108303249,0.7692307692307693,0.23076923076923078,0.0,-0.002967359050445104,0.011869436201780381,0.003679175864606421,-0.0029239766081871066,-0.04011259676284307,-0.06254295532646048,-0.12282958199356908,0.8694643159122591,-0.20466472303206998,0.485838779956427,1,0,31.495077761671837,32.39498765672596,33.11382534174632,37.59574436682152,-218.99818635632664,-225.5695482907101,-225.23324341652335,-214.0961595065983,0.8422258181613519,0.6566117147523808,0.521111585270007,0.5092810820403851,-0.008094186902133926,-0.006578947368421018,-0.02840909090909094,-0.020000000000000018,25.291668854014198,25.47960854140445,26.246445097601857,27.94082388729249,-0.05416974169741695,0,0.0
2026-02-18,13620.0,13770.0,13420.0,13650.0,35639657550,2610454,336,13550.0,13500.0,33.05293849084876,25.37461857804402,11.11111111111111,12.529699510831563,-88.88888888888889,-8.16326530612245,-15.09433962264151,-169.008314662913,-0.03930223781557126,24.622076013570872,19.210652175325674,28.327292368799146,-9.116640193473472,-104.13416536661457,0.9635286560559561,0.9096422073984233,0.885408468440107,0.95617862039818,0.9215469242760747,0.918922818615877,0.1809051067371302,28.316903375554848,0.03644969232817056,0.025925925925925925,0.019800311819527388,0.01866844650975593,0.01430072538564406,0.7222474835744987,0.21222452788143073,0.3017438780110709,-0.00740686753273645,21.223662995246542,106070409.375,0.41966524465459887,0.399857193859336,0.34285714285714286,0.42857142857142855,0.22857142857142856,-0.001466275659824047,-0.01026392961876832,0.0014836795252226587,-0.0066225165562914245,-0.04119318181818177,-0.08163265306122447,-0.15094339622641506,-0.1162688453529225,-0.21282798833819241,0.47058823529411764,0,1,34.35172433553042,31.495077761671837,32.39498765672596,36.45198411260018,-190.71180394508735,-218.99818635632664,-225.5695482907101,-212.68808671738228,1.1447801358613419,0.8422258181613519,0.6566117147523808,0.19132638311279138,0.011869436201780381,-0.008094186902133926,-0.006578947368421018,-0.009148486980999349,25.040881320215927,25.291668854014198,25.47960854140445,27.33347372351279,-0.03736263736263734,0,0.0
2026-02-21,13300.0,13300.0,13250.0,13250.0,46405782930,3501686,256,13650.0,13250.0,30.81259823685825,21.47140531379526,1.1904761904761905,9.656084656084632,-98.80952380952381,-8.494475138121548,-18.761496014714897,-159.20332691764918,-0.04230762675429136,24.538830199720792,18.48811266560982,29.819438416696787,-11.331325751086968,-117.65636119237763,0.9540610599078341,0.9020969498910676,0.8692286497762967,0.9474399870723296,0.9109264676182826,0.9110828292900535,0.15708614508943827,28.550333766615328,0.03583245824039856,0.0037735849056603774,0.01824305386857923,0.018841895492681348,0.011162759277401686,0.6118909343696983,0.31558531287821867,0.43765155762683094,-0.005671240457980953,22.6857042262544,181272589.5703125,0.7642162283913234,0.31694936238702487,1.0,0.0,0.0,-0.014814814814814815,-0.01851851851851849,-0.02859237536656889,-0.017062314540059353,-0.0314327485380117,-0.08494475138121549,-0.18761496014714896,-0.45724330206439945,-0.22740524781341107,0.4433551198257081,0,2,33.05293849084876,34.35172433553042,31.495077761671837,33.11382534174632,-169.008314662913,-190.71180394508735,-218.99818635632664,-225.23324341652335,0.21222452788143073,1.1447801358613419,0.8422258181613519,0.521111585270007,-0.01026392961876832,0.011869436201780381,-0.008094186902133926,-0.02840909090909094,24.622076013570872,25.040881320215927,25.291668854014198,26.246445097601857,0.02143396226415084,0,2.0
2026-02-22,12853.0,13000.0,12853.0,12867.0,128349088944,9974930,684,13250.0,12853.0,27.611961752851713,16.709476577648203,0.0,4.1005291005290765,-100.0,-14.02675585284281,-22.943645083932854,-166.38842307865207,-0.04740980754882334,25.10396958379014,17.37080055384146,34.06073621090531,-16.689935657063852,-134.44742091149925,0.9396635546815029,0.8866186325806307,0.8439563845336605,0.9306422516854322,0.8913159907630015,0.8981474064083691,0.09559053574719838,28.036279425076245,0.03650699076318287,0.011437018594880572,0.01700819683915807,0.013191965986123978,0.01539555177230427,0.9051842425094119,0.9342676162476375,1.195285325416826,-0.006634029372148853,24.490435859212155,187644866.87719297,0.9068467646970261,0.8315098468271335,0.0,1.0,0.0,-0.029962264150943396,-0.029962264150943385,-0.04792592592592593,-0.057697947214076284,-0.05423105224429725,-0.1402675585284281,-0.2294364508393285,-1.0085062705838657,-0.2505539358600583,0.4001089324618736,0,3,30.81259823685825,33.05293849084876,34.35172433553042,32.39498765672596,-159.20332691764918,-169.008314662913,-190.71180394508735,-225.5695482907101,0.31558531287821867,0.21222452788143073,1.1447801358613419,0.6566117147523808,-0.01851851851851849,-0.01026392961876832,0.011869436201780381,-0.006578947368421018,24.538830199720792,24.622076013570872,25.040881320215927,25.47960854140445,0.0833916219787052,1,4.0
2026-02-23,12855.0,13129.0,12668.0,12905.0,274344438979,21259082,653,12867.0,13049.0,31.400562435490627,26.144011396600916,14.530892448512585,5.240456212996235,-85.46910755148741,-10.006896551724138,-21.62762762762763,-145.62281254892326,-0.04789626400739739,25.897417130164985,16.15024867560909,34.48720110684162,-18.336952431232525,-118.33354715091542,0.9642213223775603,0.9114594247237472,0.8575818675555532,0.9529214740462126,0.9113272424374599,0.8894035504638527,0.1608201396873101,26.10431385714565,0.035913625453671674,0.03532837765346004,0.017988036792380934,0.015056918674794745,0.019489790622576345,1.0834862551999838,2.358314152113871,2.039450039221296,0.010929065139813066,38.58797581452304,420129309.3093415,2.000482719930046,0.8980882959702929,0.420824295010846,0.1735357917570499,0.40563991323210413,0.00015560569516844317,0.015249358126507406,-0.015169811320754678,-0.03340740740740744,-0.03197329376854596,-0.10006896551724143,-0.21627627627627632,1.5124692852240258,-0.23912536443148688,0.42145969498910674,1,0,27.611961752851713,30.81259823685825,33.05293849084876,31.495077761671837,-166.38842307865207,-159.20332691764918,-169.008314662913,-218.99818635632664,0.9342676162476375,0.31558531287821867,0.21222452788143073,0.8422258181613519,-0.029962264150943385,-0.01851851851851849,-0.01026392961876832,-0.008094186902133926,25.10396958379014,24.538830199720792,24.622076013570872,25.291668854014198,0.11259201859744294,1,4.0
2026-02-24,12905.0,12990.0,12561.0,12816.0,87390625730,6818985,391,12905.0,12846.0,29.66861785700965,22.996461190202155,10.44338585562477,8.324759434712428,-89.55661414437523,-9.598874032371569,-21.431192660550458,-133.55815219510976,-0.050313189064883426,26.78692311685163,14.9525303817614,33.55566712402938,-18.603136742267978,-119.08824634936867,0.9588857040487281,0.908396622682337,0.8456233757000782,0.9471170035830047,0.9040373830973002,0.8818813046534958,0.12445511861116115,24.39212511135705,0.03658881964972143,0.033395609528257826,0.01795277315014236,0.014805132710620986,0.016756686929266264,0.9333759630964529,0.7480826062518111,0.7719873030168569,-0.0008952059988733829,34.220370668909254,223505436.64961636,1.0656530633527193,0.5359835503769705,0.13752913752913754,0.19813519813519814,0.6643356643356644,-0.01103532837765346,-0.01555674764349757,-0.0005446199330895185,-0.03049056603773581,-0.05821114369501468,-0.09598874032371574,-0.21431192660550458,-0.20736719099832274,-0.25096209912536444,0.3993464052287582,0,1,31.400562435490627,27.611961752851713,30.81259823685825,34.35172433553042,-145.62281254892326,-166.38842307865207,-159.20332691764918,-190.71180394508735,2.358314152113871,0.9342676162476375,0.31558531287821867,1.1447801358613419,0.015249358126507406,-0.029962264150943385,-0.01851851851851849,0.011869436201780381,25.897417130164985,25.10396958379014,24.538830199720792,25.040881320215927,0.15387016229712858,1,4.0
2026-02-25,12700.0,13199.0,12700.0,13140.0,57472233913,4373967,330,12816.0,13170.0,35.75897397854794,37.097844870243016,22.31586661780872,15.763381640648667,-77.68413338219128,-6.4630681818181825,-17.01323251417769,-93.6432134009998,-0.047822254463449704,26.96196626535099,16.98584242274888,31.022209725906315,-14.036367303157434,-92.52284408696072,0.9897939244539976,0.940284441398218,0.868392109698298,0.9753558843083083,0.9318891120199303,0.8773463730617779,0.23512441175420828,22.54475733202294,0.0358458602010206,0.03788914198936978,0.019250205694591762,0.01853050732216831,0.023665882966484544,1.2293833812452895,0.47774684760476555,0.476169776381409,0.002905272145660387,38.30698938093238,174158284.5848485,0.8716675330771161,0.4469122426868906,0.9418837675350702,0.05811623246492986,0.0,-0.011365405573719446,0.025221858944418418,0.00927274120622279,0.024663502684198146,-0.02444444444444449,-0.06463068181818177,-0.1701323251417769,1.7831917299100333,-0.23206997084548106,0.434640522875817,1,0,29.66861785700965,31.400562435490627,27.611961752851713,33.05293849084876,-133.55815219510976,-145.62281254892326,-166.38842307865207,-169.008314662913,0.7480826062518111,2.358314152113871,0.9342676162476375,0.21222452788143073,-0.01555674764349757,0.015249358126507406,-0.029962264150943385,-0.01026392961876832,26.78692311685163,25.897417130164985,25.10396958379014,24.622076013570872,0.15913242009132422,1,4.0
2026-06-08,19867.0,19867.0,19610.0,19861.0,2643153015990,133080975,3299,19289.0,19867.0,85.34089161989337,96.19782102052444,100.0,100.0,-0.0,34.34541520151474,45.652492668621704,577.8324971775043,0.06224604862019244,41.33861655969442,71.35727172389812,10.643142565093882,60.71412915880424,143.8288399013858,1.1380078704525796,1.2823003566069096,1.292271866889558,1.1459836933142102,1.234009219528334,1.1355561771076579,0.9821212568720141,58.553808317530795,0.024541989881873665,0.012936024563346252,0.019928899616421716,1.4891270353420927e-05,1.237307547457445e-05,0.0006208609463002587,8.639374758461766,4.466651005533176,0.07627584378959029,100.0,801198246.7384056,1.0335961492143413,8.674730475940047,0.0,0.0,1.0,0.029965265177043912,0.029965265177043898,0.06081802648440848,0.09261398009129396,0.15910151691948649,0.3434541520151475,0.456524926686217,0.5417224604714951,0.0,1.164161220043573,15,0,83.72141919377911,81.92138158139082,79.91821886980775,75.20851431412295,563.540324283407,544.9747794773499,521.4623471383816,457.0983300630136,0.3428075063134502,0.4374799003659004,0.43235479159209705,0.3776134888913708,0.0299551473729176,0.029973051751636115,0.02996488048034429,0.029986178715221357,38.82302961456126,36.343877146555194,33.931883322712935,29.464928574153497,0.15915613513921767,1,4.0
2026-06-20,25155.0,25155.0,23691.0,24481.0,4033465790562,164757813,5729,24423.0,23691.0,83.74398921379759,82.28166306761098,81.73424828446663,93.91141609482219,-18.265751715533376,26.50042716787698,69.94978479196557,511.29000245354746,0.09915054934697919,60.40580200002677,70.7253877075918,4.619726693369703,66.10566101422211,119.13079742399093,1.0789135721507228,1.2334276543736935,1.4440783097499517,1.1011226986970486,1.2360733842720428,1.3384559681377481,0.8554961236867549,65.66250341997487,0.026208055589965105,0.06179561858933772,0.013399939375315785,0.018946071297741434,0.02681232483661379,2.000928816588913,7.259240993585539,4.171005289566164,-0.06251087984837467,49.97753015017035,704043601.0755804,0.6823805348360364,10.20484503028144,1.0,0.0,0.0,0.029971747942513206,-0.029971747942513227,-0.0008856275303643635,0.029059160802710426,0.09170084327911154,0.2650042716787697,0.6994978479196556,-4.2484644240454905,-0.029971747942513206,1.580718954248366,0,1,92.93879570550088,92.1626722789565,91.30105718535309,89.27961262366566,605.506106638949,605.779643412028,605.2746831258598,600.4851188238231,1.0751403606679413,0.94463172359627,0.019680387812008912,0.21845372348743608,0.029984817813765163,0.029971331769611753,0.02997494631352904,0.029996677583179032,58.303390107537226,56.03925422331771,53.706703390560506,48.86593491066346,-0.10297781953351581,0,0.0
2026-06-23,22344.0,23050.0,22344.0,22443.0,4006764364059,178527159,6999,23035.0,22400.0,68.91823125602535,56.98213957960575,57.13396608059748,69.31859728810527,-42.86603391940252,9.503324208056316,47.06847876042282,100.67930764661469,0.09522133802439076,61.71102216543176,58.772566246686466,19.983668006325807,38.78889824036066,56.40364003147894,0.9775171065493646,1.0954777309917496,1.3289146919824915,1.0138008704874126,1.1221258199503654,1.3594797298980887,0.6755166664787139,54.39809956926733,0.02670648970847358,0.031517857142857146,0.021947364776930604,0.028005732833064234,0.026707059509878582,1.216868620963142,5.467033558544423,2.29255874620855,-0.14509214619506217,30.124111202809985,572476691.5357908,0.5615134754457862,7.304320601127113,0.07932011331444759,0.9206798866855525,0.0,-0.029997829390058607,-0.027566746255697883,-0.05672295447846043,-0.05449326748554306,-0.055330634278002666,0.09503324208056307,0.47068478760422816,-2.1538046616133593,-0.08283175695041559,1.4400871459694988,0,2,75.51563376536184,83.87541954611515,83.74398921379759,92.1626722789565,265.4382336497897,412.2544665996006,511.29000245354746,605.779643412028,0.24419222981187352,1.031490818950016,7.259240993585539,0.94463172359627,-0.029982734661220367,0.0023637668312861404,-0.029971747942513227,0.029971331769611753,62.669420426680404,62.358041614481344,60.40580200002677,56.03925422331771,0.06745978701599609,1,4.0
2026-06-27,22858.0,23116.0,22120.0,22632.0,1351255033313,59704866,4301,22443.0,22330.0,68.21077741775508,55.84793073683143,51.841118308898736,59.52258024304681,-48.158881691101264,5.985096587403294,42.347166443551984,-30.861304052859623,0.0892835662352738,60.444943211491115,52.10005463486548,20.268209969123944,31.831844665741535,48.61769487627596,0.9691293460004428,1.0745987098078187,1.3153662820904017,1.0089822429754212,1.1088759212877988,1.3572659702431513,0.650095527541866,49.700821223344576,0.028062599331800605,0.04460367218987909,0.022376880139423776,0.027260342233085422,0.015920034154354265,0.7114501241978864,1.688591141345057,0.6889112749241171,-0.17920651643995522,26.770529070328948,314172293.2604046,0.31481079463016337,3.6845712327593594,0.5301204819277109,0.25903614457831325,0.21084337349397592,0.02044642857142857,-0.0031250000000000444,-0.030605600173648773,-0.05967069524571522,-0.08569790770994556,0.059850965874032935,0.42347166443551987,-0.946306775702965,-0.08569790770994554,1.4324618736383443,0,3,68.91823125602535,75.51563376536184,83.87541954611515,92.93879570550088,100.67930764661469,265.4382336497897,412.2544665996006,605.506106638949,5.467033558544423,0.24419222981187352,1.031490818950016,1.0751403606679413,-0.027566746255697883,-0.029982734661220367,0.0023637668312861404,0.029984817813765163,61.71102216543176,62.669420426680404,62.358041614481344,58.303390107537226,0.09027041357370091,1,4.0
2026-06-28,21993.0,22360.0,21954.0,21960.0,682180872147,31064023,1510,22632.0,21954.0,64.3874649011372,49.65426924102947,42.27231740306583,50.41580059752065,-57.72768259693417,1.1658448919404636,35.87918549235625,-154.1436096402947,0.08344191609894121,58.98763395747038,49.62672675032275,21.247024395894567,28.379702354428186,30.745416421511518,0.9517657565484294,1.041970222641993,1.285232066522497,0.9932162039600878,1.082968121830406,1.350365946326311,0.5935651184622174,44.85669802143305,0.027825361990748178,0.018493213081898514,0.023485291181022726,0.026728952574930083,0.014390070379192193,0.6127269305828356,0.9030807830672677,0.5183662997969609,-0.1265913331238191,25.174358749722572,451775412.0178808,0.5437727718710168,1.225549874198523,0.0960591133004926,0.9039408866995073,0.0,-0.015091804746977161,-0.016838334079713357,-0.019910714285714337,-0.04692858693292812,-0.0733189818918577,0.011658448919404707,0.35879185492356247,-1.385920860207826,-0.10109323178970643,1.3915032679738562,0,4,68.21077741775508,68.91823125602535,75.51563376536184,83.74398921379759,-30.861304052859623,100.67930764661469,265.4382336497897,511.29000245354746,1.688591141345057,5.467033558544423,0.24419222981187352,7.259240993585539,-0.0031250000000000444,-0.027566746255697883,-0.029982734661220367,-0.029971747942513227,60.444943211491115,61.71102216543176,62.669420426680404,60.40580200002677,0.15719489981785073,1,4.0
2026-06-29,22250.0,22618.0,22200.0,22583.0,1063512200505,47092596,1588,21960.0,22618.0,67.8180205614706,59.018204204999705,46.00978931687593,46.707741676280136,-53.99021068312407,1.1900501073729421,35.917312661498705,-199.06541193664657,0.07680589224315333,57.82212770654872,48.79560501777399,19.607588540796833,29.188016476977154,37.64092936920597,0.9794225139868012,1.0584714451846289,1.3149159065408609,1.0196080712759148,1.106239822063017,1.3425420467295697,0.6451253014878965,40.29031780478706,0.027176250151218093,0.018480855955433726,0.023494604649807797,0.026758264857350906,0.024597257710697058,1.0469321819764386,1.3325452857061817,0.7307454177099258,-0.11377346858611603,15.982875804526472,669718010.3935769,0.9154927169403564,1.2190534679307565,0.8803827751196173,0.0,0.11961722488038277,0.013482736631137833,0.030245057848228063,0.012897447380205929,0.009732142857142856,-0.0475428475175812,0.01190050107372942,0.3591731266149871,0.618022184499372,-0.07390574458502232,1.463834422657952,1,0,64.3874649011372,68.21077741775508,68.91823125602535,83.87541954611515,-154.1436096402947,-30.861304052859623,100.67930764661469,412.2544665996006,0.9030807830672677,1.688591141345057,5.467033558544423,1.031490818950016,-0.016838334079713357,-0.0031250000000000444,-0.027566746255697883,0.0023637668312861404,58.98763395747038,60.444943211491115,61.71102216543176,62.358041614481344,0.15688792454501166,1,4.0
2026-07-08,25415.0,25415.0,25150.0,25412.0,2647300555211,104176561,3692,24675.0,25415.0,78.43135712511625,81.19171462201128,100.0,83.4400873930718,-0.0,7.2770250306023385,35.70589491670226,-15.427449372616138,0.07113854959520065,57.593960195838314,63.27201686074903,14.064167374260206,49.20784948648882,140.95900943542972,1.0889451606959994,1.1221419378196933,1.4208134779098864,1.0907520513171978,1.1825082067106714,1.3047612765015395,0.9433545316177133,27.549495744189535,0.025068309171366612,0.010426913240212473,0.023446100220387945,0.025462211340297292,0.0007507919392929776,0.03202203915515613,2.577724251984179,3.156352472359977,0.0954362367509376,30.560484744986624,717036986.7852113,0.9690988739898676,2.4809327016765783,0.0,0.0,1.0,0.02998986828774063,0.02998986828774064,0.06085903911174184,0.09264832330180561,0.15764780905529752,0.07277025030602347,0.35705894916702263,0.6118332593288298,0.0,1.7685185185185186,5,0,76.12034591766607,73.56879502025451,70.75170726603595,64.3874649011372,-89.94632174294202,-152.54803829241177,-193.467772022625,-154.1436096402947,0.12274105488980351,0.13100131953708902,0.13478554297564993,0.9030807830672677,0.029970363568059488,0.02996560619088573,0.028384472543991457,-0.016838334079713357,57.12976527383233,56.96607015960965,57.17029075313036,58.98763395747038,0.05816149850464347,1,3.0
2026-07-11,26174.0,26174.0,25570.0,26126.0,3503565089492,134101618,4657,25412.0,26174.0,80.51433211714564,84.46742230816668,100.0,95.00156201187126,-0.0,10.220238345896323,35.693918813831715,63.902160856607225,0.07271687126176357,58.30023081105008,66.35521232993909,12.883525982604024,53.471686347335066,162.6237748638994,1.109923754760027,1.1383514041291007,1.4449341736261698,1.102410171612517,1.1984853322978835,1.3018319208228628,1.0163890956680726,26.792084745730367,0.02467400585279195,0.023076335294567128,0.023443188988054826,0.026335093850850467,0.0007007275998190491,0.029890455610629415,2.8558628819619805,2.6603680254363824,0.1418899703124059,43.28043725855487,752322329.7169852,1.0158153071087896,2.712683850298529,0.0,0.0,1.0,0.02986425339366516,0.029864253393665052,0.060749746707193575,0.09254080227073502,0.15721991334335494,0.10220238345896315,0.35693918813831726,0.6067448301732781,0.0,1.85119825708061,6,0,78.43135712511625,76.12034591766607,73.56879502025451,67.8180205614706,-15.427449372616138,-89.94632174294202,-152.54803829241177,-199.06541193664657,2.577724251984179,0.12274105488980351,0.13100131953708902,1.3325452857061817,0.02998986828774064,0.029970363568059488,0.02996560619088573,0.030245057848228063,57.593960195838314,57.12976527383233,56.96607015960965,57.82212770654872,0.01741560131669595,0,2.0
2026-07-12,25377.0,25690.0,25343.0,25353.0,623855132858,24606741,1781,26126.0,25343.0,72.28348984041965,69.09597614904587,80.30805687203791,93.43601895734594,-19.691943127962084,10.019535489472542,27.563295917853726,40.4727277013676,0.07457602245888419,58.56132106443532,60.378902248374324,14.183436605956151,46.19546564241817,122.53020934224438,1.064268496510251,1.0892391271645743,1.3825832588659794,1.056453497064262,1.1468058577357005,1.2990925348250808,0.8595308334533367,24.82099415714133,0.02600500160507183,0.01369214378723908,0.025435349874783842,0.026637918119015634,0.027591595801562296,1.084773590196065,0.5924639618300588,0.45254140748726285,0.12501601790095074,40.931406309560955,350283623.16563725,0.4878169657802907,1.0854130481153061,0.09798270893371758,0.9020172910662824,0.0,-0.030450064949950333,-0.031749063956598156,-0.0028329726539445543,0.02707193515704165,0.08955288048151333,0.10019535489472542,0.27563295917853736,-1.7418108023049248,-0.03174906395659815,1.748698481561822,0,1,80.51433211714564,78.43135712511625,76.12034591766607,70.75170726603595,63.902160856607225,-15.427449372616138,-89.94632174294202,-193.467772022625,2.8558628819619805,2.577724251984179,0.12274105488980351,0.13478554297564993,0.029864253393665052,0.02998986828774064,0.029970363568059488,0.028384472543991457,58.30023081105008,57.593960195838314,57.12976527383233,57.17029075313036,0.07750562063661115,1,4.0
2026-07-13,24593.0,26113.0,24593.0,25369.0,3045481517991,120047690,3305,25353.0,26113.0,74.84914467334808,74.17619294896457,98.55450236966824,92.95418641390204,-1.4454976303317535,16.575892857142858,27.654477903793506,55.94396076639623,0.07350504960870562,57.588301520825084,51.28099027898559,19.481155850474885,31.799834428510707,119.03398215851868,1.0797679447897155,1.108853460044884,1.4070686975844953,1.0739214507061745,1.1659608234944023,1.303121383047282,0.9515245847539802,24.10798076569729,0.027593212531813273,0.05820855512579941,0.025461899366783256,0.023721914663213647,0.027638937440539465,1.085501793970496,2.534289148656637,1.5498813963522389,0.18932031662491,48.160966356934615,921477009.9821483,1.285178666786538,1.8335644937586686,1.0,0.0,0.0,-0.0295939707216983,0.030383143274276936,-0.0023305570413387766,0.027464096006295513,0.08999457361105323,0.1657589285714285,0.2765447790379352,0.6987632900878797,-0.0023305570413387332,1.8322125813449024,1,0,72.28348984041965,80.51433211714564,78.43135712511625,73.56879502025451,40.4727277013676,63.902160856607225,-15.427449372616138,-152.54803829241177,0.5924639618300588,2.8558628819619805,2.577724251984179,0.13100131953708902,-0.031749063956598156,0.029864253393665052,0.02998986828774064,0.02996560619088573,58.56132106443532,58.30023081105008,57.593960195838314,56.96607015960965,0.10910954314320631,1,4.0
2026-07-14,26130.0,26130.0,25522.0,26107.0,1339176264351,51296561,2137,25369.0,26130.0,74.9043779143236,74.28507529226549,98.95734597156398,92.60663507109001,-1.042654028436019,17.017465293327362,24.021073615264132,46.80414172729138,0.07355524595579212,56.694844550220864,48.32572981823278,18.293737810807652,30.031992007425128,125.30882032111396,1.063756162498626,1.0977792342013057,1.3905267504778773,1.0624238688407865,1.1524871045539367,1.307185612172351,0.9139479454175885,23.621142533432952,0.027267618678481546,0.02326827401454267,0.02525194251908316,0.023416898727576543,0.027492447580984524,1.088726047915252,1.0305550380838016,0.5906623095112142,0.21508844179954245,61.65917095216162,626661798.9475901,0.8703285449634821,1.1226982584254905,0.0,0.0,1.0,0.0006510167349595986,0.0006510167349595974,0.031053939943968656,-0.0016810575380148407,0.05896656534954414,0.17017465293327372,0.24021073615264132,-0.4147997287241491,-0.0016810575380148238,1.834056399132321,2,0,74.84914467334808,72.28348984041965,80.51433211714564,76.12034591766607,55.94396076639623,40.4727277013676,63.902160856607225,-89.94632174294202,2.534289148656637,0.5924639618300588,2.8558628819619805,0.12274105488980351,0.030383143274276936,-0.031749063956598156,0.029864253393665052,0.029970363568059488,57.588301520825084,58.56132106443532,58.30023081105008,57.12976527383233,0.11008541770406399,1,4.0
2026-07-18,27550.0,27550.0,26084.0,26581.0,2677136941888,100717609,4763,26890.0,26630.0,74.67339579069778,73.62350802179213,83.55968548963546,94.17234382039977,-16.440314510364548,17.73808471129189,19.139226914817467,47.064606117411586,0.07328321756974092,54.72316853403533,45.13447462888735,22.0877215692861,23.046753059601247,131.90244995219575,1.0460078480048078,1.0969704584166633,1.3817372011597668,1.0564684152436281,1.1451256517980257,1.3209625566341028,0.8878895199782031,24.999504606907784,0.028895021353777417,0.05505069470521968,0.025210557735068844,0.02230932660798447,0.026462524530191652,1.049660416412814,1.8014256481548805,1.5488218632652468,0.036727057916907224,57.46121454469848,562069481.8156624,0.7543575017657026,2.2091836734693877,0.6275579809004093,0.0,0.37244201909959074,0.024544440312383786,-0.009669021941242084,0.019135093761959432,0.019798567763183117,0.01742186903033538,0.17738084711291902,0.19139226914817464,-0.7443543713314223,-0.009669021941242098,1.8882863340563991,0,1,77.30401796451429,74.9043779143236,74.84914467334808,80.51433211714564,70.02756455151894,46.80414172729138,55.94396076639623,63.902160856607225,0.5579366590261703,1.0305550380838016,2.534289148656637,2.8558628819619805,0.029085342518178292,0.0006510167349595974,0.030383143274276936,0.029864253393665052,56.29537847420965,56.694844550220864,57.588301520825084,58.30023081105008,0.11575937699860805,1,4.0
2026-07-19,27368.0,27378.0,26899.0,27318.0,2575618438907,94282933,4742,26581.0,27378.0,77.08893765848475,78.47313480465257,96.92637598284489,93.49535382416008,-3.073624017155111,17.70421324161651,18.921032056293978,60.57761028575442,0.0723277628249683,53.26325930387346,41.99429592709134,20.55099396996493,21.443301957126412,135.60232336091659,1.0582710036528091,1.1177545292166369,1.4013984295820068,1.0719369975018989,1.1620301287213604,1.324233986138553,0.9423591272667993,26.619667586425948,0.02804954823597728,0.017495799547081598,0.02513174310506556,0.022292281178905315,0.018830154725704193,0.7492578070284661,1.5555556294335333,1.1940024508759386,0.09651298593549318,74.01602413470142,543150240.174399,0.7063535282900422,1.9854711411644024,0.020876826722338204,0.0,0.9791231732776617,0.027713105520090126,0.028088621855050677,0.018148010412792903,0.047761194029850795,0.08029830722487463,0.17704213241616507,0.18921032056293985,0.7594527401311822,0.0,1.96941431670282,1,0,74.67339579069778,77.30401796451429,74.9043779143236,72.28348984041965,47.064606117411586,70.02756455151894,46.80414172729138,40.4727277013676,1.8014256481548805,0.5579366590261703,1.0305550380838016,0.5924639618300588,-0.009669021941242084,0.029085342518178292,0.0006510167349595974,-0.031749063956598156,54.72316853403533,56.29537847420965,56.694844550220864,58.56132106443532,0.08185079434804887,1,4.0
