date,open,high,low,adjClose,value,volume,count,yesterday,close,rsi,macd,macd_signal,bb_upper,bb_lower,sma_20,sma_50,volume_ratio,momentum_5,momentum_10,prev_day_change,high_52w,low_52w,dist_from_high,dist_from_low,price_to_sma20,price_to_sma50,future_return,signal
2022-06-28,42500.0,43950.0,42500.0,43600.0,52100168670,1195032,1400,43290.0,43580.0,56.410898115244365,95.6851579340946,26.770810621426012,44290.88646604025,40422.11353395975,42356.5,41856.4,0.656247312615657,0.0718150516478111,0.04208512673362019,0.008796296296296191,51160.0,29950.0,-0.14816262705238467,0.4550918196994992,1.0288857672376142,1.041178887816439,0.03258375401560354,0
2022-06-29,44610.0,45000.0,44030.0,44390.0,68232143320,1537216,1335,43600.0,44230.0,59.270519893210036,225.66787871047563,66.55022423923594,44413.534463332166,40358.465536667834,42386.0,42032.0,0.8776587947395716,0.06809949287611694,0.0660400096408773,0.014915098669114224,51160.0,31440.0,-0.1354573885848319,0.4068066157760814,1.0435049308734017,1.0522934906737724,-0.010852362649785174,0
2022-07-02,44100.0,45950.0,43610.0,44710.0,46858641610,1046904,1352,44390.0,45130.0,62.89980208397613,396.72935078644514,132.58604954867778,44675.74161081614,40198.25838918386,42437.0,42215.6,0.6228832225447524,0.05271751807791003,0.08095808383233538,0.02034817996834737,51160.0,31750.0,-0.11786551993745113,0.42141732283464567,1.0634587741829065,1.0690360909237344,-0.029470418790161768,0
2022-07-03,45010.0,46200.0,44900.0,45450.0,85290926350,1876520,1599,44710.0,45090.0,62.63267679237611,523.0398562501068,210.6768108889636,45024.22916866494,40028.77083133506,42526.5,42369.8,1.1662808523523445,0.05350467289719618,0.08650602409638553,-0.0008863283846665126,51160.0,31750.0,-0.11864738076622361,0.42015748031496064,1.060280060668054,1.064201388724988,-0.05943668219117326,0
2022-07-04,45400.0,45400.0,44010.0,44650.0,55056049670,1232987,1442,45450.0,44210.0,56.90685677222156,545.8410801176433,277.7096647346996,45212.129611783275,40119.870388216725,42666.0,42481.8,0.8477314556445107,0.023379629629629584,0.06994191674733785,-0.019516522510534484,51160.0,31750.0,-0.13584831899921815,0.39244094488188974,1.0361880654385225,1.0406809504305372,-0.07916760913820398,0
2022-07-05,44650.0,45280.0,44120.0,44890.0,98534860880,2194882,1506,44650.0,45000.0,60.40624786647778,620.5048187019784,346.2686955281554,45496.71795307983,40221.28204692017,42859.0,42639.8,1.5014830764353777,0.03258375401560354,0.10673880964092475,0.017869260348337468,51160.0,31750.0,-0.12040656763096169,0.41732283464566927,1.0499545019715812,1.05535204198894,-0.08577777777777773,0
2022-07-12,44100.0,44100.0,43450.0,43950.0,40754111670,930595,288,44490.0,43750.0,53.063660537539484,572.2156700862761,391.45809043977954,45583.46450098802,40280.53549901198,42932.0,42762.4,0.663079184271415,-0.010852362649785174,0.05650808983337363,-0.02777777777777779,51160.0,31750.0,-0.14483971853010164,0.3779527559055118,1.0190533867511413,1.0230950554692908,-0.02605714285714289,0
2022-07-13,43000.0,44000.0,43000.0,43370.0,51426572690,1185953,1498,43950.0,43800.0,53.30814600749739,531.849919232518,419.53645619832724,45644.76100501886,40289.23899498114,42967.0,42891.8,0.8815368576358555,-0.029470418790161768,0.021693491952414323,0.0011428571428571122,51160.0,31750.0,-0.14386239249413604,0.3795275590551181,1.0193869713966532,1.0211742104551451,-0.0639269406392694,0
2022-07-16,43100.0,43100.0,42050.0,42830.0,37342198990,875982,1414,43370.0,42410.0,46.11648060598001,383.28017233304854,412.2851994252715,45635.5020461301,40259.4979538699,42947.5,42988.0,0.6665524778950753,-0.05943668219117326,-0.009112149532710334,-0.031735159817351644,51160.0,31750.0,-0.17103205629397966,0.33574803149606297,0.9874847197159322,0.9865543872708663,-0.08040556472530058,0
2022-07-17,42100.0,42110.0,40690.0,41110.0,50868301350,1237255,1432,42830.0,40710.0,39.158533564792975,126.89897265587933,355.20795407139315,45696.096300179386,39976.903699820614,42836.5,43038.4,0.9799896001523938,-0.07916760913820398,-0.057638888888888906,-0.0400848856401792,51160.0,31750.0,-0.20426114151681002,0.2822047244094488,0.9503577556523058,0.9458994758169449,-0.06288381233112261,0
2022-07-19,40710.0,42100.0,40230.0,41200.0,15907780740,384348,748,41110.0,41140.0,41.560333924912086,-41.11363646617974,275.9436359638786,45725.107568593434,39879.892431406566,42802.5,43081.2,0.315817329188752,-0.08577777777777773,-0.05598898577329048,0.010562515352493307,51160.0,31750.0,-0.19585613760750586,0.295748031496063,0.9611588108171252,0.9549409022961293,-0.07267865824015551,0
2022-07-20,40950.0,43130.0,40850.0,41960.0,28959066810,680732,939,41200.0,42610.0,48.9759274182434,-55.013958297240606,209.75211711165477,45720.661945103675,39996.338054896325,42858.5,43152.8,0.5603566588491794,-0.02605714285714289,-0.03662672394302513,0.03573164803111317,51160.0,31750.0,-0.16712275215011727,0.34204724409448817,0.9942018502747413,0.9874214419458296,-0.07416099507157947,0
2022-07-23,42590.0,42590.0,40550.0,40890.0,58425538340,1428753,1307,41960.0,41000.0,42.600030031654875,-193.71063257174683,129.05956717497446,45758.923756668926,39883.076243331074,42821.0,43164.8,1.1533244229202517,-0.0639269406392694,-0.0915134057168181,-0.03778455761558319,51160.0,31750.0,-0.19859265050820954,0.29133858267716534,0.9574741365218,0.9498480243161094,-0.08073170731707313,0
2022-07-24,40950.0,40950.0,38850.0,39060.0,96876030840,2480428,1599,40890.0,39000.0,36.28129389429489,-459.7127490822968,11.305103923520207,46033.64827385985,39358.35172614015,42696.0,43151.8,1.870945162103002,-0.08040556472530058,-0.13506320691949436,-0.04878048780487809,51160.0,31750.0,-0.23768569194683348,0.2283464566929134,0.9134345137717819,0.9037861688272563,-0.06333333333333335,0
2022-07-25,40200.0,40200.0,37470.0,38310.0,51474104980,1343524,1055,39060.0,38150.0,33.974807321396185,-730.6863418004577,-137.09318522127538,46383.791070628904,38691.208929371096,42537.5,43133.0,0.9871200220623078,-0.06288381233112261,-0.13707306039357614,-0.02179487179487183,51160.0,31750.0,-0.25430023455824863,0.2015748031496063,0.8968557155451072,0.884473604896483,-0.06788990825688068,0
2022-07-26,38200.0,38850.0,38060.0,38340.0,23293515730,607122,832,38310.0,38150.0,33.974807321396185,-934.6606797784916,-296.60668413271867,46639.999999999956,38184.000000000044,42412.0,43073.2,0.45095792962325243,-0.07267865824015551,-0.15222222222222226,0.0,51160.0,31750.0,-0.25430023455824863,0.2015748031496063,0.8995095727624257,0.8857015499196716,-0.07418086500655308,0
2022-07-27,37800.0,40000.0,37800.0,39220.0,37105645780,940352,930,38340.0,39450.0,40.665474556093734,-980.114526572921,-433.30825262075916,46717.57309465844,37910.42690534156,42314.0,43037.0,0.7012346356600339,-0.07416099507157947,-0.09828571428571431,0.03407601572739183,51160.0,31750.0,-0.2288897576231431,0.24251968503937008,0.9323155456822801,0.9166531124381346,-0.07198986058301649,0
2022-07-30,39400.0,39400.0,37500.0,38450.0,37304339440,974723,904,39220.0,37690.0,35.43074723775794,-1144.955978886821,-575.6377978739715,46885.89846715905,37224.10153284095,42055.0,42979.6,0.7883532552895237,-0.08073170731707313,-0.13949771689497714,-0.04461343472750312,51160.0,31750.0,-0.26329163408913214,0.18708661417322833,0.8962073475211033,0.8769276587031988,-0.045104802334836824,0
2022-07-31,37690.0,37690.0,36530.0,36560.0,72028883040,1969926,942,38450.0,36530.0,32.4645025313135,-1353.592946040022,-731.2288275071817,47120.95824409854,36362.04175590146,41741.5,42851.8,1.5494924513679031,-0.06333333333333335,-0.13864654562603163,-0.030777394534359237,51160.0,31750.0,-0.285965598123534,0.1505511811023622,0.8751482337721452,0.8524729416267227,-0.012866137421297608,0
2022-08-01,36410.0,36600.0,34900.0,35320.0,68188036420,1930640,1208,36560.0,35560.0,30.188529792392487,-1579.0083140826682,-900.784724822279,47323.69474866471,35395.30525133529,41359.5,42665.8,1.482036798059283,-0.06788990825688068,-0.1265045443380005,-0.026553517656720538,51160.0,31750.0,-0.3049257232212666,0.12,0.8597782855208598,0.8334544295431,0.05371203599550056,1
2022-08-02,34850.0,35440.0,34850.0,35310.0,874210380,24978,49,35320.0,35320.0,29.634941910724322,-1756.7666985709802,-1071.9811195720195,47365.092602743985,34527.907397256015,40946.5,42425.6,0.020075695773398135,-0.07418086500655308,-0.14146815751093822,-0.006749156355455588,51160.0,31750.0,-0.3096168881939015,0.11244094488188977,0.8625889880697984,0.8325162166239252,0.051812004530011224,1
2022-08-06,35000.0,37070.0,35000.0,35930.0,20857045160,569654,655,35310.0,36610.0,36.38724556535233,-1773.1099719043195,-1212.2068900384795,47063.38111617932,34067.61888382068,40565.5,42250.2,0.476373854137215,-0.07198986058301649,-0.1408120159586952,0.036523216308040674,51160.0,31750.0,-0.2844018764659891,0.1530708661417323,0.9024910330206702,0.8665047739418985,0.03796776836929805,0
2022-08-09,36600.0,36600.0,35300.0,35890.0,24250470040,676340,832,35930.0,35990.0,34.66546195835767,-1815.1668387962054,-1332.7988797900248,46543.34040206125,33673.65959793875,40108.5,42065.2,0.5744914547857456,-0.045104802334836824,-0.12219512195121951,-0.01693526358918329,51160.0,31750.0,-0.29652071931196244,0.13354330708661416,0.8973160302678983,0.8555765811169328,0.057238121700472266,1
2022-08-10,36500.0,36500.0,35800.0,35950.0,19818465880,550254,624,35890.0,36060.0,35.03920383317407,-1821.847667970229,-1430.6086374260658,45894.52867728878,33419.47132271122,39657.0,41856.4,0.49529087787498405,-0.012866137421297608,-0.07538461538461538,0.0019449847179771051,51160.0,31750.0,-0.2951524628616106,0.135748031496063,0.9092972236931689,0.861516996206076,0.05574043261231276,1
2022-08-13,35710.0,37560.0,35710.0,36690.0,31693146440,856775,866,35950.0,37470.0,42.21029389685195,-1693.841506576995,-1483.2552112562516,45258.275844047654,33381.724155952346,39320.0,41646.8,0.7844769744528461,0.05371203599550056,-0.01782437745740495,0.0391014975041597,51160.0,31750.0,-0.26759186864738077,0.18015748031496062,0.9529501525940997,0.8997089812422563,0.019482252468641548,0
2022-08-14,37700.0,37740.0,36800.0,36830.0,16326041010,440539,645,36690.0,37150.0,41.101360197324084,-1599.7758074047888,-1506.559330485959,44325.29538330233,33529.70461669767,38927.5,41443.6,0.43859005928306677,0.051812004530011224,-0.026212319790301475,-0.008540165465705907,51160.0,31750.0,-0.2738467552775606,0.1700787401574803,0.9543381927942971,0.8963989614801803,0.036608344549125205,0
2022-08-15,37000.0,38000.0,36030.0,36960.0,22110001860,596004,665,36830.0,38000.0,45.21831608811628,-1440.0402789091313,-1493.2555201705934,43572.17193536477,33707.82806463523,38640.0,41305.0,0.6034175273998822,0.03796776836929805,-0.03675538656527255,0.02288021534320328,51160.0,31750.0,-0.25723221266614543,0.1968503937007874,0.9834368530020704,0.9199854739135698,0.013157894736842035,0
2022-08-16,37080.0,38420.0,37080.0,37430.0,21289599260,560604,702,36960.0,38050.0,45.459819505978835,-1294.4920411543062,-1453.502824367336,42681.49468699142,34023.50531300858,38352.5,41178.6,0.5861320126951147,0.057238121700472266,0.009551605200318392,0.001315789473684159,51160.0,31750.0,-0.2562548866301798,0.1984251968503937,0.9921126393325077,0.9240236433487297,0.05203679369250991,1
2022-08-17,38000.0,38430.0,37920.0,37570.0,9155516420,240188,523,37430.0,38070.0,45.56319680755165,-1164.111033897345,-1395.624466273338,42043.84223168851,34227.15776831149,38135.5,41036.2,0.2597590382033034,0.05574043261231276,0.042157131125102554,0.0005256241787121585,51160.0,31750.0,-0.2558639562157936,0.1990551181102362,0.998282440245965,0.9277174787139161,0.07853953244024159,1
2022-08-20,38060.0,38350.0,37900.0,37900.0,26704642470,700353,584,37570.0,38200.0,46.27600869058679,-1038.3240791074422,-1324.1643888401588,41736.574834885236,34283.425165114764,38010.0,40930.2,0.7800665584888415,0.019482252468641548,0.07424071991001124,0.003414762280010475,51160.0,31750.0,-0.253322908522283,0.2031496062992126,1.0049986845566956,0.9332961969401568,0.0759162303664922,1
2022-08-21,38010.0,38600.0,38010.0,38070.0,18178738580,474261,673,37900.0,38510.0,48.02380113689372,-903.2109483847889,-1239.9737007490849,41329.4145164724,34427.5854835276,37878.5,40803.4,0.5256090634290417,0.036608344549125205,0.0903171007927519,0.008115183246073299,51160.0,31750.0,-0.24726348709929633,0.21291338582677166,1.016671726705123,0.9437938995279804,0.06985198649701374,1
2022-08-22,38000.0,38570.0,38000.0,38130.0,12031429400,314280,545,38070.0,38500.0,47.969587248294076,-787.8578009709163,-1149.5505207934511,40382.1924996205,34963.8075003795,37673.0,40700.6,0.35552643489724767,0.013157894736842035,0.05162523900573612,-0.0002596728122565839,51160.0,31750.0,-0.24745895230648945,0.2125984251968504,1.0219520611578583,0.9459320010024422,0.06051948051948042,1
2022-08-23,37910.0,40030.0,37910.0,39910.0,87887482400,2202370,1044,38130.0,40030.0,56.129772652656065,-566.4516848948479,-1032.9307536137305,40120.01978553567,35128.98021446433,37624.5,40619.0,2.3869640766442237,0.05203679369250991,0.11225340372325654,0.03974025974025963,51160.0,31750.0,-0.21755277560594213,0.2607874015748031,1.063934404443913,0.9854993968339939,-0.01049213090182366,0
2022-08-24,40970.0,41390.0,40310.0,40440.0,22684667020,552515,798,39910.0,41060.0,60.60869563241235,-304.36482261423225,-887.2175674138309,40585.35146569936,34869.64853430064,37727.5,40574.2,0.6686856997487868,0.07853953244024159,0.13865779256794242,0.025730701973519787,51160.0,31750.0,-0.19741985926505082,0.29322834645669293,1.0883307931879929,1.0119731257794362,-0.0306867998051632,0
2022-08-27,41000.0,42420.0,41000.0,41180.0,37383987500,902412,790,40440.0,41100.0,60.7761749191968,-92.36668467226991,-728.2473908655188,41087.372954686296,34662.627045313704,37875.0,40567.8,1.1221036178780661,0.0759162303664922,0.09687750200160128,0.00097418412079886,51160.0,31750.0,-0.19663799843627836,0.29448818897637796,1.0851485148514852,1.0131187789330454,-0.05377128953771293,0
2022-08-28,41000.0,41200.0,40000.0,40780.0,44153101790,1083888,805,41180.0,41200.0,61.22008224941849,82.75854231555422,-566.0462042293043,41552.03046518255,34502.96953481745,38027.5,40569.0,1.3089600083472936,0.06985198649701374,0.10901749663526239,0.0024330900243310083,51160.0,31750.0,-0.19468334636434714,0.29763779527559053,1.0834264676878576,1.0155537479356158,-0.053640776699029113,0
2022-08-29,40100.0,41360.0,40100.0,40790.0,25919550770,635325,642,40780.0,40830.0,58.57848318270298,189.50612992919923,-414.9357373976036,41780.16271528759,34412.83728471241,38096.5,40539.8,0.7816484579352068,0.06051948051948042,0.07447368421052625,-0.008980582524271807,51160.0,31750.0,-0.20191555903049258,0.2859842519685039,1.0717519982150592,1.0071583974267262,-0.04726916482978205,0
2022-08-30,40000.0,40480.0,39270.0,40000.0,33303569290,839630,883,40790.0,39610.0,50.79557876690055,173.65872843073157,-297.2168442319366,41928.48648284492,34456.51351715508,38192.5,40470.0,1.0416640820359313,-0.01049213090182366,0.04099868593955325,-0.029879990203281914,51160.0,31750.0,-0.22576231430805316,0.24755905511811024,1.0371146167441252,0.9787496911292315,-0.023478919464781645,0
2022-08-31,40050.0,40550.0,39500.0,39910.0,37741332790,946123,732,40000.0,39800.0,51.86812206887926,174.4203514341425,-202.88940509872077,42072.81261297902,34639.18738702098,38356.0,40410.0,1.2533810227412052,-0.0306867998051632,0.04544260572629377,0.004796768492804748,51160.0,31750.0,-0.2220484753713839,0.25354330708661416,1.0376473042027323,0.9849047265528335,-0.04396984924623115,0
2022-09-03,39230.0,39490.0,38650.0,39710.0,8885284590,228576,553,39910.0,38890.0,46.62595430201765,100.43677570822183,-142.22416893733225,42014.965461532855,35030.034538467145,38522.5,40329.2,0.3412837962984737,-0.05377128953771293,0.018062827225130862,-0.022864321608040195,51160.0,31750.0,-0.2398358092259578,0.22488188976377954,1.0095398792913233,0.9643136982632932,-0.01002828490614549,0
2022-09-04,38040.0,39750.0,38040.0,39390.0,23986964710,613650,846,39710.0,38990.0,47.25679571132455,49.30506508867256,-103.9183221321313,41876.98344366538,35535.01655633462,38706.0,40272.6,0.8776621363339038,-0.053640776699029113,0.012464294988314695,0.002571355104139972,51160.0,31750.0,-0.23788115715402658,0.22803149606299214,1.0073373637162197,0.9681520438213574,-0.017440369325468108,0
2022-09-05,39390.0,39500.0,38810.0,39280.0,35191546720,896784,933,39390.0,38900.0,46.72157277435066,1.5032397874456365,-82.8340097482159,41842.35026101558,35798.64973898442,38820.5,40220.8,1.253290592864683,-0.04726916482978205,0.010389610389610393,-0.002308284175429609,51160.0,31750.0,-0.23964034401876466,0.2251968503937008,1.0020478870699758,0.967161269790755,0.0025706940874035134,0
2022-09-06,38830.0,39840.0,38500.0,39080.0,15564690840,402233,510,39280.0,38680.0,45.36889757524478,-53.51532122960634,-76.970272044494,41686.45016429001,36223.54983570999,38955.0,40159.4,0.5731135751801484,-0.023478919464781645,-0.03372470647014736,-0.005655526992287885,51160.0,31750.0,-0.2439405785770133,0.21826771653543306,0.9929405724553972,0.963161800226099,0.028955532574974185,0
2022-09-07,38020.0,39070.0,38020.0,38890.0,16095605340,417834,702,39080.0,38050.0,41.65016182670033,-146.26758047397016,-90.82973373038924,41485.30624484961,36623.69375515039,39054.5,40090.4,0.6010121728864016,-0.04396984924623115,-0.07330735509011199,-0.01628748707342298,51160.0,31750.0,-0.2562548866301798,0.1984251968503937,0.9742795324482454,0.9491050226488137,0.059132720105124825,1
2022-09-10,37990.0,38800.0,37900.0,38620.0,21810332920,569167,643,38890.0,38500.0,45.11098325489352,-181.37242654321744,-108.93827229295488,41442.14554341117,36769.85445658883,39106.0,40034.0,0.835981545063369,-0.01002828490614549,-0.06326034063260344,0.01182654402102501,51160.0,31750.0,-0.24745895230648945,0.2125984251968504,0.9845036567278679,0.9616825698156567,-0.754025974025974,0
2022-09-11,36760.0,38890.0,36760.0,38230.0,32708304750,859160,635,38620.0,38310.0,43.926332726140785,-221.96599623801012,-131.54381708196593,41356.180649490336,36971.819350509664,39164.0,39987.0,1.2242795106672384,-0.017440369325468108,-0.07014563106796112,-0.004935064935064903,51160.0,31750.0,-0.2511727912431587,0.20661417322834646,0.9781942600347258,0.9580613699452322,-0.7650743931088488,0
2022-09-12,38200.0,39200.0,37300.0,38120.0,70599916460,1852168,803,38230.0,39000.0,49.148948435975406,-196.1978129933268,-144.4746162642381,41342.39282088619,37085.60717911381,39214.0,39938.8,2.4224771361854716,0.0025706940874035134,-0.044819985304922816,0.018010963194988294,51160.0,31750.0,-0.23768569194683348,0.2283464566929134,0.9945427653389096,0.9764940358748885,-0.7707692307692308,0
2022-09-13,39000.0,39890.0,38330.0,39370.0,81211631100,2062905,810,38120.0,39800.0,54.44651363815916,-109.95552910654078,-137.57079883269864,41374.45224257576,37228.54775742424,39301.5,39877.4,2.456742723603954,0.028955532574974185,0.004796768492804748,0.02051282051282044,51160.0,31750.0,-0.2220484753713839,0.25354330708661416,1.0126839942495833,0.9980590509912882,-0.7773869346733668,0
2022-09-14,39510.0,40500.0,39010.0,39830.0,78039370480,1959187,1017,39370.0,40300.0,57.43141694783291,-1.247693820798304,-110.30617783031859,41448.55496118377,37377.44503881623,39413.0,39827.4,2.116573157597105,0.059132720105124825,0.012562814070351758,0.012562814070351758,51160.0,31750.0,-0.2122752150117279,0.2692913385826772,1.0225052647603583,1.0118662026644973,-0.7813895781637717,0
2022-10-30,9470.0,9470.0,9470.0,9470.0,59340951880,6266204,158,9960.0,9470.0,10.73268206744082,-2375.4367380405674,-563.3322898723684,51201.919879913075,24751.080120086925,37976.5,39152.8,5.204775412863301,-0.754025974025974,-0.7564926716379532,-0.7650124069478909,51160.0,9470.0,-0.8148944487881157,0.0,0.2493647387199979,0.24187286733005045,-0.08553326293558605,0
2022-10-31,9000.0,9000.0,9000.0,9000.0,101136105000,11237345,339,9470.0,9000.0,10.59129372186895,-4245.9787329359315,-1299.861578485081,54778.689022412,18223.310977588004,36501.0,38461.2,6.450504389043997,-0.7650743931088488,-0.7691715824570402,-0.0496304118268216,51160.0,9000.0,-0.8240813135261923,0.0,0.24656858716199556,0.23400205921812114,0.0022222222222221255,0
2022-11-01,8560.0,9100.0,8560.0,8850.0,300017453120,33914808,4734,9000.0,8940.0,10.572146463610267,-5667.902190669502,-2173.4697009219653,56850.92990642952,13195.07009357048,35023.0,37755.4,9.910483992614857,-0.7707692307692308,-0.7701799485861183,-0.00666666666666671,51160.0,8940.0,-0.825254104769351,0.0,0.25526082859834964,0.23678732048925452,-0.010067114093959773,0
2022-11-02,9130.0,9130.0,8710.0,8870.0,105011661960,11844931,3019,8850.0,8860.0,10.544773723900775,-6723.735074185322,-3083.5227755746373,57931.402930285236,8997.597069714764,33464.5,37030.0,3.0338616923680903,-0.7773869346733668,-0.7709410548086867,-0.008948545861297563,51160.0,8860.0,-0.826817826426896,0.0,0.2647581765751767,0.23926546043748312,0.011286681715575675,0
2022-11-05,8910.0,9070.0,8750.0,8930.0,137775520670,15427715,3204,8870.0,8810.0,10.526429435026756,-7478.3194122768,-3962.4821029150703,58276.59581526273,5427.4041847372755,31852.0,36304.4,3.319214184975922,-0.7813895781637717,-0.7684625492772668,-0.0056433408577878375,50860.0,8810.0,-0.8267793944160441,0.0,0.2765917367826196,0.24267030993488392,0.020431328036322416,0
2022-11-06,8900.0,8930.0,8600.0,8710.0,117786465840,13523493,2799,8930.0,8660.0,10.467597037148579,-7996.260766482072,-4769.237835628471,58126.315168853405,2333.6848311465947,30230.0,35593.4,2.5617254735472326,-0.08553326293558605,-0.775064935064935,-0.017026106696935273,50860.0,8660.0,-0.8297286669288242,0.0,0.28647039364869337,0.24330353380121034,0.006928406466512715,0
2022-11-07,8720.0,9070.0,8620.0,8930.0,123669311900,13849949,2670,8710.0,9020.0,11.74251702184246,-8282.211847224298,-5471.832637947637,57495.79031958502,-253.79031958501946,28621.0,34873.8,2.3405624334780346,0.0022222222222221255,-0.7645523362046462,0.04157043879907629,50860.0,8660.0,-0.8226504128981518,0.04157043879907621,0.3151532091820691,0.258646892509563,-0.03880266075388028,0
2022-11-08,9110.0,9180.0,8710.0,8930.0,100025038040,11204355,2126,8930.0,8850.0,11.65809391283885,-8425.424667210664,-6062.551043800242,56549.83202336401,-2505.832023364008,27022.0,34175.8,1.7382382543850168,-0.010067114093959773,-0.7730769230769231,-0.018847006651884657,50860.0,8660.0,-0.8259929217459693,0.021939953810623556,0.32751091703056767,0.25895516710654903,-0.02033898305084747,0
2022-11-09,8960.0,9160.0,8730.0,9020.0,92641665010,10273708,1851,8930.0,8960.0,12.098471308049781,-8432.837279254563,-6536.608290891107,55423.665413453586,-4444.665413453586,25489.5,33479.0,1.4851732697787163,0.011286681715575675,-0.7748743718592965,0.012429378531073398,50860.0,8660.0,-0.8238301219032639,0.03464203233256351,0.3515172914337276,0.2676304549120344,-0.030133928571428603,0
2022-11-12,8920.0,9250.0,8920.0,9060.0,64619574220,7133953,1893,9020.0,8990.0,12.226980013022498,-8340.151009155,-6897.316834543886,53949.83858827951,-6051.8385882795155,23949.0,32810.6,0.9871378918192,0.020431328036322416,-0.7769230769230769,0.0033482142857141906,50860.0,8660.0,-0.8232402674007078,0.03810623556581986,0.3753810179965761,0.2739968181014672,-0.06562847608453837,0
2022-11-13,8910.0,9050.0,8700.0,8830.0,81801014210,9266966,2827,9060.0,8720.0,12.05614698219469,-8194.027566664978,-7156.6589809681045,52318.34829936723,-7437.34829936723,22440.5,32170.8,1.2068207173473107,0.006928406466512715,-0.0791974656810982,-0.030033370411568394,50860.0,8660.0,-0.8285489579237122,0.006928406466512702,0.3885831420868519,0.2710532532607209,-0.0584862385321101,0
2022-11-14,8790.0,8910.0,8610.0,8710.0,39418265100,4529795,1287,8830.0,8670.0,12.022647070237909,-7990.152760535582,-7323.3577368816,50363.26592182495,-8514.265921824943,20924.5,31521.4,0.5752388714496282,-0.03880266075388028,-0.036666666666666625,-0.005733944954128489,50860.0,8660.0,-0.8295320487613056,0.0011547344110854503,0.41434681832301845,0.2750512350339769,-0.02422145328719727,0
2022-11-15,8790.0,8850.0,8610.0,8720.0,51374486620,5894092,1226,8710.0,8670.0,12.022647070237909,-7739.365915157448,-7406.559372536771,48099.46447368518,-9273.464473685173,19413.0,30842.6,0.7254714949540761,-0.02033898305084747,-0.030201342281879207,0.0,50860.0,8660.0,-0.8295320487613056,0.0011547344110854503,0.4466079431308917,0.28110470582895086,-0.019607843137254943,0
2022-11-16,8580.0,8780.0,8580.0,8710.0,39493801240,4535655,1151,8720.0,8690.0,12.135906904151085,-7453.087151226917,-7415.864928274801,45530.02278980831,-9703.02278980831,17913.5,30196.4,0.5444199640878751,-0.030133928571428603,-0.019187358916478603,0.0023068050749712743,50860.0,8660.0,-0.8291388124262682,0.003464203233256351,0.48510899600859686,0.287782649587368,-0.021864211737629424,0
2022-11-19,8660.0,8840.0,8280.0,8410.0,50646057180,6021572,1702,8710.0,8400.0,11.896748311557388,-7166.993109387018,-7366.0905644972445,42715.72400463817,-9853.72400463817,16431.0,29584.4,0.6992594105151657,-0.06562847608453837,-0.04653802497162318,-0.03337169159953968,50860.0,8400.0,-0.8348407392843099,0.0,0.5112287748767573,0.2839334243723043,-0.005952380952380931,0
2022-11-20,8400.0,8530.0,8170.0,8300.0,113795618320,13707341,2305,8410.0,8210.0,11.733598986812098,-6876.326915815738,-7268.137834760943,39366.87200126007,-9533.872001260064,14916.5,28985.6,1.4789543514459897,-0.0584862385321101,-0.051963048498845255,-0.02261904761904765,50860.0,8210.0,-0.8385764844671648,0.0,0.5503972111420239,0.28324409361890046,0.0487210718635811,0
2022-11-21,8390.0,8620.0,8180.0,8480.0,187104327530,22061621,3209,8300.0,8460.0,13.416137651196124,-6550.2912722391975,-7124.568522256594,35510.11726854682,-8662.117268546823,13424.0,28391.8,2.1360178064183226,-0.02422145328719727,-0.06208425720620847,0.030450669914738215,50860.0,8210.0,-0.8336610302791978,0.030450669914738125,0.6302145411203814,0.29797335850492046,0.03309692671394804,0
2022-11-22,8490.0,8650.0,8460.0,8520.0,77922147870,9141787,1897,8480.0,8500.0,13.699594618176832,-6217.0121637705215,-6943.057250559381,30674.43277796819,-6876.432777968192,11899.0,27772.8,0.8549423839856041,-0.019607843137254943,-0.039548022598870025,0.004728132387706863,50860.0,8210.0,-0.8328745576091231,0.03532277710109622,0.7143457433397764,0.30605484502822905,0.034117647058823586,0
2022-11-23,8510.0,8600.0,8450.0,8510.0,41263314790,4849780,1345,8520.0,8500.0,13.699594618176832,-5885.046911679443,-6731.455182783394,24093.994767440956,-3425.994767440956,10334.0,27189.0,0.4477183071601109,-0.021864211737629424,-0.0513392857142857,0.0,50860.0,8210.0,-0.8328745576091231,0.03532277710109622,0.8225275788658796,0.3126264298061716,0.022352941176470686,0
2022-11-26,8500.0,8550.0,8350.0,8450.0,28280832930,3356731,1108,8510.0,8350.0,13.50727719654644,-5569.859926004901,-6499.136131427696,9306.106004184125,8166.893995815876,8736.5,26625.4,0.3078979337544547,-0.005952380952380931,-0.07119021134593995,-0.01764705882352946,50860.0,8210.0,-0.8358238301219033,0.01705237515225335,0.9557603159159846,0.31361031195775463,0.02754491017964078,0
2022-11-27,8340.0,8700.0,8270.0,8570.0,101214125810,11809913,2388,8450.0,8610.0,15.715908849744864,-5238.703627530489,-6247.049630648255,9154.640976277979,8232.359023722021,8693.5,26086.4,1.0564113032190683,0.0487210718635811,-0.012614678899082521,0.031137724550898138,50860.0,8210.0,-0.8307117577664176,0.048721071863580996,0.9903951227928912,0.3300570412168793,0.025551684088269466,0
2022-11-28,8610.0,8930.0,8610.0,8800.0,113983695680,12949113,2583,8570.0,8740.0,16.85908514333282,-4909.179990520273,-5979.475702622659,9120.521590382346,8240.478409617654,8680.5,25554.8,1.149513488573972,0.03309692671394804,0.008073817762399127,0.015098722415795685,50860.0,8210.0,-0.8281557215886748,0.06455542021924482,1.0068544438684408,0.3420101116032996,0.009153318077803174,0
2022-11-29,8800.0,8880.0,8670.0,8760.0,83489774400,9534208,1800,8800.0,8790.0,17.323558400018868,-4591.072525734264,-5701.795067244981,9099.99414516198,8246.00585483802,8673.0,24998.4,0.9490708382108527,0.034117647058823586,0.01384083044982698,0.005720823798627039,50860.0,8210.0,-0.8271726307510814,0.07064555420219244,1.0134901418194397,0.35162250384024574,0.005688282138794021,0
2022-11-30,8780.0,8830.0,8620.0,8720.0,33137928310,3807483,1135,8760.0,8690.0,17.117588773171178,-4297.5003236855755,-5420.9361185331,9082.948324172305,8246.051675827695,8664.5,24452.4,0.3948048734951918,0.022352941176470686,0.0,-0.011376564277588153,50860.0,8210.0,-0.8291388124262682,0.058465286236297195,1.002943043453171,0.355384338551635,-0.010356731875719172,0
2022-12-03,8700.0,8720.0,8500.0,8580.0,47723405870,5563730,1595,8720.0,8580.0,16.879843515686744,-4027.294178790613,-5142.207730584602,9067.444206139513,8238.555793860487,8653.0,23902.8,0.6080072728367519,0.02754491017964078,0.021428571428571352,-0.012658227848101222,50860.0,8210.0,-0.8313016122689737,0.04506699147381242,0.9915636195539119,0.35895376273909335,-0.013986013986013957,0
2022-12-04,8530.0,8880.0,8480.0,8720.0,88005923270,10097050,1997,8580.0,8830.0,19.612528978874664,-3749.756097419453,-4863.717403951573,9083.081546088786,8239.918453911214,8661.5,23330.0,1.1244632056735921,0.025551684088269466,0.07551766138855065,0.029137529137529095,50860.0,8210.0,-0.8263861580810067,0.07551766138855055,1.019453905212723,0.37848264037719676,-0.02604756511891282,0
2022-12-05,8860.0,9000.0,8760.0,8880.0,65631022660,7394252,1901,8720.0,8820.0,19.584792779540848,-3490.3771892520836,-4589.0493610116755,9047.29161183963,8255.70838816037,8651.5,22763.4,0.854169628621863,0.009153318077803174,0.042553191489361764,-0.0011325028312570984,50860.0,8210.0,-0.8265827762485254,0.07429963459196103,1.0194763913772178,0.38746408708716623,0.017006802721088343,0
2022-12-06,8880.0,8950.0,8760.0,8850.0,48299635820,5458149,1398,8880.0,8840.0,19.828992617427957,-3245.7882761380206,-4320.397144036944,9045.811347357965,8256.188652642035,8651.0,22180.2,0.6521596412393063,0.005688282138794021,0.040000000000000036,0.0022675736961450532,50860.0,8210.0,-0.826189539913488,0.07673568818514007,1.0218471852964974,0.39855366498047806,0.05429864253393668,1
2022-12-07,8890.0,8940.0,8600.0,8740.0,46928925350,5372216,1477,8850.0,8600.0,19.08020915110339,-3036.315044767882,-4063.580724183132,9001.787201516827,8264.212798483173,8633.0,21591.2,0.6612551981360394,-0.010356731875719172,0.0117647058823529,-0.02714932126696834,50860.0,8210.0,-0.8309083759339363,0.047503045066991476,0.9961774585891348,0.3983104227648301,0.059302325581395365,1
2022-12-10,8620.0,8700.0,8360.0,8490.0,36837403210,4350619,1459,8740.0,8460.0,18.63807095668716,-2848.764051018994,-3820.6173895503043,8943.680960320442,8269.319039679558,8606.5,20999.0,0.5448418944442881,-0.013986013986013957,0.013173652694610682,-0.016279069767441867,50860.0,8210.0,-0.8336610302791978,0.030450669914738125,0.9829779817579736,0.402876327444164,0.06382978723404253,1
2022-12-11,8410.0,8670.0,8410.0,8550.0,35467527750,4141648,1138,8490.0,8600.0,20.619032183806738,-2658.1897504918707,-3588.1318617386178,8933.635107730506,8267.364892269494,8600.5,20407.0,0.5358694455709074,-0.02604756511891282,-0.0011614401858304202,0.016548463356973908,50860.0,8210.0,-0.8309083759339363,0.047503045066991476,0.9999418638451253,0.42142402116920663,0.05232558139534893,1
2022-12-12,8500.0,8970.0,8500.0,8910.0,199008185250,22330979,2262,8550.0,8970.0,25.763390813964733,-2449.070970871,-3360.3196835650947,8984.849428052372,8246.150571947628,8615.5,19816.2,2.590932358229437,0.017006802721088343,0.026315789473684292,0.04302325581395339,50860.0,8210.0,-0.8236335037357452,0.0925700365408039,1.0411467703557542,0.4526599448935719,-0.005574136008918651,0
2022-12-13,8970.0,9350.0,8950.0,9170.0,145953146710,15919080,2403,8910.0,9320.0,30.360864203362596,-2229.4016025541223,-3134.1360673629006,9128.48309023587,8167.516909764129,8648.0,19232.6,1.7454851478342779,0.05429864253393668,0.060295790671217375,0.03901895206243022,50860.0,8210.0,-0.8167518678725915,0.13520097442143728,1.0777058279370952,0.48459386666389365,-0.04613733905579398,0
2022-12-14,9390.0,9390.0,9080.0,9180.0,56880985050,6194961,1420,9170.0,9110.0,29.19268085743458,-2048.64182278957,-2917.037218448235,9189.995201515916,8148.004798484084,8669.0,18614.2,0.6731376555667452,0.059302325581395365,0.04833141542002295,-0.022532188841201672,50860.0,8210.0,-0.8208808493904837,0.10962241169305725,1.0508709193678625,0.48941130964532453,-0.01207464324917673,0
2022-12-17,9100.0,9150.0,8950.0,9010.0,58955752230,6545028,1658,9180.0,9000.0,28.572521189612033,-1892.4494959337007,-2712.1196739453285,9223.667513767155,8174.332486232845,8699.0,17973.0,0.7091587690744542,0.06382978723404253,0.04895104895104896,-0.01207464324917673,50860.0,8210.0,-0.8230436492331892,0.09622411693057248,1.0346016783538339,0.5007511266900351,0.026666666666666616,0
2022-12-18,9000.0,9250.0,8930.0,9080.0,67264919900,7411754,1603,9010.0,9050.0,29.307650866103245,-1744.5216102667528,-2518.600061209613,9236.01111098904,8245.98888901096,8741.0,17332.0,0.8314263009395777,0.05232558139534893,0.02491506228765572,0.005555555555555536,50860.0,8210.0,-0.8220605583955958,0.1023142509135201,1.0353506463791329,0.5221555504269559,0.022099447513812098,0
2022-12-19,8970.0,9060.0,8860.0,8930.0,63186817300,7076486,1594,9080.0,8920.0,28.48673372946473,-1619.1134763651062,-2338.7027442407116,9247.255625939939,8280.744374060061,8764.0,16686.4,0.8666590037031758,-0.005574136008918651,0.01133786848072571,-0.01436464088397793,50860.0,8210.0,-0.8246165945733386,0.08647990255785627,1.0178000912825194,0.5345670725860581,0.0594170403587444,1
2022-12-20,9000.0,9010.0,8800.0,8880.0,29664542270,3346974,993,8930.0,8890.0,28.289804201543973,-1504.8009671673462,-2171.9223888260385,9253.873256045239,8313.126743954761,8783.5,16047.6,0.4249851727019453,-0.04613733905579398,0.005656108597285048,-0.0033632286995515237,50860.0,8210.0,-0.8252064490758946,0.0828258221680877,1.0121250071156145,0.5539769186669657,0.08211473565804273,1
2022-12-21,9000.0,9060.0,8890.0,8980.0,41152718350,4581972,1101,8880.0,9000.0,30.195304129660727,-1389.316226717052,-2015.4011564042414,9268.989956462243,8348.010043537757,8808.5,15435.4,0.5827911013233038,-0.01207464324917673,0.04651162790697683,0.012373453318335281,50860.0,8210.0,-0.8230436492331892,0.09622411693057248,1.02174036442073,0.5830752685385543,0.022222222222222143,0
2022-12-24,9100.0,9290.0,9010.0,9150.0,72408528320,7910003,1842,8980.0,9240.0,34.297471285098055,-1263.858766515632,-1865.0926784265196,9299.4571648015,8406.5428351985,8853.0,14824.2,0.9777771608128472,0.026666666666666616,0.09219858156028371,0.026666666666666616,50860.0,8210.0,-0.8183248132127409,0.12545676004872108,1.0437139952558454,0.6233051361962196,0.017316017316017396,0
2022-12-25,9240.0,9440.0,9160.0,9330.0,62769146880,6729909,1897,9150.0,9250.0,34.470270010189765,-1150.365214887559,-1722.1471857187275,9348.616220599097,8421.383779400903,8885.0,14231.4,0.8588689828953482,0.022099447513812098,0.07558139534883712,0.0010822510822510178,50860.0,8210.0,-0.8181281950452222,0.12667478684531058,1.0410804727068093,0.6499711904661524,0.021621621621621623,0
2022-12-26,9320.0,9580.0,9200.0,9410.0,93425074360,9926347,1886,9330.0,9450.0,37.983299418588835,-1032.3817745534561,-1584.1941034856734,9439.671455304111,8401.328544695889,8920.5,13640.6,1.2917122857922445,0.0594170403587444,0.05351170568561869,0.021621621621621623,50860.0,8210.0,-0.8141958316948485,0.1510353227771011,1.059357659324029,0.6927847748632758,-0.01904761904761909,0
2022-12-28,9350.0,9710.0,9350.0,9560.0,165076038330,17266669,2540,9410.0,9620.0,40.884312968138126,-914.6183181714277,-1450.2789464228242,9559.58179356686,8364.41820643314,8962.0,13055.0,2.13927656164499,0.08211473565804273,0.032188841201716833,0.017989417989418,50860.0,8210.0,-0.810853322847031,0.17174177831912302,1.0734211113590717,0.7368824205285331,-0.043659043659043606,0
2022-12-31,9510.0,9510.0,9100.0,9280.0,125565588270,13525161,1988,9560.0,9200.0,36.35909764628327,-845.4347746450931,-1329.3101120672782,9579.982067241348,8395.017932758652,8987.5,12465.4,1.5805685336086837,0.022222222222222143,0.009879253567508295,-0.043659043659043606,50860.0,8210.0,-0.8191112858828156,0.12058465286236297,1.023643949930459,0.7380429027548254,0.02717391304347827,0
2023-01-01,9120.0,9550.0,9120.0,9310.0,116410205960,12504324,1933,9280.0,9400.0,39.77737736377163,-765.6421433963114,-1216.5765183330848,9615.978510247463,8441.021489752537,9028.5,11892.4,1.404320817200997,0.017316017316017396,0.04444444444444451,0.021739130434782705,50860.0,8210.0,-0.815178922532442,0.14494518879415347,1.0411474774325746,0.7904207729306112,0.036170212765957555,0
2023-01-02,9300.0,9570.0,9300.0,9430.0,84388245920,8952313,1860,9310.0,9450.0,40.63583783839387,-690.4126785330627,-1111.3437503730804,9666.903490278559,8452.096509721441,9059.5,11311.4,1.0119104203031868,0.021621621621621623,0.04419889502762442,0.005319148936170137,50860.0,8210.0,-0.8141958316948485,0.1510353227771011,1.043103924057619,0.8354403522110437,0.03703703703703698,0
2023-01-03,9450.0,9650.0,9250.0,9480.0,122125244700,12884228,1894,9430.0,9270.0,38.507720200887235,-637.963238215325,-1016.6676479415294,9685.576010128447,8478.423989871553,9082.0,10730.6,1.4125211137143792,-0.01904761904761909,0.039237668161435035,-0.01904761904761909,50860.0,8210.0,-0.8177349587101849,0.12911084043848964,1.020700286280555,0.8638845917283283,0.09385113268608425,1
2023-01-04,9240.0,9400.0,9150.0,9250.0,68890690650,7448662,1665,9480.0,9200.0,37.68125980854913,-595.1841811206268,-932.3709545773489,9695.046216694613,8504.953783305387,9100.0,10134.6,0.8077962194993948,-0.043659043659043606,0.03487064116985383,-0.007551240560949246,50860.0,8210.0,-0.8191112858828156,0.12058465286236297,1.010989010989011,0.9077812641840822,0.08804347826086967,1
2023-01-07,9330.0,9620.0,9330.0,9480.0,80299171380,8473271,1804,9250.0,9450.0,42.43322034002263,-534.9420801932065,-852.8851797005204,9709.381821901681,8575.618178098319,9142.5,9527.6,0.9037173067282689,0.02717391304347827,0.050000000000000044,0.02717391304347827,50860.0,8210.0,-0.8141958316948485,0.1510353227771011,1.03363412633306,0.9918552416138376,0.06560846560846567,1
2023-01-08,9450.0,9870.0,9450.0,9650.0,219591522690,22744666,2735,9480.0,9740.0,47.43993378762796,-458.5137437948779,-774.010892519392,9738.675722860939,8674.324277139061,9206.5,8916.4,2.2091375964001747,0.036170212765957555,0.05411255411255422,0.030687830687830653,50860.0,8210.0,-0.8084939048368069,0.18635809987819732,1.0579481887796665,1.0923691175810866,0.05852156057494873,1
2023-01-09,9660.0,9900.0,9610.0,9750.0,103143203660,10583620,1962,9650.0,9800.0,48.439103354324594,-388.6224404196073,-696.933202099435,9781.952228632836,8751.047771367164,9266.5,8923.0,0.9967789669750817,0.03703703703703698,0.05945945945945952,0.006160164271047153,50860.0,8210.0,-0.8073141958316948,0.19366626065773446,1.0575729779312577,1.0982853300459487,0.04795918367346941,0
2023-01-10,9720.0,10200.0,9720.0,9960.0,312962820000,31434146,3424,9750.0,10140.0,53.7988960979441,-302.3130438672506,-618.0091704529982,9947.109315154943,8702.890684845057,9325.0,8945.8,2.838815719929092,0.09385113268608425,0.07301587301587298,0.03469387755102038,50860.0,8210.0,-0.8006291781360598,0.2350791717417783,1.0873994638069706,1.133492812269445,0.014792899408283988,0
2023-01-11,10200.0,10290.0,9940.0,10080.0,136570662420,13548340,2678,9960.0,10010.0,51.59064911323928,-241.61692925936768,-542.7307222142722,10049.499275363785,8669.500724636215,9359.5,8967.2,1.2367896394026179,0.08804347826086967,0.04054054054054057,-0.012820512820512775,50860.0,8210.0,-0.8031852143138026,0.2192448233861145,1.0695015759388857,1.1162904808635916,-0.0019980019980020414,0
2023-01-14,9910.0,10180.0,9740.0,9970.0,102572692380,10287879,1799,10080.0,10070.0,52.55853674181438,-186.52319924738367,-471.4892176208945,10152.748280777987,8662.251719222013,9407.5,8991.4,0.9219283304129632,0.06560846560846567,0.0945652173913043,0.005994005994006013,50860.0,8210.0,-0.8020055053086905,0.22655298416565164,1.0704225352112675,1.1199590720021355,-0.020854021847070525,0
2023-01-16,10010.0,10350.0,10000.0,10270.0,133212331210,12973904,2513,9970.0,10310.0,56.32052761807873,-122.08767631209957,-401.60890935913557,10290.26617451265,8655.73382548735,9473.0,9021.4,1.1300787000155759,0.05852156057494873,0.09680851063829787,0.02383316782522349,50860.0,8210.0,-0.7972866692882422,0.2557856272838002,1.0883563812942045,1.142838140421664,-0.03976721629485935,0
2023-01-17,10430.0,10490.0,10130.0,10320.0,157389227880,15255346,2817,10270.0,10270.0,55.5301727730531,-73.40357513702475,-335.9678425147134,10396.725912444117,8671.274087555883,9534.0,9053.6,1.2849083920260502,0.04795918367346941,0.08677248677248683,-0.0038797284190106307,50860.0,8210.0,-0.7980731419583169,0.25091352009744217,1.077197398783302,1.1343553945391889,-0.04771178188899705,0
2023-01-18,10300.0,10480.0,10100.0,10330.0,116703731780,11300810,2301,10320.0,10290.0,55.86368073425038,-32.82881125185668,-275.34003626214206,10476.819735567331,8728.180264432669,9602.5,9079.0,0.9351934857734,0.014792899408283988,0.11003236245954695,0.0019474196689386325,50860.0,8210.0,-0.7976799056232796,0.25334957369062117,1.0715959385576672,1.133384734001542,-0.06219630709426627,0
2023-01-21,10400.0,10400.0,9820.0,10040.0,112638463930,11219187,2089,10330.0,9990.0,49.82720781209588,-24.596972752060537,-225.19142356012577,10482.627262913136,8832.372737086864,9657.5,9101.8,0.8991507086472192,-0.0019980019980020414,0.08586956521739131,-0.029154518950437303,50860.0,8210.0,-0.8035784506488399,0.21680876979293545,1.0344292001035464,1.097585093058516,-0.03003003003003002,0
2023-01-22,9880.0,10060.0,9740.0,9860.0,90591455490,9186654,1871,10040.0,9860.0,47.43520716695872,-28.23758962256761,-185.80065677261416,10471.978450770026,8929.021549229974,9700.5,9119.8,0.72291618358795,-0.020854021847070525,0.043386243386243306,-0.013013013013013053,50860.0,8210.0,-0.8061344868265827,0.20097442143727162,1.0164424514200299,1.0811640606153645,-0.06186612576064909,0
2023-01-23,9910.0,10050.0,9760.0,9950.0,134269876450,13500753,1867,9860.0,9900.0,48.25827749629746,-27.577245693504665,-154.15597455679227,10479.402808683892,8987.597191316108,9733.5,9138.0,1.039534250875958,-0.03976721629485935,0.01642710472279263,0.0040567951318457585,50860.0,8210.0,-0.805348014156508,0.20584652862362973,1.0171058714748036,1.0833880499015103,-0.06262626262626259,0
2023-01-24,9790.0,9990.0,9670.0,9810.0,63796053750,6504055,1448,9950.0,9780.0,45.93453881408966,-36.31826118277422,-130.58843188198867,10472.207834836514,9047.792165163486,9760.0,9159.2,0.5012366371983914,-0.04771178188899705,-0.0020408163265306367,-0.012121212121212088,50860.0,8210.0,-0.8077074321667322,0.19123020706455543,1.0020491803278688,1.0677788453140011,-0.05112474437627812,0
2023-01-25,9720.0,9810.0,9400.0,9580.0,79454576290,8295289,1570,9810.0,9650.0,43.491306759080516,-53.12312219365231,-115.0953699443214,10470.0285708473,9069.9714291527,9770.0,9178.8,0.6433217461771394,-0.06219630709426627,-0.0483234714003945,-0.013292433537832271,50860.0,8210.0,-0.810263468344475,0.1753958587088916,0.9877175025588536,1.0513356865821242,-0.04352331606217619,0
2023-01-28,9690.0,9850.0,9570.0,9670.0,95601602030,9884985,1692,9580.0,9690.0,44.470017193808275,-62.49304894355737,-104.5749057441686,10471.189759135474,9075.810240864526,9773.5,9199.2,0.7891964376504946,-0.03003003003003002,-0.031968031968031996,0.004145077720207224,50860.0,8210.0,-0.8094769956744003,0.18026796589524968,0.9914564894868778,1.0533524654317765,-0.07739938080495357,0
2023-01-29,9600.0,9760.0,9190.0,9210.0,138398494520,15021254,1804,9670.0,9250.0,36.89933721796291,-104.22170324683248,-104.50426524470139,10465.765177435418,9086.234822564582,9776.0,9210.4,1.1921455783785637,-0.06186612576064909,-0.08142999006951346,-0.04540763673890613,50860.0,8210.0,-0.8181281950452222,0.12667478684531058,0.9461947626841244,1.004299487535829,-0.041081081081081106,0
2023-01-30,9110.0,9360.0,8970.0,9170.0,51387735820,5602471,1269,9210.0,9280.0,37.67837694983035,-133.33421925940638,-110.27025604764239,10474.670135597156,9065.329864402844,9770.0,9228.0,0.45715455746918054,-0.06262626262626259,-0.09990300678952468,0.00324324324324321,50860.0,8210.0,-0.8175383405426662,0.13032886723507917,0.9498464687819856,1.0056350238404854,-0.03879310344827591,0
2023-01-31,9390.0,9420.0,9190.0,9320.0,46162276330,4951957,1142,9170.0,9280.0,37.67837694983035,-154.62369226914961,-119.14094329194384,10485.247884281893,9037.752115718107,9761.5,9249.4,0.41077782364643084,-0.05112474437627812,-0.09639727361246353,0.0,50860.0,8210.0,-0.8175383405426662,0.13032886723507917,0.9506735645136506,1.0033083227020132,-0.03663793103448276,0
2023-02-01,9100.0,9360.0,9100.0,9210.0,52679422600,5717547,1048,9320.0,9230.0,36.800176402074385,-173.52998944465799,-130.01875252248666,10488.868905289028,9030.131094710972,9759.5,9264.8,0.4888154389824077,-0.04352331606217619,-0.10301263362487856,-0.0053879310344827624,50860.0,8210.0,-0.8185214313802596,0.12423873325213154,0.9457451713714842,0.9962438476815474,-0.034669555796316365,0
2023-02-05,9270.0,9290.0,8890.0,9060.0,61643665230,6805923,1225,9210.0,8940.0,32.12350252798373,-209.49896883350812,-145.91479578469097,10523.037829086592,8969.962170913408,9746.5,9273.6,0.583468043234751,-0.07739938080495357,-0.10510510510510507,-0.031419284940411685,50860.0,8210.0,-0.8242233582383012,0.08891595615103533,0.9172523469963577,0.9640269151138716,0.01118568232662187,0
2023-02-06,8840.0,9000.0,8700.0,8840.0,58648853310,6633522,1598,9060.0,8870.0,31.096243792372476,-240.8763860887757,-164.90711384550792,10575.238305080587,8859.761694919413,9717.5,9281.0,0.5732085419515454,-0.041081081081081106,-0.10040567951318458,-0.007829977628635354,50860.0,8210.0,-0.825599685410932,0.08038976857490865,0.9127862104450734,0.955715978881586,0.016910935738444266,0
2023-02-07,8750.0,9100.0,8720.0,8930.0,37508844570,4194390,822,8840.0,8920.0,32.75049957540564,-258.7261986267931,-183.67093080176497,10601.751857605552,8751.248142394448,9676.5,9292.4,0.39402066392677737,-0.03879310344827591,-0.09898989898989896,0.005636978579481422,50860.0,8210.0,-0.8246165945733386,0.08647990255785627,0.9218209063194337,0.9599242391631871,-0.0011210762331838042,0
2023-02-08,9000.0,9110.0,8850.0,8950.0,53807281890,6012686,1072,8930.0,8940.0,33.43887458419772,-268.1672061864738,-200.57018587870675,10610.296294015558,8656.703705984442,9633.5,9299.0,0.5772240493831602,-0.03663793103448276,-0.08588957055214719,0.0022421524663676085,50860.0,8210.0,-0.8242233582383012,0.08891595615103533,0.9280116260964343,0.9613936982471234,-0.0022371364653244186,0
2023-02-12,8860.0,8950.0,8670.0,8870.0,24480782220,2778857,931,8950.0,8910.0,32.89494689863923,-274.9011328365177,-215.43637527026897,10568.1847218275,8575.8152781725,9572.0,9302.4,0.30931899129503854,-0.034669555796316365,-0.0766839378238342,-0.003355704697986628,50860.0,8210.0,-0.8248132127408573,0.08526187576126674,0.9308399498537401,0.9578173374613004,0.04938271604938271,0
2023-02-13,8800.0,9300.0,8800.0,9050.0,37509593380,4130088,1136,8870.0,9040.0,37.62946480978937,-266.673854481578,-225.6838711125308,10524.105316797055,8522.894683202945,9523.5,9307.4,0.48515767203214366,0.01118568232662187,-0.06707946336429305,0.014590347923681302,50860.0,8210.0,-0.8222571765631145,0.10109622411693057,0.9492308500026251,0.971270172121108,0.05420353982300874,1
2023-02-14,9050.0,9260.0,8950.0,9030.0,30264188780,3355230,836,9050.0,9020.0,37.19468165227182,-258.7844044373196,-232.30397777748857,10461.533189753145,8480.466810246855,9471.0,9314.0,0.41086568375718907,0.016910935738444266,-0.024864864864864833,-0.0022123893805309214,50860.0,8210.0,-0.8226504128981518,0.09866017052375152,0.9523809523809523,0.9684346145587288,0.06319290465631933,1
2023-02-15,8940.0,9050.0,8810.0,8990.0,28379647610,3163372,865,9030.0,8910.0,34.812231070293734,-258.42903013555224,-237.52898824910133,10341.061700104066,8460.938299895934,9401.0,9320.6,0.4121271352462782,-0.0011210762331838042,-0.039870689655172376,-0.012195121951219523,50860.0,8210.0,-0.8248132127408573,0.08526187576126674,0.9477715136687587,0.9559470420359204,0.11111111111111116,1
2023-02-19,8910.0,9040.0,8850.0,8960.0,28903568600,3231410,1082,8990.0,8920.0,35.21847438283416,-254.40782200584363,-240.9047550004498,10205.698945196882,8461.301054803118,9333.5,9322.4,0.4567672557948085,-0.0022371364653244186,-0.03879310344827591,0.001122334455667895,50860.0,8210.0,-0.8246165945733386,0.08647990255785627,0.9556972196925055,0.9568351497468464,0.12780269058295968,1
2023-02-20,8900.0,9390.0,8900.0,9260.0,109085666710,11780197,1335,8960.0,9350.0,49.72660510068421,-214.05607407509342,-235.53501881537852,10040.801663794105,8532.198336205895,9286.5,9333.0,1.6595353039346876,0.04938271604938271,0.01300108342361872,0.04820627802690591,50860.0,8210.0,-0.8161620133700354,0.13885505481120586,1.006837882948366,1.0018214936247722,0.0951871657754011,1
2023-02-21,9330.0,9720.0,9330.0,9640.0,192815438690,20001539,1823,9260.0,9530.0,54.33676218693092,-165.6430969319117,-221.5566344386852,9956.126161794773,8570.873838205227,9263.5,9346.8,2.653565491746557,0.05420353982300874,0.06599552572706946,0.019251336898395754,50860.0,8210.0,-0.8126228863546991,0.1607795371498173,1.0287688238786636,1.0196002910086877,0.06610703043022026,1
2023-02-22,9410.0,9710.0,9160.0,9430.0,105307818430,11172000,1268,9640.0,9590.0,55.79202541859644,-121.03870632763028,-201.45304881647422,9905.103045331465,8594.896954668535,9250.0,9366.6,1.4629017983629105,0.06319290465631933,0.08117249154453221,0.006295907660021083,50860.0,8210.0,-0.8114431773495872,0.16808769792935443,1.0367567567567568,1.0238507035637263,0.06360792492179357,1
2023-02-25,9740.0,9900.0,9650.0,9890.0,106436688420,10762468,1367,9430.0,9900.0,62.45049209916487,-59.98354324646971,-173.15914770247332,9905.103045331465,8594.896954668535,9250.0,9395.4,1.4350030040152204,0.11111111111111116,0.10986547085201792,0.03232533889468203,50860.0,8210.0,-0.805348014156508,0.20584652862362973,1.0702702702702702,1.053707133277987,0.04141414141414135,0
2023-02-26,10120.0,10380.0,9970.0,10230.0,194846525170,19044345,1980,9890.0,10060.0,65.35120484113695,1.298804389729412,-138.26755728403276,9973.518146351846,8554.481853648154,9264.0,9424.6,2.3433493378503063,0.12780269058295968,0.12527964205816544,0.016161616161616266,50860.0,8210.0,-0.8022021234762092,0.22533495736906212,1.0859240069084628,1.0674193069201876,0.036779324055665974,0
2023-02-27,10070.0,10280.0,9910.0,10150.0,86183043350,8493986,1708,10230.0,10240.0,68.3165181135922,63.6562128865844,-97.88280324990934,10106.304404517197,8480.695595482803,9293.5,9450.0,1.0438833157497778,0.0951871657754011,0.14927048260381603,0.017892644135188762,50860.0,8210.0,-0.798662996460873,0.24725943970767356,1.1018453758002906,1.0835978835978837,0.0673828125,1
2023-02-28,10000.0,10490.0,10000.0,10220.0,108781547170,10645180,1481,10150.0,10160.0,65.62823303946439,105.40453905492723,-57.225334788942035,10198.569055719718,8435.430944280282,9317.0,9466.8,1.3021752589147313,0.06610703043022026,0.12389380530973448,-0.0078125,50860.0,8210.0,-0.8002359418010224,0.23751522533495736,1.0904797681657186,1.0732243207842145,0.09940944881889768,1
2023-03-01,10100.0,10430.0,10050.0,10270.0,147823982830,14398114,1498,10220.0,10200.0,66.34141466201959,140.10303347109402,-17.759661136934824,10325.32204387834,8403.67795612166,9364.5,9488.6,1.767992518349101,0.06360792492179357,0.13082039911308208,0.003937007874015741,50860.0,8210.0,-0.7994494691309477,0.24238733252131547,1.0892199263174756,1.0749741795417658,0.13431372549019605,1
2023-03-04,10290.0,10530.0,10090.0,10370.0,64423663960,6215186,1402,10270.0,10310.0,68.28996818691047,174.46677657810687,20.685626406073517,10460.000000001219,8371.999999998781,9416.0,9514.8,0.7603232181014488,0.04141414141414135,0.1571268237934904,0.010784313725490158,50860.0,8210.0,-0.7972866692882422,0.2557856272838002,1.0949447748513168,1.0835750620086604,0.09117361784675082,1
2023-03-05,10250.0,10580.0,10250.0,10410.0,85578072380,8218735,1210,10370.0,10430.0,70.30931077502277,208.97436133057454,58.343373390973724,10604.274513332583,8342.725486667417,9473.5,9542.4,0.9857270953710321,0.036779324055665974,0.16928251121076232,0.011639185257032114,50000.0,8210.0,-0.7914,0.27040194884287455,1.100965852113791,1.0930164319248827,0.043144774688398835,0
2023-03-06,10360.0,10930.0,10360.0,10840.0,278303864100,25678876,2535,10410.0,10930.0,76.9078894192114,273.5147840132122,101.37765551542142,10847.752108783434,8269.247891216566,9558.5,9582.6,2.7505796714781496,0.0673828125,0.1689839572192513,0.047938638542665446,49120.0,8210.0,-0.7774837133550488,0.3313032886723508,1.1434848564105247,1.1406090205163526,0.014638609332113361,0
2023-03-07,11100.0,11370.0,10920.0,11130.0,142738429740,12823849,1923,10840.0,11170.0,79.28741482489468,340.1089637900586,149.12391717034888,11103.638727156365,8236.361272843635,9670.0,9628.2,1.330730125863087,0.09940944881889768,0.17208814270724027,0.021957913998170264,48040.0,8210.0,-0.7674854288093256,0.36053593179049936,1.15511892450879,1.160133773706404,0.02685765443151289,0
2023-03-11,11240.0,11670.0,11050.0,11490.0,209101810750,18201740,2231,11130.0,11570.0,82.52032415757719,420.3168372472446,203.36250118572804,11410.123048243502,8199.876951756498,9805.0,9679.6,1.7818443192069036,0.13431372549019605,0.20646506777893636,0.035810205908684,47950.0,8210.0,-0.7587069864442127,0.4092570036540804,1.1800101988781233,1.1952973263357989,0.012964563526361328,0
2023-03-12,11310.0,11500.0,11140.0,11290.0,123080775530,10905042,2536,11490.0,11250.0,72.73892927922157,452.8407627507695,253.25815349873636,11589.759871843264,8253.240128156736,9921.5,9719.8,1.0335900790899513,0.09117361784675082,0.13636363636363646,-0.02765773552290407,47950.0,8210.0,-0.7653806047966631,0.3702801461632156,1.1339011238220027,1.1574312228646682,0.05333333333333323,1
2023-03-13,11030.0,11300.0,10830.0,10980.0,62126962730,5655916,2569,11290.0,10880.0,63.38371037357974,443.64622275779584,291.3357673505483,11672.746354084691,8364.253645915309,10018.5,9752.4,0.5369809081748534,0.043144774688398835,0.08151093439363821,-0.032888888888888856,47950.0,8210.0,-0.773096976016684,0.32521315468940315,1.0859909168039128,1.1156228210491776,0.10753676470588225,1
2023-03-14,10660.0,11200.0,10650.0,11010.0,143223055010,13007865,4773,10980.0,11090.0,66.0524017836814,448.13886267489215,322.69638641541707,11762.39296285796,8492.60703714204,10127.5,9785.2,1.1777944969751655,0.014638609332113361,0.0830078125,0.01930147058823528,47950.0,8210.0,-0.7687174139728884,0.3507917174177832,1.095038262157492,1.133344234149532,0.10009017132551845,1
2023-03-15,11090.0,11470.0,11050.0,11260.0,44441078860,3928572,1165,11010.0,11470.0,70.27427735687431,476.865131981167,353.5301355285671,11903.616571898901,8594.383428101099,10249.0,9822.2,0.35603657076101464,0.02685765443151289,0.12893700787401574,0.03426510369702429,47950.0,8210.0,-0.7607924921793535,0.39707673568818513,1.1191335740072201,1.167762822992812,0.115082824760244,1
2023-03-18,11350.0,11820.0,11350.0,11680.0,77450309490,6632501,1297,11260.0,11720.0,72.68138824693645,513.8801277968396,385.60013398222156,12055.985645872135,8712.014354127865,10384.0,9872.6,0.5922909943031884,0.012964563526361328,0.14901960784313717,0.021795989537924942,47950.0,8210.0,-0.7555787278415016,0.42752740560292324,1.1286594761171032,1.1871239592407268,0.11348122866894195,1
2023-03-19,11700.0,11950.0,11350.0,11720.0,109214388350,9314793,1413,11680.0,11850.0,73.86647383307731,547.3946672216898,417.9590406301153,12175.504788683344,8886.495211316656,10531.0,9921.6,0.8095866612336097,0.05333333333333323,0.14936954413191073,0.011092150170648463,47950.0,8210.0,-0.7528675703858185,0.44336175395858707,1.1252492640774856,1.1943638122883407,0.13839662447257384,1
2023-03-25,11450.0,12270.0,11410.0,12040.0,122066246550,10140491,1585,11720.0,12050.0,75.61880958944563,583.3687973440447,451.0409919729012,12284.007124945714,9090.992875054286,10687.5,9973.6,0.8556603930206385,0.10753676470588225,0.15532118887823576,0.016877637130801704,47950.0,8210.0,-0.748696558915537,0.46772228989037756,1.127485380116959,1.2081896205983798,0.1186721991701245,1
2023-03-26,12000.0,12400.0,11940.0,12200.0,143850263650,11794901,1852,12040.0,12200.0,76.87141510215613,616.8713916297183,484.2070719042647,12432.298349247862,9227.701650752138,10830.0,10032.2,0.9951987102183959,0.10009017132551845,0.11619396157365047,0.012448132780082943,47950.0,8210.0,-0.7455683003128258,0.48599269183922045,1.126500461680517,1.216084208847511,0.139344262295082,1
2023-03-28,12590.0,12810.0,12480.0,12590.0,133599492390,10615539,1829,12350.0,12790.0,81.00513511240152,683.1555165928003,523.9967608419718,12693.412891036294,9292.587108963706,10993.0,10104.0,0.9326188784130509,0.115082824760244,0.1450313339301701,0.04836065573770498,47950.0,8210.0,-0.7332638164754953,0.5578562728380024,1.1634676612389703,1.2658353127474267,0.11571540265832692,1
2023-03-29,12550.0,13050.0,12550.0,12850.0,164949927460,12834629,1826,12590.0,13050.0,82.49030645407021,748.0430160186588,568.8060118773092,12961.62134092976,9370.37865907024,11166.0,10176.0,1.119399617451675,0.11348122866894195,0.1279170267934313,0.020328381548084362,47950.0,8210.0,-0.7278415015641293,0.5895249695493301,1.1687264911337991,1.2824292452830188,0.12643678160919536,1
2023-04-03,13210.0,13490.0,12760.0,13410.0,269130109130,20065694,2590,12850.0,13490.0,84.67418262528673,825.4558088335762,620.1359712685626,13308.92023010928,9382.07976989072,11345.5,10251.0,1.6818401002642096,0.13839662447257384,0.19911111111111102,0.03371647509578546,47950.0,8210.0,-0.7186652763295099,0.6431181485992692,1.189017672204839,1.3159691737391475,0.09266123054114161,1
2023-04-04,13600.0,13790.0,12960.0,13340.0,216437524370,16222379,2597,13410.0,13480.0,84.41648599407381,875.9022327332004,671.2892235614902,13594.665296602356,9438.334703397644,11516.5,10324.6,1.3759790177517164,0.1186721991701245,0.23897058823529416,-0.000741289844329085,47950.0,8210.0,-0.718873826903024,0.6419001218026796,1.1704945078799982,1.3056195881680646,0.14614243323442144,1
2023-04-05,13500.0,14000.0,13250.0,13900.0,308786147670,22214864,2667,13340.0,13900.0,86.30207289566852,938.9482658997658,724.8210320291453,13934.480760544113,9464.519239455887,11699.5,10399.8,1.780644524803584,0.139344262295082,0.25338142470694325,0.03115727002967361,47950.0,8210.0,-0.7101147028154328,0.6930572472594397,1.1880849608957649,1.336564164695475,0.15395683453237408,1
2023-04-08,14000.0,14490.0,14000.0,14250.0,210692330430,14784632,2659,13900.0,14270.0,87.71259077780654,1007.1587105071922,781.2885677247547,14286.952980224909,9523.047019775091,11905.0,10485.0,1.165730756454144,0.11571540265832692,0.24411508282476024,0.02661870503597119,47950.0,8210.0,-0.7023983315954119,0.7381242387332522,1.1986560268794624,1.3609918931807343,0.153468815697267,1
2023-04-09,14290.0,14710.0,14270.0,14480.0,234223762040,16175108,2232,14250.0,14700.0,89.11536858860785,1083.4243441966864,841.715723019141,14670.118107490733,9589.881892509267,12130.0,10577.6,1.2664937492080064,0.12643678160919536,0.25426621160409546,0.030133146461107208,47950.0,8210.0,-0.6934306569343066,0.7904993909866017,1.211871393239901,1.3897292391468763,0.14081632653061216,1
2023-04-10,15080.0,15140.0,14370.0,14720.0,283171520570,19238176,2653,14480.0,14740.0,89.23844639792243,1134.0207883215426,900.1767360796214,14988.90232046654,9714.09767953346,12351.5,10666.2,1.433255183967959,0.09266123054114161,0.24388185654008443,0.0027210884353741083,47950.0,8210.0,-0.6925964546402502,0.7953714981729598,1.1933773225923976,1.3819354596763607,0.1099050203527816,1
2023-04-11,14250.0,15450.0,14250.0,15280.0,490454779780,32088721,3151,14720.0,15450.0,91.1511073723953,1217.3767398345044,963.616736830598,15410.630160801358,9794.369839198642,12602.5,10769.8,2.1954194240609937,0.14614243323442144,0.2821576763485478,0.04816824966078692,47950.0,8210.0,-0.6777893639207507,0.881851400730816,1.2259472326919263,1.4345670300284128,0.04854368932038833,0
2023-04-15,16040.0,16040.0,15700.0,16040.0,275036399610,17152147,1861,15280.0,16040.0,92.36541037185539,1315.8763971186236,1034.068668888203,15928.554347345482,9787.445652654518,12858.0,10884.8,1.2087593043744256,0.15395683453237408,0.3147540983606558,0.03818770226537227,47950.0,8210.0,-0.6654848800834202,0.953714981729598,1.2474723907295069,1.4736145818021462,-0.00872817955112215,0
2023-04-16,16700.0,16830.0,15600.0,16310.0,220333078670,13505400,2630,16040.0,16460.0,93.09212601821804,1411.5570243683633,1109.5663399842351,16465.174827141014,9779.825172858986,13122.5,11014.2,0.949482723002051,0.153468815697267,0.2869429241594996,0.026184538653366562,47950.0,8210.0,-0.6567257559958289,1.004872107186358,1.254334158887407,1.4944344573368922,0.009720534629404698,0
2023-04-17,16670.0,17000.0,16220.0,16520.0,198074030410,11987572,2321,16310.0,16770.0,93.57802346184995,1495.1637035598305,1186.6858126993543,16999.387474058625,9765.612525941373,13382.5,11152.4,0.8615941278006914,0.14081632653061216,0.28505747126436787,0.01883353584447134,47950.0,8210.0,-0.6502606882168926,1.0426309378806333,1.253129086493555,1.503712205444568,0.03637447823494333,0
2023-04-18,17070.0,17070.0,15930.0,16340.0,303423898910,18573257,4310,16520.0,16360.0,85.0565478319725,1510.9220567319499,1251.5330615058733,17337.235596714836,9938.764403285164,13638.0,11281.6,1.2991327899758054,0.1099050203527816,0.21275018532246115,-0.02444841979725698,47950.0,8210.0,-0.6588112617309697,0.9926918392204629,1.1995893826074204,1.4501489150475109,0.061735941320293364,1
2023-04-19,16430.0,16430.0,15800.0,16040.0,231525596450,14431977,3391,16340.0,16200.0,81.92139242575092,1493.2863270892303,1299.8837146225449,17536.186118579575,10271.813881420427,13904.0,11410.0,0.9794045193387877,0.04854368932038833,0.20178041543026715,-0.009779951100244544,47950.0,8210.0,-0.662148070907195,0.9732034104750305,1.165132336018412,1.4198071866783524,0.14320987654320994,1
2023-04-24,15850.0,16190.0,15570.0,15830.0,121490684550,7676461,2314,16040.0,15900.0,76.24650540163125,1438.5200280575918,1327.6109773095543,17633.69747219932,10655.302527800679,14144.5,11535.0,0.5305493806791975,-0.00872817955112215,0.14388489208633093,-0.01851851851851849,47950.0,8210.0,-0.6684045881126173,0.9366626065773447,1.1241118455936936,1.378413524057217,0.17106918238993707,1
2023-04-25,15740.0,16620.0,15740.0,16560.0,621147414340,37512819,2905,15830.0,16620.0,79.85356999098292,1436.654465818474,1349.4196750113383,17823.155360401237,10980.844639598765,14402.0,11673.6,2.32304803132898,0.009720534629404698,0.16468114926419064,0.04528301886792452,47950.0,8210.0,-0.6533889468196038,1.0243605359317904,1.1540063880016664,1.4237253289473684,0.1257521058965103,1
2023-04-26,16830.0,17380.0,16560.0,17290.0,431437902460,24946129,2416,16560.0,17380.0,82.81930832361797,1479.4474929437401,1375.4252385978186,18108.305420204582,11261.694579795416,14685.0,11836.2,1.461934137359547,0.03637447823494333,0.18231292517006792,0.04572803850782181,47950.0,8210.0,-0.6375391032325339,1.1169305724725944,1.1835205992509363,1.468376674946351,0.04142692750287691,0
2023-04-29,18120.0,18120.0,17300.0,17640.0,142790624140,8095097,2282,17290.0,17370.0,82.64691023585776,1495.3172721109004,1399.403645300435,18314.910553369315,11607.089446630685,14961.0,11998.0,0.4761037691813301,0.061735941320293364,0.17842605156037994,-0.0005753739930954849,47950.0,8210.0,-0.6377476538060479,1.1157125456760049,1.1610186484860638,1.447741290215036,0.004029936672423684,0
2023-04-30,17600.0,18520.0,17300.0,18410.0,399987667120,21721602,2779,17640.0,18520.0,86.2036205832602,1582.4480988417436,1436.012536008697,18700.4360357012,11868.5639642988,15284.5,12182.8,1.2354556304160667,0.14320987654320994,0.19870550161812295,0.06620610247553249,47950.0,8210.0,-0.6137643378519291,1.2557856272838002,1.2116850404004056,1.5201759858160686,-0.09719222462203025,0
2023-05-01,19300.0,19320.0,18420.0,18620.0,168048727680,9024519,2405,18410.0,18620.0,86.46343720429918,1640.6566029887927,1476.9413494047162,19008.254619422623,12202.745380577377,15605.5,12370.6,0.5173619855894424,0.17106918238993707,0.1608478802992519,0.005399568034557323,47950.0,8210.0,-0.6116788321167883,1.2679658952496955,1.193169075005607,1.505181640340808,-0.1407089151450054,0
2023-05-02,18700.0,18800.0,18200.0,18520.0,224940074540,12143833,2955,18620.0,18710.0,86.70608804035601,1674.7441022152416,1516.5018999668214,19303.036564554608,12499.963435445392,15901.5,12566.0,0.6931510121707896,0.1257521058965103,0.1366950182260025,0.004833512352309333,47950.0,8210.0,-0.6098018769551616,1.2789281364190013,1.1766185579976731,1.4889384052204362,-0.15606627471940138,0
2023-05-03,18550.0,18800.0,18060.0,18350.0,176458690650,9616304,2210,18520.0,18100.0,76.67395537937118,1633.7044608431952,1539.9424121420961,19418.336992407792,12889.663007592208,16154.0,12750.6,0.55397175267161,0.04142692750287691,0.07930828861061423,-0.03260288615713525,47950.0,8210.0,-0.6225234619395204,1.2046285018270402,1.120465519376006,1.419541041205904,-0.19558011049723756,0
2023-05-06,18700.0,18700.0,17440.0,17590.0,788418804810,44826609,5926,18350.0,17440.0,67.56508013189273,1530.2836083626116,1538.0106513861995,19419.276230431733,13283.723769568267,16351.5,12921.0,2.4104370344309847,0.004029936672423684,0.0660146699266504,-0.03646408839779003,47950.0,8210.0,-0.6362877997914494,1.1242387332521315,1.0665688163165459,1.3497407321414752,-0.1714449541284404,0
2023-05-07,17500.0,17500.0,16720.0,16840.0,105608086350,6271264,943,17590.0,16720.0,59.29001048370522,1374.3808480617263,1505.2846907213047,19285.562589481327,13741.437410518673,16513.5,13076.6,0.34649160429580783,-0.09719222462203025,0.032098765432098775,-0.041284403669724745,47950.0,8210.0,-0.651303441084463,1.0365408038976858,1.0125049202167924,1.2786198247250815,-0.11184210526315785,0
2023-05-08,16000.0,16100.0,16000.0,16000.0,176137922000,11008451,836,16840.0,16000.0,52.38111273936789,1179.1364535460852,1440.055043286261,19133.831190917394,14103.168809082606,16618.5,13218.4,0.6276554280257616,-0.1407089151450054,0.0062893081761006275,-0.0430622009569378,47950.0,8210.0,-0.6663190823774765,0.9488428745432399,0.9627824412552276,1.2104339405676936,-0.026249999999999996,0
2023-05-09,15200.0,15830.0,15200.0,15280.0,742053062100,48554951,6063,16000.0,15790.0,50.53158175058232,995.9776093694891,1351.2395565029067,19004.90667415975,14384.093325840253,16694.5,13353.4,2.525284143706137,-0.15606627471940138,-0.04993983152827919,-0.013125000000000053,47950.0,8210.0,-0.6706986444212721,0.9232643118148599,0.9458204797987361,1.1824703820749771,0.03546548448385045,0
2023-05-10,15750.0,15900.0,14520.0,14830.0,252518034330,17024325,2673,15280.0,14560.0,41.327221637484584,743.007260121507,1229.5930972266267,19022.750521893082,14352.24947810692,16687.5,13464.2,0.8834635210610253,-0.19558011049723756,-0.1622554660529344,-0.07789740341988605,47950.0,8210.0,-0.6963503649635037,0.7734470158343484,0.8725093632958801,1.0813861945009728,0.1744505494505495,1
2023-05-13,14180.0,15000.0,14090.0,14150.0,156288979400,11042854,1997,14830.0,14450.0,40.61471909266772,527.5688695697063,1089.1882516952428,19059.479415373597,14286.520584626403,16673.0,13575.0,0.5855105169375961,-0.1714449541284404,-0.16810592976396088,-0.007554945054945028,47950.0,8210.0,-0.6986444212721585,0.7600487210718636,0.866670665147244,1.0644567219152854,0.19723183391003452,1
2023-05-14,14670.0,14850.0,14670.0,14840.0,88689076920,5974854,942,14150.0,14850.0,44.3705575720863,384.6747588004073,948.2855531162758,19104.138760818234,14181.861239181766,16643.0,13693.6,0.3403598374977045,-0.11184210526315785,-0.19816414686825057,0.02768166089965396,47950.0,8210.0,-0.6903023983315955,0.8087697929354446,0.8922670191672174,1.0844482093824852,0.164983164983165,1
2023-05-15,15580.0,15580.0,15580.0,15580.0,76865285460,4933587,731,14840.0,15580.0,50.52087656148052,326.57054370992773,823.9425512350062,19111.65808248281,14128.341917517191,16620.0,13818.2,0.29117713859189814,-0.026249999999999996,-0.16326530612244894,0.04915824915824918,47950.0,8210.0,-0.6750782064650678,0.8976857490864799,0.937424789410349,1.1274985164493203,0.1578947368421053,1
2023-05-17,16350.0,16350.0,16350.0,16350.0,78783227100,4818546,673,15580.0,16350.0,56.041502509756434,338.7501980554498,726.904080599095,19108.03143152476,14120.968568475242,16614.5,13954.6,0.29186945739338843,0.03546548448385045,-0.12613575628006413,0.04942233632862636,47950.0,8210.0,-0.6590198123044838,0.9914738124238733,0.9840801709350266,1.1716566580195777,0.10214067278287464,1
2023-05-20,17160.0,17160.0,16740.0,17100.0,923898768050,54022568,5039,16350.0,17100.0,60.647216859266464,404.2613209978899,662.375528678854,19132.782564493147,14129.217435506853,16631.0,14104.8,2.902722421366243,0.1744505494505495,-0.05524861878453036,0.04587155963302747,47950.0,8210.0,-0.643378519290928,1.0828258221680878,1.0282003487463172,1.2123532414497193,0.024561403508772006,0
2023-05-21,17100.0,17460.0,16560.0,17160.0,218300381930,12718846,2093,17100.0,17300.0,61.79671502632679,466.93514870495346,623.287452684074,19192.936182093275,14163.063817906725,16678.0,14252.8,0.6943253481694279,0.19723183391003452,-0.008027522935779796,0.011695906432748648,47950.0,8210.0,-0.6392075078206465,1.1071863580998782,1.0372946396450413,1.213796587337225,-0.011560693641618491,0
2023-05-22,17360.0,17420.0,17050.0,17190.0,184644499380,10741873,1809,17160.0,17300.0,61.79671502632679,510.71737669533286,600.7734374863257,19251.825916970425,14214.174083029575,16733.0,14397.6,0.5923682871849526,0.164983164983165,0.0346889952153111,0.0,47950.0,8210.0,-0.6392075078206465,1.1071863580998782,1.0338851371541267,1.201589153747847,-0.01676300578034684,0
2023-05-23,17350.0,18040.0,17320.0,17970.0,329856466630,18358383,2626,17190.0,18040.0,66.05190827729595,598.2308900587886,600.2649280008184,19389.81567961331,14290.184320386688,16840.0,14553.6,0.9834213711368807,0.1578947368421053,0.12749999999999995,0.04277456647398847,47950.0,8210.0,-0.6237747653806048,1.197320341047503,1.0712589073634204,1.239555848724714,-0.0687361419068736,0
2023-05-24,18800.0,18800.0,17910.0,18110.0,188204920820,10393688,1752,17970.0,18020.0,65.83846560940515,658.3827208699404,611.8884865746428,19508.2224693051,14311.7775306949,16910.0,14710.8,0.6003777462124257,0.10214067278287464,0.14122862571247619,-0.0011086474501108556,47950.0,8210.0,-0.6241918665276329,1.194884287454324,1.0656416321703135,1.224950376594067,-0.0843507214206437,0
2023-05-27,18100.0,18180.0,17420.0,17740.0,163446910350,9213874,1888,18110.0,17520.0,60.56895096885111,658.1212467662008,621.1350386129544,19520.997695851875,14313.002304148124,16917.0,14857.2,0.5575616309182718,0.024561403508772006,0.20329670329670324,-0.027746947835738056,47950.0,8210.0,-0.6346193952033368,1.1339829476248477,1.0356446178400425,1.1792262337452548,-0.025684931506849362,0
2023-05-28,17050.0,17300.0,16860.0,16880.0,195524654640,11581633,1732,17740.0,17100.0,56.47966926967818,616.9121574055353,620.2904623714705,19500.754511980274,14306.245488019727,16903.5,14993.0,0.6935263983901151,-0.011560693641618491,0.18339100346020754,-0.023972602739726012,47950.0,8210.0,-0.643378519290928,1.0828258221680878,1.0116248114295856,1.1405322483825786,-0.015789473684210575,0
2023-05-29,17090.0,17350.0,16520.0,17060.0,70025684600,4096568,1157,16880.0,17010.0,55.61320078566436,570.4160086767479,610.315571632526,19318.498745231944,14337.501254768056,16828.0,15124.6,0.2589752494511684,-0.01676300578034684,0.1454545454545455,-0.0052631578947368585,47950.0,8210.0,-0.6452554744525547,1.071863580998782,1.0108153078202995,1.1246578421908677,-0.013521457965902428,0
2023-05-30,17320.0,17320.0,16710.0,16950.0,75260473090,4442654,1472,17060.0,16800.0,53.54890150737267,510.73479803536975,590.3994169130948,19088.03466584436,14385.96533415564,16737.0,15242.0,0.28498128674389184,-0.0687361419068736,0.07830551989730417,-0.012345679012345734,47950.0,8210.0,-0.6496350364963503,1.046285018270402,1.0037641154328734,1.1022175567510826,-0.05238095238095242,0
2023-05-31,16950.0,16950.0,16220.0,16680.0,49949130630,3023147,1300,16950.0,16500.0,50.65613447841718,434.224051258956,559.164343782267,18797.032423163015,14455.967576836985,16626.5,15348.6,0.19976853681509021,-0.0843507214206437,0.00917431192660545,-0.017857142857142905,47950.0,8210.0,-0.6558915537017727,1.0097442143727162,0.9923916639100232,1.0750166138931239,-0.042424242424242475,0
2023-06-03,17200.0,17200.0,16200.0,16910.0,48385562610,2834511,1020,16680.0,17070.0,55.56749663349204,414.80139721750675,530.291754469315,18650.018072210918,14499.981927789082,16575.0,15458.6,0.1915966255683079,-0.025684931506849362,-0.0017543859649122862,0.034545454545454435,47950.0,8210.0,-0.6440041710114702,1.079171741778319,1.029864253393665,1.1042397112287012,-0.10544815465729351,0
2023-06-06,16610.0,17280.0,16610.0,16900.0,49889813950,2951765,1155,16910.0,16830.0,53.16789406036794,375.71183753013247,499.37577108147855,18585.4162158212,14503.583784178803,16544.5,15570.2,0.23241480785697977,-0.015789473684210575,-0.027167630057803427,-0.01405975395430581,47950.0,8210.0,-0.6490093847758082,1.0499390986601704,1.0172564900722294,1.0809109709573415,-0.07367795603089722,0
2023-06-07,16490.0,17090.0,16390.0,16750.0,54965648060,3295274,1225,16900.0,16780.0,52.65771347220251,336.81589375762996,466.86379561670884,18589.6153248536,14505.384675146403,16547.5,15688.2,0.262537794331784,-0.013521457965902428,-0.030057803468208077,-0.0029708853238265,47950.0,8210.0,-0.6500521376433785,1.0438489646772229,1.014050460794682,1.06959370737242,-0.040524433849821184,0
2023-06-10,15940.0,16100.0,15920.0,15920.0,189881651900,11924750,1333,16750.0,15920.0,44.71077579099507,233.89951736883086,420.2709399671333,18590.197583914614,14496.802416085386,16543.5,15784.8,0.9466016152632625,-0.05238095238095242,-0.1175166297117517,-0.0512514898688915,47950.0,8210.0,-0.6679874869655892,0.9390986601705238,0.962311481850878,1.0085652019664488,0.00628140703517599,0
2023-06-11,15330.0,16200.0,15330.0,15890.0,73488583740,4625581,2113,15920.0,15800.0,43.719308094878066,141.02885760701975,364.4225234951106,18589.96578661568,14498.03421338432,16544.0,15871.4,0.44472617901222333,-0.042424242424242475,-0.123196448390677,-0.007537688442211032,47950.0,8210.0,-0.670490093847758,0.9244823386114495,0.9550290135396519,0.9955013420366193,-0.013924050632911356,0
2023-06-12,15500.0,16050.0,15100.0,15230.0,97297311110,6386577,1274,15890.0,15270.0,39.54801800840936,24.380575940562267,296.414133984201,18507.78913807082,14651.210861929178,16579.5,15942.4,0.6471301446422548,-0.10544815465729351,-0.1284246575342466,-0.03354430379746831,47950.0,8210.0,-0.6815432742440042,0.8599269183922046,0.9210169184836696,0.9578231633881975,0.003929273084479323,0
2023-06-13,15110.0,15700.0,15110.0,15340.0,36591909280,2369517,706,15230.0,15590.0,43.07925205686248,-41.76130372336411,228.77904644268796,18366.867302049453,14906.132697950545,16636.5,16017.2,0.25113026887290046,-0.07367795603089722,-0.08830409356725144,0.02095612311722328,47950.0,8210.0,-0.6748696558915537,0.8989037758830695,0.9370961440206774,0.9733286716779461,0.008980115458627314,0
2023-06-14,15600.0,16100.0,15400.0,16030.0,156013397610,9730018,1180,15340.0,16100.0,48.266019055835066,-52.42219173671583,172.5387988068072,18247.481837155963,15150.518162844037,16699.0,16098.2,1.0111034120988016,-0.040524433849821184,-0.053497942386831254,0.03271327774214239,47950.0,8210.0,-0.6642335766423357,0.9610231425091352,0.9641295885981197,1.0001118137431513,-0.03105590062111796,0
2023-06-17,16280.0,16440.0,16000.0,16140.0,41571968100,2559014,944,16030.0,16020.0,47.534310996817474,-66.55910181285435,124.7192186828749,18216.87298926142,15225.127010738579,16721.0,16174.6,0.2692440769796695,0.00628140703517599,-0.046428571428571375,-0.004968944099378869,47950.0,8210.0,-0.6659019812304484,0.951278928136419,0.9580766700556187,0.9904418038158594,-0.031210986267166008,0
2023-06-18,16010.0,16100.0,15340.0,15780.0,46361224120,2979178,984,16140.0,15580.0,43.617732659325824,-111.976235327631,77.38012788077371,18252.39012354429,15112.60987645571,16682.5,16230.4,0.3165139117906122,-0.013924050632911356,-0.055757575757575784,-0.027465667915106073,47950.0,8210.0,-0.6750782064650678,0.8976857490864799,0.9339127828562865,0.9599270504731862,-0.005134788189987138,0
2023-06-19,15420.0,16100.0,15300.0,15840.0,41290506660,2598916,890,15780.0,15330.0,41.52423137296637,-166.226397080487,28.65882288852157,18256.593155285416,14931.406844714586,16594.0,16276.0,0.3798869258302788,0.003929273084479323,-0.10193321616871709,-0.016046213093709905,47950.0,8210.0,-0.6802919708029197,0.8672350791717418,0.9238278895986501,0.9418776112066847,0.06914546640574049,1
2023-06-20,15300.0,15840.0,15250.0,15680.0,49719394860,3187358,741,15840.0,15730.0,45.99088117133031,-174.92693523921662,-12.058328737026066,18185.583530845663,14845.416469154336,16515.5,16320.8,0.5007857423034698,0.008980115458627314,-0.065359477124183,0.02609262883235486,47950.0,8210.0,-0.6719499478623566,0.9159561510353228,0.9524386182676879,0.9638007940787217,0.05467260012714559,1
2023-06-21,15410.0,16100.0,15410.0,15630.0,71165477440,4554489,1100,15680.0,15600.0,44.79334805106045,-190.1204972127016,-47.67076243216117,18105.259385703488,14755.740614296512,16430.5,16363.2,0.752143633110237,-0.03105590062111796,-0.07032181168057206,-0.008264462809917328,47950.0,8210.0,-0.6746611053180396,0.9001218026796589,0.9494537597760263,0.9533587562334995,0.08910256410256401,1
2023-06-24,15720.0,15870.0,15250.0,15610.0,31863461320,2045822,963,15630.0,15520.0,44.03349385319751,-206.23943611258073,-79.38449716824508,17850.14517273595,14758.854827264051,16304.5,16395.6,0.39044515517413375,-0.031210986267166008,-0.025125628140703515,-0.00512820512820511,47950.0,8210.0,-0.6763295099061523,0.8903775883069428,0.9518844490784752,0.9465954280416699,0.08634020618556693,1
2023-06-25,15410.0,15890.0,15370.0,15610.0,47583887310,3049568,1005,15610.0,15500.0,43.8333023569161,-218.1133690271563,-107.13027154002732,17544.65189492309,14812.34810507691,16178.5,16420.2,0.6258719965458465,-0.005134788189987138,-0.01898734177215189,-0.0012886597938144284,47950.0,8210.0,-0.6767466110531803,0.8879415347137637,0.9580616249961369,0.9439592696800282,0.07612903225806456,1
2023-06-26,15350.0,16390.0,15350.0,16340.0,121957889940,7463668,906,15610.0,16390.0,53.8813894058405,-153.93353448413473,-116.4909241288488,17347.81564682539,14896.184353174607,16122.0,16454.0,1.5598050942691666,0.06914546640574049,0.07334643091028159,0.057419354838709635,47950.0,8210.0,-0.6581856100104275,0.9963459196102314,1.0166232477360129,0.9961103682995016,0.020134228187919545,0
2023-06-27,16650.0,17120.0,16130.0,16660.0,135984552890,8162287,1741,16340.0,16590.0,55.79519850826767,-85.94154406456983,-110.38104811599302,17259.483662826766,14933.516337173236,16096.5,16491.0,1.7690135339514579,0.05467260012714559,0.06414368184733799,0.01220256253813301,47950.0,8210.0,-0.654014598540146,1.020706455542022,1.030658838878017,1.006003274513371,0.003013863773357439,0
2023-06-28,16790.0,17490.0,16420.0,17240.0,148832731220,8633538,1937,16660.0,16990.0,59.422030142821136,0.2167566238586005,-88.26148716802271,17255.370251365195,14935.629748634807,16095.5,16521.8,1.7834639872208402,0.08910256410256401,0.055279503105590155,0.024110910186859513,47950.0,8210.0,-0.6456725755995829,1.0694275274056029,1.055574539467553,1.028338316648307,-0.004708652148322501,0
2023-07-01,17340.0,17500.0,16670.0,17040.0,104049141030,6107031,1367,17240.0,16860.0,57.76329162991385,57.34685822734173,-59.13981808894982,17265.929226977787,14931.070773022211,16098.5,16538.2,1.2402328226265165,0.08634020618556693,0.05243445692883886,-0.007651559741024161,47950.0,8210.0,-0.6483837330552659,1.053593179049939,1.047302543715253,1.0194579821262288,0.008303677342823335,0
2023-07-02,16860.0,17000.0,16460.0,16690.0,116279348450,6966894,1624,17040.0,16680.0,55.45502902360066,87.09440953232115,-29.89297256469563,17289.851470588146,14925.148529411852,16107.5,16542.6,1.3603793170928609,0.07612903225806456,0.0706033376123234,-0.010676156583629859,47950.0,8210.0,-0.6521376433785193,1.0316686967113275,1.0355424491696414,1.0083058285880093,-0.007793764988009544,0
2023-07-03,16510.0,17100.0,16500.0,16760.0,82727729070,4935822,1090,16690.0,16720.0,55.8769883593827,112.59924990480249,-1.394528070796003,17224.231017033988,14955.76898296601,16090.0,16541.6,0.944410312402624,0.020134228187919545,0.09067188519243308,0.0023980815347721673,47950.0,8210.0,-0.651303441084463,1.0365408038976858,1.0391547545059043,1.0107849301155876,-0.02631578947368418,0
2023-07-04,16630.0,17360.0,16610.0,16920.0,99641237370,5890618,1334,16760.0,16640.0,54.759744410468926,124.91672598119294,23.867722739601785,17192.749522365353,14968.250477634645,16080.5,16547.2,1.0962764753700522,0.003013863773357439,0.05785123966942152,-0.004784688995215336,47950.0,8210.0,-0.6529718456725756,1.0267965895249695,1.0347936942259257,1.0056081995745503,-0.06610576923076927,0
2023-07-05,16850.0,17300.0,16720.0,16920.0,81120948420,4794199,927,16920.0,16910.0,57.82474918318626,154.68207930621247,50.030594052923924,17216.904420737417,14957.095579262583,16087.0,16561.4,0.8799533464210406,-0.004708652148322501,0.0839743589743589,0.016225961538461453,47950.0,8210.0,-0.6473409801876955,1.0596833130328867,1.0511593211910237,1.0210489451374882,-0.08870490833826139,0
2023-07-08,16900.0,17460.0,16700.0,17010.0,67982801080,3992621,1206,16920.0,17000.0,58.82611189165423,183.4192412639204,76.70832349512322,17335.217735591777,14946.782264408223,16141.0,16583.4,0.790362005115254,0.008303677342823335,0.09536082474226815,0.0053222945002957545,47950.0,8210.0,-0.6454640250260688,1.0706455542021924,1.0532185118641968,1.025121507049218,-0.09235294117647064,0
2023-07-09,17280.0,17280.0,16400.0,16800.0,54235524880,3249058,870,17010.0,16550.0,52.15791179958457,167.94642808247954,94.95594441259449,17374.631681714833,14982.36831828517,16178.5,16582.0,0.6520534052509912,-0.007793764988009544,0.06774193548387086,-0.026470588235294135,47950.0,8210.0,-0.6548488008342023,1.0158343483556638,1.0229625737861978,0.9980701965987215,-0.06586102719033238,0
2023-07-10,16220.0,16620.0,16060.0,16350.0,78806709450,4821243,1427,16800.0,16280.0,48.5983545870912,132.3714727057668,102.43905007122895,17350.390208625857,15107.609791374141,16229.0,16560.0,0.983015756850493,-0.02631578947368418,-0.006711409395973145,-0.01631419939577039,47950.0,8210.0,-0.6604796663190824,0.9829476248477467,1.0031425226446484,0.9830917874396136,-0.060810810810810856,0
2023-07-11,16020.0,16560.0,15540.0,15700.0,134233757090,8550736,1284,16350.0,15540.0,40.450358745554844,43.9595108270787,90.7431422223989,17353.78479099203,15099.215209007969,16226.5,16523.4,1.64008163335922,-0.06610576923076927,-0.06329113924050633,-0.045454545454545414,47950.0,8210.0,-0.6759124087591241,0.8928136419001218,0.9576926632360645,0.9404844039362358,0.018018018018018056,0
2023-07-12,15190.0,15700.0,14920.0,15100.0,109731347460,7265343,1313,15700.0,15410.0,39.206742714051565,-36.180453731176385,65.35842303168384,17373.585375672003,15010.414624327997,16192.0,16461.2,1.4272720422894982,-0.08870490833826139,-0.0929958799293702,-0.008365508365508312,47950.0,8210.0,-0.6786235662148071,0.876979293544458,0.9517045454545454,0.9361407430806988,-0.4419208306294614,0
2023-07-15,15420.0,15650.0,15010.0,15240.0,49617915840,3241201,773,15100.0,15430.0,39.51483733356452,-96.96042079270046,32.89465426680698,17388.41802336125,14936.58197663875,16162.5,16397.4,0.6324937000918825,-0.09235294117647064,-0.08481613285883749,0.0012978585334197934,47950.0,8210.0,-0.6782064650677789,0.879415347137637,0.9546790409899458,0.9410028419139619,-0.4705119896305897,0
2023-07-16,14980.0,15690.0,14980.0,15310.0,122504990410,8001522,1170,15240.0,15460.0,40.005985544503794,-141.0819286523838,-1.9006623170311734,17394.874337590194,14918.125662409806,16156.5,16332.4,1.4884900126529208,-0.06586102719033238,-0.07314148681055155,0.0019442644199612058,47950.0,8210.0,-0.6775808133472367,0.8830694275274056,0.9568904156221955,0.9465847027993437,-0.4695989650711514,0
2023-07-17,15290.0,15520.0,14550.0,15110.0,153919318700,10186354,1363,15310.0,15290.0,38.11714031204165,-187.60354388544147,-39.04123863071323,17398.3243445125,14910.6756554875,16154.5,16276.2,1.7700103524457111,-0.060810810810810856,-0.08552631578947367,-0.01099611901681763,47950.0,8210.0,-0.681126173096976,0.8623629719853837,0.946485499396453,0.9394084614344871,-0.4623937213865271,0
2023-07-18,15370.0,15850.0,15370.0,15680.0,90472184590,5768257,1127,15110.0,15820.0,46.58453906879961,-179.63496842546738,-67.15998458966406,17397.28752719308,14920.712472806921,16159.0,16243.8,0.9803269402736164,0.018018018018018056,-0.049278846153846145,0.03466317854807066,47950.0,8210.0,-0.67007299270073,0.9269183922046285,0.9790209790209791,0.9739100456789668,-0.48925410872313524,0
2023-08-09,9030.0,9030.0,8480.0,8600.0,31591158260,3671435,773,8600.0,8600.0,15.490167997827541,-747.2990763308935,-203.18780293790996,19331.57803320267,12286.42196679733,15809.0,16081.4,0.628685356432765,-0.4419208306294614,-0.4914251921939681,-0.4563843236409608,47950.0,8210.0,-0.8206465067778936,0.047503045066991476,0.5439939275096464,0.534779310259057,-0.06744186046511624,0
2023-08-12,8500.0,8500.0,8170.0,8180.0,79455987610,9710476,857,8600.0,8170.0,14.854242237911194,-1217.835923535078,-406.1174270573436,20291.49907216507,10591.500927834932,15441.5,15924.8,1.5603937048318999,-0.4705119896305897,-0.5194117647058824,-0.050000000000000044,47950.0,8170.0,-0.829614181438999,0.0,0.5290936761325001,0.5130362704712147,-0.046511627906976716,0
2023-08-13,7840.0,8280.0,7840.0,8170.0,17620583580,2167875,588,8180.0,8200.0,15.116068531738009,-1570.218514096363,-638.9376444651475,20862.411423449383,9290.588576550617,15076.5,15773.0,0.35084510074099423,-0.4695989650711514,-0.5045317220543807,0.003671970624234966,47950.0,8170.0,-0.8289885297184567,0.0036719706242350062,0.5438928133187411,0.5198757370189564,-0.024390243902439046,0
2023-08-14,8250.0,8400.0,8170.0,8200.0,16926038350,2041107,444,8170.0,8220.0,15.303055530373996,-1826.8120706432783,-876.5125297007737,21138.436152223596,8197.563847776404,14668.0,15646.2,0.3454888566346087,-0.4623937213865271,-0.49508599508599505,0.0024390243902439046,47950.0,8170.0,-0.8285714285714286,0.006119951040391677,0.560403599672757,0.5253671818077232,-0.021897810218978075,0
2023-08-15,7880.0,8150.0,7800.0,8160.0,11596645100,1451221,385,8200.0,8080.0,15.053081970745254,-2018.1966283863803,-1104.8493494378952,21248.48850983943,7236.511490160569,14242.5,15518.8,0.26043354181503564,-0.48925410872313524,-0.48005148005148,-0.01703163017031628,47950.0,8080.0,-0.8314911366006257,0.0,0.567316131297174,0.5206588138258113,-0.013613861386138626,0
2023-08-16,8340.0,8340.0,7960.0,8120.0,17238146040,2148030,584,8160.0,8020.0,14.940443355218008,-2149.928727719167,-1313.8652250941495,21177.320120379594,6410.679879620405,13794.0,15382.2,0.4093004296841829,-0.06744186046511624,-0.4795587280986372,-0.007425742574257432,47950.0,8020.0,-0.8327424400417102,0.0,0.5814122082064666,0.5213818569515414,0.02244389027431426,0
2023-08-19,8220.0,8220.0,7790.0,8080.0,13844952200,1742961,537,8120.0,7790.0,14.492756701292706,-2246.9846035187074,-1500.4891007790611,21022.9669865872,5658.033013412802,13340.5,15226.4,0.3465235479799178,-0.046511627906976716,-0.4951393389500972,-0.028678304239401542,47950.0,7790.0,-0.8375391032325339,0.0,0.5839361343277988,0.5116114117585246,0.08600770218228493,1
2023-08-20,8050.0,8070.0,7980.0,8050.0,24025134370,2999224,570,8080.0,8000.0,16.940008666869943,-2280.6667329511856,-1656.5246272134862,20764.01939227656,5048.980607723438,12906.5,15059.4,0.6207690435270965,-0.024390243902439046,-0.48253557567917205,0.02695763799743256,47310.0,7790.0,-0.8309025575988164,0.026957637997432605,0.6198427149110913,0.5312296638644302,0.0787500000000001,1
2023-08-21,8000.0,8140.0,8000.0,8050.0,14753853010,1831262,446,8050.0,8040.0,17.42479550307496,-2277.8744784273294,-1780.794597456255,20398.10376249042,4546.896237509582,12472.5,14878.2,0.3916101645956942,-0.021897810218978075,-0.474166121648136,0.004999999999999893,45190.0,7790.0,-0.8220845319761009,0.03209242618741977,0.6446181599518942,0.5403879501552606,0.06343283582089554,1
2023-08-22,7950.0,8190.0,7870.0,8040.0,4818796610,607509,362,8050.0,7970.0,17.23521296927717,-2255.312176695792,-1875.6981133041625,19953.821286674913,4124.178713325088,12039.0,14691.6,0.13769214654388653,-0.013613861386138626,-0.4962073324905183,-0.008706467661691586,45190.0,7790.0,-0.8236335472449657,0.023106546854942234,0.662015117534679,0.5424868632415802,0.06022584692597244,1
2023-08-23,8200.0,8210.0,8010.0,8060.0,13403943250,1642342,403,8040.0,8200.0,20.30342093246712,-2193.58601805489,-1939.275694254308,19355.14569623782,3851.8543037621785,11603.5,14509.6,0.38602569142941817,0.02244389027431426,-0.046511627906976716,0.028858218318695172,45190.0,7790.0,-0.8185439256472671,0.05263157894736842,0.7066833283061146,0.5651430776864972,0.029268292682926855,0
2023-08-26,8110.0,8460.0,8110.0,8400.0,61039554860,7234378,689,8060.0,8460.0,23.744848053942007,-2099.4861955521337,-1971.3177945138732,18627.041658161666,3725.9583418383345,11176.5,14318.0,1.6380057432264223,0.08600770218228493,0.03549571603427171,0.03170731707317076,45130.0,7790.0,-0.8125415466430312,0.08600770218228498,0.7569453764595356,0.5908646459002654,-0.01891252955082745,0
2023-08-27,8580.0,8810.0,8520.0,8510.0,31791713400,3675245,613,8400.0,8630.0,25.995042092565797,-1988.2742412203206,-1974.7090838551628,17880.171752975795,3680.828247024203,10780.5,14130.2,0.828152178445411,0.0787500000000001,0.05243902439024395,0.02009456264775422,45130.0,7790.0,-0.8087746510081986,0.10783055198973042,0.8005194564259542,0.6107486093615093,-0.01390498261877171,0
2023-08-28,8760.0,8760.0,8500.0,8550.0,30032933080,3487926,701,8510.0,8550.0,25.61202301032938,-1884.865738638755,-1956.7404148118812,17083.8382641139,3704.1617358861013,10394.0,13950.8,0.7979296032718736,0.06343283582089554,0.04014598540145986,-0.009269988412514474,45130.0,7790.0,-0.8105473077775316,0.0975609756097561,0.8225899557436983,0.6128680792499355,-0.025730994152046827,0
2023-08-29,8520.0,8700.0,8350.0,8530.0,18314713280,2161540,689,8550.0,8450.0,25.113897594017686,-1790.3449376003337,-1923.4613193695718,16341.15208496966,3737.8479150303383,10039.5,13777.8,0.533481693537456,0.06022584692597244,0.04579207920792072,-0.011695906432748537,45130.0,7790.0,-0.8127631287391979,0.08472400513478819,0.8416753822401514,0.6133054624105445,-0.016568047337278125,0
2023-08-30,8400.0,8490.0,8320.0,8500.0,15445070570,1836297,756,8530.0,8440.0,25.06140658223198,-1696.6851084380341,-1878.1060771832645,15519.227517865318,3862.772482134682,9691.0,13606.4,0.48575326439662414,0.029268292682926855,0.052369077306733125,-0.0011834319526626835,45130.0,7790.0,-0.8129847108353645,0.0834403080872914,0.8709111546795997,0.6202963311382879,-0.013033175355450233,0
2023-09-02,8360.0,8360.0,8130.0,8490.0,1753615410,213693,31,8500.0,8300.0,24.29578446594465,-1615.1375487417845,-1825.5123714949686,14555.574506268087,4113.425493731912,9334.5,13436.4,0.05888590879626949,-0.01891252955082745,0.06546854942233638,-0.016587677725118488,45130.0,7790.0,-0.8160868601816973,0.06546854942233633,0.8891745674647812,0.6177249858593076,-0.0060240963855421326,0
2023-09-04,8500.0,8700.0,8340.0,8480.0,47805594780,5640010,932,8490.0,8510.0,27.856069510086513,-1516.088747854501,-1763.6276467668752,13392.47432179585,4581.525678204151,8987.0,13276.6,1.6064481804172548,-0.01390498261877171,0.06374999999999997,0.025301204819277112,45130.0,7790.0,-0.8114336361621981,0.09242618741976893,0.9469233337042394,0.640977358661103,-0.002350176263219761,0
2023-09-05,8350.0,8690.0,8270.0,8440.0,35610231410,4240496,984,8480.0,8330.0,26.697113612552116,-1435.5680206880588,-1698.0157215511122,11965.342736400238,5312.657263599762,8639.0,13101.8,1.3195616256865197,-0.025730994152046827,0.03606965174129351,-0.021151586368977626,45130.0,7790.0,-0.8154221138931974,0.0693196405648267,0.9642319712929738,0.6357905020684181,0.01200480192076836,0
2023-09-09,8340.0,8550.0,8200.0,8420.0,18802278950,2248887,627,8440.0,8310.0,26.564863262252416,-1357.7176729572202,-1629.9561118323338,8720.50218818148,7806.497811818522,8263.5,12931.4,0.7403509953612325,-0.016568047337278125,0.042659974905897124,-0.0024009603841537164,45130.0,7790.0,-0.8158652780855307,0.06675224646983312,1.0056271555636231,0.642621835222791,0.025270758122743597,0
2023-09-10,8310.0,8550.0,8300.0,8420.0,23626167150,2808938,596,8420.0,8330.0,26.954545312488833,-1279.6558031059121,-1559.8960500870496,8681.694336310613,7818.305663689387,8250.0,12762.4,0.9380415240976548,-0.013033175355450233,0.01585365853658538,0.002406738868832692,45130.0,7790.0,-0.8154221138931974,0.0693196405648267,1.0096969696969698,0.6526985519964897,0.027611044417767072,0
2023-09-11,8320.0,8400.0,8240.0,8370.0,23905328150,2883093,573,8420.0,8250.0,26.352169474877783,-1210.2950127311742,-1489.9758426158746,8684.134862575287,7823.865137424714,8254.0,12609.0,1.08668770594056,-0.0060240963855421326,-0.024822695035460973,-0.009603841536614643,45130.0,7790.0,-0.8171947706625304,0.059050064184852376,0.9995153864792827,0.6542945515108256,0.023030303030302957,0
2023-09-12,8230.0,8780.0,8230.0,8460.0,34654688340,4058413,734,8370.0,8490.0,31.31152609106887,-1123.0146782469074,-1416.583609742081,8709.783355682785,7827.2166443172155,8268.5,12462.8,1.4770602547957172,-0.002350176263219761,-0.016222479721900385,0.029090909090909056,45130.0,7790.0,-0.8118768003545314,0.08985879332477535,1.0267884138598296,0.681227332541644,-0.036513545347467646,0
2023-09-13,8360.0,8700.0,8360.0,8460.0,11968066640,1413088,414,8460.0,8430.0,30.753966602785738,-1046.6210865199537,-1342.5911050976556,8725.134508867739,7832.865491132262,8279.0,12326.0,0.5202391633116613,0.01200480192076836,-0.01403508771929829,-0.007067137809187329,45130.0,7790.0,-0.8132062929315311,0.0821566110397946,1.0182389177436888,0.6839201687489859,-0.029655990510083052,0
2023-09-17,8430.0,8690.0,8410.0,8470.0,11582385000,1359631,481,8460.0,8520.0,32.69012854492749,-967.6617643803747,-1267.6052369541997,8749.102666810471,7852.897333189529,8301.0,12184.6,0.5014039155485567,0.025270758122743597,0.008284023668639007,0.01067615658362997,45130.0,7790.0,-0.8112120540660315,0.09370988446726572,1.0263823635706542,0.6992433071253877,-0.06103286384976525,0
2023-09-18,8620.0,8630.0,8380.0,8470.0,13401402660,1578408,454,8470.0,8560.0,33.57903109102094,-891.580679919105,-1192.4003255471807,8770.158342681278,7885.841657318722,8328.0,12033.8,0.5882630378902425,0.027611044417767072,0.014218009478673022,0.0046948356807512415,45130.0,7790.0,-0.810325725681365,0.09884467265725289,1.0278578290105667,0.7113297545247553,-0.06542056074766356,0
2023-09-19,8470.0,8590.0,8440.0,8470.0,17032212650,2009019,364,8470.0,8440.0,32.204975510366395,-831.3851786469513,-1120.197296167135,8729.144815510337,7991.855184489662,8360.5,11882.2,0.7450552156162541,0.023030303030302957,0.01686746987951815,-0.014018691588784993,45130.0,7790.0,-0.8129847108353645,0.0834403080872914,1.0095090006578553,0.7103061722576627,-0.05924170616113744,0
2023-09-20,8420.0,8420.0,8100.0,8280.0,58387658480,7070132,1006,8470.0,8180.0,29.39804668623887,-795.4897268964378,-1055.2557823129955,8710.233033330569,8028.766966669432,8369.5,11734.2,2.437963647330349,-0.036513545347467646,-0.03877790834312578,-0.03080568720379151,45130.0,7790.0,-0.8187458453356968,0.05006418485237484,0.9773582651293387,0.6971076000068176,-0.04523227383863082,0
2023-09-23,8150.0,8270.0,8100.0,8220.0,34201618420,4189527,787,8280.0,8180.0,29.39804668623887,-758.3010997198653,-995.8648457943696,8694.888127923528,8058.111872076471,8376.5,11591.2,1.388212762886438,-0.029655990510083052,-0.01800720288115243,0.0,45130.0,7790.0,-0.8187458453356968,0.05006418485237484,0.9765415149525458,0.7057077783145834,-0.028117359413202925,0
2023-09-25,8240.0,8300.0,7960.0,8070.0,51069836590,6357957,1026,8220.0,8000.0,27.47531107869122,-734.8820772912713,-943.6682920937499,8688.908346627506,8067.091653372494,8378.0,11436.6,1.9234764030687492,-0.06103286384976525,-0.03730445246690739,-0.022004889975550168,45130.0,7790.0,-0.8227343230666962,0.026957637997432605,0.95488183337312,0.6995085952118636,-0.012499999999999956,0
2023-09-26,7950.0,8120.0,7950.0,8040.0,26637306870,3327022,646,8070.0,8000.0,27.47531107869122,-708.1591158182564,-896.5664568386512,8712.24409944493,8023.755900555071,8368.0,11284.6,0.9815136214722017,-0.06542056074766356,-0.03961584633853543,0.0,45130.0,7790.0,-0.8227343230666962,0.026957637997432605,0.9560229445506692,0.7089307551884869,0.00374999999999992,0
2023-09-27,8010.0,8010.0,7840.0,8010.0,22366706010,2815504,740,8040.0,7940.0,26.7977513902095,-683.9384580736623,-854.0408570856534,8730.257646418782,7953.742353581217,8342.0,11133.0,0.8885244118855649,-0.05924170616113744,-0.037575757575757596,-0.007499999999999951,45130.0,7790.0,-0.824063815643696,0.019255455712451863,0.9518101174778231,0.7131950058384982,-0.010075566750629705,0
2023-09-30,8050.0,8050.0,7780.0,7940.0,34350148330,4360138,976,8010.0,7810.0,25.339667096923577,-667.5383591789096,-816.7403575043047,8729.994172457687,7872.0058275423125,8301.0,10979.2,1.361272908487157,-0.04523227383863082,-0.08009422850412251,-0.016372795969773257,45130.0,7790.0,-0.8269443828938622,0.0025673940949935813,0.9408504999397663,0.7113450888953657,-0.01920614596670933,0
2023-10-01,7830.0,8000.0,7800.0,7930.0,21069205710,2666574,608,7940.0,7950.0,29.7713431533996,-635.9139129316945,-780.5750685897827,8709.948744163437,7832.051255836563,8271.0,10810.4,0.8433405625417241,-0.028117359413202925,-0.05693950177935947,0.017925736235595346,45130.0,7790.0,-0.8238422335475294,0.02053915275994865,0.961189698948132,0.7354029453119219,-0.03144654088050314,0
2023-10-02,7900.0,8050.0,7860.0,7930.0,15780641890,1989428,576,7930.0,7900.0,29.10683588703607,-607.8786469211227,-746.0357842560509,8702.598028750572,7784.401971249428,8243.5,10636.6,0.6309009469485702,-0.012499999999999956,-0.07276995305164324,-0.0062893081761006275,45130.0,7790.0,-0.8249501440283625,0.014120667522464698,0.9583308060896464,0.7427185378786454,-0.029113924050632956,0
2023-10-04,7890.0,8070.0,7830.0,7950.0,33304096290,4175568,549,7930.0,8030.0,33.27683511997168,-568.6159325604613,-710.551813916933,8681.785352864128,7764.214647135871,8223.0,10457.4,1.2768242243017816,0.00374999999999992,-0.06191588785046731,0.016455696202531733,45090.0,7790.0,-0.8219117320913728,0.03080872913992298,0.9765292472333699,0.7678772926348806,-0.04732254047322537,0
2023-10-07,7910.0,8140.0,7820.0,7940.0,24917301370,3146887,727,7950.0,7860.0,30.73117167639515,-544.9358465791984,-677.4286204493861,8684.44182690647,7717.55817309353,8201.0,10277.4,0.920967498366958,-0.010075566750629705,-0.06872037914691942,-0.021170610211706076,45000.0,7790.0,-0.8253333333333334,0.008985879332477536,0.9584197049140348,0.7647848677681126,-0.04834605597964381,0
2023-10-08,7810.0,7810.0,7550.0,7750.0,36352504360,4768243,920,7940.0,7660.0,28.015808700558907,-536.1273934989586,-649.1683750593006,8674.184981362332,7642.815018637668,8158.5,10097.0,1.4135047717361713,-0.01920614596670933,-0.0635696821515892,-0.025445292620865145,45000.0,7660.0,-0.8297777777777777,0.0,0.9388980817552246,0.7586411805486778,-0.04960835509138384,0
2023-10-09,7560.0,7900.0,7510.0,7710.0,18574492590,2434482,603,7750.0,7700.0,29.360161178407395,-519.925586743796,-623.3198173961997,8673.007325960625,7580.992674039376,8127.0,9916.6,0.7415312778271416,-0.03144654088050314,-0.05867970660146704,0.005221932114882533,43800.0,7660.0,-0.8242009132420092,0.005221932114882507,0.9474590869939707,0.7764758082407276,-0.02857142857142858,0
2023-10-10,7650.0,7750.0,7590.0,7690.0,18512488750,2418508,511,7710.0,7670.0,28.92386808218413,-503.6999479841252,-599.3958435137848,8668.67238037287,7521.327619627131,8095.0,9737.2,0.734767560841044,-0.029113924050632956,-0.04125000000000001,-0.003896103896103842,43800.0,7660.0,-0.8248858447488584,0.0013054830287206266,0.9474984558369364,0.7877007764038942,-0.0325945241199479,0
2023-10-11,7800.0,7820.0,7600.0,7690.0,14615934890,1905625,481,7690.0,7650.0,28.618544136119425,-486.8428241925394,-576.8852396495358,8655.168326320645,7466.831673679354,8061.0,9552.0,0.5870031729514112,-0.04732254047322537,-0.043749999999999956,-0.0026075619295958807,42610.0,7650.0,-0.8204646796526637,0.0,0.9490137700037217,0.8008793969849246,-0.04183006535947709,0
2023-10-14,7600.0,7750.0,7450.0,7610.0,23382584010,3120028,453,7690.0,7480.0,26.096829962296226,-481.64886311146984,-557.8379643419227,8660.837684930695,7384.162315069304,8022.5,9361.6,0.9575898612523057,-0.04834605597964381,-0.057934508816120944,-0.022222222222222254,42610.0,7480.0,-0.8244543534381601,0.0,0.9323776877531942,0.799008716458725,-0.010695187165775444,0
2023-10-15,7230.0,7470.0,7230.0,7350.0,45031849700,6191053,1028,7610.0,7280.0,23.476003604476276,-488.04506040565775,-543.8793835546697,8639.778724955782,7284.221275044218,7962.0,9176.2,1.8399243280759974,-0.04960835509138384,-0.06786171574903965,-0.0267379679144385,42610.0,7280.0,-0.8291480873034499,0.0,0.9143431298668676,0.7933567271855452,0.019230769230769162,0
2023-10-16,7110.0,7480.0,7110.0,7360.0,16368862440,2212555,486,7350.0,7480.0,30.944504248247156,-471.5401430674201,-529.4115354572199,8587.566861465257,7241.433138534744,7914.5,9000.2,0.6498312999112184,-0.02857142857142858,-0.0591194968553459,0.027472527472527375,42610.0,7280.0,-0.8244543534381601,0.027472527472527472,0.9451007644197359,0.8310926423857247,-0.03743315508021394,0
2023-10-17,7340.0,7560.0,7330.0,7380.0,13657371970,1837907,415,7360.0,7420.0,29.998609439236574,-458.0215879668931,-515.1335459591545,8504.86733726049,7214.13266273951,7859.5,8837.8,0.5360316904671579,-0.0325945241199479,-0.06075949367088607,-0.008021390374331583,41200.0,7280.0,-0.8199029126213592,0.019230769230769232,0.9440804122399644,0.8395754599560977,-0.04851752021563338,0
2023-10-18,7390.0,7590.0,7120.0,7350.0,36433139340,4967204,586,7380.0,7330.0,28.58703319437724,-449.38999536144456,-501.9848358396125,8397.419719397602,7198.580280602398,7798.0,8676.2,1.3804813813518244,-0.04183006535947709,-0.08717310087173102,-0.0121293800539084,41200.0,7280.0,-0.8220873786407767,0.006868131868131868,0.9399846114388305,0.8448399068716719,-0.030013642564802212,0
2023-10-21,7350.0,7530.0,7350.0,7360.0,7045590680,951361,323,7350.0,7400.0,31.29493064610385,-431.92205248980827,-487.9722791696517,8291.651903692002,7200.348096307999,7746.0,8515.6,0.2683454108056724,-0.010695187165775444,-0.058524173027989845,0.009549795361528002,41200.0,7280.0,-0.8203883495145631,0.016483516483516484,0.9553317841466563,0.8689933768612899,-0.08243243243243248,0
2023-10-22,7560.0,7560.0,7300.0,7360.0,24828673440,3369194,543,7360.0,7420.0,32.08729116940202,-411.7187120349381,-472.721565742709,8232.922851476966,7183.077148523034,7708.0,8354.8,1.002665212801503,0.019230769230769162,-0.031331592689295085,0.002702702702702675,41200.0,7280.0,-0.8199029126213592,0.019230769230769232,0.9626362221069019,0.8881122229137742,-0.08221024258760112,0
2023-10-23,7350.0,7350.0,7160.0,7260.0,37544412120,5208942,529,7360.0,7200.0,28.230469822525578,-408.7477904587886,-459.9268106859249,8181.490191298088,7136.509808701912,7659.0,8193.0,1.527007580010489,-0.03743315508021394,-0.06493506493506496,-0.029649595687331498,41200.0,7200.0,-0.8252427184466019,0.0,0.9400705052878966,0.8787989747345295,-0.03194444444444444,0
2023-10-24,7130.0,7200.0,7020.0,7170.0,28590519740,4040552,479,7260.0,7060.0,26.0820085109213,-412.93014203919756,-450.5274769565795,8171.163661196538,7052.836338803462,7612.0,8017.8,1.2261416220107872,-0.04851752021563338,-0.07953063885267275,-0.019444444444444486,41200.0,7060.0,-0.8286407766990291,0.0,0.9274829217025748,0.8805407967272818,-0.03966005665722383,0
2023-10-25,7040.0,7160.0,7040.0,7140.0,22926360790,3228460,374,7170.0,7110.0,28.184123876401642,-407.5125526273896,-441.9244920907416,8137.618408756216,6997.381591243784,7567.5,7988.0,0.981172365218305,-0.030013642564802212,-0.07058823529411762,0.007082152974504208,41200.0,7060.0,-0.8274271844660194,0.007082152974504249,0.9395441030723488,0.8900851276915374,-0.057665260196905765,0
2023-10-28,7050.0,7050.0,6790.0,6830.0,106916540390,15659650,768,7140.0,6790.0,23.565187802702354,-424.1510503517302,-438.3698037429393,8146.364675325968,6873.635324674032,7510.0,7960.4,3.9819911822352334,-0.08243243243243248,-0.09224598930481287,-0.04500703234880454,41200.0,6790.0,-0.8351941747572815,0.0,0.9041278295605859,0.8529722124516357,0.016200294550809957,0
2023-10-29,6700.0,7000.0,6560.0,6830.0,7430250190,1089945,359,6830.0,6810.0,24.39911662360616,-430.7578385932875,-436.847410713009,8149.173417945534,6770.826582054466,7460.0,7932.6,0.28917847757253357,-0.08221024258760112,-0.06456043956043955,0.002945508100147265,41200.0,6790.0,-0.8347087378640776,0.0029455081001472753,0.9128686327077749,0.8584827168897965,-0.002936857562408246,0
2023-10-30,7000.0,7030.0,6880.0,6880.0,17398924760,2493253,390,6830.0,6970.0,30.894777189974846,-418.2616431860379,-433.1302572076148,8093.1700667742125,6728.8299332257875,7411.0,7907.6,0.6630212177836263,-0.03194444444444444,-0.06818181818181823,0.023494860499265746,41200.0,6790.0,-0.8308252427184466,0.026509572901325478,0.9404938604776684,0.8814305225352824,-0.020086083213773365,0
2023-10-31,6880.0,7060.0,6780.0,6880.0,8689598760,1268541,326,6880.0,6780.0,27.83616664242797,-418.86135740330883,-430.27647724675364,8051.146536300181,6658.853463699819,7355.0,7881.6,0.34060297370482356,-0.03966005665722383,-0.08625336927223715,-0.027259684361549463,41200.0,6780.0,-0.8354368932038835,0.0,0.9218218898708361,0.860231425091352,0.03539823008849563,0
2023-11-01,6760.0,6770.0,6560.0,6810.0,17858565170,2672642,404,6880.0,6700.0,26.640256403299162,-420.93963654899653,-428.40910910720226,7967.9196052534435,6609.0803947465565,7288.5,7855.2,0.7323808531042365,-0.057665260196905765,-0.08594815825375168,-0.01179941002949858,41200.0,6700.0,-0.837378640776699,0.0,0.9192563627632572,0.8529381810775029,0.04179104477611939,0
2023-11-04,6800.0,6990.0,6800.0,6840.0,15449480070,2237941,442,6810.0,6900.0,34.245911238696834,-401.81646908138373,-423.0905811020385,7886.45588084849,6594.54411915151,7240.5,7837.4,0.6209940423235524,0.016200294550809957,-0.06756756756756754,0.029850746268656803,41200.0,6700.0,-0.8325242718446602,0.029850746268656716,0.9529728609902631,0.8803940082170107,0.010144927536231974,0
2023-11-05,6850.0,7060.0,6770.0,6840.0,8232177140,1199739,374,6840.0,6790.0,32.26460102071829,-391.0297541813288,-416.67841571789666,7841.270129683779,6552.729870316221,7197.0,7813.2,0.3502499913075315,-0.002936857562408246,-0.08490566037735847,-0.01594202898550723,41200.0,6700.0,-0.8351941747572815,0.013432835820895522,0.9434486591635404,0.8690421338248093,0.032400589101620136,0
2023-11-06,6840.0,6950.0,6740.0,6830.0,26524164380,3889194,652,6840.0,6830.0,33.76525853618955,-374.9315615481664,-408.3290448839506,7773.057099872769,6533.942900127231,7153.5,7789.0,1.1117971631976504,-0.020086083213773365,-0.05138888888888893,0.00589101620029453,41200.0,6700.0,-0.8342233009708738,0.019402985074626865,0.9547773817012651,0.8768776479650789,0.06881405563689613,1
2023-11-07,6710.0,7140.0,6700.0,6890.0,18290390200,2613301,602,6830.0,7020.0,40.50752934557474,-342.8895979575327,-395.241155498667,7695.313503239093,6546.686496760907,7121.0,7770.0,0.7449856063721688,0.03539823008849563,-0.005665722379603388,0.027818448023426035,41200.0,6700.0,-0.829611650485437,0.04776119402985075,0.9858165987923044,0.9034749034749034,0.03988603988603989,0
2023-11-08,6930.0,7130.0,6930.0,6910.0,11966936240,1710044,425,6890.0,6980.0,39.59375674585306,-317.06880485424335,-379.6066853697823,7610.333625547135,6564.666374452865,7087.5,7745.6,0.48885282715326345,0.04179104477611939,-0.01828410689170179,-0.005698005698005715,41200.0,6700.0,-0.8305825242718446,0.041791044776119404,0.9848324514991181,0.9011567857880602,0.04011461318051568,0
2023-11-11,7000.0,7100.0,6870.0,6940.0,20363321450,2915674,423,6910.0,6970.0,39.354742305081864,-294.0232398319604,-362.4899962622179,7554.649977167121,6569.350022832879,7062.0,7715.8,0.835949839236556,0.010144927536231974,0.026509572901325384,-0.0014326647564469885,41200.0,6700.0,-0.8308252427184466,0.04029850746268657,0.9869725290286038,0.9033411959874543,0.021520803443328518,0
2023-11-12,6860.0,7100.0,6860.0,6960.0,14175215600,2019986,376,6940.0,7010.0,40.89179886084379,-269.42602233778416,-343.8772014773312,7531.212129537642,6565.787870462358,7048.5,7683.4,0.6159800512562993,0.032400589101620136,0.029368575624082238,0.0057388809182210565,41200.0,6700.0,-0.8298543689320388,0.04626865671641791,0.9945378449315457,0.9123565088372335,0.015691868758915817,0
2023-11-13,6890.0,7300.0,6890.0,7280.0,259141151610,35620672,1510,6960.0,7300.0,50.65625012853299,-223.9504129353645,-319.89184376893786,7495.678693060917,6583.321306939083,7039.5,7658.4,7.196516822268036,0.06881405563689613,0.04734576757532283,0.041369472182596345,41200.0,6700.0,-0.8228155339805825,0.08955223880597014,1.0370054691384332,0.9532017131515722,-0.04109589041095896,0
2023-11-14,7340.0,7480.0,7230.0,7370.0,153841065780,20875451,2168,7280.0,7300.0,50.65625012853299,-185.7692327718123,-293.0673215695128,7472.329123922703,6594.670876077297,7033.5,7635.4,3.5372603909460087,0.03988603988603989,0.07669616519174038,0.0,41200.0,6700.0,-0.8228155339805825,0.08955223880597014,1.037890097391057,0.9560730282630904,-0.024657534246575352,0
2023-11-15,7210.0,7390.0,7160.0,7280.0,48175135670,6630292,1107,7370.0,7260.0,49.352072181107125,-156.92905762632927,-265.8396687808761,7460.348695830216,6599.651304169784,7030.0,7611.8,1.1078660253624646,0.04011461318051568,0.08358208955223878,-0.005479452054794498,41200.0,6700.0,-0.8237864077669903,0.08358208955223881,1.0327169274537695,0.9537822853989858,-0.015151515151515138,0
2023-11-18,7340.0,7340.0,7100.0,7230.0,20080817610,2808913,666,7280.0,7120.0,44.98652221971645,-143.71320464765904,-241.41437595423267,7414.316457107622,6617.683542892378,7016.0,7588.2,0.46217323944591265,0.021520803443328518,0.03188405797101446,-0.019283746556473802,41200.0,6700.0,-0.8271844660194175,0.0626865671641791,1.014823261117446,0.938298937824517,0.001404494382022392,0
2023-11-19,7110.0,7300.0,6950.0,7170.0,28057190240,3947104,786,7230.0,7120.0,44.98652221971645,-131.72114656297435,-219.47573007598103,7357.757620805456,6644.242379194544,7001.0,7560.4,0.6463759000469466,0.015691868758915817,0.048600883652430094,0.0,41200.0,6700.0,-0.8271844660194175,0.0626865671641791,1.0169975717754607,0.9417491138035025,0.02106741573033699,0
2023-11-20,7170.0,7170.0,6980.0,7120.0,20824303680,2958535,590,7170.0,7000.0,41.3504200860386,-130.3972133449097,-201.6600267297668,7335.899985507061,6646.100014492939,6991.0,7533.8,0.4935832064375702,-0.04109589041095896,0.02489019033674955,-0.016853932584269704,40830.0,6700.0,-0.828557433259858,0.04477611940298507,1.0012873694750393,0.929145982107303,0.04285714285714293,0
2023-11-21,6990.0,7150.0,6970.0,7110.0,24601304520,3467479,580,7120.0,7120.0,46.046723626992055,-118.30128602768218,-184.98827858934987,7342.275752820621,6645.724247179379,6994.0,7510.0,0.5812708973810851,-0.024657534246575352,0.014245014245014342,0.017142857142857126,40300.0,6700.0,-0.8233250620347394,0.0626865671641791,1.0180154418072633,0.948069241011984,0.02528089887640439,0
2023-11-22,7120.0,7250.0,7010.0,7140.0,26565346960,3703755,635,7110.0,7150.0,47.18532205917555,-105.08309469905362,-169.0072418112906,7347.363060099906,6644.636939900094,6996.0,7486.4,0.6184153825774535,-0.015151515151515138,0.024355300859598916,0.004213483146067398,40300.0,6700.0,-0.8225806451612904,0.06716417910447761,1.0220125786163523,0.9550651848685617,0.020979020979021046,0
2023-11-25,7110.0,7240.0,7040.0,7130.0,23884577080,3356002,602,7140.0,7130.0,46.48107930565485,-95.1248753424461,-154.2307685175217,7355.6426710186115,6670.3573289813885,7013.0,7464.0,0.6244975795755471,0.001404494382022392,0.022955523672883782,-0.002797202797202747,40300.0,6700.0,-0.823076923076923,0.06417910447761194,1.0166833024383288,0.9552518756698821,0.032258064516129004,0
2023-11-26,7120.0,7390.0,7080.0,7220.0,33580408590,4606879,858,7130.0,7270.0,51.8936165221249,-75.07071629846632,-138.39875807371064,7382.7794688310805,6689.2205311689195,7036.0,7439.6,0.8301027113764007,0.02106741573033699,0.03708987161198296,0.019635343618513268,40300.0,6700.0,-0.8196029776674938,0.08507462686567165,1.0332575326890279,0.9772030754341631,0.024759284731774356,0
2023-11-27,7280.0,7380.0,7180.0,7250.0,23940118420,3283387,644,7220.0,7300.0,52.99073841365755,-56.11009919793105,-121.94102629855473,7416.141306788386,6688.858693211614,7052.5,7417.0,0.5874440047164959,0.04285714285714293,0.0,0.004126547455295837,40300.0,6700.0,-0.8188585607940446,0.08955223880597014,1.0350939383197448,0.9842254280706485,0.027397260273972712,0
2023-11-28,7280.0,7370.0,7200.0,7260.0,19908637020,2738806,573,7250.0,7300.0,52.99073841365755,-40.61548353001399,-105.67591774484659,7434.773771140625,6722.226228859375,7078.5,7392.6,0.4836495961760756,0.02528089887640439,0.0,0.0,40300.0,6700.0,-0.8188585607940446,0.08955223880597014,1.0312919403828495,0.9874739604469334,0.03013698630136985,0
2023-11-29,7210.0,7400.0,7210.0,7280.0,18992131160,2593121,567,7260.0,7300.0,52.99073841365755,-28.012972866773453,-90.14332876923197,7431.750676724366,6785.249323275634,7108.5,7367.4,0.4582446276836731,0.020979020979021046,0.005509641873278293,0.0,40300.0,6700.0,-0.8188585607940446,0.08955223880597014,1.0269395793768024,0.990851589434536,0.013698630136986356,0
2023-12-02,7310.0,7480.0,7280.0,7330.0,37205567090,5052472,832,7280.0,7360.0,55.524452029943674,-13.033650006777862,-74.72139301674115,7457.584344921307,6805.415655078693,7131.5,7345.8,0.8711849109833757,0.032258064516129004,0.03370786516853941,0.008219178082191858,40300.0,6700.0,-0.8173697270471464,0.09850746268656717,1.0320409451027133,1.0019330774047754,-0.012228260869565188,0
2023-12-03,7330.0,7550.0,7300.0,7360.0,33899290800,4592682,914,7330.0,7450.0,59.08662757296373,6.030305510389553,-58.57105331131501,7479.045704155621,6849.954295844379,7164.5,7331.2,0.7693981866828458,0.024759284731774356,0.0463483146067416,0.012228260869565188,40300.0,6700.0,-0.815136476426799,0.11194029850746269,1.0398492567520412,1.016204714098647,-0.020134228187919434,0
2023-12-04,7350.0,7620.0,7350.0,7490.0,46937069000,6231825,1057,7360.0,7500.0,60.95749849052904,24.886335553635945,-41.87957553832482,7505.545118645627,6890.454881354373,7198.0,7317.6,1.0239070610659744,0.027397260273972712,0.0714285714285714,0.006711409395973256,40300.0,6700.0,-0.8138957816377171,0.11940298507462686,1.0419560989163656,1.0249262053132173,-0.03600000000000003,0
2023-12-05,7530.0,7690.0,7320.0,7520.0,46363562940,6159828,884,7490.0,7520.0,61.711703246590424,40.971415096878445,-25.309377411284167,7549.318862468522,6896.681137531478,7223.0,7308.0,0.9834254105718166,0.03013698630136985,0.05617977528089879,0.002666666666666595,40300.0,6700.0,-0.8133995037220844,0.12238805970149254,1.0411186487609028,1.0290093048713738,-0.03590425531914898,0
2023-12-06,7550.0,7560.0,7310.0,7470.0,29308475440,3949956,733,7520.0,7400.0,54.863578036400966,43.5341251082873,-11.540676907369877,7558.922212622019,6929.077787377981,7244.0,7296.0,0.6195386520315264,0.013698630136986356,0.034965034965035,-0.015957446808510634,40300.0,6700.0,-0.8163771712158809,0.1044776119402985,1.0215350635008282,1.0142543859649122,-0.024324324324324298,0
2023-12-09,7280.0,7500.0,7270.0,7410.0,34457414310,4681577,867,7470.0,7270.0,48.57485508413692,34.67546058607695,-2.297449408680512,7547.783656051978,6970.216343948022,7259.0,7282.6,0.7242610272709844,-0.012228260869565188,0.019635343618513268,-0.01756756756756761,18710.0,6700.0,-0.6114377338321753,0.08507462686567165,1.0015153602424576,0.9982698486804162,0.009628610729023324,0
2023-12-10,7270.0,7400.0,7240.0,7350.0,32528211860,4455049,848,7410.0,7300.0,49.99920862243083,29.732911908149617,4.108622854685514,7539.001412430793,7007.998587569207,7273.5,7272.4,0.6764742202192429,-0.020134228187919434,0.004126547455295837,0.004126547455295837,18710.0,6700.0,-0.6098343132014965,0.08955223880597014,1.0036433628926926,1.0037951707826853,0.017808219178082174,0
2023-12-11,7240.0,7350.0,7220.0,7310.0,32375864280,4453262,829,7350.0,7230.0,46.745745884642496,19.937662523356266,7.274430788419664,7535.857104480482,7004.142895519518,7270.0,7258.0,0.8858125417251492,-0.03600000000000003,-0.009589041095890427,-0.009589041095890427,18710.0,6700.0,-0.6135756280064136,0.0791044776119403,0.9944979367262724,0.9961421879305594,0.013831258644536604,0
2023-12-12,7200.0,7310.0,7170.0,7260.0,38623630910,5333050,802,7310.0,7250.0,47.79105388026094,13.63155360337987,8.545855351411706,7533.121911751923,7001.878088248077,7267.5,7245.0,1.2547766296196927,-0.03590425531914898,-0.006849315068493178,0.0027662517289073207,18710.0,6700.0,-0.6125066809192945,0.08208955223880597,0.9975920192638459,1.0006901311249137,0.011034482758620623,0
2023-12-13,7220.0,7320.0,7120.0,7240.0,26642783640,3694533,529,7260.0,7220.0,46.32227706562334,6.1423622432457705,8.065156729778518,7531.918843182584,6999.081156817416,7265.5,7228.8,0.900356611874646,-0.024324324324324298,-0.010958904109588996,-0.004137931034482789,18710.0,6700.0,-0.6141101015499733,0.07761194029850746,0.9937375266671254,0.9987826471890217,0.006925207756232732,0
2023-12-16,7200.0,7380.0,7140.0,7280.0,40627031330,5565258,850,7240.0,7340.0,52.597831297923136,9.777413317292485,8.407608047281311,7536.059241797986,7016.940758202014,7276.5,7218.4,1.312180811783757,0.009628610729023324,-0.0027173913043477826,0.016620498614958512,18710.0,6700.0,-0.6076964190272581,0.0955223880597015,1.0087267230124373,1.0168458384129448,-0.006811989100817484,0
2023-12-18,7380.0,7460.0,7340.0,7360.0,38872751290,5246563,804,7280.0,7430.0,56.68775016628641,19.693451471404842,10.664776732106018,7549.340241708801,7034.659758291199,7292.0,7213.8,1.218373935847095,0.017808219178082174,-0.0026845637583892135,0.012261580381471404,18710.0,6700.0,-0.6028861571352218,0.10895522388059702,1.0189248491497531,1.0299703346363913,-0.009421265141319024,0
2023-12-19,7370.0,7470.0,7320.0,7380.0,41046067380,5552562,760,7360.0,7330.0,51.382854104859774,19.260792458571814,12.383979877399177,7528.434081039622,7088.565918960378,7308.5,7206.4,1.2517322574935883,0.013831258644536604,-0.022666666666666613,-0.013458950201884257,18710.0,6700.0,-0.6082308925708177,0.09402985074626866,1.0029417801190394,1.0171514209591475,-0.010914051841746208,0
2023-12-20,7310.0,7400.0,7310.0,7370.0,16255818630,2215334,497,7380.0,7330.0,51.382854104859774,18.70231838916061,13.647647579751464,7521.277037754516,7116.722962245484,7319.0,7199.6,0.5065594648136078,0.011034482758620623,-0.025265957446808485,0.0,18710.0,6700.0,-0.6082308925708177,0.09402985074626866,1.001502937559776,1.0181121173398522,-0.006821282401091366,0
2023-12-23,7310.0,7370.0,7230.0,7350.0,21246951130,2909951,626,7370.0,7270.0,48.241417256799004,13.265310860258978,13.571180235852967,7513.520555915638,7136.479444084362,7325.0,7192.0,0.6714850801406133,0.006925207756232732,-0.01756756756756761,-0.008185538881309684,18710.0,6700.0,-0.6114377338321753,0.08507462686567165,0.9924914675767919,1.010845383759733,0.0013755158184318717,0
2023-12-24,7250.0,7350.0,7240.0,7330.0,18843688190,2587590,552,7350.0,7290.0,49.3529636047524,10.449817088494456,12.946907606381266,7500.104757570635,7165.895242429365,7333.0,7188.2,0.6024398138450056,-0.006811989100817484,0.0027510316368637433,0.0027510316368637433,18710.0,6700.0,-0.6103687867450561,0.0880597014925373,0.9941360970953225,1.0141620989955762,0.00274348422496562,0
2023-12-25,7310.0,7430.0,7310.0,7350.0,27439515200,3719620,593,7330.0,7360.0,53.14565736379106,13.708905249209238,13.099307134946862,7502.409065859765,7172.590934140235,7337.5,7189.8,0.875035607824775,-0.009421265141319024,0.008219178082191858,0.009602194787379892,18710.0,6700.0,-0.606627471940139,0.09850746268656717,1.0030664395229982,1.0236724248240563,-0.020380434782608647,0
2023-12-26,7230.0,7350.0,7200.0,7320.0,20238433540,2787313,580,7350.0,7250.0,47.1681281225794,7.331166283966013,11.945678964750693,7503.58232411122,7166.41767588878,7335.0,7185.2,0.6595601968150819,-0.010914051841746208,0.0027662517289073207,-0.014945652173913082,18710.0,6700.0,-0.6125066809192945,0.08208955223880597,0.9884117246080436,1.009018538106107,-0.012413793103448256,0
2023-12-27,7180.0,7340.0,7180.0,7300.0,17675042190,2440745,662,7320.0,7280.0,48.85758989512039,4.643978590012011,10.485338889802955,7503.634902077199,7164.365097922801,7334.0,7182.4,0.5795959646835065,-0.006821282401091366,0.004137931034482678,0.004137931034482678,18710.0,6700.0,-0.6109032602886157,0.08656716417910448,0.9926370329970002,1.013588772555135,0.03846153846153855,0
2023-12-30,7250.0,7330.0,7190.0,7280.0,23940615050,3296828,728,7300.0,7280.0,48.85758989512039,2.4857092732108867,8.885412966484541,7503.657551847965,7162.342448152035,7333.0,7181.4,0.7764001784235729,0.0013755158184318717,0.008310249307479145,0.0,18710.0,6700.0,-0.6109032602886157,0.08656716417910448,0.9927723987453975,1.0137299133873618,0.061813186813186816,1
2023-12-31,7210.0,7370.0,7210.0,7290.0,18525934830,2538949,483,7280.0,7310.0,50.68648053275239,3.1595927512362323,7.74024892343488,7500.96700561323,7160.03299438677,7330.5,7179.6,0.6161564738833533,0.00274348422496562,-0.004087193460490468,0.004120879120879106,18710.0,6700.0,-0.6092998396579369,0.09104477611940298,0.997203464975104,1.0181625717310157,0.05335157318741457,1
2024-01-01,7230.0,7290.0,7170.0,7270.0,14974125160,2075806,592,7290.0,7210.0,44.92001303497838,-4.325650595053958,5.327069019737113,7487.411219292095,7149.588780707905,7318.5,7175.4,0.5196296231535857,-0.020380434782608647,-0.02960969044414541,-0.013679890560875485,18710.0,6700.0,-0.6146445750935329,0.07611940298507462,0.9851745576279293,1.0048220308275497,0.07212205270457694,1
2024-01-02,7140.0,7200.0,7120.0,7240.0,15275004750,2134384,470,7270.0,7160.0,42.32708333157053,-14.129466315423088,1.4357619527050725,7462.158021905983,7140.841978094017,7301.5,7174.6,0.563175690892119,-0.012413793103448256,-0.023192360163710735,-0.006934812760055475,18710.0,6700.0,-0.6173169428113309,0.06865671641791045,0.980620420461549,0.9979650433473642,0.07262569832402233,1
2024-01-03,7160.0,7600.0,7150.0,7370.0,43174729710,5814795,915,7240.0,7560.0,61.482265155759485,10.259332949989584,3.200476152161975,7475.578470480021,7131.421529519979,7303.5,7184.6,1.5412999792917788,0.03846153846153855,0.03137789904502042,0.05586592178770955,18710.0,6700.0,-0.5959380010689471,0.12835820895522387,1.0351201478743068,1.05225064721766,0.0185185185185186,0
2024-01-06,7550.0,7730.0,7370.0,7700.0,172947597290,22470130,2120,7370.0,7730.0,66.56491720706299,42.81170464853221,11.122721851436022,7571.077677229064,7068.922322770936,7320.0,7197.0,4.7822371331243785,0.061813186813186816,0.06327372764786787,0.022486772486772555,18710.0,6700.0,-0.586851950828434,0.1537313432835821,1.0560109289617485,1.0740586355425872,-0.015523932729624823,0
2024-01-07,7870.0,7920.0,7680.0,7740.0,45334972020,5848763,1070,7700.0,7700.0,64.93646396455,65.43465450182339,21.9851083815135,7640.784145926142,7042.215854073858,7341.5,7215.2,1.2295003541342049,0.05335157318741457,0.056241426611796985,-0.0038809831824062613,18710.0,6700.0,-0.5884553714591128,0.14925373134328357,1.0488319825648709,1.0671914846435304,0.029870129870129825,0
2024-01-08,7740.0,7850.0,7570.0,7730.0,37006829520,4791007,669,7740.0,7730.0,65.83653440724424,84.80665618743024,34.54941794269685,7705.876070910085,7020.123929089915,7363.0,7233.6,1.0035998094315264,0.07212205270457694,0.05027173913043481,0.003896103896103842,18710.0,6700.0,-0.586851950828434,0.1537313432835821,1.0498438136629091,1.0686241981862419,0.014230271668822736,0
2024-01-09,7830.0,7830.0,7630.0,7720.0,20601663950,2671849,526,7730.0,7680.0,62.93679580053752,95.02908877658228,46.64535210947393,7748.954261225173,7022.045738774827,7385.5,7247.8,0.5703288637615037,0.07262569832402233,0.05931034482758624,-0.0064683053040103244,18710.0,6700.0,-0.589524318546232,0.14626865671641792,1.0398754315889243,1.0596318882971385,0.02604166666666674,0
2024-01-10,7610.0,7730.0,7590.0,7690.0,34726872910,4529393,732,7720.0,7700.0,63.626903446369084,103.55060617518666,58.026402922616484,7790.34016268597,7025.65983731403,7408.0,7266.2,0.9752020782382018,0.0185185185185186,0.05769230769230771,0.0026041666666667407,18710.0,6700.0,-0.5884553714591128,0.14925373134328357,1.0394168466522677,1.0597010817208445,0.003896103896103842,0
2024-01-13,7650.0,7670.0,7550.0,7640.0,31893315700,4199646,822,7690.0,7610.0,58.3607674757954,101.86745762793726,66.79461386368064,7809.278731731788,7045.721268268212,7427.5,7284.4,0.8993156337809113,-0.015523932729624823,0.04532967032967039,-0.011688311688311637,18710.0,6700.0,-0.5932656333511491,0.13582089552238805,1.0245708515651295,1.0446982592938334,0.007884362680683266,0
2024-01-14,7560.0,8020.0,7560.0,7910.0,74971602370,9478448,1226,7640.0,7930.0,68.3812411446706,124.9149343202298,78.41867795499047,7894.314532119309,7019.685467880691,7457.0,7305.0,1.9480997963655742,0.029870129870129825,0.0848153214774281,0.042049934296977565,18710.0,6700.0,-0.5761624799572421,0.18358208955223881,1.0634303339144429,1.0855578370978782,-0.05170239596469106,0
2024-01-15,7760.0,8000.0,7730.0,7890.0,22978267510,2924999,610,7910.0,7840.0,63.73560828919331,134.36905498433134,89.60875336085866,7945.212518543954,7009.787481456046,7477.5,7326.0,0.6158663307256808,0.014230271668822736,0.08737864077669899,-0.011349306431273631,18710.0,6700.0,-0.5809727418492785,0.1701492537313433,1.0484787696422602,1.0701610701610702,-0.05484693877551017,0
2024-01-16,7750.0,7890.0,7730.0,7870.0,19630388070,2512915,579,7890.0,7880.0,64.8776797247211,143.43574148772404,100.37415098623174,7998.740822702282,7011.259177297718,7505.0,7347.0,0.5465920502316162,0.02604166666666674,0.1005586592178771,0.005102040816326481,18710.0,6700.0,-0.5788348476750401,0.1761194029850746,1.049966688874084,1.072546617667075,-0.06979695431472077,0
2024-01-17,7730.0,7900.0,7680.0,7820.0,26543611580,3419103,627,7870.0,7730.0,57.55736539216245,136.93886348909655,107.68709348680471,8021.165295040598,7028.834704959402,7525.0,7361.2,0.7340893187811255,0.003896103896103842,0.022486772486772555,-0.019035532994923887,18710.0,6700.0,-0.586851950828434,0.1537313432835821,1.0272425249169435,1.0501005270879749,-0.04915912031047864,0
2024-01-20,7720.0,7880.0,7670.0,7740.0,51615952640,6681273,722,7820.0,7670.0,54.8894738920995,125.50183527377158,111.2500418441981,8030.571827851166,7059.428172148834,7545.0,7375.0,1.37866856639061,0.007884362680683266,-0.0077619663648124115,-0.0077619663648124115,18710.0,6700.0,-0.5900587920897915,0.14477611940298507,1.016567263088138,1.04,-0.041720990873533204,0
2024-01-21,7650.0,7650.0,7480.0,7650.0,25441571470,3379069,527,7740.0,7520.0,48.79960110117184,103.14516832132358,109.6290671396232,8028.062297053869,7084.937702946131,7556.5,7386.0,0.6916170065333344,-0.05170239596469106,-0.023376623376623384,-0.019556714471968717,18710.0,6700.0,-0.5980758952431855,0.12238805970149254,0.9951697214318799,1.0181424316274033,-0.022606382978723416,0
2024-01-22,7500.0,7710.0,7400.0,7590.0,25730286960,3428933,514,7650.0,7410.0,44.86822867851103,75.67888887628487,102.83903148695555,8026.8846011600735,7091.1153988399265,7559.0,7394.0,0.7039170536712239,-0.05484693877551017,-0.04139715394566623,-0.0146276595744681,18710.0,6700.0,-0.603955104222341,0.10597014925373134,0.9802883979362349,1.0021639166892076,-0.01754385964912286,0
2024-01-23,7420.0,7500.0,7220.0,7430.0,34542168680,4721024,642,7590.0,7330.0,42.205199888720905,46.91552020708059,91.65432923098057,8021.523718037269,7104.476281962731,7563.0,7394.6,0.9503051986955582,-0.06979695431472077,-0.04557291666666663,-0.010796221322537103,18710.0,6700.0,-0.6082308925708177,0.09402985074626866,0.9691921195292873,0.9912638952749303,-0.010914051841746208,0
2024-01-24,7190.0,7490.0,7190.0,7400.0,26163716320,3555712,497,7430.0,7350.0,43.1142032192539,25.44090919608516,78.41164522400149,8017.333672214842,7115.666327785158,7566.5,7395.6,0.707794348704099,-0.04915912031047864,-0.045454545454545414,0.0027285129604366354,18710.0,6700.0,-0.6071619454836985,0.09701492537313433,0.9713870349567171,0.9938341716696414,-0.008163265306122436,0
2024-01-27,7220.0,7490.0,7220.0,7390.0,13574031610,1840014,471,7400.0,7350.0,43.1142032192539,8.326146618283019,64.3945455028578,8012.899537144396,7127.100462855604,7570.0,7397.4,0.3716591380005529,-0.041720990873533204,-0.0341655716162943,0.0,18710.0,6700.0,-0.6071619454836985,0.09701492537313433,0.9709379128137384,0.9935923432557385,0.0,0
2024-01-28,7280.0,7390.0,7270.0,7360.0,21638054610,2957359,500,7390.0,7350.0,43.114203219253895,-5.177740263108717,50.4800883496645,8010.524799757915,7133.475200242085,7572.0,7402.0,0.5948348654656725,-0.022606382978723416,-0.073139974779319,0.0,18710.0,6700.0,-0.6071619454836985,0.09701492537313433,0.9706814580031695,0.9929748716563092,-0.004081632653061273,0
2024-01-29,7400.0,7400.0,7180.0,7310.0,29335449240,4039290,562,7360.0,7280.0,40.3406189813877,-21.282748614476986,36.1275209568362,8003.400689416037,7147.599310583963,7575.5,7405.2,0.796719023528901,-0.01754385964912286,-0.0714285714285714,-0.00952380952380949,18710.0,6700.0,-0.6109032602886157,0.08656716417910448,0.9609926737509076,0.9830929617025874,0.009615384615384581,0
2024-01-30,7060.0,7360.0,7060.0,7280.0,23622470080,3266523,515,7310.0,7250.0,39.17739213248795,-36.05125659786336,21.691765445896287,7991.922322777874,7168.077677222126,7580.0,7410.2,0.6371823260541316,-0.010914051841746208,-0.07994923857868019,-0.004120879120879106,18710.0,6700.0,-0.6125066809192945,0.08208955223880597,0.9564643799472295,0.9783811503063345,0.0193103448275862,0
2024-01-31,7190.0,7340.0,7100.0,7260.0,27698132480,3823594,488,7280.0,7290.0,41.59558511979015,-44.02030123900113,8.549352108916803,7997.4187858549685,7135.5812141450315,7566.5,7413.6,0.7606187303710586,-0.008163265306122436,-0.056921086675291055,0.0055172413793103114,18710.0,6700.0,-0.6103687867450561,0.0880597014925373,0.9634573448754378,0.9833279378439624,0.013717421124828544,0
2024-02-03,7210.0,7420.0,7170.0,7280.0,18906249870,2583978,450,7260.0,7350.0,45.120220682630766,-44.97587409186963,-2.155693131240483,7981.406671996089,7113.593328003911,7547.5,7417.6,0.6407651197430093,0.0,-0.041720990873533204,0.008230452674897082,18710.0,6700.0,-0.6071619454836985,0.09701492537313433,0.9738323948327261,0.9908865401207937,-0.0013605442176870541,0
2024-02-04,7230.0,7360.0,7230.0,7290.0,14282259760,1955004,414,7280.0,7320.0,43.70016204885676,-47.60515910090544,-11.245586325173475,7967.283545729239,7089.716454270761,7528.5,7421.4,0.5093866810611318,-0.004081632653061273,-0.02659574468085102,-0.004081632653061273,18710.0,6700.0,-0.6087653661143774,0.09253731343283582,0.9723052400876668,0.9863368097663514,-0.006830601092896127,0
2024-02-05,7300.0,7470.0,7290.0,7320.0,19129247290,2589415,468,7290.0,7350.0,45.54581897034811,-46.72946890455478,-18.342362841049734,7944.63101475616,7074.36898524384,7509.5,7423.0,0.6946084769614385,0.009615384615384581,-0.0080971659919028,0.004098360655737654,18710.0,6700.0,-0.6071619454836985,0.09701492537313433,0.9787602370330915,0.9901657011989762,-0.014965986394557818,0
2024-02-06,7270.0,7390.0,7270.0,7330.0,17945493880,2445776,371,7320.0,7390.0,47.99387711517009,-42.31997409083942,-23.137885091007675,7925.74354319331,7064.25645680669,7495.0,7424.8,0.6580728366618563,0.0193103448275862,0.008185538881309684,0.0054421768707482165,18710.0,6700.0,-0.6050240513094601,0.10298507462686567,0.9859906604402935,0.9953130050641095,-0.020297699594046037,0
2024-02-07,7330.0,7450.0,7270.0,7340.0,20119839310,2737383,564,7330.0,7390.0,47.99387711517009,-38.382962779911395,-26.18690062878842,7901.8493814399735,7057.1506185600265,7479.5,7426.6,0.7547293777684416,0.013717421124828544,0.0054421768707482165,0.0,18710.0,6700.0,-0.6050240513094601,0.10298507462686567,0.9880339594892706,0.9950717690464007,-0.016238159675236785,0
2024-02-10,7400.0,7480.0,7280.0,7340.0,10943336050,1485700,374,7340.0,7340.0,45.057340428286516,-38.84960106588096,-28.71944071620693,7888.061606880712,7043.938393119288,7466.0,7427.4,0.4255464678869809,-0.0013605442176870541,-0.0013605442176870541,-0.006765899864682012,18710.0,6700.0,-0.6076964190272581,0.0955223880597015,0.9831234931690329,0.9882327597813502,-0.004087193460490468,0
2024-02-12,7310.0,7400.0,7230.0,7330.0,19653072050,2686807,465,7340.0,7270.0,41.251889222994976,-44.356515950148605,-31.846855762995265,7805.026880752899,7060.973119247101,7433.0,7425.6,0.8524962714093824,-0.006830601092896127,-0.010884353741496544,-0.009536784741144388,18710.0,6700.0,-0.6114377338321753,0.08507462686567165,0.9780707655051796,0.979045464339582,0.005502063273727709,0
2024-02-13,7230.0,7330.0,7210.0,7320.0,13770738450,1894925,402,7330.0,7240.0,39.70419590537202,-50.55872543554233,-35.58922969750468,7733.339219595153,7072.660780404847,7403.0,7421.4,0.6112286962038792,-0.014965986394557818,-0.005494505494505475,-0.004126547455295726,18710.0,6700.0,-0.6130411544628541,0.08059701492537313,0.9779818992300419,0.9755571725011454,0.008287292817679592,0
2024-02-14,7210.0,7320.0,7210.0,7310.0,9996434920,1375583,377,7320.0,7240.0,39.70419590537202,-54.841838560160795,-39.4397514700359,7625.629142092451,7116.370857907549,7371.0,7416.2,0.4520002927720544,-0.020297699594046037,-0.0013793103448276334,0.0,18710.0,6700.0,-0.6130411544628541,0.08059701492537313,0.9822276488943156,0.9762412016935897,0.005524861878453136,0
2024-02-17,7220.0,7340.0,7120.0,7290.0,12046650780,1672185,465,7310.0,7270.0,42.21839703488731,-55.17941336081549,-42.587683848191816,7545.443662857888,7150.556337142112,7348.0,7411.2,0.5656961478409163,-0.016238159675236785,-0.002743484224965731,0.004143646408839796,18710.0,6700.0,-0.6114377338321753,0.08507462686567165,0.9893848666303756,0.9809477547495682,0.02063273727647874,0
2024-02-18,7170.0,7370.0,7160.0,7290.0,13257725530,1823727,377,7290.0,7310.0,45.48255976738818,-51.624186627871495,-44.394984404127754,7461.301180507796,7198.698819492204,7330.0,7409.4,0.6721930508976255,-0.004087193460490468,-0.0054421768707483276,0.005502063273727709,18710.0,6700.0,-0.6092998396579369,0.09104477611940298,0.9972714870395635,0.9865846087402489,0.010943912448700521,0
2024-02-19,7220.0,7370.0,7200.0,7290.0,14267590830,1951906,375,7290.0,7310.0,45.48255976738819,-48.25044275872369,-45.166076075046945,7417.780211653932,7221.219788346068,7319.5,7410.2,0.7388708185307581,0.005502063273727709,-0.001366120218579181,0.0,18710.0,6700.0,-0.6092998396579369,0.09104477611940298,0.9987020971377827,0.9864780977571456,-0.001367989056087593,0
2024-02-20,7260.0,7350.0,7200.0,7290.0,12361222390,1697720,277,7290.0,7300.0,44.74959898250191,-45.85505433977596,-45.30387172799276,7403.308454262417,7224.691545737583,7314.0,7410.2,0.6644225336265285,0.008287292817679592,-0.006802721088435382,-0.001367989056087593,18710.0,6700.0,-0.6098343132014965,0.08955223880597014,0.9980858627290129,0.9851286065153437,0.00273972602739736,0
2024-02-21,7240.0,7400.0,7210.0,7290.0,11063895620,1516842,355,7290.0,7280.0,43.24845911760181,-45.05120239513235,-45.253337861420675,7401.672057771477,7221.327942228523,7311.5,7411.2,0.6333443167595916,0.005524861878453136,-0.014884979702300405,-0.002739726027397249,18710.0,6700.0,-0.6109032602886157,0.08656716417910448,0.9956917185256103,0.9822970639032815,0.027472527472527375,0
2024-02-24,7200.0,7650.0,7200.0,7340.0,15998183310,2144040,542,7290.0,7420.0,54.7031365672258,-32.73990867901375,-42.75065202493929,7415.697567015009,7214.302432984991,7315.0,7414.6,0.9224103259328137,0.02063273727647874,0.004059539918809252,0.019230769230769162,18710.0,6700.0,-0.6034206306787814,0.10746268656716418,1.014354066985646,1.0007282928276642,0.009433962264151052,0
2024-02-26,7440.0,7440.0,7240.0,7330.0,20006521120,2736227,473,7340.0,7390.0,52.26855889132234,-25.11436620992845,-39.22339486193713,7421.899952348616,7212.100047651384,7317.0,7418.0,1.154916395379502,0.010943912448700521,0.006811989100817373,-0.0040431266846361336,18710.0,6700.0,-0.6050240513094601,0.10298507462686567,1.009976766434331,0.9962253976813157,0.046008119079837595,0
2024-02-27,7230.0,7390.0,7200.0,7310.0,11032042450,1522575,412,7330.0,7300.0,45.6978382799174,-26.03322192549149,-36.585360274648004,7418.514422090123,7210.485577909877,7314.5,7417.2,0.6627210049358857,-0.001367989056087593,0.004126547455295837,-0.012178619756427644,18710.0,6700.0,-0.6098343132014965,0.08955223880597014,0.9980176362020644,0.9841988890686513,0.07534246575342474,1
2024-02-28,7210.0,7480.0,7210.0,7320.0,9660415730,1309002,340,7310.0,7320.0,47.283785964681485,-24.86100663796242,-34.24048954731089,7419.3153685143525,7213.6846314856475,7316.5,7415.0,0.6057542586911951,0.00273972602739736,0.011049723756906049,0.00273972602739736,18710.0,6700.0,-0.6087653661143774,0.09253731343283582,1.0004783708057132,0.9871881321645314,0.03551912568306004,0
2024-03-02,7320.0,7550.0,7240.0,7380.0,28579274980,3841817,463,7320.0,7480.0,57.8816385862676,-10.895755268667926,-29.571542691582295,7448.432553749977,7207.567446250023,7328.0,7418.0,1.7544864268118026,0.027472527472527375,0.03314917127071815,0.021857923497267784,18710.0,6700.0,-0.6002137894174239,0.11641791044776119,1.0207423580786026,1.0083580479913723,-0.004010695187165791,0
2024-03-04,7410.0,7660.0,7270.0,7420.0,21180692130,2831748,663,7380.0,7490.0,58.443944538924974,0.9675699382569292,-23.46372016561445,7476.072444762669,7199.927555237331,7338.0,7421.2,1.323173768923022,0.009433962264151052,0.030261348005502064,0.0013368983957218195,18710.0,6700.0,-0.5996793158738642,0.11791044776119403,1.020714091032979,1.0092707378860561,-0.002670226969292422,0
2024-03-05,7420.0,7790.0,7420.0,7780.0,84823328500,10909461,1213,7420.0,7730.0,69.10472873208732,29.396470656635756,-12.89168200116441,7576.827204874052,7137.172795125948,7357.0,7430.4,4.267522492587845,0.046008119079837595,0.057455540355677126,0.03204272363150862,18710.0,6700.0,-0.586851950828434,0.1537313432835821,1.0507000135924969,1.0403208440999139,-0.053040103492884905,0
2024-03-06,7730.0,8150.0,7730.0,7800.0,21473304800,2739309,680,7780.0,7850.0,72.85451965526752,60.90747297836697,1.8681489947418655,7689.851105763854,7077.148894236146,7383.5,7441.6,1.0553633804557654,0.07534246575342474,0.0738714090287278,0.015523932729624823,18710.0,6700.0,-0.5804382683057189,0.17164179104477612,1.0631814180266812,1.0548806708234788,-0.07643312101910826,0
2024-03-09,7800.0,7850.0,7580.0,7720.0,31204427640,4078184,817,7800.0,7580.0,56.297818534680005,63.363016415867605,14.167122478967014,7712.521652809277,7077.478347190723,7395.0,7446.0,1.5273835091633352,0.03551912568306004,0.03835616438356171,-0.03439490445859872,18710.0,6700.0,-0.5948690539818279,0.13134328358208955,1.0250169033130494,1.017996239591727,-0.03693931398416883,0
2024-03-10,7510.0,7790.0,7420.0,7530.0,54699525640,7285990,885,7720.0,7450.0,50.363174456889844,54.194419206890416,22.1725818245517,7716.408542603264,7079.591457396736,7398.0,7450.0,2.5020084173846144,-0.004010695187165791,0.02335164835164827,-0.01715039577836408,18710.0,6700.0,-0.6018172100481026,0.11194029850746269,1.0070289267369559,1.0,-0.005369127516778538,0
2024-03-11,7440.0,7530.0,7420.0,7490.0,29913743340,4012456,514,7530.0,7470.0,51.2152122475669,47.98888670177439,27.335842799996236,7721.912488038111,7082.087511961889,7402.0,7453.8,1.348357499413101,-0.002670226969292422,0.006738544474393482,0.0026845637583892135,18710.0,6700.0,-0.6007482629609834,0.11492537313432835,1.0091867062955957,1.0021733880705144,0.014725568942436373,0
2024-03-12,7420.0,7660.0,7300.0,7380.0,57262115220,7758166,730,7490.0,7320.0,44.97912972479893,30.614308394897307,27.991535918976453,7721.805236869249,7080.194763130751,7401.0,7454.6,2.3585112755737425,-0.053040103492884905,-0.009472259810554773,-0.02008032128514059,18710.0,6700.0,-0.6087653661143774,0.09253731343283582,0.9890555330360762,0.9819440345558447,0.05327868852459017,1
2024-03-13,7360.0,7360.0,7200.0,7290.0,44568153470,6134175,718,7380.0,7250.0,42.38542302960428,11.068820451959255,24.606992825573016,7722.5523213414135,7077.4476786585865,7400.0,7453.4,1.7719601459575143,-0.07643312101910826,-0.006849315068493178,-0.0095628415300546,18710.0,6700.0,-0.6125066809192945,0.08208955223880597,0.9797297297297297,0.9727104408726219,0.049655172413793025,0
2024-03-16,7250.0,7440.0,7230.0,7290.0,13774171530,1888219,530,7290.0,7300.0,44.83251152610492,-0.38213244295729965,19.609167771866957,7720.622417349176,7085.377582650824,7403.0,7455.2,0.5454968134027351,-0.03693931398416883,-0.002732240437158473,0.006896551724137945,18710.0,6700.0,-0.6098343132014965,0.08955223880597014,0.9860867215993516,0.9791823156991094,0.049315068493150704,0
2024-03-17,7470.0,7470.0,7290.0,7300.0,8402715890,1142178,362,7290.0,7410.0,49.87641522107821,-0.5743931732422425,15.572455582845118,7720.192403539079,7102.807596460921,7411.5,7460.2,0.3310856306054124,-0.005369127516778538,-0.009358288770053513,0.015068493150685036,18710.0,6700.0,-0.603955104222341,0.10597014925373134,0.9997976118194697,0.9932709578831667,0.03913630229419707,0
2024-03-18,7400.0,7630.0,7360.0,7380.0,21089420860,2800852,436,7300.0,7580.0,56.496303405106836,12.842774552867013,15.026519376849498,7736.845122606008,7117.154877393992,7427.0,7460.6,0.7988215946034568,0.014725568942436373,0.012016021361815676,0.02294197031039147,18710.0,6700.0,-0.5948690539818279,0.13134328358208955,1.0206005116466945,1.016004074739297,0.013192612137203241,0
2024-03-24,7430.0,7740.0,7430.0,7550.0,32813575450,4265157,536,7380.0,7710.0,60.763812415038664,33.578814514316036,18.736978404342807,7775.152403621748,7118.847596378252,7447.0,7460.2,1.175524512683787,0.05327868852459017,-0.002587322121604174,0.01715039577836408,18710.0,6700.0,-0.5879208979155531,0.15074626865671642,1.0353162347253928,1.0334843569877483,-0.036316472114137466,0
2024-03-25,7740.0,7860.0,7470.0,7570.0,21111488940,2773762,510,7550.0,7610.0,56.197101380572995,41.465127139220385,23.28260815131832,7791.156497737367,7132.843502262633,7462.0,7458.4,0.7559182796941403,0.049655172413793025,-0.030573248407643305,-0.012970168612191912,18710.0,6700.0,-0.5932656333511491,0.13582089552238805,1.0198338247118734,1.020326075297651,-0.021024967148488782,0
2024-03-26,7500.0,7800.0,7500.0,7610.0,20773399550,2697598,457,7570.0,7660.0,57.90077842195701,51.159929028941406,28.858072326842937,7811.119313847332,7148.880686152668,7480.0,7457.0,0.7252800924582241,0.049315068493150704,0.01055408970976246,0.006570302233902758,18710.0,6700.0,-0.5905932656333511,0.14328358208955225,1.0240641711229947,1.0272227437307229,-0.01305483028720622,0
2024-03-27,7610.0,7820.0,7610.0,7640.0,12872872480,1665107,395,7610.0,7700.0,59.26573542372832,61.363435591782036,35.35914497983076,7831.992447047854,7170.007552952146,7501.0,7457.4,0.4467925529109596,0.03913630229419707,0.033557046979865834,0.005221932114882533,18710.0,6700.0,-0.5884553714591128,0.14925373134328357,1.0265297960271964,1.0325314452758334,-0.010389610389610393,0
2024-03-30,7680.0,7790.0,7600.0,7640.0,14154226370,1852101,444,7640.0,7680.0,58.24881565016554,67.06289588356049,41.69989516057671,7851.603317523281,7176.396682476719,7514.0,7457.0,0.4989221767487898,0.013192612137203241,0.028112449799196693,-0.0025974025974025983,18710.0,6700.0,-0.589524318546232,0.14626865671641792,1.0220920947564547,1.0299047874480354,0.0026041666666667407,0
2024-04-02,7500.0,7570.0,7400.0,7580.0,19883068070,2665404,727,7640.0,7430.0,47.31899117398872,50.82101553229131,43.52411923491964,7851.105953397913,7180.894046602087,7516.0,7453.4,0.7186967281915784,-0.036316472114137466,0.015027322404371546,-0.03255208333333337,18710.0,6700.0,-0.6028861571352218,0.10895522388059702,0.9885577434805748,0.9968604931977353,0.03903095558546443,0
2024-04-03,7420.0,7610.0,7380.0,7550.0,16409368780,2200775,547,7580.0,7450.0,48.15708030933004,39.11218032223951,42.64173145238361,7845.38662600786,7201.61337399214,7523.5,7443.8,0.5880379542625094,-0.021024967148488782,0.02758620689655178,0.0026917900403768957,18710.0,6700.0,-0.6018172100481026,0.11194029850746269,0.990230610752974,1.0008329079233724,-0.02281879194630876,0
2024-04-06,7470.0,7600.0,7340.0,7450.0,44721604990,6029296,799,7550.0,7560.0,52.62149805033923,38.2677974047092,41.76694464284873,7843.751520681931,7227.248479318069,7535.5,7438.2,1.515436224826259,-0.01305483028720622,0.03561643835616435,0.014765100671140896,18710.0,6700.0,-0.5959380010689471,0.12835820895522387,1.0032512772875057,1.0163749294184077,-0.031746031746031744,0
2024-04-07,7450.0,7800.0,7360.0,7470.0,15785498580,2092318,569,7450.0,7620.0,54.90272714308634,41.95646836784363,41.80484938784771,7851.7490905446975,7233.2509094553025,7542.5,7433.0,0.5377171281182083,-0.010389610389610393,0.028340080971659853,0.007936507936507908,18710.0,6700.0,-0.5927311598075895,0.1373134328358209,1.0102751077229035,1.025158078837616,-0.026246719160105014,0
2024-04-08,7510.0,7780.0,7510.0,7510.0,13077855900,1708721,322,7470.0,7700.0,57.81899819488739,50.75008273078038,43.59389605643425,7868.601013944381,7237.398986055619,7553.0,7432.4,0.4455640616674256,0.0026041666666667407,0.0158311345646438,0.01049868766404205,18710.0,6700.0,-0.5884553714591128,0.14925373134328357,1.0194624652455977,1.0360045207469997,-0.03506493506493502,0
2024-04-09,7520.0,7730.0,7520.0,7530.0,8140204620,1061914,262,7510.0,7720.0,58.54080858107865,58.65675970765824,46.606468786679045,7867.007551582981,7237.992448417019,7552.5,7433.4,0.31769253015952537,0.03903095558546443,0.0012970168612191912,0.0025974025974024872,18710.0,6700.0,-0.5873864243719936,0.15223880597014924,1.0221780867262495,1.0385557080205559,-0.03626943005181349,0
2024-04-13,7570.0,7570.0,7210.0,7390.0,41103746250,5607757,1033,7530.0,7280.0,41.65337103558065,29.08328144501229,43.101831318345695,7828.6571843937445,7219.3428156062555,7524.0,7428.6,1.6086478897844856,-0.02281879194630876,-0.04336399474375818,-0.05699481865284972,18710.0,6700.0,-0.6109032602886157,0.08656716417910448,0.9675704412546517,0.9799962307837277,0.06043956043956045,1
2024-04-14,7320.0,7330.0,7320.0,7350.0,33703034330,4604071,267,7390.0,7320.0,43.25594256790074,8.772627177184404,36.23599049011344,7826.968352849973,7195.031647150027,7511.0,7426.8,1.3108418659523429,-0.031746031746031744,-0.044386422976501305,0.005494505494505475,18710.0,6700.0,-0.6087653661143774,0.09253731343283582,0.9745706297430435,0.9856196477621586,0.04781420765027322,0
2024-04-15,7290.0,7420.0,7290.0,7360.0,4995679890,673427,261,7350.0,7420.0,47.16312316228639,0.7369564297150646,29.136183678033763,7826.894076823632,7192.105923176368,7509.5,7428.6,0.21165816333025078,-0.026246719160105014,-0.036363636363636376,0.013661202185792254,18710.0,6700.0,-0.6034206306787814,0.10746268656716418,0.9880817631000732,0.9988423121449532,0.07008086253369261,1
2024-04-16,7290.0,7430.0,7290.0,7370.0,23289073530,3152943,389,7360.0,7430.0,47.55203967739182,-4.7694745710623465,22.355052028214544,7826.3651752743235,7188.6348247256765,7507.5,7430.2,1.0045388101409787,-0.03506493506493502,-0.03255208333333337,0.0013477088948787852,18710.0,6700.0,-0.6028861571352218,0.10895522388059702,0.9896769896769897,0.9999730828241501,0.10901749663526239,1
2024-04-17,7400.0,7440.0,7300.0,7360.0,40499086800,5504451,479,7370.0,7440.0,47.96452024491553,-8.23155612926621,16.237730396718394,7822.386710628225,7204.613289371775,7513.5,7432.0,1.8190450908098064,-0.03626943005181349,0.0013458950201883368,0.0013458950201883368,18710.0,6700.0,-0.6023516835916622,0.11044776119402985,0.9902176083050509,1.0010764262648009,0.1263440860215055,1
2024-04-20,7440.0,7720.0,7440.0,7530.0,31655760030,4112890,535,7360.0,7720.0,57.93912893581746,11.485976053100785,15.287379527994872,7833.38488490934,7240.61511509066,7537.0,7439.4,1.406141694086394,0.06043956043956045,0.03624161073825505,0.037634408602150504,18710.0,6700.0,-0.5873864243719936,0.15223880597014924,1.0242802175932069,1.0377180955453398,0.09455958549222787,1
2024-04-21,7820.0,7820.0,7550.0,7570.0,20159460490,2635043,429,7530.0,7670.0,55.87924161800401,22.814686725291722,16.792840967454243,7836.175969763571,7274.824030236429,7555.5,7447.2,0.8895295722825083,0.04781420765027322,0.014550264550264647,-0.006476683937823857,18710.0,6700.0,-0.5900587920897915,0.14477611940298507,1.0151545231950234,1.02991728434848,0.08213820078226863,1
2024-04-22,7480.0,7940.0,7480.0,7870.0,84304890200,10713262,760,7570.0,7940.0,63.43842442392494,52.96892230350022,24.02805723466344,7900.282893041267,7263.717106958733,7582.0,7461.0,3.1135578439518494,0.07008086253369261,0.04199475065616798,0.03520208604954367,18710.0,6700.0,-0.5756280064136825,0.18507462686567164,1.0472170931152731,1.0642005093151052,0.037783375314861534,0
2024-04-23,8100.0,8260.0,8100.0,8240.0,147239836850,17862012,1317,7870.0,8240.0,69.65868350489492,99.92202513766915,39.20685081526459,8043.415685990506,7186.584314009494,7615.0,7480.0,4.259045299942682,0.10901749663526239,0.07012987012987004,0.037783375314861534,18710.0,6700.0,-0.5595938001068947,0.2298507462686567,1.082074852265266,1.1016042780748663,-0.016990291262135915,0
2024-04-24,8250.0,8530.0,8250.0,8410.0,59885739890,7107038,794,8240.0,8380.0,72.04857908278733,146.73802279819847,60.713085211851364,8190.985944520881,7106.014055479119,7648.5,7500.6,1.639079108610493,0.1263440860215055,0.0854922279792747,0.016990291262136026,18710.0,6700.0,-0.5521111704970604,0.2507462686567164,1.0956396679087403,1.117243953817028,-0.013126491646778038,0
2024-04-27,8300.0,8530.0,8150.0,8400.0,42190640230,5025529,726,8410.0,8450.0,73.18584822614838,187.32904064849026,86.03627629917915,8335.030061364641,7045.969938635358,7690.5,7523.2,1.129692122065345,0.09455958549222787,0.1607142857142858,0.00835322195704058,18710.0,6700.0,-0.5483698556921432,0.26119402985074625,1.098758208178922,1.123192258613356,-0.035502958579881616,0
2024-04-28,8500.0,8500.0,8020.0,8320.0,24776951680,3023851,911,8400.0,8300.0,66.90397471051443,205.03050431298198,109.83512190193971,8419.231655662858,7025.7683443371425,7722.5,7542.2,0.6772501170520117,0.08213820078226863,0.13387978142076506,-0.017751479289940808,18710.0,6700.0,-0.5563869588455371,0.23880597014925373,1.0747814826804791,1.1004746625652992,-0.025301204819277112,0
2024-04-29,8300.0,8520.0,8190.0,8330.0,26026956260,3119519,598,8320.0,8240.0,64.51841420538197,211.77631767618186,130.22336105678815,8481.60586666322,7017.39413333678,7749.5,7559.2,0.6874797098855499,0.037783375314861534,0.11051212938005395,-0.0072289156626506035,18710.0,6700.0,-0.5595938001068947,0.2298507462686567,1.0632944060907155,1.090062440469891,-0.03762135922330101,0
2024-04-30,8210.0,8220.0,8050.0,8270.0,17537245710,2159514,398,8330.0,8100.0,59.213025178872925,203.48000258836237,144.87468936310302,8517.372813806141,7023.627186193859,7770.5,7573.4,0.47430711279798915,-0.016990291262135915,0.09017496635262456,-0.016990291262135915,18710.0,6700.0,-0.567076429716729,0.208955223880597,1.042403963708899,1.0695328386193783,-0.03703703703703709,0
2024-05-01,8070.0,8320.0,8070.0,8260.0,16434006470,1994164,633,8270.0,8270.0,63.17310733172512,208.2224337578673,157.54423824205588,8572.417758709913,7052.582241290086,7812.5,7592.0,0.44124288163001274,-0.013126491646778038,0.11155913978494625,0.020987654320987703,18710.0,6700.0,-0.5579903794762159,0.23432835820895523,1.05856,1.089304531085353,-0.08101571946795649,0
2024-05-05,8260.0,8460.0,8150.0,8260.0,11416389510,1385358,391,8260.0,8150.0,58.830949862253206,199.9924589333159,166.0338823803079,8601.870598580495,7093.129401419505,7847.5,7609.6,0.3093246388161407,-0.035502958579881616,0.05569948186528495,-0.0145102781136639,18710.0,6700.0,-0.564404061998931,0.21641791044776118,1.0385473080598917,1.071015559293524,-0.08466257668711652,0
2024-05-06,8120.0,8130.0,7980.0,8200.0,19108958780,2372990,399,8260.0,8090.0,56.73128193269162,186.47903183221933,170.12291227069016,8623.33036773021,7124.669632269789,7874.0,7626.6,0.5523927272314189,-0.025301204819277112,0.054758800521512496,-0.007361963190184007,18710.0,6700.0,-0.5676109032602886,0.20746268656716418,1.0274320548641098,1.0607610206382923,-0.07416563658838071,0
2024-05-07,7980.0,8180.0,7810.0,8130.0,18054710940,2268091,434,8200.0,7930.0,51.45722810390395,161.00293901133318,168.2989176188188,8629.945136389382,7149.054863610617,7889.5,7640.4,0.5268960279894154,-0.03762135922330101,-0.0012594458438287548,-0.01977750309023485,18710.0,6700.0,-0.5761624799572421,0.18358208955223881,1.0051334051587553,1.0379037746714832,-0.034047919293820894,0
2024-05-08,7800.0,8090.0,7730.0,7920.0,40535521320,5195515,725,8130.0,7800.0,47.58632598951792,128.83787553045386,160.40670920114582,8631.09961987683,7157.900380123169,7894.5,7651.0,1.1599806513419348,-0.03703703703703709,-0.05339805825242716,-0.016393442622950838,18710.0,6700.0,-0.5831106360235169,0.16417910447761194,0.9880296408892266,1.0194745784864723,-0.007692307692307665,0
2024-05-11,7870.0,7990.0,7600.0,7840.0,23738130930,3078868,770,7920.0,7600.0,42.312715754908076,86.21467336702517,145.5683020343217,8632.604159377363,7144.395840622637,7888.5,7656.8,0.6722691277473423,-0.08101571946795649,-0.09307875894988071,-0.02564102564102566,18710.0,6700.0,-0.5938001068947087,0.13432835820895522,0.9634277746086075,0.9925817573921221,-0.001315789473684159,0
2024-05-12,7590.0,7700.0,7450.0,7660.0,32756072770,4358733,623,7840.0,7460.0,39.05034405473191,40.66983208950023,124.5886080453574,8615.85576144602,7179.14423855398,7897.5,7659.8,0.9648842844380829,-0.08466257668711652,-0.11715976331360944,-0.018421052631578894,18710.0,6700.0,-0.601282736504543,0.11343283582089553,0.9446027223805001,0.9739157680357189,0.008042895442359255,0
2024-05-13,7450.0,7620.0,7280.0,7500.0,45332613710,6088201,552,7660.0,7490.0,40.1158414552169,6.916240409508646,101.05413451818765,8600.44654222099,7211.5534577790095,7906.0,7663.6,1.3259519219564542,-0.07416563658838071,-0.09759036144578315,0.004021447721179516,18710.0,6700.0,-0.5996793158738642,0.11791044776119403,0.9473817353908424,0.9773474607234197,0.021361815754339153,0
2024-05-14,7350.0,7870.0,7350.0,7700.0,60039371660,7787829,787,7500.0,7660.0,45.88858635209701,-6.046445270365439,79.63401856047705,8586.239478033653,7249.7605219663465,7918.0,7671.2,1.574160585147014,-0.034047919293820894,-0.07038834951456308,0.022696929238985364,18710.0,6700.0,-0.5905932656333511,0.14328358208955225,0.9674160141449861,0.9985399937428303,-0.03394255874673624,0
2024-05-15,7510.0,7760.0,7510.0,7640.0,35058736590,4620003,388,7700.0,7740.0,48.40899052103709,-9.751723848382426,61.756870078705155,8569.338816055364,7297.661183944635,7933.5,7677.6,0.9202014471034742,-0.007692307692307665,-0.0444444444444444,0.010443864229765065,18710.0,6700.0,-0.5863174772848744,0.15522388059701492,0.975609756097561,1.008127539856205,-0.050387596899224785,0
2024-05-18,7640.0,7860.0,7530.0,7640.0,32489610570,4249464,365,7640.0,7590.0,44.24743787588498,-24.509401094995155,44.50361584396509,8556.594022065425,7325.405977934574,7941.0,7681.6,0.8571107524955607,-0.001315789473684159,-0.08222490931076176,-0.019379844961240345,18710.0,6700.0,-0.5943345804382683,0.1328358208955224,0.9557990177559501,0.9880754009581336,-0.03820816864295129,0
2024-05-19,7430.0,7650.0,7330.0,7540.0,26892072310,3624015,423,7640.0,7520.0,42.4149553373228,-41.376420007925844,27.32760867358691,8566.795564629612,7295.204435370387,7931.0,7686.0,0.7345802707494782,0.008042895442359255,-0.07730061349693251,-0.00922266139657446,18710.0,6700.0,-0.5980758952431855,0.12238805970149254,0.9481780355566763,0.9784022898776997,-0.02393617021276595,0
2024-05-21,7540.0,7690.0,7400.0,7550.0,10183537550,1343856,246,7540.0,7650.0,46.81981012743519,-43.74942434132754,13.112202070604019,8567.495098022478,7292.504901977522,7930.0,7692.6,0.27600866612201147,0.021361815754339153,-0.05438813349814586,0.017287234042553168,18710.0,6700.0,-0.5911277391769107,0.1417910447761194,0.9646910466582598,0.9944622104360034,-0.027450980392156876,0
2024-05-25,7440.0,7510.0,7400.0,7500.0,21417824980,2890591,226,7550.0,7400.0,40.41704226619707,-65.05306677528733,-2.5208516985742513,8580.97050083517,7225.029499164831,7903.0,7691.0,0.6455444026379235,-0.03394255874673624,-0.06683480453972257,-0.0326797385620915,18710.0,6700.0,-0.6044895777659006,0.1044776119402985,0.9363532835632038,0.9621635678065271,-0.012162162162162149,0
2024-05-26,7350.0,7390.0,7350.0,7350.0,57581187800,7833228,182,7500.0,7350.0,39.260636823633476,-84.99121322040992,-19.014924002941385,8558.622132204586,7158.377867795415,7858.5,7688.2,1.9699702829339962,-0.050387596899224785,-0.05769230769230771,-0.006756756756756799,18710.0,6700.0,-0.6071619454836985,0.09701492537313433,0.9352929948463448,0.9560105096121329,-0.006802721088435382,0
2024-05-27,7210.0,7330.0,7210.0,7300.0,22809386070,3161822,381,7350.0,7300.0,38.08706994150564,-103.63231128174084,-35.93840145870128,8501.994802849957,7107.005197150043,7804.5,7679.6,0.8366695602015324,-0.03820816864295129,-0.03947368421052633,-0.006802721088435382,18710.0,6700.0,-0.6098343132014965,0.08955223880597014,0.9353578063937472,0.9505703422053231,-0.020547945205479423,0
2024-05-28,7220.0,7440.0,7220.0,7300.0,13926577360,1902585,299,7300.0,7340.0,39.641473580631775,-113.86528199894656,-51.52377756675034,8407.783727791379,7090.216272208622,7749.0,7669.4,0.5251538345620165,-0.02393617021276595,-0.01608579088471851,0.005479452054794498,18710.0,6700.0,-0.6076964190272581,0.0955223880597015,0.9472189959994838,0.9570500951834564,-0.02997275204359673,0
2024-05-29,7440.0,7440.0,7360.0,7320.0,12064129340,1625504,253,7300.0,7440.0,43.46302499340341,-112.60774872041566,-63.740571797483405,8326.46434224918,7085.535657750819,7706.0,7666.6,0.4575027951789935,-0.027450980392156876,-0.006675567423230944,0.013623978201634968,18710.0,6700.0,-0.6023516835916622,0.11044776119402985,0.9654814430314042,0.970443221245402,-0.028225806451612878,0
2024-06-01,7380.0,7440.0,7280.0,7320.0,7044439800,962112,226,7320.0,7310.0,39.92415321439166,-120.70959303244581,-75.13437604447589,8251.664673045187,7067.335326954814,7659.5,7663.8,0.2792678918510916,-0.012162162162162149,-0.04569190600522188,-0.017473118279569877,18710.0,6700.0,-0.6092998396579369,0.09104477611940298,0.9543703897121222,0.953834912184556,0.002735978112175186,0
2024-06-02,7260.0,7320.0,7180.0,7290.0,14843380490,2062187,283,7320.0,7300.0,39.65666637900774,-126.47930475232806,-85.40336178604632,8195.085788569102,7043.914211430898,7619.5,7660.4,0.599428391342295,-0.006802721088435382,-0.056847545219638196,-0.001367989056087593,18710.0,6700.0,-0.6098343132014965,0.08955223880597014,0.9580681147056893,0.9529528484152264,0.005479452054794498,0
2024-06-05,7250.0,7290.0,7150.0,7260.0,13048348230,1818611,280,7290.0,7150.0,35.78382747079762,-141.52418652998676,-96.6275267348344,8090.957107263444,7036.042892736556,7563.5,7657.0,0.5299788955380643,-0.020547945205479423,-0.05797101449275366,-0.020547945205479423,18710.0,6700.0,-0.6178514163548904,0.06716417910447761,0.945329543200899,0.933786078098472,0.0,0
2024-06-08,7130.0,7160.0,7120.0,7230.0,10938982070,1536117,181,7260.0,7120.0,35.046646067593116,-154.09183821869374,-108.12038903160628,8000.000000002792,7023.999999997208,7512.0,7654.4,0.446673395916931,-0.02997275204359673,-0.05319148936170215,-0.004195804195804231,18710.0,6700.0,-0.6194548369855692,0.0626865671641791,0.9478168264110756,0.9301839464882944,-0.002808988764044895,0
2024-06-09,7090.0,7240.0,7090.0,7190.0,19358980520,2726071,440,7230.0,7230.0,39.93294500430898,-153.407327852653,-117.17777679581563,7893.07074881761,7044.92925118239,7469.0,7653.0,0.788640767473865,-0.028225806451612878,-0.05490196078431375,0.015449438202247201,18710.0,6700.0,-0.6135756280064136,0.0791044776119403,0.9680010710938546,0.9447275578204626,-0.0027662517289073207,0
2024-06-10,7100.0,7330.0,7100.0,7200.0,12021978860,1663672,546,7190.0,7330.0,44.053390928997864,-143.1455909236729,-122.3713396213871,7809.9393481456655,7068.0606518543345,7439.0,7651.4,0.48553820672432557,0.002735978112175186,-0.009459459459459474,0.013831258644536604,18710.0,6700.0,-0.6082308925708177,0.09402985074626866,0.9853474929425998,0.9579946153645085,0.0013642564802183177,0
2024-06-11,7170.0,7340.0,7170.0,7250.0,27370178540,3750706,394,7200.0,7340.0,44.463660975151214,-132.6767589602423,-124.43242348915814,7749.730430141954,7082.269569858046,7416.0,7646.6,1.1182088771308583,0.005479452054794498,-0.0013605442176870541,0.0013642564802183177,18100.0,6700.0,-0.594475138121547,0.0955223880597015,0.9897518878101402,0.9599037480710381,0.0095367847411445,0
2024-06-12,7210.0,7350.0,7110.0,7230.0,12061308320,1683934,255,7250.0,7150.0,38.6623914953925,-138.1193919352154,-127.1698171783696,7735.159186914,7051.840813086,7393.5,7635.4,0.5126970488211304,0.0,-0.020547945205479423,-0.02588555858310626,18040.0,6700.0,-0.6036585365853658,0.06716417910447761,0.9670656657875161,0.9364276920659036,0.043356643356643465,0
2024-06-15,7150.0,7150.0,7090.0,7210.0,8105109230,1142314,189,7230.0,7100.0,37.283789337762904,-144.79815689355382,-130.69548512140645,7738.513773847132,7012.486226152868,7375.5,7625.2,0.365699503697784,-0.002808988764044895,-0.032697547683923744,-0.006993006993006978,18040.0,6700.0,-0.606430155210643,0.05970149253731343,0.9626466002304929,0.9311231180821486,0.05633802816901401,1
2024-06-16,7070.0,7210.0,7070.0,7200.0,8525111110,1194871,332,7210.0,7210.0,42.16936314713319,-139.60575728092863,-132.4775395533109,7727.356529260772,6995.643470739228,7361.5,7616.2,0.4150335331197434,-0.0027662517289073207,-0.03091397849462363,0.015492957746478853,18040.0,6700.0,-0.6003325942350333,0.07611940298507462,0.9794199551721796,0.9466663165358052,0.04299583911234395,0
2024-06-18,7340.0,7340.0,7340.0,7270.0,31262616080,4259212,214,7200.0,7340.0,47.38580148628718,-123.57631875501556,-130.69729539365184,7684.762435295656,7006.237564704344,7345.5,7609.0,1.5760011285663738,0.0013642564802183177,0.004103967168262557,0.018030513176144236,18040.0,6700.0,-0.5931263858093127,0.0955223880597015,0.9992512422571642,0.9646471284005783,0.03950953678474112,0
2024-06-19,7410.0,7410.0,7410.0,7320.0,22317452820,3011802,149,7270.0,7410.0,50.00106942463862,-104.0253191263946,-125.3629001402004,7618.3371735583605,7039.6628264416395,7329.0,7603.6,1.1486073345535355,0.0095367847411445,0.015068493150685036,0.0095367847411445,18040.0,6700.0,-0.5892461197339246,0.10597014925373134,1.0110519852640196,0.9745383765584723,0.012145748987854255,0
2024-06-22,7460.0,7460.0,7460.0,7360.0,18828525260,2523931,168,7320.0,7460.0,51.842412041617,-83.53350666378446,-116.99702144491721,7593.341281939703,7051.658718060297,7322.5,7604.2,0.9952970337977056,0.043356643356643465,0.043356643356643465,0.006747638326585648,18040.0,6700.0,-0.5864745011086474,0.11343283582089553,1.0187777398429498,0.9810367954551432,-0.01072386058981234,0
2024-06-23,7500.0,7500.0,7500.0,7380.0,10480612500,1397415,123,7360.0,7500.0,53.32338759311193,-63.33583585502856,-106.26478432693949,7589.550368406279,7053.449631593721,7321.5,7605.2,0.5763660174465779,0.05633802816901401,0.05337078651685401,0.00536193029490617,18040.0,6700.0,-0.5842572062084257,0.11940298507462686,1.024380249948781,0.9861673591753012,-0.0013333333333332975,0
2024-06-24,7520.0,7520.0,7470.0,7490.0,48564875240,6458129,340,7380.0,7520.0,54.083721798760465,-45.19423239113166,-94.05067393977794,7555.79036526145,7074.20963473855,7315.0,7604.4,2.4095332184157936,0.04299583911234395,0.04011065006915637,0.002666666666666595,18040.0,6700.0,-0.5831485587583148,0.12238805970149254,1.0280246069719754,0.9889011624848772,0.007978723404255428,0
2024-06-26,7600.0,7630.0,7550.0,7550.0,27810938490,3649308,364,7490.0,7630.0,58.124055092103454,-21.690762641455876,-79.57869168011352,7601.910602560507,7051.089397439493,7326.5,7604.6,1.3425573846555332,0.03950953678474112,0.04092769440654842,0.0146276595744681,18040.0,6700.0,-0.5770509977827051,0.13880597014925372,1.0414249641711595,1.0033400836335902,0.017038007863696025,0
2024-06-29,7630.0,7840.0,7420.0,7580.0,34762658350,4576789,369,7550.0,7500.0,52.27022353486746,-13.399545457050408,-66.3428624355009,7619.545092765995,7048.454907234005,7334.0,7600.6,1.7910582742606447,0.012145748987854255,0.021798365122615904,-0.017038007863695914,18040.0,6700.0,-0.5842572062084257,0.11940298507462686,1.0226343059721843,0.9867642028260927,0.06933333333333325,1
2024-06-30,7500.0,7650.0,7230.0,7550.0,25609827170,3415394,334,7580.0,7380.0,47.513340646253575,-16.323525777449504,-56.338995103890625,7623.769137596662,7052.230862403338,7338.0,7593.8,1.3299648929772403,-0.01072386058981234,0.032167832167832255,-0.016000000000000014,18040.0,6700.0,-0.5909090909090909,0.10149253731343283,1.0057236304170074,0.9718454528694461,0.12737127371273704,1
2024-07-01,7250.0,7590.0,7250.0,7550.0,11091211580,1473653,436,7550.0,7490.0,51.83998170984401,-9.653441689129977,-47.0018844209385,7638.858142894892,7052.141857105108,7345.5,7598.0,0.5786777484810451,-0.0013333333333332975,0.05492957746478866,0.01490514905149043,18040.0,6700.0,-0.5848115299334812,0.11791044776119403,1.0196719079708665,0.9857857330876546,0.16288384512683574,1
2024-07-02,7510.0,7740.0,7510.0,7560.0,7817319620,1023695,201,7550.0,7580.0,55.10113915079244,2.861905578803089,-37.02912642099018,7660.842342215174,7044.157657784826,7352.5,7603.2,0.40679378746516265,0.007978723404255428,0.05131761442441052,0.012016021361815676,18040.0,6700.0,-0.5798226164079823,0.13134328358208955,1.0309418565113906,0.9969486531986532,0.1912928759894459,1
2024-07-03,7530.0,7760.0,7520.0,7570.0,16637121990,2186927,500,7560.0,7760.0,60.816033411752485,26.993737135401716,-24.224553709711802,7729.8238999880605,7020.1761000119395,7375.0,7610.0,0.8483903070169807,0.017038007863696025,0.05722070844686655,0.0237467018469657,18020.0,6700.0,-0.5693673695893452,0.1582089552238806,1.0522033898305085,1.0197109067017083,0.07860824742268036,1
2024-07-06,8020.0,8020.0,7760.0,8020.0,64865570540,8089547,318,7570.0,8020.0,67.29209699773648,66.3335625756381,-6.112930452641821,7861.328768793127,6960.671231206873,7411.0,7621.8,2.809743750566365,0.06933333333333325,0.08232118758434548,0.03350515463917536,17520.0,6700.0,-0.5422374429223744,0.19701492537313434,1.0821751450546484,1.0522448765383505,0.029925187032418865,0
2024-07-07,8290.0,8500.0,7740.0,8330.0,124575400850,14954448,735,8020.0,8320.0,72.86482582491702,120.3310490308022,19.175865444046988,8053.228532798191,6885.771467201809,7469.5,7639.4,4.229322589806956,0.12737127371273704,0.11528150134048265,0.03740648379052369,17100.0,6700.0,-0.5134502923976608,0.2417910447761194,1.113863043041703,1.0890907662905465,-0.05649038461538458,0
2024-07-08,8200.0,8780.0,8100.0,8560.0,125268560100,14640866,961,8330.0,8710.0,78.09082434422206,192.3765891420462,53.81601018364684,8322.819100308801,6775.180899691199,7549.0,7659.2,3.493294488160269,0.16288384512683574,0.16133333333333333,0.046875,17070.0,6700.0,-0.4897480960749854,0.3,1.1537952046628692,1.1371944850637143,-0.08610792192881744,0
2024-07-09,8570.0,9070.0,8570.0,8970.0,239378122450,26694941,1496,8560.0,9030.0,81.27707802941883,272.15726485151754,97.48426111722098,8631.328574617659,6646.671425382341,7639.0,7686.4,4.953067287628119,0.1912928759894459,0.20079787234042556,0.036739380022962065,17070.0,6700.0,-0.4710017574692443,0.34776119402985073,1.1820918968451368,1.1748022481265612,-0.11184939091915835,0
2024-07-17,8600.0,8600.0,8100.0,8350.0,56920635560,6840498,513,8520.0,8370.0,61.43287041705163,278.91241231789445,133.76989135735568,8721.37663017108,6660.623369828921,7691.0,7695.0,1.2110464892919595,0.07860824742268036,0.09698558322411532,-0.07308970099667778,17070.0,6700.0,-0.5096660808435852,0.24925373134328357,1.0882850084514368,1.087719298245614,-0.029868578255675016,0
2024-07-20,8190.0,8500.0,8160.0,8290.0,58628417110,7082437,564,8350.0,8260.0,58.85374070564103,272.25148896741666,161.46621087936788,8782.621346378652,6691.378653621347,7737.0,7695.4,1.217958768758183,0.029925187032418865,0.10133333333333328,-0.01314217443249699,17070.0,6700.0,-0.5161101347393088,0.23283582089552238,1.0675972599198655,1.0733685058606441,-0.020581113801452777,0
2024-07-21,8270.0,8280.0,7800.0,7950.0,52622177180,6676282,971,8290.0,7850.0,50.36610722581267,231.22368304932206,175.41770531335874,8782.971809697334,6761.028190302666,7772.0,7684.8,1.100856896635264,-0.05649038461538458,0.06368563685636852,-0.04963680387409197,17000.0,6700.0,-0.538235294117647,0.17164179104477612,1.010036026762738,1.0214969810535082,0.019108280254777066,0
2024-07-22,7640.0,8080.0,7640.0,7950.0,36387674680,4576000,334,7950.0,7960.0,52.35153885737616,205.21929171122156,181.3780225929313,8780.101030982092,6849.898969017907,7815.0,7675.0,0.733767567337225,-0.08610792192881744,0.06275033377837125,0.014012738853503182,17000.0,6700.0,-0.5317647058823529,0.1880597014925373,1.018554062699936,1.0371335504885995,0.01005025125628145,0
2024-07-23,7790.0,8180.0,7790.0,7980.0,28313984100,3535409,278,7950.0,8020.0,53.445449837921,187.2931242330951,182.56104292096407,8782.893659673548,6928.1063403264525,7855.5,7669.4,0.556465143581343,-0.11184939091915835,0.05804749340369386,0.007537688442211143,17000.0,6700.0,-0.528235294117647,0.19701492537313434,1.020940742155178,1.0457141366990899,-0.04488778054862841,0
2024-07-24,8020.0,8300.0,8020.0,8020.0,17044879550,2093340,261,7980.0,8120.0,55.28788310861872,179.0912195225037,181.867078241272,8797.173252070035,6991.826747929966,7894.5,7667.0,0.3352003855283214,-0.029868578255675016,0.046391752577319645,0.012468827930174564,17000.0,6700.0,-0.5223529411764706,0.21194029850746268,1.028564190259041,1.0590843876353202,-0.08374384236453203,0
2024-07-27,8120.0,8340.0,8040.0,8050.0,41886048820,5192632,280,8020.0,8090.0,54.58989530748474,168.23113783161352,179.13989015934033,8806.503986325057,7050.496013674944,7928.5,7666.8,0.8172119842235905,-0.020581113801452777,0.008728179551122262,-0.003694581280788145,17000.0,6700.0,-0.5241176470588236,0.20746268656716418,1.0203695528788548,1.0551990400166953,-0.04202719406674904,0
2024-07-29,8000.0,8320.0,8000.0,8030.0,70111193430,8736527,403,8050.0,8000.0,52.45058328902874,150.62587567685114,173.43708726284248,8807.027451115164,7103.972548884837,7955.5,7661.4,1.3108634246505346,0.019108280254777066,-0.038461538461538436,-0.011124845488257096,17000.0,6700.0,-0.5294117647058824,0.19402985074626866,1.005593614480548,1.044195577831728,-0.03500000000000003,0
2024-07-30,8000.0,8080.0,7830.0,8010.0,40883711180,5107772,477,8030.0,8040.0,53.32604793123681,138.30692811198878,166.41105543267173,8808.40253662444,7156.5974633755595,7982.5,7659.2,0.7456351427164551,0.01005025125628145,-0.07692307692307687,0.004999999999999893,17000.0,6700.0,-0.5270588235294118,0.2,1.007203257124961,1.0497179862126593,-0.04726368159203975,0
2024-07-31,7550.0,7810.0,7530.0,7870.0,23762251360,3107711,342,8010.0,7660.0,44.87343435878992,96.76579337471048,152.4820030210795,8801.86629669299,7177.1337033070095,7989.5,7650.6,0.46503762067262305,-0.04488778054862841,-0.1517165005537099,-0.04726368159203975,17000.0,6700.0,-0.5494117647058824,0.14328358208955225,0.9587583703610989,1.001228661804303,0.01436031331592691,0
2024-08-03,7610.0,7610.0,7400.0,7680.0,29421359090,3934407,369,7870.0,7440.0,40.8375808759728,45.56671865604676,131.09894614807294,8813.138643925899,7146.861356074101,7980.0,7640.8,0.5874911597065162,-0.08374384236453203,-0.11111111111111116,-0.02872062663185382,17000.0,6700.0,-0.5623529411764706,0.11044776119402985,0.9323308270676691,0.973720029316302,0.03897849462365599,0
2024-08-04,7610.0,7750.0,7610.0,7700.0,33757118420,4370071,209,7680.0,7750.0,47.94241287498274,29.663549361868718,110.81186679083211,8803.668909662274,7181.331090337725,7992.5,7639.8,0.6535537939351598,-0.04202719406674904,-0.06174334140435833,0.04166666666666674,17000.0,6700.0,-0.5441176470588235,0.15671641791044777,0.9696590553644041,1.0144244613733344,-0.00903225806451613,0
2024-08-05,7750.0,7770.0,7650.0,7710.0,36578256240,4744789,245,7700.0,7720.0,47.34980107838883,14.47259279962691,91.54401199259108,8781.93705245326,7237.062947546739,8009.5,7642.2,0.7026092737057436,-0.03500000000000003,-0.016560509554140124,-0.003870967741935516,17000.0,6700.0,-0.5458823529411765,0.15223880597014924,0.963855421686747,1.010180314569103,-0.0090673575129534,0
2024-08-06,7740.0,7750.0,7640.0,7700.0,20679583390,2693640,874,7710.0,7660.0,46.12187550890824,-2.380408413519035,72.75912791136906,8770.877148014655,7265.122851985345,8018.0,7646.2,0.3953040321799354,-0.04726368159203975,-0.03768844221105527,-0.007772020725388629,17000.0,6700.0,-0.5494117647058824,0.14328358208955225,0.9553504614617111,1.001804818079569,0.015665796344647598,0
2024-08-10,7630.0,7770.0,7630.0,7720.0,31749793240,4098171,322,7700.0,7770.0,48.74613411651338,-6.782270806571432,56.85084816778097,8762.615637163759,7292.38436283624,8027.5,7651.8,0.5881567777127447,0.01436031331592691,-0.03117206982543641,0.01436031331592691,17000.0,6700.0,-0.5429411764705883,0.15970149253731344,0.9679227654936157,1.015447345722575,0.014157014157014203,0
2024-08-11,7650.0,7790.0,7650.0,7720.0,8400084950,1088225,163,7720.0,7730.0,47.83374409634605,-13.344615749200784,42.811755384384625,8763.411689629804,7288.588310370197,8026.0,7653.2,0.1574197889415399,0.03897849462365599,-0.04802955665024633,-0.005148005148005175,17000.0,6700.0,-0.5452941176470588,0.1537313432835821,0.963119860453526,1.010035018031673,0.02069857697283317,0
2024-08-12,7650.0,7780.0,7650.0,7720.0,13750398730,1783121,407,7720.0,7680.0,46.65813636991758,-22.322582690017043,29.784887769504294,8761.699143086189,7256.300856913812,8009.0,7652.0,0.27026958820037883,-0.00903225806451613,-0.050679851668726794,-0.0064683053040103244,17000.0,6700.0,-0.548235294117647,0.14626865671641792,0.958921213634661,1.003659174072138,0.03255208333333326,0
2024-08-13,7650.0,7780.0,7650.0,7710.0,15112738560,1972876,187,7720.0,7650.0,45.92876492494012,-31.495376359432157,17.52883494371701,8729.488726707956,7221.511273292043,7975.5,7653.2,0.33166020444782945,-0.0090673575129534,-0.043749999999999956,-0.00390625,17000.0,6700.0,-0.55,0.1417910447761194,0.9591875117547489,0.9995818742486803,0.04052287581699354,0
2024-08-14,7700.0,7780.0,7700.0,7730.0,14657659100,1884116,169,7710.0,7780.0,49.605097234315316,-27.952746027954163,8.432518749382774,8606.935100140632,7251.064899859368,7929.0,7658.4,0.35478079347469493,0.015665796344647598,-0.03233830845771146,0.01699346405228752,17000.0,6700.0,-0.5423529411764706,0.16119402985074627,0.9812082229789381,1.0158779901807167,0.024421593830334265,0
2024-08-17,7880.0,7880.0,7780.0,7740.0,6273815560,796182,141,7730.0,7880.0,52.29217022382803,-16.88142316394169,3.3697303667178815,8323.618347341373,7419.381652658627,7871.5,7663.0,0.1982667923032197,0.014157014157014203,0.02872062663185382,0.01285347043701801,17000.0,6700.0,-0.5364705882352941,0.1761194029850746,1.0010798450104808,1.02831789116534,0.013959390862944066,0
2024-08-18,7890.0,7890.0,7890.0,7780.0,15184636380,1924542,116,7740.0,7890.0,52.56455355542602,-7.2172081204689675,1.252342669280512,8237.980473266842,7457.019526733159,7847.5,7672.8,0.510500442649531,0.02069857697283317,0.06048387096774199,0.0012690355329949554,17000.0,6700.0,-0.5358823529411765,0.17761194029850746,1.0054157374960178,1.0283077885517673,0.012674271229404344,0
2024-08-19,7930.0,7930.0,7930.0,7810.0,12030285800,1517060,133,7780.0,7930.0,53.703193911901074,3.6276009092662207,1.7273943172776538,8175.551882889497,7486.448117110503,7831.0,7684.4,0.4344830549933124,0.03255208333333326,0.023225806451612874,0.005069708491761693,17000.0,6700.0,-0.5335294117647059,0.18358208955223881,1.0126420635934108,1.031960855759721,0.011349306431273742,0
2024-08-20,7960.0,7960.0,7880.0,7820.0,6879380790,865688,191,7810.0,7960.0,54.583717728151235,14.476068372343434,4.27712912829081,8185.571625891732,7487.428374108268,7836.5,7697.6,0.2704333596122062,0.04052287581699354,0.031088082901554515,0.003783102143757988,17000.0,6700.0,-0.5317647058823529,0.1880597014925373,1.015759586550118,1.0340885470796093,0.008793969849246297,0
2024-08-21,7970.0,7970.0,7970.0,7840.0,8249332560,1035048,120,7820.0,7970.0,54.891688904374675,23.60833127506885,8.14336955764642,8186.805660335417,7487.194339664583,7837.0,7710.2,0.34227026797874327,0.024421593830334265,0.04046997389033935,0.0012562814070351536,17000.0,6700.0,-0.5311764705882352,0.18955223880597014,1.0169707796350644,1.0336956239786257,0.027603513174403904,0
2024-08-24,7990.0,7990.0,7990.0,7840.0,2039319660,255234,114,7840.0,7990.0,55.54102952524151,32.08963889087954,12.932623424293045,8182.399120786861,7488.600879213139,7835.5,7721.2,0.08924086004421729,0.013959390862944066,0.028314028314028405,0.0025094102885820924,17000.0,6700.0,-0.53,0.1925373134328358,1.0197179503541574,1.0348132414650573,0.03254067584480591,0
2024-08-26,7990.0,7990.0,7990.0,7870.0,11296206070,1413793,135,7840.0,7990.0,55.5410295252415,38.3688441295817,18.01986756535078,8158.781746011961,7499.218253988039,7829.0,7734.8,0.5002664025552707,0.012674271229404344,0.03363518758085382,0.0,16550.0,6700.0,-0.5172205438066465,0.1925373134328358,1.0205645676331587,1.0329937425660651,0.03629536921151444,0
2024-08-27,8020.0,8020.0,8020.0,7880.0,2901988880,361844,93,7870.0,8020.0,56.62719047751614,45.244359981788875,23.4647660486384,8145.4671858217625,7505.5328141782375,7825.5,7749.2,0.1400032040507311,0.011349306431273742,0.04427083333333326,0.003754693366708306,16280.0,6700.0,-0.5073710073710074,0.19701492537313434,1.0248546418759186,1.0349455427657048,0.03615960099750626,0
2024-08-28,8030.0,8030.0,8010.0,8030.0,66157911050,8238866,256,7880.0,8030.0,57.004261901951814,50.91327570665999,28.95446798024272,8150.487248593663,7503.512751406337,7827.0,7766.8,3.2187372858981385,0.008793969849246297,0.04967320261437913,0.0012468827930174342,15820.0,6700.0,-0.49241466498103664,0.19850746268656716,1.0259358630382012,1.033887830251841,0.031133250311332406,0
2024-08-31,8180.0,8190.0,8140.0,8090.0,24716916480,3018608,211,8030.0,8190.0,62.605886208199905,67.53805838903281,36.67118606200074,8183.353837592046,7485.646162407954,7834.5,7788.2,1.2294755994583901,0.027603513174403904,0.0526992287917738,0.01992528019925288,15820.0,6700.0,-0.4823008849557522,0.22238805970149253,1.045376220562895,1.0515908682365631,0.024420024420024333,0
2024-09-01,8250.0,8250.0,8170.0,8230.0,60579113050,7346413,519,8090.0,8250.0,64.47501171301211,84.57983332947879,46.252915515496355,8246.956916640363,7481.043083359636,7864.0,7808.6,2.7544214396070807,0.03254067584480591,0.04695431472081224,0.0073260073260073,15820.0,6700.0,-0.47850821744627053,0.23134328358208955,1.0490844354018312,1.0565274184873088,0.024242424242424176,0
2024-09-03,8390.0,8390.0,8170.0,8240.0,16741881970,2021855,698,8230.0,8280.0,65.40609701127516,99.36094095142835,56.87452060268276,8277.827917191127,7534.172082808874,7906.0,7827.6,0.7862529331534803,0.03629536921151444,0.049429657794676896,0.0036363636363636598,15820.0,6700.0,-0.47661188369152974,0.23582089552238805,1.0473058436630407,1.0577954928713782,0.01449275362318847,0
2024-09-07,8390.0,8440.0,8250.0,8260.0,13246667060,1589556,384,8240.0,8310.0,66.3557204854725,112.2024248039379,67.9401014429338,8337.603766090815,7530.396233909186,7934.0,7847.0,0.6534709916686514,0.03615960099750626,0.047919293820933184,0.0036231884057971175,15820.0,6700.0,-0.4747155499367889,0.24029850746268658,1.0473909755482733,1.0590034408054034,0.012033694344163681,0
2024-09-08,8340.0,8410.0,8220.0,8260.0,19186266620,2320050,468,8260.0,8280.0,64.45042496205929,118.59159392138645,78.07039993862433,8379.784633516703,7544.215366483297,7962.0,7869.6,1.0038098956562103,0.031133250311332406,0.04020100502512558,-0.0036101083032491488,15820.0,6700.0,-0.47661188369152974,0.23582089552238805,1.039939713639789,1.052150045745654,0.008454106280193274,0
2024-09-09,8400.0,8500.0,8310.0,8280.0,9511782990,1128445,286,8260.0,8390.0,68.07060958259245,131.02081082056793,88.66048211501305,8431.640854691268,7565.359145308731,7998.5,7895.4,0.5053527797425746,0.024420024420024333,0.05269761606022594,0.013285024154589431,9030.0,6700.0,-0.07087486157253599,0.25223880597014925,1.0489466775020315,1.0626440712313499,0.0,0
2024-09-10,8240.0,8490.0,8240.0,8380.0,42305563130,5011776,225,8280.0,8450.0,69.87279079294086,144.05201140174267,99.73878797235899,8494.360368512693,7570.639631487307,8032.5,7920.2,2.1994352921309317,0.024242424242424176,0.05757196495619521,0.007151370679380209,9030.0,6700.0,-0.06423034330011074,0.26119402985074625,1.051976346093993,1.066892250195702,0.002366863905325367,0
2024-09-11,8460.0,8490.0,8390.0,8390.0,10438476520,1240480,258,8380.0,8400.0,66.50411079039742,148.63141913455365,109.51731420479793,8532.40754711162,7599.592452888381,8066.0,7941.4,0.5425762702093511,0.01449275362318847,0.051314142678347885,-0.00591715976331364,9030.0,6700.0,-0.06976744186046512,0.2537313432835821,1.0414083808579222,1.057748004130254,0.0011904761904761862,0
2024-09-14,8430.0,8450.0,8340.0,8390.0,7346054290,874087,352,8390.0,8410.0,66.84835875544394,151.32318964732985,117.87848929330433,8556.454843572215,7648.5451564277855,8102.5,7961.4,0.39007357978873813,0.012033694344163681,0.04862842892768082,0.0011904761904761862,9030.0,6700.0,-0.06866002214839424,0.25522388059701495,1.0379512496143166,1.0563468736654358,0.0011890606420927874,0
2024-09-15,8440.0,8470.0,8340.0,8390.0,13398473510,1594232,312,8390.0,8350.0,62.68557889380119,146.9213210787384,123.68705565039114,8552.801095595318,7722.198904404683,8137.5,7979.2,0.7175104570144274,0.008454106280193274,0.03985056039850554,-0.007134363852556502,9030.0,6700.0,-0.0753045404208195,0.2462686567164179,1.0261136712749617,1.0464708241427711,0.0239520958083832,0
2024-09-16,8460.0,8460.0,8360.0,8390.0,11768969210,1399341,384,8390.0,8390.0,64.28244267473247,144.989129794757,127.94747047926431,8562.89745504709,7773.102544952911,8168.0,7997.0,0.6367428008490869,0.0,0.024420024420024333,0.004790419161676551,9030.0,6700.0,-0.07087486157253599,0.25223880597014925,1.027179236043095,1.0491434287857946,0.021454112038140627,0
2024-09-17,8470.0,8470.0,8270.0,8400.0,27854258280,3307757,480,8390.0,8470.0,67.29680863537885,148.204773321042,131.99893104761986,8590.074833633877,7804.925166366123,8197.5,8016.0,1.4237727908351883,0.002366863905325367,0.026666666666666616,0.009535160905840279,9030.0,6700.0,-0.06201550387596899,0.26417910447761195,1.0332418420250076,1.056636726546906,0.0035419126328217754,0
2024-09-18,8480.0,8490.0,8370.0,8410.0,33356836780,3964753,408,8400.0,8410.0,63.00227132717511,144.2488840801425,134.4489216541244,8599.706060560782,7847.293939439218,8223.5,8031.6,1.6347849987731133,0.0011904761904761862,0.01570048309178751,-0.00708382526564344,9030.0,6700.0,-0.06866002214839424,0.25522388059701495,1.0226789080075394,1.0471139000946261,0.00356718192627814,0
2024-09-22,8490.0,8490.0,8390.0,8420.0,27729973220,3286270,261,8410.0,8420.0,63.421242643367336,140.30339952866598,135.61981722903272,8608.033331793962,7887.966668206038,8248.0,8050.0,1.3073412598010714,0.0011890606420927874,0.013237063778579916,0.0011890606420927874,9030.0,6700.0,-0.06755260243632337,0.25671641791044775,1.0208535402521823,1.0459627329192547,0.0011876484560569,0
2024-09-23,8360.0,8630.0,8360.0,8450.0,33242327390,3923277,500,8420.0,8550.0,68.42683404562236,145.98367915894778,137.69258961501575,8634.98426539172,7920.015734608279,8277.5,8073.4,1.4712743465727738,0.0239520958083832,0.032608695652173836,0.015439429928741033,9030.0,6700.0,-0.053156146179401995,0.27611940298507465,1.0329205678042888,1.0590333688408848,-0.019883040935672502,0
2024-09-24,8490.0,8640.0,8490.0,8570.0,62028259870,7229872,430,8450.0,8570.0,69.12680394714548,150.36585061675942,140.2272418153645,8657.349967847156,7957.650032152845,8307.5,8095.0,2.4291268281833895,0.021454112038140627,0.021454112038140627,0.002339181286549641,9030.0,6700.0,-0.05094130675526024,0.2791044776119403,1.0315979536563347,1.0586781964175418,-0.02683780630105015,0
2024-09-25,8570.0,8650.0,8400.0,8520.0,73635176380,8645911,498,8570.0,8500.0,63.79583347480934,146.50155930174878,141.48210531264135,8660.175793729692,8005.824206270308,8333.0,8113.4,2.546015672675249,0.0035419126328217754,0.00591715976331364,-0.008168028004667427,9030.0,6700.0,-0.058693244739756366,0.26865671641791045,1.0200408016320652,1.0476495673823552,-0.022352941176470575,0
2024-09-28,8440.0,8440.0,8440.0,8510.0,12546996840,1486611,41,8520.0,8440.0,59.556233172522845,137.01812241048174,140.58930873220942,8644.946022606377,8066.0539773936225,8355.5,8127.0,0.4373028129252647,0.00356718192627814,0.004761904761904745,-0.007058823529411784,9030.0,6700.0,-0.06533776301218161,0.25970149253731345,1.0101130991562444,1.0385135966531316,-0.016587677725118488,0
2024-09-29,8430.0,8430.0,8430.0,8460.0,45342365130,5378691,168,8510.0,8430.0,58.85422258976299,127.22889837988077,137.9172266617437,8622.365582017152,8129.634417982848,8376.0,8135.2,1.4734756879186586,0.0011876484560569,0.0023781212841855748,-0.0011848341232227888,9030.0,6700.0,-0.0664451827242525,0.2582089552238806,1.0064469914040115,1.0362375848165994,-0.017793594306049876,0
2024-09-30,8380.0,8500.0,8380.0,8420.0,37634942170,4482310,643,8460.0,8380.0,55.341665813962024,114.12077244844295,133.15793581908358,8581.996684327996,8205.003315672004,8393.5,8136.4,1.2945244493182304,-0.019883040935672502,0.00359281437125758,-0.005931198102016588,9030.0,6700.0,-0.07198228128460686,0.2507462686567164,0.998391612557336,1.0299395309965096,-0.0023866348448687846,0
2024-10-01,8340.0,8420.0,8340.0,8390.0,32497206950,3889887,306,8420.0,8340.0,52.63523480740508,99.35946840018369,126.3982423353036,8567.120438244809,8234.879561755191,8401.0,8129.0,1.1094693909751654,-0.02683780630105015,-0.005959475566150174,-0.004773269689737458,9030.0,6700.0,-0.07641196013289037,0.24477611940298508,0.992738959647661,1.0259564522081437,0.003597122302158251,0
2024-10-02,8310.0,8310.0,8310.0,8380.0,10394089830,1250793,33,8390.0,8310.0,50.63517494498423,84.26888011849769,117.97236989194244,8561.022291419553,8246.977708580447,8404.0,8114.6,0.3907143656149192,-0.022352941176470575,-0.018890200708382543,-0.003597122302158251,9030.0,6700.0,-0.07973421926910298,0.24029850746268658,0.9888148500713946,1.0240800532373746,0.0072202166064982976,0
2024-10-05,8300.0,8300.0,8300.0,8360.0,13322877800,1605166,41,8380.0,8300.0,49.95378107130675,70.68771972551258,108.51543985865648,8559.077902382682,8250.922097617318,8405.0,8113.2,0.5046956602941411,-0.016587677725118488,-0.013079667063020217,-0.001203369434416346,9030.0,6700.0,-0.08084163898117387,0.23880597014925373,0.9875074360499703,1.0230242074643792,0.026506024096385472,0
2024-10-06,8280.0,8280.0,8280.0,8350.0,12030293520,1452934,35,8360.0,8280.0,48.546696278972334,57.646209791117144,98.34159384514862,8561.775077010398,8245.224922989602,8403.5,8113.6,0.45781424290146544,-0.017793594306049876,-0.016627078384798155,-0.002409638554216831,9030.0,6700.0,-0.08305647840531562,0.23582089552238805,0.9853037424882489,1.0205087753894695,0.012077294685990392,0
2024-10-07,8270.0,8420.0,8270.0,8320.0,47449706610,5713948,841,8350.0,8360.0,54.11436428335895,53.153332095609585,89.30394149524082,8556.88206051145,8258.11793948855,8407.5,8123.8,1.7090604402581555,-0.0023866348448687846,-0.022222222222222254,0.009661835748792313,9030.0,6700.0,-0.07419712070874862,0.24776119402985075,0.9943502824858758,1.0290750633939783,-0.011961722488038284,0
2024-10-08,8390.0,8390.0,8350.0,8330.0,11772626880,1406452,430,8320.0,8370.0,54.77316035841487,49.8252560424844,81.40820440468954,8556.603297774056,8256.396702225944,8406.5,8132.0,0.41893259896544394,0.003597122302158251,-0.023337222870478458,0.0011961722488038617,9030.0,6700.0,-0.07308970099667775,0.24925373134328357,0.9956581216915482,1.0292670929660601,-0.019115890083632014,0
2024-10-09,8400.0,8400.0,8320.0,8340.0,14189035800,1698226,385,8330.0,8370.0,54.773160358414884,46.64997986362505,74.45655949647666,8552.015885452507,8252.984114547493,8402.5,8139.0,0.5321007200921408,0.0072202166064982976,-0.015294117647058791,0.0,9030.0,6700.0,-0.07308970099667775,0.24925373134328357,0.9961321035406129,1.028381865093992,0.0035842293906809264,0
2024-10-12,8290.0,8590.0,8290.0,8360.0,15978852080,1896078,240,8340.0,8520.0,63.81177977967598,55.596416135304025,70.68453082424213,8566.522150354458,8250.477849645542,8408.5,8147.0,0.5880533684860649,0.026506024096385472,0.009478672985782088,0.017921146953405076,9030.0,6700.0,-0.05647840531561462,0.2716417910447761,1.0132603912707379,1.04578372407021,-0.045774647887323994,0
2024-10-13,8410.0,8570.0,8350.0,8390.0,37254978820,4430179,332,8360.0,8380.0,53.13770762694276,50.80406374262748,66.7084374079192,8565.505520416946,8248.494479583054,8407.0,8152.8,1.3021763631677807,0.012077294685990392,-0.005931198102016588,-0.016431924882629123,9030.0,6700.0,-0.07198228128460686,0.2507462686567164,0.9967883906268585,1.0278677264252771,-0.03818615751789978,0
2024-10-14,8190.0,8320.0,8150.0,8330.0,26609121800,3226406,327,8390.0,8260.0,46.03030352207788,36.897758435059586,60.746301613347285,8571.955008785953,8233.044991214047,8402.5,8158.0,0.9261320101358794,-0.011961722488038284,-0.014319809069212375,-0.014319809069212375,9030.0,6700.0,-0.08527131782945736,0.23283582089552238,0.983040761678072,1.0125030644765873,-0.03147699757869249,0
2024-10-15,8330.0,8560.0,8090.0,8300.0,14021599670,1712845,256,8330.0,8210.0,43.42407659488093,21.593413724742277,52.91572403562628,8582.63222888405,8204.36777111595,8393.5,8161.4,0.4894656349028066,-0.019115890083632014,-0.015587529976019199,-0.006053268765133124,9030.0,6700.0,-0.09080841638981174,0.2253731343283582,0.9781378447608269,1.0059548606856668,-0.030450669914738104,0
2024-10-16,8280.0,8490.0,8180.0,8310.0,16768285420,2012904,281,8300.0,8400.0,54.06701081328354,24.513446630051476,47.23526855451133,8575.90320062508,8204.09679937492,8390.0,8176.2,0.5860535914068044,0.0035842293906809264,0.010830324909747224,0.023142509135200884,9030.0,6700.0,-0.06976744186046512,0.2537313432835821,1.0011918951132301,1.0273721288618185,-0.05833333333333335,0
2024-10-19,8310.0,8400.0,8090.0,8300.0,11072245580,1343118,548,8310.0,8130.0,41.98112155988197,4.983404642700407,38.78489577214914,8593.292429694755,8158.707570305246,8376.0,8190.0,0.4065626831433488,-0.045774647887323994,-0.02048192771084334,-0.03214285714285714,9030.0,6700.0,-0.09966777408637874,0.21343283582089553,0.9706303724928367,0.9926739926739927,-0.01599015990159902,0
2024-10-20,8130.0,8400.0,8060.0,8230.0,21225002160,2628274,313,8300.0,8060.0,39.514932031815334,-15.958746824799164,27.83616725275948,8613.937492373921,8102.0625076260785,8358.0,8196.2,0.8035829458951848,-0.03818615751789978,-0.02657004830917875,-0.008610086100861003,9030.0,6700.0,-0.10741971207087486,0.20298507462686566,0.9643455372098588,0.9833825431297429,-0.00992555831265507,0
2024-10-21,8000.0,8090.0,7990.0,8200.0,8430704910,1053837,231,8230.0,8000.0,37.48239867475925,-36.97087407911022,14.87475898638554,8614.646089191201,8046.3539108088,8330.5,8201.8,0.33698821711447996,-0.03147699757869249,-0.0430622009569378,-0.007444168734491274,9030.0,6700.0,-0.11406423034330011,0.19402985074626866,0.9603265110137447,0.9753956448584458,-0.02124999999999999,0
2024-10-22,7980.0,8180.0,7960.0,8150.0,16082323430,2011768,157,8200.0,7960.0,36.147500500014154,-56.202929630733706,0.6592212629616903,8604.959013643893,7995.040986356107,8300.0,8207.8,0.7018651705957566,-0.030450669914738104,-0.04898446833930703,-0.0050000000000000044,9030.0,6700.0,-0.1184939091915836,0.1880597014925373,0.9590361445783132,0.9698092058773363,-0.04396984924623115,0
2024-10-23,7910.0,7930.0,7910.0,8140.0,2259096210,285583,42,8150.0,7910.0,34.49380129651502,-74.61889418393184,-14.396401826417016,8605.072862023593,7935.927137976406,8270.5,8210.6,0.11664540361773401,-0.05833333333333335,-0.054958183990442055,-0.006281407035175879,9030.0,6700.0,-0.12403100775193798,0.18059701492537314,0.9564113415150233,0.9633887901006016,-0.034134007585335024,0
2024-10-26,7950.0,8380.0,7900.0,8020.0,63986528560,7982075,539,8140.0,8000.0,39.82981323771569,-81.01751149274605,-27.720623759682823,8593.305742415438,7903.694257584563,8248.5,8216.0,2.8784215147256993,-0.01599015990159902,-0.06103286384976525,0.011378002528444897,9030.0,6700.0,-0.11406423034330011,0.19402985074626866,0.9698733102988422,0.9737098344693281,-0.06125000000000003,0
2024-10-27,7940.0,8090.0,7940.0,8020.0,40644718860,5069040,1106,8020.0,7980.0,39.06820777074472,-86.70283831312554,-39.517066670371364,8579.123207963825,7872.876792036175,8226.0,8222.0,1.8382130360405313,-0.00992555831265507,-0.04773269689737469,-0.0024999999999999467,9030.0,6700.0,-0.11627906976744186,0.191044776119403,0.9700948212983224,0.9705667720749209,-0.07518796992481203,0
2024-10-28,8000.0,8050.0,7780.0,7840.0,84190167060,10742119,595,8020.0,7830.0,33.841613471919274,-102.13489963036682,-52.040633262370456,8583.58570474982,7813.414295250181,8198.5,8225.6,3.498398804969065,-0.02124999999999999,-0.05205811138014527,-0.018796992481203034,9030.0,6700.0,-0.132890365448505,0.16865671641791044,0.9550527535524791,0.951906243921416,-0.06257982120051087,0
2024-10-29,7780.0,7850.0,7610.0,7720.0,36415153480,4770151,833,7840.0,7610.0,27.93812563452353,-130.61147303127927,-67.75480121615223,8618.31568020688,7705.684319793119,8162.0,8222.2,1.5315478597729633,-0.04396984924623115,-0.07308160779537154,-0.028097062579821253,9030.0,6700.0,-0.15725359911406422,0.13582089552238805,0.9323695172751777,0.9255430420082216,-0.009198423127463884,0
2024-10-30,7520.0,7680.0,7490.0,7630.0,56614010950,7430933,463,7720.0,7640.0,29.738077527259165,-149.040566458988,-84.01195426471939,8632.336282935907,7624.663717064093,8128.5,8217.4,2.1705015460618116,-0.034134007585335024,-0.09047619047619049,0.003942181340341744,9030.0,6700.0,-0.1539313399778516,0.14029850746268657,0.9399028110967583,0.9297344658894541,-0.02486910994764402,0
2024-11-02,7630.0,7720.0,7510.0,7600.0,54303479220,7152124,708,7630.0,7510.0,26.6335777384393,-172.1512172475468,-101.63980686128488,8653.124099824387,7524.875900175613,8089.0,8209.8,1.9325104580589139,-0.06125000000000003,-0.07626076260762604,-0.017015706806282727,9030.0,6700.0,-0.16832779623477298,0.1208955223880597,0.9284213128940536,0.9147604082925285,0.005326231691078487,0
2024-11-03,7550.0,7550.0,7380.0,7520.0,22079880810,2984982,718,7600.0,7380.0,23.941905691134906,-198.66638561752734,-121.04512261253339,8679.118886510769,7408.881113489231,8044.0,8198.8,0.7901894986438439,-0.07518796992481203,-0.08436724565756826,-0.017310252996005304,9030.0,6700.0,-0.18272425249169436,0.10149253731343283,0.9174540029835903,0.9001317265941358,0.046070460704606964,0
2024-11-04,7300.0,7400.0,7300.0,7480.0,12086477630,1654789,245,7520.0,7340.0,23.1661105048573,-220.3672567265712,-140.90954943534098,8680.112800057374,7305.887199942627,7993.0,8186.4,0.462930595911147,-0.06257982120051087,-0.08250000000000002,-0.005420054200542035,9030.0,6700.0,-0.18715393133997785,0.0955223880597015,0.9183035155761291,0.8966090100654744,0.043596730245231585,0
2024-11-05,7310.0,7690.0,7280.0,7490.0,8322013480,1102142,253,7480.0,7540.0,34.580445957166376,-218.9036399974566,-156.50836754776412,8642.767676086974,7260.2323239130255,7951.5,8177.8,0.30964449370959735,-0.009198423127463884,-0.05276381909547734,0.027247956403269713,9030.0,6700.0,-0.16500553709856036,0.1253731343283582,0.9482487580959568,0.9220083641077063,0.009283819628647105,0
2024-11-06,7360.0,7690.0,7280.0,7480.0,6978661710,942085,256,7490.0,7450.0,32.25806569257101,-222.44179053735388,-169.6950521456821,8601.674547080465,7209.325452919535,7905.5,8167.0,0.26751834323061896,-0.02486910994764402,-0.058154235145385536,-0.011936339522546469,9030.0,6700.0,-0.17497231450719822,0.11194029850746269,0.9423818860287142,0.9122076649932656,0.01879194630872494,0
2024-11-09,7480.0,7700.0,7480.0,7500.0,15123814150,1998444,372,7480.0,7550.0,37.29694136159239,-214.7016886465335,-178.69637944585241,8508.923308375068,7205.076691624931,7857.0,8158.2,0.5666628075238483,0.005326231691078487,-0.05625000000000002,0.01342281879194629,9030.0,6700.0,-0.1638981173864895,0.12686567164179105,0.9609265623011327,0.9254492412541983,0.038410596026489996,0
2024-11-10,7600.0,7720.0,7590.0,7690.0,90327784190,11752541,522,7500.0,7720.0,44.81233409368645,-192.62950980162896,-181.48300551700774,8432.026315222209,7215.97368477779,7824.0,8152.2,3.019039469709269,0.046070460704606964,-0.03258145363408527,0.02251655629139071,9030.0,6700.0,-0.1450719822812846,0.15223880597014924,0.9867075664621677,0.9469836363190305,-0.015544041450777257,0
2024-11-11,7910.0,7920.0,7500.0,7720.0,29016894090,3745723,640,7690.0,7660.0,42.859793632124095,-177.92760888551675,-180.77192619070956,8371.456491869907,7216.543508130093,7794.0,8144.8,0.9558405622207569,0.043596730245231585,-0.02171136653895278,-0.007772020725388629,9030.0,6700.0,-0.15171650055370986,0.14328358208955225,0.9828072876571722,0.9404773597878401,-0.0013054830287205776,0
2024-11-12,7560.0,7720.0,7510.0,7680.0,25414317280,3334814,309,7720.0,7610.0,41.24693037575231,-168.3699644767612,-178.29153384791988,8313.559823861518,7214.440176138482,7764.0,8133.2,0.83373011683398,0.009283819628647105,0.0,-0.00652741514360311,9030.0,6700.0,-0.15725359911406422,0.13582089552238805,0.9801648634724369,0.9356710765750258,0.006570302233902758,0
2024-11-13,7510.0,7670.0,7490.0,7650.0,18491098410,2442124,510,7680.0,7590.0,40.58896934717803,-160.55847709694808,-174.74492249772555,8193.19245257158,7253.80754742842,7723.5,8120.0,0.6072921137872357,0.01879194630872494,-0.00654450261780104,-0.0026281208935611255,9030.0,6700.0,-0.15946843853820597,0.1328358208955224,0.9827150903087978,0.9347290640394089,0.006587615283267567,0
2024-11-16,7660.0,7870.0,7660.0,7730.0,31756670320,4069041,531,7650.0,7840.0,51.091372973962415,-132.66561972419458,-166.32906194301938,8144.242461167,7273.757538833,7709.0,8111.2,0.9786925576063542,0.038410596026489996,0.04394141145139807,0.03293807641633739,9030.0,6700.0,-0.13178294573643412,0.1701492537313433,1.016993124918926,0.9665647499753428,-0.0012755102040816757,0
2024-11-17,7600.0,7750.0,7580.0,7650.0,45637644330,5985028,554,7730.0,7600.0,43.196792821801395,-128.44568167176112,-158.75238588876772,8092.270845622363,7279.729154377637,7686.0,8097.0,1.3836720503125308,-0.015544041450777257,0.02981029810298108,-0.030612244897959218,9030.0,6700.0,-0.1583610188261351,0.13432835820895522,0.9888108248763986,0.9386192416944548,0.05657894736842106,1
2024-11-18,7750.0,7860.0,7540.0,7690.0,104274394660,13558156,771,7650.0,7650.0,45.10004738790795,-119.6870899592077,-150.93932670285574,8048.461840192816,7288.538159807184,7668.5,8084.4,2.7386434813409894,-0.0013054830287205776,0.04223433242506802,0.006578947368421018,9030.0,6700.0,-0.15282392026578073,0.1417910447761194,0.9975875334159223,0.9462668843698976,0.08104575163398686,1
2024-11-19,7660.0,7810.0,7650.0,7690.0,24381884650,3166600,377,7690.0,7660.0,45.493405176310304,-110.6632692162184,-142.88411520552827,8009.155732419305,7297.844267580695,7653.5,8069.8,0.6322546887846792,0.006570302233902758,0.01591511936339529,0.0013071895424836555,9030.0,6700.0,-0.15171650055370986,0.14328358208955225,1.000849284641014,0.9492180723190166,0.052219321148825104,1
2024-11-20,7570.0,7780.0,7510.0,7610.0,37491033100,4963245,384,7690.0,7640.0,44.802007465833256,-103.9276459079947,-135.09282134602157,7975.618831418491,7304.381168581509,7640.0,8053.6,0.946767185246162,0.006587615283267567,0.025503355704697972,-0.0026109660574412663,9030.0,6700.0,-0.1539313399778516,0.14029850746268657,1.0,0.9486440846329591,0.07198952879581144,1
2024-11-23,7690.0,7830.0,7600.0,7800.0,68399566010,8767129,615,7610.0,7830.0,52.22957909440796,-82.30939236556242,-124.53613554992975,7937.524508826849,7325.475491173151,7631.5,8042.2,1.6599505013717064,-0.0012755102040816757,0.03708609271523189,0.024869109947643908,9030.0,6700.0,-0.132890365448505,0.16865671641791044,1.0260106139029024,0.9736141851732113,0.04725415070242667,0
2024-11-24,7850.0,8030.0,7850.0,8030.0,67300583080,8382921,430,7800.0,8030.0,58.55206085297479,-48.47959950621498,-109.32482834118682,7951.955971799106,7316.044028200894,7634.0,8034.6,1.5389258796433518,0.05657894736842106,0.04015544041450769,0.025542784163473886,9030.0,6700.0,-0.11074197120708748,0.19850746268656716,1.0518731988472623,0.9994274761655838,0.026151930261519407,0
2024-11-25,8270.0,8270.0,8190.0,8270.0,98660136730,11932696,558,8030.0,8270.0,64.60583384946503,-2.277002827167962,-87.91526323838305,8071.181887854844,7240.818112145156,7656.0,8033.0,2.166908544105802,0.08104575163398686,0.07963446475195823,0.0298879202988791,9030.0,6700.0,-0.08416389811738649,0.23432835820895523,1.0801985370950888,1.0295032988920703,0.021765417170495738,0
2024-11-26,8500.0,8510.0,8030.0,8190.0,64753353450,7908421,697,8270.0,8060.0,56.78980262276297,17.19542480259497,-66.89312563018744,8128.578881978159,7228.421118021841,7678.5,8026.4,1.396335492458998,0.052219321148825104,0.059132720105124825,-0.025392986698911768,9030.0,6700.0,-0.10741971207087486,0.20298507462686566,1.04968418310868,1.0041861855875611,0.048387096774193505,0
2024-11-27,8060.0,8350.0,8050.0,8190.0,30914194850,3774223,416,8190.0,8190.0,60.01475325583798,42.6260114093584,-44.98929822227828,8207.57352402485,7204.426475975149,7706.0,8020.8,0.6886185810135611,0.07198952879581144,0.07905138339920947,0.016129032258064502,9030.0,6790.0,-0.09302325581395349,0.20618556701030927,1.0628082014015052,1.0210951526032315,0.0293040293040292,0
2024-11-30,8380.0,8430.0,8050.0,8240.0,45538241400,5510637,568,8190.0,8200.0,60.26045095324161,62.86221446127547,-23.41899568556753,8277.099478198315,7203.900521801685,7740.5,8016.6,1.0207176073003288,0.04725415070242667,0.04591836734693877,0.0012210012210012167,9030.0,6790.0,-0.09191583610188261,0.20765832106038293,1.0593630902396487,1.0228775291270613,0.034146341463414664,0
2024-12-01,8240.0,8250.0,8120.0,8220.0,17631153110,2157452,257,8240.0,8240.0,61.285212592139345,81.19129418045486,-2.4969377123630494,8335.270785745948,7231.729214254052,7783.5,8013.0,0.40270425047040687,0.026151930261519407,0.08421052631578951,0.004878048780487809,9030.0,6830.0,-0.08748615725359911,0.20644216691068815,1.0586497077150383,1.0283289654311742,0.024271844660194164,0
2024-12-02,8120.0,8460.0,8120.0,8460.0,452093196630,53446816,1269,8220.0,8450.0,66.21143147703299,111.37856411222856,20.278162652555274,8423.49636440503,7254.5036355949715,7839.0,8011.0,6.725397756105034,0.021765417170495738,0.10457516339869288,0.025485436893203817,9030.0,6970.0,-0.06423034330011074,0.21233859397417504,1.077943615257048,1.0547996504805892,0.024852071005917242,0
2024-12-03,8570.0,8630.0,8280.0,8440.0,104748127050,12412847,3196,8460.0,8450.0,66.21143147703299,133.76028768712513,42.97458765946925,8509.111078994516,7259.888921005485,7884.5,8008.6,1.4581824665722996,0.048387096774193505,0.10313315926892952,0.0,9030.0,6970.0,-0.06423034330011074,0.21233859397417504,1.0717230008244023,1.0551157505681392,0.02721893491124261,0
2024-12-04,8540.0,8570.0,8320.0,8480.0,149215655020,17586228,745,8440.0,8430.0,65.2937572098668,148.17605074224866,64.01488027602514,8567.76414056187,7299.235859438129,7933.5,8007.2,1.881935836451045,0.0293040293040292,0.10340314136125661,-0.002366863905325478,9030.0,6970.0,-0.0664451827242525,0.20946915351506457,1.0625827188504444,1.0528024777700071,0.04982206405693956,0
2024-12-07,8570.0,8620.0,8230.0,8350.0,119662711060,14325034,765,8480.0,8480.0,66.54222495117398,161.77044002199182,83.56599222521848,8631.12210836577,7328.877891634231,7980.0,8008.0,1.4380999384825974,0.034146341463414664,0.08301404853129002,0.005931198102016699,9030.0,7000.0,-0.06090808416389812,0.21142857142857144,1.06265664160401,1.0589410589410588,0.06839622641509435,1
2024-12-08,8410.0,8590.0,8200.0,8410.0,72533397330,8624255,556,8350.0,8440.0,64.54196437972038,167.38689384490135,100.33017254915507,8685.011210670405,7346.988789329595,8016.0,8008.2,0.8796069056687734,0.024271844660194164,0.05105853051058529,-0.004716981132075526,9030.0,7000.0,-0.06533776301218161,0.2057142857142857,1.0528942115768463,1.0539197322744187,0.09834123222748814,1
2024-12-09,8460.0,8660.0,8460.0,8650.0,71974493160,8320138,573,8410.0,8660.0,69.9010214975004,187.42956400421826,117.75005084016772,8769.687430612965,7362.312569387035,8066.0,8013.8,0.8292449304461171,0.024852071005917242,0.047158403869407506,0.026066350710900466,9030.0,7000.0,-0.04097452934662237,0.23714285714285716,1.0736424497892387,1.080635903067209,0.04041570438799069,0
2024-12-10,8670.0,8850.0,8480.0,8760.0,72805997230,8308450,462,8650.0,8680.0,70.3398940396954,202.59200285833867,134.71844124380192,8838.901834861903,7400.098165138098,8119.5,8020.6,0.8080521085241763,0.02721893491124261,0.07692307692307687,0.002309468822170979,9030.0,7000.0,-0.03875968992248062,0.24,1.0690313442945993,1.0822133007505672,0.016129032258064502,0
2024-12-11,8730.0,8900.0,8650.0,8800.0,75291805210,8554304,666,8760.0,8850.0,73.83252060861346,225.72391930691083,152.9195368564237,8925.678982481788,7439.321017518212,8182.5,8031.4,0.8079487811922705,0.04982206405693956,0.08058608058608052,0.019585253456221308,9030.0,7000.0,-0.019933554817275746,0.2642857142857143,1.0815765352887259,1.1019249445924746,-0.01016949152542368,0
2024-12-14,8960.0,9060.0,8960.0,9050.0,118968057940,13142542,800,8800.0,9060.0,77.37652199870018,258.0270000651162,173.9410294981622,9060.794928408748,7426.205071591252,8243.5,8046.6,1.1903014340783737,0.06839622641509435,0.1048780487804879,0.023728813559322104,9060.0,7000.0,0.0,0.29428571428571426,1.099047734578759,1.1259413913951233,-0.025386313465783683,0
2024-12-15,9320.0,9320.0,9120.0,9250.0,62575162120,6740840,630,9050.0,9270.0,80.25622019853176,297.14733968974906,198.5822915364796,9203.35837418413,7450.641625815869,8327.0,8066.4,0.6084259178552082,0.09834123222748814,0.125,0.023178807947019875,9270.0,7000.0,0.0,0.3242857142857143,1.1132460670109283,1.1492115441832789,-0.05177993527508096,0
2024-12-16,9250.0,9290.0,8980.0,9090.0,124235933860,13669413,1831,9250.0,9010.0,68.61163303539755,303.67014321685565,219.5998618725548,9261.683333174607,7528.3166668253925,8395.0,8079.4,1.2331773726989534,0.04041570438799069,0.0662721893491125,-0.028047464940668787,9270.0,7100.0,-0.028047464940668825,0.26901408450704223,1.0732578916021442,1.1151818204322104,-0.013318534961154316,0
2024-12-17,9060.0,9060.0,8820.0,8830.0,71479801380,8094733,513,9090.0,8820.0,61.58008984721904,290.16327825129156,233.71254514830215,9268.943625505244,7637.056374494756,8453.0,8088.4,0.7143809009742571,0.016129032258064502,0.04378698224852062,-0.021087680355160954,9270.0,7100.0,-0.04854368932038835,0.24225352112676057,1.0434165385070389,1.0904505217348301,0.024943310657596474,0
2024-12-18,8760.0,8950.0,8570.0,8680.0,62864531950,7251857,2152,8830.0,8760.0,59.50614574544475,271.4879478281164,241.267625684265,9243.76254667929,7774.237453320709,8509.0,8096.2,0.6335963782874925,-0.01016949152542368,0.039145907473309594,-0.006802721088435382,9270.0,7100.0,-0.05501618122977346,0.23380281690140844,1.0294981783993418,1.081989081297399,0.015981735159817267,0
2024-12-21,8690.0,8940.0,8690.0,8760.0,28380791540,3192595,416,8680.0,8830.0,61.1500577946953,259.34644452986504,244.883389453385,9235.9608555911,7882.039144408901,8559.0,8102.4,0.2859001014980084,-0.025386313465783683,0.041273584905660465,0.007990867579908745,9270.0,7100.0,-0.04746494066882417,0.24366197183098592,1.0316625774039023,1.089800552922591,0.018120045300113352,0
2024-12-22,8860.0,8870.0,8690.0,8750.0,51979120730,5938750,975,8760.0,8790.0,59.65961087324992,243.6874724924346,244.64420606119495,9235.12537953182,7958.874620468179,8597.0,8110.6,0.5377056470582706,-0.05177993527508096,0.041469194312796276,-0.0045300113250282825,9270.0,7100.0,-0.05177993527508091,0.2380281690140845,1.022449691752937,1.0837669222992132,0.014789533560864543,0
2024-12-23,8750.0,8940.0,8740.0,8780.0,21263559380,2402528,447,8750.0,8890.0,62.143782261479345,236.61918987060199,243.03920282307638,9259.778442179399,7996.221557820601,8628.0,8123.2,0.22733767506801822,-0.013318534961154316,0.02655889145496526,0.011376564277588264,9270.0,7100.0,-0.040992448759439054,0.252112676056338,1.0303662494204915,1.0943962970258028,0.006749156355455588,0
2024-12-24,8730.0,9040.0,8730.0,8890.0,40914639410,4556618,588,8780.0,9040.0,65.56884840775692,240.3506585871637,242.50149397589388,9276.13604465315,8077.863955346848,8677.0,8139.8,0.43811473530199907,0.024943310657596474,0.041474654377880116,0.01687289088863886,9270.0,7100.0,-0.02481121898597627,0.27323943661971833,1.041834735507664,1.1105923978476129,-0.004424778761061954,0
2024-12-25,8900.0,9040.0,8840.0,8900.0,72060937540,8098572,563,8890.0,8900.0,60.103094947345504,229.36704395099696,239.8746039709145,9275.02555497739,8149.974445022611,8712.5,8149.8,0.762812246024387,0.015981735159817267,0.005649717514124353,-0.015486725663716783,9270.0,7100.0,-0.039913700107874865,0.2535211267605634,1.0215208034433285,1.0920513386831578,0.03370786516853941,0
2024-12-28,9000.0,9100.0,8870.0,8920.0,33759043340,3775202,536,8900.0,8990.0,62.27992340016368,225.32726560128503,236.96513629698865,9274.555260238203,8229.444739761797,8752.0,8167.0,0.358520114613555,0.018120045300113352,-0.007726269315673329,0.010112359550561889,9270.0,7100.0,-0.030204962243797196,0.2661971830985915,1.0271937842778793,1.1007713970858333,0.04671857619577313,0
2024-12-29,9140.0,9140.0,8910.0,8950.0,41291292020,4602835,565,8920.0,8920.0,59.558063421064055,214.01031942300506,232.37417292219195,9256.803568383475,8315.196431616525,8786.0,8184.2,0.4321006896224061,0.014789533560864543,-0.03775620280474645,-0.007786429365962189,9270.0,7100.0,-0.037756202804746494,0.2563380281690141,1.0152515365353971,1.0899049387844872,0.07286995515695072,1
2024-12-30,9010.0,9010.0,8770.0,8910.0,51185445570,5750490,1042,8950.0,8950.0,60.35768519995387,205.0980645035761,226.9189512384688,9260.395149064396,8361.604850935604,8811.0,8203.2,0.6955611154981151,0.006749156355455588,-0.006659267480577102,0.0033632286995515237,9270.0,7100.0,-0.034519956850053934,0.2605633802816901,1.0157757348768586,1.0910376438463039,-0.5150837988826815,0
2024-12-31,8890.0,9030.0,8890.0,8920.0,17998966750,2015098,633,8910.0,9000.0,61.71631107707906,199.7668327062638,221.4885275320278,9262.777032141275,8414.222967858725,8838.5,8224.0,0.26009573819847814,-0.004424778761061954,0.020408163265306145,0.005586592178770999,9270.0,7100.0,-0.02912621359223301,0.2676056338028169,1.0182723312779318,1.0943579766536966,-0.5195555555555555,0
2025-01-05,9340.0,9350.0,9110.0,9230.0,62818428470,6764988,809,8920.0,9200.0,66.64119536289306,209.26781254932212,219.04438453548667,9285.465420816261,8468.534579183739,8877.0,8249.8,0.9387391352547321,0.03370786516853941,0.05022831050228316,0.022222222222222143,9270.0,7100.0,-0.007551240560949299,0.29577464788732394,1.0363861664976906,1.115178549783025,-0.5401086956521739,0
2025-01-06,9350.0,9410.0,9160.0,9300.0,65779485330,7064026,903,9230.0,9410.0,70.87748046005309,231.07891855115668,221.45129133862068,9351.858494724456,8495.141505275544,8923.5,8278.0,1.0322374730136432,0.04671857619577313,0.0656851642129106,0.022826086956521774,9410.0,7100.0,0.0,0.32535211267605635,1.0545189667731272,1.1367480067649192,-0.5532412327311371,0
2025-01-07,9400.0,9570.0,9400.0,9570.0,276227596180,28866234,1117,9300.0,9570.0,73.62564034241746,258.29754668876376,228.82054240864932,9435.587532755888,8524.412467244112,8980.0,8309.8,3.674647681879217,0.07286995515695072,0.0887372013651877,0.01700318809776835,9570.0,7100.0,0.0,0.34788732394366195,1.0657015590200445,1.1516522659991817,-0.5496342737722049,0
2025-01-26,4480.0,4480.0,4221.0,4457.0,105055865267,23572673,978,4350.0,4340.0,17.035694357237986,-140.528856299592,154.95066266700104,10839.180955965676,6688.819044034324,8764.0,8240.0,2.7352398674915532,-0.5150837988826815,-0.5118110236220472,-0.5464994775339602,9570.0,4340.0,-0.5464994775339603,0.0,0.4952076677316294,0.5266990291262136,-0.029493087557603714,0
2025-01-27,4445.0,4445.0,4324.0,4361.0,59718040555,13777065,2194,4457.0,4324.0,16.99266403063244,-452.67456968021725,33.42561619755739,11384.850637187084,5707.549362812917,8546.2,8174.28,1.549452781284705,-0.5195555555555555,-0.5216814159292036,-0.0036866359447004227,9570.0,4324.0,-0.548171368861024,0.0,0.5059558634246799,0.528976252342714,-0.03376503237742834,0
2025-01-29,4281.0,4360.0,4231.0,4334.0,16271154341,3839748,334,4361.0,4231.0,16.728172991379566,-699.4932958937534,-113.15816622070477,11713.825753165236,4916.674246834764,8315.25,8106.1,0.443601989493718,-0.5401086956521739,-0.5246067415730338,-0.021507863089731738,9570.0,4231.0,-0.557889237199582,0.0,0.5088241484020324,0.5219526035948236,-0.0172536043488537,0
2025-02-01,4220.0,4220.0,4204.0,4278.0,32562435881,7742147,2000,4334.0,4204.0,16.64715991160344,-887.0522033728066,-267.9369736511252,11891.357512627488,4253.542487372511,8072.45,8039.98,0.9232426221948989,-0.5532412327311371,-0.5323692992213571,-0.006381470101630815,9570.0,4204.0,-0.5607105538140021,0.0,0.5207836530421371,0.5228868728529176,-0.02473834443387246,0
2025-02-02,4150.0,4363.0,4150.0,4209.0,52019226162,12442277,3260,4278.0,4310.0,18.3196026522821,-1015.435367883485,-417.43665249759715,11933.27214144184,3715.6278585581604,7824.45,7978.58,1.434947679462914,-0.5496342737722049,-0.5168161434977578,0.025214081826831602,9570.0,4204.0,-0.5496342737722049,0.02521408182683159,0.5508374390532242,0.5401963757961943,-0.05916473317865434,0
2025-02-03,4100.0,4250.0,4100.0,4205.0,25149299439,5990534,1507,4209.0,4212.0,17.96079531694005,-1112.2662190769406,-556.4025658134658,11941.276361616336,3227.823638383664,7584.55,7916.02,0.7228878036348362,-0.029493087557603714,-0.5293854748603353,-0.022737819025522077,9570.0,4204.0,-0.5598746081504702,0.0019029495718363464,0.5553394730076273,0.532085568252733,-0.04487179487179482,0
2025-02-04,4277.0,4280.0,4151.0,4203.0,12710129895,3030187,765,4205.0,4178.0,17.83031595417397,-1178.167698284612,-680.7555923076951,11911.093678771433,2793.806321228567,7352.45,7848.78,0.3771834900120756,-0.03376503237742834,-0.5357777777777778,-0.008072174738841364,9570.0,4178.0,-0.5634273772204806,0.0,0.5682459588300499,0.5323120281113752,-0.048109143130684484,0
2025-02-05,4229.0,4237.0,4153.0,4198.0,17450626468,4174310,1443,4203.0,4158.0,17.748635714930288,-1217.9689404184328,-788.1982619298427,11835.534794807303,2409.1652051926967,7122.35,7782.94,0.5297452690004765,-0.0172536043488537,-0.5480434782608696,-0.00478697941598849,9570.0,4158.0,-0.5655172413793104,0.0,0.5837960785414926,0.5342454136868587,-0.04689754689754688,0
2025-02-09,4200.0,4224.0,4073.0,4180.0,22158868299,5353643,2090,4198.0,4100.0,17.49829222144396,-1239.8990424843214,-878.5384180407385,11706.025111964584,2065.674888035417,6885.85,7713.94,0.6702193960017946,-0.02473834443387246,-0.5642933049946866,-0.013949013949013933,9570.0,4100.0,-0.5715778474399164,0.0,0.5954239491130361,0.5315053007931096,-0.03170731707317076,0
2025-02-11,4070.0,4180.0,4055.0,4147.0,24482143898,5996041,1514,4180.0,4055.0,17.294471733424103,-1246.5405863537853,-952.1388517033479,11536.58102400437,1761.6189759956305,6649.1,7640.64,0.7503717293101804,-0.05916473317865434,-0.5762800417972831,-0.01097560975609757,9570.0,4055.0,-0.5762800417972832,0.0,0.6098569731241822,0.5307147045273695,-0.02318125770653512,0
2025-02-15,4145.0,4145.0,4023.0,4100.0,28583516881,7092372,782,4147.0,4023.0,17.141565635323232,-1240.0911909654315,-1009.7293195557646,11307.336227947319,1504.1637720526815,6405.75,7567.9,0.8622679448279584,-0.04487179487179482,-0.07304147465437782,-0.007891491985203447,9570.0,4023.0,-0.5796238244514107,0.0,0.6280295047418335,0.5315873624122941,-0.03902560278399203,0
2025-02-16,3981.0,4019.0,3977.0,3998.0,58465503372,14697417,1055,4100.0,3977.0,16.91011593279518,-1224.5756681857747,-1052.6985892817668,11006.579662092008,1298.6203379079925,6152.6,7495.24,1.6831108489093922,-0.048109143130684484,-0.08024976873265499,-0.01143425304499135,9570.0,3977.0,-0.5844305120167189,0.0,0.6463933946624191,0.5306034229724466,-0.02589891878300221,0
2025-02-17,3987.0,4070.0,3960.0,3997.0,6682222614,1675300,869,3998.0,3963.0,16.835610165898373,-1199.5811626668337,-1082.0751039587803,10677.18659184557,1134.3134081544304,5905.75,7422.7,0.19917658263096383,-0.04689754689754688,-0.06334199952729846,-0.0035202413879809047,9570.0,3963.0,-0.5858934169278996,0.0,0.6710409346823012,0.5339027577566114,-0.018420388594499126,0
2025-02-18,3995.0,4096.0,3956.0,3996.0,3953362018,994066,465,3997.0,3970.0,17.032446955744533,-1165.7697277141951,-1098.8140287098634,10276.601268702065,1032.8987312979352,5654.75,7345.3,0.12017133481257972,-0.03170731707317076,-0.05566127497621309,0.001766338632349207,9570.0,3963.0,-0.5851619644723093,0.0017663386323492304,0.7020646359255494,0.540481668549957,-0.019647355163727953,0
2025-02-19,3993.0,3996.0,3928.0,3985.0,25343409887,6391581,2315,3996.0,3961.0,16.97681118110144,-1126.712110840028,-1104.3936451358963,9829.127287752786,984.4727122472141,5406.8,7272.52,0.764405127143395,-0.02318125770653512,-0.08097447795823665,-0.00226700251889167,9570.0,3961.0,-0.5861024033437826,0.0,0.7325959902345195,0.5446530226111443,-0.04039383993940926,0
2025-02-22,3970.0,3990.0,3866.0,3950.0,26273846984,6749932,1745,3985.0,3866.0,16.369004942692143,-1090.8497373820337,-1101.6848635851238,9307.412602272565,997.7873977274348,5152.6,7196.84,0.8024664429078399,-0.03902560278399203,-0.08214624881291543,-0.023983842464024185,9570.0,3866.0,-0.5960292580982236,0.0,0.7503008190039979,0.53718020686857,-0.025607863424728428,0
2025-02-23,3835.0,3950.0,3835.0,3923.0,27469043527,7076573,794,3950.0,3874.0,16.63966213118084,-1049.682923563012,-1091.2844755807014,8686.573768476752,1106.0262315232494,4896.3,7121.12,0.8167265864538213,-0.02589891878300221,-0.07276208712302534,0.0020693222969476732,9570.0,3866.0,-0.5951933124346918,0.0020693222969477496,0.7912096889487981,0.5440155481160267,-0.02891068662880747,0
2025-02-24,3922.0,4000.0,3850.0,3910.0,32331989545,8300361,1030,3923.0,3890.0,17.21670712605733,-1004.1911700174769,-1073.8658144680567,7883.856322906657,1377.743677093344,4630.8,7046.12,0.9495541713882291,-0.018420388594499126,-0.06445406445406443,0.004130098089829559,9570.0,3866.0,-0.593521421107628,0.006207966890843249,0.840027641012352,0.5520768877055742,-0.05347043701799481,0
2025-02-25,3920.0,3990.0,3853.0,3909.0,24014450276,6145816,807,3910.0,3892.0,17.29377672484408,-956.9461645898646,-1050.4818844924184,6767.141024442415,1942.6589755575837,4354.9,6967.36,0.7067882111211993,-0.019647355163727953,-0.050731707317073216,0.0005141388174807471,9570.0,3866.0,-0.593312434691745,0.006725297465080186,0.8937059404349125,0.5586046938869242,-0.05909558067831444,0
2025-02-26,3810.0,3892.0,3792.0,3805.0,119515916330,31410650,1461,3909.0,3801.0,16.53928710871118,-916.2847368093717,-1023.6424549558092,4395.084432162883,3737.815567837117,4066.45,6882.78,3.560234697013097,-0.04039383993940926,-0.06263871763255235,-0.023381294964028743,9570.0,3801.0,-0.6028213166144201,0.0,0.9347219319062081,0.552247783599069,-0.037884767166535105,0
2025-03-01,3800.0,3865.0,3744.0,3801.0,10345573041,2736340,882,3805.0,3767.0,16.25395885165291,-876.6977522313869,-994.2535144109247,4365.95459771733,3709.64540228267,4037.8,6792.72,0.3516776770771402,-0.025607863424728428,-0.0636341039025603,-0.008945014469876389,9570.0,3767.0,-0.6063740856844305,0.0,0.932933775818515,0.5545642982487133,-0.056543668701884764,0
2025-03-02,3802.0,3847.0,3738.0,3795.0,8288650248,2206464,531,3801.0,3762.0,16.209671675840127,-836.0903112972796,-962.6208737881957,4331.19345250413,3688.20654749587,4009.7,6706.76,0.30635598233752925,-0.02891068662880747,-0.05406084988684934,-0.0013273161667108901,9570.0,3762.0,-0.6068965517241379,0.0,0.938224804848243,0.5609265875027584,-0.07336523125996808,0
2025-03-03,3683.0,3688.0,3682.0,3775.0,11468464846,3114722,157,3795.0,3682.0,15.482775613762968,-801.1290363626113,-930.3225063030789,4316.953973688733,3647.5460263112673,3982.25,6616.6,0.43465058192243544,-0.05347043701799481,-0.07090587938430482,-0.02126528442317921,9570.0,3682.0,-0.6152560083594566,0.0,0.9246029254818257,0.5564791584801861,-0.05866376969038567,0
2025-03-04,3775.0,3775.0,3662.0,3694.0,66832029000,18091891,1023,3775.0,3662.0,15.298078682350948,-766.2034900592371,-897.4987030543105,4301.222983636444,3609.077016363556,3955.15,6525.84,2.3546345860565006,-0.05909558067831444,-0.0775818639798489,-0.00543183052688756,9570.0,3662.0,-0.6173458725182863,0.0,0.9258814457100236,0.5611538131489586,-0.07318405243036596,0
2025-03-05,3689.0,3765.0,3593.0,3663.0,24091290185,6667122,1068,3694.0,3657.0,15.249103072536315,-730.507367000363,-864.1004358435209,4251.281690492389,3593.7183095076107,3922.5,6434.18,0.9016001195764665,-0.037884767166535105,-0.07674829588487753,-0.001365374112506812,9570.0,3657.0,-0.6178683385579937,0.0,0.9323135755258126,0.5683707947244249,-0.08722996992069998,0
2025-03-08,3555.0,3555.0,3554.0,3593.0,40116895714,11287505,815,3663.0,3554.0,14.23789473130114,-702.4319729570816,-831.7667432662331,4227.48187285357,3551.718127146429,3889.6,6336.26,1.4736387554431345,-0.056543668701884764,-0.08070356958096225,-0.028165162701668023,9570.0,3554.0,-0.6286311389759666,0.0,0.9137186343068696,0.5608987004952448,-0.057681485649971886,0
2025-03-09,3489.0,3500.0,3486.0,3573.0,11563939612,3315825,196,3593.0,3486.0,13.596846213604792,-677.8551602683901,-800.9844266666646,4209.004519749451,3500.9954802505486,3855.0,6236.98,0.4320914386055934,-0.07336523125996808,-0.10015487867836859,-0.019133370849746756,9570.0,3486.0,-0.6357366771159875,0.0,0.9042801556420234,0.5589243512084374,-0.0613884107860011,0
2025-03-10,3466.0,3486.0,3466.0,3498.0,42651756692,12305627,1328,3573.0,3466.0,13.405667587936364,-652.4704191559586,-771.2816251645235,4184.3133962951115,3456.4866037048882,3820.4,6137.7,1.5228864872881531,-0.05866376969038567,-0.10899742930591261,-0.005737234652897327,9570.0,3466.0,-0.6378265412748171,0.0,0.9072348445188986,0.5647066490704987,-0.05741488747836121,0
2025-03-11,3394.0,3400.0,3394.0,3441.0,33168512367,9770981,1317,3498.0,3394.0,12.712680010568391,-630.8901186358939,-743.2033238587976,4170.037345555152,3400.162654444848,3785.1,6035.98,1.1770381160520882,-0.07318405243036596,-0.12795477903391572,-0.020773225620311586,9570.0,3394.0,-0.645350052246604,0.0,0.8966737998996064,0.5622947723484837,-0.05981143193871541,0
2025-03-12,3420.0,3500.0,3338.0,3379.0,44576181788,13269192,2827,3441.0,3338.0,12.185079061010555,-611.2600812639243,-716.814675339823,4159.672160711443,3338.827839288557,3749.25,5933.94,1.5313574307386284,-0.08722996992069998,-0.12181004998684553,-0.016499705362404193,9570.0,3338.0,-0.651201671891327,0.0,0.8903113956124559,0.5625267528825705,-0.031755542240862744,0
2025-03-15,3374.0,3475.0,3336.0,3373.0,34673828589,10294388,1094,3379.0,3349.0,12.949319414077593,-588.0370026247583,-691.0591407968101,4140.938986696944,3290.1610133030563,3715.55,5827.72,1.1664913039135651,-0.057681485649971886,-0.11096363153703215,0.00329538645895755,9570.0,3338.0,-0.6500522466039708,0.0032953864589574597,0.9013470414878012,0.5746672798281317,-0.04299790982382801,0
2025-03-16,3370.0,3370.0,3272.0,3287.0,76519968683,23277566,3462,3373.0,3272.0,12.152069262847334,-569.2834566524803,-666.7040039679441,4129.367522765849,3231.2324772341512,3680.3,5719.56,2.5153800288912094,-0.0613884107860011,-0.1302498670919724,-0.02299193789190801,9570.0,3272.0,-0.658098223615465,0.0,0.8890579572317474,0.5720719775647077,-0.018948655256723734,0
2025-03-17,3320.0,3370.0,3226.0,3289.0,33305420836,10123263,1362,3287.0,3267.0,12.099974258845634,-548.501807168188,-643.0635646079929,4109.1776897836035,3181.822310216397,3645.5,5607.9,1.0461706259134733,-0.05741488747836121,-0.1127104834329169,-0.0015281173594131614,9570.0,3267.0,-0.6586206896551724,0.0,0.89617336442189,0.5825710158883005,-0.013468013468013518,0
2025-03-18,3287.0,3287.0,3191.0,3228.0,36854156441,11532313,1139,3289.0,3191.0,11.306552144796314,-532.0318332740194,-620.8572183411982,4085.280184971726,3127.819815028274,3606.55,5490.52,1.130241553859233,-0.05981143193871541,-0.12861824139814304,-0.02326293235384147,9570.0,3191.0,-0.6665621734587251,0.0,0.8847790825026687,0.5811835673123856,0.005954246317768641,0
2025-03-25,3290.0,3290.0,3223.0,3231.0,16603672114,5128813,617,3228.0,3232.0,14.561387242616206,-509.7943114677737,-598.6446369665133,4046.333934115437,3093.866065884563,3570.1,5369.76,0.5057867705892405,-0.031755542240862744,-0.11621547716707681,0.012848636790974588,9570.0,3191.0,-0.6622779519331243,0.012848636790974616,0.9052967703985882,0.6018890974643187,-0.016398514851485135,0
2025-03-26,3250.0,3280.0,3155.0,3209.0,38830485249,12139293,2756,3231.0,3205.0,14.192030046007815,-488.7159760188024,-576.6589047769712,4018.2753006680646,3055.824699331936,3537.05,5253.66,1.1661481016051778,-0.04299790982382801,-0.0981992121553179,-0.00835396039603964,9570.0,3191.0,-0.6650992685475444,0.004387339392040113,0.9061223335830706,0.6100508978502606,-0.008112324492979717,0
2025-03-29,3241.0,3269.0,3199.0,3217.0,23943183840,7415862,839,3209.0,3210.0,14.623917868281694,-466.2333374075715,-554.5737913030913,3979.091107231973,3028.6088927680266,3503.85,5141.46,0.7112377083229894,-0.018948655256723734,-0.0791738382099828,0.0015600624024960652,9570.0,3191.0,-0.664576802507837,0.005954246317768724,0.9161351085234813,0.624336278022196,0.021495327102803774,0
2025-03-30,3219.0,3260.0,3149.0,3210.0,23161629903,7240435,1797,3217.0,3223.0,15.810396245531692,-442.2684970436999,-532.1127324512131,3925.8660066397965,3015.1339933602035,3470.5,5030.72,0.6979604795718374,-0.013468013468013518,-0.07010963646855162,0.004049844236760025,9570.0,3191.0,-0.6632183908045977,0.010028204324663115,0.9286846275752774,0.6406637618472107,-0.024511324852621752,0
2025-04-05,3250.0,3267.0,3172.0,3206.0,21412593682,6690742,1266,3210.0,3210.0,15.577265521410752,-419.48956516837416,-509.58809899464535,3861.5429877148135,3011.2570122851866,3436.4,4918.32,0.6432818341578943,0.005954246317768641,-0.05421331761932824,-0.004033509152963077,9570.0,3191.0,-0.664576802507837,0.005954246317768724,0.9341170992899546,0.6526618845459425,0.0031152647975076775,0
2025-04-06,3236.0,3244.0,3174.0,3205.0,14448531094,4510231,603,3206.0,3179.0,15.008924055482822,-399.3352502783796,-487.53752925139224,3809.703313541174,3000.8966864588265,3405.3,4806.1,0.4980417938911014,-0.016398514851485135,-0.04763331336129417,-0.009657320872274111,9570.0,3179.0,-0.667816091954023,0.0,0.9335447684491821,0.6614510725952435,0.02956904687008488,0
2025-04-07,3220.0,3220.0,3133.0,3189.0,18244062346,5782665,1111,3205.0,3179.0,15.008924055482822,-378.9940035665213,-465.82882411441807,3755.5861335406967,2996.2138664593035,3375.9,4691.88,0.6279877435928345,-0.008112324492979717,-0.050761421319796995,0.0,9570.0,3179.0,-0.667816091954023,0.0,0.9416748126425546,0.6775535606196237,0.030198175526895188,0
2025-04-08,3202.0,3284.0,3202.0,3241.0,35119308772,10727175,567,3189.0,3279.0,25.216685315346325,-350.76090140120186,-442.81523957177484,3689.228814154438,3014.271185845562,3351.75,4576.66,1.1134380968384816,0.021495327102803774,0.0021393643031784038,0.0314564328405158,9570.0,3179.0,-0.6573667711598746,0.031456432840515886,0.9782949205638846,0.7164613495431166,-0.009149130832570851,0
2025-04-09,3284.0,3305.0,3144.0,3172.0,44717364276,14170694,1539,3241.0,3144.0,21.468086487451245,-335.412905101864,-421.33477267779267,3637.6063108925027,3012.093689107497,3324.85,4461.54,1.391045832798894,-0.024511324852621752,-0.037649219467401296,-0.04117108874656905,9570.0,3144.0,-0.671473354231975,0.0,0.9456065687173858,0.7046894121760647,0.060432569974554706,1
2025-04-12,3178.0,3220.0,3121.0,3178.0,35768660192,11245569,1128,3172.0,3220.0,27.96063700272977,-313.503074324869,-399.76843300720793,3577.2086489857625,3028.2913510142375,3302.75,4346.14,1.142289453071194,0.0031152647975076775,0.009088060169226031,0.024173027989821794,9570.0,3144.0,-0.6635318704284221,0.024173027989821884,0.9749451214896677,0.740887316101184,0.05652173913043468,1
2025-04-13,3273.0,3273.0,3270.0,3204.0,15953225960,4874222,349,3178.0,3273.0,32.17202239611137,-288.53664765542953,-377.5220759368523,3504.7544077388416,3062.345592261159,3283.55,4233.2,0.49965792059277025,0.02956904687008488,0.01268564356435653,0.016459627329192594,9570.0,3144.0,-0.6579937304075235,0.04103053435114504,0.99678701405491,0.7731739582349051,0.06018942865872279,1
2025-04-14,3300.0,3300.0,3250.0,3251.0,33817046507,10296386,572,3204.0,3275.0,32.3327802740766,-265.52834587560756,-355.12332992460335,3452.736451868798,3086.4635481312016,3269.6,4119.7,1.060874774063833,0.030198175526895188,0.021840873634945357,0.0006110601894286916,9570.0,3144.0,-0.6577847439916406,0.041666666666666664,1.0016515781747004,0.7949607981163678,0.0726717557251908,1
2025-04-15,3246.0,3300.0,3201.0,3237.0,37332645023,11559992,544,3251.0,3249.0,31.2943962223505,-246.5500086307261,-333.4086656658279,3411.686188088096,3103.813811911904,3257.75,4004.68,1.1425434147895697,-0.009149130832570851,0.012149532710280297,-0.00793893129770995,9570.0,3144.0,-0.6605015673981192,0.033396946564885496,0.997314097152943,0.8113007780896352,0.09449061249615265,1
2025-04-16,3237.0,3334.0,3237.0,3303.0,40999823624,12309013,537,3237.0,3334.0,38.273748556887085,-222.0906275000557,-311.14505803267355,3377.6858052216617,3124.6141947783385,3251.15,3887.36,1.2165533007843816,0.060432569974554706,0.034439962767607746,0.026161895967990123,9570.0,3144.0,-0.651619644723093,0.060432569974554706,1.025483290527967,0.8576514652617715,0.08158368326334742,1
2025-04-19,3378.0,3402.0,3378.0,3369.0,40244106924,11831250,351,3303.0,3402.0,43.24117062880805,-194.97184595893168,-287.9104156179252,3379.926750243548,3123.173249756452,3251.55,3767.2,1.15754859341299,0.05652173913043468,0.059813084112149584,0.020395920815836854,9570.0,3144.0,-0.6445141065830721,0.08206106870229007,1.0462702403469115,0.903057974092164,0.06731334509112297,1
2025-04-20,3470.0,3470.0,3470.0,3411.0,25349030120,7305196,297,3369.0,3470.0,47.76788847421282,-166.07853454114002,-263.54403940256816,3414.2131603008656,3102.0868396991345,3258.15,3645.2,0.736206545251845,0.06018942865872279,0.09153821956590114,0.01998824221046447,9570.0,3144.0,-0.6374085684430512,0.10368956743002544,1.0650215613154703,0.9519367935915726,0.056484149855907884,1
2025-04-21,3513.0,3513.0,3513.0,3453.0,25664639547,7305619,256,3411.0,3513.0,50.45857272205018,-138.11849243841243,-238.458930009737,3454.5671883837736,3078.1328116162263,3266.35,3628.66,0.7475067607434467,0.0726717557251908,0.10506448568732307,0.012391930835734977,9570.0,3144.0,-0.6329153605015674,0.11736641221374046,1.0755124221225527,0.9681259748777786,0.021918588101337955,0
2025-04-22,3556.0,3556.0,3556.0,3501.0,29124507664,8190244,254,3453.0,3556.0,53.062505339192796,-111.20827720193529,-213.0087994481767,3507.2484561109577,3053.8515438890427,3280.55,3613.3,0.9081151402693675,0.09449061249615265,0.08447697468740478,0.012240250498149807,9570.0,3144.0,-0.6284221525600836,0.13104325699745548,1.0839645791102102,0.9841419201284144,0.05849268841394828,1
2025-04-23,3606.0,3606.0,3606.0,3526.0,14884096752,4127592,238,3501.0,3606.0,55.961077670579,-84.8688404531058,-187.3808076491625,3564.688697371521,3030.311302628479,3297.5,3600.8,0.4733930207745918,0.08158368326334742,0.14694656488549618,0.014060742407199012,9570.0,3144.0,-0.6231974921630095,0.14694656488549618,1.0935557240333587,1.0014441235281049,0.0640599001663893,1
2025-04-26,3631.0,3631.0,3631.0,3560.0,20664144454,5691034,263,3526.0,3631.0,57.378336972919676,-61.2710613427339,-162.1588583878768,3618.5481566622475,3020.4518433377525,3319.5,3589.34,0.6753252113195483,0.06731334509112297,0.12763975155279494,0.00693288962839711,9570.0,3144.0,-0.6205851619644723,0.15489821882951654,1.093839433649646,1.011606590626689,0.04461580831726808,0
2025-04-27,3666.0,3666.0,3610.0,3664.0,180393922439,49229405,734,3560.0,3666.0,59.3506634901881,-39.29250436061693,-137.58558758242484,3672.9038438171706,3009.496156182829,3341.2,3576.46,4.630248181809687,0.056484149855907884,0.12007332722273145,0.009639217846323378,9570.0,3144.0,-0.6169278996865204,0.16603053435114504,1.0972105830240633,1.0250359293826856,0.0739225313693399,1
2025-04-28,3759.0,3759.0,3560.0,3655.0,81684981957,22346225,1711,3664.0,3590.0,53.55529482466753,-27.68773744459213,-115.6060175548583,3702.81733197413,3018.0826680258697,3360.45,3564.02,2.0054987680904053,0.021918588101337955,0.09618320610687014,-0.020731042007637757,9570.0,3144.0,-0.6248693834900731,0.14185750636132316,1.0683093038134774,1.0072895213831572,0.11699164345403901,1
2025-04-29,3582.0,3764.0,3582.0,3726.0,83632919513,22444869,1881,3655.0,3764.0,62.56739282996732,-4.39981194121583,-93.36477643212982,3765.2305086491233,3011.069491350877,3388.15,3555.74,1.8870863510110902,0.05849268841394828,0.15851031086488154,0.048467966573816135,9570.0,3144.0,-0.606687565308255,0.19720101781170485,1.1109307439162965,1.0585700866767538,0.09723698193411257,1
2025-04-30,3830.0,3837.0,3750.0,3806.0,52704771487,13765735,529,3726.0,3837.0,65.58457241487338,19.719215868452466,-70.74797797201336,3835.092849792136,3002.607150207864,3418.85,3549.32,1.1264744437872172,0.0640599001663893,0.15086982603479293,0.019394261424017012,9570.0,3144.0,-0.5990595611285267,0.22041984732824427,1.1223072085642833,1.0810521451996438,0.09304143862392489,1
2025-05-03,3710.0,3900.0,3708.0,3823.0,90003094167,23540373,1092,3806.0,3793.0,62.323806988891654,34.88119815957725,-49.62214274569524,3882.894469961479,3013.105530038521,3448.0,3543.18,1.8021097509629815,0.04461580831726808,0.11493239271017042,-0.011467292155329711,9570.0,3144.0,-0.6036572622779519,0.20642493638676845,1.1000580046403712,1.0705072844168233,0.09016609543896648,1
2025-05-04,3820.0,3937.0,3799.0,3894.0,44997925584,11443040,418,3823.0,3937.0,67.94147314856528,57.84991706960864,-28.127730782634472,3951.4529615447336,3020.3470384552666,3485.9,3540.82,0.8533649992812086,0.0739225313693399,0.13458213256484153,0.03796467176377538,9570.0,3144.0,-0.5886102403343783,0.2522264631043257,1.1294070397888636,1.1118893363684117,0.06172212344424688,1
2025-05-05,4010.0,4010.0,4010.0,4010.0,80991975000,20197500,445,3894.0,4010.0,70.35465717624152,81.00945562225934,-6.300293501655709,4023.3659102136853,3031.5340897863143,3527.45,3540.56,1.429399789419811,0.11699164345403901,0.14147452319954446,0.018542037084074092,9570.0,3144.0,-0.58098223615465,0.27544529262086515,1.1367985371869198,1.1325891949296156,0.07805486284289276,1
2025-05-06,4130.0,4130.0,4130.0,4072.0,37454924570,9068989,246,4010.0,4130.0,73.8405820713206,107.80385812792792,16.520536824261022,4116.770884377602,3023.2291156223987,3570.0,3543.62,0.645610726080979,0.09723698193411257,0.1614173228346456,0.029925187032418865,9570.0,3144.0,-0.5684430512016719,0.31361323155216286,1.1568627450980393,1.1654748533985022,0.04552058111380153,0
2025-05-07,4194.0,4194.0,4194.0,4132.0,36045131688,8594452,241,4072.0,4194.0,75.4955512045341,132.6735027334753,39.75113000610388,4196.532577475407,3048.4674225245926,3622.5,3548.24,0.6242186759652006,0.09304143862392489,0.16306156405990024,0.015496368038740993,9570.0,3144.0,-0.561755485893417,0.33396946564885494,1.1577639751552795,1.1819944535882578,0.028850739151168314,0
2025-05-10,4255.0,4255.0,4112.0,4215.0,185144128349,43923642,1216,4132.0,4135.0,71.03401032172115,145.93976556991902,60.98885711886691,4252.43417472836,3084.0658252716403,3668.25,3551.54,2.851769946251126,0.09016609543896648,0.13880473698705598,-0.014067715784453982,9570.0,3144.0,-0.5679205851619644,0.3152035623409669,1.127240509779868,1.1642836628617446,0.042321644498186206,0
2025-05-11,4215.0,4284.0,4145.0,4198.0,55692102017,13282292,655,4215.0,4180.0,72.37495745946106,158.26017359767502,80.44312041462854,4308.728355905724,3118.4716440942752,3713.6,3555.92,0.8394484097043108,0.06172212344424688,0.14020731042007628,0.010882708585247869,9570.0,3144.0,-0.5632183908045977,0.32951653944020354,1.1255924170616114,1.1755045107876443,0.02392344497607657,0
2025-05-12,4310.0,4323.0,4213.0,4308.0,109917864080,25514184,666,4198.0,4323.0,76.15298799260334,177.51678759551578,99.85785385080598,4381.625210662336,3150.374789337664,3766.0,3565.06,1.538525299582888,0.07805486284289276,0.20417827298050129,0.03421052631578947,9570.0,3144.0,-0.5482758620689655,0.375,1.147902283590016,1.2126023124435494,-0.021512838306731452,0
2025-05-13,4426.0,4426.0,4309.0,4319.0,28045205629,6466415,494,4308.0,4318.0,75.76283282537091,190.1820346012828,117.92269000090135,4431.86308771371,3207.0369122862894,3819.45,3573.94,0.3960115766731926,0.04552058111380153,0.14718384697130715,-0.0011566042100392693,9570.0,3144.0,-0.5487983281086729,0.37340966921119595,1.130529264684706,1.2081904005103612,-0.04886521537748956,0
2025-05-14,4320.0,4424.0,4258.0,4319.0,30580406874,7079333,452,4319.0,4315.0,75.51285169932018,197.69831604909132,133.87781521053935,4474.641732603057,3262.3582673969427,3868.5,3582.44,0.4406031131623727,0.028850739151168314,0.12457649205108168,-0.0006947660954145229,9570.0,3144.0,-0.5491118077324973,0.37245547073791346,1.1154194132092543,1.2044863277542681,-0.03128621089223638,0
2025-05-17,4315.0,4403.0,4190.0,4247.0,83182368623,19584104,1635,4319.0,4310.0,75.06828091529627,200.9353078837098,147.28931374517344,4509.40244332247,3318.39755667753,3913.9,3590.8,1.1901604095746596,0.042321644498186206,0.13630371737411018,-0.0011587485515642815,9570.0,3144.0,-0.5496342737722049,0.3708651399491094,1.1012034032550653,1.2002896290520217,-0.0354988399071926,0
2025-05-18,4250.0,4339.0,4244.0,4258.0,33680213949,7886215,375,4247.0,4280.0,72.31723527518479,198.78838914577545,157.58912882529384,4533.587845178944,3375.212154821056,3954.4,3600.38,0.478414511771676,0.02392344497607657,0.08712217424434843,-0.00696055684454755,9570.0,3144.0,-0.5527690700104493,0.361323155216285,1.0823386607323489,1.188763408306901,-0.028971962616822444,0
2025-05-24,4385.0,4385.0,4136.0,4233.0,31630270891,7531578,449,4258.0,4230.0,67.85399583917004,190.85233156880895,164.24176937399687,4543.912306828833,3436.5876931711673,3990.25,3609.64,0.4565876416509234,-0.021512838306731452,0.05486284289276799,-0.011682242990654235,9570.0,3144.0,-0.5579937304075235,0.34541984732824427,1.0600839546394336,1.1718620139404483,-0.017966903073286078,0
2025-05-25,4200.0,4200.0,4107.0,4166.0,40226085054,9781661,215,4233.0,4107.0,58.31866557516652,172.64770148350726,165.922955795899,4535.986684509571,3499.6133154904287,4017.8,3616.54,0.5901478847101628,-0.04886521537748956,-0.00556900726392251,-0.02907801418439715,9570.0,3144.0,-0.570846394984326,0.3062977099236641,1.022201204639355,1.1356158095859579,0.0031653274896517036,0
2025-05-26,4151.0,4270.0,4100.0,4157.0,22063400869,5333058,667,4166.0,4180.0,61.753852975803696,162.24068131429976,165.18650089957913,4532.883182278149,3560.1168177218506,4046.5,3626.5,0.32058865135008974,-0.03128621089223638,-0.0033381020505484083,0.017774531288044848,9570.0,3144.0,-0.5632183908045977,0.32951653944020354,1.0329914741134314,1.1526264993795672,-0.0052631578947368585,0
2025-05-27,4158.0,4200.0,4113.0,4156.0,14501008890,3493225,359,4157.0,4157.0,60.07394823745877,150.4033785456686,162.229876428797,4521.927865983638,3623.6721340163617,4072.8,3636.4,0.2113862914471871,-0.0354988399071926,0.005320435308343363,-0.005502392344497564,9570.0,3144.0,-0.5656217345872518,0.32220101781170485,1.0206737379689648,1.1431635683643164,-0.016117392350252557,0
2025-05-28,4200.0,4200.0,4100.0,4147.0,20361180447,4935872,375,4156.0,4156.0,59.99752757520083,139.33536778909865,157.65097470085735,4506.6922813183155,3687.907718681685,4097.3,3646.38,0.34490928814697647,-0.028971962616822444,-0.005741626794258381,-0.00024055809477985246,9570.0,3144.0,-0.5657262277951933,0.32188295165394404,1.0143265077001928,1.1397605296211586,-0.03248315688161696,0
2025-05-31,4200.0,4255.0,4123.0,4152.0,15994204963,3836741,334,4147.0,4154.0,59.83358779625172,128.9164377913403,151.90406731895393,4462.536199840629,3788.463800159371,4125.5,3658.38,0.2866413163607208,-0.017966903073286078,-0.03909322229932921,-0.0004812319538017862,9570.0,3144.0,-0.5659352142110763,0.3212468193384224,1.006908253545025,1.1354752650080089,-0.043813192103996146,0
2025-06-01,4152.0,4153.0,4079.0,4147.0,9533187131,2318254,434,4152.0,4120.0,56.98302822756468,116.57207454191348,144.83766876354585,4436.890939919833,3849.709060080168,4143.3,3671.06,0.18727564802826346,0.0031653274896517036,-0.04585456229735985,-0.008184882041405883,9570.0,3144.0,-0.5694879832810867,0.3104325699745547,0.9943764632056573,1.1222916541816261,-0.053883495145631066,0
2025-06-02,4147.0,4240.0,4117.0,4148.0,14598703883,3515986,307,4147.0,4158.0,59.31594208390417,108.60344721496222,137.59082445382913,4417.118326221453,3901.581673778548,4159.35,3684.9,0.29629896927745836,-0.0052631578947368585,-0.03638470451911935,0.00922330097087376,9570.0,3144.0,-0.5655172413793104,0.32251908396946566,0.9996754300551768,1.1283888300903688,-0.07479557479557475,0
2025-06-03,4148.0,4245.0,4090.0,4145.0,8351429701,2027753,390,4148.0,4090.0,53.70327083410452,95.69807313014235,129.21227418909177,4373.403012032971,3974.9969879670293,4174.2,3698.82,0.18791646859127878,-0.016117392350252557,-0.051044083526682105,-0.016354016354016343,9570.0,3144.0,-0.5726227795193313,0.3008905852417303,0.9798284701260123,1.1057580525681163,-0.07823960880195602,0
2025-06-07,4080.0,4080.0,4021.0,4094.0,32778866773,8125621,1674,4145.0,4021.0,48.67069233195043,78.99217522174922,119.16825439562326,4360.203630335061,3996.5963696649387,4178.4,3712.48,0.7647755761114134,-0.03248315688161696,-0.06051401869158879,-0.0168704156479218,9570.0,3144.0,-0.5798328108672937,0.2789440203562341,0.962330078498947,1.0831034779985347,-0.0671474757523004,0
2025-06-08,3972.0,4100.0,3972.0,4018.0,43578646609,10971018,2184,4094.0,3972.0,45.41585710283229,61.094481131450266,107.55349974278867,4365.937588675024,3987.062411324976,4176.5,3724.94,1.0794506605789855,-0.043813192103996146,-0.06099290780141842,-0.012186023377269373,9570.0,3144.0,-0.5849529780564263,0.2633587786259542,0.9510355560876332,1.0663259005514183,-0.06067472306142996,0
2025-06-09,4004.0,4004.0,3898.0,3963.0,35505895142,9076360,741,4018.0,3898.0,40.9608281050712,40.472703925302085,94.13734057929136,4389.462597070413,3940.337402929587,4164.9,3737.46,0.8930007711025394,-0.053883495145631066,-0.05088872656440224,-0.018630412890231596,9570.0,3144.0,-0.5926854754440961,0.23982188295165394,0.9359168287353838,1.0429543058654809,-0.0713186249358645,0
2025-06-10,3963.0,3963.0,3845.0,3878.0,58676356934,15182528,2455,3963.0,3847.0,38.181026744030035,19.786437408515667,79.26715994513623,4410.736226848994,3884.3637731510066,4147.55,3749.06,1.4468793968565823,-0.07479557479557475,-0.07966507177033488,-0.01308363263211898,9570.0,3144.0,-0.5980146290491118,0.22360050890585242,0.927535533025521,1.0261238817196845,-0.04185079282557835,0
2025-06-11,3856.0,3880.0,3762.0,3867.0,11981688547,3141714,1740,3878.0,3770.0,34.386652471535925,-2.7886880665564604,62.855990342797696,4439.802882439136,3818.797117560865,4129.3,3760.64,0.3716159583532702,-0.07823960880195602,-0.09309598267981722,-0.020015596568754845,9570.0,3144.0,-0.6060606060606061,0.1991094147582697,0.9129876734555493,1.0024889380530975,-0.02705570291777193,0
2025-06-29,3751.0,3751.0,3751.0,3846.0,12057589500,3214500,20,3867.0,3751.0,33.50192426083359,-21.95964177988526,45.89286391826111,4458.106634488218,3757.5933655117824,4107.85,3771.02,0.4042986333712582,-0.0671474757523004,-0.09744947064485077,-0.005039787798408524,9570.0,3144.0,-0.6080459770114942,0.19306615776081426,0.91312973940139,0.9946910915349163,-0.07304718741668892,0
2025-06-30,3731.0,3731.0,3731.0,3731.0,117836620720,31583120,424,3846.0,3731.0,32.552489216379854,-38.32480902787984,29.04932932903292,4450.164439089175,3706.335560910825,4078.25,3781.54,3.826284554793379,-0.06067472306142996,-0.10182956186807901,-0.005331911490269237,9570.0,3144.0,-0.6101358411703239,0.18670483460559797,0.9148531845767179,0.9866350745992374,-0.053872956311980746,0
2025-07-01,3620.0,3620.0,3620.0,3642.0,51152887840,14130632,204,3731.0,3620.0,27.83728926316502,-59.564472153484076,11.32656903252952,4448.258520536452,3638.4414794635477,4043.35,3789.74,1.6359700685976257,-0.0713186249358645,-0.12135922330097082,-0.029750737067810284,9570.0,3144.0,-0.6217345872518286,0.15139949109414758,0.8952972164170799,0.955210647696148,-0.022928176795580124,0
2025-07-02,3533.0,3714.0,3533.0,3564.0,87065429930,24430692,1488,3642.0,3686.0,33.9623856373464,-70.26147919316281,-4.991040612608947,4425.149996978852,3598.650003021148,4011.9,3799.0,2.570290455425735,-0.04185079282557835,-0.11351611351611357,0.018232044198895014,9570.0,3144.0,-0.6148380355276907,0.17239185750636132,0.9187666691592512,0.9702553303500921,-0.053174172544763976,0
2025-07-07,3670.0,3670.0,3536.0,3584.0,17126113809,4706864,331,3564.0,3668.0,33.136314322307086,-79.27752198273174,-19.848336886633508,4395.172892715718,3564.427107284282,3979.8,3808.16,0.5372415116812714,-0.02705570291777193,-0.10317848410757946,-0.004883342376559963,9570.0,3144.0,-0.6167189132706374,0.16666666666666666,0.9216543544901753,0.9631948237469015,-0.040348964013086186,0
2025-07-08,3620.0,3688.0,3477.0,3568.0,20901741979,5910430,214,3584.0,3477.0,25.92929603134904,-100.67439286364606,-36.013548082036024,4385.322648928591,3493.9773510714094,3939.65,3814.12,0.6823101458480751,-0.07304718741668892,-0.1352897289231535,-0.052071973827699014,9570.0,3144.0,-0.6366771159874608,0.10591603053435114,0.882565710151917,0.9116126393506235,0.0005752085130859008,0
2025-07-09,3461.0,3578.0,3461.0,3510.0,38432569339,11057505,560,3568.0,3530.0,30.449703605586592,-112.06311628471894,-51.22346172257261,4363.372258020068,3445.9277419799323,3904.65,3821.14,1.2510362552349041,-0.053872956311980746,-0.11127895266868082,0.015243025596778814,9570.0,3144.0,-0.6311389759665622,0.1227735368956743,0.9040502990024714,0.9238080782174953,0.004815864022662986,0
2025-07-12,3491.0,3580.0,3490.0,3511.0,34484994606,9822038,1203,3510.0,3537.0,31.048230119475434,-119.15042818117536,-64.80885501429316,4351.566985396013,3400.7330146039876,3876.15,3826.3,1.1110028554257814,-0.022928176795580124,-0.09261159569009747,0.001983002832861125,9570.0,3144.0,-0.6304075235109717,0.125,0.9125033860918695,0.9243917100070563,0.02459711620016969,0
2025-07-13,3540.0,3598.0,3468.0,3520.0,54921758651,15599283,1530,3511.0,3490.0,29.229413116733298,-127.09461353388451,-77.26600671821143,4323.954582191622,3359.345417808378,3841.65,3833.22,1.6676578640075395,-0.053174172544763976,-0.09279958409149991,-0.013288097257562859,9570.0,3144.0,-0.6353187042842215,0.11005089058524173,0.9084638111228248,0.9104617006068007,-0.1404011461318052,0
2025-07-14,3560.0,3587.0,3503.0,3524.0,26745783160,7576245,645,3520.0,3520.0,31.968890933517585,-129.47715631980873,-87.70823663853089,4288.718197611072,3330.8818023889285,3809.8,3839.22,0.7926469889417393,-0.040348964013086186,-0.06631299734748008,0.008595988538681931,9570.0,3144.0,-0.632183908045977,0.11959287531806616,0.9239330148564229,0.9168529024124692,-0.10397727272727275,0
2025-07-15,3619.0,3619.0,3459.0,3513.0,70413673187,20042722,1427,3524.0,3479.0,30.245728095901484,-133.13895301738648,-96.79437991430201,4247.854852701305,3304.0451472986947,3775.95,3843.34,1.9433481763703442,0.0005752085130859008,-0.07251399626766197,-0.011647727272727226,9570.0,3144.0,-0.6364681295715778,0.10655216284987278,0.9213575391623301,0.9052022459631466,-0.0672607070997413,0
2025-07-16,3617.0,3617.0,3515.0,3519.0,10684851488,3012939,177,3513.0,3547.0,36.37149167310713,-129.06612760360986,-103.24872945216359,4193.8286916330135,3297.3713083669863,3745.6,3848.78,0.29330685516097443,0.004815864022662986,-0.04931653712141515,0.019545846507617037,9570.0,3144.0,-0.6293625914315569,0.12818066157760813,0.9469777872703973,0.9215907378442,-0.09782915139554549,0
2025-07-19,3535.0,3624.0,3535.0,3620.0,437248915937,120789323,960,3519.0,3624.0,42.526434941152985,-118.2618783181315,-106.25135922535718,4137.178481676282,3304.421518323719,3720.8,3856.28,7.458035311380261,0.02459711620016969,0.0011049723756906271,0.021708486044544673,9570.0,3144.0,-0.6213166144200627,0.15267175572519084,0.9739840894431304,0.939765784642194,-0.13245033112582782,0
2025-07-23,3060.0,3060.0,2986.0,3063.0,4952571350,1653699,62,3070.0,3000.0,23.059422977470717,-158.22707470907426,-116.6465023221006,4137.9191154080545,3187.8808845919457,3662.9,3849.6,0.10269668670802692,-0.1404011461318052,-0.18610960390667386,-0.17218543046357615,9570.0,3000.0,-0.6865203761755486,0.0,0.8190231783559474,0.7793017456359103,0.04833333333333334,0
2025-07-26,3009.0,3154.0,3009.0,3151.0,76016220059,24127801,388,3063.0,3154.0,31.4049524491209,-175.45078043178955,-128.4073579440384,4097.966330015965,3134.2336699840353,3616.1,3844.64,1.40214720787725,-0.10397727272727275,-0.14013086150490728,0.05133333333333323,9570.0,3000.0,-0.67042842215256,0.051333333333333335,0.8722103924117143,0.8203628948354073,0.010779961953075512,0
2025-07-27,3245.0,3245.0,3245.0,3235.0,51105401160,15748968,247,3151.0,3245.0,35.83398507023668,-179.68643841475068,-138.66317403818087,4047.3294033388315,3107.270596661169,3577.3,3840.14,0.8953914652304912,-0.0672607070997413,-0.06672418751797526,0.02885225110970202,9570.0,3000.0,-0.6609195402298851,0.08166666666666667,0.9071087132753752,0.8450212752660059,-0.013251155624037003,0
2025-07-28,3300.0,3300.0,3156.0,3241.0,172543876872,53234370,2484,3235.0,3200.0,34.642784972163426,-184.54700876134712,-147.8399409828141,3999.4398832346305,3077.960116765369,3538.7,3833.88,2.7019660884498244,-0.09782915139554549,-0.09348441926345608,-0.013867488443759624,9570.0,3000.0,-0.6656217345872518,0.06666666666666667,0.9042868850142708,0.8346635784114265,0.03281249999999991,0
2025-07-29,3157.0,3170.0,3144.0,3145.0,74257533609,23612533,436,3241.0,3144.0,33.165265259351614,-190.7192845740783,-156.41580970106696,3961.3633347727255,3040.6366652272745,3501.0,3825.64,1.155839934232763,-0.13245033112582782,-0.11111111111111116,-0.01749999999999996,9570.0,3000.0,-0.671473354231975,0.048,0.8980291345329906,0.8218232766282243,0.035305343511450316,0
2025-07-30,3053.0,3145.0,3053.0,3096.0,42244509182,13705517,452,3145.0,3145.0,33.22003785350935,-193.301901982069,-163.79302815726737,3922.4198352788926,3009.3801647211076,3465.9,3816.42,0.6733228626284401,0.04833333333333334,-0.09885386819484243,0.00031806615776086566,9570.0,3000.0,-0.6713688610240335,0.04833333333333333,0.9074122161631899,0.8240707259683159,0.06677265500794904,1
2025-08-02,3059.0,3188.0,3059.0,3117.0,78269755807,25111881,516,3096.0,3188.0,35.661690423280405,-189.69225007115483,-168.97287254004488,3886.214552504778,2987.3854474952223,3436.8,3807.56,1.170523170821527,0.010779961953075512,-0.09431818181818186,0.013672496025437297,9570.0,3000.0,-0.6668756530825496,0.06266666666666666,0.9276070763500931,0.8372816186744266,0.05865746549560846,1
2025-08-03,3210.0,3210.0,3160.0,3209.0,64640650016,20140923,618,3117.0,3202.0,36.47605601542754,-183.58563105182157,-171.89542424240022,3845.5166080789218,2973.183391921078,3409.35,3798.28,0.90318549666261,-0.013251155624037003,-0.07962058062661681,0.004391468005018773,9570.0,3000.0,-0.6654127481713689,0.06733333333333333,0.939181955504715,0.84301315332203,0.05840099937539045,1
2025-08-04,3167.0,3305.0,3167.0,3248.0,37962376370,11613614,395,3209.0,3305.0,42.26601124480876,-168.49257477112633,-171.21485434814545,3800.2545487413668,2975.8454512586336,3388.05,3792.58,0.5452042857495047,0.03281249999999991,-0.06822667042571184,0.03216739537788893,9570.0,3000.0,-0.654649947753396,0.10166666666666667,0.975487374743584,0.8714384403229464,0.0408472012102874,0
2025-08-05,3331.0,3331.0,3238.0,3258.0,18278332509,5572665,357,3248.0,3255.0,40.34366943736997,-158.73599136293387,-168.71908175110315,3771.497199396604,2968.102800603396,3369.8,3782.4,0.2669731880046991,0.035305343511450316,-0.10182119205298013,-0.015128593040847238,9570.0,3000.0,-0.6598746081504702,0.085,0.9659326963024512,0.8605647208121827,0.022119815668202758,0
2025-08-06,3255.0,3355.0,3244.0,3277.0,18747801196,5654099,501,3258.0,3355.0,45.66626632430632,-141.30577938941633,-163.23642127876582,3727.832901375752,2978.667098624248,3353.25,3772.76,0.28363141855622154,0.06677265500794904,0.1183333333333334,0.030721966205837115,9570.0,3000.0,-0.6494252873563219,0.11833333333333333,1.000521881756505,0.8892693942895916,-0.0324888226527571,0
2025-08-09,3279.0,3375.0,3279.0,3291.0,8229126770,2438363,177,3277.0,3375.0,46.69070197090394,-124.44386653963011,-155.47791033093867,3684.627397763642,2992.572602236358,3338.6,3764.4,0.12301764542459968,0.05865746549560846,0.0700697526949905,0.005961251862891315,9570.0,3000.0,-0.6473354231974922,0.125,1.010902773617684,0.8965572202741473,-0.007703703703703657,0
2025-08-10,3389.0,3389.0,3389.0,3340.0,29751488760,8778840,209,3291.0,3389.0,47.43778948280692,-108.69799332068487,-146.12192692888792,3675.2786419626386,2993.121358037361,3334.2,3753.44,0.43971884248464077,0.05840099937539045,0.044375963020030884,0.004148148148148234,9570.0,3000.0,-0.6458725182863114,0.12966666666666668,1.016435726711055,0.9029050684172386,-0.005901445854234244,0
2025-08-11,3440.0,3440.0,3380.0,3429.0,102309608216,29834435,702,3340.0,3440.0,50.17699880820413,-91.05438332497943,-135.10841820810623,3662.603649729285,2996.796350270715,3329.7,3742.04,1.4272450349720884,0.0408472012102874,0.07499999999999996,0.015048686928297528,9570.0,3000.0,-0.6405433646812957,0.14666666666666667,1.0331261074571283,0.9192846682558177,-0.041860465116279055,0
2025-08-12,3531.0,3531.0,3327.0,3346.0,65482799785,19569921,457,3429.0,3327.0,44.62757560858007,-85.20763038446967,-125.12826064337892,3638.2464543026285,3000.153545697371,3319.2,3725.98,0.9148710222645747,0.022119815668202758,0.05820610687022909,-0.03284883720930232,9570.0,3000.0,-0.6523510971786833,0.109,1.0023499638467102,0.8929194466959028,0.007814848211602055,0
2025-08-13,3246.0,3400.0,3246.0,3311.0,19834886151,6110328,121,3346.0,3246.0,41.11716748091462,-86.11735237826406,-117.32607899035597,3617.5356662334943,2996.4643337665057,3307.0,3707.02,0.29213013122158776,-0.0324888226527571,0.032114467408585146,-0.024346257889991008,9570.0,3000.0,-0.6608150470219436,0.082,0.9815542788025401,0.8756359555653868,0.02156500308071463,0
2025-08-16,3212.0,3378.0,3212.0,3271.0,54261442337,16599239,1173,3311.0,3349.0,46.8431550668451,-77.63217898447601,-109.38729898917998,3594.117025559295,3002.7829744407045,3298.45,3691.3,0.7768411992188737,-0.007703703703703657,0.05050188205771633,0.03173136167590873,9570.0,3000.0,-0.6500522466039708,0.11633333333333333,1.0153253801027755,0.9072684420122992,-0.006270528515974871,0
2025-08-17,3300.0,3369.0,3289.0,3307.0,23021345698,6843063,252,3271.0,3369.0,47.90254459273106,-68.50411232000397,-101.21066165534478,3578.9111686979218,3006.988831302078,3292.95,3675.08,0.3304610090735147,-0.005901445854234244,0.05215490318550908,0.005971931919976026,9570.0,3000.0,-0.647962382445141,0.123,1.0230947934223114,0.9167147381825702,-0.011576135351736405,0
2025-08-18,3405.0,3405.0,3294.0,3305.0,39331445807,11905676,376,3307.0,3296.0,44.42255785908421,-66.39518131712748,-94.24756558770133,3541.6228167735017,3019.1771832264985,3280.4,3654.54,0.5628559013418843,-0.041860465116279055,-0.002723146747352523,-0.021668150786583573,9570.0,3000.0,-0.6555903866248693,0.09866666666666667,1.0047555176198024,0.9018918933709852,0.00728155339805836,0
2025-08-19,3299.0,3389.0,3240.0,3309.0,12218690999,3676559,378,3305.0,3353.0,47.622210612139725,-59.43923615741369,-87.2858997016438,3478.8521462228236,3054.847853777176,3266.85,3635.24,0.24035099717129102,0.007814848211602055,0.03010752688172036,0.017293689320388328,9570.0,3000.0,-0.6496342737722048,0.11766666666666667,1.026370968976231,0.9223600092428561,-0.019087384431852095,0
2025-08-20,3342.0,3379.0,3308.0,3316.0,24886605663,7485989,396,3309.0,3316.0,45.77978650304177,-56.263618312539165,-81.08144342382288,3456.396107878946,3108.903892121054,3282.65,3615.26,0.4802331362736595,0.02156500308071463,-0.01162444113263783,-0.011034894124664518,9570.0,3000.0,-0.6535005224660397,0.10533333333333333,1.0101594748145553,0.9172231042857222,-0.02231604342581428,0
2025-08-23,3349.0,3365.0,3323.0,3328.0,29322963844,8781701,432,3316.0,3328.0,46.50268323569489,-52.17715284077076,-75.30058530721246,3455.624495899642,3127.0755041003576,3291.35,3595.62,0.5925200720478201,-0.006270528515974871,-0.013925925925925897,0.003618817852834688,9570.0,3000.0,-0.6522466039707419,0.10933333333333334,1.0111352484542817,0.92557055528671,-0.02253605769230771,0
2025-08-25,3325.0,3330.0,3275.0,3317.0,22378474849,6782892,446,3328.0,3330.0,46.63039838999646,-48.22135051570103,-69.88473834891018,3459.255002988241,3131.944997011759,3295.6,3576.62,0.47193115047333295,-0.011576135351736405,-0.017409265269991203,0.0006009615384614531,9570.0,3000.0,-0.6520376175548589,0.11,1.0104381599708703,0.9310466306177341,0.006606606606606613,0
2025-08-26,3332.0,3358.0,3306.0,3319.0,25318704124,7621267,349,3317.0,3320.0,46.038581905151815,-45.37026492750465,-64.98184366462907,3459.4928750864988,3143.707124913501,3301.6,3558.42,0.6302747766540459,0.00728155339805836,-0.03488372093023251,-0.0030030030030030463,9570.0,3000.0,-0.6530825496342738,0.10666666666666667,1.005573055488248,0.9329983532017019,0.01957831325301207,0
2025-08-27,3250.0,3370.0,3220.0,3293.0,22772751645,6999744,250,3319.0,3289.0,44.167192759949046,-45.0924028293166,-61.00395549756658,3449.505998816546,3168.194001183454,3308.85,3542.06,0.6215731529824374,-0.019087384431852095,-0.01142170123234143,-0.009337349397590344,9570.0,3000.0,-0.6563218390804598,0.09633333333333334,0.9940009368813939,0.9285556992258742,0.017026451809060594,0
2025-08-30,3206.0,3244.0,3195.0,3247.0,27307106315,8538785,268,3293.0,3242.0,41.41831491220589,-48.11011881701188,-58.425188161455644,3437.0468281030353,3190.3531718969643,3313.7,3523.3,0.7760415905510564,-0.02231604342581428,-0.0012322858903265343,-0.014290057768318598,9570.0,3000.0,-0.6612330198537095,0.08066666666666666,0.97836255545161,0.9201600772003519,0.03392967304133254,0
2025-08-31,3242.0,3340.0,3242.0,3255.0,16533089909,5049045,243,3247.0,3253.0,42.32308283451303,-49.048669874983716,-56.54988450416126,3429.861425476253,3204.038574523747,3316.95,3505.22,0.5049117000408425,-0.02253605769230771,-0.0286652732158853,0.0033929673041332986,9570.0,3000.0,-0.6600835945663532,0.08433333333333333,0.9807202399794993,0.928044459406257,0.047955733169382064,0
2025-09-02,3254.0,3352.0,3254.0,3297.0,25897470449,7730967,240,3255.0,3352.0,49.832782089434254,-41.32760680216961,-53.50542896376294,3425.082946906462,3223.8170530935377,3324.45,3489.14,0.8242531824880667,0.006606606606606613,-0.005046007717423584,0.03043344604980014,9570.0,3000.0,-0.6497387669801463,0.11733333333333333,1.008287085081743,0.9606951856331359,0.00835322195704058,0
2025-09-03,3395.0,3395.0,3312.0,3306.0,11240482539,3358798,182,3297.0,3385.0,52.072871454528,-32.17489235136463,-49.23932164128328,3431.990282031094,3224.9097179689056,3328.45,3473.76,0.37458913721189974,0.01957831325301207,0.027002427184465994,0.009844868735083612,9570.0,3000.0,-0.6462904911180773,0.12833333333333333,1.0169898901891272,0.9744484362765418,-0.00738552437223039,0
2025-09-06,3400.0,3402.0,3303.0,3312.0,37411442926,11281696,265,3306.0,3345.0,49.2048401521696,-27.828179977072068,-44.957093308441046,3431.0080950410425,3234.891904958957,3332.95,3458.26,1.2193698894647942,0.017026451809060594,-0.0023859230539815535,-0.011816838995568735,9570.0,3000.0,-0.6504702194357367,0.115,1.0036154157728139,0.967249426011925,0.022421524663677195,0
2025-09-07,3312.0,3411.0,3312.0,3334.0,16483953376,4858488,223,3312.0,3352.0,49.72667455345534,-23.547101279525577,-40.67509490265795,3430.7318130286485,3234.868186971352,3332.8,3442.14,0.5273920062740536,0.03392967304133254,0.010856453558504287,0.0020926756352765974,9570.0,3000.0,-0.6497387669801463,0.11733333333333333,1.0057609217474794,0.97381280250077,0.03013126491646778,0
2025-09-08,3409.0,3422.0,3346.0,3356.0,18677292253,5485135,228,3334.0,3409.0,53.88144966313738,-15.377628211310821,-35.61560156438853,3436.4028949690737,3232.5971050309263,3334.5,3428.52,0.5857290610698445,0.047955733169382064,0.02433894230769229,0.017004773269689633,9570.0,3000.0,-0.6437826541274817,0.13633333333333333,1.022342180236917,0.9943065812653856,0.03138750366676435,0
2025-09-09,3400.0,3429.0,3310.0,3347.0,35149366637,10521052,478,3356.0,3380.0,51.54732593293926,-11.115190585657729,-30.71551936864237,3435.0618310054724,3233.038168994528,3334.05,3415.7,1.1131339957652238,0.00835322195704058,0.01501501501501501,-0.008506893517160496,9570.0,3000.0,-0.6468129571577848,0.12666666666666668,1.0137820368620747,0.9895482624352256,0.056508875739645026,1
2025-09-13,3400.0,3400.0,3305.0,3347.0,10347903639,3091297,152,3347.0,3360.0,49.94055255834277,-9.244446684240756,-26.42130483176205,3419.6546315938995,3240.445368406101,3330.05,3403.46,0.38095578575759315,-0.00738552437223039,0.012048192771084265,-0.00591715976331364,9570.0,3000.0,-0.6489028213166145,0.12,1.0089938589510667,0.9872306417586809,0.027083333333333348,0
2025-09-14,3360.0,3445.0,3360.0,3392.0,46855675775,13764949,362,3347.0,3420.0,54.52059208392537,-2.887089534307961,-21.714461772271232,3432.4693203570423,3236.9306796429573,3334.7,3393.9,1.759248759015704,0.022421524663677195,0.03982973548190949,0.017857142857142794,9570.0,3000.0,-0.6426332288401254,0.14,1.025579512399916,1.0076902678334658,0.04970760233918137,0
2025-09-15,3401.0,3492.0,3401.0,3414.0,24804211212,7197676,288,3392.0,3453.0,56.85849176309256,4.7591257772842255,-16.41974426236014,3446.8134020808916,3243.2865979191088,3345.05,3386.02,0.9135612699804354,0.03013126491646778,0.06508328192473778,0.009649122807017463,9570.0,3000.0,-0.6391849529780564,0.151,1.0322715654474521,1.0197813362000225,0.05763104546770914,1
2025-09-16,3493.0,3516.0,3417.0,3467.0,48075542717,13806631,345,3414.0,3516.0,60.98217604279491,15.72115628320671,-9.99156415324677,3479.568775864223,3227.231224135777,3353.4,3380.94,1.7840166981293166,0.03138750366676435,0.08084844758684295,0.018245004344048743,9570.0,3000.0,-0.6326018808777429,0.172,1.0484881016281982,1.0399474702301728,0.04664391353811159,0
2025-09-17,3470.0,3571.0,3470.0,3545.0,49115548905,13772071,355,3467.0,3571.0,64.19944022354214,28.517947633622043,-2.289661795873007,3521.3980683956447,3205.6019316043553,3363.5,3377.34,1.7033004020804645,0.056508875739645026,0.0653341288782816,0.015642775881683724,9570.0,3000.0,-0.6268547544409614,0.19033333333333333,1.0616916902036568,1.0573409843249422,0.020722486698403708,0
2025-09-20,3445.0,3545.0,3444.0,3486.0,37954202715,11000724,655,3545.0,3451.0,53.779933089359076,28.64628333399196,3.8975272300999864,3530.3460401866587,3212.1539598133413,3371.25,3371.74,1.36820274504848,0.027083333333333348,0.01949778434268823,-0.033604032483898094,9570.0,3000.0,-0.6393939393939394,0.15033333333333335,1.0236559139784946,1.023507150610664,0.08895972181976242,1
2025-09-21,3448.0,3590.0,3446.0,3571.0,54697421744,15260979,330,3486.0,3590.0,61.56199991771573,39.50869696437849,11.019761176955686,3568.1771731010444,3198.0228268989554,3383.1,3371.14,1.7705190662983556,0.04970760233918137,0.07324364723467869,0.040278180237612204,9570.0,3000.0,-0.6248693834900731,0.19666666666666666,1.061156927078715,1.0649216585487402,0.07715877437325913,1
2025-09-22,3571.0,3678.0,3571.0,3641.0,45500705237,12397894,490,3571.0,3652.0,64.43814240251385,52.51476237890529,19.318761417345605,3615.968415098257,3183.831584901743,3399.9,3370.46,1.3985074747496486,0.05763104546770914,0.08949880668257748,0.017270194986072518,9570.0,3000.0,-0.6183908045977011,0.21733333333333332,1.0741492396835202,1.0835316247633855,0.06982475355969342,1
2025-09-23,3660.0,3734.0,3660.0,3660.0,29347331452,7968219,308,3641.0,3680.0,65.68685131456053,64.33985907257829,28.322980948392143,3662.660763588041,3172.339236411959,3417.5,3370.7,0.9029741454432544,0.04664391353811159,0.07949545321208573,0.00766703176341732,9570.0,3000.0,-0.6154649947753396,0.22666666666666666,1.0768105340160936,1.0917613552081171,0.032608695652173836,0
2025-09-24,3551.0,3700.0,3551.0,3649.0,23627019108,6506738,399,3660.0,3645.0,62.722075299042956,70.0792954100989,36.674243840733496,3693.886816284787,3172.613183715213,3433.25,3374.06,0.7385118239998825,0.020722486698403708,0.07840236686390534,-0.009510869565217406,9570.0,3000.0,-0.6191222570532915,0.215,1.0616762542780165,1.0803008838017107,0.023319615912208436,0
2025-09-27,3638.0,3758.0,3638.0,3755.0,71847643565,19134351,469,3649.0,3758.0,67.77860804906331,82.79162535647401,45.8977201438816,3745.9085080493232,3164.391491950677,3455.15,3378.62,2.0385485832301966,0.08895972181976242,0.11845238095238098,0.031001371742112482,9570.0,3000.0,-0.6073145245559038,0.25266666666666665,1.0876517662040721,1.1122884491301182,0.015167642362958977,0
2025-09-28,3866.0,3867.0,3774.0,3829.0,45078129702,11659467,320,3755.0,3867.0,71.75810093002727,100.5030904101136,56.818794197128,3815.1128188170123,3152.987181182988,3484.05,3385.22,1.2120975442976671,0.07715877437325913,0.13070175438596499,0.02900478978179888,9570.0,3000.0,-0.5959247648902821,0.289,1.1099151849141085,1.1423186676198298,-0.03129040599948285,0
2025-09-29,3940.0,3943.0,3899.0,3891.0,38800891187,9849185,291,3829.0,3907.0,73.0724145942516,116.42514319675229,68.74006399705286,3876.7997079318193,3157.800292068181,3517.3,3393.56,1.0169768546135864,0.06982475355969342,0.13147987257457294,0.010343935867597631,9570.0,3000.0,-0.5917450365726228,0.30233333333333334,1.1107952122366587,1.1512983415646105,-0.024059380598924984,0
2025-09-30,3990.0,3990.0,3775.0,3806.0,81910004980,21523610,1167,3891.0,3800.0,64.43409392115097,119.03729118404226,78.79950943445074,3902.7853235902053,3186.514676409795,3544.65,3399.16,2.048210256075314,0.032608695652173836,0.08077360637087594,-0.027386741745584864,9570.0,3000.0,-0.6029258098223615,0.26666666666666666,1.0720381419886307,1.1179232516268727,0.010526315789473717,0
2025-10-01,3806.0,3835.0,3692.0,3704.0,189383782500,51134447,2966,3806.0,3730.0,59.480194453318575,114.14324996401001,85.86825754036259,3918.9092407734174,3208.190759226583,3563.55,3404.18,4.033108014358935,0.023319615912208436,0.044525343041164955,-0.018421052631578894,9570.0,3000.0,-0.6102403343782654,0.24333333333333335,1.0467090401425545,1.0957117426223055,0.025469168900804195,0
2025-10-04,3800.0,3815.0,3713.0,3745.0,25825360609,6776970,322,3704.0,3815.0,63.181873168058054,115.78873618804118,91.85235326989832,3946.575365642658,3223.524634357342,3585.05,3409.54,0.527407942810453,0.015167642362958977,0.10547667342799194,0.02278820375335111,9570.0,3000.0,-0.6013584117032393,0.27166666666666667,1.064141364834521,1.1189192677018014,0.030144167758846763,0
2025-10-05,3856.0,3856.0,3725.0,3756.0,56739432276,15098042,529,3745.0,3746.0,58.50915045732143,110.25413153521095,95.53270892296084,3955.4551912032357,3254.744808796764,3605.1,3411.98,1.1577901246674156,-0.03129040599948285,0.04345403899721445,-0.018086500655308035,9570.0,3000.0,-0.6085684430512017,0.24866666666666667,1.0390835205680842,1.0978962362030258,0.07127602776294717,1
2025-10-06,3780.0,3854.0,3760.0,3774.0,26212868915,6893694,271,3756.0,3813.0,61.48758882309967,110.00617482390271,98.4274021031492,3969.406662943091,3286.8933370569093,3628.15,3428.24,0.5245481572048386,-0.024059380598924984,0.04408543263964959,0.017885744794447378,9570.0,3000.0,-0.6015673981191223,0.271,1.0509488306712786,1.1122325158098616,0.07920272751114599,1
2025-10-07,3791.0,3887.0,3775.0,3811.0,30951188585,8026914,379,3774.0,3840.0,62.65114466542556,110.71212127716353,100.88434593795208,3987.2933056253523,3312.1066943746473,3649.7,3441.96,0.604926180618182,0.010526315789473717,0.04347826086956519,0.007081038552321006,9570.0,3000.0,-0.5987460815047022,0.28,1.0521412718853604,1.115643412474288,0.06276041666666665,1
2025-10-08,3900.0,3909.0,3805.0,3816.0,26983793883,7057722,515,3811.0,3825.0,61.53877900135171,108.8069554353915,102.46886783743997,3993.799949515377,3350.1000504846224,3671.95,3453.56,0.5389187099436403,0.025469168900804195,0.04938271604938271,-0.00390625,9570.0,3000.0,-0.6003134796238244,0.275,1.041680850774112,1.1075527861105643,0.10013071895424841,1
2025-10-11,3890.0,3930.0,3840.0,3897.0,49339623717,12556782,284,3816.0,3930.0,66.07893492411094,114.45040720681936,104.86517571131586,4007.360068266013,3393.5399317339866,3700.45,3468.16,0.9253780757752769,0.030144167758846763,0.045769026077700836,0.027450980392156765,9570.0,3000.0,-0.5893416927899686,0.31,1.0620329959869745,1.1331657132312236,0.09211195928753191,1
2025-10-12,4010.0,4013.0,3900.0,3996.0,60459486627,15068945,269,3897.0,4013.0,69.17638781101567,124.18871948122205,108.72988446529709,4037.483083469222,3422.716916530778,3730.1,3485.54,1.1052027114302805,0.07127602776294717,0.03775536591673134,0.02111959287531806,9570.0,3000.0,-0.5806687565308255,0.33766666666666667,1.075842470711241,1.151328058206189,0.09693496137552948,1
2025-10-13,3997.0,4115.0,3997.0,4062.0,48787930791,11920433,450,3996.0,4115.0,72.4997565511558,138.53994739442987,114.69189705112366,4086.2706424345056,3440.129357565494,3763.2,3504.94,0.8593972056575783,0.07920272751114599,0.05323777834655741,0.02541739347121852,9570.0,3000.0,-0.5700104493207941,0.37166666666666665,1.093484268707483,1.1740571878548562,0.09356014580801952,1
2025-10-14,4159.0,4183.0,4061.0,4086.0,56371168317,13774143,363,4062.0,4081.0,69.79826834765502,145.4927333960095,120.85206432010084,4121.843992080731,3461.0560079192687,3791.45,3522.8,0.9931557397896967,0.06276041666666665,0.07394736842105254,-0.00826245443499396,9570.0,3000.0,-0.5735632183908046,0.36033333333333334,1.0763691991190707,1.158453502895424,0.1345258515069836,1
2025-10-15,4122.0,4208.0,4112.0,4167.0,69307821897,16613687,563,4086.0,4208.0,73.73513880425732,159.4130901391727,128.5642694839152,4183.973869309991,3462.6261306900096,3823.3,3542.92,1.1857477938298457,0.10013071895424841,0.12815013404825737,0.03111982357265375,9570.0,3000.0,-0.5602925809822361,0.4026666666666667,1.100619883346847,1.1877208630169465,0.13260456273764265,1
2025-10-18,4292.0,4292.0,4292.0,4274.0,64403730468,15005529,209,4167.0,4292.0,75.96662540837245,175.20353385374028,137.89212235788023,4238.481759574332,3492.2182404256682,3865.35,3562.66,1.0558806412960007,0.09211195928753191,0.12503276539973784,0.019961977186311763,9570.0,3000.0,-0.5515151515151515,0.43066666666666664,1.1103781028884836,1.2047178231995195,0.13932898415657036,1
2025-10-19,4402.0,4402.0,4402.0,4399.0,75919383532,17246566,299,4274.0,4402.0,78.53811684627036,194.35327142095184,149.18435217049455,4324.362463967117,3487.5375360328826,3905.95,3585.6,1.20515459695313,0.09693496137552948,0.1751201281366792,0.02562907735321529,9570.0,3000.0,-0.5400208986415883,0.4673333333333333,1.126998553488908,1.2276885319053994,0.08587005906406175,1
2025-10-20,4530.0,4530.0,4415.0,4496.0,189701736101,42197858,659,4399.0,4500.0,80.53621033153425,214.9594387864763,162.33936949369092,4423.280426486903,3473.4195735130975,3948.35,3608.5,2.670638085987912,0.09356014580801952,0.18017309205350118,0.0222626079054975,9570.0,3000.0,-0.5297805642633229,0.5,1.1397165904745021,1.2470555632534295,0.06555555555555559,1
2025-10-21,4600.0,4630.0,4538.0,4628.0,108426097459,23429315,337,4496.0,4630.0,82.82100738813725,239.02456206389388,177.6764080077315,4539.045093868702,3452.654906131298,3995.85,3633.6,1.4136425100318004,0.1345258515069836,0.20572916666666674,0.028888888888888964,9570.0,3000.0,-0.51619644723093,0.5433333333333333,1.1587021534842399,1.2742184059885513,0.04211663066954641,0
2025-10-22,4766.0,4766.0,4766.0,4766.0,87969550712,18457732,228,4628.0,4766.0,84.8275818089388,266.0040795939062,195.34194232496645,4665.497229461659,3438.302770538341,4051.9,3661.14,1.0749194689715895,0.13260456273764265,0.24601307189542476,0.02937365010799131,9570.0,3000.0,-0.5019853709508882,0.5886666666666667,1.176238307954293,1.3017803197911033,0.010281158203944596,0
2025-10-25,4908.0,4908.0,4625.0,4892.0,335909405945,68670205,1120,4766.0,4890.0,86.38866407888835,294.0022305978314,215.07399997953945,4806.278044941957,3410.721955058043,4108.5,3690.14,3.4950115666113293,0.13932898415657036,0.2442748091603053,0.026017624842635367,9570.0,3000.0,-0.4890282131661442,0.63,1.190215407082877,1.3251529752258722,-0.045603271983640115,0
2025-10-26,4910.0,4914.0,4746.0,4791.0,232727944011,48577541,1189,4892.0,4780.0,78.65714472305882,303.81272234622975,232.8217444528775,4900.5255824000515,3407.7744175999483,4154.15,3719.2,2.2600547986351147,0.08587005906406175,0.19112883129828062,-0.02249488752556239,9570.0,3000.0,-0.5005224660397074,0.5933333333333334,1.1506565723433195,1.285222628522263,-0.024058577405857706,0
2025-10-27,4663.0,4888.0,4648.0,4778.0,82724862617,17313561,697,4791.0,4795.0,78.93401297518547,309.23333300555987,248.10406216341397,4985.386825525479,3411.713174474521,4198.55,3750.18,0.7917599434198772,0.06555555555555559,0.16524908869987853,0.003138075313807498,9570.0,3000.0,-0.49895506792058514,0.5983333333333334,1.142060949613557,1.2786052936125734,0.003545359749739241,0
2025-10-28,4801.0,4860.0,4741.0,4798.0,116287056397,24238178,638,4778.0,4825.0,79.50661004670422,312.3493859950004,260.9531269297313,5059.321735349342,3440.278264650659,4249.8,3779.7,1.1015894931585697,0.04211663066954641,0.18230825777995596,0.006256517205422307,9570.0,3000.0,-0.49582027168234066,0.6083333333333333,1.1353475457668596,1.2765563404503004,0.0031088082901553626,0
2025-10-29,4852.0,4880.0,4751.0,4811.0,70882198622,14726182,898,4798.0,4815.0,78.73833458283886,310.4334800921961,270.8491975622243,5112.384701718914,3495.7152982810867,4304.05,3808.62,0.7296510361195369,0.010281158203944596,0.14424904942965777,-0.002072538860103612,9570.0,3000.0,-0.49686520376175547,0.605,1.1187137695891078,1.264237440332719,0.0346832814122533,0
2025-11-01,4711.0,4819.0,4667.0,4684.0,101571441402,21684510,696,4811.0,4667.0,68.22996635381449,293.58844293082893,275.39704663594523,5137.00340829467,3556.296591705329,4346.65,3836.04,1.0361543147356855,-0.045603271983640115,0.08737185461323382,-0.03073727933541015,9570.0,3000.0,-0.512330198537095,0.5556666666666666,1.0737004359679294,1.2166192219059238,0.08806513820441397,1
2025-11-02,4680.0,4690.0,4660.0,4678.0,40609579278,8693337,492,4684.0,4665.0,68.0977045338414,276.88548284222816,275.6947338772018,5143.816453495928,3641.383546504073,4392.6,3862.28,0.4218501625054943,-0.024058577405857706,0.05974557019536575,-0.0004285408185129569,9570.0,3000.0,-0.512539184952978,0.555,1.062013386149433,1.207835786115973,0.10653804930332256,1
2025-11-03,4665.0,4818.0,4608.0,4700.0,94556707052,20119184,597,4678.0,4812.0,72.34154692300936,272.370223709082,275.0298318435779,5165.279679757927,3719.8203202420736,4442.55,3892.2,0.9459430753693036,0.003545359749739241,0.06933333333333325,0.031511254019292556,9570.0,3000.0,-0.4971786833855799,0.604,1.0831616976736334,1.236318791429012,0.05174563591022441,1
2025-11-04,4800.0,4841.0,4623.0,4837.0,139030161992,28741449,666,4700.0,4840.0,73.0762275777057,267.9623115824397,273.6163277913503,5179.07617575952,3806.02382424048,4492.55,3922.44,1.2885859264561776,0.0031088082901553626,0.04535637149028071,0.005818786367414841,9570.0,3000.0,-0.4942528735632184,0.6133333333333333,1.07733915037117,1.233925821682422,0.037190082644628086,0
2025-11-05,4950.0,4982.0,4835.0,4931.0,65143953942,13125059,358,4837.0,4982.0,76.48728131983734,272.7827529466658,273.4496128224134,5195.938039160348,3904.8619608396516,4550.4,3955.48,0.5805490671717596,0.0346832814122533,0.04532102391942927,0.029338842975206614,9570.0,3000.0,-0.4794148380355277,0.6606666666666666,1.0948488045007034,1.2595184402398698,0.009433962264151052,0
2025-11-08,5078.0,5078.0,5078.0,5012.0,49237232508,9696186,235,4931.0,5078.0,78.47294144685709,281.1089363181072,274.98147752155216,5226.050305299547,3989.5496947004535,4607.8,3990.64,0.43161338225095236,0.08806513820441397,0.03844580777096107,0.01926936973103177,9570.0,3000.0,-0.4693834900731452,0.6926666666666667,1.102044359564217,1.2724775975783333,-0.0015754233950374674,0
2025-11-09,5162.0,5162.0,4933.0,5085.0,260661356131,51263939,1471,5012.0,5162.0,80.05975294430237,291.1296334174631,278.21110870073437,5265.001240101243,4065.4987598987573,4665.25,4028.1,2.1118232677993527,0.10653804930332256,0.07991631799163179,0.016541945647892797,9570.0,3000.0,-0.46060606060606063,0.7206666666666667,1.106478752478431,1.281497480201584,-0.012010848508330119,0
2025-11-10,5234.0,5234.0,5006.0,5095.0,40425417308,7915920,550,5085.0,5061.0,73.08402000847735,287.60591025123176,280.0900690108339,5279.578209177441,4145.5217908225595,4712.55,4064.48,0.328809265751001,0.05174563591022441,0.05547445255474459,-0.01956605966679581,9570.0,3000.0,-0.47115987460815045,0.687,1.0739408600439253,1.2451777349131992,-0.0021734835012843234,0
2025-11-11,5093.0,5189.0,5013.0,5073.0,38425747610,7618105,578,5095.0,5020.0,70.40232271464255,278.2969429813784,279.7314438049428,5261.334434851747,4257.665565148253,4759.5,4099.82,0.32053689872155866,0.037190082644628086,0.040414507772020825,-0.008101165777514296,9570.0,3000.0,-0.4754440961337513,0.6733333333333333,1.0547326399831916,1.224443999980487,0.003984063745019917,0
2025-11-12,5066.0,5102.0,5029.0,5070.0,21480440560,4245723,487,5073.0,5029.0,70.65685177221738,268.55006614053764,277.49516827206173,5246.412075089336,4354.687924910664,4800.55,4133.36,0.18341399910640105,0.009433962264151052,0.04444444444444451,0.0017928286852588737,9570.0,3000.0,-0.47450365726227794,0.6763333333333333,1.047588297174282,1.2166856988019432,0.0021873135812289224,0
2025-11-15,5020.0,5130.0,4990.0,5070.0,32230469930,6369858,1041,5070.0,5070.0,71.84471305554914,261.12387982773544,274.2209105831965,5233.830767790426,4445.069232209574,4839.45,4167.06,0.28040641294694063,-0.0015754233950374674,0.08635097493036215,0.00815271425730768,9570.0,3000.0,-0.4702194357366771,0.69,1.047639711124198,1.2166851449223193,-0.009861932938856066,0
2025-11-16,5010.0,5130.0,5010.0,5050.0,68293209660,13527685,482,5070.0,5100.0,72.71508271383053,254.7230343709516,270.3213353407475,5229.270991212077,4519.4290087879235,4874.35,4202.16,0.6004145118107465,-0.012010848508330119,0.09324758842443726,0.00591715976331364,9570.0,3000.0,-0.4670846394984326,0.7,1.046293351934104,1.2136615454908903,0.021568627450980316,0
2025-11-17,5050.0,5150.0,5000.0,5050.0,52226341740,10328195,549,5050.0,5050.0,68.89256444972413,242.81669637066807,264.82040754673164,5219.791677046218,4583.908322953783,4901.85,4236.12,0.49329650975618716,-0.0021734835012843234,0.049459684123025704,-0.009803921568627416,9570.0,3000.0,-0.4723092998955068,0.6833333333333333,1.0302232830461968,1.1921286460251361,0.023762376237623783,0
2025-11-18,4950.0,5090.0,4950.0,5040.0,32666814670,6506608,380,5050.0,5040.0,68.12126600387896,229.9235062408652,257.84102728555837,5219.742854660229,4624.957145339772,4922.35,4268.74,0.32385753076476637,0.003984063745019917,0.04132231404958686,-0.001980198019801982,9570.0,3000.0,-0.47335423197492166,0.68,1.023901185409408,1.1806762651274147,0.04166666666666674,0
2025-11-19,5100.0,5110.0,5030.0,5040.0,35068253490,6943839,770,5040.0,5040.0,68.12126600387896,217.2017931050841,249.71318044946352,5228.575195501103,4643.5248044988975,4936.05,4301.94,0.3558158006293249,0.0021873135812289224,0.011641910879164996,0.0,9570.0,3000.0,-0.47335423197492166,0.68,1.021059349074665,1.1715644569659271,0.03571428571428581,0
2025-11-22,5120.0,5190.0,5010.0,5060.0,67824042300,13380333,953,5040.0,5020.0,66.39702453782795,203.16396323397203,240.40333700636523,5236.467318310708,4648.632681689292,4942.55,4335.14,0.7987891493654119,-0.009861932938856066,-0.011421819614021222,-0.003968253968253954,9570.0,3000.0,-0.4754440961337513,0.6733333333333333,1.0156700488614177,1.1579787503979109,0.04980079681274896,0
2025-11-23,5140.0,5210.0,5120.0,5160.0,67401559890,12973610,800,5060.0,5210.0,73.3088270743889,205.00709979382555,233.32408956385729,5269.925448512882,4658.174551487118,4964.05,4370.94,0.8666074409222431,0.021568627450980316,0.009298721425804013,0.03784860557768921,9570.0,3000.0,-0.4555903866248694,0.7366666666666667,1.0495462374472457,1.1919632847854238,0.013435700575815668,0
2025-11-25,5220.0,5260.0,5130.0,5170.0,55163655880,10663580,561,5160.0,5170.0,70.0424523625971,200.9240062177123,226.8440728946283,5290.892583492292,4674.707416507708,4982.8,4405.28,0.7284824492621093,0.023762376237623783,0.02153724560363557,-0.007677543186180413,9570.0,3000.0,-0.45977011494252873,0.7233333333333334,1.0375692381793369,1.1735916899720336,0.009671179883945946,0
2025-11-26,5190.0,5300.0,5170.0,5190.0,30811257180,5902877,541,5170.0,5250.0,72.66566185585312,201.81703539633872,221.8386653949704,5324.071546154245,4684.028453845755,5004.05,4439.96,0.4301978055818064,0.04166666666666674,0.04581673306772904,0.015473887814313247,9570.0,3000.0,-0.45141065830721006,0.75,1.0491501883474386,1.1824430850728385,0.0019047619047618536,0
2025-11-29,5240.0,5340.0,5200.0,5240.0,77117009110,14675780,1072,5190.0,5220.0,70.18378927959381,197.8236305032815,217.03565841663266,5345.162026427173,4703.437973572827,5024.3,4472.94,1.0697576994925466,0.03571428571428581,0.03797971763770125,-0.005714285714285672,9570.0,3000.0,-0.45454545454545453,0.74,1.0389506995999442,1.1670176662329477,0.011494252873563315,0
2025-11-30,5250.0,5340.0,5210.0,5250.0,50747698850,9667203,711,5240.0,5270.0,71.90604098781907,196.42909811694608,212.91434635669535,5347.4643170613845,4761.435682938615,5054.45,4509.32,0.7369461332809266,0.04980079681274896,0.03944773175542404,0.009578544061302763,9570.0,3000.0,-0.44932079414838033,0.7566666666666667,1.0426455895300182,1.1686906229764134,0.007590132827324458,0
2025-12-01,5300.0,5340.0,5220.0,5260.0,40898809570,7755731,590,5250.0,5280.0,72.25126582282942,193.8957283200507,209.11062274936643,5334.0281334635365,4836.371866536463,5085.2,4543.12,0.5933521052091696,0.013435700575815668,0.03529411764705892,0.00189753320683117,9570.0,3000.0,-0.4482758620689655,0.76,1.03830724455282,1.162196904330064,0.0018939393939394478,0
2025-12-02,5110.0,5250.0,5110.0,5230.0,39677301850,7659406,316,5260.0,5220.0,66.93645593644182,184.91493171769616,204.2714845430324,5326.863101313676,4884.336898686324,5105.6,4574.48,0.6153094945930626,0.009671179883945946,0.03366336633663369,-0.011363636363636354,9570.0,3000.0,-0.45454545454545453,0.74,1.022406769037919,1.141113306867666,0.03639846743295028,0
2025-12-03,5280.0,5350.0,5240.0,5260.0,54169036720,10268329,501,5230.0,5260.0,68.59502713966468,178.96228558516577,199.20964475145908,5321.157343739435,4932.042656260565,5126.6,4606.08,0.8910078194711475,0.0019047619047618536,0.04365079365079372,0.00766283524904221,9570.0,3000.0,-0.4503657262277952,0.7533333333333333,1.0260211446182654,1.1419688759205224,0.034220532319391594,0
2025-12-06,5350.0,5350.0,5240.0,5280.0,73453280580,13911872,694,5260.0,5280.0,69.42099427084531,173.85451684218424,194.1386191696041,5335.12076335699,4947.87923664301,5141.5,4638.78,1.2030600189223402,0.011494252873563315,0.04761904761904767,0.0038022813688212143,9570.0,3000.0,-0.4482758620689655,0.76,1.0269376641058057,1.1382303105557927,0.04924242424242431,0
2025-12-07,5290.0,5380.0,5280.0,5310.0,72042353850,13559406,498,5280.0,5310.0,70.66721118310991,170.26461806244515,189.36381894817234,5357.606136834431,4948.59386316557,5153.1,4669.82,1.1533147392310674,0.007590132827324458,0.05776892430278879,0.005681818181818121,9570.0,3000.0,-0.445141065830721,0.77,1.0304476916807357,1.1370887957137534,0.06779661016949157,1
2025-12-08,5360.0,5390.0,5290.0,5310.0,37581858030,7063208,520,5310.0,5290.0,68.65831791234754,163.91624018017137,184.27430319457216,5372.552575677794,4946.447424322206,5159.5,4698.28,0.7398459267784223,0.0018939393939394478,0.015355086372360827,-0.0037664783427495685,9570.0,3000.0,-0.44723092998955066,0.7633333333333333,1.0252931485609071,1.1259439624713725,0.09451795841209831,1
2025-12-09,5320.0,5460.0,5320.0,5340.0,25496032280,4704918,476,5310.0,5410.0,73.52195121129587,166.64709807662075,180.74886217098188,5411.0076638415,4942.892336158499,5176.95,4728.34,0.501253031901247,0.03639846743295028,0.046421663442939964,0.022684310018903586,9570.0,3000.0,-0.4346917450365726,0.8033333333333333,1.0450168535527675,1.1441647597254003,0.0443622920517559,0
2025-12-10,5400.0,5500.0,5370.0,5380.0,41722548520,7692953,463,5340.0,5440.0,74.58382618639004,169.2807092709727,178.45523159098005,5446.810181634064,4949.089818365936,5197.95,4761.14,0.8192659602647512,0.034220532319391594,0.036190476190476106,0.005545286506469571,9570.0,3000.0,-0.4315569487983281,0.8133333333333334,1.046566434844506,1.1425834989099248,0.05147058823529416,1
2025-12-13,5320.0,5540.0,5320.0,5510.0,79783776530,14403862,548,5380.0,5540.0,77.78234593814179,177.39216295006827,178.2426178627977,5501.008558431875,4945.991441568125,5223.5,4797.34,1.4552350326357313,0.04924242424242431,0.06130268199233724,0.018382352941176405,9570.0,3000.0,-0.4211076280041797,0.8466666666666667,1.0605915573848952,1.1548066220030266,0.0018050541516245744,0
2025-12-14,5600.0,5670.0,5530.0,5670.0,104074660370,18359271,766,5510.0,5670.0,81.11039537321723,192.0960977362538,181.0133138374889,5583.001138090501,4923.998861909499,5253.5,4834.44,1.7489295216574512,0.06779661016949157,0.0759013282732448,0.023465703971119023,9570.0,3000.0,-0.40752351097178685,0.89,1.0792804796802131,1.1728349095241641,-0.0017636684303351524,0
2025-12-15,5800.0,5840.0,5730.0,5820.0,170276613170,29236257,1104,5670.0,5790.0,83.55862564420659,210.99979481675473,187.0106100333421,5683.80803428295,4892.19196571705,5288.0,4875.32,2.5912093278390653,0.09451795841209831,0.09659090909090917,0.021164021164021163,9570.0,3000.0,-0.3949843260188088,0.93,1.0949319213313162,1.1876143514682114,0.0,0
2025-12-16,5830.0,5950.0,5650.0,5790.0,65950950680,11436804,626,5820.0,5650.0,71.85737651896952,212.2377364631111,192.05603531929592,5727.809711943154,4908.190288056846,5318.0,4912.06,1.008688402711719,0.0443622920517559,0.0823754789272031,-0.024179620034542326,9570.0,3000.0,-0.4096133751306165,0.8833333333333333,1.0624294847687101,1.1502302496305012,0.05486725663716818,1
2025-12-20,5790.0,5890.0,5620.0,5660.0,189960340170,33556971,1403,5790.0,5720.0,73.83065541473248,216.37301568503608,196.91943139244398,5776.480859407027,4927.519140592973,5352.0,4949.66,2.644194474419108,0.05147058823529416,0.0874524714828897,0.012389380530973382,9570.0,3000.0,-0.40229885057471265,0.9066666666666666,1.0687593423019432,1.1556349325004143,0.07167832167832167,1
2025-12-22,5630.0,5630.0,5470.0,5500.0,81279246400,14764708,714,5660.0,5550.0,62.38947605388942,203.58586389953416,198.25271789386204,5784.875747931717,4970.124252068283,5377.5,4984.16,1.1286403331234256,0.0018050541516245744,0.051136363636363535,-0.029720279720279685,9570.0,3000.0,-0.4200626959247649,0.85,1.0320781032078103,1.113527655612982,0.10450450450450455,1
2025-12-23,5590.0,5660.0,5520.0,5630.0,122823111130,21807516,832,5500.0,5660.0,66.05501728710792,200.0223020858275,198.60663473225515,5799.703792912016,5019.296207087984,5409.5,5018.76,1.6149871766446462,-0.0017636684303351524,0.06591337099811678,0.01981981981981984,9570.0,3000.0,-0.40856844305120166,0.8866666666666667,1.0463074221277382,1.1277686121671489,0.05830388692579502,1
2025-12-24,5790.0,5790.0,5790.0,5790.0,60208050330,10398627,398,5630.0,5790.0,69.80092993632066,205.32125163821274,199.94955811344667,5850.678359454887,5026.321640545113,5438.5,5054.3,0.7774986002336192,0.0,0.09451795841209831,0.0229681978798586,9570.0,3000.0,-0.3949843260188088,0.93,1.0646317918543715,1.1455592267969847,0.05699481865284972,1
2025-12-27,5960.0,5960.0,5960.0,5960.0,101458385240,17023219,450,5790.0,5960.0,73.86284323474314,220.6942605281074,204.09849859637882,5929.247160659122,5026.752839340878,5478.0,5091.2,1.2432562541656638,0.05486725663716818,0.1016635859519408,0.029360967184801412,9570.0,3000.0,-0.3772204806687565,0.9866666666666667,1.0879883169039795,1.170647391577624,0.033557046979865834,0
2025-12-28,6130.0,6130.0,6000.0,6130.0,286574283650,46761310,1457,5960.0,6130.0,77.16981969971376,243.7848599657391,212.0357708702509,6042.099990389267,5001.900009610733,5522.0,5132.18,2.9717329354661306,0.07167832167832167,0.12683823529411775,0.028523489932885893,9570.0,3000.0,-0.3594566353187043,1.0433333333333332,1.1101050344078232,1.194424201801184,0.034257748776509,0
2025-12-29,6200.0,6310.0,5970.0,6170.0,176236028210,28576619,1104,6130.0,6130.0,77.16981969971376,259.09761040871854,221.44813877794445,6131.339516177176,5003.660483822824,5567.5,5170.62,1.7392517818865074,0.10450450450450455,0.10649819494584833,0.0,9570.0,3000.0,-0.3594566353187043,1.0433333333333332,1.1010327795240233,1.1855444801590524,0.06525285481239806,1
2025-12-30,6000.0,6060.0,5990.0,5990.0,260777877370,43533513,1101,6170.0,5990.0,68.84980733354777,256.97400907021347,228.55331283639828,6178.592166528905,5028.407833471095,5603.5,5204.58,2.4020179626428892,0.05830388692579502,0.0564373897707231,-0.022838499184339334,9570.0,3000.0,-0.37408568443051204,0.9966666666666667,1.0689747479254037,1.150909391343778,0.12186978297161932,1
2025-12-31,5820.0,6160.0,5820.0,5990.0,70531688530,11765743,575,5990.0,6120.0,71.88139579185255,262.7521104822654,235.3930723655717,6242.240312031043,5048.759687968957,5645.5,5238.94,0.6420867793725482,0.05699481865284972,0.05699481865284972,0.02170283806343898,9570.0,3000.0,-0.3605015673981191,1.04,1.0840492427597201,1.168175241556498,0.130718954248366,1
2026-01-04,6160.0,6160.0,6160.0,6160.0,56928305280,9241608,259,5990.0,6160.0,72.75985234617966,267.47567015857567,241.8095919241725,6295.81998143846,5089.18001856154,5692.5,5272.14,0.50217026688265,0.033557046979865834,0.09026548672566381,0.006535947712418277,9570.0,3000.0,-0.3563218390804598,1.0533333333333332,1.0821256038647342,1.1684059983232615,0.1558441558441559,1
2026-01-05,6340.0,6340.0,6340.0,6340.0,105498405180,16640127,362,6160.0,6340.0,76.34170107725578,282.4872833504587,249.94513020942975,6377.983174758361,5115.016825241639,5746.5,5306.34,0.8888042477852811,0.034257748776509,0.10839160839160833,0.02922077922077926,9570.0,3000.0,-0.3375130616509927,1.1133333333333333,1.1032802575480727,1.1947971671623001,0.15615141955835954,1
2026-01-10,6530.0,6530.0,6530.0,6530.0,73619912180,11274106,235,6340.0,6530.0,79.41813929155012,306.1859856136107,261.19330129026594,6488.997058819297,5129.002941180703,5809.0,5341.62,0.6064595685345935,0.06525285481239806,0.17657657657657655,0.029968454258675115,9570.0,3000.0,-0.3176593521421108,1.1766666666666667,1.12411774832157,1.2224755785697972,0.1546707503828484,1
2026-01-11,6720.0,6720.0,6720.0,6720.0,54863061120,8164146,242,6530.0,6720.0,81.94635570947652,336.42074111193597,276.23878925459996,6626.961704706595,5132.038295293405,5879.5,5378.22,0.4456344848504806,0.12186978297161932,0.1872791519434629,0.029096477794793296,9570.0,3000.0,-0.29780564263322884,1.24,1.1429543328514329,1.2494840300322412,0.15476190476190466,1
2026-01-12,6920.0,6920.0,6920.0,6920.0,36766479000,5313075,229,6720.0,6920.0,84.15302416285272,372.2295012190343,295.43693164748686,6785.109216064766,5136.890783935234,5961.0,5421.02,0.2914025507257534,0.130718954248366,0.1951640759930915,0.029761904761904656,9570.0,3000.0,-0.2769070010449321,1.3066666666666666,1.1608790471397417,1.2765125382308125,0.1546242774566473,1
2026-01-13,7120.0,7120.0,7120.0,7120.0,103344144240,14514627,315,6920.0,7120.0,85.99633509337926,411.9972819158329,318.7490017011561,6972.702461669627,5120.297538330373,6046.5,5467.52,0.7752192913527404,0.1558441558441559,0.19463087248322153,0.028901734104046284,9570.0,3000.0,-0.2560083594566353,1.3733333333333333,1.1775407260398578,1.3022357485660774,0.154494382022472,1
2026-01-14,7330.0,7330.0,7330.0,7330.0,191565972960,26134512,573,7120.0,7330.0,87.6241374153097,455.2113860866484,346.04147857825456,7179.28512461793,5102.71487538207,6141.0,5517.62,1.3303167013823367,0.15615141955835954,0.1957585644371942,0.02949438202247201,9570.0,3000.0,-0.23406478578892373,1.4433333333333334,1.1936166748086632,1.328471333654728,0.15416098226466568,1
2026-01-18,7540.0,7540.0,7540.0,7540.0,35648283060,4727889,206,7330.0,7540.0,89.00102040152532,500.6331328177812,376.95980942615995,7406.004721021706,5075.995278978294,6241.0,5572.12,0.24673856460457205,0.1546707503828484,0.2300163132137032,0.028649386084584005,9570.0,3000.0,-0.21212121212121213,1.5133333333333334,1.2081397211985259,1.3531654020372856,0.11273209549071628,1
2026-01-19,7760.0,7760.0,7760.0,7760.0,32938235680,4244618,211,7540.0,7760.0,90.2276379483556,548.0646080878396,411.1807691584959,7653.100474152123,5037.899525847877,6345.5,5633.98,0.22998829947751248,0.15476190476190466,0.2954924874791318,0.02917771883289122,9570.0,3000.0,-0.1891327063740857,1.5866666666666667,1.2229138759751004,1.377356682132347,0.07731958762886593,1
2026-01-20,7990.0,7990.0,7990.0,7990.0,33065112880,4138312,155,7760.0,7990.0,91.31776730778192,597.3278481645193,448.4101849597006,7918.57176857557,4992.42823142443,6455.5,5700.48,0.2405869110646956,0.1546242774566473,0.3055555555555556,0.029639175257731853,9570.0,3000.0,-0.16509926854754442,1.6633333333333333,1.2377042831693905,1.4016363534298868,0.07759699624530669,1
2026-01-21,8220.0,8220.0,8220.0,8220.0,30118285500,3664025,162,7990.0,8220.0,92.24892858885248,647.4648271628921,488.22111340033894,8186.328305935721,4981.671694064279,6584.0,5768.64,0.217937637552678,0.154494382022472,0.3344155844155845,0.028785982478097605,9570.0,3000.0,-0.14106583072100312,1.74,1.2484811664641555,1.4249459144616408,0.05231143552311446,1
2026-01-24,8460.0,8460.0,8460.0,8460.0,87059398140,10290709,336,8220.0,8460.0,93.08261637426169,698.5127186611853,530.2794344525082,8466.553207439643,4975.446792560357,6721.0,5841.04,0.6575973917790762,0.15416098226466568,0.33438485804416396,0.029197080291970767,9570.0,3000.0,-0.11598746081504702,1.82,1.2587412587412588,1.4483722076890417,0.05200945626477549,1
2026-01-25,8710.0,8710.0,8320.0,8610.0,1615286532740,187515553,6192,8460.0,8390.0,90.04066765294408,724.9632009614297,569.2161877542926,8665.543758138154,5060.456241861847,6863.0,5909.2,7.720981177327428,0.11273209549071628,0.28483920367534465,-0.008274231678486954,9570.0,3000.0,-0.12330198537095088,1.7966666666666666,1.2224974500947108,1.4198199417856903,0.09058402860548265,1
2026-01-26,8360.0,8360.0,8360.0,8360.0,113946975560,13630021,417,8610.0,8360.0,88.70275332285026,735.0316620119193,602.3792826058179,8824.204807792052,5171.795192207947,6998.0,5974.84,0.5708283392648889,0.07731958762886593,0.24404761904761907,-0.0035756853396901045,9570.0,3000.0,-0.12643678160919541,1.7866666666666666,1.1946270362960847,1.3992006480508263,0.06937799043062198,1
2026-01-27,8110.0,8610.0,8110.0,8400.0,522846946140,62215991,1406,8360.0,8610.0,90.03198779897494,754.4866481681493,632.8007557182842,9005.37509627695,5272.624903723049,7139.0,6043.8,2.350568545832758,0.07759699624530669,0.2442196531791907,0.029904306220095656,9570.0,3000.0,-0.10031347962382445,1.87,1.2060512676845496,1.4246004169562196,0.012775842044134622,0
2026-01-28,8650.0,8650.0,8650.0,8650.0,38877667200,4494528,322,8400.0,8650.0,90.23006090309124,764.3219034396334,659.1049852625541,9168.126876195623,5378.8731238043765,7273.5,6115.58,0.17392303326257577,0.05231143552311446,0.2148876404494382,0.004645760743321681,9570.0,3000.0,-0.0961337513061651,1.8833333333333333,1.1892486423317523,1.414420218523836,0.04508670520231206,0
2026-01-31,8900.0,8900.0,8720.0,8890.0,1165662717020,131115295,2962,8650.0,8900.0,91.38260522753806,783.2603865903438,683.9360655281121,9356.341533785353,5467.658466214647,7412.0,6193.18,4.361822413441594,0.05200945626477549,0.2141882673942701,0.028901734104046284,9570.0,3000.0,-0.07001044932079414,1.9666666666666666,1.2007555315704264,1.4370646420740234,-0.019101123595505642,0
2026-02-01,9140.0,9150.0,9000.0,9140.0,568973203260,62225233,2106,8890.0,9150.0,92.35397815993736,809.1152051660829,708.9718934557062,9554.151425683835,5571.8485743161655,7563.0,6275.6,1.96033259094002,0.09058402860548265,0.21352785145888586,0.028089887640449396,9570.0,3000.0,-0.0438871473354232,2.05,1.2098373661245538,1.4580279176493083,-0.07322404371584701,0
2026-02-02,9410.0,9410.0,8870.0,8980.0,757332190130,84299814,3367,9140.0,8940.0,83.80804149554567,803.3990065554372,727.8573160756524,9650.092482972326,5770.907517027674,7710.5,6353.0,2.4955173098313774,0.06937799043062198,0.152061855670103,-0.022950819672131195,9570.0,3000.0,-0.06583072100313479,1.98,1.1594578821088126,1.4072091925074768,-0.0738255033557047,0
2026-02-03,9050.0,9130.0,8720.0,8830.0,241935446530,27413959,1516,8980.0,8720.0,75.8857244866644,772.215101586351,736.7288731777921,9682.319480840277,5998.680519159723,7840.5,6425.4,0.7931612547155105,0.012775842044134622,0.09136420525657063,-0.02460850111856827,9570.0,3000.0,-0.08881922675026123,1.9066666666666667,1.1121739684969072,1.357113953995082,-0.08027522935779818,0
2026-02-07,8840.0,9070.0,8840.0,9000.0,134169964460,14910093,1086,8830.0,9040.0,78.99588556037652,764.5101606380777,742.2851306698492,9725.849763833428,6243.150236166572,7984.5,6505.2,0.4278812802953966,0.04508670520231206,0.0997566909975669,0.03669724770642202,9570.0,3000.0,-0.055381400208986416,2.013333333333333,1.1321936251487257,1.3896575047654185,-0.13163716814159288,0
2026-02-08,8920.0,9090.0,8730.0,8740.0,387943978460,44410524,1789,9000.0,8730.0,69.62709866496789,725.0318147596508,738.8344674878095,9699.448526278027,6508.551473721973,8104.0,6579.0,1.2256300815804364,-0.019101123595505642,0.03191489361702127,-0.034292035398230114,9570.0,3000.0,-0.0877742946708464,1.91,1.0772458045409674,1.3269493844049247,-0.0733104238258877,0
2026-02-09,8490.0,8920.0,8480.0,8490.0,239624810370,28234890,867,8740.0,8480.0,63.12513950029916,665.8959960257334,724.2467731953943,9629.85954857407,6773.14045142593,8201.5,6647.8,0.7613993803347159,-0.07322404371584701,0.010727056019070424,-0.02863688430698741,9570.0,3000.0,-0.11389759665621735,1.8266666666666667,1.0339572029506798,1.2756099762327386,-0.017688679245283057,0
2026-02-10,8240.0,8470.0,8240.0,8260.0,90992857550,11012523,786,8490.0,8280.0,58.424713692302284,596.02153979801,698.6017265159176,9535.7400248371,7023.259975162901,8279.5,6713.0,0.2958342894424635,-0.0738255033557047,-0.009569377990430672,-0.02358490566037741,9570.0,3000.0,-0.13479623824451412,1.76,1.0000603901201763,1.2334276776403992,-0.022946859903381633,0
2026-02-14,8260.0,8310.0,8020.0,8090.0,61074018270,7553444,533,8260.0,8020.0,52.9091066707753,513.7435864595027,661.6300985046346,9434.43590722492,7234.564092775079,8334.5,6769.2,0.2023027464632713,-0.08027522935779818,-0.06852497096399535,-0.03140096618357491,9570.0,3000.0,-0.1619644723092999,1.6733333333333333,0.9622652828603996,1.1847781126277848,0.03366583541147139,0
2026-02-15,7850.0,8000.0,7850.0,7860.0,62870991480,7996014,295,8090.0,7850.0,49.611211744974504,429.8649211776583,615.2770630392395,9348.995910013282,7393.004089986718,8371.0,6822.8,0.21604193768706761,-0.13163716814159288,-0.09248554913294793,-0.021197007481296715,9570.0,3000.0,-0.17972831765935215,1.6166666666666667,0.9377613188388484,1.1505540247405757,0.03821656050955413,0
2026-02-17,8090.0,8090.0,8090.0,8090.0,29816091410,3685549,175,7860.0,8090.0,53.973013572572974,378.394571783876,567.9005647881668,9274.884518860745,7543.115481139254,8409.0,6879.6,0.10269314321412341,-0.0733104238258877,-0.09101123595505622,0.030573248407643305,9570.0,3000.0,-0.15464994775339602,1.6966666666666668,0.9620644547508622,1.1759404616547473,0.03708281829419047,0
2026-02-18,8330.0,8330.0,8180.0,8330.0,172615281260,20727356,774,8090.0,8330.0,57.89784513435595,352.90190975987025,524.9008337825074,9219.039421446238,7677.960578553762,8448.5,6941.8,0.5649486155324559,-0.017688679245283057,-0.08961748633879785,0.02966625463535233,9570.0,3000.0,-0.12957157784743992,1.7766666666666666,0.9859738415103273,1.1999769512230256,0.03601440576230486,0
2026-02-21,8300.0,8300.0,8090.0,8100.0,54641450440,6744954,259,8330.0,8090.0,53.028171887621816,309.7620530771328,481.87307764143253,9188.56064016964,7741.439359830359,8465.0,6998.2,0.18321739316930774,-0.022946859903381633,-0.09507829977628635,-0.02881152460984393,9570.0,3000.0,-0.15464994775339602,1.6966666666666668,0.9556999409332546,1.1560115458260696,0.09765142150803463,1
2026-02-22,7860.0,8340.0,7860.0,7920.0,252906784860,31916240,1635,8100.0,8290.0,56.3248409568206,288.3873841310897,443.17593893936396,9175.442305301238,7784.557694698762,8480.0,7058.4,0.8354416465013333,0.03366583541147139,-0.04931192660550454,0.024721878862793645,9570.0,3000.0,-0.13375130616509928,1.7633333333333334,0.9775943396226415,1.1744871358948203,0.10253317249698424,1
2026-02-23,8150.0,8150.0,8150.0,8150.0,93022926400,11413856,351,7920.0,8150.0,53.49455576480065,257.1862915479369,405.97800946107856,9177.820896596344,7775.179103403656,8476.5,7117.0,0.2957698676994637,0.03821656050955413,-0.09845132743362828,-0.016887816646562137,9570.0,3000.0,-0.148380355276907,1.7166666666666666,0.9614817436441928,1.1451454264437262,0.15460122699386503,1
2026-02-24,8390.0,8390.0,8150.0,8380.0,218831603330,26125234,777,8150.0,8390.0,57.442526725525575,248.9553923269723,374.57348603425737,9175.313320393896,7770.686679606103,8473.0,7179.6,0.6633791700788544,0.03708281829419047,-0.038946162657502836,0.02944785276073625,9570.0,3000.0,-0.12330198537095088,1.7966666666666666,0.9902041779771037,1.168588779319182,0.15494636471990475,1
2026-02-25,8490.0,8630.0,8390.0,8630.0,139456130630,16163270,585,8380.0,8630.0,61.00734686038893,258.814882768359,351.4217653810777,9189.428846657134,7780.571153342867,8485.0,7246.6,0.5245355850932664,0.03601440576230486,0.017688679245283057,0.028605482717520836,9570.0,3000.0,-0.09822361546499478,1.8766666666666667,1.0170889805539187,1.1909033201777384,0.156431054461182,1
2026-05-19,8880.0,8880.0,8880.0,8880.0,22210407360,2501172,131,8630.0,8880.0,64.35664503718455,283.5331173561308,337.84403577608833,9233.216034163392,7788.783965836608,8511.0,7318.0,0.08266151933761762,0.09765142150803463,0.07246376811594213,0.028968713789107703,9570.0,3000.0,-0.07210031347962383,1.96,1.0433556573845613,1.2134462968024051,0.15653153153153143,1
2026-05-20,9140.0,9140.0,9140.0,9140.0,17123634620,1873483,226,8880.0,9140.0,67.48471602667851,320.4088496701279,334.3569985548963,9309.481217389837,7765.518782610163,8537.5,7395.0,0.0687747084949637,0.10253317249698424,0.13965087281795507,0.029279279279279313,9570.0,3000.0,-0.04493207941483804,2.046666666666667,1.0705710102489019,1.235970250169033,0.15645514223194756,1
2026-05-23,9410.0,9410.0,9410.0,9410.0,37964353290,4034469,217,9140.0,9410.0,70.39074905040762,367.1871715723173,340.9230331583805,9435.673819645013,7715.326180354986,8575.5,7475.0,0.1482286897365652,0.15460122699386503,0.19872611464968148,0.029540481400437635,9570.0,3000.0,-0.01671891327063741,2.1366666666666667,1.0973121100810448,1.2588628762541807,0.15621679064824656,1
2026-05-24,9690.0,9690.0,9690.0,9690.0,2904509670,299743,120,9410.0,9690.0,73.07794958766922,421.98856711879307,357.136139950463,9595.316275496174,7634.683724503826,8615.0,7560.0,0.014496381526782467,0.15494636471990475,0.1977750309023485,0.029755579171094615,9690.0,3000.0,0.0,2.23,1.1247823563551944,1.2817460317460319,0.15583075335397312,1
2026-05-25,9980.0,9980.0,9980.0,9980.0,2830377900,283605,118,9690.0,9980.0,75.55268345922636,483.2490500441654,382.3587219692035,9783.234662643645,7529.765337356355,8656.5,7648.8,0.01613224375031058,0.156431054461182,0.19807923169267716,0.029927760577915352,9980.0,3000.0,0.0,2.3266666666666667,1.1528908912377982,1.3047798347453194,0.15531062124248507,1
2026-05-26,10270.0,10270.0,10270.0,10270.0,4911514530,478239,144,9980.0,10270.0,77.75480492951792,548.8719463527159,415.66136684590595,10048.309020569423,7397.6909794305775,8723.0,7740.8,0.03571898349150111,0.15653153153153143,0.26946847960445,0.029058116232465014,10270.0,3000.0,0.0,2.4233333333333333,1.1773472429210134,1.326736254650682,0.1557935735150926,1
2026-05-30,10570.0,10570.0,10570.0,10570.0,3732562960,353128,119,10270.0,10570.0,79.78353061642213,617.9625694280439,456.1216073623336,10366.14470463181,7264.855295368189,8815.5,7836.4,0.029339585235301224,0.15645514223194756,0.2750301568154403,0.02921129503407993,10570.0,3000.0,0.0,2.5233333333333334,1.1990244455788102,1.348833648103721,0.15610217596972564,1
2026-05-31,10880.0,10880.0,10880.0,10880.0,33382723200,3068265,171,10570.0,10880.0,81.64620954306663,689.7804357186506,502.853373033597,10699.982914842612,7115.017085157388,8907.5,7941.0,0.268115972233309,0.15621679064824656,0.3349693251533743,0.029328287606433356,10880.0,3000.0,0.0,2.6266666666666665,1.2214426045467304,1.370104520841204,0.15625,1
2026-06-01,11200.0,11200.0,11200.0,11200.0,34055739200,3040691,175,10880.0,11200.0,83.3514373335176,763.7143145991122,555.0255613467001,11079.60830809666,6982.39169190334,9031.0,8050.6,0.324329778560567,0.15583075335397312,0.3349225268176401,0.02941176470588225,11200.0,3000.0,0.0,2.7333333333333334,1.2401727383456982,1.3912006558517378,0.15625,1
2026-06-02,11530.0,11530.0,11530.0,11530.0,98605505460,8552082,320,11200.0,11530.0,84.90860268181284,839.2612075727029,611.8726905919007,11483.945826356849,6883.0541736431505,9183.5,8170.2,1.0191768525228233,0.15531062124248507,0.33603707995365006,0.02946428571428572,11530.0,3000.0,0.0,2.8433333333333333,1.2555126041269669,1.4112261633742136,0.15611448395490024,1
2026-06-03,11870.0,11870.0,11870.0,11870.0,96775065440,8152912,302,11530.0,11870.0,86.32751364639367,916.0086455711262,672.6998815877458,11901.378222409465,6824.621777590535,9363.0,8294.4,0.9884491804518505,0.1557935735150926,0.33671171171171177,0.02948829141370335,11870.0,3000.0,0.0,2.9566666666666666,1.2677560610915304,1.4310860339506173,0.155855096882898,1
2026-06-06,12220.0,12220.0,12220.0,12220.0,37741470000,3088500,174,11870.0,12220.0,87.61809926209874,993.6197876431561,736.8838627988279,12318.67368782283,6827.32631217717,9573.0,8423.0,0.38486278168301385,0.15610217596972564,0.33698030634573306,0.02948609941027791,12220.0,3000.0,0.0,3.0733333333333333,1.2765068421602423,1.4507895049269857,0.1563011456628478,1
2026-06-07,12580.0,12580.0,12580.0,12580.0,36996006220,2940859,189,12220.0,12580.0,88.79017895381565,1071.8208842791537,803.871267094893,12730.057994630923,6888.9420053690765,9809.5,8555.4,0.378382753302939,0.15625,0.33687566418703496,0.029459901800327426,12580.0,3000.0,0.0,3.1933333333333334,1.2824302971609154,1.470416345232251,0.156597774244833,1
2026-06-08,12950.0,12950.0,12950.0,12950.0,147559189400,11394532,452,12580.0,12950.0,89.85329076918008,1150.390736238649,873.1751609236443,13162.913959588432,6942.086040411568,10052.5,8691.8,1.3967944977152984,0.15625,0.33642930856553144,0.02941176470588225,12950.0,3000.0,0.0,3.316666666666667,1.2882367570256155,1.4899100301433537,0.1567567567567567,1
2026-06-09,13330.0,13330.0,13330.0,13330.0,632561820,47454,9,12950.0,13330.0,90.81656908584574,1229.151836933539,944.3704961256233,13616.059264597898,6988.940735402101,10302.5,8835.8,0.006661487288005684,0.15611448395490024,0.3356713426853708,0.02934362934362933,13330.0,3000.0,0.0,3.4433333333333334,1.293860713419073,1.5086353244754296,0.15678919729932472,1
2026-06-13,13720.0,13720.0,13720.0,13720.0,50556416400,3684870,186,13330.0,13720.0,91.68866281690462,1307.9629347778719,1017.0889838560731,14050.920247136144,7117.079752863856,10584.0,8990.4,0.5286279567663767,0.155855096882898,0.3359298928919181,0.02925731432858214,13720.0,3000.0,0.0,3.5733333333333333,1.2962962962962963,1.5260722548496175,0.1574344023323615,1
2026-06-14,14130.0,14130.0,14130.0,14130.0,43883696430,3105711,199,13720.0,14130.0,92.49549663161379,1387.5105136043112,1091.1732898057207,14501.026344732203,7250.973655267796,10876.0,9150.6,0.5616008560418058,0.1563011456628478,0.336802270577105,0.02988338192419815,14130.0,3000.0,0.0,3.71,1.2991908789996323,1.5441610386204183,0.1571125265392781,1
2026-06-15,14550.0,14550.0,14550.0,14550.0,43009290750,2955965,215,14130.0,14550.0,93.22143699407394,1467.526303128112,1166.443892470199,14930.254410187194,7461.745589812807,11196.0,9318.4,0.5787828311399501,0.156597774244833,0.3373161764705883,0.02972399150743099,14550.0,3000.0,0.0,3.85,1.2995712754555198,1.5614268543956045,0.15532646048109955,1
2026-06-16,14980.0,14980.0,14980.0,14980.0,50965630100,3402245,231,14550.0,14980.0,93.87473008692261,1547.794784343303,1242.7140708448198,15372.496100856157,7678.503899143843,11525.5,9491.2,0.8567599618716389,0.1567567567567567,0.3374999999999999,0.02955326460481089,14980.0,3000.0,0.0,3.993333333333333,1.29972669298512,1.578304113283884,0.1548731642189587,1
2026-06-17,15420.0,15420.0,15420.0,15420.0,59996259360,3890808,260,14980.0,15420.0,94.46280071406493,1628.1442236504372,1319.8001014059435,15826.68903373327,7903.31096626673,11865.0,9669.0,1.1588626698287814,0.15678919729932472,0.3373807458803122,0.029372496662216196,15420.0,3000.0,0.0,4.14,1.299620733249052,1.5947874650946323,0.1381322957198443,1
2026-06-20,15880.0,15880.0,15880.0,15880.0,188183113360,11850322,470,15420.0,15880.0,95.00294324787701,1709.2368701315227,1397.6874551510593,16295.071077812545,8134.928922187455,12215.0,9852.2,3.0982091360619743,0.1574344023323615,0.33782645324347094,0.0298313878080414,15880.0,3000.0,0.0,4.293333333333333,1.3000409332787557,1.611822740098658,0.08753148614609563,1
2026-06-21,16350.0,16350.0,15660.0,16330.0,3327020628310,203706082,6610,15880.0,16350.0,95.487314138278,1790.7853895097905,1476.3070420228055,16777.363753146026,8373.636246853976,12575.5,10040.8,14.637712731730188,0.1571125265392781,0.3379705400981996,0.029596977329974905,16350.0,3000.0,0.0,4.45,1.300147111446861,1.6283563062704167,0.037308868501529036,0
2026-06-22,16810.0,16810.0,16600.0,16800.0,1359305076520,80912777,3365,16330.0,16810.0,95.90562227843289,1870.9640256094608,1555.2384387401366,17268.713966484007,8622.286033515993,12945.5,10234.6,4.555786865522106,0.15532646048109955,0.33624801271860094,0.028134556574923586,16810.0,3000.0,0.0,4.6033333333333335,1.2985207214862307,1.6424677075801692,-0.031528851873884545,0
2026-06-23,17300.0,17300.0,17300.0,17300.0,395408609700,22855989,745,16800.0,17300.0,96.29915843383598,1951.548837076616,1634.5005184074325,17773.891185719625,8878.108814280375,13326.0,10434.0,1.2100637603740543,0.1548731642189587,0.3359073359073359,0.029149315883402638,17300.0,3000.0,0.0,4.766666666666667,1.2982140177097403,1.6580410197431474,-0.040462427745664775,0
2026-06-27,17810.0,17810.0,17450.0,17800.0,3056318296580,171728063,7974,17300.0,17550.0,96.484800065359,2012.388232532916,1710.0780612325293,18236.605360646674,9172.394639353326,13704.5,10634.2,6.253645098130805,0.1381322957198443,0.31657914478619653,0.014450867052023142,17550.0,3000.0,0.0,4.85,1.2806012623590792,1.6503357093152282,-0.038746438746438794,0
2026-06-28,17270.0,17270.0,17270.0,17270.0,127120117960,7360748,755,17800.0,17270.0,90.98021546999075,2014.785043986907,1771.019457783405,18552.652843112635,9556.347156887365,14054.5,10824.4,0.26473130202521544,0.08753148614609563,0.25874635568513127,-0.015954415954415935,17550.0,3000.0,-0.015954415954415956,4.756666666666667,1.2287879326905973,1.59546949484498,-0.00926462072958889,0
2026-06-29,16760.0,17180.0,16760.0,16780.0,3091245014360,184275866,6756,17270.0,16960.0,85.18565546532326,1968.9730296675352,1810.610172160231,18742.64921915256,10005.350780847439,14374.0,11003.8,4.980329601299118,0.037308868501529036,0.20028308563340413,-0.017950202663578496,17550.0,3000.0,-0.03361823361823362,4.653333333333333,1.1799081675246974,1.541285737654265,-0.018867924528301883,0
2026-06-30,17100.0,17280.0,16280.0,16720.0,1620902254050,96971258,6098,16780.0,16280.0,74.04521406163076,1856.396972526516,1819.767532233488,18776.608861240347,10511.39113875965,14644.0,11165.0,2.3256792378035698,-0.031528851873884545,0.1189003436426117,-0.04009433962264153,17550.0,3000.0,-0.07236467236467237,4.426666666666667,1.111718109806064,1.458128078817734,0.04054054054054057,0
2026-07-01,16220.0,16870.0,16220.0,16380.0,1418981782850,86634720,5104,16720.0,16600.0,75.6584918725222,1772.5679024299734,1810.3276062727853,18810.128334642257,11017.871665357745,14914.0,11327.8,1.888471047318878,-0.040462427745664775,0.10814419225634175,0.019656019656019597,17550.0,3000.0,-0.05413105413105413,4.533333333333333,1.1130481426847258,1.4654213527781212,0.050602409638554224,1
2026-07-07,16870.0,16870.0,16870.0,16870.0,427194235790,25322717,1021,16380.0,16870.0,76.95978945162295,1708.228113580204,1789.9077077342693,18837.440345472933,11524.559654527067,15181.0,11497.4,0.5420784348331478,-0.038746438746438794,0.09403372243839181,0.016265060240963747,17550.0,3000.0,-0.038746438746438745,4.623333333333333,1.11125749291878,1.467288256475377,0.06461173681090693,1
2026-07-08,17370.0,17370.0,16370.0,17260.0,2728511755480,158064328,8029,16870.0,17110.0,78.08147868802169,1657.4977591984189,1763.4257180270993,18855.717978386463,12030.282021613535,15443.0,11672.4,2.9157946846577376,-0.00926462072958889,0.07745591939546603,0.014226437462951935,17550.0,3000.0,-0.02507122507122507,4.703333333333333,1.107945347406592,1.4658510674754122,0.05435417884278193,1
2026-07-13,16160.0,16640.0,16160.0,16450.0,241167590600,14663937,477,15660.0,16640.0,70.81107393011328,1561.3700142075777,1723.014577263195,18772.101671439046,12555.898328560956,15664.0,11833.0,0.26764644082899164,-0.018867924528301883,0.017737003058103884,-0.02746931618936299,17550.0,3000.0,-0.05185185185185185,4.546666666666667,1.062308478038815,1.4062367954026873,0.11658653846153855,1
2026-07-14,16940.0,16940.0,16940.0,16940.0,193705647520,11434808,512,16450.0,16940.0,72.56694572677722,1492.1944873434404,1676.8505592792442,18691.559396062337,13072.440603937663,15882.0,11998.8,0.20710294429806228,0.04054054054054057,0.007733491969066142,0.018028846153846256,17550.0,3000.0,-0.034757834757834755,4.6466666666666665,1.0666162951769298,1.411807847451412,0.1292798110979929,1
2026-07-15,17440.0,17440.0,17440.0,17440.0,131919246880,7564177,371,16940.0,17440.0,75.24028323552812,1460.8781117394174,1633.656069771279,18647.793174744336,13565.206825255664,16106.5,12169.6,0.13747639457271923,0.050602409638554224,0.008092485549132888,0.029515938606847758,17550.0,3000.0,-0.0062678062678062675,4.8133333333333335,1.082792661347903,1.43307914804102,0.12958715596330284,1
2026-07-18,17440.0,17960.0,16920.0,17520.0,4330075467570,247213746,11083,17440.0,17960.0,77.67672260156763,1461.1757876993506,1599.1600133568934,18659.444377968626,14016.555622031376,16338.0,12345.8,3.6689507912618975,0.06461173681090693,0.023361823361823353,0.029816513761467878,17960.0,3000.0,0.0,4.986666666666666,1.0992777573754438,1.454745743491714,0.07683741648106901,1
2026-07-19,18040.0,18040.0,18040.0,18040.0,304080381880,16855897,758,17520.0,18040.0,78.03483205885526,1451.1392000588512,1569.555850697285,18654.25141352223,14453.748586477772,16554.0,12527.8,0.24774054349416202,0.05435417884278193,0.04458598726114649,0.00445434298440972,18040.0,3000.0,0.0,5.013333333333334,1.089766823728404,1.439997445680806,0.05266075388026614,1
2026-07-20,18580.0,18580.0,18580.0,18580.0,326721329180,17584571,563,18040.0,18580.0,80.32875175175408,1469.8155009096408,1549.6077807397562,18740.885654600974,14812.114345399026,16776.5,12725.0,0.2557292634733766,0.11658653846153855,0.09551886792452824,0.029933481152993435,18580.0,3000.0,0.0,5.193333333333333,1.1075015646887014,1.4601178781925344,0.01668460710441333,0
