date,open,high,low,adjClose,value,volume,count,yesterday,close,rsi,macd,macd_signal,bb_upper,bb_lower,sma_20,sma_50,volume_ratio,momentum_5,momentum_10,prev_day_change,high_52w,low_52w,dist_from_high,dist_from_low,price_to_sma20,price_to_sma50,future_return,signal
2015-06-13,3800.0,3881.0,3800.0,3871.0,412757044,106639,61,3697.0,3881.0,21.92239737037383,-483.4529639427665,-429.59484136518824,5936.4068767475455,3352.6931232524553,4644.55,5492.32,0.567494208061697,-0.056406515925115475,-0.11392694063926945,0.008051948051948088,8722.0,3843.0,-0.555033249254758,0.009888108248763986,0.8356030185916827,0.7066230663908877,-0.07214635403246583,0
2015-06-14,3999.0,4029.0,3699.0,3779.0,681149969,180244,76,3871.0,3700.0,19.586762069313153,-489.4840697001382,-441.57268703217824,5834.1736353661645,3268.926364633836,4551.55,5454.58,0.922118902813362,-0.09313725490196079,-0.13409782354317812,-0.04663746457098683,8722.0,3700.0,-0.5757853703279064,0.0,0.812909887840406,0.6783290372494307,0.040000000000000036,0
2015-06-15,3868.0,3868.0,3591.0,3597.0,692662775,192559,111,3779.0,3620.0,18.641413605228678,-495.0128953539179,-452.26072869652614,5711.7231639204965,3197.8768360795043,4454.8,5412.28,0.9484233045601735,-0.07888040712468192,-0.16589861751152069,-0.021621621621621623,8722.0,3620.0,-0.5849575785370328,0.0,0.812606626560115,0.6688493573872749,0.09585635359116029,1
2015-06-16,3735.0,3735.0,3600.0,3649.0,122197020,33485,32,3597.0,3642.0,19.787945895524814,-491.94843801310117,-460.1982705598412,5544.90267676462,3168.897323235379,4356.9,5367.3,0.16479264351072062,-0.052302888368462086,-0.15322018135317372,0.006077348066298338,8722.0,3620.0,-0.5824352212795231,0.0060773480662983425,0.8359154444673966,0.6785534626348443,0.13673805601317968,1
2015-06-17,3820.0,3828.0,3710.0,3784.0,298365626,78844,64,3649.0,3757.0,25.683542233717432,-474.7674707174415,-463.1121105913613,5400.059133379265,3154.4408666207346,4277.25,5325.04,0.38836376568627523,-0.024155844155844153,-0.11807511737089205,0.03157605711147715,8722.0,3620.0,-0.5692501719789039,0.03784530386740331,0.8783681103512772,0.7055346063128164,0.0726643598615917,1
2015-06-20,3800.0,3800.0,3601.0,3665.0,241414376,65864,50,3784.0,3601.0,23.19319387463345,-468.3405878422959,-464.1578060415482,5265.416865985149,3126.1831340148515,4195.8,5280.28,0.3352608217616158,-0.07214635403246583,-0.12448334548991002,-0.04152249134948094,8722.0,3601.0,-0.5871359779867003,0.0,0.8582391915725248,0.6819714106070133,0.06498194945848379,1
2015-06-21,3601.0,3848.0,3600.0,3779.0,869833995,230147,111,3665.0,3848.0,34.090308053167206,-438.2643623664144,-458.9791173065215,5032.785561536716,3200.7144384632843,4116.75,5235.52,1.1277989526989614,0.040000000000000036,-0.056862745098039236,0.06859205776173294,8722.0,3601.0,-0.5588167851410227,0.06859205776173286,0.9347179206898646,0.7349795244789438,-0.02494802494802495,0
2015-06-22,3850.0,3967.0,3850.0,3950.0,765301614,193765,93,3779.0,3967.0,38.609372736536784,-400.2130248868325,-447.22589882258376,4775.031023558398,3321.668976441602,4048.35,5187.58,0.9314928619519071,0.09585635359116029,0.009414758269720158,0.03092515592515599,8722.0,3601.0,-0.5451731254299472,0.10163843376839767,0.9799053935553992,0.7647110984312531,-0.012856062515754996,0
2015-06-23,4099.0,4147.0,4058.0,4120.0,775101470,188153,117,3950.0,4140.0,44.560539203692535,-352.0393214497044,-428.1885833480079,4525.445163026336,3470.5548369736644,3998.0,5141.62,0.9848096256997977,0.13673805601317968,0.07728337236533966,0.04360978069069832,8722.0,3601.0,-0.5253382251777116,0.1496806442654818,1.0355177588794398,0.8051936938163459,-0.034057971014492705,0
2015-06-24,4139.0,4139.0,3990.0,4021.0,844700974,210057,113,4120.0,4030.0,41.78677135447845,-319.0594760622139,-406.36276189084913,4466.4223899903445,3489.177610009656,3977.8,5093.22,1.0655941243865301,0.0726643598615917,0.04675324675324677,-0.02657004830917875,8722.0,3601.0,-0.5379500114652602,0.11913357400722022,1.013122831716024,0.7912479727952061,-0.003225806451612856,0
2015-06-27,4040.0,4040.0,3833.0,3867.0,157223599,40655,36,4021.0,3835.0,37.34844889404106,-305.140115988685,-386.11823271041635,4406.079351414236,3495.020648585765,3950.55,5035.16,0.21592972338634955,0.06498194945848379,-0.011852615305333658,-0.048387096774193505,8722.0,3601.0,-0.5603072689750057,0.06498194945848375,0.9707509081014035,0.7616441185582981,0.0430247718383312,0
2015-06-28,3949.0,3949.0,3720.0,3730.0,256577381,68784,23,3867.0,3752.0,35.614504727544016,-297.37833683148983,-368.37025353463105,4362.5436051352335,3486.4563948647665,3924.5,4974.58,0.3789138288343376,-0.02494802494802495,0.014054054054054133,-0.021642764015645355,8722.0,3601.0,-0.5698234349919743,0.041932796445431825,0.956045356096318,0.7542345283420911,0.09248400852878458,1
2015-06-29,3879.0,3916.0,3876.0,3909.0,520018952,133045,41,3730.0,3916.0,41.40327508320168,-274.8256228270611,-349.66132739311706,4297.724694967076,3508.8753050329246,3903.3,4920.42,0.7294745666714367,-0.012856062515754996,0.08176795580110507,0.04371002132196167,8722.0,3601.0,-0.5510204081632653,0.08747570119411274,1.0032536571618886,0.7958670194820767,0.04698672114402447,0
2015-06-30,3940.0,4099.0,3770.0,4009.0,207526862,51764,29,3909.0,3999.0,44.140522635630276,-247.40311900220058,-329.2096857149338,4241.55172279171,3534.84827720829,3888.2,4873.0,0.2905900666969435,-0.034057971014492705,0.09802306425041185,0.021195097037793653,8722.0,3601.0,-0.5415042421462967,0.11052485420716468,1.0284964765186977,0.820644366919762,0.057514378594648585,1
2015-07-01,4050.0,4050.0,3889.0,3914.0,66868054,17083,13,4009.0,4017.0,44.7433656844128,-221.6629451336944,-307.70033759868596,4192.1793880674,3559.9206119326004,3876.05,4820.44,0.09702900845304817,-0.003225806451612856,0.0692041522491349,0.004501125281320295,8722.0,3601.0,-0.5394404952992433,0.11552346570397112,1.0363643399852942,0.8333264183352558,0.010704505850136936,0
2015-07-04,4080.0,4109.0,3920.0,4048.0,821898885,203036,74,3914.0,4000.0,44.25756734265291,-200.3261941525725,-286.22550890946326,4173.14372000071,3567.6562799992903,3870.4,4773.04,1.1502087570317412,0.0430247718383312,0.1108025548458762,-0.004232013940751789,8722.0,3601.0,-0.5413895895436827,0.11080255484587614,1.0334849111202977,0.8380403265005112,0.0,0
2015-07-05,3886.0,4100.0,3886.0,4014.0,470527085,117233,40,4048.0,4099.0,47.81122385512296,-173.42901097189224,-263.66620932194905,4176.825547302674,3565.874452697326,3871.35,4731.02,0.7341697715539822,0.09248400852878458,0.06522869022869027,0.02475000000000005,8700.0,3601.0,-0.5288505747126436,0.13829491807831157,1.058803776460408,0.8664093578129028,0.01976091729690177,0
2015-07-06,4139.0,4139.0,3961.0,4057.0,164453834,40536,27,4014.0,4100.0,47.8473910692555,-150.2995482409101,-240.99287710574126,4200.465829303341,3559.234170696659,3879.85,4697.36,0.34177239203155,0.04698672114402447,0.033526594403831655,0.00024396194193698761,8700.0,3601.0,-0.5287356321839081,0.13857261871702306,1.056741884351199,0.8728306963911645,0.024146341463414656,0
2015-07-07,4002.0,4229.0,4002.0,4195.0,1106949421,263859,133,4057.0,4229.0,52.427427911205235,-120.17476065121309,-216.82925381483565,4253.28854633444,3545.01145366556,3899.15,4660.02,2.0863944206568537,0.057514378594648585,0.021497584541062764,0.03146341463414637,8700.0,3601.0,-0.5139080459770115,0.17439600111080256,1.0845953605272944,0.9075068347346148,-0.054149917238117795,0
2015-07-11,4247.0,4247.0,4050.0,4092.0,195304639,47724,32,4195.0,4060.0,46.64773017317694,-108.6846876319205,-195.20034057825265,4269.739586075287,3549.5604139247134,3909.65,4616.42,0.38745252643013367,0.010704505850136936,0.007444168734491274,-0.03996216599668956,8700.0,3601.0,-0.5333333333333333,0.1274645931685643,1.0384561277863746,0.8794693723707981,-0.04236453201970447,0
2015-07-12,4200.0,4200.0,4000.0,4050.0,626073209,154588,43,4092.0,4000.0,44.761059237094635,-103.2302465184357,-176.80632176628927,4277.5272855144685,3553.6727144855313,3915.6,4578.64,1.231077973660372,0.0,0.0430247718383312,-0.014778325123152691,8700.0,3601.0,-0.5402298850574713,0.11080255484587614,1.0215548064153641,0.8736218615134624,0.0012499999999999734,0
2015-07-13,4230.0,4252.0,4180.0,4217.0,341329431,80946,36,4050.0,4180.0,51.144892746528086,-83.42143656891494,-158.12934472681442,4304.801533402961,3574.3984665970397,3939.6,4546.24,0.6711586910639448,0.01976091729690177,0.11407249466950953,0.04499999999999993,8700.0,3601.0,-0.5195402298850574,0.16078866981394058,1.061021423494771,0.9194411205743648,-0.07153110047846889,0
2015-07-14,4290.0,4290.0,4040.0,4128.0,317963182,77018,41,4217.0,4199.0,51.77838850135977,-65.43537251651014,-139.59055028475356,4319.332824550855,3617.7671754491453,3968.55,4514.22,0.6707173169217264,0.024146341463414656,0.07226762002042908,0.00454545454545463,8700.0,3601.0,-0.5173563218390804,0.16606498194945848,1.0580690680475235,0.9301717683232097,-0.11121695641819485,0
2015-07-15,4100.0,4100.0,3922.0,4031.0,427178790,105980,40,4128.0,4000.0,45.17169334880731,-66.47266851514996,-124.96697393083285,4303.684597734668,3669.215402265331,3986.45,4477.02,0.894692921010299,-0.054149917238117795,0.0002500625156289793,-0.047392236246725394,8700.0,3601.0,-0.5402298850574713,0.11080255484587614,1.0033990141604687,0.893451447614708,-0.03574999999999995,0
2015-07-20,3845.0,3888.0,3842.0,3846.0,91084606,23684,8,4031.0,3888.0,41.929041640479994,-75.46231445693184,-115.06604203605266,4296.109221238612,3689.890778761388,3993.0,4434.78,0.20470880380099407,-0.04236453201970447,-0.03211351755041081,-0.028000000000000025,8700.0,3601.0,-0.5531034482758621,0.07970008331019161,0.9737039819684448,0.8767063980625871,-0.032664609053497995,0
2015-07-21,4030.0,4030.0,3886.0,3900.0,66244811,16985,13,3846.0,4005.0,46.268314121731954,-72.31218162548521,-106.51526995393918,4257.20622942843,3769.1937705715704,4013.2,4398.88,0.14997514394876563,0.0012499999999999734,0.0012499999999999734,0.03009259259259256,8700.0,3601.0,-0.5396551724137931,0.1121910580394335,0.9979567427489285,0.9104590259338741,-0.05068664169787762,0
2015-07-22,3900.0,3950.0,3881.0,3900.0,153809875,39440,30,3900.0,3881.0,42.63236450915451,-78.91179628317786,-100.99457521978692,4254.777718281734,3774.9222817182654,4014.85,4360.48,0.38026644683717914,-0.07153110047846889,-0.05318370334227862,-0.030961298377028768,8700.0,3601.0,-0.5539080459770115,0.07775617883921133,0.9666612700349951,0.8900396286647343,0.004380314351971171,0
2015-07-25,3821.0,3821.0,3732.0,3798.0,44609185,11746,23,3900.0,3732.0,38.697199205058844,-95.06919470406956,-99.80949911664345,4272.462135423445,3733.737864576555,4003.1,4317.92,0.12414417042396723,-0.11121695641819485,-0.08975609756097558,-0.03839216696727643,8700.0,3601.0,-0.5710344827586207,0.036378783671202446,0.9322774849491644,0.8643050357579575,0.023579849946409492,0
2015-07-26,3840.0,3987.0,3825.0,3929.0,456817505,116279,47,3798.0,3857.0,43.41593971647878,-96.67320549304077,-99.18224039192293,4257.79157044601,3720.108429553989,3988.95,4283.94,1.2774809634143796,-0.03574999999999995,-0.087964057696855,0.03349410503751349,8700.0,3601.0,-0.5566666666666666,0.07109136351013608,0.9669211195928754,0.9003394071812398,-0.03370495203526058,0
2015-07-27,3813.0,3813.0,3733.0,3776.0,304171164,80544,60,3929.0,3761.0,40.817356907406975,-104.4863398092657,-100.2430602753915,4261.170089438632,3689.829910561368,3975.5,4246.16,0.9526597509416421,-0.032664609053497995,-0.07364532019704428,-0.024889810733730866,8700.0,3601.0,-0.5677011494252874,0.044432102193835046,0.9460445227015469,0.8857414699398987,-0.008242488699813921,0
2015-07-28,3943.0,3943.0,3690.0,3793.0,143189144,37746,36,3776.0,3802.0,42.40292568842801,-106.1463585492229,-101.42371993015779,4263.10578645876,3684.5942135412392,3973.85,4210.16,0.4472221893105532,-0.05068664169787762,-0.04949999999999999,0.010901356022334552,8700.0,3601.0,-0.5629885057471264,0.055817828381005276,0.9567547844030349,0.9030535656602124,-0.004208311415044741,0
2015-07-29,3960.0,3960.0,3810.0,3851.0,90809995,23583,26,3793.0,3898.0,46.04771659591668,-98.57917826230323,-100.85481159658687,4254.57807098006,3707.72192901994,3981.15,4176.92,0.2871040571115869,0.004380314351971171,-0.06746411483253589,0.025249868490268224,8700.0,3601.0,-0.5519540229885057,0.0824770896973063,0.9791140750788089,0.9332235235532401,-0.01667521806054384,0
2015-08-01,3974.0,3974.0,3801.0,3831.0,200139625,52237,33,3851.0,3820.0,43.63179240417041,-97.74928854164227,-100.23370698559796,4257.44733189747,3695.25266810253,3976.35,4142.22,0.6688429210805813,0.023579849946409492,-0.09025958561562275,-0.02001026167265263,8700.0,3601.0,-0.5609195402298851,0.06081643987781172,0.9606800206219271,0.9222107951774652,-0.031151832460732942,0
2015-08-02,3920.0,3920.0,3727.0,3767.0,744714054,197692,63,3831.0,3727.0,40.87796035108078,-103.40394145517894,-100.86775387951417,4263.762209054508,3661.7377909454913,3962.75,4104.76,2.3149772913435434,-0.03370495203526058,-0.06825000000000003,-0.024345549738219896,8700.0,3601.0,-0.5716091954022988,0.034990280477645096,0.9405084852690682,0.9079702589189136,-0.01797692514086402,0
2015-08-03,3840.0,3850.0,3725.0,3758.0,250655647,66703,30,3767.0,3730.0,41.007307126682036,-106.4165163423645,-101.97750637208425,4264.676081928233,3632.1239180717675,3948.4,4072.36,0.7590413749979376,-0.008242488699813921,-0.04063786008230452,0.0008049369466058831,8700.0,3601.0,-0.5712643678160919,0.0358233823937795,0.944686455273022,0.9159308116178334,0.0016085790884718953,0
2015-08-04,3730.0,3786.0,3600.0,3651.0,202400858,55442,28,3758.0,3786.0,43.49251999819543,-103.09683551218313,-102.20137220010403,4260.678079751356,3614.721920248644,3937.7,4043.48,0.6887354694046144,-0.004208311415044741,-0.05468164794007491,0.01501340482573732,8700.0,3601.0,-0.5648275862068965,0.05137461816162177,0.9614749726997994,0.936322177925945,-0.0179609086106709,0
2015-08-05,3677.0,3833.0,3677.0,3813.0,252030038,66094,55,3651.0,3833.0,45.56521959410535,-95.57176551119073,-100.87545086232137,4241.568977045158,3607.231022954842,3924.4,4011.56,0.8479971465705601,-0.01667521806054384,-0.0123679464055656,0.012414157422081296,8700.0,3601.0,-0.5594252873563218,0.06442654818106082,0.9767098155131995,0.955488637836652,-0.05113488129402555,0
2015-08-08,3919.0,3920.0,3700.0,3737.0,253432706,67810,45,3813.0,3701.0,41.01498548573662,-99.11683299746437,-100.52372728934998,4225.103379835407,3583.796620164592,3904.45,3978.88,0.8550532753294243,-0.031151832460732942,-0.00830653804930337,-0.034437777198017216,8700.0,3601.0,-0.5745977011494253,0.027770063871146902,0.9478927889971699,0.9301612514074312,-0.02188597676303705,0
2015-08-09,3651.0,3780.0,3650.0,3669.0,356874585,97255,31,3737.0,3660.0,39.689217819565876,-104.03542623602698,-101.22606707868538,4176.774998960798,3575.2250010392017,3876.0,3949.14,1.3702750835507813,-0.01797692514086402,-0.05107596577651019,-0.011078087003512538,8700.0,3601.0,-0.5793103448275863,0.016384337683976673,0.9442724458204335,0.9267840593141798,-0.016393442622950838,0
2015-08-10,3750.0,3780.0,3640.0,3676.0,84771487,23063,11,3669.0,3736.0,43.34497795325891,-100.64075796155612,-101.10900525525953,4154.018694171304,3565.581305828697,3859.8,3935.18,0.33069144379084264,0.0016085790884718953,-0.006647168306301521,0.02076502732240426,8700.0,3601.0,-0.5705747126436782,0.03748958622604832,0.9679257992642105,0.9493847803658283,-0.04844753747323338,0
2015-08-12,3720.0,3720.0,3655.0,3697.0,4965155,1343,6,3676.0,3718.0,42.685041623619014,-98.2701117868387,-100.54122656157537,4138.718156433804,3552.6818435661953,3845.7,3921.94,0.021633550527952062,-0.0179609086106709,-0.02209363492898475,-0.004817987152034298,8700.0,3601.0,-0.5726436781609195,0.032490974729241874,0.9667940817016408,0.9480002243787513,-0.04975793437331899,0
2015-08-15,3660.0,3660.0,3631.0,3636.0,98922579,27204,12,3697.0,3637.0,39.75199241923099,-101.75441906548667,-100.78386506235765,4081.7438259151677,3555.3561740848327,3818.55,3909.22,0.4580384022198126,-0.05113488129402555,-0.06695741405849154,-0.021785906401290966,8700.0,3601.0,-0.5819540229885057,0.009997222993612885,0.9524557750978774,0.9303646251681922,-0.02034643937310976,0
2015-08-16,3699.0,3699.0,3600.0,3612.0,283487827,78477,37,3636.0,3620.0,39.144056154063534,-104.68082027735682,-101.5632561053575,4001.388951552863,3577.8110484471367,3789.6,3894.82,1.3197097133036297,-0.02188597676303705,-0.05235602094240843,-0.004674182018146844,8700.0,3601.0,-0.5839080459770115,0.005276312135517912,0.9552459362465696,0.9294396146676868,-0.016574585635359074,0
2015-08-17,3620.0,3620.0,3550.0,3591.0,178546749,49722,22,3612.0,3600.0,38.400016102283985,-107.37608253420785,-102.72582139112758,3973.5376375264245,3565.6623624735753,3769.6,3880.8,0.877667250048321,-0.016393442622950838,-0.034075664072980905,-0.0055248618784530246,8700.0,3600.0,-0.5862068965517241,0.0,0.9550084889643464,0.9276437847866419,-0.012777777777777777,0
2015-08-18,3600.0,3600.0,3513.0,3568.0,113551257,31827,22,3591.0,3555.0,36.709288447025166,-111.8538397720913,-104.55142506732034,3969.487733431977,3536.4122665680225,3752.95,3866.7,0.5577851930262392,-0.04844753747323338,-0.046916890080428986,-0.012499999999999956,8700.0,3555.0,-0.5913793103448276,0.0,0.9472548262033867,0.919388625960121,-0.04303797468354431,0
2015-08-19,3525.0,3650.0,3511.0,3554.0,149638194,42099,22,3568.0,3533.0,35.877600345744554,-115.84235225451175,-106.80961050475862,3933.3855606257302,3525.3144393742696,3729.35,3855.1,0.7219203193673015,-0.04975793437331899,-0.06682514527205496,-0.0061884669479606025,8700.0,3533.0,-0.5939080459770115,0.0,0.9473500744097497,0.9164483411584654,-0.012170959524483438,0
2015-08-22,3600.0,3674.0,3563.0,3613.0,180276718,49901,23,3554.0,3563.0,37.942330227206256,-115.25395203698372,-108.49847881120365,3917.298448607917,3509.6015513920825,3713.45,3844.76,0.8481033203684332,-0.02034643937310976,-0.07044090790503521,0.008491367110104786,8700.0,3533.0,-0.5904597701149426,0.008491367110104727,0.9594851149200878,0.9267158418210759,0.0044905978108336075,0
2015-08-23,3561.0,3568.0,3560.0,3563.0,119310104,33490,15,3613.0,3560.0,37.8112132968488,-113.71883560402648,-109.54255016976823,3919.0903089986896,3490.6096910013102,3704.85,3837.36,0.5588601189309067,-0.016574585635359074,-0.03809781140232371,-0.0008419870895313153,8700.0,3533.0,-0.5908045977011495,0.007642230399094254,0.9609026006451004,0.9277211416181959,-0.02134831460674158,0
2015-08-24,3624.0,3624.0,3553.0,3581.0,135589149,37865,18,3563.0,3554.0,37.53186272043272,-111.6988003861361,-109.97380021304181,3901.6010146267654,3477.7989853732342,3689.7,3831.58,0.6761021590094429,-0.012777777777777777,-0.02896174863387979,-0.0016853932584269815,8700.0,3533.0,-0.5914942528735632,0.005943956977073309,0.9632219421633196,0.927554690232228,-0.003939223410241999,0
2015-08-25,3570.0,3570.0,3402.0,3461.0,602919853,174216,88,3581.0,3402.0,31.235925875074457,-120.96858703438602,-112.17275757731065,3914.959272026893,3428.540727973107,3671.75,3822.62,2.870661550921139,-0.04303797468354431,-0.08940042826552463,-0.04276871131119864,8700.0,3402.0,-0.6089655172413793,0.0,0.926533669231293,0.8899655210300789,0.04644326866549098,0
2015-08-26,3540.0,3540.0,3460.0,3494.0,42100050,12050,19,3461.0,3490.0,37.746886762733475,-119.83273797493075,-113.70475365683468,3903.92189106081,3408.37810893919,3656.15,3814.8,0.20284948820484935,-0.012170959524483438,-0.06132329209252285,0.025867136978248162,8700.0,3402.0,-0.5988505747126437,0.02586713697824809,0.9545560220450474,0.9148579217783369,-0.016332378223495647,0
2015-08-29,3481.0,3585.0,3481.0,3567.0,16973376,4758,9,3494.0,3579.0,43.56672312244425,-110.47749739587061,-113.05930240464187,3863.5057097340964,3416.8942902659032,3640.2,3812.38,0.08138564273789649,0.0044905978108336075,-0.01594720923838333,0.025501432664756463,8700.0,3402.0,-0.5886206896551724,0.05202821869488536,0.9831877369375309,0.9387836469606912,-0.010896898575020963,0
2015-08-30,3505.0,3537.0,3474.0,3499.0,142368396,40683,29,3567.0,3484.0,39.339133966098444,-109.46723771260895,-112.3408894662353,3840.5417969895416,3406.2582030104586,3623.4,3809.66,0.7028282084903265,-0.02134831460674158,-0.037569060773480656,-0.026543727298127928,8700.0,3402.0,-0.5995402298850575,0.024103468547912992,0.9615278467737484,0.9145173060063103,0.01894374282433975,0
2015-08-31,3430.0,3575.0,3400.0,3497.0,177874170,50860,32,3499.0,3540.0,42.85906631921864,-102.9609973600518,-110.4649110449986,3828.6318957877074,3399.468104212293,3614.05,3807.62,1.006269896385461,-0.003939223410241999,-0.01666666666666672,0.016073478760045834,8700.0,3402.0,-0.593103448275862,0.04056437389770723,0.9795105214371688,0.9297146248837856,-0.0028248587570621764,0
2015-09-01,3589.0,3589.0,3540.0,3553.0,39477820,11110,10,3497.0,3560.0,44.10648933099731,-95.09472930764969,-107.39087469752883,3814.480107930489,3396.6198920695115,3605.55,3803.68,0.2326046380652989,0.04644326866549098,0.0014064697609001975,0.005649717514124353,8700.0,3402.0,-0.5908045977011495,0.04644326866549089,0.9873666985619391,0.9359357254027679,0.016853932584269593,0
2015-09-02,3421.0,3500.0,3421.0,3452.0,123893153,35895,24,3553.0,3433.0,38.377230323553846,-97.97905229442631,-105.50851021690833,3792.4677393917336,3383.3322606082666,3587.9,3800.32,0.7672150489141005,-0.016332378223495647,-0.028304557033682398,-0.03567415730337076,8700.0,3402.0,-0.6054022988505747,0.009112286890064668,0.9568271133532149,0.9033449814752441,0.023594523740168905,0
2015-09-05,3550.0,3560.0,3440.0,3507.0,109794599,31309,26,3452.0,3540.0,44.87426383924771,-90.58666657415824,-102.52414148835832,3744.8120878861146,3401.6879121138854,3573.25,3794.16,0.6950319500697607,-0.010896898575020963,-0.006455234353073269,0.03116807457034665,8700.0,3402.0,-0.593103448275862,0.04056437389770723,0.9906947456797034,0.9330128407868936,-0.02033898305084747,0
2015-09-06,3549.0,3600.0,3485.0,3574.0,428818157,119975,45,3507.0,3550.0,45.453085781007054,-82.96486389788924,-98.61228597026451,3727.0990086705683,3404.3009913294313,3565.7,3785.82,2.5175689485490538,0.01894374282433975,-0.002808988764044895,0.0028248587570620654,8700.0,3402.0,-0.5919540229885057,0.04350382128159906,0.9955969374877304,0.9377096639565536,-0.060845070422535175,0
2015-09-07,3575.0,3649.0,3454.0,3528.0,98853333,28018,28,3574.0,3530.0,44.44787697462657,-77.64333913559449,-94.41849660333051,3715.267421327584,3403.1325786724155,3559.2,3773.62,0.633988222183252,-0.0028248587570621764,-0.006752954417557633,-0.005633802816901401,8700.0,3402.0,-0.5942528735632184,0.0376249265138154,0.9917959091930771,0.9354413003959063,-0.05467422096317276,0
2015-09-08,3532.0,3620.0,3500.0,3578.0,100007191,27951,27,3528.0,3620.0,49.82530773144512,-65.40974179606928,-88.61674564187827,3690.185086905851,3416.614913094149,3553.4,3765.42,0.6289936574053758,0.016853932584269593,0.06407995296884184,0.025495750708215192,8700.0,3402.0,-0.5839080459770115,0.06407995296884186,1.0187426127089547,0.9613801382050342,-0.08839779005524862,0
2015-09-09,3620.0,3628.0,3513.0,3553.0,146366438,41196,24,3578.0,3514.0,44.37679311968952,-63.535444828679374,-83.6004854792385,3658.0296129046874,3428.3703870953123,3543.2,3759.0,0.8872654279640665,0.023594523740168905,0.006876790830945501,-0.029281767955801064,8700.0,3402.0,-0.5960919540229885,0.03292181069958848,0.9917588620456086,0.9348230912476723,-0.055207740466704625,0
2015-09-12,3460.0,3644.0,3460.0,3509.0,238189388,67884,37,3553.0,3468.0,42.21917527450273,-65.01244355988456,-79.88287709536772,3645.5270283038844,3423.9729716961156,3534.75,3753.32,1.4007011346496285,-0.02033898305084747,-0.031014249790444204,-0.013090495162208282,8700.0,3402.0,-0.6013793103448276,0.019400352733686066,0.9811160619562911,0.9239819679643622,-0.028258362168396722,0
2015-09-13,3460.0,3460.0,3334.0,3358.0,424366519,126371,48,3509.0,3334.0,36.63179242683294,-76.11821243977602,-79.12994416424938,3654.838206327186,3386.0617936728136,3520.45,3741.68,2.484732299101437,-0.060845070422535175,-0.04305396096440872,-0.03863898500576701,8700.0,3334.0,-0.6167816091954023,0.0,0.94703802070758,0.891043595390306,0.004499100179963911,0
2015-09-14,3465.0,3465.0,3337.0,3355.0,183559017,54704,17,3358.0,3337.0,36.833344702504164,-83.7125531583265,-80.0464659630648,3658.408040817944,3356.1919591820565,3507.3,3728.44,1.0703587102631482,-0.05467422096317276,-0.05734463276836155,0.000899820035992871,8700.0,3334.0,-0.6164367816091954,0.0008998200359928015,0.9514441308128759,0.8950123912413771,0.003596044351213745,0
2015-09-15,3335.0,3360.0,3288.0,3306.0,78557198,23760,23,3355.0,3300.0,35.34036973946428,-91.6601129445603,-82.36919535936391,3668.684976382794,3320.4150236172063,3494.55,3714.1,0.4685951513418368,-0.08839779005524862,-0.0730337078651685,-0.011087803416242159,8700.0,3300.0,-0.6206896551724138,0.0,0.9443275958277889,0.8885059637597265,0.0121212121212122,0
2015-09-16,3328.0,3400.0,3302.0,3318.0,189725229,57175,41,3306.0,3320.0,36.83086048338766,-95.24683228768299,-84.94472274502775,3672.7575124262607,3295.0424875737394,3483.9,3700.5,1.1110884391417946,-0.055207740466704625,-0.032915817069618436,0.0060606060606061,8700.0,3300.0,-0.6183908045977011,0.006060606060606061,0.9529550216711157,0.8971760572895555,-0.008734939759036164,0
2015-09-19,3398.0,3460.0,3335.0,3394.0,290867339,85712,35,3318.0,3370.0,40.52213327848773,-92.98290206035517,-86.55235860809323,3665.6604229132636,3282.8395770867364,3474.25,3685.92,1.6096422286949452,-0.028258362168396722,-0.04802259887005644,0.015060240963855387,8700.0,3300.0,-0.6126436781609196,0.021212121212121213,0.9699935237821112,0.914290055128706,0.030563798219584548,0
2015-09-20,3478.0,3478.0,3262.0,3276.0,282912697,86360,40,3394.0,3349.0,39.47869224213195,-91.82474701546471,-87.60683628956753,3658.2755380304357,3269.124461969564,3463.7,3670.9,1.5451061500091248,0.004499100179963911,-0.056619718309859124,-0.006231454005934722,8700.0,3300.0,-0.6150574712643678,0.014848484848484849,0.9668851228455121,0.9123103326159797,0.07733651836369071,1
2015-09-21,3261.0,3349.0,3233.0,3253.0,114523828,35207,26,3276.0,3349.0,39.47869224213195,-89.87092472085806,-88.05965397582564,3649.5106793822583,3257.3893206177413,3453.45,3653.3,0.6314058361146133,0.003596044351213745,-0.051274787535410815,0.0,8700.0,3300.0,-0.6150574712643678,0.014848484848484849,0.9697548827983611,0.9167054443927407,0.10540459838757843,1
2015-09-22,3262.0,3359.0,3262.0,3340.0,139366486,41732,30,3253.0,3340.0,38.97979880986548,-88.0339309034789,-88.0545093613563,3651.4621826241078,3249.237817375892,3450.35,3638.9,0.8493248262457898,0.0121212121212122,-0.07734806629834257,-0.002687369363989278,8700.0,3300.0,-0.6160919540229886,0.012121212121212121,0.9680177373309954,0.9178597927945258,0.11916167664670652,1
2015-09-23,3399.0,3399.0,3291.0,3308.0,44778261,13538,22,3340.0,3291.0,36.29086217180788,-89.5002869621876,-88.34366488152256,3652.0935520979124,3228.706447902088,3440.4,3624.72,0.2751072446804403,-0.008734939759036164,-0.06346044393853156,-0.01467065868263473,8700.0,3291.0,-0.6217241379310345,0.0,0.9565748168817579,0.9079321989008806,0.0528714676390154,1
2015-09-26,3300.0,3473.0,3300.0,3437.0,743339397,216261,78,3308.0,3473.0,50.06852027432418,-75.11067661545303,-85.69706722830865,3637.7631688290476,3232.4368311709522,3435.1,3610.58,3.617309009526629,0.030563798219584548,0.0014417531718569077,0.055302339714372595,8700.0,3291.0,-0.6008045977011495,0.05530233971437253,1.0110331576955547,0.9618953187576511,-0.003743161531816863,0
2015-09-27,3608.0,3608.0,3608.0,3608.0,320498640,88830,15,3437.0,3608.0,57.42363310096255,-52.21157247923111,-78.99996827849314,3656.751247385184,3225.8487526148165,3441.3,3598.76,1.4283095683716982,0.07733651836369071,0.08218356328734244,0.03887129283040602,8700.0,3291.0,-0.585287356321839,0.09632330598602248,1.0484409961351815,1.00256755104536,0.0060975609756097615,0
2015-09-28,3788.0,3788.0,3632.0,3783.0,6224377495,1645521,259,3608.0,3702.0,61.65870201932737,-26.17709975165917,-68.43539457312635,3689.819134013565,3208.980865986435,3449.4,3592.8,11.594263044436357,0.10540459838757843,0.10937968234941575,0.026053215077605385,8700.0,3291.0,-0.5744827586206896,0.12488605287146765,1.0732301269786049,1.0303941215764862,-0.0005402485143165547,0
2015-09-29,3700.0,3739.0,3594.0,3647.0,1100530148,301729,87,3783.0,3738.0,63.169675219882635,-2.609611435165789,-55.270237945534234,3726.0611622320034,3190.538837767997,3458.3,3589.8,1.9285181047243833,0.11916167664670652,0.1327272727272728,0.009724473257698651,8700.0,3291.0,-0.5703448275862069,0.1358249772105743,1.080877887979643,1.041283636971419,0.038255751738897725,0
2015-09-30,3700.0,3700.0,3465.0,3613.0,1469916067,406816,79,3647.0,3465.0,47.789339689725274,-5.893093677968409,-45.39480909202107,3727.419644138208,3192.3803558617924,3459.9,3579.0,2.3246303123184844,0.0528714676390154,0.04367469879518082,-0.0730337078651685,8700.0,3291.0,-0.6017241379310345,0.0528714676390155,1.0014740310413595,0.9681475272422464,0.0966810966810967,1
2015-10-03,3610.0,3699.0,3452.0,3554.0,712465487,200468,73,3613.0,3460.0,47.56093784021655,-8.797325136825748,-38.07531230098201,3720.889735649955,3190.910264350045,3455.9,3570.58,1.0927044746441195,-0.003743161531816863,0.026706231454005858,-0.0014430014430014682,8700.0,3291.0,-0.6022988505747127,0.05135217259191735,1.0011863769206284,0.9690302415854007,0.12716763005780352,1
2015-10-04,3420.0,3630.0,3400.0,3524.0,620553955,176087,49,3554.0,3630.0,55.37092121337979,2.5887878243188425,-29.942492275921843,3732.749335714481,3187.0506642855194,3459.9,3568.54,0.9453523455703134,0.0060975609756097615,0.08390564347566443,0.049132947976878505,8700.0,3291.0,-0.5827586206896552,0.10300820419325434,1.0491632706147576,1.0172227297438168,0.049311294765840286,0
2015-10-05,3540.0,3700.0,3540.0,3697.0,1934826476,523377,103,3524.0,3700.0,58.135774293260745,17.064075325793056,-20.541178755578866,3759.440478284094,3177.3595217159063,3468.4,3565.4,2.480060672702188,-0.0005402485143165547,0.10480740519558074,0.019283746556473913,8700.0,3291.0,-0.5747126436781609,0.12427833485262837,1.0667743051551146,1.0377517249116508,0.04054054054054057,0
2015-10-06,3790.0,3881.0,3783.0,3873.0,8316446452,2147305,357,3697.0,3881.0,64.2952694040886,42.64939658391904,-7.9030636876792855,3818.3098966927278,3144.590103307272,3481.45,3567.8,6.773797549634205,0.038255751738897725,0.16197604790419162,0.048918918918918974,8700.0,3291.0,-0.5539080459770115,0.1792768155575813,1.114765399474357,1.0877851897527888,0.012367946405565489,0
2015-10-07,3950.0,4041.0,3800.0,3928.0,1912793538,487015,148,3873.0,3800.0,60.038107445180195,55.74730473106729,4.82700999607003,3860.0843931058894,3131.4156068941106,3495.75,3567.76,1.4353835008485303,0.0966810966810967,0.15466423579459132,-0.02087090955939186,8700.0,3291.0,-0.5632183908045977,0.15466423579459132,1.0870342558821426,1.0650940646231808,0.04342105263157903,0
2015-10-10,3812.0,4080.0,3812.0,4009.0,2012334575,501902,144,3928.0,3900.0,63.2714012937011,73.35110963574334,18.531829924004693,3921.581258068743,3113.118741931257,3517.35,3567.8,1.3903352830452627,0.12716763005780352,0.12294845954506184,0.026315789473684292,8700.0,3291.0,-0.5517241379310345,0.18505013673655424,1.108789287389654,1.0931106003699758,0.02564102564102555,0
2015-10-11,3880.0,3969.0,3809.0,3841.0,1284413267,334368,81,4009.0,3809.0,58.623102838414894,79.04809513501095,30.63508296620595,3955.147291984673,3127.052708015327,3541.1,3567.58,0.900306911795809,0.049311294765840286,0.05570953436807091,-0.023333333333333317,8700.0,3291.0,-0.5621839080459771,0.15739896687936797,1.0756544576544012,1.0676705217542424,0.023890784982935065,0
2015-10-12,3704.0,3910.0,3700.0,3868.0,527160478,136270,60,3841.0,3850.0,60.047267443699695,85.88136759016379,41.68433989099752,3990.4904276203106,3143.0095723796894,3566.75,3570.04,0.3629301972598996,0.04054054054054057,0.03997839005942727,0.010763980047256538,8700.0,3291.0,-0.5574712643678161,0.16985718626557278,1.079414032382421,1.0784192894197264,0.03948051948051945,0
2015-10-13,3979.0,3980.0,3804.0,3898.0,481033539,123410,42,3868.0,3929.0,62.710543814080495,96.5583603389,52.65914398057802,4031.3436713145497,3165.05632868545,3598.2,3574.02,0.32437548650737547,0.012367946405565489,0.05109684323167474,0.020519480519480604,8700.0,3291.0,-0.5483908045977012,0.19386204800972348,1.0919348563170475,1.0993223317161067,0.07915500127258834,1
2015-10-14,3898.0,4031.0,3898.0,3972.0,568183585,143065,54,3898.0,3965.0,63.89177783458872,106.6949402948735,63.466303243437125,4071.9050826526404,3188.994917347359,3630.45,3577.6,0.37184016110257956,0.04342105263157903,0.14430014430014437,0.009162636803257795,8700.0,3291.0,-0.5442528735632184,0.20480097234883013,1.0921511107438473,1.1082848837209303,0.011349306431273742,0
2015-10-17,3972.0,4060.0,3850.0,3995.0,2203146707,551544,86,3972.0,4000.0,65.05091784886366,116.21283125417085,74.01560884558387,4114.343843901365,3209.5561560986343,3661.95,3580.94,1.3516901825248857,0.02564102564102555,0.1560693641618498,0.008827238335435084,8700.0,3291.0,-0.5402298850574713,0.21543603767851716,1.0923142041808327,1.1170251386507453,-0.024499999999999966,0
2015-10-18,4000.0,4150.0,3900.0,4020.0,948590320,235975,69,3995.0,3900.0,59.203136240281744,114.36829760400042,82.08614659726719,4129.238786099038,3249.761213900962,3689.5,3584.92,0.5679015019698163,0.023890784982935065,0.07438016528925617,-0.025000000000000022,8700.0,3291.0,-0.5517241379310345,0.18505013673655424,1.0570538013280932,1.0878903852805641,0.039743589743589824,0
2015-10-19,4019.0,4188.0,3950.0,4118.0,971261756,235874,93,4020.0,4002.0,62.869636902075,119.7565598711999,89.62022925205373,4152.788258866834,3291.5117411331657,3722.15,3591.76,0.5542746772533286,0.03948051948051945,0.08162162162162168,0.026153846153846194,8700.0,3291.0,-0.54,0.21604375569735643,1.0751850409037786,1.114216985544691,0.01449275362318847,0
2015-10-20,4118.0,4279.0,4050.0,4221.0,1492388370,353577,104,4118.0,4240.0,69.71008449619303,141.59914073728305,100.0160115490996,4216.3440671913,3317.9559328086993,3767.15,3601.84,0.801495466586391,0.07915500127258834,0.09250193249162586,0.059470264867566236,8700.0,3291.0,-0.5126436781609195,0.2883621999392282,1.1255192917722947,1.177176109988228,-0.02594339622641506,0
2015-10-21,4300.0,4300.0,4010.0,4106.0,735624623,179174,63,4221.0,4010.0,58.494846549404286,138.7510301253842,107.76301526435654,4206.903367989751,3399.296632010249,3803.1,3607.68,0.39867084501112965,0.011349306431273742,0.0552631578947369,-0.054245283018867885,8700.0,3291.0,-0.539080459770115,0.21847462777271345,1.054402987036891,1.1115176512329255,0.07206982543640894,1
2015-10-25,3902.0,4000.0,3901.0,3906.0,751649162,192428,59,4106.0,3902.0,54.09394042952261,126.32301149639943,111.47501451076512,4200.555039859665,3448.5449601403357,3824.55,3612.98,0.42929991795630323,-0.024499999999999966,0.0005128205128204222,-0.026932668329177067,8700.0,3291.0,-0.5514942528735632,0.1856578547553935,1.0202507484540664,1.0799949072510782,0.08944131214761653,1
2015-10-26,4049.0,4077.0,3961.0,4063.0,660186950,162475,60,3906.0,4055.0,58.82062486962482,127.35150959054045,114.6503135267202,4221.8991466655225,3471.9008533344777,3846.9,3621.68,0.3595223922871134,0.039743589743589824,0.06458388028353901,0.03921066119938499,8700.0,3291.0,-0.5339080459770115,0.23214828319659678,1.0540955054719383,1.11964613107729,0.09617755856966714,1
2015-10-27,4090.0,4149.0,4060.0,4105.0,175241655,42690,28,4063.0,4060.0,58.96930697513933,127.10487408491872,117.14122563835991,4244.570772966894,3485.029227033107,3864.8,3630.88,0.11482675993393358,0.01449275362318847,0.05454545454545445,0.0012330456226881115,8700.0,3291.0,-0.5333333333333333,0.2336675782436949,1.0505071413785965,1.118186224827039,0.09359605911330049,1
2015-10-28,4052.0,4199.0,4050.0,4118.0,415310416,100850,43,4105.0,4130.0,61.087570630840574,131.04719812940357,119.92242013656866,4276.241498567818,3492.558501432182,3884.4,3642.38,0.278796406746956,-0.02594339622641506,0.0511580554848563,0.01724137931034475,8700.0,3291.0,-0.5252873563218391,0.254937708903069,1.063227268046545,1.1338740054579697,0.04358353510895885,0
2015-10-31,4184.0,4300.0,4070.0,4202.0,861419672,205016,59,4118.0,4299.0,65.69259917899075,146.12397966705566,125.16273204266606,4307.91613376058,3544.2838662394197,3926.1,3657.7,0.5830222938857109,0.07206982543640894,0.0842370744010088,0.04092009685230025,8700.0,3291.0,-0.5058620689655172,0.3062898814949863,1.0949797508978376,1.1753287585094458,0.023493835775761696,0
2015-11-01,4300.0,4412.0,4201.0,4383.0,1354916678,309116,68,4202.0,4251.0,63.39773524069188,152.4419825279847,130.6185821397298,4307.978657871176,3623.3213421288237,3965.65,3671.46,0.8656870990173237,0.08944131214761653,0.06275000000000008,-0.011165387299371998,8700.0,3291.0,-0.5113793103448275,0.2917046490428441,1.0719554171447303,1.1578500106224772,0.05151729004940009,1
2015-11-02,4450.0,4540.0,4400.0,4490.0,550022524,122490,51,4383.0,4445.0,68.22857243205068,171.13053767511747,138.72097324680735,4372.418797331346,3640.3812026686546,4006.4,3689.16,0.3456302630912506,0.09617755856966714,0.1397435897435897,0.0456363208656787,8700.0,3291.0,-0.48908045977011494,0.3506532968702522,1.109474840255591,1.2048813279987858,-0.010123734533183382,0
2015-11-03,4400.0,4499.0,4350.0,4448.0,138324759,31098,18,4490.0,4440.0,67.9795458775047,183.42350210463655,147.6614790183732,4427.222042097491,3659.5779579025098,4043.4,3706.88,0.0942986293070485,0.09359605911330049,0.10944527736131926,-0.0011248593925758943,8700.0,3291.0,-0.4896551724137931,0.34913400182315407,1.0980857694019883,1.1977727900552486,-0.03378378378378377,0
2015-11-04,4300.0,4479.0,4228.0,4391.0,494303746,112574,46,4448.0,4310.0,61.67641231583113,180.594075351642,154.24799828502697,4457.812224647471,3671.8877753525285,4064.85,3725.04,0.49364699289242875,0.04358353510895885,0.01650943396226423,-0.029279279279279313,8700.0,3291.0,-0.5045977011494253,0.30963233059860223,1.060309728526268,1.157034555333634,-0.016009280742459442,0
2015-11-07,4220.0,4599.0,4220.0,4508.0,216255485,47974,20,4391.0,4400.0,64.15439360594316,183.49872304827977,160.09814323767753,4493.918051840651,3695.7819481593488,4094.85,3743.24,0.23277784112550856,0.023493835775761696,0.09725685785536164,0.02088167053364276,8700.0,3291.0,-0.4942528735632184,0.3369796414463689,1.0745204342039392,1.1754522819803166,-0.05681818181818177,0
2015-11-08,4444.0,4610.0,4444.0,4582.0,121861029,26598,50,4508.0,4470.0,65.99602120400314,189.26733622315805,165.93198183477364,4543.541039885306,3703.158960114694,4123.35,3761.06,0.14587971258438762,0.05151729004940009,0.1455663762173245,0.015909090909090873,8700.0,3291.0,-0.4862068965517241,0.35824977210574294,1.0840699916330168,1.1884947328678617,-0.07046979865771807,0
2015-11-09,4401.0,4606.0,4400.0,4460.0,150838810,33824,21,4582.0,4400.0,62.53598561927092,186.04596664537712,169.95477879689435,4563.523379753147,3742.276620246852,4152.9,3779.38,0.2021744029178529,-0.010123734533183382,0.0850801479654748,-0.015659955257270708,8700.0,3291.0,-0.4942528735632184,0.3369796414463689,1.0595005899491923,1.1642121194481634,-0.0613636363636364,0
2015-11-10,4241.0,4546.0,4241.0,4304.0,69952590,16253,14,4460.0,4290.0,57.439694141551165,172.6269908605591,170.48922120962732,4564.880973894752,3784.9190261052468,4174.9,3794.38,0.10076239807439852,-0.03378378378378377,0.05665024630541882,-0.025000000000000022,8700.0,3291.0,-0.506896551724138,0.30355515041020964,1.0275695226232964,1.1306194951480875,-0.027972027972028024,0
2015-11-11,4202.0,4445.0,4159.0,4355.0,206707595,47461,30,4304.0,4241.0,55.278620650999024,156.23745723016782,167.63886841373542,4564.521657126832,3816.478342873168,4190.5,3808.0,0.30133432548500727,-0.016009280742459442,0.02687651331719132,-0.011421911421911402,8700.0,3291.0,-0.5125287356321839,0.28866605894864783,1.0120510678916597,1.1137079831932772,-0.021221410044800715,0
2015-11-14,4222.0,4280.0,4138.0,4152.0,340298780,81963,44,4355.0,4150.0,51.41017503760097,134.35691142595624,160.98247701617962,4559.899899347344,3839.600100652656,4199.75,3822.34,0.5306844970821838,-0.05681818181818177,-0.034659223075133805,-0.021457203489743004,8700.0,3291.0,-0.5229885057471264,0.2610148890914616,0.9881540567890946,1.0857223585552305,0.033253012048192865,0
2015-11-15,4155.0,4172.0,4121.0,4154.0,160280364,38587,30,4152.0,4155.0,51.61054991968213,116.08176116424147,152.00233384579198,4556.624906014886,3858.3750939851143,4207.5,3834.64,0.29958885821683795,-0.07046979865771807,-0.022582921665490474,0.00120481927710836,8700.0,3291.0,-0.5224137931034483,0.2625341841385597,0.9875222816399287,1.0835436964095717,-0.0074608904933815,0
2015-11-16,4340.0,4340.0,4127.0,4188.0,660314724,157674,39,4154.0,4130.0,50.489427394722625,98.44645242740808,141.29115756211522,4540.945958197807,3897.0540418021933,4219.0,3846.24,1.2625555712144312,-0.0613636363636364,-0.07086614173228345,-0.006016847172081841,8700.0,3291.0,-0.5252873563218391,0.254937708903069,0.9789049537805167,1.0737759474187778,0.0314769975786926,0
2015-11-17,4328.0,4328.0,4170.0,4181.0,194861664,46607,6,4188.0,4170.0,52.2757439563621,86.69860139510365,130.3726463287129,4534.693605530451,3920.106394469548,4227.4,3859.04,0.40379842741535477,-0.027972027972028024,-0.060810810810810856,0.009685230024213176,8700.0,3291.0,-0.5206896551724138,0.2670920692798541,0.986421914178928,1.0805796260209792,0.01678657074340517,0
2015-11-18,4150.0,4238.0,4112.0,4181.0,257264042,61531,42,4181.0,4151.0,51.328423974029896,74.99075683822593,119.29626843061553,4531.9577507117,3913.9422492882995,4222.95,3869.66,0.6103106403892515,-0.021221410044800715,-0.03689095127610209,-0.004556354916067096,8700.0,3291.0,-0.5228735632183908,0.2613187481008812,0.9829621473140814,1.0727040618555637,-0.00024090580582991628,0
2015-11-21,4112.0,4288.0,4112.0,4200.0,171912258,40934,8,4181.0,4288.0,57.33248957707217,75.89212356046482,110.61543945658539,4530.941329351795,3942.7586706482057,4236.85,3885.14,0.43589865095469305,0.033253012048192865,-0.025454545454545507,0.033004095398699196,8700.0,3291.0,-0.5071264367816092,0.3029474323913704,1.0120726483118354,1.1036925310284829,-0.043610074626865725,0
2015-11-22,4287.0,4287.0,4123.0,4200.0,431417290,102729,33,4200.0,4124.0,49.46594052826686,62.65083397178569,101.02251835962547,4505.086131261063,3990.8138687389364,4247.95,3898.26,1.1488086850916215,-0.0074608904933815,-0.07740492170022373,-0.03824626865671643,8700.0,3291.0,-0.5259770114942529,0.2531145548465512,0.970821219647124,1.0579078871086074,0.014548981571290032,0
2015-11-23,4284.0,4289.0,4200.0,4210.0,624577663,148343,30,4200.0,4260.0,54.98223144541268,62.41163746815619,93.30034218133162,4499.616320906246,4016.7836790937536,4258.2,3916.78,1.6721185451036795,0.0314769975786926,-0.03181818181818186,0.032977691561590694,8700.0,3291.0,-0.5103448275862069,0.2944393801276208,1.000422713822742,1.0876281026761778,-0.009389671361502372,0
2015-11-24,4270.0,4270.0,4200.0,4220.0,55033945,13040,11,4210.0,4240.0,54.047864884381035,59.917547472799015,86.62378323962511,4491.180892041952,4043.219107958048,4267.2,3934.84,0.14948454199151467,0.01678657074340517,-0.011655011655011704,-0.0046948356807511304,8700.0,3291.0,-0.5126436781609195,0.2883621999392282,0.9936257967754031,1.0775533439733254,-0.03301886792452835,0
2015-11-25,4141.0,4200.0,4079.0,4155.0,37067566,8922,11,4220.0,4150.0,49.935413529489765,50.10118012631847,79.3192626169638,4489.888610442459,4046.51138955754,4268.2,3951.84,0.10796655723183525,-0.00024090580582991628,-0.021457203489743004,-0.021226415094339646,8700.0,3291.0,-0.5229885057471264,0.2610148890914616,0.9723068272339629,1.0501437305154055,-0.034939759036144546,0
2015-11-28,4077.0,4184.0,4053.0,4138.0,98270865,23751,19,4155.0,4101.0,47.80279219084692,37.93050850014424,71.04151179359988,4491.012784349953,4025.5872156500473,4258.3,3967.46,0.3228202564919818,-0.043610074626865725,-0.01180722891566266,-0.01180722891566266,8700.0,3291.0,-0.5286206896551724,0.24612579762989972,0.9630603762064673,1.0336588144555963,-0.024628139478176103,0
2015-11-29,4099.0,4184.0,4099.0,4184.0,16734725,4000,6,4138.0,4184.0,51.57536919881213,34.58390812635935,63.74999106015177,4489.904868006405,4019.9951319935944,4254.95,3983.74,0.06858986944775723,0.014548981571290032,0.006979542719614873,0.02023896610582776,8700.0,3291.0,-0.519080459770115,0.27134609541172894,0.9833253034700761,1.0502693448869656,-0.014101338432122357,0
2015-11-30,4184.0,4221.0,4184.0,4205.0,140442295,33400,22,4184.0,4220.0,53.15678695171339,34.43960403719575,57.887913655560574,4462.144592516972,4025.2554074830273,4243.7,4001.16,0.620089987310434,-0.009389671361502372,0.021791767554479424,0.008604206500955947,8700.0,3291.0,-0.5149425287356322,0.2822850197508356,0.9944152508424253,1.054694138699777,-0.05213270142180093,0
2015-12-01,4102.0,4221.0,4100.0,4128.0,77613770,18800,15,4205.0,4100.0,47.57903324330396,24.361421585147582,51.18261524147798,4434.028820958169,4019.371179041831,4226.7,4016.18,0.3530632462099693,-0.03301886792452835,-0.016786570743405282,-0.028436018957345932,8700.0,3291.0,-0.5287356321839081,0.2458219386204801,0.9700238957106017,1.0208705785099275,0.018048780487804894,0
2015-12-05,4189.0,4189.0,4005.0,4036.0,15936422,3949,10,4128.0,4005.0,43.672135183430214,8.609439076162744,42.667980008414936,4436.166243293409,3986.73375670659,4211.45,4029.48,0.08258569128134345,-0.034939759036144546,-0.03517224765116844,-0.023170731707317094,8700.0,3291.0,-0.5396551724137931,0.21695533272561532,0.9509788790084176,0.9939247744125793,-0.01847690387016232,0
2015-12-06,4000.0,4150.0,3978.0,4044.0,72812600,18007,21,4036.0,4000.0,43.46981679429145,-4.228831426046781,33.28861772152259,4416.681858314717,3966.2181416852827,4191.45,4043.66,0.38876348943676037,-0.024628139478176103,-0.06716417910447758,-0.0012484394506866447,8700.0,3291.0,-0.5402298850574713,0.21543603767851716,0.9543236827350917,0.9892028508826163,0.01750000000000007,0
2015-12-07,4001.0,4125.0,4000.0,4030.0,70516625,17500,10,4044.0,4125.0,49.73868926581089,-4.267603683606467,25.77737344049678,4361.026764677599,3987.373235322401,4174.2,4056.7,0.38156496143468427,-0.014101338432122357,0.0002424830261882338,0.03125,8700.0,3291.0,-0.5258620689655172,0.2534184138559708,0.9882133103349146,1.016836344812286,-0.05842424242424238,0
2015-12-08,4000.0,4000.0,4000.0,4000.0,3000000,750,2,4030.0,4000.0,44.432371880799835,-14.220857119773427,17.777727328442744,4325.010538316278,3983.3894616837215,4154.2,4064.54,0.016964468486237855,-0.05213270142180093,-0.06103286384976525,-0.030303030303030276,8700.0,3291.0,-0.5402298850574713,0.21543603767851716,0.9628809397717972,0.9841212043675299,-0.053749999999999964,0
2015-12-09,3940.0,4178.0,3810.0,4137.0,68252950,16500,9,4000.0,4174.0,52.093872956155096,-7.976587223666684,12.626864418020858,4307.873383358779,3988.92661664122,4148.4,4073.98,0.37311407793335505,0.018048780487804894,-0.015566037735849081,0.043500000000000094,8700.0,3291.0,-0.5202298850574713,0.26830750531753267,1.006171053900299,1.0245509305396687,-0.0898418782942022,0
2015-12-13,4000.0,4180.0,3931.0,4000.0,213373722,53345,25,4137.0,3931.0,43.14677732311532,-22.37806708029393,5.625878118357901,4312.366877166497,3953.4331228335022,4132.9,4077.84,1.198317032298064,-0.01847690387016232,-0.05277108433734945,-0.05821753713464306,8700.0,3291.0,-0.5481609195402298,0.19446976602856275,0.9511481042367346,0.9639907401957899,-0.037395064868990024,0
2015-12-14,4068.0,4080.0,3867.0,4003.0,136131445,34005,18,4000.0,4070.0,48.586376006132106,-22.31793799838897,0.037114895008527604,4310.220600042836,3947.5793999571633,4128.9,4089.94,0.807361100888679,0.01750000000000007,-0.007559131919044115,0.0353599592978886,8700.0,3291.0,-0.532183908045977,0.2367061683378912,0.9857346993145875,0.995124622855103,-0.041769041769041726,0
2015-12-15,4080.0,4080.0,3884.0,3984.0,110009050,27610,20,4003.0,3884.0,42.69911281472932,-36.85409968067506,-7.341128020128191,4325.115845646742,3905.5841543532583,4115.35,4098.42,0.6641832963072997,-0.05842424242424238,-0.07170172084130022,-0.04570024570024567,8470.0,3291.0,-0.5414403778040142,0.18018839258584016,0.9437836393016389,0.947682277560621,0.002574665293511913,0
2015-12-16,3830.0,4097.0,3785.0,3848.0,54576230,14182,16,3984.0,3785.0,39.926034969169066,-55.72027650092059,-17.016957716286672,4352.254992081389,3843.9450079186113,4098.1,4101.52,0.4123243761856652,-0.053749999999999964,-0.10308056872037918,-0.02548918640576725,8470.0,3291.0,-0.5531286894923259,0.15010635065329686,0.9235987408799199,0.9228286098812146,0.06816380449141346,1
2015-12-20,3721.0,3950.0,3721.0,3834.0,91131062,23770,14,3848.0,3799.0,40.51438085431937,-68.74967114355195,-27.363500401739728,4362.52807335532,3796.57192664468,4079.55,4103.5,0.7148141242699995,-0.0898418782942022,-0.07341463414634142,0.00369881109643333,8470.0,3291.0,-0.5514757969303424,0.15436037678517167,0.9312301601892365,0.9257950530035336,0.10476441168728612,1
2015-12-21,3834.0,3994.0,3643.0,3735.0,124939031,33448,22,3834.0,3784.0,40.06166745242332,-79.37099548015976,-37.76499941742374,4369.710356390004,3752.6896436099964,4061.2,4101.56,1.0501974143818142,-0.037395064868990024,-0.05518102372034961,-0.003948407475651505,8470.0,3291.0,-0.5532467532467532,0.14980249164387724,0.9317443120260022,0.9225758004271545,0.16437632135306557,1
2015-12-22,3661.0,3900.0,3661.0,3786.0,235452546,62185,42,3735.0,3900.0,45.164672523683706,-77.53447186376843,-45.71889390669268,4339.428358863675,3744.1716411363245,4041.8,4103.56,1.8894439076562204,-0.041769041769041726,-0.025000000000000022,0.030655391120507414,8299.0,3291.0,-0.530063863116038,0.18505013673655424,0.9649166213073382,0.9503942917856689,0.15641025641025652,1
2015-12-23,3663.0,3900.0,3663.0,3851.0,5364709,1393,9,3786.0,3894.0,44.95149401579023,-75.69064883823376,-51.7132448930009,4332.080118629249,3728.519881370751,4030.3,4103.44,0.050026934817741064,0.002574665293511913,-0.05600000000000005,-0.0015384615384614886,7843.0,3291.0,-0.5035063113604488,0.18322698268003645,0.9661811775798327,0.9489598970619774,0.20441705187467907,1
2015-12-26,3851.0,4043.0,3851.0,3998.0,288838981,72243,42,3851.0,4043.0,51.12145633207538,-61.49744676594037,-53.670085267588796,4302.434434200686,3736.4655657993135,4019.45,4108.12,3.005116472545757,0.06816380449141346,0.010750000000000037,0.03826399589111462,7458.0,3291.0,-0.4578975596674712,0.22850197508356124,1.0058590105611465,0.9841484669386483,0.21320801385110077,1
2015-12-27,4194.0,4197.0,4161.0,4197.0,742544928,176934,44,3998.0,4197.0,56.54292111501637,-37.391690763249244,-50.41440636672089,4294.135763585347,3740.464236414653,4017.3,4115.06,5.488929631732264,0.10476441168728612,0.005510301868711043,0.03809052683650749,7200.0,3291.0,-0.4170833333333333,0.27529626253418416,1.04473153610634,1.0199122248521284,0.2187276626161545,1
2015-12-28,4213.0,4406.0,4213.0,4372.0,694873691,158953,86,4197.0,4406.0,62.605007039443485,-1.406933886346451,-40.612911870646,4350.534642321774,3709.6653576782255,4030.1,4124.6,4.000201327503224,0.16437632135306557,0.12083439328415158,0.04979747438646642,6930.0,3291.0,-0.3642135642135642,0.33880279550288667,1.093273119773703,1.0682247975561265,0.21652292328642764,1
2015-12-30,4510.0,4549.0,4313.0,4492.0,458811611,102141,55,4372.0,4510.0,65.20599150924843,35.09858143186966,-25.47061321014287,4432.72926422019,3668.3707357798103,4050.55,4135.5,2.339691793177302,0.15641025641025652,0.10810810810810811,0.02360417612346799,6897.0,3291.0,-0.34609250398724084,0.3704041324825281,1.1134290405006726,1.0905573691210253,0.12660753880266085,1
2016-01-02,4675.0,4716.0,4600.0,4672.0,1566674970,335333,103,4492.0,4690.0,69.19910365673154,77.658759171989,-4.844738733716493,4546.719525452528,3604.980474547472,4075.85,4149.3,5.568243709981668,0.20441705187467907,0.20751802265705455,0.039911308203991025,6897.0,3291.0,-0.3199942003769755,0.42509875417806137,1.1506802262104838,1.1303111368182583,0.060980810234541494,1
2016-01-03,4839.0,4905.0,4580.0,4872.0,621239871,127521,68,4672.0,4905.0,73.16116615891234,127.26962481827013,21.57813397668083,4702.01887957717,3518.1811204228306,4110.1,4169.4,1.9640234750714056,0.21320801385110077,0.29590488771466306,0.04584221748400852,6897.0,3291.0,-0.28882122662026966,0.49042844120328166,1.1934016203985303,1.1764282630594332,0.00917431192660545,0
2016-01-04,5000.0,5115.0,4999.0,5105.0,1928743835,377846,132,4872.0,5115.0,76.35986554918705,181.44030730674422,53.55056864269351,4897.063359020262,3424.6366409797383,4160.85,4191.66,4.558911448074492,0.2187276626161545,0.3464069491971571,0.042813455657492394,6897.0,3291.0,-0.2583732057416268,0.5542388331814039,1.229316125310934,1.2202802708234923,-0.01329423264907137,0
2016-01-05,5350.0,5360.0,5250.0,5348.0,1245339396,232866,77,5105.0,5360.0,79.43873385859732,241.35818894521526,91.11209270319787,5126.588953161399,3330.6110468386014,4228.6,4214.06,2.4687203821615533,0.21652292328642764,0.41649048625792817,0.047898338220918824,6897.0,3291.0,-0.22285051471654344,0.628684290489213,1.2675590029797095,1.271932530623674,-0.0727611940298507,0
2016-01-06,5599.0,5599.0,5081.0,5237.0,1389402133,265325,119,5348.0,5081.0,68.49809968174694,263.29546727797515,125.54876761815333,5246.789051174626,3318.5109488253725,4282.65,4235.48,2.4868195983785175,0.12660753880266085,0.3028205128205128,-0.0520522388059701,6897.0,3291.0,-0.2633028853124547,0.5439076268611365,1.186414953358318,1.1996279052197154,-0.08718756150364104,0
2016-01-09,5236.0,5236.0,4976.0,4981.0,635515496,127576,28,5237.0,4976.0,64.87676117244126,269.1062070853741,154.2602555115975,5331.9264971182165,3318.473502881783,4325.2,4256.96,1.1370784954584063,0.060980810234541494,0.27786337955829477,-0.020665223381224118,6897.0,3291.0,-0.27852689575177614,0.5120024308720753,1.1504670304263387,1.1689092685860332,-0.10892282958199362,0
2016-01-10,4750.0,5080.0,4750.0,4891.0,158599800,32425,31,4981.0,4950.0,63.97484008517601,268.5179695317929,177.1117983156366,5402.941350364039,3342.4586496359602,4372.7,4274.86,0.2849796603183071,0.00917431192660545,0.2243383626020281,-0.005225080385852121,6897.0,3291.0,-0.2822966507177033,0.504102096627165,1.1320236924554623,1.1579326574437527,-0.12222222222222223,0
2016-01-11,5084.0,5084.0,4700.0,4898.0,395231912,80698,37,4891.0,5047.0,65.8805819113339,272.7349575507051,196.23643016265032,5482.565602024246,3350.134397975755,4416.35,4294.6,0.6897857465534433,-0.01329423264907137,0.2025256135334763,0.01959595959595961,6897.0,3291.0,-0.26823256488328256,0.5335764205408691,1.1427989176582471,1.1751967587202532,-0.11155141668317814,0
2016-01-12,4733.0,5029.0,4700.0,4882.0,165962738,33997,31,4898.0,4970.0,63.03015319023495,266.7883247159416,210.3468090733086,5536.107679313054,3400.492320686946,4468.3,4311.4,0.2930206240080053,-0.0727611940298507,0.12800726282342256,-0.015256588072122046,6897.0,3291.0,-0.27939683920545166,0.5101792768155576,1.1122798379696976,1.1527578048893632,-0.06599597585513084,0
2016-01-13,4638.0,4899.0,4638.0,4667.0,962225161,206185,63,4882.0,4638.0,52.48566499833982,232.6046286235669,214.79837298336028,5550.748404960575,3442.651595039425,4496.7,4318.18,1.654356380868247,-0.08718756150364104,0.028381374722838082,-0.06680080482897388,6897.0,3291.0,-0.32753371030882994,0.40929808568824066,1.0314230435652811,1.0740636101320462,0.010996119016817518,0
2016-01-16,4621.0,4898.0,4434.0,4478.0,851070658,190040,61,4667.0,4434.0,47.254514499238354,186.89826127343167,209.21835064137457,5540.909909462839,3507.4900905371605,4524.2,4321.84,1.4315301983645574,-0.10892282958199362,-0.05458422174840083,-0.043984476067270406,6897.0,3291.0,-0.3571117877337973,0.3473108477666363,0.9800627735290217,1.025951909371934,0.01781686964366269,0
2016-01-17,4550.0,4569.0,4255.0,4271.0,2206226077,516501,132,4478.0,4345.0,45.14068860800675,141.8588194888698,195.74644441087364,5515.373006266235,3589.0269937337644,4552.2,4319.84,3.2717062881249643,-0.12222222222222223,-0.11416921508664624,-0.020072169598556622,6897.0,3291.0,-0.3700159489633174,0.3202673959282893,0.9544835464171171,1.0058242897885106,0.05638665132336018,1
2016-01-18,4370.0,4484.0,4365.0,4421.0,480664385,108735,48,4271.0,4484.0,48.979362881320924,116.04320191419902,179.80579591153872,5486.715621913855,3686.1843780861445,4586.45,4320.72,0.6707182610117061,-0.11155141668317814,-0.12336265884652986,0.03199079401611038,6897.0,3291.0,-0.349862258953168,0.36250379823761775,0.9776624622529407,1.0377899979633023,0.03635147190008925,0
2016-01-19,4630.0,4642.0,4550.0,4626.0,2007605876,433978,96,4421.0,4642.0,53.0047857891007,107.0988496615164,165.26440666153428,5450.902499844012,3807.7975001559885,4629.35,4327.36,2.382612634251793,-0.06599597585513084,-0.133955223880597,0.03523639607493312,6897.0,3291.0,-0.3269537480063796,0.41051352172591915,1.0027325650469288,1.0727094579605119,0.03511417492460156,0
2016-01-20,4701.0,4779.0,4600.0,4660.0,195367861,41927,28,4626.0,4689.0,54.163307983175564,102.61995431070773,152.735516191369,5419.163005484645,3918.4369945153553,4668.8,4333.14,0.2314735452298711,0.010996119016817518,-0.07715016728990354,0.010124946143903468,6897.0,3291.0,-0.3201391909525881,0.4247948951686418,1.004326593557231,1.0821252025090349,0.027937726594156498,0
2016-01-23,4680.0,4680.0,4427.0,4489.0,1019752332,227169,112,4660.0,4513.0,49.26558864843415,83.90150405795794,138.96871376468678,5366.086814231326,4033.4131857686743,4699.75,4334.0,1.1805914832502813,0.01781686964366269,-0.09304662379421225,-0.03753465557688207,6897.0,3291.0,-0.3456575322604031,0.371315709510787,0.9602638438214799,1.041301338255653,0.04498116552182574,0
2016-01-24,4673.0,4673.0,4498.0,4584.0,313751475,68443,69,4489.0,4590.0,51.33875737589113,74.42235922679538,126.05944285710851,5324.726605833404,4129.473394166596,4727.1,4337.8,0.35604809143646676,0.05638665132336018,-0.07272727272727275,0.01706182140483059,6897.0,3291.0,-0.33449325793823403,0.39471285323609845,0.9709970171987052,1.0581400710037345,-0.013943355119825696,0
2016-01-25,4665.0,4665.0,4500.0,4577.0,702664925,153532,97,4584.0,4647.0,52.873946582561516,70.69456929666103,114.98646814501902,5297.518388083442,4201.681611916559,4749.6,4344.94,0.8035819198778601,0.03635147190008925,-0.07925500297206256,0.012418300653594727,6897.0,3291.0,-0.32622879512831665,0.41203281677301734,0.9783981808994441,1.069519947341045,-0.0314181192166989,0
2016-01-26,4690.0,4805.0,4681.0,4785.0,1561969265,326419,147,4577.0,4805.0,56.930143689299605,79.57228864716399,107.90363224544802,5294.549228570823,4244.550771429177,4769.55,4356.22,1.636736375175905,0.03511417492460156,-0.03319919517102621,0.034000430385194846,6897.0,3291.0,-0.3033202841815282,0.46004254026131874,1.0074325670136595,1.1030205086060851,-0.05098855359001042,0
2016-01-27,5024.0,5024.0,4790.0,4964.0,940456369,189448,100,4785.0,4820.0,57.305847184573985,86.81754125912903,103.68641404818423,5296.615235331684,4273.4847646683165,4785.05,4369.62,0.9295862279450946,0.027937726594156498,0.039241052177662716,0.003121748178980255,6897.0,3291.0,-0.3011454255473394,0.4646004254026132,1.007303998913282,1.103070747570727,-0.0591286307053942,0
2016-01-30,5097.0,5097.0,4716.0,4764.0,452993727,95088,67,4964.0,4716.0,53.80160731487451,83.20835123990946,99.59080148652929,5297.073907801428,4275.626092198573,4786.35,4380.84,0.49580274258880797,0.04498116552182574,0.06359945872801087,-0.021576763485477213,6897.0,3291.0,-0.31622444541104827,0.43299908842297175,0.9853019524272149,1.0765058755855041,-0.015479219677692946,0
2016-01-31,4700.0,4799.0,4526.0,4567.0,648125398,141912,120,4764.0,4526.0,48.023879545125794,64.27569978621977,92.52778114646739,5287.153172188452,4247.646827811547,4767.4,4388.76,0.7371841324014119,-0.013943355119825696,0.041657077100115014,-0.04028837998303647,6897.0,3291.0,-0.34377265477743946,0.3752658766332422,0.9493644334438059,1.0312707917498336,-0.0057445868316393645,0
2016-02-01,4664.0,4780.0,4348.0,4619.0,210505625,45574,36,4567.0,4501.0,47.304047432020774,46.7156372537147,83.36535236791686,5243.061570421725,4230.338429578274,4736.7,4395.38,0.25910232364310126,-0.0314181192166989,0.003791257805530801,-0.005523641184268624,6897.0,3291.0,-0.3473974191677541,0.36766940139775145,0.9502396182996601,1.0240297767201014,-0.011330815374361203,0
2016-02-02,4637.0,4800.0,4560.0,4688.0,371812817,79318,50,4619.0,4560.0,49.237843730047594,37.13193427521401,74.1186687493763,5119.247086133548,4274.152913866452,4696.7,4403.56,0.4715289110035104,-0.05098855359001042,-0.017664799655320973,0.01310819817818265,6897.0,3291.0,-0.33884297520661155,0.3855970829535096,0.9708944578108034,1.0355258018512294,-0.013377192982456099,0
2016-02-03,4470.0,4750.0,4460.0,4559.0,841605826,184623,65,4688.0,4535.0,48.42689615422624,27.205877135075752,64.73611042651619,5058.317677664501,4280.482322335498,4669.4,4408.5,1.1245198849551161,-0.0591286307053942,-0.032842823629771756,-0.005482456140350922,6781.0,3291.0,-0.3312195841321339,0.37800060771801886,0.971216858697049,1.0286945673131451,-0.011907386990077207,0
2016-02-06,4456.0,4665.0,4456.0,4595.0,623879416,135778,74,4559.0,4643.0,52.097365358850126,27.734397869894565,57.335767915191866,5015.361017482849,4290.138982517151,4652.75,4418.88,0.8249493436701613,-0.015479219677692946,0.028805672501661883,0.023814773980154413,6781.0,3291.0,-0.31529272968588706,0.4108173807353388,0.9979044651012842,1.050718734158882,-0.037691147964677985,0
2016-02-07,4740.0,4824.0,4366.0,4459.0,3171573799,711246,194,4595.0,4500.0,47.29745573812593,16.425012145096844,49.15361676117287,4971.507600647876,4288.992399352124,4630.25,4423.68,3.582551904480192,-0.0057445868316393645,-0.019607843137254943,-0.030799052336851207,6781.0,3291.0,-0.3363810647397139,0.3673655423883318,0.9718697694508935,1.0172526041666665,0.014000000000000012,0
2016-02-08,4600.0,4600.0,4400.0,4505.0,1640983220,364232,129,4459.0,4450.0,45.711604608779346,3.3885986895411406,40.000613146846526,4891.354566899958,4309.445433100042,4600.4,4427.88,1.7123628837286928,-0.011330815374361203,-0.04239294168280616,-0.011111111111111072,6781.0,3291.0,-0.3437546084648282,0.35217259191735034,0.9673071906790714,1.004995618670786,0.09191011235955049,1
2016-02-09,4649.0,4700.0,4473.0,4570.0,3224993903,705648,221,4505.0,4499.0,47.56701497360362,-2.9549001567156665,31.409510486134092,4815.956064331166,4337.743935668835,4576.85,4434.86,2.8651125625178144,-0.013377192982456099,-0.06368366285119664,0.011011235955056264,6781.0,3291.0,-0.3365285356142162,0.3670616833789122,0.9829904847220249,1.014462688788372,0.1138030673482997,1
2016-02-10,4500.0,4650.0,4395.0,4564.0,1012591379,221872,44,4570.0,4481.0,46.93246267032096,-9.327101245301492,23.262188139846977,4809.862616443354,4328.137383556646,4569.0,4442.46,0.8979976254092142,-0.011907386990077207,-0.07033195020746885,-0.004000889086463677,6781.0,3291.0,-0.33918301135525736,0.36159222120935886,0.9807397680017509,1.008675373554292,0.11604552555233205,1
2016-02-13,4500.0,4669.0,4460.0,4565.0,859672621,188298,57,4564.0,4468.0,46.450506537256125,-15.250311770600092,15.559688157757563,4808.183557325426,4333.216442674574,4570.7,4448.14,0.7623800519096042,-0.037691147964677985,-0.052586938083121315,-0.0029011381388083235,6781.0,3291.0,-0.34110013272378703,0.3576420540869037,0.9775307939702891,1.0044647875291695,0.09825425246195163,1
2016-02-14,4597.0,4700.0,4485.0,4628.0,1270310075,274509,85,4565.0,4563.0,50.45458496111524,-12.138863472522644,10.019977831701521,4795.4853898702295,4367.714610129771,4581.6,4455.0,1.168683128877256,0.014000000000000012,0.008174988952717621,0.02126230975828114,6781.0,3291.0,-0.3270903996460699,0.3865086599817685,0.9959402828706128,1.0242424242424242,0.1012491781722551,1
2016-02-15,4635.0,4859.0,4623.0,4790.0,1640840536,342580,134,4628.0,4859.0,60.39217344376047,14.049751159560401,10.825932497273296,4840.819769409675,4359.8802305903255,4600.35,4470.18,1.3893276697149035,0.09191011235955049,0.07953788047100652,0.06486960333114178,6781.0,3291.0,-0.2834390207933933,0.47645092676997874,1.0562239829578184,1.0869808374606837,0.07017904918707552,1
2016-02-16,5000.0,5029.0,4901.0,5017.0,1691215214,337114,145,4790.0,5011.0,64.34685848359103,46.53314152760777,17.967374303340193,4918.539620337292,4319.060379662708,4618.8,4490.3,1.3945515054615252,0.1138030673482997,0.09890350877192988,0.03128215682239155,6781.0,3291.0,-0.26102344786904585,0.5226374962017624,1.0849138304321468,1.11596107164332,0.046697266014767536,0
2016-02-17,5052.0,5250.0,5000.0,5165.0,1333246387,258151,78,5017.0,5001.0,63.89485903890273,70.6550782373024,28.504915090132634,4976.5990064274665,4292.200993572533,4634.4,4510.32,1.022187095744685,0.11604552555233205,0.10275633958103647,-0.0019956096587507854,6781.0,3291.0,-0.2624981566140687,0.5195989061075661,1.079104091144485,1.108790507103709,-0.00019996000799837876,0
2016-02-20,4907.0,5250.0,4907.0,4943.0,1175136331,237755,110,5165.0,4907.0,59.653007781841225,81.25026992452877,39.05398605701186,5011.118710994183,4297.081289005818,4654.1,4525.96,0.9394571612592215,0.09825425246195163,0.05685978892957144,-0.018796240751849602,6781.0,3291.0,-0.27636041881728357,0.49103615922212096,1.0543391848047956,1.0841898735295936,-0.005502343590788716,0
2016-02-21,5056.0,5056.0,4771.0,4961.0,528138460,106466,57,4943.0,5025.0,62.975876212537585,98.03852244387144,50.850893334383784,5066.057265437165,4285.642734562835,4675.85,4546.46,0.417549503751596,0.1012491781722551,0.1166666666666667,0.024047279396780086,6781.0,3291.0,-0.25895885562601384,0.5268915223336372,1.0746709154485279,1.1052555174795335,-0.06567164179104479,0
2016-02-22,5040.0,5200.0,4952.0,5171.0,676854167,130894,81,4961.0,5200.0,67.27974817949595,124.0345775807491,65.48763018365685,5155.145657567913,4251.854342432087,4703.5,4566.98,0.5156428349837746,0.07017904918707552,0.1685393258426966,0.03482587064676612,6781.0,3291.0,-0.23315145258811384,0.5800668489820723,1.1055596895928563,1.138608007917705,-0.125,0
2016-02-23,5300.0,5300.0,4954.0,5147.0,88984370,17290,18,5171.0,5245.0,68.30019480946329,146.57810137652814,81.70572442223111,5234.05855120129,4216.94144879871,4725.5,4593.26,0.07252827092434325,0.046697266014767536,0.16581462547232717,0.008653846153846123,6781.0,3291.0,-0.226515263235511,0.5937405044059556,1.109935456565443,1.141890509137301,-0.1515729265967588,0
2016-02-24,5000.0,5199.0,4952.0,5091.0,395489456,77682,35,5147.0,5000.0,57.74171094390103,143.02584108687824,93.96974775516054,5255.644701594439,4213.355298405561,4734.5,4611.86,0.3336834169882926,-0.00019996000799837876,0.11582236108011612,-0.046711153479504275,6781.0,3291.0,-0.262645627488571,0.5192950470981464,1.056077727320731,1.0841612711574073,-0.09140000000000004,0
2016-02-27,5100.0,5189.0,4850.0,4942.0,634260560,128346,77,5091.0,4880.0,53.38833808553898,129.0401574857351,100.98382970127547,5267.5699267437185,4217.830073256281,4742.7,4631.78,0.547400799439062,-0.005502343590788716,0.09221128021486114,-0.02400000000000002,6781.0,3291.0,-0.2803421324288453,0.48283196596779093,1.0289497543593311,1.053590628225002,-0.10163934426229504,0
2016-02-28,4851.0,4851.0,4695.0,4708.0,1150036277,244292,70,4942.0,4695.0,47.44899514660083,101.85433520579954,101.15793080218029,5267.159796418593,4235.140203581406,4751.15,4649.98,1.0196532814877826,-0.06567164179104479,0.028928336620644313,-0.03790983606557374,6781.0,3291.0,-0.30762424421176815,0.4266180492251595,0.9881818086147565,1.009681762072095,-0.09265175718849838,0
2016-02-29,4600.0,4600.0,4473.0,4476.0,3068976249,685671,171,4708.0,4550.0,43.375926567436665,67.82721706390384,94.491788054525,5265.282870535998,4241.917129464003,4753.6,4665.0,2.524671078369554,-0.125,-0.0635933319613089,-0.030883919062832832,6781.0,3291.0,-0.3290075210145996,0.38255849285931326,0.9571693032648939,0.9753483386923901,-0.03956043956043953,0
2016-03-01,4499.0,4598.0,4450.0,4475.0,787921877,176081,76,4476.0,4450.0,40.77625367081663,32.41762630243102,82.07695570410621,5270.246301337047,4225.953698662954,4748.1,4678.32,0.6369905334656892,-0.1515729265967588,-0.11195370185591702,-0.02197802197802201,6781.0,3291.0,-0.3437546084648282,0.35217259191735034,0.9372169920599818,0.9511961558850186,-0.06629213483146068,0
2016-03-02,4455.0,4596.0,4450.0,4530.0,555050932,122541,82,4475.0,4543.0,44.129898261789876,11.724441218058928,68.00645280689676,5270.004554150735,4226.995445849265,4748.5,4691.18,0.4483388292868895,-0.09140000000000004,-0.09158168366326735,0.020898876404494393,6781.0,3291.0,-0.33003981713611563,0.3804314797933759,0.9567231757397072,0.9684130645168166,-0.05569007263922521,0
2016-03-05,4481.0,4589.0,4384.0,4484.0,1449090687,323196,119,4530.0,4384.0,39.96330231668292,-17.305540728023516,50.944054099912705,5279.279886984297,4191.820113015703,4735.55,4700.98,1.1432747586429386,-0.10163934426229504,-0.10658243325861017,-0.03499889940567902,6781.0,3291.0,-0.35348768618197907,0.33211789729565483,0.9257636388592666,0.9325715063667577,-0.01938868613138689,0
2016-03-06,4351.0,4500.0,4260.0,4268.0,4878604359,1143137,267,4484.0,4260.0,37.02715370262068,-49.74435232990527,30.806372813949118,5297.308651350858,4149.7913486491425,4723.55,4705.32,3.7567631296363393,-0.09265175718849838,-0.15223880597014927,-0.02828467153284675,6781.0,3291.0,-0.3717740746202625,0.2944393801276208,0.9018640641043283,0.9053581903037413,0.018779342723004744,0
2016-03-07,4343.0,4444.0,4301.0,4373.0,888104572,203092,116,4268.0,4370.0,41.157295604876126,-65.81755968374546,11.481586314410205,5301.931824922409,4137.1681750775915,4719.55,4708.78,0.6855871647355989,-0.03956043956043953,-0.1596153846153846,0.025821596244131495,6781.0,3291.0,-0.3555522784250111,0.32786387116378,0.9259357353985019,0.9280535510259558,-0.06155606407322656,0
2016-03-08,4439.0,4480.0,4155.0,4209.0,2041727194,485119,211,4373.0,4155.0,36.16469409262094,-94.81146789904687,-9.777024528281212,5328.449121545425,4076.2508784545753,4702.35,4703.76,1.700952615370806,-0.06629213483146068,-0.20781696854146803,-0.04919908466819223,6781.0,3291.0,-0.3872585164430025,0.2625341841385597,0.8836007528150818,0.8833358844839022,0.025270758122743597,0
2016-03-09,4199.0,4369.0,4110.0,4206.0,593199934,141050,80,4209.0,4290.0,41.00399543487687,-105.67778951617493,-28.957177525859954,5337.658620164104,4047.9413798358964,4692.8,4699.36,0.5016659363672059,-0.05569007263922521,-0.14200000000000002,0.032490974729241895,6781.0,3291.0,-0.3673499483851939,0.30355515041020964,0.9141663825434708,0.9128902659085493,0.035431235431235386,0
2016-03-12,4220.0,4300.0,4200.0,4220.0,835244246,197936,67,4206.0,4299.0,41.32335536015433,-112.26903534707344,-45.61954909010265,5345.00551537844,4023.694484621561,4684.35,4691.54,0.7027851718350506,-0.01938868613138689,-0.11905737704918029,0.002097902097902171,6781.0,3291.0,-0.36602271051467333,0.3062898814949863,0.9177367190752185,0.9163302455057402,0.04675505931612012,0
2016-03-14,4299.0,4398.0,4200.0,4259.0,1596777197,374920,155,4220.0,4340.0,42.841334926371836,-112.88304236162821,-59.07224774440777,5349.02441506648,3997.3755849335193,4673.2,4680.24,1.3078651034750761,0.018779342723004744,-0.07561235356762508,0.009537101651546864,6781.0,3291.0,-0.35997640466007963,0.31874810088119115,0.9286998202516478,0.927302873356922,0.0,0
2016-03-15,4241.0,4320.0,4100.0,4144.0,2882515531,695632,260,4259.0,4101.0,36.85577326227563,-131.14321261677287,-73.4864407188808,5349.142587689995,3921.457412310006,4635.3,4659.96,2.2858701375944426,-0.06155606407322656,-0.09868131868131869,-0.05506912442396317,6781.0,3291.0,-0.39522194366612595,0.24612579762989972,0.8847323797812439,0.8800504725362449,0.048524750060960686,0
2016-03-16,4120.0,4300.0,4120.0,4231.0,2980309288,704428,212,4144.0,4260.0,42.60127627891253,-131.27134358457351,-85.04342129201935,5307.588819733004,3887.9111802669963,4597.75,4637.96,2.1830276962953996,0.025270758122743597,-0.04269662921348316,0.038771031455742566,6781.0,3291.0,-0.3717740746202625,0.2944393801276208,0.9265401555108477,0.9185072747501056,-0.014084507042253502,0
2016-03-26,4300.0,4442.0,4300.0,4408.0,1242621637,281932,122,4231.0,4442.0,48.390052630203286,-115.3572428489806,-91.1061856034116,5257.605088669706,3881.9949113302946,4569.8,4625.18,0.8705017090032204,0.035431235431235386,-0.02223200528285274,0.0427230046948357,6781.0,3291.0,-0.3449343754608465,0.3497417198419933,0.9720337870366318,0.9603950548951607,-0.04975236380009007,0
2016-03-27,4570.0,4570.0,4310.0,4446.0,2375649277,534279,260,4408.0,4500.0,50.116612959926336,-96.94753722594851,-92.27445592791899,5220.011697385065,3878.8883026149347,4549.45,4615.66,1.5774439384563057,0.04675505931612012,0.026459854014598605,0.013057181449797284,6781.0,3291.0,-0.3363810647397139,0.3673655423883318,0.9891305542428206,0.9749418284709013,-0.04222222222222227,0
2016-03-28,4499.0,4499.0,4300.0,4366.0,807506098,184966,119,4446.0,4340.0,45.58600438764105,-94.18269621387572,-92.65610398511035,5154.343990036624,3876.0560099633753,4515.2,4603.46,0.5398509503998842,0.0,0.018779342723004744,-0.03555555555555556,6781.0,3291.0,-0.35997640466007963,0.31874810088119115,0.9611977321048902,0.9427691345205562,-0.00829493087557609,0
2016-03-29,4450.0,4450.0,4200.0,4273.0,627666041,146905,77,4366.0,4300.0,44.50285734510028,-94.13408634727875,-92.95170045754404,5032.2293942490305,3908.170605750969,4470.2,4588.52,0.42776474322249636,0.048524750060960686,-0.016018306636155555,-0.009216589861751112,6781.0,3291.0,-0.36587523964017105,0.30659374050440596,0.9619256409109213,0.9371213375990515,0.05348837209302326,1
2016-03-30,4211.0,4395.0,4190.0,4253.0,3147981623,740230,286,4273.0,4200.0,41.82714857951619,-101.00045655040412,-94.56145167611605,4864.5990680611885,3971.3009319388116,4417.95,4573.12,1.9501714761438385,-0.014084507042253502,0.010830324909747224,-0.023255813953488413,6781.0,3291.0,-0.38062232709039967,0.27620783956244305,0.9506671646351815,0.9184101882303548,0.06190476190476191,1
2016-04-02,4201.0,4259.0,4150.0,4208.0,1442146847,342691,134,4253.0,4221.0,42.60753517335022,-103.55387529586824,-96.35993640006649,4744.278523869012,4013.721476130988,4379.0,4564.78,0.8723819580461593,-0.04975236380009007,-0.016083916083916128,0.004999999999999893,6781.0,3291.0,-0.37752543872585165,0.28258887876025524,0.9639187029002055,0.9246885939738608,0.03577351338545376,0
2016-04-03,4167.0,4407.0,4167.0,4327.0,1858849422,429596,200,4208.0,4310.0,45.91878022195811,-97.27460080532455,-96.5428692811181,4634.984445971871,4066.0155540281294,4350.5,4562.3,1.0532290130029394,-0.04222222222222227,0.0025587345894393376,0.021085050935797156,6781.0,3291.0,-0.36440053089514823,0.30963233059860223,0.9906907252039996,0.944698945707209,0.07053364269141538,1
2016-04-04,4410.0,4450.0,4300.0,4375.0,1198332312,273889,134,4327.0,4304.0,45.727241152895076,-91.72503132349902,-95.57930168959429,4567.802253525104,4094.0977464748953,4330.95,4561.48,0.6690589109389175,-0.00829493087557609,-0.00829493087557609,-0.0013921113689094877,6781.0,3291.0,-0.3652853561421619,0.30780917654208445,0.9937773467714935,0.9435534081043873,0.10687732342007439,1
2016-04-05,4304.0,4593.0,4266.0,4536.0,3279141648,722935,325,4375.0,4530.0,53.581419470837645,-68.30328849501984,-90.1240990506794,4563.236497680256,4096.663502319743,4329.95,4562.4,1.757991769767483,0.05348837209302326,0.1046086320409656,0.05250929368029733,6781.0,3291.0,-0.33195693850464536,0.3764813126709207,1.0462014572916547,0.9928984744871121,0.06445916114790284,1
2016-04-06,4592.0,4649.0,4362.0,4497.0,1962931177,436532,177,4536.0,4460.0,51.114054068502405,-54.75858071207949,-83.05099538295943,4564.803984390964,4096.096015609036,4330.45,4558.76,1.0289491840076483,0.06190476190476191,0.04694835680751175,-0.015452538631346546,6781.0,3291.0,-0.3422798997198053,0.35521118201154667,1.0299160595319194,0.9783362142336951,0.045739910313901344,0
2016-04-09,4370.0,4457.0,4370.0,4395.0,1640981028,373345,151,4497.0,4372.0,48.11444893857328,-50.54254378000951,-76.54930506236946,4536.234224984997,4107.565775015002,4321.9,4552.42,0.85474615404868,0.03577351338545376,-0.015758667266996818,-0.019730941704035887,6781.0,3291.0,-0.3552573366760065,0.32847158918261926,1.0115921238344248,0.960368331568704,0.015096065873742015,0
2016-04-10,4372.0,4614.0,4311.0,4538.0,3176933808,700124,215,4395.0,4614.0,55.796810517235166,-27.358554231748712,-66.7111548962453,4581.801610300578,4084.998389699421,4333.4,4554.44,1.5365831871826008,0.07053364269141538,0.02533333333333343,0.05535224153705398,6781.0,3291.0,-0.3195693850464533,0.40200546946216953,1.0647528499561547,1.0130773486970956,-0.05093194625054187,0
2016-04-11,4764.0,4764.0,4764.0,4764.0,1125390192,236228,67,4538.0,4764.0,59.772662235049914,3.0831305052843163,-52.75229781593938,4667.094667700956,4050.105332299045,4358.6,4557.92,0.5757565749907779,0.10687732342007439,0.09769585253456214,0.032509752925877766,6781.0,3291.0,-0.29744875387111047,0.44758432087511396,1.0930115174597348,1.0452136062063397,-0.05646515533165408,0
2016-04-12,5000.0,5000.0,4712.0,4909.0,7169171408,1460347,401,4764.0,4822.0,61.22494251389746,31.52509854136133,-35.89681854447924,4750.046634795445,4012.3533652045544,4381.2,4561.42,3.086408194199692,0.06445916114790284,0.12139534883720926,0.01217464315701089,6781.0,3291.0,-0.2888954431499779,0.46520814342145245,1.1006117045558295,1.0571269473102674,-0.08958938199917044,0
2016-04-13,4730.0,4740.0,4664.0,4671.0,614816819,131619,69,4909.0,4664.0,55.361523174485455,40.84544274579275,-20.548366286424844,4779.77050332289,4033.529496677109,4406.65,4558.6,0.28896818998540436,0.045739910313901344,0.1104761904761904,-0.03276648693488182,6781.0,3291.0,-0.31219584132133904,0.41719841993315104,1.0584003721647965,1.0231211336813932,-0.016295025728988,0
2016-04-16,4700.0,4700.0,4438.0,4443.0,548639410,123486,52,4671.0,4438.0,48.24438526020288,29.653741564127813,-10.507944716314313,4783.475215706681,4044.624784293319,4414.05,4550.96,0.271636006080057,0.015096065873742015,0.05140961857379778,-0.04845626072041165,6781.0,3291.0,-0.34552425895885563,0.3485262838043148,1.0054258560732208,0.9751788633606975,0.04438936457863907,0
2016-04-17,4221.0,4400.0,4221.0,4281.0,737932320,172390,77,4443.0,4379.0,46.56150724316353,15.840827629043815,-5.238190247242686,4784.1229298922935,4051.9770701077064,4418.05,4544.22,0.38028013977649966,-0.05093194625054187,0.016009280742459442,-0.013294276701216745,6781.0,3291.0,-0.3542250405544905,0.3305986022485567,0.9911612589264495,0.9636417250925351,0.0395067366978763,0
2016-04-18,4490.0,4495.0,4434.0,4489.0,400481950,89216,64,4281.0,4495.0,50.23690152330697,14.091783063049661,-1.3721955851842171,4791.4980174952125,4060.1019825047874,4425.8,4543.6,0.20320769135280847,-0.05646515533165408,0.04437732342007439,0.026490066225165476,6781.0,3291.0,-0.33711841911222534,0.36584624734123367,1.0156355913055266,0.9893036358834404,0.018909899888765347,0
2016-04-19,4630.0,4630.0,4350.0,4439.0,730911093,164651,83,4489.0,4390.0,47.08040089362743,4.18479050492806,-0.26079836716176175,4774.999383867887,4105.500616132113,4440.25,4541.38,0.39916414831942976,-0.08958938199917044,-0.030905077262693204,-0.023359288097886566,6781.0,3291.0,-0.35260286093496535,0.3339410513521726,0.9886830696469794,0.96666651986841,0.08883826879271073,1
2016-04-20,4390.0,4652.0,4390.0,4539.0,523617323,115367,61,4439.0,4588.0,53.068733129253765,12.170083623152095,2.22537803090101,4786.57318803008,4126.726811969919,4456.65,4541.94,0.3011906962367023,-0.016295025728988,0.028699551569506765,0.04510250569476093,6781.0,3291.0,-0.3234036277835128,0.3941051352172592,1.0294728102947281,1.0101410410529423,0.0026155187445509043,0
2016-04-23,4645.0,4693.0,4400.0,4633.0,585910893,126454,103,4539.0,4635.0,54.388156930694606,22.036964742865166,6.187695373293841,4805.115052794194,4127.484947205807,4466.3,4543.94,0.3369747843176443,0.04438936457863907,0.06015553522415362,0.010244115082824745,6781.0,3291.0,-0.3164724966819053,0.4083865086599818,1.0377717573830687,1.0200398772871122,-0.04034519956850058,0
2016-04-24,4521.0,4790.0,4521.0,4704.0,2900993512,616712,155,4633.0,4552.0,51.62776783834801,22.895211036167893,9.529198505868653,4809.502935982549,4128.29706401745,4468.9,4542.12,1.6255607937231957,0.0395067366978763,-0.013437364542696173,-0.017907227615965526,6781.0,3291.0,-0.32871257926559505,0.38316621087815256,1.0185951800219295,1.002175195723583,-0.027899824253075578,0
2016-04-25,4700.0,4799.0,4540.0,4606.0,207354010,45019,26,4704.0,4580.0,52.50354136416629,25.54033037096451,12.731424878887825,4819.396617412838,4142.403382587161,4480.9,4543.72,0.12089311436388187,0.018909899888765347,-0.03862300587741396,0.0061511423550086874,6781.0,3291.0,-0.324583394779531,0.3916742631419022,1.0221160927492245,1.0079846469412728,-0.009388646288209568,0
2016-04-26,4687.0,4780.0,4565.0,4734.0,670037411,141526,69,4606.0,4780.0,58.30968186367957,43.27607537263248,18.840354977636757,4856.500853241194,4153.299146758805,4504.9,4550.32,0.3803257489529191,0.08883826879271073,-0.008710078805474919,0.04366812227074246,6645.0,3291.0,-0.2806621519939804,0.452446065025828,1.0610668383315947,1.0504755709488565,-0.07635983263598323,0
2016-04-27,4790.0,4790.0,4521.0,4612.0,620359168,134521,49,4734.0,4600.0,52.13286027575694,42.31945307624483,23.53617459735837,4849.305856913738,4200.494143086261,4524.9,4552.34,0.39352910958703735,0.0026155187445509043,-0.013722126929674117,-0.03765690376569042,6645.0,3291.0,-0.3077501881113619,0.3977514433302947,1.0165970518685497,1.0104693410421892,0.018478260869565277,0
2016-04-30,4699.0,4699.0,4448.0,4496.0,621989155,138354,54,4612.0,4448.0,47.551981776873134,28.9623335782062,24.621406393527938,4831.945028703457,4240.554971296543,4536.25,4551.68,0.4172120396646056,-0.04034519956850058,0.0022532672374944163,-0.03304347826086962,6645.0,3291.0,-0.3306245297215952,0.3515648738985111,0.9805456048498209,0.9772215973003374,0.0966726618705036,1
2016-05-01,4400.0,4585.0,4391.0,4425.0,928534995,209861,95,4496.0,4425.0,46.88070703834761,16.332540996231728,22.963633314068698,4824.0297856609095,4259.9702143390905,4542.0,4550.82,0.6545294745824455,-0.027899824253075578,0.010504681434117424,-0.005170863309352569,6370.0,3291.0,-0.3053375196232339,0.3445761166818596,0.9742404227212682,0.9723522354213088,0.04610169491525418,0
2016-05-02,4405.0,4548.0,4313.0,4406.0,794603001,180356,117,4425.0,4537.0,50.54206768002778,15.185751469085517,21.40805694507206,4813.7924801910285,4293.507519808971,4553.65,4550.3,0.5708332733295215,-0.009388646288209568,0.00934371523915467,0.025310734463276807,6240.0,3291.0,-0.27291666666666664,0.3786083257368581,0.9963435925027176,0.9970771157945629,-0.024906325765924664,0
2016-05-03,4537.0,4550.0,4413.0,4462.0,931503865,208784,96,4406.0,4415.0,46.761112338192014,4.38201891683002,18.002849339423655,4814.873332001417,4280.926667998582,4547.9,4541.42,0.7193381031033825,-0.07635983263598323,0.005694760820045497,-0.0268900154286974,6240.0,3291.0,-0.29246794871794873,0.34153752658766334,0.9707777215857869,0.9721628917827464,-0.00385050962627409,0
2016-05-04,4518.0,4685.0,4510.0,4647.0,1737506205,373910,183,4462.0,4685.0,54.81698144750886,17.40608009193693,17.88349548992631,4829.30275308599,4288.997246914009,4559.15,4534.9,1.302307275694107,0.018478260869565277,0.021142109851787216,0.0611551528878822,6240.0,3291.0,-0.24919871794871795,0.42357945913096323,1.0276038296612309,1.03309885554257,-0.04610458911419424,0
2016-05-07,4777.0,4879.0,4701.0,4872.0,3943305163,809355,250,4647.0,4878.0,59.530930410776016,42.807768134064645,22.86835001875398,4873.846250839471,4295.053749160528,4584.45,4532.44,2.6200010358870105,0.0966726618705036,0.05242718446601935,0.04119530416221995,6240.0,3291.0,-0.21826923076923077,0.4822242479489517,1.0640316722834802,1.0762414946474748,-0.09389093890938904,0
2016-05-08,4889.0,4889.0,4629.0,4656.0,1587453475,340919,147,4872.0,4629.0,51.9940745651457,42.35828989773654,26.76633799455049,4874.976189497934,4295.423810502066,4585.2,4526.88,1.171729183762024,0.04610169491525418,0.016915641476274113,-0.051045510455104526,6000.0,3291.0,-0.2285,0.406563354603464,1.0095524731745618,1.022558583395186,-0.06675307841866496,0
2016-05-09,4700.0,4700.0,4424.0,4482.0,1630266058,363710,120,4656.0,4424.0,46.74674749255414,25.170142676706746,26.447098930981742,4853.887661616564,4282.512338383435,4568.2,4514.86,1.2232624693583196,-0.024906325765924664,-0.03406113537117905,-0.04428602289911432,6000.0,3291.0,-0.26266666666666666,0.34427225767243996,0.9684339564817653,0.9798753449719372,-0.04588607594936711,0
2016-05-10,4580.0,4580.0,4285.0,4375.0,548749129,125423,76,4482.0,4398.0,46.11113234272037,9.342732259357035,23.0262255966568,4816.685743041673,4277.314256958327,4547.0,4498.82,0.5439418097667356,-0.00385050962627409,-0.07991631799163179,-0.005877034358046984,6000.0,3291.0,-0.267,0.33637192342752964,0.9672311414119199,0.977589679071401,-0.04729422464756705,0
2016-05-11,4390.0,4478.0,4300.0,4353.0,731104028,167967,85,4375.0,4469.0,48.183104496869696,2.4996872627516495,18.92091792987577,4803.387464480179,4271.112535519821,4537.25,4483.3,0.7227525241604904,-0.04610458911419424,-0.028478260869565175,0.016143701682582945,6000.0,3291.0,-0.25516666666666665,0.3579459130963233,0.9849578489172958,0.9968103852073249,-0.05347952562094427,0
2016-05-14,4539.0,4539.0,4316.0,4408.0,358100218,81240,46,4353.0,4420.0,46.844459247396976,-6.79899115068838,13.776936113762941,4803.941685221978,4268.758314778022,4536.35,4471.7,0.3527775697038583,-0.09389093890938904,-0.006294964028776939,-0.010964421570821226,6000.0,3291.0,-0.2633333333333333,0.3430568216347615,0.9743516263074938,0.9884384015027842,-0.04864253393665163,0
2016-05-15,4331.0,4410.0,4290.0,4323.0,730655234,169024,67,4408.0,4320.0,44.148722569220794,-21.9840071025219,6.624747470505974,4809.044989070975,4257.755010929024,4533.4,4460.5,0.7345086845491963,-0.06675307841866496,-0.023728813559321993,-0.022624434389140302,5860.0,3291.0,-0.2627986348122867,0.31267092069279856,0.9529271628358408,0.968501289093151,-0.01388888888888884,0
2016-05-16,4437.0,4437.0,4130.0,4240.0,1783130302,420571,159,4323.0,4221.0,41.596625350223896,-41.528005274441966,-3.0058030784836145,4827.032458422369,4212.367541577631,4519.7,4451.02,1.7048825593000336,-0.04588607594936711,-0.0696495481595768,-0.022916666666666696,5860.0,3291.0,-0.27969283276450513,0.28258887876025524,0.9339115428015135,0.9483219576636366,-0.008765695332859536,0
2016-05-25,4190.0,4190.0,4190.0,4112.0,46928000,11200,10,4070.0,4190.0,40.80126509684732,-58.83993540600932,-14.172629543988757,4845.004697253015,4174.395302746984,4509.7,4443.82,0.046859248415310174,-0.04729422464756705,-0.05096262740656854,-0.0073442312248281905,5860.0,3291.0,-0.28498293515358364,0.2731692494682467,0.9291083664101826,0.9428824749877358,0.014319809069212486,0
2016-05-28,4201.0,4245.0,4185.0,4209.0,328494176,78045,46,4112.0,4230.0,42.33345535196985,-68.541989664006,-25.046501567992205,4846.155527683618,4137.444472316382,4491.8,4439.42,0.32909890909688927,-0.05347952562094427,-0.09711846318036288,0.009546539379474916,5650.0,3291.0,-0.2513274336283186,0.2853236098450319,0.9417160158511064,0.9528271711169477,-0.004728132387706863,0
2016-05-29,4221.0,4300.0,4150.0,4201.0,734749682,174883,58,4209.0,4205.0,41.60860537367611,-77.3565109241008,-35.508503439213925,4839.174558623841,4101.425441376159,4470.3,4432.66,0.7299901072342415,-0.04864253393665163,-0.13796637966379666,-0.005910165484633523,5650.0,3291.0,-0.2557522123893805,0.2777271346095412,0.9406527526116815,0.9486403198079708,0.014268727705113005,0
2016-05-30,4200.0,4297.0,4200.0,4256.0,386734680,90875,54,4201.0,4260.0,43.88501607861395,-78.99345480680677,-44.2054937127325,4833.491000422102,4077.9089995778977,4455.7,4430.18,0.4260887769739984,-0.01388888888888884,-0.07971484121840566,0.013079667063020217,5602.0,3291.0,-0.23955730096394146,0.2944393801276208,0.9560787306147183,0.9615862109440247,0.012206572769952961,0
2016-05-31,4294.0,4300.0,4184.0,4257.0,743525987,174656,40,4256.0,4184.0,41.47864856824974,-85.43842844930441,-52.45208066004688,4826.8372839726735,4044.9627160273253,4435.9,4428.66,0.7947615342261295,-0.008765695332859536,-0.054249547920434016,-0.017840375586854473,5600.0,3291.0,-0.25285714285714284,0.27134609541172894,0.9432133276223541,0.9447552984424182,0.017208413001912115,0
2016-06-01,4153.0,4277.0,4153.0,4216.0,47315166,11223,13,4257.0,4250.0,44.33331944820616,-84.24929465411788,-58.81152345886109,4774.439395134182,4044.3606048658175,4409.4,4426.26,0.052629888271103716,0.014319809069212486,-0.03365165984538432,0.015774378585086124,5600.0,3291.0,-0.24107142857142858,0.2914007900334245,0.9638499569102373,0.9601785706216986,-0.0117647058823529,0
2016-06-05,4151.0,4260.0,4150.0,4182.0,241227509,57680,34,4216.0,4210.0,42.96539764170075,-85.54841439117627,-64.15890164532414,4753.794435241772,4026.0055647582276,4389.9,4427.36,0.27545130939657636,-0.004728132387706863,-0.05795479973148354,-0.009411764705882342,5600.0,3291.0,-0.24821428571428572,0.2792464296566393,0.9590195676439099,0.95090527989592,-0.009501187648456089,0
2016-06-06,4230.0,4290.0,4153.0,4243.0,462547895,109019,45,4182.0,4265.0,45.45743178133243,-81.20386815221991,-67.56789494670329,4747.532156054418,4013.967843945582,4380.75,4426.86,0.524293523386269,0.014268727705113005,-0.03506787330316741,0.013064133016627011,5429.0,3291.0,-0.21440412599005343,0.2959586751747189,0.9735775837470753,0.9634368378489494,-0.026963657678780728,0
2016-06-07,4220.0,4377.0,4201.0,4318.0,987219161,228630,90,4243.0,4312.0,47.56581683231561,-73.12533342765528,-68.67938264289369,4742.462436838509,4007.737563161492,4375.1,4427.12,1.094585957529318,0.012206572769952961,-0.0018518518518518823,0.01101992966002352,5429.0,3291.0,-0.20574691471725917,0.31024004861744153,0.9855774725149139,0.9739966388984261,-0.0653988868274582,0
2016-06-08,4381.0,4388.0,4255.0,4288.0,220556391,51440,43,4318.0,4256.0,45.31800486560221,-70.42989643914916,-69.02948540214479,4724.037864810832,3998.062135189169,4361.05,4425.44,0.2541154199746378,0.017208413001912115,0.008291873963515828,-0.012987012987012991,5429.0,3291.0,-0.21606188985080124,0.2932239440899423,0.9759117643686727,0.9617122817166204,-0.03688909774436089,0
2016-06-11,4260.0,4260.0,4075.0,4147.0,311735556,75172,51,4288.0,4200.0,43.12336941610354,-71.98270339756618,-69.62012900122906,4718.95056625472,3981.6494337452805,4350.3,4427.42,0.3840261235032345,-0.0117647058823529,0.0023866348448686736,-0.013157894736842146,5360.0,3291.0,-0.21641791044776118,0.27620783956244305,0.9654506585752707,0.9486337415469958,-0.013095238095238049,0
2016-06-12,4050.0,4244.0,3940.0,4042.0,137266518,33956,36,4147.0,4170.0,41.95129577526954,-74.77213673082588,-70.65053054714843,4667.110636968003,3981.9893630319975,4324.55,4425.62,0.18996427400595473,-0.009501187648456089,-0.014184397163120588,-0.0071428571428571175,5360.0,3291.0,-0.22201492537313433,0.2670920692798541,0.9642621775676081,0.9422408611674749,-0.03285371702637885,0
2016-06-13,4190.0,4195.0,4060.0,4118.0,208924720,50734,28,4042.0,4150.0,41.14834665529319,-77.70092767020833,-72.06060997176041,4526.645513584472,4049.6544864155276,4288.15,4419.78,0.3602797504728609,-0.026963657678780728,-0.013079667063020217,-0.004796163069544335,5360.0,3291.0,-0.22574626865671643,0.2610148890914616,0.9677833098189197,0.9389607627528973,-0.04698795180722892,0
2016-06-14,4244.0,4244.0,4030.0,4065.0,111834182,27511,21,4118.0,4030.0,36.6194686807835,-88.68273336151651,-75.38503464971164,4466.4897981177155,4049.9102018822846,4258.2,4410.38,0.2198278118019512,-0.0653988868274582,-0.0539906103286385,-0.028915662650602414,5360.0,3291.0,-0.24813432835820895,0.22455180796110605,0.9464092809168193,0.9137534634203855,-0.002481389578163795,0
2016-06-15,3951.0,4099.0,3951.0,4044.0,352654833,87194,50,4065.0,4099.0,40.663484070258086,-90.77180923520336,-78.46238956680999,4446.643404876458,4037.2565951235424,4241.95,4405.56,0.783258318313112,-0.03688909774436089,-0.020315487571701762,0.017121588089330064,5360.0,3291.0,-0.23526119402985074,0.24551807961106048,0.9663008757764707,0.9304152026076139,-0.001951695535496456,0
2016-06-18,4001.0,4190.0,4001.0,4152.0,242445179,58392,52,4044.0,4145.0,43.26256639566729,-87.70459735008353,-80.3108311234647,4424.92423162767,4033.67576837233,4229.3,4402.46,0.5408138882251279,-0.013095238095238049,-0.024705882352941133,0.011222249329104761,5360.0,3291.0,-0.22667910447761194,0.2594955940443634,0.9800676234837916,0.9415190597983855,-0.0349819059107358,0
2016-06-19,4050.0,4140.0,4010.0,4062.0,255364606,62860,58,4152.0,4033.0,38.80561922812283,-93.23650145889223,-82.89596519055021,4388.008725550636,4026.9912744493645,4207.5,4399.12,0.6119831281138877,-0.03285371702637885,-0.04204275534441804,-0.027020506634499397,5360.0,3291.0,-0.24757462686567164,0.22546338498936494,0.9585264408793821,0.9167742639436979,-0.01810066947681621,0
2016-06-20,4160.0,4169.0,3951.0,4018.0,369173757,91873,52,4062.0,3955.0,36.02233040303634,-102.73031235372582,-86.86283462318535,4369.023239404176,3999.4767605958236,4184.25,4393.8,0.8898378546958795,-0.04698795180722892,-0.07268464243845252,-0.019340441358789984,5360.0,3291.0,-0.2621268656716418,0.20176238225463386,0.945211208699289,0.900132004187719,0.00025284450063201014,0
2016-06-21,4099.0,4099.0,3818.0,3897.0,387819753,99518,46,4018.0,4020.0,39.891376281344726,-103.81258228724255,-90.25278415599679,4356.20226663486,3982.2977333651397,4169.25,4388.0,0.9974581945162752,-0.002481389578163795,-0.06771799628942488,0.01643489254108732,5360.0,3291.0,-0.25,0.22151321786690975,0.9642021946393237,0.9161349134001823,0.0012437810945273853,0
2016-06-22,4020.0,4091.0,3950.0,4045.0,245482123,60693,57,3897.0,4091.0,43.88342896519547,-97.8136475367246,-91.76495683214236,4351.087861302266,3974.4121386977345,4162.75,4383.74,0.7421705428252445,-0.001951695535496456,-0.03876879699248126,0.01766169154228847,5360.0,3291.0,-0.2367537313432836,0.24308720753570343,0.9827637979700918,0.9332214045541023,-0.043754583231483735,0
2016-06-25,4027.0,4050.0,3902.0,4000.0,289691957,72422,39,4045.0,4000.0,40.198438331157845,-99.25820125028804,-93.2636057157715,4353.896829030291,3952.603170969709,4153.25,4373.14,0.8536424371867588,-0.0349819059107358,-0.04761904761904767,-0.02224395013444147,5360.0,3291.0,-0.2537313432835821,0.21543603767851716,0.963101185818335,0.9146745816507131,-0.025249999999999995,0
2016-06-26,3912.0,3990.0,3824.0,3887.0,350919266,90274,69,4000.0,3960.0,38.66163146473664,-102.44970970108261,-95.10082651283373,4353.808753616641,3925.691246383359,4139.75,4363.14,1.0564509758602227,-0.01810066947681621,-0.05035971223021585,-0.010000000000000009,5360.0,3291.0,-0.26119402985074625,0.203281677301732,0.9565795035932122,0.907603239868535,0.0017676767676768623,0
2016-06-28,3900.0,4060.0,3900.0,4005.0,253588716,63318,54,3887.0,3956.0,38.50310908116723,-104.10174954485456,-96.90101111923791,4353.358488006775,3901.2415119932257,4127.3,4354.82,0.7927433894230769,0.00025284450063201014,-0.046746987951807206,-0.0010101010101010166,5360.0,3291.0,-0.2619402985074627,0.20206624126405348,0.9584958689700288,0.908418717650787,-0.014661274014155734,0
2016-06-29,4138.0,4138.0,3900.0,3991.0,160534320,40223,37,4005.0,4025.0,42.85578628852452,-98.70546452735562,-97.26190180086145,4337.183458665221,3893.9165413347796,4115.55,4343.04,0.5200842002911841,0.0012437810945273853,-0.001240694789081842,0.01744186046511631,5360.0,3291.0,-0.2490671641791045,0.2230325129140079,0.9779980804509725,0.9267701886236369,-0.06335403726708078,0
2016-07-02,4000.0,4001.0,3912.0,3944.0,339608564,86110,43,3991.0,3912.0,38.09980545608281,-102.36700231105488,-98.28292190290014,4338.024119716471,3865.8758802835277,4101.95,4326.0,1.1810111078956715,-0.043754583231483735,-0.045620883142229784,-0.02807453416149064,5360.0,3291.0,-0.2701492537313433,0.18869644484958978,0.9536927558843965,0.9042995839112344,-0.023517382413087984,0
2016-07-03,3900.0,4017.0,3850.0,3904.0,549438652,140755,55,3944.0,3899.0,37.583065057387756,-105.10619000698944,-99.647575523718,4325.963573412686,3842.8364265873142,4084.4,4307.54,1.772985324107839,-0.025249999999999995,-0.05934861278648973,-0.00332310838445804,5360.0,3291.0,-0.27257462686567163,0.18474627772713462,0.9546077759279209,0.9051570037654902,-0.01846627340343676,0
2016-07-04,3998.0,3998.0,3857.0,3967.0,3975375,1002,6,3904.0,3967.0,42.0133145696008,-100.62998446953634,-99.84405731288167,4311.757724301128,3832.7422756988717,4072.25,4293.6,0.013088663284340106,0.0017676767676768623,-0.016364988842053063,0.017440369325468108,5360.0,3291.0,-0.25988805970149254,0.2054086903676694,0.9741543372828289,0.9239332960685671,-0.05697000252079654,0
2016-07-05,3899.0,3980.0,3861.0,3888.0,171637280,44149,35,3967.0,3898.0,38.98922136869464,-101.48047888355995,-100.17134162701734,4287.6929853522215,3820.1070146477787,4053.9,4282.8,0.6022127557416115,-0.014661274014155734,-0.014412136536030351,-0.017393496344844994,5360.0,3291.0,-0.2727611940298508,0.18444241871771497,0.9615432053084684,0.9101522368543943,-0.04027706516162133,0
2016-07-09,3890.0,3970.0,3770.0,3817.0,311046247,81490,47,3888.0,3770.0,34.0874968581887,-111.20117417792517,-102.37730813719892,4260.291413118132,3793.308586881868,4026.8,4270.62,1.235552496198125,-0.06335403726708078,-0.062189054726368154,-0.03283735248845565,5360.0,3291.0,-0.2966417910447761,0.14554846551200243,0.9362272772424753,0.8827758030449911,0.02917771883289122,0
2016-07-10,3801.0,3900.0,3767.0,3792.0,129957050,34272,16,3817.0,3820.0,37.3983132016203,-113.56124970282235,-104.61409645032361,4230.086649981515,3779.9133500184857,4005.0,4257.12,0.5264847709302737,-0.023517382413087984,-0.0662429723783916,0.013262599469495928,5360.0,3291.0,-0.2873134328358209,0.1607414159829839,0.9538077403245943,0.8973202540684783,0.04712041884816753,0
2016-07-11,3800.0,3894.0,3786.0,3810.0,744943855,195537,40,3792.0,3827.0,37.86884548737591,-113.55776186958929,-106.40282953417675,4205.449315379806,3767.250684620194,3986.35,4245.86,2.749621559141184,-0.01846627340343676,-0.04325000000000001,0.0018324607329842646,5360.0,3291.0,-0.2860074626865672,0.1628684290489213,0.9600260890288108,0.9013486078203239,0.034753070290044485,0
2016-07-12,3790.0,3898.0,3720.0,3800.0,217677064,57286,27,3810.0,3741.0,34.44356182594501,-119.12132254874268,-108.94652813708993,4191.743470260658,3738.056529739342,3964.9,4228.92,0.7925495966071141,-0.05697000252079654,-0.0553030303030303,-0.022471910112359605,5360.0,3291.0,-0.30205223880597015,0.13673655423883319,0.9435294711089813,0.8846230243182657,0.039294306335204476,0
2016-07-13,3722.0,3770.0,3700.0,3735.0,533989782,142960,51,3800.0,3741.0,34.44356182594501,-122.12272966148385,-111.58176844196872,4174.578203399533,3714.3217966004668,3944.45,4211.04,1.8592323383657197,-0.04027706516162133,-0.05434782608695654,0.0,5360.0,3291.0,-0.30205223880597015,0.13673655423883319,0.9484211994067614,0.8883791177476348,0.0475808607324244,0
2016-07-16,3800.0,3880.0,3800.0,3848.0,284183074,73848,65,3735.0,3880.0,43.947342429883285,-111.99422834341522,-111.66426042225802,4165.206412834111,3708.6935871658884,3936.95,4197.6,0.9323206512407712,0.02917771883289122,-0.03602484472049694,0.037155840684309105,5360.0,3291.0,-0.27611940298507465,0.17897295654816164,0.9855344873569641,0.9243377167905469,0.012886597938144284,0
2016-07-17,3825.0,4040.0,3825.0,3952.0,617410625,156212,80,3848.0,4000.0,50.6049151324506,-93.20985576266776,-107.97337949033998,4150.050452877072,3713.949547122929,3932.0,4186.0,1.8898205534256718,0.04712041884816753,0.02249488752556239,0.030927835051546282,5360.0,3291.0,-0.2537313432835821,0.21543603767851716,1.017293997965412,0.9555661729574773,-0.03474999999999995,0
2016-07-18,4001.0,4001.0,3861.0,3967.0,197277523,49726,28,3952.0,3960.0,48.535522733311886,-80.6214173502567,-102.50298706232333,4118.420002810588,3727.0799971894126,3922.75,4169.6,0.6047449480945293,0.034753070290044485,0.01564503718902288,-0.010000000000000009,5360.0,3291.0,-0.26119402985074625,0.203281677301732,1.0094958893633292,0.9497313891020721,-0.014141414141414121,0
2016-07-19,3960.0,3960.0,3860.0,3918.0,226133202,57721,29,3967.0,3888.0,44.97070725396684,-75.58350785505945,-97.11909122087056,4104.938644420548,3726.061355579452,3915.5,4155.36,0.7041769830101337,0.039294306335204476,-0.01991429291656166,-0.018181818181818188,5360.0,3291.0,-0.2746268656716418,0.1814038286235187,0.992976631336994,0.935659004273998,0.04989711934156382,0
2016-07-20,3825.0,3919.0,3804.0,3853.0,195760517,50809,28,3918.0,3919.0,46.78305351462184,-68.30214277642881,-91.35570153198222,4102.285365285577,3725.114634714422,3913.7,4144.78,0.635778080177686,0.0475808607324244,0.005387378142637234,0.007973251028806638,5360.0,3291.0,-0.26884328358208953,0.19082345791552718,1.001354217236886,0.9455266624525307,0.06353661648379694,1
2016-07-23,3859.0,4000.0,3859.0,3930.0,415821332,105816,60,3853.0,3930.0,47.444479512390586,-60.94150469172973,-85.27286216393172,4091.6188586739167,3726.781141326083,3909.2,4134.88,1.3188892344183027,0.012886597938144284,0.04244031830238737,0.0028068384792039325,5360.0,3291.0,-0.2667910447761194,0.19416590701914313,1.0053207817456258,0.9504507990558372,0.01323155216284988,0
2016-07-24,3930.0,3999.0,3861.0,3904.0,235852686,60414,34,3930.0,3861.0,43.7695853899458,-59.98440642375499,-80.21517101589637,4060.8013182040345,3734.598681795965,3897.7,4121.36,0.7531302513675372,-0.03474999999999995,0.010732984293193804,-0.017557251908396965,5360.0,3291.0,-0.2796641791044776,0.1731996353691887,0.9905841906765529,0.9368266785721219,0.011655011655011593,0
2016-07-25,3854.0,3940.0,3854.0,3888.0,488715325,125697,44,3904.0,3904.0,46.548183047347045,-55.12076069900286,-75.19628895251768,4049.184228250625,3736.615771749375,3892.9,4111.14,1.5165969984658718,-0.014141414141414121,0.02012019858897318,0.011137011137011044,5360.0,3291.0,-0.2716417910447761,0.18626557277423275,1.0028513447558376,0.9496149486517121,0.05071721311475419,1
2016-07-26,3856.0,4082.0,3856.0,3973.0,1552450281,390712,103,3888.0,4082.0,56.19737138145408,-36.4826250377414,-67.45355616956242,4073.7203479846976,3724.2796520153024,3899.0,4099.08,3.99081334200179,0.04989711934156382,0.09115209836941984,0.04559426229508201,5360.0,3291.0,-0.23843283582089553,0.24035247645092678,1.0469351115670684,0.995833211354743,-0.007839294463498292,0
2016-07-27,4155.0,4171.0,4071.0,4160.0,2578460675,619843,213,3973.0,4168.0,59.958370136869185,-14.603941826921073,-56.88363330103415,4119.123650216137,3700.076349783862,3909.6,4084.88,4.929988363871212,0.06353661648379694,0.11414060411654647,0.021068103870651722,5360.0,3291.0,-0.22238805970149253,0.2664843512610149,1.0660937180274197,1.0203482109633575,-0.0038387715930902067,0
2016-07-31,3977.0,4198.0,3977.0,4029.0,471969022,117153,49,4160.0,3982.0,49.96584155824936,-12.133703507025984,-47.93364734223252,4113.038399477923,3701.861600522076,3907.45,4071.94,0.9041285550674664,0.01323155216284988,0.02628865979381434,-0.044625719769673666,5360.0,3291.0,-0.257089552238806,0.20996657550896383,1.0190789389499546,0.9779122482158381,0.022350577599196342,0
2016-08-01,3974.0,3974.0,3892.0,3907.0,647477459,165730,64,4029.0,3906.0,46.55195682808185,-16.12273384321088,-41.5714646424282,4112.728476499595,3701.571523500406,3907.15,4061.58,1.2408971177762835,0.011655011655011593,-0.023499999999999965,-0.019085886489201398,5360.0,3291.0,-0.2712686567164179,0.18687329079307202,0.9997056678141356,0.9616947099404666,0.024321556579621095,0
2016-08-02,3913.0,4102.0,3913.0,4084.0,723831382,177247,95,3907.0,4102.0,55.076587098709716,-3.42898001722142,-33.94296771738684,4139.6295751803955,3694.9704248196053,3917.3,4055.66,1.3092438241055626,0.05071721311475419,0.03585858585858581,0.05017921146953408,5360.0,3291.0,-0.23470149253731343,0.24642965663931934,1.0471498225818803,1.0114260071110497,-0.024622135543637236,0
2016-08-03,4050.0,4140.0,4050.0,4076.0,153233351,37598,16,4084.0,4050.0,52.676153205953966,2.4071972540491515,-26.672934723099644,4150.337286671617,3692.5627133283824,3921.45,4047.28,0.27401593166728616,-0.007839294463498292,0.04166666666666674,-0.012676743052169703,5360.0,3291.0,-0.24440298507462688,0.23062898814949864,1.0327812416325595,1.0006720562945979,-0.007160493827160441,0
2016-08-06,4020.0,4199.0,4020.0,4164.0,541105801,129953,66,4076.0,4152.0,56.66580483916421,15.08902050357392,-18.32054367776493,4183.679377027828,3684.620622972172,3934.15,4041.92,0.9183879712680881,-0.0038387715930902067,0.05945394233222756,0.0251851851851852,5360.0,3291.0,-0.2253731343283582,0.26162260711030083,1.0553740960563274,1.0272345815849893,-0.0007225433526011349,0
2016-08-07,4060.0,4196.0,4060.0,4082.0,302924336,74211,37,4164.0,4071.0,52.85505045202057,18.391428798744982,-10.978149182462948,4193.567428271234,3704.8325717287653,3949.2,4036.94,0.5258073258477121,0.022350577599196342,0.03587786259541992,-0.019508670520231197,5360.0,3291.0,-0.24048507462686566,0.23701002734731086,1.0308416894560923,1.0084370835335674,0.007123556865634928,0
2016-08-08,4169.0,4169.0,4001.0,4030.0,238418430,59155,27,4082.0,4001.0,49.7418334722273,15.185151208935622,-5.745489104183234,4196.128014957031,3720.371985042969,3958.25,4032.54,0.4154685935101074,0.024321556579621095,0.036260036260036266,-0.01719479243429134,5360.0,3291.0,-0.25354477611940296,0.2157398966879368,1.010800227373208,0.9921786268704093,0.0742314421394652,1
2016-08-09,4001.0,4011.0,4001.0,4003.0,93665149,23396,14,4030.0,4001.0,49.7418334722273,12.500060205991758,-2.096379242148235,4197.608600533122,3736.2913994668784,3966.95,4028.76,0.17489152442153522,-0.024622135543637236,0.024846311475409832,0.0,5360.0,3291.0,-0.25354477611940296,0.2157398966879368,1.0085834205119804,0.9931095423902143,0.11822044488877781,1
2016-08-10,4000.0,4090.0,3956.0,3984.0,48376034,12143,9,4003.0,4021.0,50.70396883386761,11.849347195640348,0.6927660454094817,4187.814665904786,3774.085334095213,3980.95,4024.58,0.09233012868278825,-0.007160493827160441,-0.01494365507104356,0.004998750312421807,5360.0,3291.0,-0.2498134328358209,0.22181707687632937,1.010060412715558,0.9991104661852914,0.13230539666749563,1
2016-08-13,4015.0,4170.0,4015.0,4127.0,504193192,122157,44,3984.0,4149.0,56.450168026240156,21.415320225186406,4.8372768813648666,4189.129951006225,3813.570048993775,4001.35,4023.46,0.9362336134975461,-0.0007225433526011349,-0.004558541266794669,0.03183287739368312,5360.0,3291.0,-0.22593283582089552,0.26071103008204194,1.036900046234396,1.0312020002684257,0.09906001446131607,1
2016-08-14,4060.0,4130.0,4050.0,4094.0,291180686,71127,30,4127.0,4100.0,53.861832120836134,24.757147297051233,8.821250964502141,4196.139308720341,3828.5606912796584,4012.35,4020.26,0.5456993578382857,0.007123556865634928,0.02963335007533896,-0.01181007471679918,5360.0,3291.0,-0.23507462686567165,0.2458219386204801,1.0218450533976349,1.0198345380647023,0.11268292682926839,1
2016-08-15,4016.0,4298.0,4016.0,4261.0,2221933143,521485,103,4094.0,4298.0,61.53647645161137,42.888126942562394,15.634626160114191,4249.013725617834,3805.486274382166,4027.25,4022.54,3.5092105125916317,0.0742314421394652,0.10035842293906816,0.04829268292682931,5360.0,3291.0,-0.19813432835820896,0.3059860224855667,1.067229499037805,1.0684791201579102,0.0912052117263844,1
2016-08-16,4474.0,4474.0,4474.0,4474.0,393018530,87845,43,4261.0,4474.0,66.81981958132039,70.6444428820082,26.636589504492996,4345.438957056336,3760.4610429436634,4052.95,4027.02,0.5836466003058921,0.11822044488877781,0.09068746952705986,0.0409492787342951,5360.0,3291.0,-0.16529850746268657,0.3594652081434215,1.103887291972514,1.1109952272399939,0.06124273580688433,1
2016-08-17,4689.0,4697.0,4501.0,4663.0,7348247997,1575715,422,4474.0,4553.0,68.88576117100467,97.88777368491264,40.88682634057693,4440.73609125152,3731.6639087484805,4086.2,4033.88,6.959555285249833,0.13230539666749563,0.1241975308641976,0.017657577112203837,5360.0,3291.0,-0.1505597014925373,0.38347006988757215,1.1142381674905781,1.1286899957361152,0.09268614100593009,1
2016-08-20,4639.0,4750.0,4430.0,4626.0,1884392930,407358,143,4663.0,4560.0,69.06953403773977,118.67513800416964,56.444488673295474,4519.364883792546,3717.135116207454,4118.25,4039.78,1.667874847356725,0.09906001446131607,0.09826589595375723,0.0015374478365912658,5360.0,3291.0,-0.14925373134328357,0.3855970829535096,1.1072664359861593,1.128774339196689,0.14035087719298245,1
2016-08-21,4460.0,4599.0,4460.0,4484.0,1129704181,251941,83,4626.0,4562.0,69.12564358461849,133.76865548502064,71.90932203564051,4584.81449280362,3714.8855071963812,4149.85,4044.78,1.0015782527112553,0.11268292682926839,0.12060918693195766,0.00043859649122812705,5360.0,3291.0,-0.14888059701492537,0.3862048009723488,1.0993168427774498,1.1278734566527722,0.18040333187198598,1
2016-08-22,4350.0,4690.0,4350.0,4522.0,2662938373,588918,159,4484.0,4690.0,72.5568645396634,154.28045800722703,88.38354922995782,4664.572902245536,3718.0270977544646,4191.3,4053.46,2.1186447994957716,0.0912052117263844,0.17220694826293426,0.028057869355545773,5360.0,3291.0,-0.125,0.42509875417806137,1.118984563261995,1.1570362110394576,0.08528784648187626,1
2016-08-23,4700.0,4748.0,4680.0,4739.0,2558295396,539851,194,4522.0,4748.0,73.96859285113271,173.2195573279605,105.35075084955835,4745.690003807098,3721.309996192902,4233.5,4064.42,1.80747490013456,0.06124273580688433,0.18670332416895774,0.012366737739871958,5360.0,3291.0,-0.11417910447761194,0.44272257672439985,1.1215306483996692,1.1681863586932453,0.09519797809604036,1
2016-08-24,4900.0,4975.0,4800.0,4953.0,8767982812,1770414,242,4739.0,4975.0,78.60702427655619,204.19213306553866,125.11902729275442,4877.931718627633,3678.368281372366,4278.15,4080.52,4.815330384973155,0.09268614100593009,0.23725441432479477,0.04780960404380785,5360.0,3291.0,-0.07182835820895522,0.5116985718626558,1.1628858268176667,1.2192073559252252,0.04321608040201008,0
2016-08-27,5198.0,5200.0,4954.0,5129.0,5799391266,1130710,344,4953.0,5200.0,82.02575898133708,244.08013818112795,148.91124947042914,5048.514738979258,3610.9852610207413,4329.75,4101.52,2.875622114500731,0.14035087719298245,0.2533140515786936,0.045226130653266416,5360.0,3291.0,-0.029850746268656716,0.5800668489820723,1.2009931289335412,1.2678226608671905,-0.03538461538461535,0
2016-08-28,5300.0,5385.0,5251.0,5357.0,1762551204,329042,91,5129.0,5385.0,84.25389293210617,287.30771896193255,176.59054336872984,5233.844338670109,3565.9556613298896,4399.9,4128.62,0.8148641975553232,0.18040333187198598,0.3134146341463415,0.03557692307692317,5385.0,3291.0,0.0,0.6362807657247037,1.2238914520784565,1.3043099146930452,-0.10937790157845872,0
2016-08-29,5505.0,5624.0,5090.0,5439.0,16122407408,2964371,740,5357.0,5090.0,69.46623299332504,294.36855610972,200.14614591692788,5312.273346981686,3605.926653018315,4459.1,4148.44,5.451898762229948,0.08528784648187626,0.18427175430432752,-0.054781801299907174,5385.0,3291.0,-0.05478180129990715,0.5466423579459131,1.1414859500796124,1.2269672455187977,-0.10216110019646363,0
2016-08-30,5490.0,5555.0,5168.0,5291.0,8036586820,1519038,342,5439.0,5200.0,71.47656010938084,305.3208523809526,221.18108720973285,5408.500531022724,3619.4994689772757,4514.0,4169.54,2.4868775062563295,0.09519797809604036,0.16227089852481003,0.0216110019646365,5385.0,3291.0,-0.034354688950789226,0.5800668489820723,1.1519716437749226,1.247139972275119,-0.07692307692307687,0
2016-08-31,5061.0,5438.0,5061.0,5280.0,2736190789,518199,221,5291.0,5190.0,71.01878562366673,309.6245505720217,238.86977988219064,5485.041136929811,3656.9588630701896,4571.0,4192.68,0.8162523689596992,0.04321608040201008,0.13990775312980452,-0.0019230769230769162,5385.0,3291.0,-0.036211699164345405,0.577028258887876,1.135418945526143,1.2378717192821773,-0.05934489402697496,0
2016-09-03,5200.0,5340.0,5016.0,5048.0,2021665454,400493,155,5280.0,5016.0,63.40899447118891,295.5875670969672,250.21333732514597,5526.613853467791,3701.7861465322085,4614.2,4213.9,0.6176840084675856,-0.03538461538461535,0.10000000000000009,-0.03352601156069368,5385.0,3291.0,-0.06852367688022284,0.5241567912488605,1.0870790169476834,1.190346235079143,-0.015151515151515138,0
2016-09-04,5140.0,5140.0,4796.0,4798.0,2545474875,530483,150,5048.0,4796.0,55.33550165086178,263.67155363819984,252.90498058775677,5530.6998452143835,3770.200154785616,4650.45,4229.42,0.790359480568937,-0.10937790157845872,0.051293292415607095,-0.04385964912280704,5385.0,3291.0,-0.10937790157845868,0.45730780917654207,1.0312980464256147,1.1339616306727636,-0.0012510425354461674,0
2016-09-05,4800.0,4929.0,4559.0,4647.0,1252952635,269655,134,4798.0,4570.0,48.50341513501949,217.63283592961216,245.85055165612786,5508.682839060889,3849.117160939111,4678.9,4239.0,0.39555267100918184,-0.10216110019646363,-0.02558635394456288,-0.04712260216847375,5385.0,3291.0,-0.15134633240482823,0.38863567304770585,0.9767252986813141,1.0780844538806322,0.06433260393873086,1
2016-09-06,4559.0,4850.0,4500.0,4650.0,1398895416,300839,205,4647.0,4800.0,54.64124332735168,197.4300475718337,236.16645083926903,5489.031089095255,3948.6689109047456,4718.85,4255.0,0.43249521412925906,-0.07692307692307687,0.010951979780960297,0.05032822757111588,5385.0,3291.0,-0.10863509749303621,0.4585232452142206,1.0171969865539272,1.128084606345476,0.01041666666666674,0
2016-09-07,4882.0,4882.0,4881.0,4882.0,501375400,102700,51,4650.0,4882.0,56.626127625033526,185.89304760409505,226.11177019223425,5464.531026926619,4059.26897307338,4761.9,4273.44,0.14668975709133208,-0.05934489402697496,-0.018693467336683423,0.01708333333333334,5385.0,3291.0,-0.09340761374187558,0.48343968398663023,1.0252210252210252,1.142405181773934,-0.0006145022531749422,0
2016-09-10,5040.0,5040.0,4800.0,4937.0,1071112593,216962,98,4882.0,4940.0,58.02526650891684,179.36242885325646,216.7619019244387,5448.480285226247,4154.419714773752,4801.45,4293.12,0.30780982193133277,-0.015151515151515138,-0.050000000000000044,0.011880376894715328,5385.0,3291.0,-0.08263695450324977,0.5010635065329687,1.0288558664570078,1.1506782945736433,-0.028340080971659964,0
2016-09-11,4990.0,4992.0,4773.0,4843.0,508454623,104989,64,4937.0,4790.0,53.24189530152205,160.23601896182208,205.45672533191538,5397.6500890154475,4274.249910984552,4835.95,4308.42,0.14859378750617083,-0.0012510425354461674,-0.11049210770659235,-0.030364372469635637,5385.0,3291.0,-0.11049210770659239,0.4554846551200243,0.9904982475004912,1.1117764749026324,-0.012526096033402934,0
2016-09-13,4968.0,4968.0,4755.0,4776.0,449882669,94190,44,4843.0,4864.0,55.20382316721235,149.32802239204466,194.23098474394124,5368.811938715124,4359.688061284876,4864.25,4327.46,0.13746639323225757,0.06433260393873086,-0.04440078585461693,0.01544885177453037,5385.0,3291.0,-0.09675023212627669,0.4779702218170769,0.9999486046153055,1.12398497039834,-0.0234375,0
2016-09-14,4890.0,4890.0,4711.0,4734.0,705430818,149019,75,4776.0,4850.0,54.735894817325324,137.96331827165432,182.97745144948385,5355.014606723816,4411.085393276185,4883.05,4346.48,0.21652048433089208,0.01041666666666674,-0.06730769230769229,-0.0028782894736841813,5385.0,3291.0,-0.09935004642525534,0.47371619568520207,0.9932316892106368,1.1158454657561983,0.028659793814433066,0
2016-09-17,4848.0,4898.0,4770.0,4840.0,1141837690,235904,119,4734.0,4879.0,55.5759028857368,129.80050657309494,172.34206247420607,5346.456821688025,4452.2431783119755,4899.35,4364.72,0.3797224258427071,-0.0006145022531749422,-0.05992292870905591,0.005979381443298903,5385.0,3291.0,-0.09396471680594243,0.48252810695837134,0.9958463877861348,1.1178265730676882,0.06169296987087525,1
2016-09-18,4987.0,4987.0,4760.0,4865.0,308282077,63368,66,4840.0,4800.0,52.70640010761981,115.62393892809177,160.99843776498324,5333.571399268167,4489.128600731834,4911.35,4382.76,0.10490447630287542,-0.028340080971659964,-0.0430622009569378,-0.016191842590694838,5385.0,3291.0,-0.10863509749303621,0.4585232452142206,0.9773280258991927,1.0952002847520739,0.0774999999999999,1
2016-09-19,4945.0,4945.0,4722.0,4853.0,239297038,49311,44,4865.0,4730.0,50.23153135200958,97.61524417570399,148.3217990471274,5319.946389289021,4519.553610710979,4919.75,4401.96,0.08302594209213722,-0.012526096033402934,-0.013761467889908285,-0.014583333333333282,5385.0,3291.0,-0.12163416898792943,0.43725311455484656,0.961430967020682,1.0745213495806414,0.15221987315010566,1
2016-09-21,4801.0,4910.0,4724.0,4760.0,522454168,109748,55,4853.0,4750.0,50.940341582790175,83.98888510559118,135.45521625882014,5316.865655613894,4528.634344386106,4922.75,4420.56,0.19255241073870766,-0.0234375,0.03938730853391692,0.0042283298097252064,5385.0,3291.0,-0.11792014856081709,0.44333029474323915,0.9649078259103143,1.0745244946341639,0.09473684210526323,1
2016-09-24,4870.0,4998.0,4622.0,4951.0,2553375030,515737,154,4760.0,4989.0,58.5394604466936,91.42135153093841,126.6484433132438,5321.473816025821,4548.126183974179,4934.8,4443.8,0.9067766184106931,0.028659793814433066,0.03937499999999994,0.050315789473684314,5385.0,3291.0,-0.07353760445682452,0.5159525979945305,1.0109832212045067,1.1226877897295107,0.03227099619162166,0
2016-09-25,5087.0,5198.0,4983.0,5122.0,3266216878,637721,241,4951.0,5180.0,63.41637953266373,111.43913745927694,123.60658214245043,5346.045997486223,4544.054002513777,4945.05,4472.58,1.2452473663846417,0.06169296987087525,0.061040557148709595,0.03828422529565034,5385.0,3291.0,-0.03806870937790158,0.5739896687936797,1.0475121586232696,1.1581682161079287,-0.0009652509652510188,0
2016-09-26,5250.0,5250.0,5170.0,5207.0,1087559036,208870,60,5122.0,5172.0,63.08167996260484,125.21444965430783,123.92815564482191,5341.256979314965,4546.043020685034,4943.65,4501.2,0.4481881553399933,0.0774999999999999,0.04696356275303648,-0.001544401544401497,5385.0,3291.0,-0.03955431754874652,0.5715587967183227,1.046190567697956,1.149026926153026,-0.02784222737819031,0
2016-09-27,5290.0,5467.0,5290.0,5429.0,4340306700,799536,264,5207.0,5450.0,69.17081079548497,156.7567660503655,130.49387772593064,5359.657992048575,4534.142007951425,4946.9,4532.6,1.6331838205037148,0.15221987315010566,0.13778705636743216,0.053750966744006146,5450.0,3291.0,0.0,0.6560316013369797,1.1017000545796358,1.202400388298107,-0.0935779816513761,0
2016-09-28,5569.0,5569.0,5158.0,5297.0,2556661775,482672,193,5429.0,5200.0,59.64376369623207,159.73998526607647,136.3430992339598,5375.442031008707,4529.357968991292,4952.4,4556.6,1.3206822853862556,0.09473684210526323,0.06907894736842102,-0.04587155963302747,5450.0,3291.0,-0.045871559633027525,0.5800668489820723,1.049995961553994,1.1412017732519861,-0.0346153846153846,0
2016-10-01,5400.0,5400.0,5115.0,5173.0,708069036,136871,98,5297.0,5150.0,57.92538433097493,156.26826259729023,140.3281319066259,5367.6170812882465,4532.182918711753,4949.9,4580.4,0.46183510882840273,0.03227099619162166,0.061855670103092786,-0.009615384615384581,5450.0,3291.0,-0.05504587155963303,0.5648738985110908,1.040425059092103,1.1243559514452888,-0.007766990291262155,0
2016-10-02,5002.0,5270.0,5002.0,5168.0,1026549828,198647,93,5173.0,5175.0,58.56813593461652,153.76171905226056,143.01484933575284,5365.190514853988,4533.109485146011,4949.15,4606.14,0.7084775171348758,-0.0009652509652510188,0.06066816970690714,0.004854368932038833,5450.0,3291.0,-0.05045871559633028,0.5724703737465816,1.0456340987846398,1.123500371243601,-0.02801932367149762,0
2016-10-03,5175.0,5180.0,5010.0,5067.0,1055484672,208299,149,5168.0,5028.0,53.40225256196728,138.31913685541713,142.07570683968572,5366.20882149376,4533.29117850624,4949.75,4628.32,0.7692667058257183,-0.02784222737819031,0.0475000000000001,-0.028405797101449304,5450.0,3291.0,-0.07743119266055046,0.5278030993618961,1.0158088792363251,1.0863553081895807,-0.020485282418456596,0
2016-10-04,5025.0,5100.0,4814.0,4941.0,1278771547,258807,95,5067.0,4940.0,50.52899926876965,117.62401819002207,137.185369109753,5367.464055788559,4546.435944211441,4956.95,4648.52,1.0062783773616817,-0.0935779816513761,0.044397463002114224,-0.017501988862370754,5450.0,3291.0,-0.09357798165137615,0.5010635065329687,0.9965805586096289,1.0627038283152486,0.0018218623481780494,0
2016-10-05,5049.0,5099.0,4900.0,5033.0,589406996,117100,57,4941.0,5020.0,53.00449756636587,106.45121560955522,131.03853840971345,5350.051929298775,4608.848070701225,4979.45,4671.7,0.4692173766701594,-0.0346153846153846,0.056842105263157805,0.0161943319838056,5450.0,3291.0,-0.07889908256880734,0.5253722272865391,1.008143469660304,1.0745553010681337,-0.04243027888446216,0
2016-10-08,5174.0,5174.0,4960.0,5055.0,262071170,51844,34,5033.0,5110.0,55.690730867422104,103.66396326748509,125.56362338126779,5360.125286677474,4629.774713322526,4994.95,4695.82,0.2186451918322247,-0.007766990291262155,0.024253357386249785,0.017928286852589626,5450.0,3291.0,-0.062385321100917435,0.5527195381343056,1.0230332635962323,1.088201847600632,-0.0606653620352251,0
2016-10-09,5177.0,5178.0,5030.0,5072.0,489035652,96423,51,5055.0,5030.0,52.8016033991943,93.91709646651998,119.23431799831823,5364.051686476544,4640.648313523457,5002.35,4714.78,0.40719017537517804,-0.02801932367149762,-0.02895752895752901,-0.015655577299412915,5450.0,3291.0,-0.07706422018348624,0.5284108173807354,1.005527402121003,1.0668578385417773,-0.03459244532803185,0
2016-10-10,5170.0,5170.0,4911.0,4957.0,1018410246,205462,94,5072.0,4925.0,49.19430080847385,76.83431368551737,110.75431713575807,5363.877462727088,4639.322537272913,5001.6,4729.92,0.8697691489375212,-0.020485282418456596,-0.04775715390564583,-0.020874751491053667,5450.0,3291.0,-0.0963302752293578,0.49650562139167426,0.9846849008317338,1.041243826534064,0.039390862944162386,0
2016-10-15,4915.0,5025.0,4850.0,4896.0,945230216,193048,87,4957.0,4949.0,50.03455720920042,64.48929226238943,101.50131216108436,5359.679390368728,4659.420609631273,5009.55,4749.26,0.8022645663643407,0.0018218623481780494,-0.0919266055045872,0.004873096446700531,5450.0,3291.0,-0.09192660550458716,0.5037982376177453,0.987913086005729,1.0420570783658927,0.030511214386744756,0
2016-10-16,5038.0,5038.0,4761.0,4848.0,341950157,70529,44,4896.0,4807.0,45.26454647570071,42.754710893702395,89.75199190760797,5362.405552388455,4650.994447611544,5006.7,4767.28,0.2945510006857502,-0.04243027888446216,-0.0755769230769231,-0.02869266518488589,5450.0,3460.0,-0.11798165137614679,0.3893063583815029,0.9601134479797072,1.0083317950697253,0.025587684626586338,0
2016-10-17,4800.0,4947.0,4792.0,4844.0,822783361,169854,65,4848.0,4800.0,45.03661232987932,24.6805549963683,76.73770452536004,5364.942900138001,4643.457099861998,5004.2,4781.24,0.7062902008856592,-0.0606653620352251,-0.06796116504854366,-0.001456209694195909,5450.0,3460.0,-0.11926605504587157,0.3872832369942196,0.9591942768074817,1.0039236683370842,0.016666666666666607,0
2016-10-18,4800.0,4975.0,4790.0,4876.0,823716815,168938,41,4844.0,4856.0,47.321976219013415,14.705868125279267,64.33133724534389,5365.524537036708,4640.575462963292,5003.05,4797.36,0.7123999928312162,-0.03459244532803185,-0.06164251207729465,0.011666666666666714,5450.0,3460.0,-0.10899082568807339,0.40346820809248557,0.9706079291632104,1.0122233895309087,0.01750411861614487,0
2016-10-19,4999.0,5119.0,4998.0,5100.0,3329772111,652888,184,4876.0,5119.0,56.475147357416034,27.703411253341073,57.00575204694333,5372.2891167301605,4665.7108832698395,5019.0,4816.7,2.4488021596664105,0.039390862944162386,0.01809864757358781,0.05415980230642514,5450.0,3460.0,-0.06073394495412844,0.4794797687861272,1.0199242877067145,1.0627608113438662,0.0265676890017581,0
2016-10-22,5110.0,5280.0,5100.0,5176.0,1345915599,260051,105,5100.0,5100.0,55.72187784859001,36.055293632838584,52.81566036412238,5366.212944679668,4708.787055320332,5037.5,4837.28,0.9382965500009471,0.030511214386744756,0.03238866396761142,-0.003711662434069174,5450.0,3460.0,-0.06422018348623854,0.47398843930635837,1.0124069478908189,1.054311513908643,0.03686274509803922,0
2016-10-23,5100.0,5175.0,4930.0,5046.0,1360655554,269638,111,5176.0,4930.0,49.376036053264436,28.626651125231547,47.97785851634421,5352.291105168184,4740.708894831816,5046.5,4855.86,0.9456113387229558,0.025587684626586338,-0.017928286852589626,-0.033333333333333326,5450.0,3460.0,-0.09541284403669725,0.42485549132947975,0.976914693351828,1.0152681502349739,0.15679513184584182,1
2016-10-24,4922.0,4999.0,4850.0,4879.0,861654777,176599,84,5046.0,4880.0,47.65695805866136,18.49165598536638,42.08061801014865,5354.534592922809,4727.565407077192,5041.05,4873.44,0.6584850246942605,0.016666666666666607,-0.045009784735812186,-0.010141987829614618,5450.0,3630.0,-0.10458715596330276,0.3443526170798898,0.9680522906934071,1.0013460717686071,0.19754098360655736,1
2016-10-25,4950.0,5098.0,4935.0,5005.0,210448652,42044,36,4879.0,4941.0,49.94654900667745,15.206498471394298,36.70579410239778,5338.683526693489,4719.516473306512,5029.1,4891.84,0.1763546219474342,0.01750411861614487,-0.017693836978131205,0.012499999999999956,5450.0,3700.0,-0.09339449541284403,0.3354054054054054,0.9824819550217732,1.0100493883692025,0.24185387573365724,1
2016-10-26,4950.0,5255.0,4930.0,5198.0,5416615950,1042148,212,5005.0,5255.0,59.71501997667005,37.50779673285251,36.86619462848873,5352.460197205506,4714.039802794494,5033.25,4913.96,3.721028214742105,0.0265676890017581,0.06700507614213191,0.06354988868650069,5450.0,3741.0,-0.03577981651376147,0.4047046244319701,1.044057020811603,1.0694022743367875,0.22454804947668894,1
2016-10-29,5457.0,5457.0,5257.0,5432.0,11070318815,2038013,320,5198.0,5288.0,60.58561522325278,57.185363214248355,40.93002834564065,5307.773618970491,4742.526381029508,5025.15,4937.72,5.95921124289552,0.03686274509803922,0.06849868660335412,0.00627973358705991,5450.0,3741.0,-0.029724770642201834,0.4135257952419139,1.052306896311553,1.0709396239559958,0.1841906202723147,1
2016-10-30,5351.0,5703.0,5300.0,5566.0,9405531096,1689918,323,5432.0,5703.0,69.50954087222503,105.05598808469495,53.755220293451515,5454.190628759792,4646.409371240208,5050.3,4965.82,4.200056144303037,0.15679513184584182,0.18639484085708347,0.07847957639939485,5703.0,3741.0,0.0,0.5244587008821171,1.1292398471377938,1.148450809735351,0.1309836927932666,1
2016-10-31,5844.0,5844.0,5844.0,5844.0,199899864,34206,19,5566.0,5844.0,71.8422214808464,152.6121074209741,73.52659771895604,5616.33341698032,4553.66658301968,5085.0,4993.22,0.08611288173790628,0.19754098360655736,0.21750000000000003,0.02472382956338759,5844.0,3741.0,0.0,0.56214915797915,1.1492625368731564,1.170387044832793,0.10900068446269673,1
2016-11-01,6136.0,6136.0,5950.0,6129.0,30083369253,4908094,554,5844.0,6136.0,75.94634816347913,211.4254532551422,101.10636882619328,5834.748076098251,4431.35192390175,5133.05,5024.88,7.757438949863927,0.24185387573365724,0.2635914332784184,0.049965776865160905,6136.0,3741.0,0.0,0.640203154236835,1.195390654678992,1.2211236885258951,0.12451108213820072,1
2016-11-02,6250.0,6435.0,6220.0,6414.0,13781940246,2148893,364,6129.0,6435.0,79.27712408162164,278.946730438548,136.67444114866424,6103.061803123814,4303.738196876186,5203.4,5062.38,2.944798988276198,0.22454804947668894,0.2570814612228951,0.048728813559322015,6435.0,3741.0,0.0,0.7201283079390537,1.2366913940884807,1.2711412418664738,0.008391608391608463,0
2016-11-05,6500.0,6699.0,6100.0,6414.0,8811877001,1373868,411,6414.0,6262.0,72.98019218394148,314.8685660615747,172.31326613124634,6270.582114514088,4268.417885485912,5269.5,5096.38,1.749085493048245,0.1841906202723147,0.2278431372549019,-0.02688422688422687,6435.0,3741.0,-0.026884226884226883,0.6738839882384389,1.1883480406110636,1.2287152841821056,-0.013254551261577818,0
2016-11-06,6250.0,6725.0,6250.0,6485.0,9553775362,1473281,420,6414.0,6450.0,75.27822965851769,354.4213596002819,208.73488482505343,6458.13132621013,4223.86867378987,5341.0,5131.58,1.7265950217567492,0.1309836927932666,0.3083164300202841,0.03002235707441714,6450.0,3741.0,0.0,0.7241379310344828,1.2076390189103163,1.256922819092755,0.013953488372093092,0
2016-11-07,6500.0,6700.0,6350.0,6582.0,4377264909,665053,224,6485.0,6481.0,75.64604753505549,383.84396012661546,243.75669988536583,6625.45862732362,4193.64137267638,5409.55,5166.24,0.7523671657385949,0.10900068446269673,0.3280737704918033,0.004806201550387579,6481.0,3741.0,0.0,0.7324244854317028,1.1980663826011406,1.2544906934250055,-0.015429717636167295,0
2016-11-08,6590.0,6911.0,6590.0,6830.0,11488978406,1682064,414,6582.0,6900.0,79.98139645576319,435.94606640648817,282.1945731895903,6866.4800092047335,4139.619990795267,5503.05,5204.74,1.7462755109906576,0.12451108213820072,0.39647844565877355,0.06465051689554091,6900.0,3741.0,0.0,0.8444266238973537,1.253850137650939,1.3257146370423882,-0.03188405797101446,0
2016-11-09,6530.0,6700.0,6489.0,6504.0,3753875928,577156,166,6830.0,6489.0,67.32172781800242,439.0124338177102,313.5581453152143,6981.989643902472,4180.510356097528,5581.25,5230.52,0.5878464880547912,0.008391608391608463,0.23482397716460524,-0.05956521739130438,6900.0,3741.0,-0.05956521739130435,0.7345629510825983,1.1626427771556551,1.2406032287420752,0.01710587147480358,0
2016-11-12,6730.0,6730.0,6179.0,6280.0,4928021968,784710,149,6504.0,6179.0,59.652266512781495,411.6825229995211,333.1830208520757,7035.034292089813,4250.465707910187,5642.75,5246.4,0.7758672470189136,-0.013254551261577818,0.16849470499243568,-0.047773154569271115,6900.0,3741.0,-0.10449275362318841,0.6516974071103983,1.0950334500022152,1.1777599878011589,0.022819226412040816,0
2016-11-13,6050.0,6540.0,5966.0,6170.0,15813143446,2563076,404,6280.0,6540.0,64.69611770223361,414.37638178299494,349.42169303825955,7118.55030144331,4340.2496985566895,5729.4,5275.4,2.25618001582008,0.013953488372093092,0.1467648605996843,0.058423693154232126,6900.0,3741.0,-0.05217391304347826,0.748195669607057,1.1414807833280973,1.239716419607992,0.00917431192660545,0
2016-11-14,6478.0,6478.0,6350.0,6439.0,3735973340,580234,164,6170.0,6381.0,61.074696461912716,399.0809562511531,359.3535456808383,7156.3752909564555,4460.524709043544,5808.45,5299.02,0.5016966070280445,-0.015429717636167295,0.09188911704312108,-0.02431192660550463,6900.0,3741.0,-0.07521739130434782,0.7056936647955092,1.098571908168272,1.2041849247596725,0.031186334430340024,0
2016-11-15,6550.0,6760.0,6512.0,6698.0,3879448170,579204,200,6439.0,6680.0,65.03798774707539,406.4012814754806,368.7630928397668,7224.0821462423255,4575.217853757674,5899.65,5328.82,0.49207816546506805,-0.03188405797101446,0.08865710560625817,0.04685785926970687,6900.0,3741.0,-0.03188405797101449,0.7856188184977279,1.1322705584229573,1.2535608258488746,-0.02844311377245512,0
2016-11-16,6366.0,6800.0,6366.0,6652.0,1529157721,229866,80,6698.0,6600.0,63.18429972765868,401.1234589990936,375.2351660716322,7280.75854497802,4666.64145502198,5973.7,5360.5,0.198862225624268,0.01710587147480358,0.02564102564102555,-0.0119760479041916,6900.0,3741.0,-0.043478260869565216,0.764234161988773,1.1048428946883841,1.2312284301837515,-0.05727272727272725,0
2016-11-19,6351.0,6500.0,6320.0,6332.0,961425178,151847,73,6652.0,6320.0,57.05493468095019,370.0810230532179,374.20433746794936,7285.63262808197,4783.767371918029,6034.7,5390.98,0.13198399020387386,0.022819226412040816,0.009262216544235091,-0.042424242424242475,6900.0,3741.0,-0.08405797101449275,0.6893878642074311,1.0472765837572704,1.1723285933169851,-0.004905063291139267,0
2016-11-21,6042.0,6600.0,6042.0,6329.0,8658526604,1368049,210,6332.0,6600.0,61.117032662157456,363.8787610095451,372.1392221762685,7283.01064555578,4953.38935444422,6118.2,5431.58,1.134918426304476,0.00917431192660545,0.023255813953488413,0.044303797468354444,6900.0,3741.0,-0.043478260869565216,0.764234161988773,1.0787486515641855,1.2151160435821622,-0.042727272727272725,0
2016-11-22,6643.0,6645.0,6580.0,6640.0,5199869788,783099,127,6329.0,6580.0,60.67555621281347,353.27723079288353,368.3668238995915,7234.659083046962,5171.740916953037,6203.2,5467.18,0.6337079573663141,0.031186334430340024,0.015275420459805567,-0.00303030303030305,6900.0,3741.0,-0.0463768115942029,0.7588879978615344,1.0607428424039207,1.2035455207254928,-0.04255319148936165,0
2016-11-23,6790.0,6790.0,6415.0,6549.0,312627566,47737,42,6640.0,6490.0,58.623386012324936,333.76575007278825,361.44660913423087,7139.564960866375,5421.735039133624,6280.65,5499.34,0.038621362110726164,-0.02844311377245512,-0.05942028985507242,-0.01367781155015202,6900.0,3741.0,-0.059420289855072465,0.7348302592889602,1.0333325372373878,1.1801416169940393,-0.046070878274268146,0
2016-11-26,6590.0,6590.0,6222.0,6230.0,2959432772,475060,100,6549.0,6222.0,52.88715320222643,293.29646175849484,347.8165796590837,7049.194695898333,5608.805304101667,6329.0,5524.98,0.39336859347666925,-0.05727272727272725,-0.041146555709662525,-0.04129429892141756,6900.0,3741.0,-0.09826086956521739,0.6631916599839615,0.9830936956865224,1.1261579227436118,-0.020411443265830886,0
2016-11-27,6222.0,6289.0,5920.0,6018.0,3738396433,621197,182,6230.0,6289.0,54.096433539488565,263.59207391386553,330.9716785100401,6919.646143160582,5838.453856839418,6379.05,5554.96,0.5464288170990471,-0.004905063291139267,0.017802233371095655,0.010768241722918681,6900.0,3741.0,-0.08855072463768116,0.6811013098102112,0.9858834779473432,1.1321413655543875,0.0066783272380346315,0
2016-11-29,6318.0,6318.0,6300.0,6318.0,1359950836,215261,94,6018.0,6318.0,54.63915458485783,239.62889740979517,312.70312228999114,6854.545590197474,5965.054409802527,6409.8,5584.04,0.20248467274058288,-0.042727272727272725,-0.03394495412844034,0.0046112259500714625,6900.0,3741.0,-0.08434782608695653,0.6888532477947072,0.9856781802864364,1.1314388865409273,-0.03450459006014561,0
2016-12-03,6498.0,6498.0,6155.0,6391.0,4173430275,653042,134,6318.0,6300.0,54.21072971118476,216.6876178421071,293.50002140041437,6798.802894581817,6066.397105418184,6432.6,5613.04,0.5969089508692808,-0.04255319148936165,-0.012693935119887145,-0.002849002849002802,6900.0,3741.0,-0.08695652173913043,0.6840417000801925,0.9793862512825295,1.1223864429970212,-0.04761904761904767,0
2016-12-04,6085.0,6580.0,6085.0,6330.0,1317571509,208146,72,6391.0,6191.0,51.57356916092692,187.5491496014174,272.309847040615,6793.336186884496,6077.363813115505,6435.35,5639.28,0.24230010133961413,-0.046070878274268146,-0.07320359281437128,-0.017301587301587262,6900.0,3741.0,-0.1027536231884058,0.6549051055867415,0.962030037216313,1.0978351846334993,-0.04991116136326923,0
2016-12-05,6368.0,6368.0,6070.0,6147.0,832614319,135451,60,6330.0,6095.0,49.298901376466496,154.9244334629675,248.83276432508552,6805.862206259493,6030.837793740508,6418.35,5665.18,0.1786080555264544,-0.020411443265830886,-0.07651515151515154,-0.015506380229365235,6900.0,3741.0,-0.11666666666666667,0.6292435177759957,0.9496210085146494,1.0758704930823026,-0.0720262510254307,0
2016-12-06,6047.0,6399.0,5900.0,6117.0,6206425887,1014573,168,6147.0,6331.0,54.60006788710021,146.4244486426678,228.35110118860197,6804.886204398044,6038.713795601956,6421.8,5697.2,1.3702940808230302,0.0066783272380346315,0.0017405063291138223,0.03872026251025429,6900.0,3741.0,-0.08246376811594203,0.6923282544774124,0.985860662119655,1.1112476304149408,-0.13694519033328068,0
2016-12-07,6300.0,6399.0,6002.0,6265.0,6428955272,1026192,147,6117.0,6100.0,49.179746681108305,119.66891126331302,206.6146632035442,6811.831642943341,5996.76835705666,6404.3,5724.2,1.4291355549540816,-0.03450459006014561,-0.0757575757575758,-0.03648712683620281,6900.0,3741.0,-0.11594202898550725,0.6305800588078054,0.9524850491076308,1.0656510953495686,-0.0932786885245902,0
2016-12-10,6339.0,6339.0,6000.0,6031.0,858390081,142327,51,6265.0,6000.0,47.00433020849441,89.36563939899497,183.16485844263437,6822.158983841805,5938.341016158195,6380.25,5744.42,0.20570025590587737,-0.04761904761904767,-0.08814589665653494,-0.016393442622950838,6900.0,3741.0,-0.13043478260869565,0.6038492381716118,0.940402021864347,1.0444918721124152,-0.030166666666666675,0
2016-12-11,6010.0,6148.0,5867.0,5948.0,1487709262,250124,99,6031.0,5882.0,44.50277600065749,55.192242475111016,157.5703352491297,6754.253412554068,5904.446587445933,6329.35,5758.46,0.40321928663794854,-0.04991116136326923,-0.09368258859784284,-0.01966666666666672,6900.0,3741.0,-0.14753623188405798,0.5723068698209035,0.9293213363141555,1.021453652539047,-0.059673580414824845,0
2016-12-12,5820.0,5830.0,5651.0,5751.0,1519005863,264131,115,5948.0,5656.0,40.100904746478285,9.760752093433439,128.00841861799046,6796.803565102513,5778.596434897487,6287.7,5768.14,0.4368211028132376,-0.0720262510254307,-0.09096753455480555,-0.03842230533832025,6900.0,3741.0,-0.18028985507246376,0.5118952151831061,0.8995340108465735,0.9805587243028081,-0.046322489391796284,0
2016-12-13,5700.0,5700.0,5464.0,5489.0,1122604148,204533,85,5751.0,5464.0,36.773099208061375,-41.261193386153536,94.15449621716166,6874.3705893124725,5629.529410687527,6251.95,5768.42,0.35530331449718927,-0.13694519033328068,-0.13118142788996656,-0.0339462517680339,6900.0,3741.0,-0.2081159420289855,0.4605720395616145,0.873967322195475,0.9472264502238048,-0.005856515373352855,0
2016-12-14,5400.0,5700.0,5300.0,5542.0,3042825018,549097,118,5489.0,5531.0,38.68527071064815,-75.42070972046076,60.239455029637185,6883.105311012232,5519.894688987768,6201.5,5775.04,1.1560946903782119,-0.0932786885245902,-0.1245647356758468,0.01226207906295751,6900.0,3741.0,-0.1984057971014493,0.47848168938786423,0.8918809965330968,0.9577422840361279,-0.0005423973964925333,0
2016-12-18,5650.0,5819.0,5650.0,5805.0,1899873488,327304,135,5542.0,5819.0,46.215138793849555,-78.3500093018074,32.52156216334827,6869.276828181596,5477.523171818403,6173.4,5788.42,0.7079721054179862,-0.030166666666666675,-0.07634920634920639,0.05207015006327964,6900.0,3741.0,-0.15666666666666668,0.5554664528201015,0.9425924126089351,1.0052829614989929,-0.02234060835195051,0
2016-12-19,6000.0,6020.0,5515.0,5654.0,3330956062,589153,203,5805.0,5531.0,40.81695311608784,-102.72652596181524,5.471944538315569,6824.645555228107,5407.254444771893,6115.95,5795.54,1.2729925890666234,-0.059673580414824845,-0.10660636407688584,-0.04949304004124422,6900.0,3741.0,-0.1984057971014493,0.47848168938786423,0.9043566412413444,0.9543545553994969,0.05677092749954804,1
2016-12-20,5651.0,5651.0,5391.0,5432.0,1180759457,217386,54,5654.0,5394.0,38.512449161299806,-131.583038718667,-21.939052113080947,6793.94974265204,5317.350257347959,6055.65,5802.86,0.4703436683262097,-0.046322489391796284,-0.11501230516817063,-0.024769481106490687,6900.0,3741.0,-0.2182608695652174,0.4418604651162791,0.8907384013276858,0.9295416398120927,0.11327400815721167,1
2016-12-21,5594.0,5594.0,5420.0,5477.0,518114516,94601,41,5432.0,5432.0,39.5322339094971,-149.66055681912258,-47.48335305428928,6786.500120928766,5235.999879071234,6011.25,5812.7,0.20595739622529366,-0.005856515373352855,-0.14199968409414,0.007044864664441874,6900.0,3741.0,-0.2127536231884058,0.4520181769580326,0.9036390101892285,0.9345054793813546,0.10456553755522835,1
2016-12-24,5579.0,5579.0,5450.0,5507.0,31740446,5764,8,5477.0,5528.0,42.14289408049367,-154.46020140701148,-68.87872272483372,6710.578754929748,5204.721245070251,5957.65,5822.86,0.014733816127393828,-0.0005423973964925333,-0.09377049180327868,0.01767304860088359,6900.0,3741.0,-0.19884057971014493,0.4776797647687784,0.927882638288587,0.949361653895165,0.13277858176555712,1
2016-12-25,5579.0,5777.0,5579.0,5708.0,3465471195,607168,109,5507.0,5689.0,46.328063206517434,-143.61707165214193,-83.82639251029536,6617.325503656364,5208.874496343637,5913.1,5834.44,1.5877311493731832,-0.02234060835195051,-0.05183333333333329,0.029124457308248974,6900.0,3741.0,-0.1755072463768116,0.52071638599305,0.962101097563038,0.9750721577392175,0.1402706978379329,1
2016-12-26,5708.0,5959.0,5600.0,5903.0,1897925921,321530,92,5708.0,5845.0,50.09496321956952,-121.0406358424616,-91.26924117672861,6533.642547445248,5228.057452554753,5880.85,5850.74,0.8117353610938597,0.05677092749954804,-0.006290377422645377,0.02742133942696423,6900.0,3741.0,-0.15289855072463768,0.5624164661855119,0.9939039424572977,0.9990189275202795,0.16287425149700607,1
2016-12-27,5890.0,6005.0,5702.0,5963.0,3135379235,525814,130,5903.0,6005.0,53.68530429672322,-89.20963187940833,-90.85731931726457,6506.7677755666155,5233.2322244333845,5870.0,5872.34,1.319020659507821,0.11327400815721167,0.06170438472418671,0.0273738237810095,6900.0,3741.0,-0.12971014492753624,0.6051857792034215,1.0229982964224873,1.0225906538109168,0.16153205661948378,1
2016-12-28,6030.0,6090.0,5888.0,5969.0,2036574637,341208,89,5963.0,6000.0,53.555636772050235,-63.653037527963534,-85.41646295940436,6466.210126420626,5244.889873579375,5855.55,5893.36,0.8870834500549539,0.10456553755522835,0.0980966325036603,-0.0008326394671107629,6900.0,3741.0,-0.13043478260869565,0.6038492381716118,1.02466890386044,1.0180949407468745,0.11066666666666669,1
2016-12-31,6050.0,6267.0,6000.0,6186.0,2894338615,467873,151,5969.0,6262.0,59.12662534572698,-22.004389104148686,-72.73404818835323,6455.363267361459,5250.136732638541,5852.75,5922.46,1.1777179221682135,0.13277858176555712,0.13216416561200517,0.04366666666666674,6900.0,3741.0,-0.09246376811594204,0.6738839882384389,1.0699243945153987,1.0573309064138887,0.03305653145959764,0
2017-01-01,6332.0,6495.0,6332.0,6474.0,3348727249,517256,159,6186.0,6487.0,63.20810234527034,28.825798568118444,-52.4220788370589,6497.112724282006,5227.087275717995,5862.1,5956.2,1.3246618182088246,0.1402706978379329,0.11479635676233024,0.03593101245608432,6900.0,3741.0,-0.059855072463768116,0.7340283346698744,1.1066000238822264,1.0891172223901144,-0.041159241560043136,0
2017-01-02,6331.0,6797.0,6330.0,6704.0,6370668964,950246,253,6474.0,6797.0,67.95586756246121,93.05086527923231,-23.32749001380066,6635.865775944028,5148.934224055971,5892.4,5995.02,2.2223477328741983,0.16287425149700607,0.22889170131983372,0.047787883459226244,6900.0,3741.0,-0.014927536231884059,0.8168938786420743,1.1535197882017514,1.1337743660571606,-0.13859055465646608,0
2017-01-03,6897.0,7039.0,6800.0,7014.0,6580477453,938258,320,6704.0,6975.0,70.32389604384892,156.5086712178063,12.639742232520732,6814.5756999599,5058.2243000400995,5936.4,6032.14,2.0059953789273184,0.16153205661948378,0.2931034482758621,0.02618802412829191,6975.0,3741.0,0.0,0.8644747393744988,1.1749545178896301,1.1563060539045844,-0.1750537634408602,0
2017-01-04,7050.0,7050.0,6664.0,6809.0,4812684399,706843,177,7014.0,6664.0,61.739207834696046,179.6336340332955,46.03852059267568,6872.192094564308,5033.907905435693,5953.05,6063.42,1.5626351305344381,0.11066666666666669,0.2268041237113403,-0.04458781362007169,6975.0,3741.0,-0.044587813620071685,0.7813418871959369,1.1194261764977615,1.099049711219081,-0.0930372148859544,0
2017-01-07,6537.0,6800.0,6469.0,6484.0,1203835740,185668,52,6809.0,6469.0,57.037646499507375,180.14881989690275,72.8605804535211,6916.1600446721895,5026.8399553278105,5971.5,6094.2,0.45250200943569585,0.03305653145959764,0.17022431259044857,-0.029261704681872724,6975.0,3741.0,-0.07254480286738352,0.7292167869553595,1.0833124005693713,1.0615010994059926,-0.03246251352604734,0
2017-01-08,6160.0,6380.0,6160.0,6163.0,6559636553,1064399,210,6484.0,6220.0,51.630853117135885,158.6362296772577,90.01571029826842,6933.33468594707,5031.66531405293,5982.5,6121.0,2.3320716238499024,-0.041159241560043136,0.09333802074178243,-0.03849126603802755,6975.0,3741.0,-0.1082437275985663,0.6626570435712377,1.0396991224404513,1.016173827805914,0.05530546623794219,1
2017-01-09,6300.0,6377.0,5855.0,6055.0,3670383708,606141,139,6163.0,5855.0,44.91033613797123,110.85700680229547,94.18396959907383,6932.628065958466,5029.671934041533,5981.15,6139.28,1.2781888692062195,-0.13859055465646608,0.0017108639863130382,-0.0586816720257235,6975.0,3741.0,-0.16057347670250896,0.5650895482491313,0.9789087382861156,0.9536948958184022,0.07514944491887277,1
2017-01-11,5782.0,5800.0,5753.0,5757.0,9102297567,1581040,243,6055.0,5754.0,43.233364904885,64.10283495664407,88.16774267058788,6931.771623946532,5040.328376053469,5986.05,6149.26,2.927504346243344,-0.1750537634408602,-0.04179850124895923,-0.01725021349274125,6975.0,3741.0,-0.1750537634408602,0.5380914194065758,0.96123487107525,0.9357223470791607,0.14633298574904408,1
2017-01-14,5670.0,6044.0,5670.0,5961.0,6483819398,1087676,126,5757.0,6044.0,49.10932485624408,49.87546003533225,80.50928614353676,6930.030759360582,5100.069240639418,6015.05,6164.38,1.8617535736675104,-0.0930372148859544,0.007333333333333414,0.0503997219325687,6975.0,3741.0,-0.13347670250896057,0.615610799251537,1.0048129275733368,0.9804716776058582,0.0613831899404369,1
2017-01-15,6158.0,6259.0,6158.0,6252.0,1641974589,262637,37,5961.0,6259.0,52.99407774866497,55.311272162106434,75.4696833472507,6944.160137726726,5158.7398622732735,6051.45,6175.5,0.4608489322436066,-0.03246251352604734,-0.0004790801660811139,0.03557246856386498,6975.0,3741.0,-0.10265232974910395,0.6730820636193531,1.034297565046394,1.0135211723747064,0.029397667359003066,0
2017-01-16,6502.0,6564.0,6364.0,6540.0,11382124465,1740300,367,6252.0,6564.0,57.903366889554654,83.27025576955475,77.0297978317115,7001.451904955598,5175.948095044401,6088.7,6189.9,2.7168921987975763,0.05530546623794219,0.011869893633420725,0.04872982904617351,6975.0,3741.0,-0.058924731182795696,0.7546110665597434,1.0780626406293625,1.0604371637667813,-0.06383302864107254,0
2017-01-25,6490.0,6490.0,6153.0,6282.0,1952473811,310814,72,5264.0,6295.0,52.677828731167736,82.76780411419804,78.17739908820882,7006.436900874589,5247.36309912541,6126.9,6193.08,0.4960079383228825,0.07514944491887277,-0.07385611299102546,-0.040981109079829325,6975.0,3741.0,-0.0974910394265233,0.6827051590483828,1.0274363870799263,1.0164570778998496,-0.002382843526608447,0
2017-01-28,6310.0,6596.0,6180.0,6544.0,2823931089,431500,119,6282.0,6596.0,57.31931901113479,105.44231858234798,83.63038298703665,7021.098075768121,5352.901924231879,6187.0,6196.3,0.6770360663310199,0.14633298574904408,-0.05433691756272396,0.047815726767275635,6975.0,3741.0,-0.05433691756272401,0.7631649291633253,1.0661063520284468,1.0645062375934025,-0.06761673741661611,0
2017-01-29,6871.0,6871.0,6415.0,6782.0,9224658908,1360104,321,6544.0,6415.0,53.89600958060861,107.56688326728181,88.41768304308569,6999.333143157713,5472.966856842287,6236.15,6199.36,1.9413085945793531,0.0613831899404369,-0.03736494597839135,-0.027440873256519116,6975.0,3741.0,-0.08028673835125448,0.714782143811815,1.0286795538914235,1.0347842357920818,-0.0693686671862821,0
2017-01-30,6450.0,6600.0,6443.0,6464.0,3922977771,606937,188,6782.0,6443.0,54.3502105461192,110.23921305442673,92.7819890453539,6976.405838708423,5587.394161291576,6281.9,6199.22,0.8306574809496919,0.029397667359003066,-0.004019168341320101,0.004364770070148127,6975.0,3741.0,-0.07627240143369175,0.7222667735899492,1.0256451073719735,1.0393243020896177,-0.07170572714573953,0
2017-01-31,6443.0,6443.0,6141.0,6209.0,4293550565,691520,286,6464.0,6145.0,48.835895113901714,87.30455162777889,91.6865015618389,6947.896113172408,5661.5038868275915,6304.7,6192.5,0.9409866698090948,-0.06383302864107254,-0.01205787781350487,-0.04625174608101812,6975.0,3741.0,-0.11899641577060932,0.6426089280940925,0.9746696908655448,0.9923294307630198,-0.02359641985353944,0
2017-02-01,6142.0,6370.0,6000.0,6157.0,3581050246,581665,242,6209.0,6280.0,51.24899942646012,79.11010690174226,89.17122262981957,6934.451800984252,5718.448199015747,6326.45,6180.1,0.7777362315389348,-0.002382843526608447,0.0725875320239111,0.021969080553295273,6975.0,3741.0,-0.0996415770609319,0.6786955359529537,0.992657809672091,1.016164786977557,-0.0366242038216561,0
2017-02-04,6040.0,6319.0,6020.0,6064.0,550237181,90745,74,6157.0,6150.0,48.85925308182115,61.41804784970009,83.62058767379568,6929.532896037215,5737.867103962784,6333.7,6173.32,0.12496875608955003,-0.06761673741661611,0.06882168925964538,-0.02070063694267521,6975.0,3741.0,-0.11827956989247312,0.6439454691259021,0.9709964159969686,0.9962224540441772,-0.0019512195121951237,0
2017-02-05,6150.0,6249.0,5931.0,6063.0,898842846,148259,94,6064.0,5970.0,45.68286481921306,32.497852890410286,73.39604071711861,6931.526488652133,5732.873511347867,6332.2,6169.14,0.2069228627927894,-0.0693686671862821,-0.012243547319655823,-0.029268292682926855,6975.0,3741.0,-0.14408602150537633,0.5958299919807538,0.942800290578314,0.9677199739347785,-0.017587939698492483,0
2017-02-06,6150.0,6180.0,5781.0,5975.0,1708584864,285965,117,6063.0,5981.0,45.9142706580684,10.346727462016133,60.78617806609812,6936.280495931153,5700.019504068846,6318.15,6157.96,0.4042487217073428,-0.07170572714573953,-0.044416040901102405,0.001842546063651529,6975.0,3741.0,-0.1425089605734767,0.5987703822507351,0.9466378607662054,0.9712632105437515,-0.04347099147299782,0
2017-02-07,6070.0,6130.0,5866.0,5944.0,596561172,100371,69,5975.0,6000.0,46.33951413128632,-5.6103847962649525,47.506865493625504,6921.697634969341,5665.902365030659,6293.8,6150.34,0.1461952614388605,-0.02359641985353944,-0.08592321755027421,0.003176726299949806,6975.0,3741.0,-0.13978494623655913,0.6038492381716118,0.9533191394705901,0.9755558229301144,-0.050000000000000044,0
2017-02-08,5999.0,6175.0,5999.0,6053.0,2193049382,362280,126,5944.0,6050.0,47.50912096894892,-14.059855827154024,35.1935212294696,6847.9911989034135,5664.908801096586,6256.45,6137.74,0.5512845425919352,-0.0366242038216561,-0.038919777601270855,0.008333333333333304,6975.0,3741.0,-0.13261648745519714,0.6172146484897086,0.9670020538803955,0.9857048359819739,-0.008264462809917328,0
2017-02-11,6197.0,6240.0,6060.0,6173.0,1017531031,164848,89,6053.0,6138.0,49.5916226781183,-13.499642465860234,25.45488849040364,6707.000812347102,5722.199187652899,6214.6,6128.5,0.26653490396542784,-0.0019512195121951237,-0.06943602183141295,0.014545454545454639,6975.0,3741.0,-0.12,0.640737770649559,0.9876741865928619,1.0015501346169535,0.012544802867383575,0
2017-02-12,6076.0,6077.0,5865.0,5919.0,2061546153,348317,170,6173.0,5865.0,43.787738997809285,-34.684664562101716,13.42697787990257,6643.8264167134585,5705.473583286541,6174.65,6119.4,0.579987688143369,-0.017587939698492483,-0.08573655494933752,-0.04447702834799605,6975.0,3741.0,-0.15913978494623657,0.5677626303127506,0.949851408581863,0.9584272967938033,0.06035805626598467,1
2017-02-13,5731.0,5865.0,5700.0,5778.0,2648210077,458335,143,5919.0,5721.0,41.058167518842986,-62.374529001469455,-1.7333234963718347,6625.474077652954,5649.025922347046,6137.25,6101.82,0.7462397995156731,-0.04347099147299782,-0.11205959956541989,-0.024552429667519138,6975.0,3741.0,-0.17978494623655913,0.529270248596632,0.9321764633997311,0.9375891127565219,0.031637825554972965,0
2017-02-14,5789.0,5957.0,5700.0,5781.0,431565999,74654,61,5778.0,5700.0,40.66010441372882,-85.03326006933275,-18.39331081096402,6633.290946669967,5589.209053330033,6111.25,6084.22,0.1321999045874185,-0.050000000000000044,-0.07241659886086249,-0.0036706869428421163,6975.0,3741.0,-0.1827956989247312,0.5236567762630313,0.9327060748619349,0.9368497523100742,0.05280701754385975,1
2017-02-15,5930.0,6050.0,5800.0,5953.0,2487877523,417938,221,5781.0,6000.0,48.36216657981042,-77.88516321287989,-30.291681291347196,6630.026147914333,5606.973852085667,6118.5,6074.42,0.7526410499639606,-0.008264462809917328,-0.04458598726114649,0.05263157894736836,6975.0,3741.0,-0.13978494623655913,0.6038492381716118,0.9806325079676391,0.9877486245600403,-0.03533333333333333,0
2017-02-18,6000.0,6250.0,5851.0,6162.0,8009007024,1299647,408,5953.0,6215.0,53.06400951628279,-54.24622506935884,-35.08259004694953,6626.13661764444,5656.9633823555605,6141.55,6074.28,2.4013036338266334,0.012544802867383575,0.010569105691056846,0.035833333333333384,6975.0,3741.0,-0.10896057347670252,0.661320502539428,1.0119595216191353,1.0231665316712433,-0.08109412711182618,0
2017-02-19,6201.0,6300.0,6133.0,6212.0,3654243375,588240,245,6162.0,6219.0,53.14948089851556,-34.788410568659856,-35.02375415129159,6633.843627814574,5666.756372185427,6150.3,6072.88,1.1394395547306384,0.06035805626598467,0.04170854271356794,0.0006436041834272377,6975.0,3741.0,-0.10838709677419354,0.6623897353648757,1.011170186820155,1.0240610715179619,-0.10194565042611348,0
2017-02-20,6002.0,6240.0,5902.0,5930.0,4981725017,840063,294,6212.0,5902.0,46.00025622952235,-44.43498427245686,-36.906000175524646,6624.900393440879,5639.99960655912,6132.45,6064.56,1.5410462662607172,0.031637825554972965,-0.013208493562949286,-0.050972825213056794,6975.0,3741.0,-0.1538351254480287,0.5776530339481422,0.962421218273284,0.9731950875248987,-0.0506607929515418,0
2017-02-21,5860.0,6079.0,5800.0,5967.0,2841753992,476275,209,5930.0,6001.0,48.33745850737493,-43.58902367830888,-38.242604876081494,6557.6722973452115,5650.927702654789,6104.3,6058.58,0.9882785423464724,0.05280701754385975,0.0001666666666666483,0.016773974923754764,6975.0,3741.0,-0.1396415770609319,0.6041165463779739,0.9830775027439673,0.99049612285387,-0.08998500249958341,0
2017-02-22,5950.0,6079.0,5777.0,5859.0,1971532089,336518,175,5967.0,5788.0,43.93178284319539,-59.42094601989447,-42.47827310484409,6543.397833453955,5614.5021665460445,6078.95,6050.52,0.6964232147556011,-0.03533333333333333,-0.04330578512396699,-0.03549408431928014,6975.0,3741.0,-0.17017921146953405,0.5471798984228816,0.9521381159575256,0.956611993679882,-0.025397373876986817,0
2017-02-25,5774.0,5835.0,5711.0,5771.0,2213891638,383632,180,5859.0,5711.0,42.42635402090234,-77.29016214484182,-49.440650912843644,6460.715070156056,5608.684929843944,6034.7,6042.84,0.7978775233293675,-0.08109412711182618,-0.06956663408276309,-0.013303386316516952,6975.0,3741.0,-0.18121863799283155,0.5265971665330126,0.9463602167464829,0.9450854234101846,-0.06321134652425142,0
2017-02-26,5616.0,5710.0,5483.0,5550.0,7904531847,1424125,497,5771.0,5585.0,40.010241927534075,-100.46074273111208,-59.64466927649734,6424.616550447552,5561.783449552448,5993.2,6027.92,2.9423055030952443,-0.10194565042611348,-0.0477408354646206,-0.022062686044475588,6975.0,3741.0,-0.1992831541218638,0.4929163325314087,0.9318894747380365,0.9265219180082018,-0.010564010743061791,0
2017-02-27,5600.0,5717.0,5590.0,5643.0,1602931978,284052,155,5550.0,5603.0,40.53126470953063,-116.03358230461708,-70.9224518821213,6362.358655509114,5540.041344490885,5951.2,6017.98,0.607114182508502,-0.0506607929515418,-0.020625764726446394,0.0032229185317815823,6975.0,3741.0,-0.19670250896057348,0.49772788024592357,0.9414907917730878,0.931043306890352,-0.02016776726753522,0
2017-02-28,5670.0,5670.0,5401.0,5501.0,1894925158,344452,189,5643.0,5461.0,37.74609206805511,-138.23984029178155,-84.38592956405336,6369.681344877453,5464.318655122547,5917.0,6007.2,0.7645670033264964,-0.08998500249958341,-0.041929824561403484,-0.025343565946814195,6975.0,3741.0,-0.21706093189964157,0.45977011494252873,0.9229339192158188,0.9090757757357838,-0.01483244826954766,0
2017-03-01,5411.0,5689.0,5411.0,5594.0,2179995078,389684,168,5501.0,5641.0,43.08505751881989,-139.70354851201955,-95.44945335364659,6320.616975332218,5449.483024667782,5885.05,6002.38,0.8837975142883062,-0.025397373876986817,-0.059833333333333294,0.032960996154550504,6975.0,3741.0,-0.19125448028673836,0.5078855920876771,0.9585305137594413,0.939793881760235,-0.09040950186137209,0
2017-03-04,5679.0,5679.0,5315.0,5449.0,2315237846,424892,165,5594.0,5350.0,37.487684221246134,-162.47194043942,-108.85395077080128,6321.00650011325,5369.093499886751,5845.05,5996.26,0.9284672343119353,-0.06321134652425142,-0.13917940466613032,-0.051586598120900495,6975.0,3741.0,-0.23297491039426524,0.4300989040363539,0.9153044028708052,0.8922228188904416,-0.0542056074766355,0
2017-03-05,5223.0,5575.0,5223.0,5465.0,924258214,169119,81,5449.0,5526.0,42.36466225253701,-164.4190060185574,-119.96696182035251,6314.580932523115,5331.119067476886,5822.85,5997.5,0.36871578901928154,-0.010564010743061791,-0.11143270622286539,0.03289719626168219,6975.0,3741.0,-0.20774193548387096,0.47714514835605454,0.949019809886911,0.9213839099624843,-0.07709011943539634,0
2017-03-06,5581.0,5590.0,5409.0,5500.0,1193207163,216940,86,5465.0,5490.0,41.64890895601027,-166.94255875413728,-129.36208120710947,6304.801767025595,5291.798232974405,5798.3,5996.68,0.47656172599084706,-0.02016776726753522,-0.06980684513724156,-0.006514657980456029,6975.0,3741.0,-0.2129032258064516,0.46752205292702487,0.9468292430539985,0.9155065803077702,-0.07741347905282336,0
2017-03-07,5400.0,5580.0,5380.0,5401.0,649128639,120196,49,5500.0,5380.0,39.45539275128096,-175.79215068367557,-138.6480951024227,6296.032862606485,5238.567137393516,5767.3,5987.9,0.2634661839653572,-0.01483244826954766,-0.10348275287452091,-0.02003642987249543,6975.0,3741.0,-0.22867383512544803,0.43811815022721196,0.9328455256359128,0.8984785985069892,-0.04814126394052043,0
2017-03-08,5251.0,5284.0,5131.0,5142.0,4810218889,935525,306,5401.0,5131.0,34.96611986432987,-200.58551016483943,-151.03557811490606,6301.095211278234,5141.604788721766,5721.35,5979.9,1.9294243477565036,-0.09040950186137209,-0.11351071181755357,-0.046282527881040925,6975.0,3741.0,-0.26437275985663083,0.3715584068430901,0.8968163108357293,0.8580411043662938,-0.002143831611771563,0
2017-03-11,5190.0,5284.0,5050.0,5113.0,1107443860,216576,97,5142.0,5060.0,33.785674441705225,-223.38844981344573,-165.506152454614,6281.649470856202,5053.250529143797,5667.45,5973.22,0.44429582795681277,-0.0542056074766355,-0.11399054456312374,-0.013837458585071127,6975.0,3741.0,-0.2745519713261649,0.35257952419139266,0.8928177575452806,0.8471142867666016,0.007905138339920903,0
2017-03-12,5010.0,5165.0,5005.0,5107.0,2315431911,453421,102,5113.0,5100.0,35.11469334430198,-235.5173803094931,-179.50839802558983,6283.404432880148,4974.995567119851,5629.2,5966.58,0.9202515373009342,-0.07709011943539634,-0.08683974932855865,0.007905138339920903,6975.0,3741.0,-0.26881720430107525,0.36327185244587007,0.9059901939884887,0.8547610188751346,0.017450980392156756,0
2017-03-13,5053.0,5199.0,5053.0,5078.0,1514282066,298209,117,5107.0,5065.0,34.46287962436439,-245.12816767466393,-192.63235195540466,6293.292358976645,4899.507641023354,5596.4,5957.32,0.6152344535750294,-0.07741347905282336,-0.09601998929145106,-0.006862745098039191,6975.0,3741.0,-0.2738351254480287,0.35391606522320235,0.9050461010649704,0.8502145259949105,0.06298124383020731,1
2017-03-14,5100.0,5249.0,5100.0,5185.0,1876819848,361938,96,5078.0,5121.0,36.494083296399864,-245.39726697586957,-203.18533495949765,6292.267901269023,4842.632098730976,5567.45,5945.96,0.7252218667402967,-0.04814126394052043,-0.06225965940303979,0.01105626850937802,6975.0,3741.0,-0.2658064516129032,0.3688853247794707,0.919810685322724,0.8612570552105968,0.09548916227299364,1
2017-03-15,5216.0,5216.0,5050.0,5097.0,779854368,153014,93,5185.0,5120.0,36.472344952198874,-242.8913217904801,-211.12653232569414,6244.726223093502,4802.173776906498,5523.45,5931.46,0.31495644839025666,-0.002143831611771563,-0.09235951072504878,-0.00019527436047650504,6975.0,3741.0,-0.26594982078853047,0.3686180165731088,0.9269568838316632,0.8631938848108223,0.05605468750000009,1
2017-03-18,5120.0,5174.0,5006.0,5124.0,693374265,135324,68,5097.0,5100.0,36.01034076442907,-239.75542374733413,-216.85231061002213,6137.043588898872,4798.356411101127,5467.7,5913.36,0.31646612360920207,0.007905138339920903,-0.04672897196261683,-0.00390625,6975.0,3741.0,-0.26881720430107525,0.36327185244587007,0.9327505166706294,0.8624538333536265,0.11568627450980395,1
2017-03-25,5036.0,5198.0,5036.0,5128.0,181901534,35471,44,5124.0,5189.0,39.672539940485514,-227.46655293008553,-218.97515907403482,5999.343412892591,4833.056587107409,5416.2,5897.14,0.08868386306717507,0.017450980392156756,-0.060984437205935604,0.017450980392156756,6975.0,3741.0,-0.2560573476702509,0.3870622828120823,0.9580517706140838,0.8799180619758051,0.06610136827905189,1
2017-03-26,5200.0,5384.0,5140.0,5343.0,914722472,171213,76,5128.0,5384.0,46.84991170092216,-199.6907532535506,-215.118277909938,5929.169223467083,4851.430776532918,5390.3,5879.58,0.4671201826432193,0.06298124383020731,-0.01930783242258649,0.03757949508575842,6975.0,3741.0,-0.22810035842293908,0.4391873830526597,0.9988312338830863,0.9157116664795785,0.02916047548291223,0
2017-03-27,5595.0,5610.0,5450.0,5582.0,4090211472,732811,205,5343.0,5610.0,53.72192784177486,-157.62491871206566,-203.61960607036355,5843.945467011272,4897.554532988728,5370.75,5862.04,1.931725800278156,0.09548916227299364,0.04275092936802971,0.04197622585438343,6975.0,3741.0,-0.1956989247311828,0.4995990376904571,1.044546850998464,0.9570047287292478,-0.024064171122994638,0
2017-03-28,5647.0,5675.0,5360.0,5470.0,1899220314,347234,159,5582.0,5407.0,47.74986204534671,-139.0647928609069,-190.70864342847221,5785.1808415605165,4918.219158439483,5351.7,5834.24,0.9140349057651739,0.05605468750000009,0.05379068407717802,-0.036185383244206726,6975.0,3741.0,-0.22480286738351254,0.44533547179898425,1.0103331651624718,0.9267702391399737,0.01719992602182363,0
2017-03-29,5400.0,5705.0,5400.0,5616.0,2700813103,480920,224,5470.0,5690.0,55.223001021717394,-100.36310117853645,-172.63953497848507,5780.732910611447,4920.567089388553,5350.65,5808.54,1.2499356734843243,0.11568627450980395,0.12450592885375489,0.05233955982985017,6975.0,3741.0,-0.18422939068100358,0.5209836941994119,1.063422201040995,0.9795921178127378,0.007029876977152849,0
2017-04-03,5511.0,5718.0,5511.0,5629.0,841952551,149570,98,5616.0,5532.0,50.8501638249864,-81.50151252507203,-154.41193048780246,5772.896222623846,4923.103777376154,5348.0,5785.9,0.46590944311564053,0.06610136827905189,0.08470588235294119,-0.02776801405975393,6975.0,3741.0,-0.20688172043010752,0.4787489975942261,1.0344053851907256,0.9561174579581396,0.028561099060014472,0
2017-04-04,5515.0,5626.0,5413.0,5479.0,418125917,76316,64,5629.0,5541.0,51.08775538205611,-65.07717369372403,-136.5449791289868,5763.162070955535,4926.637929044465,5344.9,5767.34,0.24567245979083588,0.02916047548291223,0.09397828232971372,0.0016268980477223138,6975.0,3741.0,-0.20559139784946237,0.48115477145148355,1.0366891803401375,0.960754871396519,0.017866811044937814,0
2017-04-05,5599.0,5599.0,5341.0,5433.0,729920407,134343,85,5479.0,5475.0,49.20912775105743,-56.73243901168553,-120.58247110552655,5764.682998939367,4926.517001060633,5345.6,5752.44,0.4476073830579358,-0.024064171122994638,0.06912712360867013,-0.011911207363291876,6975.0,3741.0,-0.21505376344086022,0.46351242983159585,1.0242068243041005,0.9517700314996768,0.033607305936073084,0
2017-04-08,5590.0,5590.0,5401.0,5458.0,1347705973,246906,106,5433.0,5500.0,49.95975456049113,-47.553715952975836,-105.97672007501642,5741.969620246726,4935.130379753275,5338.55,5745.34,0.8426915097053927,0.01719992602182363,0.07421875,0.004566210045662045,6975.0,3741.0,-0.2114695340501792,0.4701951349906442,1.0302422942559308,0.9572975663755321,0.0,0
2017-04-09,5540.0,5730.0,5500.0,5690.0,5847908427,1027722,287,5458.0,5730.0,56.35099632601641,-21.47290767674349,-89.07595759536184,5795.641075006116,4919.4589249938845,5357.55,5744.86,3.1804390935896194,0.007029876977152849,0.12352941176470589,0.041818181818181754,6975.0,3741.0,-0.17849462365591398,0.5316760224538893,1.0695187165775402,0.9974133399247328,-0.0570680628272251,0
2017-04-10,5793.0,5895.0,5690.0,5750.0,3822677105,664770,279,5690.0,5690.0,55.03450583984152,-3.9854036691349393,-72.05784681011646,5821.9126354711825,4909.5873645288175,5365.75,5737.78,1.9106926444067251,0.028561099060014472,0.09655039506648677,-0.006980802792321161,6975.0,3741.0,-0.18422939068100358,0.5209836941994119,1.0604295764804548,0.9916727375396059,-0.05096660808435849,0
2017-04-12,5515.0,5688.0,5473.0,5545.0,3239516358,584175,217,5750.0,5640.0,53.35648243910325,5.772445951290138,-56.49178825783515,5842.093630648871,4904.406369351129,5373.25,5725.4,1.5948746692104212,0.017866811044937814,0.04754829123328386,-0.008787346221441172,6975.0,3741.0,-0.1913978494623656,0.5076182838813151,1.0496440701623784,0.9850840115974431,-0.05319148936170215,0
2017-04-15,5700.0,5785.0,5650.0,5683.0,4422462426,778231,209,5545.0,5659.0,53.93130934870873,14.867371483516763,-42.21995630956477,5872.336516869237,4902.0634831307625,5387.2,5707.3,1.9495523936365757,0.033607305936073084,0.00873440285204996,0.0033687943262410425,6975.0,3741.0,-0.18867383512544803,0.5126971398021919,1.0504529254529256,0.991537154170974,-0.006184838310655638,0
2017-04-16,5600.0,5606.0,5451.0,5511.0,1800699931,326764,172,5683.0,5500.0,48.540228787530665,9.13983597191691,-31.947997853268433,5878.315748706226,4932.984251293773,5405.65,5691.4,0.8861483122275905,0.0,0.01719992602182363,-0.028096836896978283,6975.0,3741.0,-0.2114695340501792,0.4701951349906442,1.0174539602083006,0.9663703131039815,0.021818181818181737,0
2017-04-17,5455.0,5580.0,5400.0,5426.0,1602648099,295383,126,5511.0,5403.0,45.54884898090355,-3.1895988132046114,-26.19631804525567,5868.157204949038,4977.442795050963,5422.8,5667.54,0.7925771442102516,-0.0570680628272251,-0.050439367311072014,-0.017636363636363672,6975.0,3741.0,-0.2253763440860215,0.4442662389735365,0.99634874972339,0.9533236642352767,0.07717934480843969,1
2017-04-18,5427.0,5543.0,5332.0,5400.0,849832514,157365,90,5426.0,5400.0,45.45554700720861,-13.052379926184585,-23.567530421441454,5858.165364891091,5017.43463510891,5437.8,5647.24,0.4397095762467135,-0.05096660808435849,-0.02386117136659438,-0.0005552470849528035,6975.0,3741.0,-0.22580645161290322,0.44346431435445066,0.9930486593843098,0.9562193212967751,0.05333333333333323,1
2017-04-19,5339.0,5470.0,5338.0,5357.0,1324479571,247259,107,5400.0,5340.0,43.5348233327043,-25.417209801867102,-23.937466297526584,5838.9358412487745,5064.164158751226,5451.55,5625.18,0.6958447409490357,-0.05319148936170215,-0.03627504060638875,-0.011111111111111072,6975.0,3741.0,-0.23440860215053763,0.42742582197273454,0.9795379295796608,0.9493029556387529,0.0730337078651686,1
2017-04-22,5519.0,5624.0,5356.0,5583.0,2815273130,504289,191,5357.0,5624.0,53.54159650653642,-12.159829108434678,-21.581938859708206,5839.512403316125,5113.887596683875,5476.7,5614.76,1.3913186225010623,-0.006184838310655638,0.027214611872146133,0.05318352059925102,6975.0,3741.0,-0.19369175627240143,0.5033413525795242,1.0268957583946539,1.0016456625038292,0.04516358463726888,0
2017-04-23,5771.0,5771.0,5611.0,5725.0,3487883337,609281,168,5583.0,5620.0,53.398059075071735,-1.9535071508062174,-17.656252517927808,5830.018199312837,5173.3818006871625,5501.7,5601.56,1.5814498685133844,0.021818181818181737,0.021818181818181737,-0.0007112375533427917,6975.0,3741.0,-0.19426523297491038,0.5022721197540765,1.0215024446989114,1.0032919401024,0.04270462633451966,0
2017-04-24,5510.0,5843.0,5505.0,5778.0,4009087867,693863,202,5725.0,5820.0,59.27663578619451,22.019577085521632,-9.721086597237921,5838.697076397806,5236.702923602194,5537.7,5594.96,1.6792656626676603,0.07717934480843969,0.015706806282722585,0.03558718861209975,6975.0,3741.0,-0.16559139784946236,0.5557337610264635,1.0509778427867165,1.0402219140083218,-0.029209621993127155,0
2017-04-26,5799.0,5799.0,5625.0,5670.0,1724017043,304034,145,5778.0,5688.0,54.399223125262566,30.021058158592496,-1.7726576460718375,5824.009732935332,5301.290267064667,5562.65,5589.32,0.7126535417908738,0.05333333333333323,-0.00035149384885768686,-0.02268041237113405,6975.0,3741.0,-0.18451612903225806,0.520449077786688,1.0225342237962123,1.0176550993680806,-0.031118143459915593,0
2017-04-29,5603.0,5760.0,5490.0,5609.0,1673783577,298404,146,5670.0,5730.0,55.649663297618446,39.29833184081599,6.441540251305728,5837.49570468177,5322.40429531823,5579.95,5584.3,0.6891833840667742,0.0730337078651686,0.015957446808510634,0.007383966244725704,6975.0,3741.0,-0.17849462365591398,0.5316760224538893,1.0268909219616664,1.0260910051394088,0.013438045375218088,0
2017-04-30,5705.0,5880.0,5705.0,5811.0,3770968375,648891,246,5609.0,5878.0,59.829811279035866,57.925274676280424,16.73828713630067,5881.790132436578,5304.909867563423,5593.35,5581.86,1.5133213304538862,0.04516358463726888,0.038699416858102076,0.025828970331588152,6975.0,3741.0,-0.15727598566308243,0.5712376369954557,1.0508907899559297,1.0530539999211732,-0.04014971078598162,0
2017-05-01,5800.0,5940.0,5800.0,5878.0,1585855298,269781,136,5811.0,5860.0,59.10022054479844,70.42301878182934,27.475233465406404,5913.356351874367,5318.643648125633,5616.0,5578.06,0.6349082701214259,0.04270462633451966,0.06545454545454543,-0.003062266076896858,6975.0,3741.0,-0.15985663082437276,0.566426089280941,1.0434472934472934,1.0505444545236156,-0.0552901023890785,0
2017-05-02,5900.0,5900.0,5585.0,5647.0,1671041135,295902,163,5878.0,5650.0,51.24835146532854,62.66002035988822,34.51219084430277,5909.872945704794,5318.127054295206,5614.0,5568.3,0.7118805174727715,-0.029209621993127155,0.04571534332778082,-0.03583617747440271,6975.0,3741.0,-0.18996415770609318,0.5102913659449345,1.0064125400783754,1.0146723416482588,-0.06513274336283181,0
2017-05-03,5600.0,5799.0,5511.0,5587.0,945416923,169203,88,5647.0,5511.0,46.81484145003617,44.77550569472169,36.56485381438656,5910.125688776911,5315.774311223088,5612.95,5561.22,0.4061091948739944,-0.031118143459915593,0.02055555555555566,-0.024601769911504423,6975.0,3741.0,-0.20989247311827958,0.4731355252606255,0.9818366456141602,0.9909696073883069,-0.03012157503175472,0
2017-05-06,5784.0,5866.0,5610.0,5826.0,5458496729,936957,254,5587.0,5807.0,55.61965328230325,53.865694994723526,40.025022050453956,5933.009759421005,5319.490240578995,5626.25,5562.94,2.0382980496160177,0.013438045375218088,0.08745318352059916,0.05371076029758659,6975.0,3741.0,-0.1674551971326165,0.5522587543437584,1.0321261941790714,1.0438724846933456,-0.0595832615808507,0
2017-05-07,5815.0,5815.0,5642.0,5696.0,521316123,91522,67,5826.0,5642.0,50.591757112116184,47.21139094207774,41.462295828778714,5933.4259694203865,5335.774030579614,5634.6,5561.78,0.20003274065749274,-0.04014971078598162,0.003200568990042729,-0.028413983123816045,6975.0,3741.0,-0.19111111111111112,0.508152900294039,1.0013133141660455,1.014423439977849,-0.07834101382488479,0
2017-05-08,5633.0,5660.0,5500.0,5560.0,1175572763,211439,60,5696.0,5536.0,47.61393530971527,33.004042855906846,39.77064523420434,5932.381350763918,5340.418649236081,5636.4,5552.5,0.4639244078731925,-0.0552901023890785,-0.014946619217081847,-0.01878766394895426,6975.0,3741.0,-0.20630824372759857,0.47981823041967386,0.9821872116954085,0.9970283656010805,-0.09537572254335258,0
2017-05-09,5457.0,5466.0,5282.0,5329.0,2918878052,547773,178,5560.0,5282.0,41.335459232996456,1.2347069723728055,32.06345758183804,5944.099378975532,5283.900621024468,5614.0,5533.84,1.2686852525787797,-0.06513274336283181,-0.09243986254295533,-0.04588150289017345,6975.0,3741.0,-0.24272401433691757,0.4119219460037423,0.9408621303883149,0.9544909140849753,-0.030859522907989434,0
2017-05-10,5293.0,5421.0,5274.0,5317.0,1468720767,276214,123,5329.0,5345.0,43.33142893316233,-18.64422805857157,21.921920453756115,5944.733261091725,5248.766738908275,5596.75,5516.36,0.6698752111442959,-0.03012157503175472,-0.06030239099859358,0.011927300265051066,6975.0,3741.0,-0.23369175627240144,0.42876236300454423,0.9550185375441104,0.9689360375319958,-0.03835360149672595,0
2017-05-13,5270.0,5461.0,5164.0,5231.0,849889771,162457,88,5317.0,5461.0,46.912961392234784,-24.752861167617993,12.586964129481295,5940.054794147689,5235.5452058523115,5587.8,5507.54,0.4152249223387773,-0.0595832615808507,-0.04694589877835953,0.02170252572497655,6975.0,3741.0,-0.21706093189964157,0.45977011494252873,0.9773077060739468,0.9915497663203535,-0.06555575901849475,0
2017-05-14,5222.0,5369.0,5100.0,5188.0,775908112,149563,82,5231.0,5200.0,40.682733199245014,-50.07725621125701,0.05412006133363434,5953.489305783692,5176.210694216309,5564.85,5491.52,0.41566384264009615,-0.07834101382488479,-0.11534535556311676,-0.047793444424098164,6975.0,3741.0,-0.25448028673835127,0.3900026730820636,0.9344366874219431,0.9469145154711263,-0.02115384615384619,0
2017-05-15,5271.0,5271.0,4929.0,5006.0,1935993374,386762,179,5188.0,5008.0,36.80996168596848,-84.66386479289667,-16.889476909512428,5998.284005287847,5082.215994712153,5540.25,5475.92,1.065997164962732,-0.09537572254335258,-0.14539249146757682,-0.03692307692307695,6975.0,3741.0,-0.2820071684587814,0.338679497460572,0.9039303280537881,0.9145495186197022,0.017771565495207753,0
2017-05-16,4960.0,5195.0,4960.0,5142.0,1584968997,308259,116,5006.0,5119.0,40.34554494458723,-101.94210382645542,-33.90000229290103,6016.673470698282,5035.426529301719,5526.05,5464.08,0.8481214898218763,-0.030859522907989434,-0.09398230088495574,0.02216453674121399,6975.0,3741.0,-0.2660931899641577,0.3683507083667469,0.9263397906280254,0.9368457270025329,-0.02520023442078534,0
2017-05-17,5229.0,5229.0,5079.0,5103.0,628402880,123153,81,5142.0,5140.0,41.01792296997587,-112.6422386382028,-49.648449561961385,6029.44576876658,4996.65423123342,5513.05,5455.18,0.34043648339752586,-0.03835360149672595,-0.06731990564325896,0.004102363742918502,6975.0,3741.0,-0.2630824372759857,0.3739641807003475,0.9323332819401239,0.9422237213070879,-0.051556420233463074,0
2017-05-20,5200.0,5318.0,5100.0,5151.0,1417178271,275120,129,5103.0,5103.0,40.15906503091052,-122.69342985950698,-64.25744562147051,6043.179556810057,4959.220443189943,5501.2,5445.18,0.7576071543097237,-0.06555575901849475,-0.1212329946616153,-0.007198443579766511,6975.0,3741.0,-0.26838709677419353,0.3640737770649559,0.9276157929179089,0.9371591021784403,-0.0468351949833431,0
2017-05-21,5150.0,5150.0,5000.0,5056.0,739491907,146254,59,5151.0,5090.0,39.84339718856928,-130.2071160886262,-77.44737971490166,6041.678455162063,4907.321544837937,5474.5,5437.76,0.42362797530772656,-0.02115384615384619,-0.097837646224743,-0.0025475210660396153,6975.0,3741.0,-0.27025089605734764,0.36059877038225074,0.9297652753676134,0.9360471959041958,-0.007858546168958758,0
2017-05-22,5056.0,5200.0,5004.0,5054.0,1151130264,227756,129,5056.0,5097.0,40.11635426140006,-134.05166095658296,-88.76823596323793,6034.202635054263,4862.497364945738,5448.35,5426.88,0.698283861237866,0.017771565495207753,-0.07929913294797686,0.0013752455795676966,6975.0,3741.0,-0.26924731182795697,0.3624699278267843,0.9355125863793625,0.939213691845038,-0.003335295271728489,0
2017-05-29,4700.0,4990.0,4700.0,4856.0,27564100,5803,3,4874.0,4990.0,37.32818972233171,-144.07172703881042,-99.82893417835244,5999.07167302457,4814.62832697543,5406.85,5419.68,0.019889475115620642,-0.02520023442078534,-0.055282090117379834,-0.020992740827938006,6975.0,3741.0,-0.2845878136200717,0.3338679497460572,0.9229033540786225,0.9207185664098249,0.002004008016031955,0
2017-05-30,4979.0,4980.0,4864.0,4930.0,615237385,124807,48,4856.0,4875.0,34.54892315554463,-159.45415229367518,-111.753977801417,5986.587491814606,4745.812508185393,5366.2,5406.66,0.4413244649064183,-0.051556420233463074,-0.087932647333957,-0.023046092184368705,6975.0,3741.0,-0.3010752688172043,0.30312750601443467,0.9084640900450971,0.9016657233856022,-0.0006153846153845732,0
2017-05-31,4930.0,4977.0,4853.0,4917.0,647570506,131707,57,4930.0,4864.0,34.285963476696665,-170.56626151280034,-123.51643454369368,5956.423448658386,4689.376551341613,5322.9,5394.14,0.4798660964202689,-0.0468351949833431,-0.10932063724592567,-0.002256410256410213,6975.0,3741.0,-0.30265232974910394,0.30018711574445334,0.913787596986605,0.9017192731371451,0.00328947368421062,0
2017-06-03,5000.0,5162.0,5000.0,5091.0,1099822405,216012,97,4917.0,5050.0,42.28517159837116,-162.4909480917404,-131.311337253303,5871.215015918718,4691.784984081282,5281.5,5387.54,0.8544028174740984,-0.007858546168958758,-0.028846153846153855,0.038240131578947345,6975.0,3741.0,-0.27598566308243727,0.34990644212777333,0.9561677553725267,0.9373480289705506,-0.04792079207920796,0
2017-06-06,5150.0,5249.0,5070.0,5174.0,638818118,123457,55,5091.0,5080.0,43.480211411255624,-151.9192244929991,-135.43291470124223,5774.353175227911,4710.646824772089,5242.5,5386.52,0.5028675470253273,-0.003335295271728489,0.01437699680511173,0.005940594059405946,6975.0,3741.0,-0.2716845878136201,0.35792568831863136,0.9690033381020505,0.9430949852594995,-0.029527559055118058,0
2017-06-07,5095.0,5095.0,4916.0,4966.0,986545408,198669,88,5174.0,5000.0,41.03985001719114,-148.28702823195636,-138.00373740738507,5717.141794767508,4702.858205232492,5210.0,5385.32,0.8255710138218495,0.002004008016031955,-0.023246727876538364,-0.015748031496062964,6975.0,3741.0,-0.2831541218637993,0.33654103180967654,0.9596928982725528,0.9284499342657447,-0.010399999999999965,0
2017-06-10,5040.0,5145.0,4872.0,4954.0,144326465,29135,27,4966.0,4872.0,37.420909054204586,-153.96223596781238,-141.19543711947054,5685.8276974228065,4670.272302577194,5178.05,5380.76,0.1246998867279045,-0.0006153846153845732,-0.05214007782101171,-0.025599999999999956,6975.0,3741.0,-0.30150537634408603,0.3023255813953488,0.9408947383667596,0.9054483009835042,-0.007389162561576401,0
2017-06-11,4900.0,4950.0,4865.0,4868.0,155649695,31975,13,4954.0,4880.0,37.790141323013046,-156.0158917612298,-144.1595280478224,5565.169768265337,4698.230231734663,5131.7,5377.06,0.1697260258339201,0.00328947368421062,-0.043699784440525136,0.0016420361247948545,6975.0,3741.0,-0.3003584229390681,0.3044640470462443,0.9509519262622523,0.9075591494236627,-0.05799180327868847,0
2017-06-12,4865.0,5000.0,4625.0,4916.0,177070327,36020,34,4868.0,4808.0,35.74593711199631,-161.59051220608671,-147.64572487947527,5477.06020203581,4702.93979796419,5090.0,5370.8,0.1940557627477046,-0.04792079207920796,-0.05540275049115917,-0.014754098360655776,6975.0,3741.0,-0.3106810035842294,0.28521785618818496,0.9445972495088408,0.8952111417293512,-0.035981697171381,0
2017-06-13,4900.0,5000.0,4800.0,4922.0,186442789,37883,26,4916.0,4930.0,41.51859207113952,-154.38441127591977,-148.99346215876417,5393.586268061447,4725.813731938552,5059.7,5367.0,0.2141020956663301,-0.029527559055118058,-0.03276437119874431,0.02537437603993342,6975.0,3741.0,-0.2931899641577061,0.3178294573643411,0.9743660691345337,0.9185764859325508,-0.0730223123732252,0
2017-06-14,4949.0,4955.0,4850.0,4911.0,505414255,102911,26,4922.0,4948.0,42.341657792876084,-145.543341757686,-148.30343807854854,5363.899361171068,4722.100638828932,5043.0,5363.96,0.6652473224071621,-0.010399999999999965,-0.0084168336673347,0.0036511156186611604,6975.0,3741.0,-0.2906093189964158,0.3226410050788559,0.9811620067420186,0.9224528147115191,-0.05012126111560222,0
2017-06-17,4835.0,4948.0,4801.0,4838.0,368927183,76259,31,4911.0,4836.0,38.69264554417542,-145.8924372433139,-147.8212379115016,5318.738628603402,4716.361371396599,5017.55,5356.9,0.5270214329006393,-0.007389162561576401,-0.008000000000000007,-0.022635408245755828,6975.0,3741.0,-0.30666666666666664,0.29270248596631915,0.9638170023218503,0.9027609251619407,-0.050661703887510345,0
2017-06-18,4838.0,4900.0,4597.0,4662.0,1574524069,337712,86,4838.0,4597.0,32.29638754899014,-163.56888029053334,-150.97076638730798,5255.939257607593,4692.760742392407,4974.35,5341.16,2.2006394464777173,-0.05799180327868847,-0.054893092105263164,-0.0494210090984285,6975.0,3741.0,-0.34093189964157705,0.22881582464581662,0.9241408425221385,0.860674460229613,0.058081357407004486,1
2017-06-19,4611.0,4800.0,4611.0,4716.0,221629868,46991,39,4662.0,4635.0,34.16000895462659,-172.5225735008562,-155.2811278100176,5244.342116408789,4647.857883591212,4946.1,5321.66,0.3167955721024929,-0.035981697171381,-0.08217821782178214,0.008266260604742115,6975.0,3741.0,-0.33548387096774196,0.23897353648757017,0.937101959119306,0.8709688330333016,0.08349514563106797,1
2017-06-20,4556.0,4601.0,4556.0,4575.0,560778346,122576,70,4716.0,4570.0,32.51147836616458,-182.75669127531637,-160.77624050307736,5262.658032848966,4585.741967151033,4924.2,5304.92,0.9071441971922607,-0.0730223123732252,-0.10039370078740162,-0.014023732470334394,6975.0,3741.0,-0.34480286738351257,0.22159850307404438,0.9280695341375249,0.8614644518673231,0.12013129102844644,1
2017-06-21,4581.0,4700.0,4462.0,4590.0,287523679,62642,48,4575.0,4700.0,38.86591601030179,-178.32180701000289,-164.2853538044625,5242.752503672639,4563.747496327361,4903.25,5285.12,0.5099391820882254,-0.05012126111560222,-0.06000000000000005,0.02844638949671774,6975.0,3741.0,-0.32616487455197135,0.25634856990109595,0.9585479019017998,0.889289174134173,0.0851063829787233,1
2017-06-24,4600.0,4763.0,4550.0,4633.0,517382590,111667,46,4590.0,4591.0,35.82049965363821,-181.51018193592608,-167.7303194307552,5222.985598779656,4528.614401220344,4875.8,5266.3,0.9132985135906592,-0.050661703887510345,-0.057676518883415406,-0.023191489361702122,6975.0,3741.0,-0.3417921146953405,0.227211975407645,0.9415890725624513,0.8717695535765148,0.09932476584622085,1
2017-06-25,4650.0,4864.0,4650.0,4783.0,622240152,130091,84,4633.0,4864.0,47.01812482236622,-160.1619265994168,-166.21664086448752,5195.015381644863,4532.684618355138,4863.85,5252.76,1.1310652789799014,0.058081357407004486,-0.003278688524590123,0.059464169026355984,6975.0,3741.0,-0.30265232974910394,0.30018711574445334,1.0000308397668514,0.9259893846282716,-0.0028782894736841813,0
2017-06-28,4890.0,5022.0,4890.0,5003.0,718330365,143593,46,4783.0,5022.0,52.21454696938977,-129.00688977908158,-158.77469064740635,5183.556468520807,4537.343531479192,4860.45,5243.7,1.2499031626006565,0.08349514563106797,0.044509151414309445,0.03248355263157898,6975.0,3741.0,-0.28,0.34242181234963914,1.0332376631793352,0.9577206934035128,0.03006770211071297,0
2017-07-01,5253.0,5253.0,4981.0,5050.0,3262999257,646124,121,5003.0,5119.0,55.124498439351264,-95.38961717307393,-146.09767595253987,5188.002737773767,4535.097262226233,4861.55,5236.08,4.7578491285455184,0.12013129102844644,0.038336713995943184,0.019315013938669745,6975.0,3741.0,-0.2660931899641577,0.3683507083667469,1.0529563616542048,0.9776397610426121,0.05176792342254344,1
2017-07-02,5134.0,5228.0,5080.0,5152.0,2126518018,412773,137,5050.0,5100.0,54.42536839487504,-69.47990653106626,-130.77412206824516,5205.461273452863,4528.638726547138,4867.05,5223.48,2.643435615196138,0.0851063829787233,0.03071948261924007,-0.003711662434069174,6975.0,3741.0,-0.26881720430107525,0.36327185244587007,1.0478626683514654,0.9763605871947438,0.06470588235294117,1
2017-07-03,5180.0,5180.0,4911.0,5026.0,227626377,45293,32,5152.0,5047.0,52.42788753689073,-52.616402107488284,-115.1425780760938,5223.054821497901,4528.2451785020985,4875.65,5210.62,0.29763856625124446,0.09932476584622085,0.04363110008271298,-0.010392156862745083,6975.0,3741.0,-0.276415770609319,0.34910451750868754,1.0351440320777743,0.9685987464063778,0.06994254012284529,1
2017-07-04,5047.0,5047.0,4850.0,4927.0,836666945,169824,61,5026.0,4850.0,45.7122279025821,-54.51973736414311,-103.01800993370367,5222.50228383653,4527.397716163469,4874.95,5194.82,1.1021781817084397,-0.0028782894736841813,0.0550358929736785,-0.0390330889637408,6975.0,3741.0,-0.3046594982078853,0.29644480085538627,0.9948819987897312,0.9336223391763334,0.10206185567010317,1
2017-07-05,5040.0,5173.0,4800.0,5128.0,3742890652,729905,163,4927.0,5173.0,55.725969065871745,-29.62326513087646,-88.33906097313823,5244.802570791009,4517.3974292089915,4881.1,5185.1,4.060102906410791,0.03006770211071297,0.11607335490830639,0.0665979381443298,6975.0,3741.0,-0.25835125448028673,0.38278535151029136,1.059802093790334,0.9976663902335537,0.04388169340808035,0
2017-07-08,5384.0,5384.0,5384.0,5384.0,1741266360,323415,54,5128.0,5384.0,60.81130616931899,7.052013856791746,-69.26084600715224,5313.462845900723,4479.137154099278,4896.3,5182.78,1.7042212033435755,0.05176792342254344,0.17811816192560181,0.04078871061279732,6975.0,3741.0,-0.22810035842293908,0.4391873830526597,1.0996058248064864,1.038824723410988,-0.006315007429420483,0
2017-07-09,5550.0,5550.0,5360.0,5429.0,3629987848,668573,234,5384.0,5430.0,61.84035288927228,39.37535763508731,-47.533605278704336,5394.237026268941,4441.362973731059,4917.8,5183.32,3.1348945294678385,0.06470588235294117,0.15531914893617027,0.008543833580980653,6975.0,3741.0,-0.221505376344086,0.45148356054530875,1.104152263207125,1.0475911192054514,0.03904235727440142,0
2017-07-10,5486.0,5590.0,5390.0,5480.0,1809782641,330232,145,5429.0,5400.0,60.72050816578406,61.858030308850175,-25.65527816119343,5464.092527355408,4424.307472644592,4944.2,5183.32,1.4463373042438352,0.06994254012284529,0.1762143323894576,-0.0055248618784530246,6975.0,3741.0,-0.22580645161290322,0.44346431435445066,1.092188827312811,1.0418033229667472,0.022222222222222143,0
2017-07-11,5383.0,5500.0,5345.0,5382.0,1568246368,291372,92,5480.0,5345.0,58.62450862777998,74.3802606907575,-5.648170390803244,5514.65178179534,4420.24821820466,4967.45,5183.42,1.2075453556840487,0.10206185567010317,0.09888980263157898,-0.010185185185185186,6975.0,3741.0,-0.23369175627240144,0.42876236300454423,1.0760047911906512,1.031172469141995,0.01889616463985022,0
2017-07-12,5479.0,5479.0,5255.0,5328.0,1509776887,283375,67,5382.0,5400.0,60.10747727589068,87.73095103908054,13.027653895173511,5569.98995322372,4424.110046776281,4997.05,5178.94,1.1171425749885033,0.04388169340808035,0.07526881720430101,0.010289990645462987,6975.0,3741.0,-0.22580645161290322,0.44346431435445066,1.0806375761699403,1.0426844103233481,0.0020370370370370594,0
2017-07-15,5400.0,5466.0,5320.0,5374.0,992448129,184669,67,5328.0,5350.0,58.06981934912773,93.2025067132472,29.06262445878825,5610.0903617997665,4426.009638200234,5018.05,5173.54,0.7075444679374336,-0.006315007429420483,0.04512600117210397,-0.0092592592592593,6975.0,3741.0,-0.23297491039426524,0.4300989040363539,1.0661511941889779,1.034108173513687,-0.009345794392523366,0
2017-07-16,5400.0,5642.0,5398.0,5586.0,6328835237,1132951,205,5374.0,5642.0,65.43854413329225,119.72064854670225,47.194229276371054,5702.809035780599,4402.690964219401,5052.75,5169.98,3.625421737503314,0.03904235727440142,0.1062745098039215,0.05457943925233644,6975.0,3741.0,-0.19111111111111112,0.508152900294039,1.116619662559992,1.09130015976851,-0.04466501240694787,0
2017-07-17,5643.0,5790.0,5500.0,5591.0,2616544311,467961,127,5586.0,5520.0,60.643306458891765,129.40043888862147,63.635471198821136,5759.38333498571,4414.51666501429,5086.95,5166.62,1.4091520308160257,0.022222222222222143,0.09371904101446393,-0.021623537752569977,6975.0,3741.0,-0.2086021505376344,0.4755412991178829,1.0851295963199954,1.068396746809326,-0.04021739130434787,0
2017-07-18,5371.0,5599.0,5320.0,5355.0,2606944421,486802,131,5591.0,5446.0,57.87311406069427,129.60653743128023,76.82968444531295,5779.578252481584,4479.221747518415,5129.4,5160.94,1.4337041913439434,0.01889616463985022,0.12288659793814438,-0.01340579710144929,6975.0,3741.0,-0.21921146953405019,0.4557604918470997,1.0617226186298594,1.0552341240161678,-0.03452074917370551,0
2017-07-19,5500.0,5599.0,5366.0,5489.0,1101422806,200646,62,5355.0,5411.0,56.55717500232934,125.49899027887568,86.56354561202551,5787.621859478667,4548.778140521333,5168.2,5151.6,0.5778571885254541,0.0020370370370370594,0.046008119079837595,-0.006426735218509005,6975.0,3741.0,-0.2242293906810036,0.446404704624432,1.0469796060523975,1.050353288298781,-0.02975420439844756,0
2017-07-22,5265.0,5470.0,5215.0,5271.0,2571118362,487745,158,5489.0,5300.0,52.48145439318235,111.99593777737573,91.65002404509556,5761.709910145244,4647.690089854756,5204.7,5140.4,1.334522993088728,-0.009345794392523366,-0.015601783060921193,-0.020513768249861397,6975.0,3741.0,-0.24014336917562723,0.41673349371825713,1.0183103733164256,1.0310481674577854,-0.028301886792452824,0
2017-07-23,5393.0,5490.0,5310.0,5365.0,1927497533,359278,131,5271.0,5390.0,55.29453104303757,107.31980333571755,94.78397990321996,5750.4942792561005,4727.905720743899,5239.2,5135.2,0.9446866928143277,-0.04466501240694787,-0.007366482504604033,0.016981132075471805,6975.0,3741.0,-0.22724014336917564,0.44079123229083134,1.028783020308444,1.049618320610687,-0.05565862708719849,0
2017-07-24,5331.0,5450.0,5100.0,5310.0,1538511446,289716,109,5365.0,5298.0,51.911455956096965,95.0941161995379,94.84600716248355,5690.581477174526,4858.518522825474,5274.55,5130.94,0.7443561674737145,-0.04021739130434787,-0.018888888888888844,-0.017068645640074265,6975.0,3741.0,-0.2404301075268817,0.4161988773055333,1.004445876899451,1.0325593361060548,-0.033597583993959956,0
2017-07-25,5300.0,5300.0,5170.0,5227.0,616754986,117997,70,5310.0,5258.0,50.46574007497098,81.2410095692021,92.12500764382726,5665.5643546915735,4922.9356453084265,5294.25,5119.96,0.3036368904527444,-0.03452074917370551,-0.01627689429373247,-0.0075500188750471375,6975.0,3741.0,-0.24616487455197134,0.4055065490510559,0.9931529489540539,1.0269611481339698,-0.015214910612400101,0
2017-07-26,5170.0,5400.0,5170.0,5283.0,964516443,182560,79,5227.0,5250.0,50.16483204068218,68.82343588937601,87.46469329293701,5656.252495712766,4955.047504287233,5305.65,5112.12,0.46743072232973865,-0.02975420439844756,-0.02777777777777779,-0.001521491061239999,6975.0,3741.0,-0.24731182795698925,0.4033680834001604,0.9895111814763508,1.026971197859205,0.0005714285714286671,0
2017-07-29,5400.0,5400.0,5150.0,5179.0,346647757,66938,36,5283.0,5150.0,46.43747948648744,50.3330469847906,80.03836403130774,5654.748903033833,4959.651096966167,5307.2,5104.4,0.18511551052436903,-0.028301886792452824,-0.03738317757009346,-0.01904761904761909,6975.0,3741.0,-0.2616487455197133,0.37663726276396686,0.9703798613204704,1.0089334691638587,-0.000970873786407811,0
2017-07-30,5130.0,5200.0,5000.0,5070.0,808538790,159486,80,5179.0,5090.0,44.31012427247559,30.486354287638278,70.12796208257386,5655.466454808974,4957.933545191026,5306.7,5100.56,0.45706258065570016,-0.05565862708719849,-0.097837646224743,-0.011650485436893177,6975.0,3741.0,-0.27025089605734764,0.36059877038225074,0.9591648293666497,0.9979296390984519,-0.003929273084479323,0
2017-07-31,5026.0,5130.0,5020.0,5059.0,541001816,106931,47,5070.0,5120.0,45.650786351369,16.98269072961193,59.498907811981475,5649.565727819364,4971.134272180637,5310.35,5096.06,0.30376502618610146,-0.033597583993959956,-0.07246376811594202,0.005893909626718985,6975.0,3741.0,-0.26594982078853047,0.3686180165731088,0.9641549050439235,1.0046977468868106,0.0048828125,0
2017-08-01,5180.0,5197.0,5120.0,5176.0,788863244,152409,59,5059.0,5178.0,48.24489233363135,10.83614303338436,49.766354856262055,5600.812675313553,5052.687324686447,5326.75,5090.4,0.4340306033309882,-0.015214910612400101,-0.04921042967315459,0.011328124999999911,6975.0,3741.0,-0.25763440860215053,0.38412189254210105,0.972074904960811,1.0172088637435173,-0.028582464271919683,0
2017-08-02,5150.0,5253.0,5052.0,5164.0,978391068,189471,67,5176.0,5253.0,51.470546506157056,11.879888934819064,42.18906167197346,5597.969666192484,5063.530333807516,5330.75,5091.46,0.5845590770389387,0.0005714285714286671,-0.029199778229532458,0.014484356894553851,6975.0,3741.0,-0.24688172043010753,0.4041700080192462,0.9854148102987385,1.031727638044883,-0.04835332191128883,0
2017-08-06,5268.0,5280.0,5077.0,5133.0,1240051853,241567,98,5164.0,5145.0,46.934247981478336,3.946870607627716,34.54062345910431,5596.592440501936,5041.007559498064,5318.8,5094.2,0.754816793655798,-0.000970873786407811,-0.029245283018867974,-0.02055968018275267,6975.0,3741.0,-0.2623655913978495,0.37530072173215717,0.9673234564187411,1.009972125161949,-0.039650145772594736,0
2017-08-07,5060.0,5194.0,5060.0,5105.0,738055433,144567,69,5133.0,5070.0,44.03200668943944,-8.296341706925887,25.973230425898272,5593.681955743299,5007.918044256701,5300.8,5093.22,0.4920028730541924,-0.003929273084479323,-0.05936920222634512,-0.014577259475218707,6975.0,3741.0,-0.2731182795698925,0.35525260625501204,0.9564594023543616,0.9954409980326787,-0.046745562130177554,0
2017-08-08,5190.0,5190.0,5100.0,5112.0,83858116,16403,17,5105.0,5145.0,47.52638047393284,-11.811150879788329,18.416354164760953,5584.725226468303,4991.374773531697,5288.05,5093.32,0.05897343157564727,0.0048828125,-0.02887882219705551,0.014792899408283988,6975.0,3741.0,-0.2623655913978495,0.37530072173215717,0.9729484403513582,1.0101466234204801,-0.07094266277939743,0
2017-08-09,5100.0,5219.0,5030.0,5069.0,1018564071,200941,96,5112.0,5030.0,43.08445297019118,-23.604107914025917,10.012261749003581,5588.042363328106,4956.557636671894,5272.3,5091.86,0.7343780522413056,-0.028582464271919683,-0.043362495245340416,-0.02235179786200192,6975.0,3741.0,-0.27885304659498206,0.3445602780005346,0.954042827608444,0.9878511977941263,-0.026043737574552694,0
2017-08-12,5100.0,5210.0,4951.0,5036.0,1034619744,205455,84,5069.0,4999.0,41.94635540344267,-35.04754595607665,1.0003002079875358,5583.554014464081,4920.945985535919,5252.25,5090.04,0.7617212590692025,-0.04835332191128883,-0.04780952380952386,-0.006163021868787255,6975.0,3741.0,-0.28329749103942653,0.33627372360331464,0.9517825693750297,0.9821140894767035,0.010202040408081592,0
2017-08-13,4950.0,4999.0,4941.0,4953.0,299758718,60518,37,5036.0,4941.0,39.826612160494236,-48.240580935392245,-8.847876020688421,5586.135772961205,4877.464227038796,5231.8,5086.92,0.22965492561962775,-0.039650145772594736,-0.04058252427184461,-0.011602320464092819,6975.0,3741.0,-0.29161290322580646,0.32076984763432237,0.9444168355059444,0.971314665848883,-0.030560615260068813,0
2017-08-14,4911.0,4938.0,4800.0,4885.0,2466591289,504945,103,4953.0,4833.0,36.162046766019614,-66.64263875752931,-20.4068285680566,5533.64301774943,4849.05698225057,5191.35,5083.78,2.1753918716783964,-0.046745562130177554,-0.050491159135559904,-0.021857923497267784,6975.0,3741.0,-0.30709677419354836,0.29190056134723336,0.9309717125603166,0.950670564029128,-0.009724808607490143,0
2017-08-15,4995.0,4997.0,4780.0,4808.0,1780607631,370343,71,4885.0,4780.0,34.485106914774974,-84.52866538447415,-33.23119593134011,5506.38424549326,4802.315754506741,5154.35,5081.88,1.6297732884636627,-0.07094266277939743,-0.06640625,-0.010966273536105908,6975.0,3741.0,-0.3146953405017921,0.27773322641005077,0.9273720255706345,0.9405967870158287,0.014435146443514624,0
2017-08-16,4801.0,4979.0,4760.0,4816.0,5970941359,1239907,147,4808.0,4899.0,41.09059472576585,-88.08576698239904,-44.2021101415519,5469.001169588652,4784.998830411348,5127.0,5082.58,4.68081700728771,-0.026043737574552694,-0.05388180764774042,0.02489539748953984,6975.0,3861.0,-0.2976344086021505,0.26884226884226886,0.9555295494441194,0.963880548855109,-0.01979995917534194,0
2017-08-19,4860.0,5056.0,4860.0,5037.0,6243956655,1239535,250,4816.0,5050.0,48.22416060849847,-77.82325949379447,-50.926340012000416,5426.3081415372935,4791.591858462706,5108.95,5082.58,3.912233978757438,0.010202040408081592,-0.03864458404721116,0.03082261686058385,6975.0,3861.0,-0.27598566308243727,0.30795130795130793,0.9884614255375371,0.9935898697118393,-0.04752475247524757,0
2017-08-20,5050.0,5142.0,4790.0,4860.0,3239284852,666553,184,5037.0,4790.0,39.38129349083204,-89.63669938740895,-58.66841188708213,5416.858143271881,4750.041856728119,5083.45,5076.78,2.046046977063995,-0.030560615260068813,-0.06899902818270165,-0.05148514851485153,6975.0,3861.0,-0.3132616487455197,0.24061124061124062,0.9422734560190422,0.9435114383526566,0.008350730688935215,0
2017-08-21,4802.0,4950.0,4786.0,4844.0,889006647,183519,125,4860.0,4786.0,39.262012207678474,-98.18983093497081,-66.57269569665988,5379.460898039904,4727.039101960096,5053.25,5072.5,0.5789461148456543,-0.009724808607490143,-0.05601577909270217,-0.0008350730688935215,6975.0,3861.0,-0.31383512544802866,0.23957523957523957,0.9471132439519121,0.9435189748644652,-0.017969076473046353,0
2017-08-22,4844.0,4849.0,4767.0,4797.0,691702755,144189,63,4844.0,4849.0,42.22992085906122,-98.74638891742052,-73.00743434081201,5348.228165101964,4713.3718348980365,5030.8,5072.04,0.46555877611339835,0.014435146443514624,-0.05753158406219627,0.013163393230254838,6975.0,3861.0,-0.30480286738351253,0.2558922558922559,0.9638626063449153,0.9560255833944528,0.02825324809239027,0
2017-08-23,4800.0,4910.0,4750.0,4797.0,1310990638,273294,83,4797.0,4802.0,40.634670453699314,-101.80641139464024,-78.76722975157766,5322.367937296407,4693.632062703593,5008.0,5070.48,0.8608320835034903,-0.01979995917534194,-0.04532803180914513,-0.009692720148484213,6975.0,3861.0,-0.31154121863799283,0.24371924371924372,0.9588658146964856,0.9470503778734953,0.045397750937109516,0
2017-08-26,4925.0,4925.0,4802.0,4851.0,527459686,108730,66,4797.0,4810.0,41.04291595172519,-102.40550123981666,-83.49488404922546,5290.99049165506,4681.00950834494,4986.0,5070.52,0.34651109095222987,-0.04752475247524757,-0.03780756151230247,0.0016659725114536172,6975.0,3861.0,-0.3103942652329749,0.24579124579124578,0.96470116325712,0.9486206542918674,0.031185031185031242,0
2017-08-27,4810.0,4875.0,4772.0,4790.0,1606639780,335393,132,4851.0,4830.0,42.11463751887957,-100.11241777105352,-86.81839079359108,5272.461898426884,4667.538101573116,4970.0,5068.52,1.02501529609013,0.008350730688935215,-0.022465088038858494,0.004158004158004047,6975.0,3904.0,-0.30752688172043013,0.23719262295081966,0.971830985915493,0.9529408979347027,0.0041407867494824835,0
2017-08-28,4785.0,4860.0,4700.0,4749.0,2115183941,445402,169,4790.0,4700.0,37.36064610497017,-107.54533052035731,-90.96377873894433,5269.345103459334,4631.654896540666,4950.5,5063.56,1.3042380812383823,-0.017969076473046353,-0.027519139250982816,-0.026915113871635588,6975.0,3906.0,-0.32616487455197135,0.20327700972862264,0.9493990506009494,0.928200712542164,0.010638297872340496,0
2017-08-29,4702.0,4986.0,4698.0,4929.0,6016905012,1220592,335,4749.0,4986.0,50.57820382008243,-89.32843503311233,-90.63670999777793,5253.620335033052,4633.979664966949,4943.8,5066.56,3.073094224088347,0.02825324809239027,0.043096234309623505,0.06085106382978722,6975.0,3906.0,-0.28516129032258064,0.2764976958525346,1.00853594401068,0.9840996652561106,-0.03730445246690739,0
2017-08-30,5000.0,5113.0,4929.0,5024.0,1876215682,373468,184,4929.0,5020.0,51.87820379175502,-71.3256999928717,-86.77450799679669,5229.0388067110725,4642.761193288927,4935.9,5075.02,0.9148255093332446,0.045397750937109516,0.024698918146560445,0.006819093461692738,6975.0,3906.0,-0.2802867383512545,0.28520225294418844,1.0170384327073076,0.9891586634141343,-0.06573705179282874,0
2017-09-02,4980.0,5075.0,4802.0,4875.0,960803476,197073,81,5024.0,4960.0,49.40829074496431,-61.194489348889874,-81.65850426721532,5176.353018406271,4666.146981593729,4921.25,5081.52,0.48228952250711354,0.031185031185031242,-0.017821782178217838,-0.01195219123505975,6975.0,3906.0,-0.28888888888888886,0.2698412698412698,1.0078740157480315,0.9760858955588091,-0.06451612903225812,0
2017-09-03,4915.0,4998.0,4748.0,4849.0,1346100227,277624,108,4875.0,4850.0,45.16301612549092,-61.33448682897233,-77.59370077956672,5141.467657348813,4671.532342651187,4906.5,5087.12,0.6764345672527009,0.0041407867494824835,0.012526096033402823,-0.022177419354838745,6975.0,4001.0,-0.3046594982078853,0.21219695076230943,0.9884846632018751,0.9533881646196669,-0.031134020618556746,0
2017-09-04,4724.0,4868.0,4710.0,4745.0,1773241535,373698,129,4849.0,4750.0,41.65869707013058,-68.72241093070261,-75.8194428097939,5122.314149697528,4658.685850302472,4890.5,5088.12,0.8857940580607099,0.010638297872340496,-0.007521938988717114,-0.020618556701030966,6975.0,4001.0,-0.31899641577060933,0.18720319920019995,0.9712708312033534,0.9335471647681266,-0.027368421052631597,0
2017-09-05,4750.0,4860.0,4750.0,4758.0,535813399,112623,71,4745.0,4800.0,43.99847812173795,-69.73890518783355,-74.60333528540183,5076.305534275691,4670.194465724309,4873.25,5092.3,0.26394565985946244,-0.03730445246690739,-0.010105176325015508,0.010526315789473717,6975.0,4001.0,-0.3118279569892473,0.1997000749812547,0.9849689632175653,0.9425996111776603,-0.01375000000000004,0
2017-09-06,4733.0,4825.0,4690.0,4702.0,1190074915,253095,151,4758.0,4690.0,40.180593439825905,-78.51548723900032,-75.38576567612152,5060.890049843585,4651.609950156415,4856.25,5088.82,0.5895557815576973,-0.06573705179282874,-0.023323615160349864,-0.022916666666666696,6975.0,4001.0,-0.32759856630824374,0.17220694826293426,0.9657657657657658,0.92162819671358,0.01855010660980816,0
2017-09-10,4682.0,4780.0,4551.0,4658.0,723028897,155239,93,4702.0,4640.0,38.54341019538283,-88.48556733904206,-78.00572600870564,5052.463582338322,4624.136417661678,4838.3,5081.18,0.3637388205357708,-0.06451612903225812,-0.03534303534303529,-0.010660980810234588,6975.0,4001.0,-0.3347670250896057,0.15971007248187952,0.9590145298968645,0.9131737116181674,0.032327586206896575,0
2017-09-11,4580.0,4719.0,4580.0,4611.0,248015039,53786,53,4658.0,4699.0,41.56887353072777,-90.58194841640852,-80.52097049024621,5043.11436098143,4609.28563901857,4826.2,5072.78,0.1261248670419819,-0.031134020618556746,-0.02712215320910971,0.012715517241379315,6975.0,4001.0,-0.3263082437275986,0.1744563859035241,0.9736438605942563,0.926316536494782,0.049797829325388454,0
2017-09-12,4777.0,4777.0,4580.0,4592.0,792042866,172469,119,4611.0,4620.0,38.81358575203613,-97.49413360902963,-83.9156031140029,5050.26810752471,4580.83189247529,4815.55,5063.18,0.4208340795839021,-0.027368421052631597,-0.017021276595744705,-0.016812087678229393,6975.0,4021.0,-0.33763440860215055,0.1489679184282517,0.9593919697646167,0.9124700287171303,0.04783549783549779,0
2017-09-13,4571.0,4734.0,4571.0,4648.0,823588362,177193,112,4592.0,4734.0,44.52756171580562,-92.70460196667864,-85.67340288453805,5050.207274629797,4576.292725370203,4813.25,5056.92,0.44279530828342323,-0.01375000000000004,-0.05054151624548742,0.024675324675324628,6975.0,4100.0,-0.32129032258064516,0.1546341463414634,0.9835350335012726,0.9361429486723144,0.013941698352344822,0
2017-09-16,4800.0,4800.0,4685.0,4706.0,863413239,183468,58,4648.0,4777.0,46.55496011669101,-84.46545778003201,-85.43181386363685,5041.227145402921,4573.072854597078,4807.15,5055.46,0.5281977986576254,0.01855010660980816,-0.04840637450199203,0.009083227714406394,6975.0,4100.0,-0.3151254480286738,0.1651219512195122,0.9937280925288373,0.9449189589077948,-0.011304165794431609,0
2017-09-17,4800.0,4800.0,4690.0,4729.0,816318556,172612,92,4706.0,4790.0,47.183440221142774,-76.01068147676051,-83.54758738626158,5000.013328448706,4588.286671551294,4794.15,5047.8,0.5871136492733018,0.032327586206896575,-0.03427419354838712,0.002721373246807657,6975.0,4298.0,-0.3132616487455197,0.11447184737087017,0.999134361669952,0.9489282459685408,0.02713987473903967,0
2017-09-18,4839.0,4941.0,4701.0,4825.0,2143165597,444196,137,4729.0,4933.0,53.64135396918499,-57.11294298870689,-78.26065850675064,5015.840532300962,4586.759467699038,4801.3,5038.78,1.5702455236375867,0.049797829325388454,0.017113402061855743,0.029853862212943616,6975.0,4474.0,-0.2927598566308244,0.10259275815824766,1.0274300710224313,0.97900682308019,-0.02696128116764651,0
2017-09-19,4945.0,4960.0,4831.0,4917.0,818190041,166397,56,4825.0,4841.0,49.4520408395165,-48.99519411073106,-72.40756562754673,5019.144839547536,4588.955160452464,4804.05,5027.0,0.5900036893624211,0.04783549783549779,0.01915789473684204,-0.018649908777620072,6975.0,4553.0,-0.30594982078853045,0.06325499670546893,1.0076914270251143,0.9629998010741994,0.001239413344350293,0
2017-09-20,4900.0,4900.0,4750.0,4762.0,328033160,68891,38,4917.0,4800.0,47.6654404884184,-45.34743992871972,-66.99554048778133,5015.705020959295,4587.494979040705,4801.6,5015.0,0.24757589201405938,0.013941698352344822,0.0,-0.008469324519727373,6975.0,4560.0,-0.3118279569892473,0.05263157894736842,0.999666777740753,0.9571286141575274,0.020000000000000018,0
2017-09-23,4900.0,4900.0,4685.0,4748.0,560732666,118100,74,4762.0,4723.0,44.41972384966493,-48.11518306328344,-63.21946900288175,5014.477373733069,4580.8226262669305,4797.65,5002.56,0.4365949365708148,-0.011304165794431609,0.007036247334754719,-0.01604166666666662,6975.0,4562.0,-0.3228673835125448,0.03529153879877247,0.9844402988963348,0.9441166122945052,0.0004234596654668632,0
2017-09-24,4751.0,4931.0,4751.0,4874.0,1992335489,408748,204,4748.0,4920.0,53.20008262045846,-34.020221894485985,-57.3796195812026,5026.435713828673,4579.864286171326,4803.15,4992.96,1.4316749698383575,0.02713987473903967,0.06034482758620685,0.041710777048486136,6975.0,4570.0,-0.2946236559139785,0.07658643326039387,1.0243277848911652,0.9853874254950971,-0.03861788617886175,0
2017-09-25,4922.0,4950.0,4800.0,4868.0,1414387376,290537,131,4874.0,4800.0,48.20457607106348,-32.16211588594615,-52.33611884215131,5024.596877080573,4578.703122919426,4801.65,4981.96,1.0256881870772334,-0.02696128116764651,0.02149393487976159,-0.024390243902439046,6975.0,4570.0,-0.3118279569892473,0.05032822757111598,0.9996563681234576,0.9634762222097327,-0.004583333333333384,0
2017-09-26,4900.0,4930.0,4751.0,4782.0,736275065,153967,53,4868.0,4847.0,50.1778657695189,-26.590527236680828,-47.187000521057215,5027.709853458825,4590.290146541175,4809.0,4966.06,0.5730309562586904,0.001239413344350293,0.04913419913419914,0.009791666666666643,6975.0,4570.0,-0.305089605734767,0.06061269146608315,1.0079018506966104,0.9760252594612226,-0.0548793067877037,0
2017-09-27,4700.0,4896.0,4697.0,4744.0,2277289385,480018,163,4782.0,4896.0,52.22155281968976,-18.013464594246216,-41.352293335695016,5011.866824733323,4597.133175266677,4804.5,4953.58,2.0720788776314953,0.020000000000000018,0.034220532319391594,0.010109345987208584,6975.0,4570.0,-0.29806451612903223,0.07133479212253829,1.019044645644708,0.9883760835597689,-0.09579248366013071,0
2017-10-02,4722.0,4890.0,4711.0,4753.0,208376190,43837,31,4744.0,4725.0,45.24630143779315,-24.729287713770645,-38.02769221131014,4974.4301288714605,4605.0698711285395,4789.75,4939.16,0.20372383771523697,0.0004234596654668632,-0.010885492987230516,-0.03492647058823528,6975.0,4570.0,-0.3225806451612903,0.03391684901531729,0.9864815491413957,0.9566404003919695,-0.09417989417989414,0
2017-10-03,4700.0,4850.0,4700.0,4726.0,71295056,15086,16,4753.0,4730.0,45.47563061398454,-29.310296850562736,-36.284213139160656,4947.053880287091,4609.446119712909,4778.25,4925.54,0.07320486492571787,-0.03861788617886175,-0.012526096033402934,0.0010582010582009804,6975.0,4570.0,-0.3218637992831541,0.0350109409190372,0.9899021608329409,0.960300799506247,-0.040803382663847754,0
2017-10-04,4825.0,4825.0,4730.0,4785.0,74852140,15643,17,4726.0,4778.0,47.73862061465158,-28.736326267132426,-34.77463576475501,4940.219653016421,4609.080346983578,4774.65,4915.1,0.08106015048698013,-0.004583333333333384,-0.03142104196229478,0.010147991543340451,6975.0,4570.0,-0.3149820788530466,0.045514223194748356,1.0007016221084268,0.9721063660963154,-0.016743407283382195,0
2017-10-07,4820.0,4820.0,4553.0,4660.0,1163423915,249635,111,4785.0,4581.0,40.338750491088604,-43.67425442806689,-36.55455949741739,4951.95855296588,4580.44144703412,4766.2,4898.92,1.3365403663191935,-0.0548793067877037,-0.053707911588514734,-0.041230640435328536,6975.0,4570.0,-0.3432258064516129,0.0024070021881838076,0.9611430489698293,0.9351040637528272,0.015717092337917515,0
2017-10-08,4510.0,4550.0,4427.0,4458.0,1124807983,252285,97,4660.0,4427.0,35.68238289286815,-67.16494738118672,-42.67663707417125,4983.9771346524685,4511.122865347532,4747.55,4881.5,1.3020482545167968,-0.09579248366013071,-0.07770833333333338,-0.03361711416721236,6975.0,4427.0,-0.3653046594982079,0.0,0.9324809638655728,0.9068933729386459,0.04156313530607636,0
2017-10-09,4350.0,4457.0,4260.0,4321.0,839986053,194382,119,4458.0,4280.0,31.89741965014042,-96.53041966774799,-53.447393592886606,5038.939387443649,4415.160612556351,4727.05,4861.94,1.0186430512442195,-0.09417989417989414,-0.09379631590091042,-0.03320533092387623,6975.0,4280.0,-0.3863799283154122,0.0,0.9054272749389154,0.8803070379313608,0.07710280373831768,1
2017-10-10,4390.0,4537.0,4370.0,4475.0,2177594093,486606,106,4321.0,4537.0,43.23431574568713,-97.93606981057837,-62.34512883642496,5042.644695981047,4401.155304018952,4721.9,4847.68,2.346301318078545,-0.040803382663847754,-0.07784552845528458,0.060046728971962615,6975.0,4280.0,-0.34953405017921146,0.060046728971962615,0.9608420339270209,0.9359116113274804,-0.016751157152303242,0
2017-10-11,4502.0,4698.0,4500.0,4624.0,2714478645,587050,153,4475.0,4698.0,48.96582660901595,-85.07797724657848,-66.89169851845567,5042.609271105255,4401.090728894746,4721.85,4838.64,2.5081604402365247,-0.016743407283382195,-0.02124999999999999,0.03548600396737922,6975.0,4280.0,-0.32645161290322583,0.09766355140186916,0.9949490136281329,0.9709339814493329,-0.025117071094082566,0
2017-10-14,4774.0,4774.0,4651.0,4681.0,736950624,157423,58,4624.0,4653.0,47.52156683553957,-77.62416709248646,-69.03819223326182,5042.481190668,4404.518809332,4723.5,4829.9,0.6747556939731345,0.015717092337917515,-0.04002475758200952,-0.009578544061302652,6975.0,4280.0,-0.3329032258064516,0.08714953271028038,0.9850746268656716,0.9633739828981968,-0.011390500752202826,0
2017-10-15,4670.0,4720.0,4600.0,4639.0,906262268,195343,38,4681.0,4611.0,46.15328273283837,-74.25010879976435,-70.08057554656233,5040.006024273489,4394.693975726512,4717.35,4819.72,0.834046364990231,0.04156313530607636,-0.058210784313725505,-0.009026434558349505,6975.0,4280.0,-0.3389247311827957,0.07733644859813084,0.9774555629749753,0.9566945797681192,0.0,0
2017-10-16,4623.0,4640.0,4600.0,4615.0,168103869,36426,27,4639.0,4610.0,46.11923383905056,-70.84023282911676,-70.23250700307321,5033.686310151773,4384.313689848227,4709.0,4808.36,0.16056662483453385,0.07710280373831768,-0.024338624338624326,-0.00021687269572756573,6975.0,4280.0,-0.33906810035842294,0.07710280373831775,0.9789764281163729,0.9587468492375779,-0.0030368763557483414,0
2017-10-17,4570.0,4571.0,4385.0,4437.0,1273820529,287064,102,4615.0,4461.0,41.23760459321677,-79.24742136688019,-72.03548987583461,5032.148866311377,4352.9511336886235,4692.55,4792.52,1.234250158116481,-0.016751157152303242,-0.05687103594080334,-0.032321041214750545,6975.0,4280.0,-0.3604301075268817,0.042289719626168225,0.9506558267892723,0.930825536460985,0.01008742434431742,0
2017-10-18,4437.0,4600.0,4437.0,4550.0,496741169,109182,80,4437.0,4580.0,46.140890870499966,-75.43826798345435,-72.71604549735856,4999.016583963195,4350.783416036804,4674.9,4781.22,0.5058680171059764,-0.025117071094082566,-0.041439933026370834,0.026675633266083798,6975.0,4280.0,-0.3433691756272401,0.07009345794392523,0.9797001005369099,0.9579145071759927,0.006768558951965042,0
2017-10-21,4600.0,4644.0,4560.0,4584.0,783595570,170954,56,4550.0,4600.0,46.94220840511458,-69.99875159491967,-72.1725867168708,4979.196186953423,4346.503813046577,4662.85,4771.82,0.7912381279452334,-0.011390500752202826,0.0041475660336172115,0.004366812227074135,6975.0,4280.0,-0.34050179211469533,0.07476635514018691,0.9865211190580867,0.9639927742454661,-0.019130434782608674,0
2017-10-22,4587.0,4634.0,4586.0,4610.0,328636926,71283,42,4584.0,4611.0,47.405689071783144,-64.0618227823079,-70.55043392995822,4964.033803698132,4342.766196301867,4653.4,4761.14,0.3297414705304807,0.0,0.04156313530607636,0.0023913043478260843,6975.0,4280.0,-0.3389247311827957,0.07733644859813084,0.9908883826879272,0.9684655355650117,-0.028410323140316662,0
2017-10-23,4650.0,4650.0,4392.0,4515.0,142402739,31538,31,4610.0,4596.0,46.80526182795015,-59.876914763511195,-68.41573009666882,4956.924474586032,4337.175525413968,4647.05,4752.46,0.14886923717614817,-0.0030368763557483414,0.07383177570093458,-0.003253090435914152,6975.0,4280.0,-0.3410752688172043,0.07383177570093458,0.9890145361035495,0.9670781027089128,0.004134029590948662,0
2017-10-24,4510.0,4629.0,4500.0,4508.0,199159558,44180,11,4515.0,4506.0,43.26449371327915,-63.095269851193734,-67.35163804757381,4915.117917192974,4337.582082807026,4626.35,4742.6,0.22817660910862636,0.01008742434431742,-0.00683270883843945,-0.019582245430809442,6975.0,4280.0,-0.35397849462365594,0.05280373831775701,0.9739859716623255,0.9501117530468519,0.012427873945849877,0
2017-10-25,4444.0,4619.0,4444.0,4534.0,119926576,26453,27,4508.0,4611.0,48.18893329533788,-56.52167033469232,-65.18564450499751,4894.471540327835,4339.328459672164,4616.9,4736.0,0.1466208286047243,0.006768558951965042,-0.01851851851851849,0.02330226364846877,6975.0,4280.0,-0.3389247311827957,0.07733644859813084,0.9987220862483486,0.973606418918919,-0.02407286922576446,0
2017-10-28,4520.0,4599.0,4480.0,4499.0,221151536,49151,17,4534.0,4512.0,44.28593570746729,-58.624728601425886,-63.87346132428319,4860.025566377384,4340.274433622615,4600.15,4729.58,0.28057915153791635,-0.019130434782608674,-0.030303030303030276,-0.021470396877033227,6975.0,4280.0,-0.35311827956989245,0.05420560747663551,0.9808375813832159,0.9539959150706828,0.01507092198581561,0
2017-10-29,4450.0,4480.0,4450.0,4463.0,927708144,207873,38,4499.0,4480.0,43.07159272154775,-62.15704230212759,-63.530177519852074,4805.5943590456245,4353.105640954376,4579.35,4723.58,1.286584056292733,-0.028410323140316662,-0.028410323140316662,-0.007092198581560294,6975.0,4280.0,-0.35770609318996416,0.04672897196261682,0.9783047812462466,0.9484331799186211,0.024553571428571397,0
2017-10-30,4501.0,4615.0,4501.0,4570.0,505825914,110678,48,4463.0,4615.0,49.37801680798837,-53.446951414619434,-61.51353229880555,4790.8221410687665,4356.877858931234,4573.85,4717.9,0.6711347129601135,0.004134029590948662,0.0010845986984815426,0.030133928571428603,6975.0,4280.0,-0.33835125448028674,0.07827102803738317,1.008996797009084,0.9781894486953943,-0.03250270855904658,0
2017-10-31,4648.0,4699.0,4552.0,4616.0,266933149,57834,32,4570.0,4562.0,47.168812574553826,-50.241644292899764,-59.259154697624396,4770.257690285214,4360.642309714785,4565.45,4708.14,0.34620948385550004,0.012427873945849877,0.02264066352835692,-0.011484290357529847,6975.0,4280.0,-0.3459498207885305,0.06588785046728972,0.9992443242177661,0.9689601413721767,-0.0326611135466901,0
2017-11-01,4699.0,4699.0,4490.0,4519.0,445069997,98488,24,4616.0,4500.0,44.652039675128144,-52.10367837938247,-57.828059433976016,4733.194130100489,4369.905869899511,4551.55,4702.34,0.575309273713516,-0.02407286922576446,-0.017467248908296984,-0.013590530469092532,6975.0,4280.0,-0.3548387096774194,0.0514018691588785,0.9886741879140073,0.956970359438067,0.010222222222222133,0
2017-11-04,4472.0,4599.0,4472.0,4543.0,111953306,24644,19,4519.0,4580.0,48.472462689877624,-46.58699649979644,-55.579846847140104,4733.11222425807,4369.88777574193,4551.5,4698.22,0.1540809988130061,0.01507092198581561,-0.004347826086956497,0.01777777777777767,6975.0,4280.0,-0.3433691756272401,0.07009345794392523,1.0062616719762716,0.9748372787992048,-0.01812227074235806,0
2017-11-05,4600.0,4605.0,4455.0,4539.0,304213015,67025,32,4543.0,4590.0,48.946843515520904,-40.93618310126294,-52.65111409796468,4732.605803603013,4386.694196396987,4559.65,4693.04,0.44482022526718246,0.024553571428571397,-0.004554326610279769,0.0021834061135370675,6975.0,4280.0,-0.3419354838709677,0.07242990654205607,1.0066562126479006,0.9780440823005984,-0.02026143790849677,0
2017-11-06,4539.0,4579.0,4454.0,4464.0,999124074,223802,43,4539.0,4465.0,43.549659777888444,-46.013908408950556,-51.32367296016186,4694.288835228518,4443.511164771481,4568.9,4686.3,1.4709314534322577,-0.03250270855904658,-0.028503046127067,-0.027233115468409563,6975.0,4280.0,-0.35985663082437275,0.04322429906542056,0.9772592965484034,0.9527772443078761,-0.015229563269876789,0
2017-11-07,4445.0,4499.0,4411.0,4436.0,333612911,75204,58,4464.0,4413.0,41.499609389138136,-53.61595634621062,-51.78212963737161,4704.918282931429,4420.481717068571,4562.7,4678.36,0.5715469135638273,-0.0326611135466901,-0.020639147802929414,-0.011646136618141067,6975.0,4280.0,-0.36731182795698925,0.03107476635514019,0.9671904793214544,0.9432792688035979,0.025152957171991952,0
2017-11-08,4436.0,4560.0,4380.0,4455.0,240566028,54000,49,4436.0,4546.0,48.214253389058904,-48.351282150659245,-51.09596014002914,4683.121716907576,4427.0782830924245,4555.1,4672.68,0.514642287870882,0.010222222222222133,-0.014096725222294548,0.03013822796283705,6975.0,4280.0,-0.3482437275985663,0.06214953271028038,0.998002239248315,0.9728892198909405,0.0008798944126704455,0
2017-11-11,4425.0,4498.0,4410.0,4442.0,94500020,21272,16,4455.0,4497.0,46.11421067664235,-47.584357556986106,-50.39363962342053,4669.383741751157,4425.216258248844,4547.3,4668.62,0.21679642314438385,-0.01812227074235806,-0.0033244680851063357,-0.010778706555213402,6975.0,4280.0,-0.3552688172043011,0.05070093457943925,0.9889384909726651,0.9632396725370667,0.01623304425172334,0
2017-11-12,4490.0,4499.0,4490.0,4495.0,35847613,7975,9,4442.0,4497.0,46.11421067664236,-46.44121882909985,-49.6031554645564,4661.886990152563,4421.313009847438,4541.6,4658.84,0.08985783870208099,-0.02026143790849677,0.003794642857142927,0.0,6975.0,4280.0,-0.3552688172043011,0.05070093457943925,0.9901796723621631,0.9652617389736501,0.017789637536135272,0
2017-11-13,4394.0,4480.0,4393.0,4400.0,323291897,73482,46,4495.0,4397.0,41.80449202628344,-52.993560636834445,-50.28123649901201,4662.332609199095,4399.567390800905,4530.95,4646.38,0.8110229007296579,-0.015229563269876789,-0.047237269772480994,-0.022237046920169035,6975.0,4280.0,-0.3696057347670251,0.027336448598130843,0.9704366633928867,0.9463281091946849,0.0029565612917898942,0
2017-11-14,4459.0,4524.0,4398.0,4466.0,648751659,145276,84,4400.0,4524.0,48.40005380988167,-47.39219241626506,-49.703427682462625,4661.586312990698,4406.613687009302,4534.1,4637.66,1.7395260954059586,0.025152957171991952,-0.008329679964927617,0.028883329542870095,6975.0,4280.0,-0.3513978494623656,0.05700934579439252,0.9977724355439888,0.975491950682025,-0.015473032714412027,0
2017-11-15,4500.0,4680.0,4466.0,4588.0,644813423,140551,62,4466.0,4550.0,49.65795772815412,-40.38950002218553,-47.840642150407206,4658.58793593024,4406.612064069761,4532.6,4631.66,1.6519252049318816,0.0008798944126704455,0.011111111111111072,0.005747126436781658,6975.0,4280.0,-0.34767025089605735,0.0630841121495327,1.0038388562855756,0.9823691721758506,-0.03296703296703296,0
2017-11-18,4560.0,4570.0,4480.0,4532.0,238950136,52726,27,4588.0,4570.0,50.65448061337016,-32.84733931432038,-44.84198158318985,4654.530790323817,4407.6692096761835,4531.1,4628.06,0.665969869303129,0.01623304425172334,-0.0021834061135370675,0.00439560439560438,6975.0,4280.0,-0.34480286738351257,0.06775700934579439,1.0085851117830107,0.9874547866708728,-0.0444201312910284,0
2017-11-20,4572.0,4580.0,4510.0,4561.0,330773137,72515,22,4532.0,4577.0,51.01993111809914,-26.005505833067218,-41.074686433165326,4649.267259916801,4409.532740083198,4529.4,4623.6,0.9152080531745785,0.017789637536135272,-0.002832244008714624,0.0015317286652078987,6975.0,4280.0,-0.34379928315412184,0.06939252336448598,1.010509118205502,0.9899212734665628,-0.0386716189643872,0
2017-11-21,4461.0,4575.0,4400.0,4452.0,698756200,156938,65,4561.0,4410.0,42.863951040891024,-33.67067326703636,-39.59388379993953,4646.537178076551,4393.66282192345,4520.1,4618.0,1.8354602480487605,0.0029565612917898942,-0.012318029115341522,-0.03648678173476072,6975.0,4280.0,-0.36774193548387096,0.030373831775700934,0.975642131811243,0.9549588566478995,0.030839002267573745,0
2017-11-22,4452.0,4500.0,4452.0,4487.0,186055421,41461,24,4452.0,4454.0,45.34309754792243,-35.782463441603795,-38.83159972827239,4647.089351414232,4387.910648585768,4517.5,4614.28,0.4856772023043926,-0.015473032714412027,0.00929073192839347,0.009977324263038545,6975.0,4280.0,-0.3614336917562724,0.04065420560747664,0.9859435528500277,0.965264353268549,0.06421194431971267,1
2017-11-25,4420.0,4450.0,4330.0,4383.0,848087660,193473,120,4487.0,4400.0,42.88380032490504,-41.33691484969404,-39.332662752556715,4638.711109588377,4375.188890411622,4506.95,4608.3,2.0644078430703043,-0.03296703296703296,-0.032116146062472484,-0.01212393354288277,6975.0,4280.0,-0.36917562724014336,0.028037383177570093,0.9762699830262151,0.9547989497211553,0.06840909090909086,1
2017-11-26,4390.0,4469.0,4333.0,4389.0,353201607,80479,35,4383.0,4367.0,41.40582842848829,-47.850095698200676,-41.03614934168551,4644.830424101771,4354.569575898228,4499.7,4603.24,0.844615300656558,-0.0444201312910284,-0.028908160996219734,-0.007499999999999951,6975.0,4280.0,-0.3739068100358423,0.02032710280373832,0.9705091450541148,0.9486796256549735,0.07625372108999318,1
2017-11-28,4479.0,4479.0,4390.0,4397.0,203461700,46270,22,4389.0,4400.0,43.50276264403616,-49.775236298049094,-42.78396673295823,4647.057986244399,4344.3420137556,4495.7,4596.56,0.5305909719263824,-0.0386716189643872,-0.02156993551256392,0.007556675062972307,6975.0,4280.0,-0.36917562724014336,0.028037383177570093,0.9787129924149743,0.9572375863689366,0.05431818181818171,1
2017-11-29,4488.0,4550.0,4420.0,4515.0,1476139588,326964,117,4397.0,4546.0,51.73286939737636,-39.06957453100131,-42.04108829256684,4635.502050596002,4348.997949403998,4492.25,4591.94,3.3357223271622476,0.030839002267573745,0.0338867409597452,0.0331818181818182,6975.0,4280.0,-0.3482437275985663,0.06214953271028038,1.0119650509210307,0.9899955138786658,0.011878574571051459,0
2017-12-02,4550.0,4740.0,4530.0,4691.0,4148773059,884461,322,4515.0,4740.0,60.05880216090565,-14.760926998059404,-36.58505603366535,4678.652985890266,4323.647014109733,4501.15,4590.94,6.347033339720116,0.06421194431971267,0.04774535809018565,0.04267487901451816,6975.0,4280.0,-0.3204301075268817,0.10747663551401869,1.053064216922342,1.032468296253055,-0.008438818565400852,0
2017-12-03,4788.0,4791.0,4700.0,4744.0,1851285574,390226,205,4691.0,4701.0,57.89666843067847,1.3414142542224,-28.999761976087804,4708.914541700808,4313.485458299192,4511.2,4586.3,2.534968805460928,0.06840909090909086,0.03318681318681316,-0.008227848101265867,6975.0,4280.0,-0.3260215053763441,0.09836448598130841,1.0420730625997519,1.0250092667291717,0.01723037651563497,0
2017-12-04,4798.0,4798.0,4600.0,4684.0,777264349,165955,59,4744.0,4700.0,57.839171055084215,13.862149830748422,-20.42737961472056,4729.6369082809315,4304.763091719068,4517.2,4583.48,1.0307587913871037,0.07625372108999318,0.02844638949671774,-0.00021272069772393376,6975.0,4280.0,-0.32616487455197135,0.09813084112149532,1.0404675462675994,1.0254217319591228,0.02127659574468077,0
2017-12-05,4573.0,4780.0,4520.0,4581.0,345959804,75525,35,4684.0,4639.0,54.29688306724309,18.64777286271874,-12.6123491192327,4736.473684130588,4302.826315869412,4519.65,4580.26,0.4678563629859179,0.05431818181818171,0.013545990823683685,-0.012978723404255321,6975.0,4280.0,-0.334910394265233,0.0838785046728972,1.026406912039649,1.0128245994768856,0.0560465617589998,1
2017-12-09,4611.0,4650.0,4521.0,4594.0,739717838,161006,51,4581.0,4600.0,52.099941541844636,19.073571273946982,-6.2751650405967645,4744.40036697208,4308.39963302792,4526.4,4577.8,1.0171715534884367,0.011878574571051459,0.04308390022675734,-0.008406984263850004,6975.0,4280.0,-0.34050179211469533,0.07476635514018691,1.016260162601626,1.0048494910218881,0.10978260869565215,1
2017-12-10,4610.0,4700.0,4600.0,4628.0,747875636,161584,45,4594.0,4700.0,56.913885258168854,27.167019359394544,0.4132718394014967,4764.70524106384,4316.79475893616,4540.75,4573.4,0.9937090634809889,-0.008438818565400852,0.055231252806466014,0.021739130434782705,6975.0,4280.0,-0.32616487455197135,0.09813084112149532,1.035071298794252,1.0276818122184808,0.1063829787234043,1
2017-12-11,4750.0,4790.0,4700.0,4732.0,2624016329,554567,180,4628.0,4782.0,60.42603531197797,39.73975481825619,8.278568435172435,4800.004622102646,4305.095377897354,4552.55,4573.04,2.955557936060006,0.01723037651563497,0.0868181818181819,0.01744680851063829,6975.0,4280.0,-0.3144086021505376,0.11728971962616823,1.0504003250925305,1.0456938929027517,0.04558762024257623,0
2017-12-12,4800.0,4848.0,4779.0,4803.0,3526790092,734261,160,4732.0,4800.0,61.17420383924703,50.57321131943445,16.73749701202484,4835.925353014893,4299.474646985107,4567.7,4572.1,3.288451181730951,0.02127659574468077,0.09915273643233347,0.0037641154328733606,6975.0,4280.0,-0.3118279569892473,0.12149532710280374,1.050857105326532,1.0498458038975524,0.002291666666666581,0
2017-12-13,4859.0,4900.0,4850.0,4862.0,5232873604,1076361,244,4803.0,4899.0,65.08406165204399,66.38206514435387,26.666410638490646,4889.9275227448925,4285.672477255108,4587.8,4572.16,3.8899358357783345,0.0560465617589998,0.11340909090909101,0.020624999999999893,6975.0,4280.0,-0.2976344086021505,0.14462616822429908,1.0678320763764766,1.0714848124300111,0.010410287813839458,0
2017-12-16,4900.0,5105.0,4620.0,5017.0,5483743047,1092972,294,4862.0,5105.0,71.51257436974483,94.44447694285918,40.22202389936436,4987.187142630021,4259.212857369978,4623.2,4579.76,3.3355005995967697,0.10978260869565215,0.12296524417069943,0.04204939783629302,6975.0,4280.0,-0.26810035842293906,0.1927570093457944,1.1042135317528985,1.1146872325187345,-0.08070519098922624,0
2017-12-17,5200.0,5267.0,5200.0,5218.0,3711650752,711265,335,5017.0,5200.0,73.8991867897831,122.93275425572938,56.76416997063737,5095.734999743547,4218.265000256453,4657.0,4589.16,1.9980588688064993,0.1063829787234043,0.09704641350210963,0.0186092066601371,6975.0,4280.0,-0.25448028673835127,0.21495327102803738,1.116598668670818,1.1331049691010993,-0.07019230769230766,0
2017-12-18,5319.0,5319.0,4958.0,5014.0,1621064173,323310,150,5218.0,5000.0,62.10321216835911,127.89727062044858,70.99079010059961,5139.612377577447,4219.387622422553,4679.5,4593.6,0.8854995241922463,0.04558762024257623,0.06360348861944276,-0.038461538461538436,6975.0,4280.0,-0.2831541218637993,0.16822429906542055,1.0684902233144566,1.0884709160571229,-0.04800000000000004,0
2017-12-19,5000.0,5049.0,4805.0,4870.0,984202562,202084,117,5014.0,4811.0,53.42457145769173,115.25240713844323,79.84311350816834,5152.18324890847,4230.91675109153,4691.55,4598.2,0.5423852912572567,0.002291666666666581,0.023617021276595818,-0.037799999999999945,6975.0,4280.0,-0.3102508960573477,0.12406542056074767,1.025460668648954,1.0462789787308078,-0.023072126377052582,0
2017-12-20,4980.0,4995.0,4900.0,4913.0,305499347,62181,68,4870.0,4950.0,58.06590327005282,115.12036415808598,86.89856363815187,5180.866166194229,4239.533833805771,4710.2,4608.66,0.16712305829740678,0.010410287813839458,0.06704031041172676,0.028892122219912775,6975.0,4280.0,-0.2903225806451613,0.15654205607476634,1.0509107893507708,1.0740649125776256,-0.0632323232323232,0
2017-12-23,4900.0,4990.0,4668.0,4768.0,1017340170,213349,97,4913.0,4693.0,48.451986610831,93.2035741973159,88.15956574998468,5174.639806680069,4274.060193319931,4724.35,4616.92,0.5691010934741257,-0.08070519098922624,0.020217391304347743,-0.05191919191919192,6975.0,4280.0,-0.327168458781362,0.09649532710280374,0.9933641664990951,1.0164785181462968,-0.042829746430854465,0
2017-12-24,4750.0,4848.0,4750.0,4770.0,290582744,60918,37,4768.0,4835.0,53.074982569250174,86.29778634546074,87.7872098690799,5178.302471825552,4308.497528174447,4743.4,4622.88,0.16207606783952186,-0.07019230769230766,0.02872340425531905,0.03025783081184752,6975.0,4280.0,-0.3068100358422939,0.12967289719626168,1.019311042711979,1.0458848163915135,-0.10444674250258534,0
2017-12-25,4900.0,4900.0,4670.0,4762.0,1226090555,257462,80,4770.0,4760.0,50.49894897260177,73.92091225816148,85.01395034689622,5166.75732385141,4356.04267614859,4761.4,4624.12,0.679211734290086,-0.04800000000000004,-0.00460058552906728,-0.015511892450879028,6975.0,4280.0,-0.31756272401433694,0.11214953271028037,0.9997059688326964,1.0293850505609716,-0.07352941176470584,0
2017-12-26,4700.0,4800.0,4700.0,4717.0,331051140,70180,39,4762.0,4700.0,48.47206963086606,58.59520279081062,79.7302008356791,5142.535102576193,4413.564897423807,4778.05,4625.06,0.18539405019296912,-0.023072126377052582,-0.02083333333333337,-0.012605042016806678,6975.0,4280.0,-0.32616487455197135,0.09813084112149532,0.9836648842100857,1.0162030330417333,-0.09297872340425528,0
2017-12-27,4700.0,4799.0,4570.0,4680.0,966956744,206598,75,4717.0,4637.0,46.36763942876018,40.89448793415886,71.96305825537505,5118.049904769114,4461.750095230886,4789.9,4625.58,0.5344506028731008,-0.0632323232323232,-0.0534803021024699,-0.013404255319148906,6975.0,4280.0,-0.3351971326164875,0.08341121495327103,0.9680786655253764,1.0024688795783447,-0.0808712529652793,0
2017-12-30,4572.0,4789.0,4446.0,4550.0,2033193675,446842,119,4680.0,4492.0,41.86276201424531,14.993420876278833,60.569130779555806,5124.104496853305,4450.2955031466945,4787.2,4623.22,1.1382904347119458,-0.042829746430854465,-0.12007835455435845,-0.03127021781324135,6975.0,4280.0,-0.3559856630824373,0.04953271028037383,0.9383355614973262,0.9716171845596792,-0.020703472840605475,0
2017-12-31,4363.0,4446.0,4323.0,4326.0,1327211733,306797,92,4550.0,4330.0,37.48134262240358,-18.393380048000836,44.77662861404448,5158.087838339386,4375.312161660614,4766.7,4620.6,0.8436087283560206,-0.10444674250258534,-0.16730769230769227,-0.03606411398040965,6975.0,4280.0,-0.37921146953405016,0.011682242990654205,0.9083852560471606,0.9371077349262,0.013394919168591146,0
2018-01-01,4330.0,4540.0,4330.0,4484.0,683376943,152396,79,4326.0,4410.0,40.77768262252243,-37.95975250949596,28.2293523893364,5172.770149303355,4331.529850696645,4752.15,4617.2,0.4332131400632752,-0.07352941176470584,-0.118,0.018475750577367167,6975.0,4280.0,-0.36774193548387096,0.030373831775700934,0.9280010100691267,0.9551243177683445,-0.002947845804988636,0
2018-01-02,4570.0,4570.0,4260.0,4307.0,1478805098,343373,108,4484.0,4263.0,36.925067003723626,-64.58343745785169,9.666794419898784,5201.809533307626,4258.790466692374,4730.3,4610.46,0.9520907368899427,-0.09297872340425528,-0.11390563292454792,-0.033333333333333326,6975.0,4263.0,-0.38881720430107525,0.0,0.9012113396613323,0.9246365872385836,0.029322073657048975,0
2018-01-03,4463.0,4463.0,4200.0,4266.0,373989779,87669,40,4307.0,4262.0,36.89952698054136,-84.78622837228704,-9.22381013853838,5224.376690668339,4198.523309331661,4711.45,4603.48,0.24267647496427422,-0.0808712529652793,-0.138989898989899,-0.00023457658925640779,6975.0,4262.0,-0.3889605734767025,0.0,0.9046047395175584,0.9258213351638327,0.018301267010793154,0
2018-01-06,4300.0,4400.0,4300.0,4323.0,247854974,57335,44,4266.0,4399.0,42.74254573736046,-88.71962605884164,-25.12297332259903,5230.295604065654,4172.504395934346,4701.4,4599.54,0.1610193577087087,-0.020703472840605475,-0.06264649477945872,0.032144533083059645,6975.0,4262.0,-0.3693189964157706,0.0321445330830596,0.9356787339941295,0.9563999878248695,-0.0015912707433507478,0
2018-01-07,4400.0,4427.0,4299.0,4307.0,1442481527,334886,76,4323.0,4388.0,42.403031203302,-91.66779090091313,-38.431936838261855,5232.060597151188,4139.539402848813,4685.8,4597.18,0.9181491598268686,0.013394919168591146,-0.09245087900723892,-0.0025005683109797783,6975.0,4262.0,-0.3708960573476702,0.02956358517128109,0.9364462845191855,0.9544981923701051,0.00045578851412941823,0
2018-01-08,4405.0,4405.0,4379.0,4397.0,129310367,29409,26,4307.0,4397.0,42.80334734856477,-92.2150107526677,-49.18855162114303,5224.894508345852,4108.205491654148,4666.55,4592.9,0.08688487200516186,-0.002947845804988636,-0.07626050420168062,0.002051048313582493,6975.0,4262.0,-0.3696057347670251,0.031675269826372594,0.9422378416603272,0.9573472098238587,0.0025017057084375516,0
2018-01-09,4380.0,4397.0,4248.0,4367.0,262852516,60185,62,4397.0,4388.0,42.48534719250686,-92.31080965928231,-57.81300322877089,5213.406949908951,4078.493050091049,4645.95,4590.42,0.19747121353008382,0.029322073657048975,-0.06638297872340426,-0.00204685012508532,6975.0,4262.0,-0.3708960573476702,0.02956358517128109,0.9444785243061161,0.9559038170799186,0.00045578851412941823,0
2018-01-10,4350.0,4395.0,4340.0,4360.0,71394884,16375,25,4367.0,4340.0,40.74664628714842,-95.16295057290608,-65.28299269759793,5187.909466494431,4048.0905335055686,4618.0,4587.62,0.0650371178250158,0.018301267010793154,-0.06405003234850115,-0.010938924339106704,6975.0,4262.0,-0.37777777777777777,0.018301267010793053,0.9398007795582504,0.9460243001817936,-0.00691244239631339,0
2018-01-13,4310.0,4460.0,4280.0,4330.0,54725827,12638,27,4360.0,4392.0,43.446807085829775,-92.16490769243592,-70.65937569656553,5113.85212605404,4050.84787394596,4582.35,4583.16,0.06390490416287002,-0.0015912707433507478,-0.022261798753339224,0.011981566820276512,6975.0,4262.0,-0.37032258064516127,0.03050211168465509,0.9584601787292546,0.9582907862697353,-0.055783242258652055,0
2018-01-14,4390.0,4440.0,4303.0,4329.0,140054924,32353,18,4330.0,4390.0,43.36495553122795,-88.92524551893439,-74.31254966103931,4996.860889979528,4086.839110020473,4541.85,4579.72,0.19749476550052802,0.00045578851412941823,0.01385681293302543,-0.0004553734061930603,6975.0,4262.0,-0.37060931899641575,0.03003284842796809,0.9665664872243689,0.9585738866131553,-0.07722095671981777,0
2018-01-15,4399.0,4428.0,4310.0,4324.0,275460186,63712,26,4329.0,4408.0,44.38055602309837,-83.937758112128,-76.23759135125705,4918.615783500481,4105.884216499519,4512.25,4577.88,0.42238945193191857,0.0025017057084375516,-0.00045351473922905505,0.004100227790432731,6975.0,4262.0,-0.36802867383512544,0.0342562177381511,0.9768962269377804,0.9628911199070311,-0.058529945553538965,0
2018-01-16,4323.0,4418.0,4193.0,4336.0,567346462,130841,47,4324.0,4390.0,43.53972633945756,-80.50952429640165,-77.09197794028597,4876.5562507602,4105.8437492398,4491.2,4574.08,0.8884131347523797,0.00045578851412941823,0.02979122683556179,-0.004083484573502716,6975.0,4262.0,-0.37060931899641575,0.03003284842796809,0.9774670466690417,0.9597558416118651,-0.0218678815489749,0
2018-01-17,4130.0,4398.0,4130.0,4365.0,303853589,69604,31,4336.0,4310.0,39.91975349834524,-83.28786504708387,-78.33115536164556,4789.155512152707,4129.2444878472925,4459.2,4568.48,0.47142457538668475,-0.00691244239631339,0.01126231816048806,-0.018223234624145768,6975.0,4262.0,-0.382078853046595,0.011262318160488035,0.96654108360244,0.9434210065492243,-0.007192575406032464,0
2018-01-20,4393.0,4393.0,4147.0,4159.0,2815447887,676991,205,4365.0,4147.0,33.76070738420759,-97.51832728711179,-82.1685897467388,4770.205719726926,4093.5942802730733,4431.9,4562.12,3.9629932294550896,-0.055783242258652055,-0.057285746760627365,-0.03781902552204175,6975.0,4147.0,-0.4054480286738351,0.0,0.9357160585753289,0.9090072159434649,0.027248613455510107,0
2018-01-21,4120.0,4130.0,3980.0,4060.0,855761930,210773,101,4159.0,4051.0,30.751448860454616,-115.21434952887466,-88.77774170316599,4716.464173434849,4068.935826565151,4392.7,4554.88,1.1819867491733305,-0.07722095671981777,-0.0768003646308113,-0.02314926452857491,6975.0,4051.0,-0.4192114695340502,0.0,0.922211851480866,0.8893757903611071,0.06146630461614411,1
2018-01-22,4050.0,4190.0,4050.0,4090.0,279211929,68272,39,4060.0,4150.0,36.98898509184474,-119.86833448149355,-94.9958602588315,4655.288792006703,4069.1112079932964,4362.2,4546.96,0.40430779197975614,-0.058529945553538965,-0.056174664544007324,0.024438410269069344,6975.0,4051.0,-0.4050179211469534,0.024438410269069365,0.9513548209619,0.912697714516952,-0.015903614457831283,0
2018-01-23,4180.0,4294.0,4111.0,4233.0,497977517,117640,85,4090.0,4294.0,44.78026314490028,-110.66141859558047,-98.1289719261813,4591.622165616005,4092.1778343839947,4341.9,4542.9,0.6870112877402882,-0.0218678815489749,-0.021422060164083878,0.03469879518072294,6975.0,4051.0,-0.38437275985663083,0.05998518884226117,0.9889679633340244,0.9452112086992891,-0.040521658127619986,0
2018-01-24,4388.0,4388.0,4255.0,4297.0,109240161,25421,36,4233.0,4279.0,44.16761708031164,-103.38350536763573,-99.17987861447219,4534.841172449657,4113.158827550343,4324.0,4538.54,0.15674984399626085,-0.007192575406032464,-0.014055299539170507,-0.0034932463903120103,6975.0,4051.0,-0.3865232974910394,0.05628239940755369,0.9895929694727105,0.9428142089746923,-0.03435382098621176,0
2018-01-27,4300.0,4360.0,4150.0,4306.0,731878206,169963,66,4297.0,4260.0,43.35843980373507,-98.01894650964368,-98.9476921935065,4510.1123162576005,4114.687683742399,4312.4,4535.8,1.145830980778546,0.027248613455510107,-0.030054644808743203,-0.004440289787333462,6975.0,4051.0,-0.38924731182795697,0.05159219945692422,0.9878489935998517,0.9391948498611049,-0.03215962441314557,0
2018-01-28,4300.0,4300.0,4150.0,4214.0,254062897,60292,36,4306.0,4300.0,45.617310967097055,-89.50803633304349,-97.05976102141389,4508.510627244451,4113.289372755548,4310.9,4531.32,0.443302668109736,0.06146630461614411,-0.02050113895216399,0.009389671361502261,6975.0,4051.0,-0.3835125448028674,0.06146630461614416,0.9974715256674941,0.9489508575867518,-0.031860465116279046,0
2018-01-29,4220.0,4290.0,4084.0,4150.0,349509118,84209,39,4214.0,4084.0,37.0294988991269,-99.05067894302374,-97.45794460573588,4509.8202592693,4079.3797407307015,4294.6,4522.0,0.6350744605554951,-0.015903614457831283,-0.073502722323049,-0.050232558139534866,6975.0,4051.0,-0.41448028673835124,0.008146136756356455,0.9509616727983979,0.903140203449801,0.0186092066601371,0
2018-01-30,4150.0,4228.0,4120.0,4153.0,329360804,79311,36,4150.0,4120.0,39.087715935708154,-102.52653080049458,-98.47166184468762,4515.512688750141,4059.3873112498586,4287.45,4513.0,0.6642798902289437,-0.040521658127619986,-0.06150341685649208,0.008814887365328206,6975.0,4051.0,-0.40931899641577063,0.017032831399654405,0.9609441509521978,0.9129182362065145,0.00728155339805836,0
2018-01-31,4293.0,4343.0,4110.0,4212.0,453377971,107628,63,4153.0,4132.0,39.794125092212184,-103.12411808711204,-99.4021530931725,4518.746110144685,4043.1538898553144,4280.95,4504.1,0.893980408981003,-0.03435382098621176,-0.04129930394431558,0.002912621359223211,6975.0,4051.0,-0.4075985663082437,0.01999506294742039,0.9652063210268749,0.9173863812970404,0.0244433688286545,0
2018-02-03,4200.0,4200.0,4122.0,4142.0,65301934,15764,11,4212.0,4123.0,39.424835328285454,-103.13505834771422,-100.14873414408086,4507.956374500224,4026.343625499775,4267.15,4498.36,0.1332394019778833,-0.03215962441314557,-0.005787316132143672,-0.0021781219748305825,6664.0,4051.0,-0.38130252100840334,0.017773389286595904,0.9662186705412278,0.9165562560577634,0.004123211253941328,0
2018-02-04,4150.0,4244.0,4150.0,4171.0,330871214,79318,27,4142.0,4163.0,42.00098500491237,-98.7774182858193,-99.87447097242855,4494.08051977427,4017.719480225729,4255.9,4492.54,0.7515804006160992,-0.031860465116279046,0.027647494445815823,0.009701673538685451,6596.0,4051.0,-0.36885991510006066,0.027647494445815848,0.9781714795930356,0.9266472863903271,0.04612058611578185,0
2018-02-05,4200.0,4236.0,4120.0,4174.0,215666866,51671,39,4171.0,4160.0,41.857206924596056,-94.47696047908266,-98.79496887375939,4476.484485393069,4011.6155146069314,4244.05,4487.74,0.4845001854229871,0.0186092066601371,0.002409638554216942,-0.0007206341580591191,6596.0,4051.0,-0.3693147362037599,0.026906936558874352,0.9801958035367161,0.9269699224999666,0.049759615384615374,0
2018-02-06,4084.0,4230.0,4084.0,4131.0,464131613,112358,67,4174.0,4150.0,41.34909123767582,-90.82871620908554,-97.20171834082463,4458.16794176556,4006.1320582344397,4232.15,4483.4,1.0283854445539724,0.00728155339805836,-0.033535165346995854,-0.0024038461538461453,6596.0,4051.0,-0.3708308065494239,0.024438410269069365,0.9805890622969413,0.9256367935049293,0.054216867469879526,1
2018-02-07,4091.0,4240.0,4091.0,4211.0,249372070,59215,75,4131.0,4233.0,47.090146086793006,-80.31423746525161,-93.82422216571004,4447.35257876511,4006.247421234891,4226.8,4480.06,0.5315591654121637,0.0244433688286545,-0.010750175274596874,0.020000000000000018,6596.0,4051.0,-0.3582474226804124,0.044927178474450755,1.001466830699347,0.9448534171417347,-0.007795889440113446,0
2018-02-10,4200.0,4293.0,4100.0,4148.0,573914829,138343,46,4211.0,4140.0,42.11564073664433,-78.579939446975,-90.77536562196303,4424.0976893630295,4004.30231063697,4214.2,4471.94,1.1755468778877665,0.004123211253941328,-0.028169014084507005,-0.021970233876683176,6596.0,4051.0,-0.37234687689508794,0.02196988397926438,0.9823928622277064,0.9257727071472337,0.035990338164251234,0
2018-02-12,4200.0,4355.0,4200.0,4328.0,2653230160,612997,151,4148.0,4355.0,54.16924812320421,-59.17466391189191,-84.45522527994882,4416.970390181367,4007.9296098186323,4212.45,4464.24,4.1781153608515496,0.04612058611578185,0.012790697674418539,0.05193236714975846,6596.0,4051.0,-0.3397513644633111,0.07504319921007159,1.0338401642749468,0.9755299894270918,-0.0491389207807118,0
2018-02-13,4397.0,4400.0,4300.0,4348.0,251614253,57870,45,4328.0,4367.0,54.73579799918263,-42.33948035691992,-76.03207629534305,4407.73463963516,4013.0653603648393,4210.4,4457.56,0.3952219597805142,0.049759615384615374,0.06929480901077367,0.002755453501722238,6596.0,4051.0,-0.33793208004851427,0.07800543075783757,1.0371936158084742,0.979683952655713,-0.031600641172429556,0
2018-02-14,4370.0,4400.0,4260.0,4315.0,440750656,102153,41,4348.0,4375.0,55.13398955329274,-28.02884389240444,-66.43142981475533,4404.344915187681,4014.955084812318,4209.65,4451.06,0.704553738835841,0.054216867469879526,0.061893203883495174,0.0018319212273871788,6596.0,4051.0,-0.33671922377198304,0.07998025178968156,1.0392787999002293,0.9829119355838833,-0.06285714285714283,0
2018-02-17,4385.0,4385.0,4141.0,4234.0,514596668,121552,65,4315.0,4200.0,45.669518383332104,-30.457503712029393,-59.23664459421015,4393.331685159896,4014.968314840103,4204.15,4442.28,0.8235952951156623,-0.007795889440113446,0.01645692158760892,-0.040000000000000036,6596.0,4051.0,-0.3632504548211037,0.0367810417180943,0.9990128801303475,0.945460439233907,-0.024523809523809503,0
2018-02-18,4320.0,4320.0,4195.0,4290.0,315959162,73657,30,4234.0,4289.0,50.33861048876974,-24.913490707895107,-52.372013816947145,4401.9716558231885,4020.528344176812,4211.25,4436.06,0.6272933098904917,0.035990338164251234,0.0402619451855446,0.021190476190476204,6443.0,4051.0,-0.3343163122768896,0.05875092569735868,1.0184624517661027,0.9668489605641041,-0.03474003264164138,0
2018-02-19,4180.0,4242.0,4128.0,4159.0,293888196,70664,46,4290.0,4141.0,43.6246707268724,-32.09224415812696,-48.31605988518311,4395.039570248631,4036.460429751369,4215.75,4424.88,0.6399860888340252,-0.0491389207807118,-0.005284650492433318,-0.034506878060153845,6443.0,4051.0,-0.3572869781157846,0.02221673660824488,0.9822688726798315,0.9358445878758294,0.00603718908476214,0
2018-02-21,4280.0,4280.0,4120.0,4183.0,114440680,27357,21,4159.0,4229.0,48.06054516014705,-30.330957041835063,-44.7190393165135,4396.484727847003,4042.915272152996,4219.7,4413.82,0.25244269240830997,-0.031600641172429556,0.016586538461538458,0.021250905578362733,6280.0,4051.0,-0.3265923566878981,0.04393976795852876,1.0022039481479728,0.9581269739137528,-0.0009458500827619343,0
2018-02-24,4270.0,4270.0,4100.0,4116.0,261916288,63634,44,4183.0,4100.0,42.75022964073505,-38.895977596969715,-43.554426972604745,4390.659901472182,4029.3400985278176,4210.0,4399.82,0.6022020680645241,-0.06285714285714283,-0.012048192771084376,-0.03050366516907066,6280.0,4051.0,-0.3471337579617834,0.012095778820044433,0.9738717339667459,0.9318563032124042,0.08829268292682935,1
2018-02-25,4200.0,4200.0,4060.0,4092.0,447852048,109438,49,4116.0,4097.0,42.63225567656623,-45.402521022251676,-43.92404578253413,4385.042227639229,4016.7577723607696,4200.9,4383.78,0.9960708002297267,-0.024523809523809503,-0.032128514056224855,-0.0007317073170731714,6219.0,4051.0,-0.3412124135713137,0.011355220933102938,0.9752672046466234,0.9345815711554869,0.0915303880888454,1
2018-02-26,4063.0,4226.0,4063.0,4144.0,203743291,49162,35,4092.0,4140.0,44.976111447955084,-46.552633152917224,-44.44976325661075,4378.76832244826,4011.031677551739,4194.9,4364.48,0.4734871012278285,-0.03474003264164138,0.0,0.010495484500854246,6219.0,4051.0,-0.3342981186685962,0.02196988397926438,0.9869126796824716,0.9485666104553121,0.06400966183574885,1
2018-02-27,4100.0,4195.0,4100.0,4159.0,243865429,58636,29,4144.0,4166.0,46.40205017318058,-44.84912974357667,-44.529636554003936,4365.924055771685,4010.475944228315,4188.2,4343.8,0.5651834248461519,0.00603718908476214,-0.043398392652123974,0.006280193236714915,6219.0,4051.0,-0.33011738221579034,0.028388052332757343,0.9946993935342152,0.9590680970578755,0.08017282765242428,1
2018-02-28,4190.0,4366.0,4100.0,4250.0,2555123776,601152,201,4159.0,4225.0,49.594270345234385,-38.29682217507707,-43.283073678218564,4366.965899088982,4023.5341009110175,4195.25,4328.3,4.638733274688643,-0.0009458500827619343,-0.032516601786123145,0.014162265962553988,6219.0,4051.0,-0.32063032641903844,0.04295235744260676,1.0070913533162504,0.9761338169720213,0.06485207100591706,1
2018-03-03,4260.0,4462.0,4230.0,4419.0,2317439176,524435,151,4250.0,4462.0,59.920617085772655,-13.820833941352248,-37.3906257308453,4415.857518288487,4008.8424817115138,4212.35,4321.32,3.4536339102615603,0.08829268292682935,0.019885714285714284,0.056094674556212976,6219.0,4051.0,-0.28252130567615374,0.10145643051098494,1.0592662053248185,1.0325548674941916,-0.02039444195428064,0
2018-03-04,4490.0,4639.0,4460.0,4577.0,2447947564,534852,140,4419.0,4472.0,60.29027500516187,6.3107332952286015,-28.650353925630522,4458.373383085526,4000.326616914474,4229.35,4311.76,3.0878568038824237,0.0915303880888454,0.0647619047619048,0.0022411474675032572,6219.0,4051.0,-0.28091333011738223,0.10392495680078993,1.057372882357809,1.0371634784867432,-0.04427549194991054,0
2018-03-05,4530.0,4530.0,4349.0,4361.0,577130387,132339,46,4577.0,4405.0,56.528393449743334,16.666682175225105,-19.586946705459397,4479.17227302472,4007.72772697528,4243.45,4306.0,0.7391582279170342,0.06400966183574885,0.027045931452553074,-0.014982110912343471,6219.0,4051.0,-0.2916867663611513,0.08738583065909653,1.0380704379691055,1.0229911751045053,-0.030646992054483513,0
2018-03-06,4530.0,4530.0,4422.0,4491.0,1562991156,348002,86,4361.0,4500.0,60.309968962824435,32.16873121596109,-9.235811121175301,4517.784834504757,4002.815165495244,4260.3,4299.3,1.8080435133304775,0.08017282765242428,0.08669403525718433,0.02156640181611813,6219.0,4051.0,-0.276410998552822,0.11083683041224389,1.056263643405394,1.0466820180029306,-0.033333333333333326,0
2018-03-07,4497.0,4710.0,4410.0,4601.0,411627237,89457,59,4491.0,4499.0,60.250554904820376,43.867843926325804,1.3849198883249194,4550.256868045371,4004.243131954628,4277.25,4294.08,0.46025581429449386,0.06485207100591706,0.06384488058642712,-0.00022222222222223476,6219.0,4051.0,-0.27657179610869914,0.11058997778326339,1.0518440586825648,1.04772151427081,-0.034452100466770386,0
2018-03-10,4499.0,4650.0,4371.0,4498.0,2613830878,581163,90,4601.0,4371.0,53.046872636546965,42.323070762922725,9.572550063244481,4557.676390947581,4018.9236090524196,4288.3,4287.5,2.6682855541154225,-0.02039444195428064,0.06609756097560981,-0.028450766837074926,6219.0,4051.0,-0.2971538832609744,0.07899284127375956,1.0192850313644102,1.0194752186588922,0.03614733470601683,0
2018-03-11,4480.0,4560.0,4274.0,4466.0,4386030040,982164,102,4498.0,4274.0,48.330963792628644,32.89257246381203,14.236554543357991,4558.633637219909,4022.066362780091,4290.35,4280.24,3.721003889542524,-0.04427549194991054,0.04320234317793514,-0.022191718142301586,6219.0,4051.0,-0.31275124618105804,0.0550481362626512,0.9961891220995955,0.9985421378240473,0.0458586803930745,0
2018-03-12,4420.0,4499.0,4254.0,4481.0,2625020476,585761,30,4466.0,4270.0,48.1409028896618,24.81007297061933,16.35125822881026,4556.40521570553,4037.29478429447,4296.85,4275.8,2.0458102714685986,-0.030646992054483513,0.0314009661835748,-0.0009358914365933391,6219.0,4051.0,-0.31339443640456666,0.0540607257467292,0.9937512363708297,0.9986435286963843,0.05433255269320836,1
2018-03-13,4440.0,4600.0,4350.0,4571.0,2886100485,631366,43,4481.0,4350.0,52.190365858911925,24.576660855204864,17.99633875408918,4555.940239839375,4037.259760160626,4296.6,4276.2,2.1980380913986073,-0.033333333333333326,0.04416706673067683,0.0187353629976581,6001.0,4051.0,-0.27512081319780035,0.0738089360651691,1.0124284317832704,1.0172583134558721,0.06781609195402294,1
2018-03-14,4509.0,4591.0,4343.0,4553.0,2797823344,614437,70,4571.0,4344.0,51.86326754717866,23.63507972939351,19.124086949150048,4553.733158568158,4037.1668414318415,4295.45,4274.88,1.9501661619889354,-0.034452100466770386,0.028165680473372756,-0.0013793103448276334,6001.0,4051.0,-0.27612064655890683,0.07232782029128611,1.0113026574631296,1.0161688749157871,0.06813996316758741,1
2018-03-17,4400.0,4600.0,4326.0,4530.0,5324398282,1175463,118,4553.0,4529.0,60.15534252587207,37.385862839035326,22.776442127127105,4579.04220721134,4027.2577927886596,4303.15,4280.2,3.187829835853462,0.03614733470601683,0.01501568803227249,0.04258747697974208,5878.0,4051.0,-0.22949982987410683,0.11799555665267836,1.0524848076409143,1.058128124853979,0.017663943475380917,0
2018-03-18,4565.0,4701.0,4340.0,4679.0,3381743604,722728,59,4530.0,4470.0,56.795159718167135,43.02666598375163,26.82648689845201,4597.412016661702,4035.8879833382975,4316.65,4284.36,1.8122869902419387,0.0458586803930745,-0.0004472271914132131,-0.013027158313093423,5878.0,4051.0,-0.23953725757060224,0.10343125154282894,1.035525233688161,1.0433296921827298,0.026174496644295386,0
2018-03-19,4600.0,4722.0,4446.0,4674.0,4297045660,919410,121,4679.0,4502.0,58.16024713093171,49.50847282381437,31.362884083524484,4619.004713708824,4035.5952862911768,4327.3,4286.42,2.0844470743468886,0.05433255269320836,0.022020431328036327,0.007158836689038051,5878.0,4051.0,-0.2340932289894522,0.11133053567020489,1.0403715942966745,1.050293718301053,0.012883163038649448,0
2018-03-25,4502.0,4680.0,4502.0,4596.0,76849495,16721,12,4674.0,4645.0,63.68248296240421,65.43001980307963,38.17631122743552,4662.010258311334,4042.989741688666,4352.5,4291.56,0.03814237226120443,0.06781609195402294,0.03222222222222215,0.0317636605952909,5878.0,4051.0,-0.2097652262674379,0.1466304616144162,1.0672027570361862,1.0823569983875327,-0.027987082884822434,0
2018-03-26,4600.0,4650.0,4435.0,4636.0,1339151980,288840,34,4596.0,4640.0,63.36755484390046,76.75966464662815,45.89298191127405,4701.056387132858,4045.0436128671427,4373.05,4296.42,0.6397937349653788,0.06813996316758741,0.031340297843965415,-0.0010764262648008671,5878.0,4051.0,-0.2106158557332426,0.1453961984695137,1.0610443511965333,1.0799689043436163,-0.06228448275862064,0
2018-03-27,4600.0,4638.0,4480.0,4602.0,592208660,128699,16,4636.0,4609.0,61.342082403178914,82.28847853092884,53.17208123520501,4716.65185053674,4080.34814946326,4398.5,4300.84,0.28303456314309355,0.017663943475380917,0.05444978265843048,-0.0066810344827585855,5878.0,4051.0,-0.2158897584212317,0.13774376697111823,1.0478572240536546,1.0716511193162266,-0.06487307441961376,0
2018-03-28,4463.0,4634.0,4408.0,4609.0,917858084,199150,28,4602.0,4587.0,59.879293270297744,83.92742412653843,59.3231498134717,4719.218838023436,4126.781161976564,4423.0,4305.78,0.4336919994115814,0.026174496644295386,0.07323350491343006,-0.004773269689737458,5878.0,4051.0,-0.21963252807077238,0.13231300913354727,1.0370789057200995,1.0653122082410156,-0.04076738609112707,0
2018-04-03,4600.0,4600.0,4455.0,4544.0,270507075,59532,41,4609.0,4560.0,58.04972286073989,82.10121427550257,63.878762705877875,4715.509852491499,4172.490147508501,4444.0,4309.14,0.12949752493581082,0.012883163038649448,0.06791569086651061,-0.005886200130804431,5878.0,4051.0,-0.22422592718611772,0.1256479881510738,1.026102610261026,1.0582157924783135,-0.03815789473684206,0
2018-04-04,4600.0,4600.0,4461.0,4557.0,422744990,92770,26,4544.0,4515.0,55.031724385156586,76.14505311841731,66.33202078838576,4702.387730544548,4220.512269455452,4461.45,4311.64,0.20105237710248133,-0.027987082884822434,0.037931034482758585,-0.009868421052631526,5878.0,4051.0,-0.23188159237835998,0.11453961984695137,1.012002824193928,1.047165347756306,-0.03654485049833889,0
2018-04-07,4549.0,4549.0,4334.0,4429.0,689690243,155727,60,4557.0,4351.0,45.705544816898886,57.52817411365322,64.57125145343926,4689.448782134584,4246.051217865416,4467.75,4310.5,0.3546093961345397,-0.06228448275862064,0.0016114180478821183,-0.03632336655592472,5878.0,4051.0,-0.259782238856754,0.0740557886941496,0.9738682782161043,1.0093956617561768,0.011261778901402009,0
2018-04-08,4450.0,4450.0,4310.0,4449.0,898620000,202000,39,4429.0,4310.0,43.711165636973476,39.01605325107539,59.46021181296649,4692.29157318317,4228.008426816829,4460.15,4308.9,0.47750857772060806,-0.06487307441961376,-0.048355045263855145,-0.00942312112158128,5878.0,4051.0,-0.2667574004763525,0.06393483090594915,0.9663352129412689,1.0002552855717237,0.03944315545243615,0
2018-04-09,4450.0,4450.0,4230.0,4356.0,535971390,123042,46,4449.0,4400.0,48.97459323388511,31.24711464647953,53.81759237966911,4690.0738531712705,4223.02614682873,4456.55,4310.7,0.3057410876766155,-0.04076738609112707,-0.015659955257270708,0.02088167053364276,5878.0,4051.0,-0.251446070091868,0.08615156751419403,0.9873108121753373,1.0207158930104159,0.022727272727272707,0
2018-04-10,4400.0,4448.0,4180.0,4333.0,411451012,94957,21,4356.0,4386.0,48.21926247435207,23.687437795055303,47.791561462746344,4690.107483889015,4221.092516110985,4455.6,4315.48,0.23705502254353145,-0.03815789473684206,-0.025766326077299007,-0.0031818181818181746,5878.0,4051.0,-0.25382783259612113,0.08269563070846704,0.9843792081874494,1.0163411717815864,0.02576379388964889,0
2018-04-11,4410.0,4494.0,4200.0,4467.0,2648057373,592793,84,4333.0,4350.0,46.24419164772898,14.622876868213098,41.157824543839695,4686.017548743165,4210.1824512568355,4448.1,4321.46,1.4359982461622687,-0.03654485049833889,-0.06350914962325083,-0.008207934336525335,5878.0,4051.0,-0.25995236474991495,0.0738089360651691,0.9779456397113373,1.0066042494897558,0.034482758620689724,0
2018-04-15,4400.0,4400.0,4400.0,4400.0,440000000,100000,18,4467.0,4400.0,49.34743437026267,11.342974411362775,35.19485451734431,4680.744844220062,4205.555155779937,4443.15,4326.46,0.24193383520894554,0.011261778901402009,-0.051724137931034475,0.011494252873563315,5878.0,4051.0,-0.251446070091868,0.08615156751419403,0.9902884215027628,1.0169977302459747,0.022727272727272707,0
2018-04-16,4400.0,4480.0,4400.0,4465.0,1271437300,284742,39,4400.0,4480.0,53.930043508301125,15.025751980367204,31.161034009948892,4684.317967070727,4212.882032929274,4448.6,4330.18,0.714507430207789,0.03944315545243615,-0.02798871772618794,0.018181818181818077,5878.0,4051.0,-0.23783599863899285,0.10589977783263392,1.00705840039563,1.0345990235971714,0.0044642857142858094,0
2018-04-17,4420.0,4500.0,4280.0,4412.0,830974278,188349,48,4465.0,4500.0,55.02551790518755,19.335326976250144,28.795892603209147,4682.3490053921505,4237.450994607849,4459.9,4334.6,0.5249058487808869,0.022727272727272707,-0.018966644865925475,0.0044642857142858094,5878.0,4051.0,-0.23443348077577408,0.11083683041224389,1.0089912329872868,1.038158076869838,0.01200000000000001,0
2018-04-18,4450.0,4499.0,4450.0,4492.0,1037398450,230921,17,4412.0,4499.0,54.95515438642304,22.411656936257714,27.519045469818863,4676.417086583777,4266.282913416224,4471.35,4339.38,0.6770241849219112,0.02576379388964889,-0.013377192982456099,-0.00022222222222223476,5878.0,4051.0,-0.234603606668935,0.11058997778326339,1.0061838147315687,1.036784056708562,0.013558568570793517,0
2018-04-21,4500.0,4500.0,4499.0,4500.0,203884500,45309,10,4492.0,4500.0,55.017100710157685,24.646255543828374,26.94448748462077,4676.451897764062,4281.248102235939,4478.85,4343.38,0.1453238586885924,0.034482758620689724,-0.0033222591362126463,0.0002222716159145932,5878.0,4051.0,-0.23443348077577408,0.11083683041224389,1.0047221943132723,1.0360594744185403,0.022222222222222143,0
2018-04-22,4500.0,4500.0,4500.0,4500.0,450000000,100000,29,4500.0,4500.0,55.017100710157685,26.116140429601728,26.778818073616964,4674.415039344281,4298.884960655719,4486.65,4351.7,0.3495798836353441,0.022727272727272707,0.03424500114916107,0.0,5878.0,4051.0,-0.23443348077577408,0.11083683041224389,1.002975493965431,1.0340786359353815,-0.019555555555555548,0
2018-04-23,4500.0,4550.0,4500.0,4523.0,248785400,55000,19,4500.0,4500.0,55.017100710157685,26.970139808146996,26.817082420522972,4672.080282533923,4298.319717466076,4485.2,4359.3,0.23909457059701913,0.0044642857142858094,0.044083526682134666,0.0,5878.0,4051.0,-0.23443348077577408,0.11083683041224389,1.0032997413716223,1.0322758241001995,-0.014222222222222247,0
2018-04-24,4511.0,4554.0,4500.0,4531.0,317166395,70000,17,4523.0,4554.0,58.83517615943465,31.63956792742647,27.781579521903673,4678.487704518193,4300.312295481806,4489.4,4367.74,0.3546133422763441,0.01200000000000001,0.03499999999999992,0.01200000000000001,5878.0,4051.0,-0.22524668254508337,0.12416687237719082,1.0143894507061078,1.0426444797538315,-0.005270092226614009,0
2018-04-25,4550.0,4560.0,4321.0,4540.0,156842748,34544,24,4531.0,4560.0,59.24905848788216,35.4160193835296,29.30846749422886,4683.834957644707,4300.765042355293,4492.3,4376.48,0.2255495746786911,0.013558568570793517,0.039671682626539084,0.0013175230566535578,5878.0,4051.0,-0.22422592718611772,0.1256479881510738,1.0150702312846425,1.0419332431543158,0.015350877192982448,0
2018-04-28,4562.0,4600.0,4540.0,4575.0,228733197,50000,20,4540.0,4600.0,61.99260396213739,41.16205947724575,31.67918589083224,4675.311409904923,4304.788590095078,4490.05,4385.22,0.3229582980097695,0.022222222222222143,0.05747126436781613,0.00877192982456143,5878.0,4051.0,-0.21742089145968016,0.13552209331029375,1.0244874778677298,1.0489781584504312,-0.03260869565217395,0
2018-04-29,4580.0,4600.0,4350.0,4507.0,340681894,75591,36,4575.0,4412.0,46.23668478457033,30.197708445515673,31.38289040176893,4653.35921555533,4303.94078444467,4478.65,4390.26,0.5243683418622703,-0.019555555555555548,0.0027272727272726893,-0.04086956521739127,5878.0,4051.0,-0.2494045593739367,0.08911379906196001,0.9851182834112959,1.0049518707320295,0.01155938349954666,0
2018-04-30,4605.0,4671.0,4436.0,4621.0,152492158,33000,11,4507.0,4436.0,48.051833307560784,23.17780141557978,29.741872604531103,4634.892692378886,4305.107307621114,4470.0,4395.98,0.23677750125832892,-0.014222222222222247,-0.009821428571428537,0.005439709882139709,5878.0,4051.0,-0.24532153793807418,0.09503826215749198,0.992393736017897,1.0091037720826757,0.04756537421100093,0
2018-05-01,4600.0,4645.0,4530.0,4621.0,129618570,28051,18,4621.0,4530.0,54.5273925232293,24.912315264881727,28.77596113660123,4625.703807901159,4308.59619209884,4467.15,4401.92,0.2144303007879746,-0.005270092226614009,0.006666666666666599,0.021190261496844,5878.0,4051.0,-0.2293297039809459,0.11824240928165886,1.0140693730902255,1.0290963943006688,-0.015452538631346546,0
2018-05-05,4650.0,4671.0,4500.0,4600.0,363473511,79008,52,4621.0,4630.0,60.20988738575206,33.964571810462076,29.8136832713734,4639.9725029343645,4301.327497065635,4470.65,4411.72,0.5994982934998201,0.015350877192982448,0.029117581684818816,0.02207505518763786,5878.0,4051.0,-0.21231711466485198,0.14292767217970873,1.0356435865030813,1.0494773013699872,-0.02807775377969768,0
2018-05-06,4610.0,4699.0,4450.0,4599.0,282939166,61516,27,4600.0,4450.0,48.46879283487377,26.310760593347368,29.113098735768194,4635.6847586680315,4299.115241331968,4467.4,4413.62,0.4723733466433741,-0.03260869565217395,-0.011111111111111072,-0.0388768898488121,5878.0,4051.0,-0.24293977543382103,0.09849419896321895,0.9961051170703318,1.0082426670170972,0.01573033707865168,0
2018-05-07,4645.0,4688.0,4463.0,4616.0,245662046,53222,14,4599.0,4463.0,49.23868371699051,21.05138416291993,27.500755821198542,4632.650869086135,4313.349130913865,4473.0,4415.54,0.425427999896085,0.01155938349954666,-0.008222222222222242,0.0029213483146066643,5878.0,4051.0,-0.2407281388227288,0.10170328313996545,0.9977643639615471,1.0107484022339284,0.04862200313690335,0
2018-05-08,4660.0,4685.0,4530.0,4654.0,328945271,70674,37,4616.0,4647.0,58.654293145864585,31.36895095773616,28.274394848506066,4648.261205411611,4331.43879458839,4489.85,4420.98,0.5962241834650164,0.04756537421100093,0.03266666666666662,0.04122787362760483,5878.0,4051.0,-0.20942497448111602,0.1471241668723772,1.035001169304097,1.0511244113296148,0.047127178825048466,0
2018-05-09,4671.0,4700.0,4425.0,4562.0,663734575,145490,56,4654.0,4460.0,48.75615566254981,24.17765484589563,27.45504684798398,4646.543558745836,4339.156441254165,4492.85,4426.18,1.2158783737198449,-0.015452538631346546,-0.020641194554238074,-0.04024101570905958,5878.0,4051.0,-0.24123851650221165,0.10096272525302394,0.9926883826524365,1.0076409002796993,0.13026905829596402,1
2018-05-12,4600.0,4600.0,4500.0,4555.0,247110000,54245,31,4562.0,4500.0,50.67365694715936,21.458802851195287,26.25579804862624,4644.216022118956,4352.883977881044,4498.55,4430.4,0.46117779086103666,-0.02807775377969768,-0.013157894736842146,0.008968609865470878,5878.0,4051.0,-0.23443348077577408,0.11083683041224389,1.0003223260828489,1.015709642470206,0.17622222222222228,1
2018-05-13,4670.0,4700.0,4501.0,4622.0,381763350,82599,39,4555.0,4520.0,51.64789268022967,20.679544988097405,25.140547436520475,4635.922766711827,4378.177233288174,4507.05,4437.98,0.8967133321500048,0.01573033707865168,-0.017391304347826098,0.004444444444444473,5878.0,4051.0,-0.2310309629125553,0.11577388299185386,1.0028732763115562,1.0184813811689102,0.21814159292035407,1
2018-05-14,4640.0,4680.0,4581.0,4635.0,487768076,105230,29,4622.0,4680.0,58.679095497603235,32.59688375645965,26.63181470050831,4660.744631249601,4381.355368750399,4521.05,4447.0,1.1391665778074156,0.04862200313690335,0.06074342701722579,0.03539823008849563,5878.0,4051.0,-0.20381082000680503,0.15527030362873365,1.0351577620243084,1.0523948729480548,0.1773504273504274,1
2018-05-15,4679.0,4866.0,4679.0,4801.0,1617482112,336907,66,4635.0,4866.0,65.04302931075452,56.3999624637936,32.58544425316537,4744.0304114291885,4336.669588570812,4540.35,4462.32,3.5470316731029197,0.047127178825048466,0.09693417493237155,0.039743589743589824,5878.0,4051.0,-0.17216740387887036,0.20118489261910638,1.0717235455416432,1.0904641531759265,0.13234689683518286,1
2018-05-16,5041.0,5041.0,5040.0,5041.0,1498647972,297292,61,4801.0,5041.0,69.76173124523493,88.36647754830028,43.741650912192355,4864.659751732328,4270.140248267671,4567.4,4481.2,2.9601926516940416,0.13026905829596402,0.11280353200883009,0.035963830661734475,5878.0,4051.0,-0.14239537257570603,0.24438410269069366,1.1036913780268862,1.1249218959207357,0.06923229517952789,1
2018-05-19,5293.0,5293.0,5097.0,5244.0,3757417089,716545,202,5041.0,5293.0,74.99589438714945,132.50700671652248,61.494722073058384,5038.866557296845,4175.333442703156,4607.1,4504.26,5.7456370180212435,0.17622222222222228,0.14319654427645778,0.049990081333068925,5878.0,4051.0,-0.09952364749914937,0.3065909651937793,1.1488789042998848,1.1751097849591274,-0.02777252975628186,0
2018-05-20,5506.0,5506.0,5451.0,5506.0,3567205537,647934,127,5244.0,5506.0,78.3993554650725,182.57144402249105,85.71006646294492,5236.72042946885,4078.0795705311493,4657.4,4531.06,4.184474020035856,0.21814159292035407,0.23730337078651687,0.040241828830530846,5878.0,4051.0,-0.06328683225586934,0.35917057516662554,1.1822046635461847,1.215168194638782,-0.06102433708681443,0
2018-05-21,5439.0,5574.0,5439.0,5475.0,1635235741,298677,119,5506.0,5510.0,78.45865446405035,220.0342203274804,112.57489723585202,5390.425867641642,4025.3741323583567,4707.9,4556.76,1.8126216611920711,0.1773504273504274,0.2345955635222945,0.0007264802034143703,5878.0,4051.0,-0.06260632868322559,0.36015798568254753,1.1703732024894327,1.2091924964228968,-0.06243194192377499,0
2018-05-22,5441.0,5600.0,5390.0,5508.0,1656698859,300773,109,5475.0,5510.0,78.45865446405035,246.87788586184615,139.43549496105084,5517.128515346551,3999.6714846534487,4758.4,4577.72,1.6986596440062374,0.13234689683518286,0.18571121153432313,0.0,5860.0,4051.0,-0.059726962457337884,0.36015798568254753,1.1579522528581037,1.2036559684733885,-0.07078039927404722,0
2018-05-23,5579.0,5720.0,5355.0,5602.0,1467826314,262016,111,5508.0,5390.0,71.61806026618235,255.5231749743907,162.65303096371883,5600.267397161005,4000.132602838995,4800.2,4596.08,1.4036644118335613,0.06923229517952789,0.20852017937219736,-0.02177858439201452,5807.0,4051.0,-0.07180988462200792,0.33053567020488767,1.122869880421649,1.172738507597779,-0.05565862708719849,0
2018-05-29,5664.0,5664.0,5136.0,5417.0,19993728,3691,7,5402.0,5146.0,60.13686685727901,239.92021715687588,178.10646820235024,5635.136518536733,4023.8634814632674,4829.5,4610.9,0.019938089827279747,-0.02777252975628186,0.14355555555555566,-0.045269016697588094,5807.0,4051.0,-0.1138281384535905,0.270303628733646,1.0655347344445594,1.116051096315253,-0.003497862417411568,0
2018-05-30,5389.0,5677.0,5155.0,5437.0,1544038384,283972,58,5417.0,5170.0,60.80249097024398,226.87607394193492,187.86038935026718,5669.452524797347,4046.5474752026525,4858.0,4624.3,1.4427884330814218,-0.06102433708681443,0.14380530973451333,0.004663816556548683,5807.0,4051.0,-0.1096951954537627,0.27622809182917796,1.0642239604775627,1.1180070497156327,-0.048162475822050244,0
2018-06-02,5250.0,5300.0,5166.0,5178.0,657241085,126937,58,5437.0,5166.0,60.62080860539527,213.75173297362562,193.0386580749389,5690.658892018947,4100.741107981053,4895.7,4637.64,0.6366300640030452,-0.06243194192377499,0.10384615384615392,-0.000773694390715618,5642.0,4051.0,-0.08436724565756824,0.27524068131325596,1.0552117164041914,1.1139286361166454,-0.011614401858304313,0
2018-06-03,5305.0,5350.0,5100.0,5293.0,278926575,52693,33,5178.0,5120.0,58.457520719642844,197.36369679647578,193.9036658192463,5701.313222598625,4158.486777401375,4929.9,4652.62,0.26297376500696695,-0.07078039927404722,0.05219893136046028,-0.008904374758033295,5642.0,4051.0,-0.09252038284296349,0.26388546038015304,1.0385606198908701,1.1004552273772628,-0.0234375,0
2018-06-09,5300.0,5300.0,5029.0,5037.0,89209021,17710,11,5293.0,5090.0,57.028197834933856,179.88174598194018,191.0992818517851,5709.621198317565,4206.178801682434,4957.9,4668.94,0.08861355807452896,-0.05565862708719849,0.009720293592541118,-0.005859375,5642.0,4051.0,-0.097837646224743,0.2564798815107381,1.0266443453881684,1.0901832107501919,-0.05304518664047153,0
2018-06-10,5245.0,5245.0,5000.0,5166.0,932907815,180597,8,5037.0,5128.0,58.415182872942054,167.16646547503024,186.31271857643412,5722.318654260999,4243.281345739001,4982.8,4686.1,0.8812360932193465,-0.003497862417411568,-0.031173247685622574,0.007465618860510892,5642.0,4051.0,-0.09110244594115562,0.265860281411997,1.0291402424339728,1.0943001643157422,-0.04446177847113886,0
2018-06-11,5199.0,5199.0,4921.0,4952.0,542153074,109472,31,5166.0,4921.0,49.1153186714999,138.78649965936074,176.80747479301945,5705.390850022372,4307.309149977628,5006.35,4697.52,0.5279988115782376,-0.048162475822050244,-0.10624772974936436,-0.040366614664586575,5642.0,4051.0,-0.12779156327543426,0.21476178721303382,0.9829516514027185,1.0475740390674226,-0.01646006909164799,0
2018-06-12,5147.0,5147.0,4800.0,5004.0,121853921,24351,19,4952.0,5106.0,55.876288109855594,129.7277059330172,167.391521021019,5692.307158113157,4384.692841886843,5038.5,4712.76,0.11827174914790768,-0.011614401858304313,-0.0733212341197822,0.03759398496240607,5642.0,4051.0,-0.09500177242112726,0.26042952357442606,1.0133968442988985,1.0834415501744201,-0.021151586368977626,0
2018-06-13,5020.0,5100.0,4901.0,5017.0,357279737,71217,25,5004.0,5000.0,51.642329948856855,112.69614154989267,156.45244512679375,5685.323831305788,4426.976168694211,5056.15,4722.18,0.3458522689194794,-0.0234375,-0.09255898366606174,-0.02075989032510772,5642.0,4051.0,-0.11378943637008153,0.2342631449024932,0.988894712379973,1.0588329966244403,-0.04600000000000004,0
2018-06-17,5110.0,5110.0,4811.0,4843.0,381841274,78842,27,5017.0,4820.0,45.357170604364505,83.70906242864294,141.9037685871636,5652.629135319507,4495.670864680492,5074.15,4729.18,0.3891798504331515,-0.05304518664047153,-0.10575139146567714,-0.03600000000000003,5642.0,4051.0,-0.1456930166607586,0.18982967168600345,0.9499127932757211,1.0192041749309604,0.0012448132780082943,0
2018-06-18,4812.0,5049.0,4812.0,4974.0,10997928,2211,5,4843.0,4900.0,48.365023637161734,66.42620485582847,126.80825584089658,5616.81060689515,4571.489393104849,5094.15,4737.14,0.011055923169584661,-0.04446177847113886,-0.04780411970462495,0.016597510373443924,5642.0,4051.0,-0.1315136476426799,0.20957788200444336,0.9618876554479158,1.0343793934736993,-0.062448979591836706,0
2018-06-19,4973.0,4973.0,4790.0,4814.0,398864261,82855,33,4974.0,4840.0,46.30624821253009,47.34218590441105,110.91504185359948,5578.272750995941,4642.027249004058,5110.15,4741.04,0.41428307852003116,-0.01646006909164799,-0.06382978723404253,-0.01224489795918371,5642.0,4051.0,-0.14214817440623892,0.19476672426561342,0.9471346242282517,1.0208730573882523,-0.06590909090909092,0
2018-06-20,4995.0,5048.0,4800.0,5021.0,1268368400,252590,22,4814.0,4998.0,52.08981718425261,44.45479571849137,97.62299262657785,5554.579333885103,4697.520666114898,5126.05,4748.2,1.2180989862758307,-0.021151586368977626,-0.03252032520325199,0.032644628099173456,5642.0,4051.0,-0.1141439205955335,0.2337694396445322,0.9750197520507993,1.0526094098816394,-0.1296518607442977,0
2018-06-23,5050.0,5197.0,4770.0,5079.0,4546353931,895161,177,5021.0,4770.0,44.62067469590645,23.49795388372877,82.79798487800804,5563.261707989743,4679.238292010257,5121.25,4751.42,3.804714276970785,-0.04600000000000004,-0.068359375,-0.04561824729891961,5642.0,4051.0,-0.15455512229705778,0.17748704023697853,0.9314132291920918,1.0039104099406073,-0.0467505241090147,0
2018-06-24,4826.0,4900.0,4826.0,4835.0,1280454153,264841,141,5079.0,4826.0,46.64432915978662,11.278229325053871,68.4940337674172,5569.9111448365275,4651.0888551634725,5110.5,4756.2,1.1334739256829267,0.0012448132780082943,-0.05186640471512771,0.011740041928721245,5642.0,4051.0,-0.1446295639844027,0.19131078745988644,0.9443303003619998,1.0146755813464532,-0.10049730625777042,0
2018-06-25,4710.0,4827.0,4594.0,4610.0,2005344248,434976,162,4835.0,4594.0,40.10579405722729,-16.931278284449945,51.40897135704378,5578.407623985166,4572.692376014835,5075.55,4756.88,1.9809833324073054,-0.062448979591836706,-0.10413416536661468,-0.048072938251139674,5642.0,4051.0,-0.1857497341368309,0.13404097753641075,0.905123582665918,0.9657590689695766,-0.042228994340444026,0
2018-06-26,4574.0,4640.0,4501.0,4544.0,574633518,126449,30,4610.0,4521.0,38.28712401981552,-44.6631571433536,32.19454565696431,5543.611550228683,4508.988449771317,5026.3,4757.0,0.6534779695563162,-0.06590909090909092,-0.08128429181060759,-0.015890291684806268,5642.0,4051.0,-0.1986884083658277,0.11602073562083436,0.8994687941428088,0.9503889005675846,-0.024552090245520852,0
2018-06-27,4505.0,4550.0,4321.0,4401.0,363274006,82544,38,4544.0,4350.0,34.35688870081603,-79.52245645282801,9.851145235005845,5514.961174769161,4421.63882523084,4968.3,4756.98,0.4518133784796401,-0.1296518607442977,-0.14806110458284372,-0.03782349037823496,5642.0,4051.0,-0.22899680964197094,0.0738089360651691,0.8755509932975062,0.9144457197633794,0.05908045977011489,1
2018-06-30,4351.0,4547.0,4351.0,4477.0,112711267,25173,18,4401.0,4547.0,41.77252718343876,-90.21253475565936,-10.161590763127197,5436.265985026616,4404.034014973383,4920.15,4761.72,0.14902770566717324,-0.0467505241090147,-0.09060000000000001,0.045287356321839,5642.0,4051.0,-0.19408011343495216,0.12243890397432733,0.9241588162962512,0.9549070503935552,0.022652298218605704,0
2018-07-01,4450.0,4451.0,4315.0,4367.0,197235785,45160,27,4477.0,4341.0,37.05810687075385,-113.99293758829845,-30.92786012816145,5395.24415928905,4340.15584071095,4867.7,4760.54,0.28569241504351495,-0.10049730625777042,-0.09937759336099583,-0.0453045964372113,5642.0,4051.0,-0.2305919886565048,0.07158726240434461,0.8917969472235348,0.9118713423267109,0.029716655148583238,0
2018-07-02,4292.0,4490.0,4292.0,4356.0,353124736,81066,40,4367.0,4400.0,39.17542495564238,-126.6186898065962,-50.0660260638484,5379.031169366076,4281.768830633923,4830.4,4760.82,0.5005901846260533,-0.042228994340444026,-0.10204081632653061,0.01359133840129001,5642.0,4051.0,-0.22013470400567176,0.08615156751419403,0.9108976482278901,0.9242105351599095,0.026363636363636367,0
2018-07-03,4303.0,4474.0,4303.0,4388.0,99531568,22685,15,4356.0,4410.0,39.54661778762191,-134.2699920880932,-66.90681926869736,5346.928412256743,4237.871587743256,4792.4,4762.02,0.15237461923137635,-0.024552090245520852,-0.08884297520661155,0.002272727272727204,5642.0,4051.0,-0.21836228287841192,0.08862009380399902,0.9202069944078124,0.926077588922348,-0.03628117913832196,0
2018-07-04,4380.0,4607.0,4380.0,4568.0,653382147,143019,61,4388.0,4607.0,46.476359563600816,-123.01936006262076,-78.12932742748204,5296.743330786685,4232.156669213315,4764.45,4766.16,0.9554945664301185,0.05908045977011489,-0.07823129251700678,0.044671201814058925,5642.0,4051.0,-0.18344558667139313,0.13725006171315723,0.9669531635340911,0.9666062406633432,-0.07076188408942918,0
2018-07-07,4550.0,4709.0,4550.0,4698.0,56075137,11935,13,4568.0,4650.0,47.88073002107004,-109.37263286246343,-84.37798851447832,5249.343341813188,4232.556658186812,4740.95,4769.56,0.08083704781882206,0.022652298218605704,-0.02515723270440251,0.009333622747992099,5642.0,4051.0,-0.17582417582417584,0.1478647247593187,0.9808160811651674,0.9749326981943827,-0.08817204301075265,0
2018-07-08,4600.0,4600.0,4470.0,4515.0,155782100,34506,15,4698.0,4470.0,42.816265237953964,-111.79331516590173,-89.861053844763,5204.8594765712,4215.0405234288,4709.95,4768.96,0.23239102251107033,0.029716655148583238,-0.07376709490261091,-0.03870967741935483,5642.0,4051.0,-0.2077277561148529,0.10343125154282894,0.949054660877504,0.9373112796081325,-0.06644295302013425,0
2018-07-10,4331.0,4530.0,4311.0,4425.0,279547901,63172,29,4515.0,4516.0,44.433799555324875,-108.74634756699015,-93.63811258920845,5141.69198381715,4217.008016182851,4679.35,4769.3,0.44296645601241136,0.026363636363636367,-0.016978667827601268,0.010290827740492281,5642.0,4051.0,-0.19957461892945763,0.11478647247593186,0.9650913054163505,0.9468894806365714,-0.07440212577502214,0
2018-07-11,4320.0,4400.0,4250.0,4284.0,372461829,86936,53,4425.0,4250.0,37.7789354520213,-126.33922084343249,-100.17833424005326,5129.997315151555,4161.602684848445,4645.8,4764.3,0.6144562176267426,-0.03628117913832196,-0.059942490599424914,-0.058901682905225905,5642.0,4051.0,-0.2467210209145693,0.04912367316711923,0.9148047698996943,0.8920512981970069,0.016000000000000014,0
2018-07-14,4260.0,4287.0,4260.0,4282.0,5810072,1357,5,4284.0,4281.0,38.926931054237365,-136.21011334385457,-107.38469006081353,5064.875743360038,4144.224256639963,4604.55,4759.92,0.009669736113115248,-0.07076188408942918,-0.01586206896551723,0.007294117647058895,5642.0,4051.0,-0.24122651542006382,0.056776104665514686,0.929732547154445,0.8993848636111531,0.0016351319785097296,0
2018-07-15,4261.0,4300.0,4240.0,4247.0,151417096,35653,28,4282.0,4240.0,37.93016248178163,-145.66212184596316,-115.04017641784345,5015.3561831124525,4117.743816887548,4566.55,4754.72,0.25731731917401235,-0.08817204301075265,-0.06751704420497029,-0.009577201588413908,5642.0,4051.0,-0.24849344204182913,0.046655146877314244,0.9284908738544415,0.8917454655584345,-0.02523584905660381,0
2018-07-16,4208.0,4250.0,4171.0,4210.0,49565267,11773,18,4247.0,4173.0,36.29461919038627,-156.75230375677984,-123.38260188563073,4998.279562144214,4070.1204378557854,4534.2,4747.1,0.08707640579247074,-0.06644295302013425,-0.03870076019350377,-0.01580188679245287,5642.0,4051.0,-0.26036866359447003,0.030116020735620835,0.9203387587667065,0.879063006888416,0.026599568655643502,0
2018-07-17,4419.0,4419.0,4170.0,4186.0,251725848,60130,33,4210.0,4180.0,36.602200150342625,-163.096437119877,-131.32536893248,4954.834908871368,4041.5650911286316,4498.2,4739.5,0.4354121190551275,-0.07440212577502214,-0.050000000000000044,0.0016774502755811938,5642.0,4051.0,-0.2591279688053882,0.031843989138484324,0.9292605931261394,0.8819495727397405,0.01411483253588508,0
2018-07-18,4180.0,4318.0,4083.0,4143.0,466875111,112691,61,4186.0,4318.0,42.49663683934308,-155.1997161123909,-136.1002383684622,4906.748777750451,4037.45122224955,4472.1,4733.86,0.8072950340226455,0.016000000000000014,-0.0208616780045352,0.03301435406698561,5642.0,4051.0,-0.2346685572492024,0.06590965193779313,0.9655419154312291,0.9121520281546138,-0.03751736915238535,0
2018-07-21,4309.0,4309.0,4203.0,4273.0,77058754,18033,16,4143.0,4288.0,41.59132596120642,-149.63733109384884,-138.80765691353952,4804.489874826636,4068.7101251733643,4436.6,4731.38,0.14103376269913892,0.0016351319785097296,-0.06924245713045363,-0.0069476609541454515,5642.0,4051.0,-0.23998582063098192,0.058504073068378175,0.966505882883289,0.9062894969332415,-0.03684701492537312,0
2018-07-22,4261.0,4290.0,4132.0,4192.0,266595633,63596,30,4273.0,4133.0,37.18382544602975,-155.93874076770953,-142.23387368437352,4761.805667928624,4047.6943320713763,4404.75,4725.32,0.7370479719765081,-0.02523584905660381,-0.11118279569892475,-0.036147388059701524,5642.0,4051.0,-0.2674583481035094,0.020241915576400888,0.9383052386628072,0.8746497591697494,-0.0007258649891119795,0
2018-07-23,4151.0,4290.0,4150.0,4281.0,73637700,17201,11,4192.0,4284.0,43.46885494416369,-147.0530789364875,-143.1977147347963,4680.926952635628,4074.373047364371,4377.65,4720.4,0.23275182587928053,0.026599568655643502,-0.041610738255033586,0.036535204451972,5642.0,4051.0,-0.24069478908188585,0.05751666255245618,0.9786072436124406,0.9075502076095247,-0.059290382819794596,0
2018-07-24,4320.0,4320.0,4157.0,4174.0,98116120,23506,24,4281.0,4239.0,42.11644670231993,-142.0053030979352,-142.9592324074241,4651.790321867567,4068.009678132432,4359.9,4712.58,0.44077124654856387,0.01411483253588508,-0.06133746678476526,-0.010504201680672232,5642.0,4051.0,-0.24867068415455512,0.046408294248333745,0.9722700061928027,0.8995072762690501,-0.009200283085633365,0
2018-07-25,4172.0,4295.0,4156.0,4167.0,32132294,7712,14,4174.0,4156.0,39.66518672879003,-143.05328153670052,-142.97804223327938,4636.594248969108,4046.705751030892,4341.65,4706.7,0.16272651311180694,-0.03751736915238535,-0.022117647058823575,-0.019580089643783882,5642.0,4051.0,-0.26338177951081176,0.02591952604295236,0.95723975907777,0.882996579344339,-0.02550529355149178,0
2018-07-28,4010.0,4155.0,3959.0,4037.0,510851841,126558,68,4167.0,4130.0,38.90138152260301,-144.31818451252184,-143.24607068912786,4639.605190925723,4021.6948090742762,4330.65,4700.04,2.5519275867005695,-0.03684701492537312,-0.03527213267928053,-0.006256015399422554,5642.0,4051.0,-0.2679900744416873,0.019501357689459393,0.9536674633138214,0.8787159258219079,-0.01937046004842613,0
2018-07-29,4130.0,4200.0,4000.0,4089.0,188083204,45999,41,4037.0,4130.0,38.90138152260301,-143.66455368716834,-143.32976728873598,4613.781973149641,4005.8180268503597,4309.8,4689.7,0.9084535414658809,-0.0007258649891119795,-0.02594339622641506,0.0,5642.0,4051.0,-0.2679900744416873,0.019501357689459393,0.9582811267344192,0.8806533466959507,-0.021549636803874117,0
2018-07-30,4001.0,4200.0,4001.0,4037.0,375058442,92916,37,4089.0,4030.0,35.82424884093059,-149.4924548503568,-144.56230480106015,4621.206801427877,3967.293198572124,4294.25,4681.1,1.7523980521366522,-0.059290382819794596,-0.034267912772585674,-0.02421307506053272,5642.0,4030.0,-0.2857142857142857,0.0,0.9384642254177097,0.8609087607613595,-0.007444168734491274,0
2018-07-31,4190.0,4219.0,4059.0,4189.0,367798420,87793,46,4037.0,4200.0,43.94227214232041,-138.7936029998591,-143.40856444081993,4609.8889872235,3958.6110127764996,4284.25,4675.1,1.6453408122971855,-0.009200283085633365,0.004784688995215225,0.042183622828784184,5642.0,4030.0,-0.2555831265508685,0.04218362282878412,0.9803349477738227,0.8983765053153943,-0.04523809523809519,0
2018-08-01,4200.0,4200.0,4050.0,4093.0,81404609,19889,21,4189.0,4050.0,39.22714842281246,-140.79543014833143,-142.88593758232224,4601.74478386399,3930.7552161360095,4266.25,4665.7,0.37372166764533177,-0.02550529355149178,-0.06206577119036594,-0.0357142857142857,5642.0,4030.0,-0.282169443459766,0.004962779156327543,0.9493114561968943,0.8680369505111774,-0.008395061728395103,0
2018-08-04,4270.0,4270.0,4015.0,4050.0,245346010,60574,39,4093.0,4050.0,39.22714842281247,-140.75930691538633,-142.46061144893505,4547.568174299917,3929.231825700083,4238.4,4653.1,1.2337743016304625,-0.01937046004842613,-0.05550373134328357,0.0,5642.0,4030.0,-0.282169443459766,0.004962779156327543,0.9555492638731597,0.870387483613075,0.017530864197530915,0
2018-08-05,4025.0,4200.0,4025.0,4088.0,338397414,82776,50,4050.0,4041.0,38.93642018208335,-139.8448592893992,-141.93746101702789,4464.438966624183,3951.461033375816,4207.95,4636.6,1.5725357176441979,-0.021549636803874117,-0.02225985966610211,-0.0022222222222222365,5642.0,4030.0,-0.2837646224742999,0.002729528535980149,0.9603250989199017,0.8715438036492257,0.005939123979213035,0
2018-08-06,4120.0,4180.0,4000.0,4048.0,202477773,50019,39,4088.0,4000.0,37.570353820398594,-140.80539337970094,-141.7110474895625,4426.301586721981,3942.5984132780186,4184.45,4615.78,0.93643637834134,-0.007444168734491274,-0.06629318394024275,-0.010146003464489017,5642.0,4000.0,-0.2910315490960652,0.0,0.9559201328728986,0.8665924285819515,0.021500000000000075,0
2018-08-07,4016.0,4093.0,4000.0,4007.0,412621946,102972,30,4048.0,4010.0,38.14041778202052,-139.15560791336065,-141.19995957432215,4359.2332576702465,3959.0667423297527,4159.15,4590.12,1.8585594593911654,-0.04523809523809519,-0.05402217504128337,0.0024999999999999467,5520.0,4000.0,-0.27355072463768115,0.0025,0.964139307310388,0.8736155046055442,0.012468827930174564,0
2018-08-08,4010.0,4130.0,4010.0,4019.0,54028030,13443,13,4007.0,4016.0,38.503262431735045,-135.79858958032082,-140.11968557552188,4352.2264390742685,3942.673560925731,4147.45,4560.32,0.25987080885103386,-0.008395061728395103,-0.03368623676612126,0.0014962593516210099,5510.0,4000.0,-0.2711433756805808,0.004,0.9683058264716875,0.8806399550908709,0.020916334661354563,0
2018-08-11,3970.0,4180.0,3970.0,4104.0,65802117,16033,15,4019.0,4121.0,44.624689092783186,-123.24481636121163,-136.74471173265982,4335.026557899808,3943.8734421001914,4139.45,4532.54,0.3056038167596999,0.017530864197530915,-0.002179176755447987,0.02614541832669315,5510.0,4000.0,-0.2520871143375681,0.03025,0.9955428861322156,0.909203228211996,0.0009706381946128495,0
2018-08-12,4051.0,4070.0,4050.0,4065.0,50820866,12503,11,4104.0,4065.0,42.21137691688376,-116.47197618827704,-132.6901646237833,4323.132949361424,3938.2670506385757,4130.7,4503.64,0.24369540705397144,0.005939123979213035,-0.0157384987893463,-0.013588934724581447,5510.0,4000.0,-0.26225045372050815,0.01625,0.9840947054978576,0.9026032276114431,0.018942189421894184,0
2018-08-13,4050.0,4086.0,4021.0,4045.0,230667508,57032,29,4065.0,4086.0,43.44650974501147,-108.16309028425985,-127.78474975587861,4318.69476857959,3934.00523142041,4126.35,4477.56,1.0646495721390061,0.021500000000000075,0.013895781637717208,0.005166051660516535,5510.0,4000.0,-0.25843920145190563,0.0215,0.990221382093133,0.9125505855867927,-0.02104747919725891,0
2018-08-14,4000.0,4063.0,4000.0,4046.0,286619666,70832,29,4045.0,4060.0,42.24268957289112,-102.49472565536553,-122.726744935776,4313.112314781536,3927.587685218465,4120.35,4455.84,1.3091847352963464,0.012468827930174564,-0.033333333333333326,-0.006363191385217792,5510.0,4000.0,-0.2631578947368421,0.015,0.985353186015751,0.9111637760781356,0.012315270935960632,0
2018-08-15,3844.0,4100.0,3844.0,3929.0,1018832534,259286,101,4046.0,4100.0,44.777771384631734,-93.69478498423359,-116.92035294546753,4279.602255347776,3939.297744652223,4109.45,4434.44,4.220585949231406,0.020916334661354563,0.012345679012345734,0.009852216748768461,5510.0,4000.0,-0.2558983666061706,0.025,0.9977004221976177,0.924581232354029,0.024390243902439046,0
2018-08-18,4080.0,4125.0,4015.0,4115.0,1072832891,260695,102,3929.0,4125.0,46.36237009493704,-83.73819574064873,-110.28392150450378,4250.827388795279,3951.7726112047217,4101.3,4413.62,3.543652533243619,0.0009706381946128495,0.0185185185185186,0.0060975609756097615,5510.0,4000.0,-0.2513611615245009,0.03125,1.0057786555482409,0.9346069666169721,0.04145454545454541,0
2018-08-19,4189.0,4230.0,4120.0,4156.0,577283311,138916,51,4115.0,4142.0,47.46628868719181,-73.62704239321738,-102.95254568224651,4251.709827953804,3951.790172046196,4101.75,4394.06,1.7963411361939152,0.018942189421894184,0.024993813412521604,0.004121212121212192,5510.0,4000.0,-0.2482758620689655,0.0355,1.0098128847443164,0.942636195227193,0.0379043940125543,0
2018-08-20,4199.0,4200.0,3984.0,4028.0,1544773480,383472,107,4156.0,4000.0,40.05133314640027,-76.19377931596227,-97.60079240898966,4218.351337913393,3956.748662086608,4087.55,4372.26,4.00927166027332,-0.02104747919725891,0.0,-0.03428295509415746,5510.0,4000.0,-0.27404718693284935,0.0,0.9785813017577766,0.9148586772058386,0.08000000000000007,1
2018-08-21,4011.0,4130.0,4000.0,4015.0,1034236702,257589,83,4028.0,4110.0,46.963119019089696,-68.56152158516807,-91.79293824422535,4192.706272224876,3969.4937277751246,4081.1,4351.9,2.39951485997497,0.012315270935960632,0.02493765586034913,0.02750000000000008,5510.0,4000.0,-0.2540834845735027,0.0275,1.0070814241258486,0.9444150830671662,0.051094890510948954,1
2018-08-25,4066.0,4210.0,4045.0,4138.0,1012609245,244733,78,4015.0,4200.0,51.85418780564847,-54.62101741904553,-84.35855407918939,4202.220309451049,3964.3796905489517,4083.3,4337.48,2.0531033585986753,0.024390243902439046,0.04581673306772904,0.021897810218978186,5510.0,4000.0,-0.23774954627949182,0.05,1.0285798251414298,0.968304176618682,0.03452380952380962,0
2018-08-26,4210.0,4308.0,4152.0,4262.0,933961328,219145,88,4138.0,4296.0,56.46596314120257,-35.41838860035659,-74.57052098342284,4241.528516300048,3941.671483699952,4091.6,4321.28,1.7697124747185373,0.04145454545454541,0.04246542101431694,0.02285714285714291,5510.0,4000.0,-0.22032667876588022,0.074,1.0499560074298564,0.9941498815165878,0.023975791433892057,0
2018-08-27,4300.0,4440.0,4261.0,4350.0,1050645979,241525,83,4262.0,4299.0,56.60584954978459,-19.73064934240483,-63.60254665521924,4274.695326304297,3925.4046736957034,4100.05,4307.26,1.8077251105199086,0.0379043940125543,0.057564575645756566,0.0006983240223463749,5510.0,4000.0,-0.21978221415607985,0.07475,1.0485237984902622,0.9980823075458644,0.030239590602465727,0
2018-08-28,4341.0,4341.0,4200.0,4258.0,323536399,75975,38,4350.0,4320.0,57.632129718273696,-5.539621156346584,-51.989961555444715,4310.392257952505,3918.7077420474957,4114.55,4297.26,0.572272844024673,0.08000000000000007,0.05726872246696035,0.00488485694347518,5510.0,4000.0,-0.2159709618874773,0.08,1.0499325564156468,1.005291744041552,-0.00694444444444442,0
2018-08-29,4200.0,4348.0,4200.0,4328.0,490173402,113255,68,4258.0,4320.0,57.632129718273696,5.641835355879266,-40.46360217317992,4333.1336070818625,3907.9663929181374,4120.55,4285.66,0.8449772146005616,0.051094890510948954,0.0640394088669951,0.0,5510.0,4000.0,-0.2159709618874773,0.08,1.0484037325114366,1.0080127681617301,0.05347222222222214,1
2018-09-01,4227.0,4464.0,4227.0,4362.0,365514101,83790,67,4328.0,4345.0,58.971827982919464,16.332243331487916,-29.10443307224635,4366.38794862549,3904.212051374511,4135.3,4275.76,0.6105885632149357,0.03452380952380962,0.05975609756097566,0.0057870370370369795,5510.0,4000.0,-0.21143375680580762,0.08625,1.050709742944889,1.01619361236365,0.0904487917146144,1
2018-09-02,4449.0,4459.0,4325.0,4381.0,790689530,180487,73,4362.0,4399.0,61.78286715490484,28.829488972417494,-17.517648663313583,4406.986012397808,3898.5139876021926,4152.75,4263.78,1.2601737559164359,0.023975791433892057,0.0664242424242425,0.012428078250863006,5510.0,4000.0,-0.2016333938294011,0.09975,1.059298055505388,1.031713643762108,0.10502386906115024,1
2018-09-03,4225.0,4440.0,4225.0,4411.0,367734748,83360,33,4381.0,4429.0,63.28776737168948,40.68539950052582,-5.877039030545703,4447.6417603122445,3896.6582396877548,4172.15,4256.96,0.5819071280132856,0.030239590602465727,0.0692901979719942,0.0068197317572176175,5510.0,4000.0,-0.19618874773139747,0.10725,1.0615629831142217,1.0404138164323837,0.09370060961842408,1
2018-09-04,4370.0,4440.0,4250.0,4335.0,670250373,154613,75,4411.0,4290.0,52.89477505453979,38.42224792567595,2.9828183606986274,4454.801654852138,3918.498345147861,4186.65,4246.24,1.0412855899807925,-0.00694444444444442,0.07250000000000001,-0.03138405960713475,5510.0,4000.0,-0.22141560798548093,0.0725,1.024685607824872,1.0103055880025624,0.09557109557109555,1
2018-09-05,4377.0,4551.0,4278.0,4513.0,2610920536,578566,150,4335.0,4551.0,64.63760745218063,57.03177591773783,13.79260987210647,4512.510374652458,3914.889625347542,4213.7,4245.38,3.3586299978230896,0.05347222222222214,0.10729927007299267,0.060839160839160744,5510.0,4000.0,-0.17404718693284937,0.13775,1.0800484135083182,1.0719888443437335,0.08657437925730616,1
2018-09-08,4700.0,4738.0,4700.0,4735.0,886802365,187300,79,4513.0,4738.0,70.34224257572902,85.87933459051874,28.209954815788922,4612.064875470897,3887.535124529103,4249.8,4249.72,1.0350619641806666,0.0904487917146144,0.12809523809523804,0.04108987035816303,5510.0,4000.0,-0.14010889292196008,0.1845,1.1148759941644313,1.1148969814481895,0.03208104685521307,0
2018-09-09,4950.0,4950.0,4800.0,4876.0,972148686,199374,71,4735.0,4861.0,73.38370226621913,117.3139821593295,46.030760284497035,4730.821440923687,3842.7785590763133,4286.8,4259.94,1.0486612834679134,0.10502386906115024,0.13151769087523268,0.025960320810468618,5510.0,4000.0,-0.1177858439201452,0.21525,1.1339460669963608,1.1410958839795866,-0.008434478502365783,0
2018-09-10,4809.0,4910.0,4800.0,4868.0,1106220330,227253,80,4876.0,4844.0,72.28040428722767,139.24923045786363,64.67445431917037,4819.047020059872,3832.452979940128,4325.75,4265.88,1.1314005433638072,0.09370060961842408,0.1267736682949523,-0.0034972227936638234,5510.0,4000.0,-0.12087114337568058,0.211,1.1198058140206901,1.1355218618432774,0.007431874483897705,0
2018-09-11,4899.0,4899.0,4626.0,4710.0,1211345195,257189,91,4868.0,4700.0,63.562847187085545,143.3609009999309,80.41174365532248,4862.501963734903,3850.398036265097,4356.45,4273.06,1.2196696744760638,0.09557109557109555,0.08796296296296302,-0.029727497935590375,5510.0,4000.0,-0.147005444646098,0.175,1.0788600810292786,1.099914347095524,0.08021276595744675,1
2018-09-12,4730.0,4945.0,4730.0,4929.0,2727001064,553280,176,4710.0,4945.0,70.1575717532436,164.4927123818934,97.22793740063666,4948.384252101478,3853.0157478985225,4400.7,4283.96,2.354481666571982,0.08657437925730616,0.14467592592592582,0.05212765957446819,5510.0,4000.0,-0.10254083484573502,0.23625,1.1236848683164042,1.1543058291860802,0.06653185035389275,1
2018-09-15,5175.0,5175.0,4777.0,5038.0,1516668981,301068,126,4929.0,4890.0,67.21647540466873,174.78694964830993,112.73973985017132,5008.984528622182,3871.415471377818,4440.2,4293.56,1.2699044728714133,0.03208104685521307,0.1254315304948217,-0.011122345803842304,5510.0,4000.0,-0.11252268602540835,0.2225,1.1013017431647223,1.1389150262253234,0.13231083844580782,1
2018-09-16,4988.0,4988.0,4787.0,4798.0,1425678394,297133,97,5038.0,4820.0,63.564169751171484,175.27631560178907,125.24705500049487,5047.370291394321,3902.5297086056785,4474.95,4297.82,1.243748722013268,-0.008434478502365783,0.09570356899295285,-0.014314928425357865,5510.0,4000.0,-0.12522686025408347,0.205,1.0771070067821986,1.1214988063716025,0.20331950207468874,1
2018-09-17,4983.0,4983.0,4750.0,4836.0,1627048930,336434,105,4798.0,4880.0,65.30438840945712,178.44859587187239,135.88736317477037,5088.790646860631,3934.9093531393705,4511.85,4302.42,1.3523514327386712,0.007431874483897705,0.10182885527207053,0.012448132780082943,5510.0,4000.0,-0.11433756805807622,0.22,1.0815962410097852,1.1342453781825113,0.25,1
2018-09-18,4778.0,5077.0,4778.0,5023.0,2133182710,424711,123,4836.0,5077.0,70.31718315354868,194.6154981248228,147.63299016478086,5142.537966850281,3988.862033149719,4565.7,4314.56,1.6931617491697861,0.08021276595744675,0.18344988344988344,0.04036885245901645,5510.0,4000.0,-0.07858439201451906,0.26925,1.1119872089712421,1.1767132685604094,0.27142012999803034,1
2018-09-22,5274.0,5274.0,5274.0,5274.0,1990671300,377450,64,5023.0,5274.0,74.31377932134896,220.77913381445796,162.26221889471628,5238.715712226005,4009.0842877739947,4623.9,4329.72,1.4696374537367902,0.06653185035389275,0.1588661832564271,0.038802442387236624,5510.0,4000.0,-0.042831215970961886,0.3185,1.1405956011159413,1.218092624927247,0.24383769434963964,1
2018-09-23,5537.0,5537.0,5490.0,5533.0,1954848788,353332,82,5274.0,5537.0,78.47967336442201,259.7417642400769,181.7581279637884,5391.417360450003,3990.082639549997,4690.75,4355.46,1.3472481716756526,0.13231083844580782,0.16863655550865353,0.04986727341676156,5537.0,4000.0,0.0,0.38425,1.180408250279806,1.271277890280246,0.1471916200108363,1
2018-09-24,5808.0,5808.0,5800.0,5808.0,168608048,29031,12,5533.0,5800.0,81.6795223718042,308.28807851382226,207.06411807379519,5592.531024461595,3939.368975538405,4765.95,4385.84,0.11485767120344775,0.20331950207468874,0.19317012960296243,0.047498645475889445,5800.0,4000.0,0.0,0.45,1.2169661872239532,1.3224376630246428,0.05206896551724127,1
2018-09-26,6098.0,6310.0,6002.0,6148.0,1610853590,261999,105,5808.0,6100.0,84.50902206810501,366.7413095999327,238.9995563790227,5837.39166493301,3874.6083350669896,4856.0,4423.04,1.0323863188588542,0.25,0.259289843104872,0.051724137931034475,6100.0,4000.0,0.0,0.525,1.2561779242174629,1.3791419476197366,-0.02868852459016391,0
2018-09-29,6400.0,6455.0,6184.0,6426.0,5795365723,901903,316,6148.0,6455.0,87.05652910830591,436.67770079731326,278.5351852626808,6133.838532093109,3791.6614679068907,4962.75,4468.68,3.056506721649037,0.27142012999803034,0.373404255319149,0.05819672131147535,6455.0,4000.0,0.0,0.61375,1.3006901415545817,1.4444981515794373,-0.13880712625871416,0
2018-09-30,6689.0,6730.0,6550.0,6679.0,4085197843,611619,275,6426.0,6560.0,87.70078666553607,494.8708540055486,321.8023190112543,6397.205424579597,3752.294575420403,5074.75,4516.28,1.9113416288899876,0.24383769434963964,0.32659251769464115,0.016266460108443015,6560.0,4000.0,0.0,0.64,1.2926745159860091,1.4525228728068234,-0.17576219512195124,0
2018-10-01,6900.0,6900.0,6346.0,6423.0,7318972569,1139572,294,6679.0,6352.0,79.2821299882535,518.2316338239034,361.0881819737841,6563.759195051115,3786.4408049488857,5175.1,4556.96,3.056925503985287,0.1471916200108363,0.29897750511247434,-0.03170731707317076,6560.0,4000.0,-0.03170731707317073,0.588,1.2274158953450174,1.3939117306274358,-0.19112090680100757,0
2018-10-02,6113.0,6113.0,6102.0,6105.0,951710219,155899,52,6423.0,6102.0,70.51994115838093,510.68544554684286,391.00763468839585,6656.937062301365,3863.5629376986353,5260.25,4593.24,0.4195860470461518,0.05206896551724127,0.2659751037344398,-0.03935768261964734,6560.0,4000.0,-0.06981707317073171,0.5255,1.1600209115536333,1.3284740183399955,-0.18551294657489348,0
2018-10-03,5800.0,5940.0,5800.0,5851.0,5377452314,919110,185,6105.0,5925.0,65.03930313661373,484.8337544973301,409.77285865018274,6705.647603237369,3964.452396762631,5335.05,4629.08,2.2236076777136984,-0.02868852459016391,0.21413934426229497,-0.029006882989183858,6560.0,4000.0,-0.09679878048780488,0.48125,1.1105800320521833,1.279951955896204,-0.16270042194092826,0
2018-10-06,5572.0,5996.0,5559.0,5691.0,1709632897,300415,93,5851.0,5559.0,55.4438580685293,429.8578284101359,413.78985260217337,6684.59447553437,4112.40552446563,5398.5,4654.58,0.714199279702752,-0.13880712625871416,0.09493795548552297,-0.061772151898734196,6560.0,4000.0,-0.15259146341463414,0.38975,1.0297304806890804,1.19430754224871,-0.15218564490016195,0
2018-10-07,5420.0,5420.0,5407.0,5408.0,730151134,135012,42,5691.0,5407.0,52.01192093520552,369.761500810082,404.98418224375513,6667.299526916724,4215.300473083276,5441.3,4677.94,0.3388394450353391,-0.17576219512195124,0.02521805081532036,-0.02734304731066739,6560.0,4000.0,-0.1757621951219512,0.35175,0.9936963593258964,1.155850652210161,-0.1718143147771407,0
2018-10-08,5138.0,5138.0,5138.0,5138.0,53866792,10484,4,5408.0,5138.0,46.52345225763851,297.00498772388437,383.388343339781,6653.334747815697,4269.265252184304,5461.3,4697.58,0.026908725418581598,-0.19112090680100757,-0.07206068268015176,-0.04975032365452192,6560.0,4000.0,-0.21676829268292683,0.2845,0.9408016406350136,1.093754656653,-0.08505254963020625,0
2018-10-09,5200.0,5394.0,4951.0,5222.0,402246486,77036,45,5138.0,4970.0,43.440380704391515,223.21564000422768,351.3538026726703,6648.710722697684,4284.789277302316,5466.75,4714.38,0.20087797411449648,-0.18551294657489348,-0.14310344827586208,-0.032697547683923744,6560.0,4000.0,-0.2423780487804878,0.2425,0.9091324827365437,1.054221339815628,-0.021931589537223295,0
2018-10-10,4961.0,4962.0,4961.0,4961.0,315346621,63561,26,5222.0,4961.0,43.27493101145046,162.141756292197,313.51139339657567,6643.27816243408,4301.921837565921,5472.6,4731.0,0.16935514168349045,-0.16270042194092826,-0.18672131147540982,-0.0018108651911469265,6560.0,4000.0,-0.24375,0.24025,0.9065160983810254,1.0486155146903402,-0.01028018544648257,0
2018-10-13,4713.0,4713.0,4713.0,4713.0,54864033,11641,6,4961.0,4713.0,38.88054192764875,92.66060231505253,269.34123518027104,6642.224743097571,4304.275256902429,5473.25,4744.66,0.03206582294520218,-0.15218564490016195,-0.26986831913245546,-0.04998992138681713,6560.0,4000.0,-0.2815548780487805,0.17825,0.8610971543415704,0.9933272352497334,0.08487163165711853,1
2018-10-14,4478.0,4478.0,4478.0,4478.0,584235704,130468,29,4713.0,4478.0,35.22986069131369,18.421400739626733,219.1572682921422,6677.342854066954,4222.4571459330455,5449.9,4750.22,0.3816037665486281,-0.1718143147771407,-0.3173780487804878,-0.04986208359855715,6560.0,4000.0,-0.3173780487804878,0.1195,0.8216664525954606,0.9426931805263755,0.11656989727556955,1
2018-10-15,4299.0,4701.0,4299.0,4630.0,865806670,187015,93,4478.0,4701.0,40.900679555080096,-22.163972582881797,170.8930201171374,6687.7396175307595,4193.16038246924,5440.45,4763.24,0.556275631801839,-0.08505254963020625,-0.2599181360201511,0.049799017418490354,6560.0,4000.0,-0.2833841463414634,0.17525,0.8640829343160952,0.9869332639127989,0.05658370559455439,1
2018-10-16,4650.0,4861.0,4501.0,4851.0,418153235,86208,42,4630.0,4861.0,44.645440883704,-40.94551609672362,128.5253128743652,6685.832377122075,4199.167622877925,5442.5,4779.46,0.26472999738979563,-0.021931589537223295,-0.20337594231399536,0.034035311635822074,6560.0,4000.0,-0.25899390243902437,0.21525,0.8931557188791915,1.0170605047432137,0.0008228759514503636,0
2018-10-17,4620.0,5070.0,4620.0,4870.0,219037165,44980,47,4851.0,4910.0,45.77855467844878,-51.2849531392294,92.56325967164628,6684.683843692675,4203.316156307325,5444.0,4796.84,0.14459660985565093,-0.01028018544648257,-0.17130801687763708,0.01008023040526651,6560.0,4000.0,-0.25152439024390244,0.2275,0.9019103600293902,1.0235905304325348,-0.046843177189409335,0
2018-10-20,5110.0,5113.0,5000.0,5106.0,301426470,59035,52,4870.0,5113.0,50.316094974581766,-42.60747557265404,65.52911262278622,6684.451621724216,4207.148378275784,5445.8,4819.1,0.20163018697797216,0.08487163165711853,-0.08023025724051092,0.041344195519348315,6560.0,4000.0,-0.22057926829268293,0.27825,0.9388886848580558,1.0609864912535536,-0.09642088793272052,0
2018-10-21,5340.0,5340.0,4921.0,5064.0,656484041,129650,63,5106.0,5000.0,47.912478714853705,-44.33757177465213,43.55577574329855,6684.039119925577,4180.160880074423,5432.1,4838.9,0.46237765180626855,0.11656989727556955,-0.07527279452561497,-0.02210052806571483,6560.0,4000.0,-0.23780487804878048,0.25,0.9204543362603781,1.0332926904875075,-0.014000000000000012,0
2018-10-22,5106.0,5270.0,4935.0,5110.0,976487695,191109,107,5064.0,4967.0,47.20330795717567,-47.82026741126538,25.280567112385764,6670.551206637425,4136.648793362576,5403.6,4857.92,0.7018651435698354,0.05658370559455439,-0.03328143246399373,-0.00660000000000005,6560.0,4000.0,-0.24283536585365853,0.24175,0.9192020134724997,1.022454054410118,0.030199315482182465,0
2018-10-23,4966.0,5000.0,4855.0,4892.0,328108570,67064,34,5110.0,4865.0,44.986853977638404,-58.1406669281414,8.596320304280333,6630.825867118378,4082.874132881623,5356.85,4872.8,0.24459041026445263,0.0008228759514503636,-0.021126760563380254,-0.020535534527884036,6560.0,4000.0,-0.2583841463414634,0.21625,0.9081829806696099,0.998399277622722,0.07276464542651584,1
2018-10-24,4672.0,5010.0,4660.0,4819.0,365052745,75745,33,4892.0,4680.0,41.20749026778252,-80.32171308035868,-9.18728637264747,6544.429083728955,4027.2709162710453,5285.85,4885.1,0.2859636743642221,-0.046843177189409335,-0.05664180608748237,-0.03802672147995889,6560.0,4000.0,-0.2865853658536585,0.17,0.8853826726070546,0.9580151890442364,0.06837606837606836,1
2018-10-27,4902.0,4950.0,4579.0,4715.0,188693521,40017,27,4819.0,4620.0,40.03282662637353,-101.57100322149381,-27.66402974241674,6362.705134337519,4025.4948656624824,5194.1,4895.78,0.18043393963441579,-0.09642088793272052,-0.019732654360280044,-0.012820512820512775,6560.0,4000.0,-0.29573170731707316,0.155,0.8894707456537224,0.943669854446074,0.03549783549783547,0
2018-10-28,4798.0,4940.0,4798.0,4874.0,2125644271,436090,55,4715.0,4930.0,48.24217207309033,-92.33245842356246,-40.59771547864588,6102.489973683945,4122.7100263160555,5112.6,4913.18,2.047317546420739,-0.014000000000000012,0.10093791871371138,0.0670995670995671,6560.0,4000.0,-0.24847560975609756,0.2325,0.9642843171771701,1.0034234446936607,-0.006085192697768749,0
2018-10-29,4900.0,5117.0,4900.0,5092.0,2065607437,405655,63,4874.0,5117.0,52.469196028959594,-69.12468163403173,-46.30310870972305,5861.659046570151,4240.04095342985,5050.85,4933.52,2.3008093145187134,0.030199315482182465,0.08849181025313757,0.037931034482758585,6560.0,4000.0,-0.21996951219512195,0.27925,1.013096805488185,1.0371904846843631,-0.022864959937463403,0
2018-10-31,5278.0,5345.0,5150.0,5252.0,2529516313,481596,126,5092.0,5219.0,54.645035001876096,-42.01745273472261,-45.44597751472296,5665.70382396462,4347.69617603538,5006.7,4955.4,2.5005692009457174,0.07276464542651584,0.07364739765480355,0.019933554817275656,6560.0,4000.0,-0.20442073170731706,0.30475,1.0424031797391495,1.0531944948944587,-0.03832151753209423,0
2018-11-03,5200.0,5200.0,4992.0,5035.0,676855803,134424,45,5252.0,5000.0,49.41462513345183,-37.77084943486807,-43.91095189875199,5467.484308503861,4453.415691496139,4960.45,4972.56,0.876524392728885,0.06837606837606836,0.018329938900203624,-0.04196206169764327,6560.0,4000.0,-0.23780487804878048,0.25,1.007973066959651,1.0055182843444825,-0.02200000000000002,0
2018-11-04,4921.0,5179.0,4784.0,4915.0,1233556467,250988,72,5035.0,4784.0,44.85441809363963,-51.244070787576675,-45.377575676516926,5352.573577746402,4490.826422253597,4921.7,4988.24,1.6633960483508066,0.03549783549783547,-0.06434578525327594,-0.043200000000000016,6560.0,4000.0,-0.2707317073170732,0.196,0.9720218623646302,0.9590556990040576,0.045150501672240884,0
2018-11-05,4711.0,5158.0,4711.0,4974.0,868911258,174695,54,4915.0,4900.0,47.64854870195997,-51.962474174597446,-46.69455537613303,5265.230075363231,4527.46992463677,4896.35,5004.04,1.1427455656834218,-0.006085192697768749,-0.020000000000000018,0.024247491638796026,6560.0,4000.0,-0.2530487804878049,0.225,1.0007454532457851,0.9792087992901736,0.0212244897959184,0
2018-11-06,5118.0,5118.0,4908.0,5005.0,118803595,23739,22,4974.0,5000.0,50.000500051551704,-43.95595290602887,-46.1468348821122,5244.909969616808,4533.990030383192,4889.45,5020.04,0.15461540565783355,-0.022864959937463403,0.0066438494060800934,0.020408163265306145,6560.0,4000.0,-0.23780487804878048,0.25,1.0226099049995399,0.9960079999362556,0.0032000000000000917,0
2018-11-10,5120.0,5130.0,4911.0,4991.0,68710559,13766,19,5005.0,5019.0,50.45593829987754,-35.666445326312896,-44.05075697095234,5250.210982248635,4533.589017751364,4891.9,5034.5,0.09154611587373473,-0.03832151753209423,0.031654676258992875,0.0038000000000000256,6560.0,4000.0,-0.23490853658536584,0.25475,1.0259817248921688,0.9969212434203992,-0.011755329746961585,0
2018-11-11,4921.0,4921.0,4742.0,4782.0,403340988,84345,43,4991.0,4890.0,47.30532798718801,-39.055959953871024,-43.05179756753608,5245.256304231212,4531.4436957687885,4888.35,5046.32,0.5570580834348778,-0.02200000000000002,0.044871794871794934,-0.02570233114166165,6560.0,4000.0,-0.2545731707317073,0.2225,1.0003375372058056,0.9690229711948509,0.012678936605317048,0
2018-11-12,4790.0,5021.0,4750.0,4948.0,404833934,81819,42,4782.0,5000.0,50.16305956649084,-32.491551642654485,-40.93974838255976,5253.273872386381,4552.126127613618,4902.7,5059.92,0.5281357393861622,0.045150501672240884,0.08225108225108224,0.02249488752556239,6560.0,4000.0,-0.23780487804878048,0.25,1.0198462071919554,0.9881579155401666,0.0129999999999999,0
2018-11-13,4860.0,5195.0,4850.0,5115.0,1350705655,264047,94,4948.0,5004.0,50.268677271991656,-26.659134286086555,-38.08362556326513,5222.451188445345,4635.548811554655,4929.0,5073.6,1.633960780164029,0.0212244897959184,0.015010141987829684,0.0007999999999999119,6560.0,4000.0,-0.2371951219512195,0.251,1.0152160681679854,0.9862819299905392,-0.0007993605115906854,0
2018-11-14,4921.0,5109.0,4921.0,5038.0,271248095,53839,25,5115.0,5016.0,50.60686503233219,-20.828503772695512,-34.632601205151204,5220.862929795015,4668.637070204985,4944.75,5087.02,0.34748166312821277,0.0032000000000000917,-0.019738127809263206,0.0023980815347721673,6560.0,4000.0,-0.23536585365853657,0.254,1.0144092219020173,0.9860389776332704,0.026714513556618913,0
2018-11-17,5045.0,5045.0,4920.0,4995.0,148253429,29681,31,5038.0,4960.0,48.93448727927712,-20.490220563938237,-31.804125076908612,5223.166707297227,4676.233292702773,4949.7,5098.24,0.19512313774782367,-0.011755329746961585,-0.04962636520406205,-0.011164274322169043,6560.0,4000.0,-0.24390243902439024,0.24,1.0020809341980323,0.9728847602309817,0.08608870967741944,1
2018-11-18,4950.0,5020.0,4922.0,4976.0,650496728,130726,49,4995.0,4952.0,48.68695933071925,-20.629853713043303,-29.569270804135552,5224.659377702118,4678.940622297882,4951.8,5108.7,0.8358359734401525,0.012678936605317048,-0.009600000000000053,-0.001612903225806428,6560.0,4000.0,-0.2451219512195122,0.238,1.0000403893533665,0.96932683461546,0.07835218093699514,1
2018-11-19,5000.0,5065.0,4900.0,4987.0,415259042,83276,47,4976.0,5065.0,52.35316165180628,-11.489909841681765,-25.953398611644793,5217.345815417943,4681.454184582056,4949.4,5124.2,0.5283555887168331,0.0129999999999999,0.05873745819397991,0.022819063004846596,6560.0,4000.0,-0.22789634146341464,0.26625,1.023356366428254,0.9884469770891067,0.01599210266535045,0
2018-11-20,5107.0,5107.0,4983.0,5081.0,150302222,29579,23,4987.0,5000.0,50.13423637041373,-9.383231197833084,-22.639365128882453,5217.345815417943,4681.454184582056,4949.4,5133.18,0.19382085053404102,-0.0007993605115906854,0.020408163265306145,-0.012833168805528095,6560.0,4000.0,-0.23780487804878048,0.25,1.0102234614296683,0.9740550691773909,0.01200000000000001,0
2018-11-21,5055.0,5150.0,5055.0,5131.0,239124374,46603,29,5081.0,5150.0,54.8861866539349,4.340043878662982,-17.243483327373365,5240.412005243679,4676.687994756321,4958.55,5141.42,0.3205495488865059,0.026714513556618913,0.030000000000000027,0.030000000000000027,6560.0,4000.0,-0.2149390243902439,0.2875,1.03861007754283,1.0016687996701301,-0.05048543689320384,0
2018-11-24,5160.0,5387.0,5160.0,5365.0,1563793412,291490,85,5131.0,5387.0,61.18065916381857,33.9484212875559,-7.005102404387512,5318.842923324222,4650.457076675777,4984.65,5151.94,1.8612952249594523,0.08608870967741944,0.07332137876070921,0.04601941747572824,6560.0,4000.0,-0.1788109756097561,0.34675,1.0807178036572278,1.0456255313532379,-0.058845368479673255,0
2018-11-26,5400.0,5448.0,5151.0,5378.0,381559632,70943,65,5365.0,5340.0,59.410361908320304,53.009703630278636,4.997858802545719,5355.320416234516,4679.979583765483,5017.65,5161.86,0.4536986644786363,0.07835218093699514,0.09202453987730053,-0.008724707629478412,6560.0,4000.0,-0.18597560975609756,0.335,1.064243221428358,1.0345108158686986,-0.048689138576779034,0
2018-11-27,5350.0,5436.0,5110.0,5225.0,2359670185,451573,110,5378.0,5146.0,52.63966025571066,51.863874085342104,14.371061859104996,5331.915605585101,4755.984394414899,5043.95,5170.78,2.552071647648376,0.01599210266535045,0.029199999999999893,-0.03632958801498132,6560.0,4000.0,-0.21554878048780488,0.2865,1.020232159319581,0.9952076862678358,-0.032258064516129004,0
2018-11-28,5200.0,5270.0,4964.0,5059.0,1965723635,388581,71,5225.0,5060.0,49.92348505961035,43.514704224376146,20.199790332159225,5333.663329488558,4767.236670511442,5050.45,5173.08,2.2259546051472703,0.01200000000000001,0.011191047162270262,-0.01671200932763306,6560.0,4000.0,-0.22865853658536586,0.265,1.0018909206110347,0.9781406821468062,0.006521739130434856,0
2018-12-01,5000.0,5000.0,4807.0,4900.0,211420549,43151,40,5059.0,4890.0,44.982398485185996,22.916184199694726,20.743069105666326,5328.854309717723,4749.345690282278,5039.1,5173.08,0.275825611939936,-0.05048543689320384,-0.02511961722488043,-0.03359683794466406,6560.0,4000.0,-0.2545731707317073,0.2225,0.9704113829850568,0.9452782481616367,0.03885480572597144,0
2018-12-02,5000.0,5119.0,5000.0,5050.0,64793311,12830,17,4900.0,5070.0,50.561810038790796,20.875563847597732,20.76956805405261,5309.955066428897,4753.344933571102,5031.65,5178.08,0.09646272031637967,-0.058845368479673255,0.022177419354838745,0.036809815950920255,6560.0,4000.0,-0.22713414634146342,0.2675,1.0076217542953108,0.9791273985724439,-0.025443786982248473,0
2018-12-03,5118.0,5118.0,4921.0,5019.0,139358652,27764,19,5050.0,5080.0,50.8599597753006,19.83660985267761,20.58297641377761,5314.319894319414,4756.980105680585,5035.65,5182.08,0.21746392604472015,-0.048689138576779034,0.025848142164781818,0.0019723865877712132,6560.0,4000.0,-0.22560975609756098,0.27,1.0088072046309813,0.9803013461775967,-0.05059055118110234,0
2018-12-04,4951.0,4998.0,4900.0,4941.0,186801249,37807,21,5019.0,4980.0,47.75822453452015,10.819348348364656,18.63025080069502,5300.844968627015,4790.055031372985,5045.45,5180.14,0.3231016804158865,-0.032258064516129004,-0.016781836130306038,-0.019685039370078705,6560.0,4000.0,-0.24085365853658536,0.245,0.987027916241366,0.9613639785797294,0.01987951807228905,0
2018-12-05,4810.0,5099.0,4771.0,5017.0,477570133,95188,55,4941.0,5093.0,51.367487660127644,12.645489923637797,17.433298625283577,5302.233890836516,4807.966109163484,5055.1,5176.52,0.8420933434833707,0.006521739130434856,0.01859999999999995,0.02269076305220885,6560.0,4000.0,-0.2236280487804878,0.27325,1.0074973788846906,0.9838656085555546,-0.016296878067936338,0
2018-12-08,4910.0,5180.0,4910.0,5059.0,74951142,14815,17,5017.0,5080.0,50.93153734710352,12.895082440746592,16.52565538837618,5305.124307742132,4813.0756922578685,5059.1,5167.38,0.13158227800320008,0.03885480572597144,-0.013592233009708687,-0.002552523070881607,6560.0,4000.0,-0.22560975609756098,0.27,1.004131169575616,0.9830900765958764,-0.027559055118110187,0
2018-12-09,4960.0,5064.0,4930.0,4974.0,133006931,26742,21,5059.0,4941.0,46.39736411804598,1.8553605388724463,13.591596418475435,5306.068571168241,4804.331428831759,5055.2,5150.2,0.23615340699108398,-0.025443786982248473,-0.08279190644143308,-0.027362204724409422,6560.0,4000.0,-0.24679878048780488,0.23525,0.9774094002215541,0.9593802182439517,-0.008297915401740519,0
2018-12-10,5000.0,5029.0,4810.0,4858.0,174696313,35960,25,4974.0,4823.0,42.90535987670191,-16.228243350503362,7.627628464679676,5313.030608009084,4790.669391990917,5051.85,5124.66,0.3244881145850911,-0.05059055118110234,-0.09681647940074911,-0.023881805302570336,6560.0,4000.0,-0.26478658536585364,0.20575,0.9546997634529923,0.9411356070451503,-0.02011196350818989,0
2018-12-12,4726.0,5100.0,4726.0,5023.0,618324342,123100,71,4858.0,5079.0,51.443636973725646,-9.789719407986922,4.144158890146357,5316.112581332511,4795.48741866749,5055.8,5097.14,1.090492737061472,0.01987951807228905,-0.01301982122036538,0.05307899647522296,6560.0,4000.0,-0.22576219512195123,0.26975,1.0045887891134935,0.996441141502882,-0.07462098838354003,0
2018-12-15,5100.0,5200.0,5006.0,5089.0,192909725,37906,28,5023.0,5010.0,49.3034768846146,-10.13800156803245,1.2877267985105951,5316.186831654344,4796.013168345657,5056.1,5066.14,0.3731724581281128,-0.016296878067936338,-0.00988142292490124,-0.013585351447135241,6560.0,4000.0,-0.23628048780487804,0.2525,0.9908823005874092,0.9889185849581732,-0.06986027944111772,0
2018-12-16,5010.0,5010.0,4940.0,4943.0,82005508,16589,14,5089.0,4940.0,47.15998479541268,-15.879385008887766,-2.1456955629690775,5316.802627586183,4787.797372413817,5052.3,5037.9,0.166363804114117,-0.027559055118110187,0.010224948875255713,-0.013972055888223589,6560.0,4000.0,-0.24695121951219512,0.235,0.9777724996536231,0.9805672998670082,-0.020242914979757054,0
2018-12-17,5100.0,5100.0,4820.0,4832.0,186761306,38652,20,4943.0,4900.0,45.931136794748674,-23.387541436805805,-6.394064737736423,5319.227471740085,4779.372528259915,5049.3,5013.86,0.3858881082227852,-0.008297915401740519,-0.0335305719921104,-0.0080971659919028,6560.0,4000.0,-0.2530487804878049,0.225,0.970431544966629,0.9772909494880193,-0.010408163265306136,0
2018-12-18,4980.0,4999.0,4726.0,4807.0,258153783,53706,31,4832.0,4726.0,40.934395828753296,-42.883817368232485,-13.692015263835636,5340.260152848491,4735.739847151509,5038.0,4989.88,0.5576208757407508,-0.02011196350818989,-0.06968503937007875,-0.035510204081632635,6560.0,4000.0,-0.27957317073170734,0.1815,0.9380706629614927,0.9471169647366269,0.028988573846804977,0
2018-12-19,4726.0,4890.0,4650.0,4706.0,261658410,55603,47,4807.0,4700.0,40.23012483013841,-59.744047031108494,-22.90242161729021,5355.505789227813,4683.994210772187,5019.75,4972.7,0.5857318777908986,-0.07462098838354003,-0.05622489959839361,-0.00550148116800675,6560.0,4000.0,-0.28353658536585363,0.175,0.9363016086458489,0.9451605767490499,0.01914893617021285,0
2018-12-22,4700.0,4840.0,4660.0,4720.0,286297005,60650,33,4706.0,4660.0,39.115143302234394,-75.46366802588363,-33.4146708990089,5373.4007115870545,4632.0992884129455,5002.75,4957.76,0.6286104289216766,-0.06986027944111772,-0.08501865305321032,-0.008510638297872353,6560.0,4000.0,-0.2896341463414634,0.165,0.9314876817750237,0.9399406183437681,0.08562231759656647,1
2018-12-23,4700.0,4916.0,4700.0,4788.0,419385713,87596,46,4720.0,4840.0,46.32439864802468,-72.56065122092514,-41.24386696339215,5357.900711587053,4616.599288412947,4987.25,4951.8,0.8890079699753278,-0.020242914979757054,-0.047244094488189003,0.03862660944205998,6560.0,4000.0,-0.2621951219512195,0.21,0.9704747105118051,0.9774223514681529,0.06921487603305776,1
2018-12-24,4840.0,4890.0,4756.0,4800.0,209714267,43691,31,4788.0,4849.0,46.66445628638434,-68.74135712905263,-46.74336499652425,5286.4636458352925,4634.236354164708,4960.35,4949.38,0.5071953574519386,-0.010408163265306136,-0.0186197126087837,0.0018595041322313488,6560.0,4000.0,-0.2608231707317073,0.21225,0.9775519872589635,0.9797186718336438,0.07321097133429566,1
2018-12-25,4888.0,4888.0,4766.0,4801.0,210715710,43888,17,4800.0,4863.0,47.22457178647905,-63.84884629207045,-50.1644612556335,5214.247007184567,4658.752992815433,4936.5,4947.42,0.5176106503627803,0.028988573846804977,0.008293593199253602,0.0028871932357186214,6560.0,4000.0,-0.2586890243902439,0.21575,0.9851109085384382,0.9829365608741526,0.12358626362327785,1
2018-12-26,4781.0,4899.0,4781.0,4819.0,279042710,57910,31,4801.0,4790.0,44.59476265525878,-65.11142217429642,-53.15385343936609,5185.889895018472,4651.510104981528,4918.7,4948.96,0.8894664046342567,0.01914893617021285,-0.05690096475684192,-0.015011309891013735,6560.0,4000.0,-0.2698170731707317,0.1975,0.9738345497794133,0.9678801202676925,0.18643006263048023,1
2018-12-29,4800.0,5059.0,4800.0,5010.0,988926433,197372,69,4819.0,5059.0,54.62264975664288,-43.899919835022956,-51.30306671849746,5185.734462296073,4651.565537703927,4918.65,4960.58,3.5533071688330393,0.08562231759656647,0.009780439121756412,0.056158663883089766,6560.0,4000.0,-0.2288109756097561,0.26475,1.0285342522846717,1.0198404218861503,0.17770310338011464,1
2018-12-30,4901.0,5195.0,4901.0,5174.0,105354340,20362,32,5010.0,5175.0,58.14099093860973,-17.527376180777537,-44.54792861095348,5221.864980577203,4643.935019422796,4932.9,4970.06,0.3742564084655248,0.06921487603305776,0.04757085020242924,0.02292943269420844,6560.0,4000.0,-0.2111280487804878,0.29375,1.049078635285532,1.041234914669038,0.15458937198067635,1
2018-12-31,5140.0,5300.0,5100.0,5204.0,667365312,128229,61,5174.0,5204.0,58.996924285648106,5.6480056130703815,-34.50874176614871,5246.61947820942,4632.580521790581,4939.6,4976.92,2.1308816564605784,0.07321097133429566,0.06204081632653069,0.005603864734299524,6560.0,4000.0,-0.20670731707317072,0.301,1.0535266013442384,1.0456266124430371,0.15411222136817826,1
2019-01-01,5270.0,5464.0,5166.0,5413.0,3237303698,598056,154,5204.0,5464.0,65.7574066682589,44.48173202576527,-18.710647007765914,5338.066449873946,4579.533550126054,4958.8,4988.0,6.74313431674655,0.12358626362327785,0.1561574269995769,0.04996156802459639,6560.0,4000.0,-0.16707317073170733,0.366,1.1018794869726547,1.0954290296712108,0.1519033674963397,1
2019-01-02,5681.0,5683.0,5310.0,5675.0,7304249399,1287044,155,5413.0,5683.0,70.21244600477036,91.87018739724135,3.4055198732355407,5487.614045682881,4500.285954317119,4993.95,4999.4,8.514845393358184,0.18643006263048023,0.2091489361702128,0.040080527086383544,6560.0,4000.0,-0.1336890243902439,0.42075,1.1379769521120557,1.1367364083690044,0.14552173147985226,1
2019-01-05,5958.0,5958.0,5841.0,5956.0,30519419264,5123778,538,5675.0,5958.0,74.66909877808311,149.8882628319052,32.70206846496947,5685.380715541579,4389.019284458421,5037.2,5018.56,12.727276114495304,0.17770310338011464,0.2785407725321889,0.04838993489354215,6560.0,4000.0,-0.09176829268292683,0.4895,1.1827999682363217,1.1871931390677803,0.11614635783820071,1
2019-01-06,5997.0,6110.0,5900.0,5986.0,6946133756,1160311,267,5956.0,5975.0,74.91891531379663,194.9920169436009,65.16005816069577,5848.536844395335,4315.363155604665,5081.95,5038.72,2.5231982316251402,0.15458937198067635,0.23450413223140498,0.0028533064786842033,6560.0,4000.0,-0.08917682926829268,0.49375,1.1757297887621878,1.1858170328972437,0.08786610878661083,1
2019-01-07,6150.0,6150.0,5900.0,5995.0,4988884368,832120,215,5986.0,6006.0,75.39543805709698,230.58051925967357,98.24415038049133,5997.24027748128,4273.15972251872,5135.2,5061.54,1.6638202181589583,0.15411222136817826,0.23860589812332433,0.005188284518828468,6560.0,4000.0,-0.08445121951219513,0.5015,1.1695747001090513,1.186595384013561,0.057276057276057335,1
2019-01-08,6092.0,6294.0,6000.0,6201.0,3508590345,565852,185,5995.0,6294.0,79.32541191582943,278.80990974366614,134.3573022531263,6193.912296274076,4223.587703725924,5208.75,5093.82,1.0744962100335014,0.1519033674963397,0.2942628007402839,0.04795204795204788,6560.0,4000.0,-0.04054878048780488,0.5735,1.2083513318934485,1.2356149216108934,0.032729583730537026,0
2019-01-09,6511.0,6511.0,6319.0,6502.0,14242548861,2190467,363,6201.0,6510.0,81.68784456988018,330.64991756168183,173.61582531483742,6414.032966795981,4146.567033204019,5280.3,5131.62,3.4769919035107115,0.14552173147985226,0.35908141962421714,0.03431839847473794,6560.0,4000.0,-0.007621951219512195,0.6275,1.2328844951991365,1.2686052357734985,0.006144393241167334,0
2019-01-12,6700.0,6796.0,6412.0,6657.0,6112927673,918322,215,6502.0,6650.0,83.04052135505097,378.66530924176004,214.62572210022196,6634.721958314153,4089.878041685847,5362.3,5166.02,1.3624755363385612,0.11614635783820071,0.31448902945246093,0.021505376344086002,6650.0,4000.0,0.0,0.6625,1.2401394923820002,1.28725788905192,-0.020902255639097755,0
2019-01-13,6719.0,6719.0,6325.0,6454.0,3440943825,533138,174,6657.0,6500.0,76.51868391942747,400.0031197120006,251.7012016225777,6788.605024836751,4091.9949751632494,5440.3,5193.68,0.7618027245902209,0.08786610878661083,0.2560386473429952,-0.022556390977443663,6650.0,4000.0,-0.022556390977443608,0.625,1.1947870521846222,1.2515210794658123,0.0,0
2019-01-14,6351.0,6594.0,6250.0,6381.0,1852059767,290259,96,6454.0,6350.0,70.55148209327815,400.1965254113402,281.4002663803302,6892.6650078902785,4132.934992109722,5512.8,5216.3,0.4074281141526944,0.057276057276057335,0.22021521906225971,-0.023076923076923106,6650.0,4000.0,-0.045112781954887216,0.5875,1.1518647511246554,1.2173379598566032,-0.01952755905511816,0
2019-01-15,6125.0,6501.0,6125.0,6433.0,1891451559,294005,105,6381.0,6500.0,72.83302771984869,407.7532218947381,306.67085748321176,6995.651569952151,4207.348430047849,5601.5,5246.3,0.40584173007663304,0.032729583730537026,0.18960468521229878,0.023622047244094446,6650.0,4000.0,-0.022556390977443608,0.625,1.1604034633580291,1.2389684158359224,0.021692307692307677,0
2019-01-16,6450.0,6550.0,6399.0,6518.0,1400941715,214937,77,6433.0,6550.0,73.56814525698057,413.015554217689,327.93979683010724,7082.100716806981,4305.899283193019,5694.0,5281.62,0.2934696760722139,0.006144393241167334,0.15256026746436735,0.007692307692307665,6650.0,4000.0,-0.015037593984962405,0.6375,1.1503336845802599,1.240149802522711,0.06167938931297701,1
2019-01-19,6510.0,6600.0,6366.0,6504.0,1177151551,180980,59,6518.0,6511.0,71.93312271745839,409.3206230836158,344.215962080809,7132.740250298993,4440.359749701008,5786.55,5313.84,0.24509224713960298,-0.020902255639097755,0.09281638133601877,-0.00595419847328249,6650.0,4000.0,-0.020902255639097745,0.62775,1.1251954964529816,1.225290938379778,0.09844877898940263,1
2019-01-20,6600.0,6700.0,6300.0,6494.0,1287834266,198316,52,6504.0,6500.0,71.45078226510208,400.8836186556837,355.54949339578394,7176.180395329939,4562.919604670062,5869.55,5343.84,0.26657101531503685,0.0,0.08786610878661083,-0.0016894486254032115,6650.0,4000.0,-0.022556390977443608,0.625,1.1074102784710922,1.2163537830473965,0.15446153846153843,1
2019-01-21,6280.0,6500.0,6223.0,6325.0,1996683355,315681,84,6494.0,6226.0,60.55799927024083,367.8474058570973,358.0090758880466,7165.359070222017,4711.440929777982,5938.4,5367.98,0.4167123456383518,-0.01952755905511816,0.03663003663003672,-0.04215384615384621,6650.0,4000.0,-0.0637593984962406,0.5565,1.0484305536844942,1.1598403868866876,0.17250240925152593,1
2019-01-22,6301.0,6641.0,6300.0,6623.0,6572211746,992406,172,6325.0,6641.0,68.41265572811795,370.877753027924,360.5828113160221,7185.422635993307,4869.177364006693,6027.3,5403.0,1.2328373255269016,0.021692307692307677,0.05513187162376876,0.0666559588821074,6650.0,4000.0,-0.0013533834586466164,0.66025,1.101820052096295,1.2291319637238571,0.12166842343020634,1
2019-01-23,6788.0,6954.0,6553.0,6812.0,3689416755,541574,150,6623.0,6954.0,72.81059201806671,393.99409052041847,367.2650671569014,7212.528968969775,5058.471031030225,6135.5,5442.08,0.6531594699192419,0.06167938931297701,0.06820276497695854,0.04713145610600811,6954.0,4000.0,0.0,0.7385,1.1334039605574118,1.2778202452003646,0.05982168536094323,1
2019-01-26,7152.0,7152.0,6920.0,7152.0,8899231280,1244300,133,6812.0,7152.0,75.16610844013866,423.4100917977821,378.49407208507756,7284.692440497323,5195.607559502676,6240.15,5485.04,1.4115602164634342,0.09844877898940263,0.07548872180451127,0.028472821397756753,7152.0,4000.0,0.0,0.788,1.1461262950409847,1.3039102723043041,0.019295302013422777,0
2019-01-27,7449.0,7509.0,7200.0,7482.0,7344631910,981685,239,7152.0,7504.0,78.69912717909179,469.7114022937467,396.7375381268114,7419.323369461741,5293.87663053826,6356.6,5534.8,1.0560601480464686,0.15446153846153843,0.15446153846153843,0.04921700223713654,7504.0,4000.0,0.0,0.876,1.1805053015763143,1.355785213557852,-0.05383795309168449,0
2019-01-28,7790.0,7790.0,7216.0,7290.0,2857478506,391957,118,7482.0,7300.0,72.2811468382248,484.36101704364773,414.2622339101787,7460.275447691115,5462.524552308884,6461.4,5581.6,0.41575506963918896,0.17250240925152593,0.14960629921259838,-0.027185501066098072,7504.0,4000.0,-0.027185501066098083,0.825,1.1297861144643577,1.307868711480579,0.003424657534246478,0
2019-01-29,7610.0,7610.0,7206.0,7419.0,1927711431,259822,124,7290.0,7449.0,73.95201934020241,502.20489165347226,431.85076545883743,7537.614334047121,5583.6856659528785,6560.65,5631.54,0.28063146886901597,0.12166842343020634,0.1459999999999999,0.02041095890410949,7504.0,4000.0,-0.007329424307036247,0.86225,1.1354057905847745,1.3227287740120819,-0.006578064169687203,0
2019-01-30,7300.0,7500.0,7112.0,7245.0,1465562040,202282,76,7419.0,7370.0,71.49138395794749,504.1600083232379,446.31261403171754,7595.239548745548,5694.760451254452,6645.0,5677.64,0.23207867375485539,0.05982168536094323,0.1251908396946564,-0.010605450396026339,7504.0,4000.0,-0.017857142857142856,0.8425,1.109104589917231,1.2980745521026342,-0.035142469470827664,0
2019-02-02,7499.0,7500.0,7290.0,7325.0,552739510,75462,24,7245.0,7290.0,68.98805063923541,493.56461530583783,455.76301428654165,7646.492592761409,5776.707407238592,6711.6,5723.44,0.12187137532707852,0.019295302013422777,0.11964367992627856,-0.01085481682496603,7504.0,4000.0,-0.0285181236673774,0.8225,1.0861791525120685,1.2737095173532003,-0.012482853223593993,0
2019-02-03,7030.0,7285.0,6959.0,6977.0,3437016754,492641,99,7325.0,7100.0,63.31735860764444,464.4820183229076,457.5068150938149,7652.735817492943,5882.964182507058,6767.85,5762.44,0.8409565349055829,-0.05383795309168449,0.0923076923076922,-0.026063100137174167,7504.0,4000.0,-0.05383795309168443,0.775,1.0490776243563318,1.2321169504584863,0.028169014084507005,0
2019-02-04,7100.0,7325.0,7100.0,7323.0,8643450535,1180390,276,6977.0,7325.0,66.79786038894254,454.3519834408635,456.87584876322467,7677.378947105818,5990.221052894182,6833.8,5801.2,1.9568027654081286,0.003424657534246478,0.17651782846129138,0.03169014084507049,7504.0,4000.0,-0.023853944562899788,0.83125,1.0718780180865697,1.2626697924567332,-0.04941979522184303,0
2019-02-05,7550.0,7550.0,7321.0,7429.0,2671069142,359534,94,7323.0,7400.0,67.89147680285079,447.2204520268315,454.94476941594604,7728.881376311815,6049.318623688186,6889.1,5842.4,0.6063909757316439,-0.006578064169687203,0.11429001656377058,0.010238907849829282,7504.0,4000.0,-0.013859275053304905,0.85,1.0741606305613214,1.2666027659865808,-0.040945945945945916,0
2019-02-06,7429.0,7499.0,7111.0,7402.0,1319409041,178247,60,7429.0,7111.0,59.72761930047047,413.4824094428823,446.6522974213333,7745.4219346559985,6092.878065344001,6919.15,5881.7,0.3620721560505459,-0.035142469470827664,0.02257693413862527,-0.039054054054054044,7504.0,4000.0,-0.05237206823027719,0.77775,1.0277273942608558,1.2090041994661407,-0.029672338630291062,0
2019-02-10,7200.0,7200.0,7034.0,7103.0,2047572699,288268,70,7402.0,7199.0,61.2553994415099,389.3573628663653,435.19331051033976,7771.758263607759,6121.441736392242,6946.6,5924.48,0.6255894713952562,-0.012482853223593993,0.006571588366890424,0.012375193362396342,7504.0,4000.0,-0.04064498933901919,0.79975,1.036334321826505,1.2151277411688453,-0.027642728156688445,0
2019-02-12,7400.0,7400.0,7100.0,7278.0,698699376,96004,33,7103.0,7300.0,62.990750023217736,374.07583221107143,422.96981485048616,7798.741711772136,6174.458288227865,6986.6,5972.68,0.21871906592624235,0.028169014084507005,-0.027185501066098072,0.014029726350882177,7504.0,4000.0,-0.027185501066098083,0.825,1.0448572982566626,1.2222318958993281,-0.05890410958904113,0
2019-02-13,7290.0,7349.0,6963.0,7145.0,1246036360,174401,76,7278.0,6963.0,54.258311742546155,330.95695967816664,404.56724381602226,7775.455743845414,6259.044256154586,7017.25,6010.54,0.4026392110163673,-0.04941979522184303,-0.046164383561643874,-0.046164383561643874,7504.0,4000.0,-0.0720948827292111,0.74075,0.9922690512665218,1.1584649632146196,-0.03805830820048828,0
2019-02-16,7396.0,7396.0,6844.0,7069.0,614353865,86904,56,7145.0,7097.0,56.82152993146989,304.09223664323235,384.4722423814643,7767.568153355983,6326.631846644018,7047.1,6050.88,0.2055490728188528,-0.040945945945945916,-0.047254665055712186,0.01924457848628469,7504.0,4000.0,-0.05423773987206823,0.77425,1.0070809269061032,1.17288724945793,-0.015076793011131517,0
2019-02-17,6910.0,7100.0,6851.0,6945.0,834701956,120185,53,7069.0,6900.0,52.19115257682515,263.8638384062533,360.35056158642215,7752.172076221964,6377.027923778037,7064.6,6089.28,0.2874881937519966,-0.029672338630291062,-0.06377204884667576,-0.027758207693391546,7504.0,4000.0,-0.08049040511727079,0.725,0.976700733233304,1.1331388932681696,-0.007246376811594235,0
2019-02-18,6800.0,7050.0,6800.0,7032.0,496487111,70608,35,6945.0,7000.0,54.23008137502213,237.31607524729588,335.74366431859687,7729.2876043315355,6448.812395668465,7089.05,6127.42,0.1711570713010233,-0.027642728156688445,-0.03978052126200271,0.01449275362318847,7504.0,4000.0,-0.06716417910447761,0.75,0.9874383732658113,1.1424057760036035,-0.030000000000000027,0
2019-02-19,7000.0,7100.0,6681.0,6698.0,11050171692,1649766,188,7032.0,6870.0,51.174622322174514,203.44171863845622,309.28327518256873,7698.088559283122,6517.0114407168785,7107.55,6163.22,3.400837157498719,-0.05890410958904113,-0.032394366197183055,-0.018571428571428572,7504.0,4000.0,-0.08448827292110875,0.7175,0.9665777940359195,1.1146770681559315,0.0065502183406114245,0
2019-02-20,6986.0,7000.0,6364.0,6781.0,2090316854,308272,132,6698.0,6698.0,47.37163916180704,160.8627586897819,279.5991718840114,7605.099480430337,6657.200519569662,7131.15,6198.36,0.6359593295641291,-0.03805830820048828,-0.08559726962457337,-0.025036390101892292,7504.0,4000.0,-0.10740938166311301,0.6745,0.9392594462323749,1.0806084190011551,0.05255300089578974,1
2019-02-23,6623.0,6995.0,6502.0,6858.0,1726004862,251685,84,6781.0,6990.0,53.66672737920074,148.96342814663512,253.47202313653617,7572.091865329417,6725.108134670584,7148.6,6241.7,0.5621741465561655,-0.015076793011131517,-0.055405405405405395,0.0435951030158257,7504.0,4000.0,-0.06849680170575694,0.7475,0.9778138376745097,1.1198872102151658,0.011301859799713876,0
2019-02-24,6656.0,6984.0,6656.0,6870.0,829870704,120792,41,6858.0,6850.0,50.54503336244356,126.77491073366582,228.1326006559621,7578.711107140844,6708.088892859155,7143.4,6277.12,0.28311050771661994,-0.007246376811594235,-0.03670369849528898,-0.02002861230329045,7504.0,4000.0,-0.08715351812366738,0.7125,0.9589271215387631,1.0912647838499185,0.020291970802919668,0
2019-02-25,6890.0,6890.0,6700.0,6775.0,823012848,121481,56,6870.0,6790.0,49.22353711109344,103.15969155560106,203.1380188358899,7586.980452261288,6663.619547738713,7125.3,6312.72,0.3278668614563398,-0.030000000000000027,-0.056813446311987814,-0.008759124087591275,7504.0,4000.0,-0.09514925373134328,0.6975,0.9529423322526771,1.0756060778871865,0.024742268041237025,0
2019-02-26,6660.0,6964.0,6660.0,6830.0,1274857909,186661,83,6775.0,6915.0,52.03697578392831,93.4536401590467,181.20114310052128,7531.558744461463,6660.141255538538,7095.85,6352.22,0.5643258826954595,0.0065502183406114245,-0.05273972602739729,0.018409425625920406,7504.0,4000.0,-0.07849147121535181,0.72875,0.9745132718419921,1.0885957980044771,0.013738250180766354,0
2019-02-27,6800.0,7050.0,6710.0,6917.0,1093895925,158135,106,6830.0,7050.0,54.94077865194005,95.55341595765549,164.07159767194813,7509.145854841476,6657.554145158525,7083.35,6395.22,0.4956013752166405,0.05255300089578974,0.012494614390349046,0.01952277657266821,7504.0,4000.0,-0.06050106609808102,0.7625,0.9952917757840569,1.1023858444275567,-0.008652482269503547,0
2019-03-02,7070.0,7070.0,6999.0,7027.0,674946793,96056,54,6917.0,7069.0,55.35049354377426,97.62528114508223,150.78233436657496,7455.705733317121,6672.99426668288,7064.35,6442.08,0.308972310669381,0.011301859799713876,-0.003945329012258747,0.002695035460992923,7504.0,4000.0,-0.05796908315565032,0.76725,1.0006582346571162,1.097316394704816,-0.04074126467675765,0
2019-03-03,7088.0,7088.0,6870.0,6959.0,173516872,24935,31,7027.0,6989.0,53.158729834315615,91.75423214782313,138.97671392282462,7411.576999005097,6679.023000994904,7045.3,6487.86,0.0825603885288242,0.020291970802919668,0.012898550724637747,-0.011317017965766007,7504.0,4000.0,-0.06863006396588486,0.74725,0.9920088569684754,1.0772427271858518,0.008728001144655995,0
2019-03-04,7089.0,7089.0,6950.0,7007.0,590934258,84335,58,6959.0,6958.0,52.29458733529233,83.63584068674754,127.9085392756092,7378.850310581295,6678.5496894187045,7028.7,6533.82,0.2788256492486734,0.024742268041237025,-0.006000000000000005,-0.004435541565316892,7504.0,4000.0,-0.07276119402985075,0.7395,0.9899412409122598,1.064920674276304,0.012503592986490286,0
2019-03-05,6902.0,7078.0,6900.0,6949.0,1029514685,148160,78,7007.0,7010.0,53.65551536613297,80.47031073078415,118.4208935666442,7372.87956636456,6675.52043363544,7024.2,6577.22,0.5194205109750195,0.013738250180766354,0.020378457059679667,0.007473411899971305,7504.0,4000.0,-0.06583155650319829,0.7525,0.9979784174710288,1.0657998364050465,-0.37261055634807416,0
2019-03-06,7000.0,7000.0,6760.0,6894.0,3147311729,456522,123,6949.0,6989.0,52.997967532100375,75.39794041507866,109.8163029363311,7327.712597317332,6687.087402682667,7007.4,6620.02,1.8330716363200523,-0.008652482269503547,0.04344580471782611,-0.0029957203994294135,7504.0,4000.0,-0.06863006396588486,0.74725,0.9973742044124783,1.0557369917311428,-0.36900844183717274,0
2019-03-09,6990.0,6990.0,6773.0,6878.0,649556835,94444,64,6894.0,6781.0,46.870995696746476,53.97203272710249,98.64744889448538,7256.080094947187,6696.819905052813,6976.45,6658.38,0.40053767488057856,-0.04074126467675765,-0.029899856938483516,-0.02976105308341681,7504.0,4000.0,-0.09634861407249468,0.69525,0.971984318672104,1.0184158909524539,-0.3104261908273116,0
2019-03-10,6940.0,7089.0,6780.0,6920.0,2651328583,383145,136,6878.0,7050.0,54.23908669961983,58.02897647325153,90.52375441023861,7248.385381429945,6698.414618570055,6973.4,6703.58,1.5572597641949137,0.008728001144655995,0.029197080291970767,0.039669665241114815,7504.0,4000.0,-0.06050106609808102,0.7625,1.010984598617604,1.051676865197402,-0.3221276595744681,0
2019-03-11,7049.0,7149.0,6901.0,7033.0,2302638446,327390,186,6920.0,7045.0,54.08893365883015,60.147334377233165,84.44847040363751,7223.044205297441,6708.355794702558,6965.7,6743.3,1.3201526407589215,0.012503592986490286,0.03755522827687785,-0.0007092198581559739,7504.0,4000.0,-0.06116737739872068,0.76125,1.0113843547669294,1.0447407055892515,-0.3467707594038325,0
2019-03-18,4500.0,4720.0,4397.0,4441.0,8105269409,1824930,483,3951.0,4398.0,20.978501563264857,-150.03511836895905,37.551752649118214,7951.208402586925,5689.991597413075,6820.6,6727.76,5.456668132299228,-0.37261055634807416,-0.36399132321041217,-0.37572746628814757,7504.0,4000.0,-0.4139125799573561,0.0995,0.6448113069231446,0.6537094069943041,0.06866757617098673,1
2019-03-19,4499.0,4647.0,4361.0,4454.0,6065400835,1361785,370,4441.0,4410.0,21.213961855610776,-312.040913331145,-32.366780546934436,8232.833174140216,5153.066825859784,6692.95,6711.88,3.4579786092033573,-0.36900844183717274,-0.37446808510638296,0.0027285129604366354,7504.0,4000.0,-0.4123134328358209,0.1025,0.6589022777698922,0.6570439280797631,0.049886621315192725,0
2019-03-25,4360.0,4676.0,4320.0,4565.0,4079079933,893584,309,4454.0,4676.0,26.44591998843522,-414.1931354430444,-108.73205152615644,8330.761552254791,4813.038447745208,6571.9,6696.12,2.0582685151028963,-0.3104261908273116,-0.3385202999009761,0.060317460317460325,7504.0,4000.0,-0.376865671641791,0.169,0.7115141739831709,0.698314845014725,0.015183917878528685,0
2019-03-26,4676.0,4781.0,4650.0,4713.0,1995719662,423447,226,4565.0,4779.0,28.427898930954115,-481.2902537877735,-183.2436919784799,8381.568066417949,4550.131933582052,6465.85,6678.04,0.9424454323122081,-0.3221276595744681,-0.3162111890113035,0.02202737382378106,7504.0,4000.0,-0.3631396588486141,0.19475,0.7391139602681781,0.715629136692802,0.010043942247332183,0
2019-03-27,4898.0,4899.0,4478.0,4666.0,2956828404,633655,227,4713.0,4602.0,27.07762002615054,-542.4940900545816,-255.09377159370024,8407.550298311997,4284.349701688003,6345.95,6650.92,1.327140131403953,-0.3467707594038325,-0.33860304685254383,-0.03703703703703709,7504.0,4000.0,-0.386727078891258,0.1505,0.7251869302468503,0.6919343489321778,0.05606258148631027,1
2019-03-30,4750.0,4750.0,4500.0,4652.0,1954923531,420207,215,4666.0,4700.0,29.086010404294555,-576.4458809752477,-319.36419347000975,8403.093412475862,4071.806587524137,6237.45,6625.42,1.010158996425438,0.06866757617098673,-0.3295292439372325,0.021295089091699193,7504.0,4000.0,-0.3736673773987207,0.175,0.7535130542128594,0.7093889896791449,0.07319148936170206,1
2019-03-31,4800.0,4800.0,4420.0,4564.0,4377894243,959295,273,4652.0,4630.0,28.482585329979912,-602.0611487224905,-375.90358452050594,8397.145886170114,3870.954113829887,6134.05,6597.9,2.1387427703072377,0.049886621315192725,-0.33753040492202036,-0.014893617021276562,7504.0,4000.0,-0.3829957356076759,0.1575,0.7548031072456207,0.7017384319253096,0.14017278617710582,1
2019-04-06,4566.0,4750.0,4566.0,4688.0,1618333370,345187,175,4564.0,4747.0,31.057133597926224,-605.9356616444329,-421.90999994529136,8326.144769984316,3717.6552300156827,6021.9,6566.96,0.7616536626837211,0.015183917878528685,-0.29995575873764935,0.025269978401727844,7504.0,4000.0,-0.3674040511727079,0.18675,0.7882894103190023,0.7228611107727168,0.10806825363387396,1
2019-04-07,4802.0,4900.0,4700.0,4834.0,2394383425,495352,259,4688.0,4827.0,32.83748204575018,-595.6842326044225,-456.6648464771176,8248.200525789984,3593.2994742100173,5920.75,6533.3,1.0496184540550368,0.010043942247332183,-0.3153191489361702,0.016852749104697695,7504.0,4000.0,-0.3567430703624733,0.20675,0.8152683359371701,0.7388303001545926,0.1352807126579656,1
2019-04-08,4770.0,4918.0,4700.0,4804.0,1668368295,347252,133,4834.0,4860.0,33.59920594788194,-578.2315832698914,-480.9781938356724,8159.5649573451665,3488.9350426548335,5824.25,6497.5,0.7186151925241273,0.05606258148631027,-0.3101490418736693,0.006836544437538894,7504.0,4000.0,-0.3523454157782516,0.215,0.8344422028587372,0.7479799923047326,0.07818930041152261,1
2019-04-09,4920.0,5044.0,4810.0,5034.0,30348397069,6028977,512,4804.0,5044.0,37.832902906916395,-543.2902587682511,-493.44060682218816,8033.4158834732625,3427.9841165267376,5730.7,6468.38,7.775917302823349,0.07319148936170206,0.1468849477035017,0.037860082304526754,7504.0,4000.0,-0.32782515991471217,0.261,0.8801717067722966,0.7797933949458752,0.0011895321173671647,0
2019-04-10,5080.0,5285.0,5080.0,5261.0,27393101625,5206886,570,5034.0,5279.0,42.84516947179893,-490.9767964519442,-492.9478447481394,7870.11591311448,3414.18408688552,5642.15,6446.96,5.0661621993560475,0.14017278617710582,0.19705215419501143,0.04659000793021417,7504.0,4000.0,-0.2965085287846482,0.31975,0.9356362379589341,0.818835544194473,-0.06573214623981816,0
2019-04-13,5490.0,5519.0,5001.0,5361.0,22994205593,4289127,835,5261.0,5260.0,42.54648839075235,-445.9109579254691,-483.5404673836054,7685.50759207573,3417.8924079242697,5551.7,6422.16,3.466155176764437,0.10806825363387396,0.12489307100085534,-0.003599166508808538,7504.0,4000.0,-0.2990405117270789,0.315,0.9474575355296576,0.8190390771952116,-0.03041825095057038,0
2019-04-14,5360.0,5600.0,5111.0,5432.0,14765213186,2718415,749,5361.0,5480.0,47.14138158025978,-387.9715008699641,-464.4266740808772,7505.591260113739,3446.908739886261,5476.25,6400.76,1.9812007793136786,0.1352807126579656,0.14668340657041212,0.041825095057034245,7504.0,4000.0,-0.2697228144989339,0.37,1.0006847751654873,0.8561483323855292,-0.10492700729927007,0
2019-04-15,5599.0,5599.0,5161.0,5247.0,25253853060,4812972,1048,5432.0,5240.0,43.09251106345875,-357.3013108592977,-443.0016014365613,7303.660458341774,3477.039541658227,5390.35,6375.34,2.9921432934755727,0.07818930041152261,0.1386353759235115,-0.04379562043795615,7504.0,4000.0,-0.3017057569296375,0.31,0.9721075625887001,0.8219169487431258,-0.083206106870229,0
2019-04-16,5282.0,5346.0,5001.0,5188.0,5452571587,1050909,394,5247.0,5050.0,40.1523596454082,-344.3568450576731,-423.2726501607837,7058.94426864235,3525.755731357651,5292.35,6346.34,0.6354994806866565,0.0011895321173671647,0.07446808510638303,-0.0362595419847328,7504.0,4000.0,-0.3270255863539446,0.2625,0.9542074881668823,0.7957342342200386,-0.008910891089108919,0
2019-04-17,4929.0,5135.0,4929.0,4941.0,7828060632,1584457,464,5188.0,4932.0,38.40004257775779,-339.7039804546039,-406.55891621954777,6779.716651906269,3599.2833480937306,5189.5,6320.46,0.926544678734939,-0.06573214623981816,0.06522678185745145,-0.023366336633663387,7504.0,4000.0,-0.3427505330490405,0.233,0.9503805761634069,0.7803229511776042,0.03974047039740469,0
2019-04-20,4925.0,5180.0,4917.0,5097.0,6972101685,1367955,554,4941.0,5100.0,42.26339910350984,-318.7855938800658,-389.0042517516514,6518.092555638183,3692.807444361817,5105.45,6289.64,0.7712235743289901,-0.03041825095057038,0.07436275542447857,0.03406326034063256,7504.0,4000.0,-0.32036247334754797,0.275,0.9989325132946165,0.8108572191731164,0.058431372549019533,1
2019-04-22,5200.0,5200.0,4900.0,4989.0,4334980033,868946,443,5097.0,4905.0,39.19097963182529,-314.3192158643451,-374.0672445741901,6094.251933076149,3902.148066923851,4998.2,6248.66,0.483274977080553,-0.10492700729927007,0.01615910503418272,-0.038235294117647034,7504.0,4000.0,-0.3463486140724947,0.22625,0.9813532871833861,0.7849682972029203,0.06034658511722735,1
2019-04-23,4988.0,4988.0,4750.0,4850.0,4515267349,931064,307,4989.0,4804.0,37.66372719365709,-315.29491154018433,-362.31277796738897,5452.518881560374,4319.781118439625,4886.15,6201.7,0.5092734731447269,-0.083206106870229,-0.011522633744855959,-0.02059123343527014,7504.0,4000.0,-0.35980810234541577,0.201,0.9831871719042601,0.7746263121402196,0.1588259783513739,1
2019-04-24,5000.0,5051.0,4845.0,4985.0,5537331607,1110711,314,4850.0,5005.0,42.46867271863181,-296.43205303504146,-349.1366329809195,5438.281755142851,4394.718244857149,4916.5,6151.72,0.619640351626657,-0.008910891089108919,-0.0077319587628865705,0.041840133222314835,7504.0,4000.0,-0.33302238805970147,0.25125,1.018000610190176,0.813593596587621,0.16503496503496495,1
2019-04-27,5029.0,5195.0,5027.0,5120.0,5259612838,1027172,446,4985.0,5128.0,45.249837899517054,-268.4633513226354,-333.0019766492627,5426.466408850023,4478.333591149976,4952.4,6108.28,0.578434754109254,0.03974047039740469,-0.02860390225421483,0.02457542457542461,7504.0,4000.0,-0.31663113006396587,0.282,1.0354575559324772,0.8395161976857642,0.19383775351014032,1
2019-04-28,5100.0,5500.0,5100.0,5309.0,5741375567,1081498,356,5120.0,5398.0,50.864934885951236,-221.95267788616366,-310.79211689664294,5482.421653706296,4494.578346293704,4988.5,6067.26,0.6058221096854302,0.058431372549019533,0.026235741444866845,0.05265210608424331,7504.0,4000.0,-0.2806503198294243,0.3495,1.0820888042497745,0.88969320582932,0.07743608743979258,1
2019-04-29,5450.0,5454.0,5123.0,5302.0,11696891887,2206290,670,5309.0,5201.0,47.0716260801291,-198.69841604407065,-288.37337672612847,5501.972785600468,4517.227214399532,5009.6,6023.88,1.1771171926233264,0.06034658511722735,-0.05091240875912406,-0.03649499814746204,7504.0,4000.0,-0.3069029850746269,0.30025,1.0382066432449695,0.8633970132207148,0.09748125360507598,1
2019-04-30,5210.0,5567.0,5210.0,5554.0,96031127189,17290576,1701,5302.0,5567.0,53.94370649783633,-149.01831441799732,-260.50236426450226,5569.7387672140985,4545.961232785902,5057.85,5989.42,6.386974050762525,0.1588259783513739,0.06240458015267181,0.0703710824841377,7504.0,4000.0,-0.25812899786780386,0.39175,1.1006653024506459,0.9294723028273189,-0.022274115322435728,0
2019-05-01,5831.0,5831.0,5831.0,5831.0,17001295094,2915674,188,5554.0,5831.0,58.163247152860784,-87.3371144042012,-225.86931429244206,5700.215124420644,4528.584875579355,5114.4,5964.04,1.029569261943884,0.16503496503496495,0.15465346534653457,0.04742231004131492,7504.0,4000.0,-0.22294776119402984,0.45775,1.1401141873924605,0.9776929732194956,-0.04133081804150229,0
2019-05-04,6122.0,6122.0,6122.0,6122.0,28834381242,4709961,273,5831.0,6122.0,62.266915421383636,-14.80241793294499,-183.65593502054264,5879.681981812168,4498.318018187832,5189.0,5939.98,1.5598639767478326,0.19383775351014032,0.24128142741281433,0.04990567655633682,7504.0,4000.0,-0.1841684434968017,0.5305,1.1798034303333975,1.030643200818858,-0.09768049656974842,0
2019-05-05,6100.0,6288.0,5816.0,6008.0,43921986792,7310786,1253,6122.0,5816.0,56.04190236477844,17.785192327245568,-143.36770955098498,5953.201004220176,4531.698995779823,5242.45,5908.3,2.170822706799111,0.07743608743979258,0.1403921568627451,-0.049983665468801064,7504.0,4000.0,-0.22494669509594883,0.454,1.1094049537906896,0.9843779090432103,-0.03748280605226961,0
2019-05-06,5899.0,5899.0,5708.0,5729.0,14272746405,2491368,445,6008.0,5708.0,53.99033423930994,34.49873093762744,-107.7944214532625,5998.000527055317,4574.999472944683,5286.5,5880.24,0.718480813166692,0.09748125360507598,0.16371049949031602,-0.018569463548830822,7504.0,4000.0,-0.23933901918976547,0.427,1.0797313912796747,0.9707086785573378,0.012789067974772195,0
2019-05-07,5550.0,5700.0,5443.0,5520.0,5885700891,1066258,163,5729.0,5443.0,49.228277999868396,26.060634624533122,-81.02341023770337,6002.20087939642,4629.09912060358,5315.65,5845.12,0.30434079336832326,-0.022274115322435728,0.13301415487094093,-0.04642606867554311,7504.0,4000.0,-0.2746535181236674,0.36075,1.023957559282496,0.9312041497864886,0.06558882968950952,1
2019-05-08,5401.0,5670.0,5260.0,5532.0,13037649554,2356665,423,5520.0,5590.0,51.76957674134098,30.8790989419158,-58.64290840177954,6027.541695830441,4658.358304169558,5342.95,5810.92,0.7098635509759451,-0.04133081804150229,0.11688311688311681,0.027007165166268665,7504.0,4000.0,-0.2550639658848614,0.3975,1.0462385012025193,0.9619819236885037,0.09695885509838997,1
2019-05-11,5789.0,5799.0,5430.0,5672.0,18537225556,3268064,564,5532.0,5524.0,50.54627314626439,29.037393219729893,-41.10684807747766,6043.5338143662575,4666.866185633742,5355.2,5782.14,1.0139998114766768,-0.09768049656974842,0.077223088923557,-0.011806797853309514,7504.0,4000.0,-0.2638592750533049,0.381,1.0315207648640574,0.9553556295765927,0.1453656770456191,1
2019-05-12,5431.0,5695.0,5401.0,5506.0,7594367164,1379262,325,5672.0,5598.0,51.91814430540664,33.1666848251989,-26.252141496942343,6066.822073925972,4677.377926074028,5372.1,5752.16,0.44818337674779235,-0.03748280605226961,0.03705075954057069,0.01339608979000717,7504.0,4000.0,-0.25399786780383793,0.3995,1.0420505947394874,0.973199632833579,0.10753840657377634,1
2019-05-13,5521.0,5781.0,5521.0,5745.0,14090541782,2452629,420,5506.0,5781.0,55.22598363994599,50.62220748104846,-10.877271701344183,6103.281349683844,4671.018650316155,5387.15,5729.78,0.8004243641452439,0.012789067974772195,0.11151701595846952,0.03269024651661301,7504.0,4000.0,-0.22961087420042645,0.44525,1.0731091579035297,1.0089392611932744,0.04480193738107596,0
2019-05-14,5888.0,5980.0,5702.0,5840.0,17803908054,3048466,483,5745.0,5800.0,55.567765130315856,65.23696503214433,4.345575645353518,6149.63383916871,4680.666160831289,5415.15,5705.78,1.0243723188158427,0.06558882968950952,0.04185378121070604,0.0032866286109669574,7504.0,4000.0,-0.22707889125799574,0.45,1.071069130125666,1.016513079719162,0.034482758620689724,0
2019-05-15,5970.0,6132.0,5800.0,6028.0,26855587823,4454890,657,5840.0,6132.0,61.14859047607979,102.42816294217937,23.96209310471869,6246.338894528814,4692.161105471186,5469.25,5691.02,1.4159883687112433,0.09695885509838997,0.05162064825930379,0.05724137931034479,7504.0,4000.0,-0.1828358208955224,0.533,1.1211774923435571,1.0774869882727525,-0.037834311806914545,0
2019-05-18,6250.0,6329.0,6135.0,6297.0,37307339651,5924418,927,6028.0,6327.0,64.00806773540134,145.95484890654188,48.36064426508333,6359.86929532053,4718.13070467947,5539.0,5683.6,1.7615772604152262,0.1453656770456191,0.03348578895785681,0.03180039138943247,7504.0,4000.0,-0.15684968017057568,0.58175,1.1422639465607511,1.1132028995706946,-0.022601548917338343,0
2019-05-19,6400.0,6400.0,6173.0,6250.0,12832546544,2053261,528,6297.0,6200.0,60.86604899029774,168.26259604207917,72.3410346204825,6436.951006880014,4751.048993119986,5594.0,5667.8,0.6043628183151167,0.10753840657377634,0.06602475928473184,-0.020072704283230602,7504.0,4000.0,-0.17377398720682302,0.55,1.1083303539506615,1.0938988672853664,-0.01903225806451614,0
2019-05-20,6126.0,6220.0,5938.0,5959.0,12685553969,2128901,441,6250.0,6040.0,57.065481198818595,171.0591204811235,92.08465179261071,6452.325417537262,4849.174582462738,5650.75,5651.6,0.6152189473591126,0.04480193738107596,0.05816398037841619,-0.02580645161290318,7504.0,4000.0,-0.19509594882729211,0.51,1.0688846613281422,1.0687239011961214,0.057284768211920634,1
2019-05-21,6192.0,6192.0,5959.0,6038.0,6703275546,1110271,274,5959.0,6000.0,56.122004372220495,168.10985477973463,107.2896923900355,6424.144415617193,4996.9555843828075,5710.55,5635.8,0.32002221276769793,0.034482758620689724,0.10233327209259602,-0.0066225165562914245,7504.0,4000.0,-0.20042643923240938,0.5,1.0506868865520833,1.0646225912913871,0.11749999999999994,1
2019-05-22,5902.0,6160.0,5830.0,5890.0,8605422935,1460990,315,6038.0,5900.0,53.73033050661852,155.9061867256005,117.0129912571485,6394.694119460015,5115.905880539985,5755.3,5615.5,0.4189975536799479,-0.037834311806914545,0.05545617173524153,-0.01666666666666672,7504.0,4000.0,-0.21375266524520256,0.475,1.0251420429864646,1.0506633425340575,0.1932203389830509,1
2019-05-25,6093.0,6184.0,6000.0,6173.0,32334106719,5238154,560,5890.0,6184.0,59.06564212449986,167.22347031024674,127.05508706776816,6404.5303479871345,5211.669652012866,5808.1,5598.18,1.4167055068223129,-0.022601548917338343,0.11947863866763209,0.04813559322033889,7504.0,4000.0,-0.17590618336886993,0.546,1.0647199600557842,1.104644723820956,0.1953428201811125,1
2019-06-02,6082.0,6082.0,6082.0,6082.0,6163048732,1013326,73,5793.0,6082.0,56.5438166496702,166.04785522345628,134.8536406989058,6418.857403907069,5265.742596092931,5842.3,5578.44,0.27431595010355275,-0.01903225806451614,0.08645944980350118,-0.01649417852522639,7504.0,4000.0,-0.18949893390191896,0.5205,1.041028362117659,1.0902689640831487,0.27606050641236446,1
2019-06-03,6386.0,6386.0,6386.0,6386.0,8683503992,1359772,92,6082.0,6386.0,61.781209298263825,187.48521827257082,145.3799562136388,6444.914509330583,5358.185490669417,5901.55,5566.38,0.37236841319756914,0.057284768211920634,0.10465317419131637,0.04998355804011845,7504.0,4000.0,-0.1489872068230277,0.5965,1.0820886038413637,1.1472447084101336,0.2754462887566551,1
2019-06-08,6705.0,6705.0,6705.0,6705.0,3501069390,522158,41,6386.0,6705.0,66.36251111159385,227.5915828464058,161.8222815401922,6582.161624070029,5334.738375929971,5958.45,5561.32,0.1856057787970605,0.11749999999999994,0.15603448275862064,0.04995302223614151,7504.0,4000.0,-0.10647654584221748,0.67625,1.125292651612416,1.2056490185783233,0.2754660700969427,1
2019-06-09,7040.0,7040.0,7040.0,7040.0,8986327680,1276467,95,6705.0,7040.0,70.37821755834057,283.1439587051491,186.0866169731836,6796.782227589806,5241.017772410193,6018.9,5561.92,0.4673472098952319,0.1932203389830509,0.14807566862361377,0.049962714392244534,7504.0,4000.0,-0.06183368869936034,0.76,1.1696489391749323,1.2657499568494333,0.14375000000000004,1
2019-06-10,7392.0,7392.0,7390.0,7392.0,101568899994,13740383,757,7040.0,7392.0,73.9035663433774,351.52096020467525,219.17348561948194,7064.197616619681,5100.602383380318,6082.4,5569.98,4.317040796893464,0.1953428201811125,0.1683262209577998,0.050000000000000044,7504.0,4000.0,-0.014925373134328358,0.848,1.2153097461528344,1.3271142804821563,0.07548701298701288,1
2019-06-11,7761.0,7761.0,7403.0,7758.0,48901237590,6303302,401,7392.0,7761.0,76.99450804465488,430.52264559370997,261.44331761432755,7394.327780318756,4964.972219681244,6179.65,5589.58,2.012259252960203,0.27606050641236446,0.25177419354838704,0.049918831168831224,7761.0,4000.0,0.0,0.94025,1.2558963695354917,1.3884764150437063,-0.03375853627109904,0
2019-06-12,8145.0,8145.0,8145.0,8145.0,10242296775,1257495,92,7758.0,8145.0,79.69038948939047,518.1447906068433,312.7836122128307,7765.768349722862,4837.231650277138,6301.5,5611.48,0.409506569162792,0.2754462887566551,0.3485099337748345,0.04947816003092376,8145.0,4000.0,0.0,1.03625,1.2925493930016663,1.4514887338099753,-0.10816451810926953,0
2019-06-15,8299.0,8552.0,8155.0,8471.0,109529026991,12929168,1355,8145.0,8552.0,82.08645492298719,613.3570718495321,372.898304140171,8163.692098267964,4750.207901732036,6456.95,5641.62,3.528797344230349,0.2754660700969427,0.42533333333333334,0.04996930632289742,8552.0,4000.0,0.0,1.138,1.3244643368773183,1.5158766453607297,-0.18147801683816656,0
2019-06-16,8500.0,8880.0,8048.0,8268.0,49533592525,5991220,916,8471.0,8052.0,71.0039073047747,641.0777244260044,426.53418819733764,8371.940228222742,4788.159771777258,6580.05,5714.7,1.5579294507504406,0.14375000000000004,0.36474576271186443,-0.058465855940130984,8552.0,4000.0,-0.05846585594013096,1.013,1.2236989080630085,1.408997847656045,-0.09388971684053649,0
2019-06-17,8052.0,8198.0,7855.0,7893.0,14493211150,1836212,511,8268.0,7950.0,68.95854134859617,647.3537032317754,470.6980912042252,8519.128894695437,4883.571105304563,6701.35,5785.5,0.48653785809877736,0.07548701298701288,0.28557567917205695,-0.01266766020864385,8552.0,4000.0,-0.07039289055191768,0.9875,1.1863281279145246,1.3741249675913922,-0.06905660377358491,0
2019-06-18,7900.0,8200.0,7499.0,7646.0,12716601862,1663094,414,7893.0,7499.0,60.6406427089301,608.9163224872163,498.3417374608234,8571.774597092168,5021.025402907831,6796.4,5841.96,0.43901624369921577,-0.03375853627109904,0.23298257152252555,-0.05672955974842764,8552.0,4000.0,-0.12312909260991581,0.87475,1.1033782590783356,1.283644530260392,-0.04787304973996531,0
2019-06-19,7643.0,7799.0,7264.0,7292.0,4408269047,604497,181,7646.0,7264.0,56.79630406955889,553.1159093968972,509.2965718480382,8593.188844912127,5147.911155087873,6870.55,5891.66,0.16356224923966514,-0.10816451810926953,0.13748825555903532,-0.031337511668222406,8552.0,4000.0,-0.15060804490177737,0.816,1.057266157731186,1.2329292593258947,-0.022577092511013253,0
2019-06-22,6928.0,7263.0,6928.0,6949.0,10508896526,1512207,352,7292.0,7000.0,52.75049720794838,482.03449276605534,503.84415603164166,8581.979862270935,5279.120137729066,6930.55,5939.62,0.4178510953260054,-0.18147801683816656,0.04399701715137949,-0.03634361233480177,8552.0,4000.0,-0.1814780168381665,0.75,1.010020849716112,1.178526572406989,-0.02285714285714291,0
2019-06-23,7294.0,7296.0,7269.0,7293.0,6584848850,902839,200,6949.0,7296.0,56.49263932346598,444.4631892203415,491.9679626693817,8605.180001577613,5372.319998422387,6988.75,5991.54,0.2623459142108093,-0.09388971684053649,0.036363636363636376,0.04228571428571426,8552.0,4000.0,-0.146866230121609,0.824,1.04396351278841,1.2177169809431299,-0.015213815789473673,0
2019-06-24,7600.0,7600.0,7300.0,7465.0,8604041207,1152550,302,7293.0,7401.0,57.770322196501006,418.3379435452616,477.2419588445577,8638.607445241607,5446.292554758394,7042.45,6046.96,0.3598555001651907,-0.06905660377358491,0.0012175324675325339,0.014391447368421018,8552.0,4000.0,-0.1345884003741815,0.85025,1.050912679536241,1.2239207800283118,-0.00932306445074993,0
2019-06-25,7600.0,7600.0,7092.0,7143.0,7736351977,1083008,385,7465.0,7140.0,53.559807080845125,372.2815494289425,456.2498769614347,8638.269353572332,5540.630646427668,7089.45,6094.82,0.3433432963445749,-0.04787304973996531,-0.08001546192500963,-0.03526550466153222,8552.0,4000.0,-0.16510757717492985,0.785,1.00713031335294,1.1714866066594256,0.04929971988795523,0
2019-06-26,7100.0,7370.0,6950.0,7162.0,8206254547,1145818,391,7143.0,7100.0,52.92318661718551,328.76407199388996,430.75271596792584,8614.645160296428,5670.254839703572,7142.45,6140.28,0.36900609409240287,-0.022577092511013253,-0.12829957028852057,-0.0056022408963585235,8552.0,4000.0,-0.16978484565014032,0.775,0.9940566612296902,1.156299061280593,0.02267605633802816,0
2019-06-30,7298.0,7298.0,6804.0,6843.0,11878671546,1735887,511,7162.0,6840.0,48.8580446887583,270.18184241379004,398.6385412570987,8569.209686732767,5799.690313267232,7184.45,6179.88,0.5534599741326703,-0.02285714285714291,-0.20018709073900842,-0.036619718309859106,8552.0,4000.0,-0.20018709073900842,0.71,0.952056176882016,1.1068176081088954,0.09473684210526323,1
2019-07-01,6970.0,7185.0,6756.0,6983.0,8283470247,1186241,353,6843.0,7185.0,53.91637086187752,248.7264563619865,368.65612427807633,8502.12923214685,5995.270767853151,7248.7,6222.7,0.37987793792781027,-0.015213815789473673,-0.10767511177347244,0.05043859649122817,8552.0,4000.0,-0.15984565014031804,0.79625,0.9912122173631134,1.154643482732576,0.043980514961725836,0
2019-07-02,7332.0,7332.0,7263.0,7330.0,10228597117,1395403,131,6983.0,7332.0,55.91707481368045,240.80868716058012,343.0866368545771,8460.47271277532,6151.727287224681,7306.1,6263.76,0.4761569947726748,-0.00932306445074993,-0.0777358490566038,0.0204592901878915,8552.0,4000.0,-0.14265668849391955,0.833,1.0035449829594447,1.170542932679413,0.08046917621385696,1
2019-07-03,7696.0,7696.0,7332.0,7643.0,56924490890,7447547,1110,7330.0,7492.0,58.051775884424764,244.62458095252077,323.39422567416585,8386.512352632772,6366.68764736723,7376.6,6308.4,2.2899581257778814,0.04929971988795523,-0.0009334577943725941,0.021822149481723896,8552.0,4000.0,-0.12394761459307764,0.873,1.015644063660765,1.1876228520702556,0.057127602776294806,1
2019-07-06,7598.0,7740.0,7261.0,7307.0,23892230958,3269654,635,7643.0,7261.0,53.98703539930209,226.3991463911916,303.995209817571,8325.160317138496,6515.539682861506,7420.35,6344.02,0.976669905152927,0.02267605633802816,-0.0004129955947136388,-0.030832888414308646,8552.0,4000.0,-0.15095884003741813,0.81525,0.978525271718989,1.1445424194753484,0.07147775788458888,1
2019-07-07,7526.0,7526.0,7320.0,7421.0,9749112732,1313680,346,7307.0,7488.0,57.161361454895854,227.64817462500832,288.7258027790585,8302.77990608117,6616.220093918829,7459.5,6388.98,0.38782126448956783,0.09473684210526323,0.06971428571428562,0.0312629114447045,8552.0,4000.0,-0.1244153414405987,0.872,1.0038206314096119,1.1720180686118913,0.09174679487179493,1
2019-07-08,7748.0,7748.0,7400.0,7545.0,12418754620,1645885,455,7421.0,7501.0,57.34285670540226,227.06951384381046,276.3945449920089,8303.612841687695,6661.487158312306,7482.55,6438.0,0.4832588012611998,0.043980514961725836,0.028097587719298156,0.0017361111111111605,8552.0,4000.0,-0.12289522918615528,0.87525,1.0024657369479655,1.1651133892513204,0.06652446340487939,1
2019-07-09,7890.0,7922.0,7500.0,7755.0,34079080144,4394701,856,7545.0,7922.0,62.83439744402386,257.61250595148977,272.6381371839051,8350.666652639595,6667.433347360406,7509.05,6497.8,1.4955489163866278,0.08046917621385696,0.07039589244696653,0.05612584988668168,8552.0,4000.0,-0.07366697848456501,0.9805,1.0549936410065188,1.2191818769429652,-0.03130522595304219,0
2019-07-10,8000.0,8024.0,7755.0,7902.0,7696258468,974018,362,7755.0,7920.0,62.79304068104649,278.44690140962666,273.7998900290494,8370.900462583477,6663.099537416522,7517.0,6554.2,0.36452002768504643,0.057127602776294806,0.10924369747899165,-0.0002524614996213259,8552.0,4000.0,-0.07390084190832553,0.98,1.0536118132233603,1.2083854627567057,-0.009217171717171735,0
2019-07-13,8090.0,8090.0,7601.0,7786.0,6329641387,812957,386,7902.0,7780.0,59.824709162829514,280.4288704846949,275.1256861201785,8312.857333218584,6684.642666781416,7498.75,6611.7,0.30679598870764996,0.07147775788458888,0.09577464788732404,-0.017676767676767624,8552.0,4000.0,-0.09027128157156221,0.945,1.0375062510418402,1.1767019072250708,-0.015167095115681262,0
2019-07-14,7876.0,8175.0,7730.0,8152.0,38266583756,4694041,822,7786.0,8175.0,64.87047315728194,310.2958961647655,282.1597281290959,8208.559838333547,6751.240161666452,7479.9,6679.12,2.097358354650593,0.09174679487179493,0.19517543859649122,0.050771208226221054,8552.0,4000.0,-0.044083255378858745,1.04375,1.0929290498536077,1.2239636359280863,-0.04721712538226297,0
2019-07-15,8260.0,8350.0,7745.0,8077.0,16194338911,2005039,421,8152.0,8000.0,61.203005520211256,316.1997379806089,288.9677300993985,8198.104578232042,6756.495421767959,7477.3,6739.02,0.9834581630565462,0.06652446340487939,0.1134307585247043,-0.021406727828746197,8552.0,4000.0,-0.06454630495790459,1.0,1.069904912200928,1.187116227582052,-0.02375000000000005,0
2019-07-16,7920.0,7940.0,7674.0,7728.0,18198614139,2354904,343,8077.0,7674.0,54.9685601922842,291.21614124965254,289.41741232944935,8157.651712524193,6769.348287475807,7463.5,6789.94,1.140555872927694,-0.03130522595304219,0.04664484451718498,-0.04074999999999995,8552.0,4000.0,-0.10266604303086997,0.9185,1.0282039257720907,1.1302014450790434,-0.0007818608287725182,0
2019-07-17,7370.0,8114.0,7370.0,7971.0,8116762125,1018313,365,7728.0,7847.0,57.445868121185256,282.1239655630088,287.95872297616125,8194.90137254789,6766.8986274521085,7480.9,6838.92,0.5010250019994249,-0.009217171717171735,0.047383876134543534,0.022543653896273108,8552.0,4000.0,-0.08243685687558466,0.96175,1.0489379620099186,1.147403391178724,-0.03160443481585318,0
2019-07-20,8110.0,8110.0,7600.0,7753.0,3808681515,491234,257,7971.0,7662.0,54.023274232519405,257.0275434089381,281.77248706271666,8211.689752352835,6789.910247647165,7500.8,6888.14,0.2423696944779305,-0.015167095115681262,0.05522655281641642,-0.023575888874729167,8552.0,4000.0,-0.10406922357343311,0.9155,1.0214910409556315,1.112346729305734,0.006525711302531878,0
2019-07-21,7721.0,7940.0,7450.0,7785.0,6830346200,877399,235,7753.0,7789.0,55.96295995772413,244.56706971661606,274.3314035934966,8222.59210627828,6857.907893721719,7540.25,6932.58,0.43978667464906623,-0.04721712538226297,0.040197649572649485,0.016575306708431325,8552.0,4000.0,-0.08921889616463985,0.94725,1.0329896223600012,1.1235355379959553,-0.0035948131980998443,0
2019-07-22,8174.0,8174.0,7600.0,8071.0,17290718519,2142321,427,7785.0,7810.0,56.29132823631875,233.69271488967843,266.20366585273297,8248.277040355491,6883.622959644508,7565.95,6972.16,1.0414631774937653,-0.02375000000000005,0.041194507399013425,0.0026961098985749388,8552.0,4000.0,-0.08676333021515435,0.9525,1.0322563590824683,1.120169359280338,0.05825864276568504,1
2019-07-23,8000.0,8000.0,7668.0,7671.0,14477405508,1887180,397,8071.0,7668.0,53.39215441464444,211.1821210521657,255.19935689261953,8258.636764793639,6899.963235206363,7579.3,7003.08,0.9013347508777863,-0.0007818608287725182,-0.03206261045190606,-0.018181818181818188,8552.0,4000.0,-0.10336763330215154,0.917,1.0117029277110023,1.0949467948388423,0.11776212832550859,1
2019-07-24,7632.0,7650.0,7288.0,7345.0,26355893571,3588118,659,7671.0,7599.0,51.990936037719045,185.63470854639763,241.28642722337517,8250.996753363968,6953.503246636032,7602.25,7038.74,1.6169853588323118,-0.03160443481585318,-0.04053030303030303,-0.008998435054773046,8552.0,4000.0,-0.11143592142188961,0.89975,0.9995724949850373,1.079596632351813,0.18397157520726415,1
2019-07-27,7599.0,7712.0,7405.0,7666.0,19073278518,2488079,406,7345.0,7712.0,54.114745540512594,172.5176792778184,227.53267763426382,8240.373588019671,7025.326411980331,7632.85,7078.82,1.0883365974739714,0.006525711302531878,-0.008740359897172256,0.01487037768127375,8552.0,4000.0,-0.09822263797942002,0.928,1.0103696522268877,1.0894471112417041,0.22484439834024905,1
2019-07-28,7999.0,8037.0,7283.0,7872.0,10869938361,1380843,475,7666.0,7761.0,55.043471131430486,164.1836229645105,214.86286670031316,8166.921270028571,7190.878729971429,7678.9,7125.18,0.6087358858666337,-0.0035948131980998443,-0.050642201834862344,0.006353734439834113,8552.0,4000.0,-0.09249298409728718,0.94025,1.0106916355207127,1.0892356403627697,0.27599536142249703,1
2019-07-29,7778.0,8265.0,7479.0,8163.0,45311590995,5550968,930,7872.0,8265.0,63.276776195596874,195.98818143169683,211.0879296465899,8229.303021747759,7236.496978252239,7732.9,7178.68,2.232339861969742,0.05825864276568504,0.03312500000000007,0.06494008504058746,8552.0,4000.0,-0.033559401309635174,1.06625,1.0688098902093652,1.151325870494297,0.16624319419237743,1
2019-07-30,8569.0,8571.0,8540.0,8569.0,80270593802,9367642,1194,8163.0,8571.0,67.20393729565454,243.08305565605406,217.48695484848275,8377.432964049169,7212.267035950832,7794.85,7239.62,3.246761783300765,0.11776212832550859,0.11688819390148564,0.0370235934664247,8571.0,4000.0,0.0,1.14275,1.0995721534089815,1.1839019175039573,0.143507175358768,1
2019-07-31,8997.0,8997.0,8997.0,8997.0,2938690110,326630,81,8569.0,8997.0,71.73553675472468,311.19347784714864,236.22825944821594,8636.547623781511,7103.65237621849,7870.1,7307.6,0.12914460863070934,0.18397157520726415,0.1465528227348032,0.049702485124256235,8997.0,4000.0,0.0,1.24925,1.1431875071473043,1.2311839728501832,0.12782038457263534,1
2019-08-03,9446.0,9446.0,9100.0,9432.0,94099051954,9976907,1373,8997.0,9446.0,75.56748326651194,396.8276436339356,268.3481362853599,8960.26350791002,6998.436492089982,7979.35,7380.9,3.482896634522446,0.22484439834024905,0.232837379274341,0.049905524063576845,9446.0,4000.0,0.0,1.3615,1.1838056984591476,1.2797897275400019,0.02519585009527847,0
2019-08-04,9900.0,9903.0,9651.0,9872.0,17760579028,1799092,355,9432.0,9903.0,78.72852889332655,495.8535268727692,313.84921440284177,9363.298305888808,6836.901694111192,8100.1,7462.96,0.6227788567386082,0.27599536142249703,0.27140839645654125,0.048380266779589176,9903.0,4000.0,0.0,1.47575,1.2225774990432217,1.326953380428141,-0.05584166414217917,0
2019-08-05,10365.0,10365.0,9379.0,9916.0,78465999486,7913021,1670,9872.0,9639.0,72.8638144260446,546.7273268248728,360.424836887248,9604.074801147157,6809.925198852843,8207.0,7533.1,2.471143048339074,0.16624319419237743,0.23418693982074257,-0.02665858830657375,9903.0,4000.0,-0.026658588306573767,1.40975,1.1744851955647617,1.2795529065059537,-0.021060275962236696,0
2019-08-06,9535.0,10000.0,9421.0,9743.0,43412371422,4455584,1134,9916.0,9801.0,74.13699356812272,593.2782831768072,406.99552614515983,9852.862945367871,6749.03705463213,8300.95,7602.58,1.3901047808188813,0.143507175358768,0.278169014084507,0.01680672268907557,9903.0,4000.0,-0.010299909118448955,1.45025,1.1807082321902913,1.2891676246747814,-0.002244668911335568,0
2019-08-07,9900.0,10230.0,9701.0,10193.0,48454283716,4753547,1046,9743.0,10147.0,76.65617004944775,650.5899637012371,455.7144136563753,10147.63686643268,6676.963133567319,8412.3,7681.52,1.4004948660887802,0.12782038457263534,0.33530727727332543,0.0353025201510051,10147.0,4000.0,0.0,1.53675,1.2062099544714289,1.3209625178350117,-0.03518281265398637,0
2019-08-10,10200.0,10200.0,9684.0,9736.0,30393991493,3121923,899,10193.0,9684.0,67.22053517873152,651.143673927485,494.8002657105973,10301.552786291531,6713.4472137084695,8507.5,7754.4,0.8895281758659384,0.02519585009527847,0.25570539419087135,-0.0456292500246378,10147.0,4000.0,-0.04562925002463782,1.421,1.1382897443432265,1.2488393686165276,-0.013114415530772416,0
2019-08-11,9800.0,9800.0,9250.0,9427.0,31455419277,3336821,952,9736.0,9350.0,61.35356387739195,617.5131771084198,519.3428479901618,10389.617530148656,6742.882469851344,8566.25,7821.4,0.9695049354211009,-0.05584166414217917,0.20474165700296343,-0.03448988021478727,10147.0,4000.0,-0.07854538287178477,1.3375,1.0914927768860354,1.1954381568517145,0.024598930481283476,0
2019-08-13,9540.0,9540.0,9050.0,9314.0,20321615339,2181771,769,9427.0,9436.0,62.266777871607786,590.987708921306,533.6718201763906,10479.574745964717,6796.525254035281,8638.05,7892.12,0.6322847071732738,-0.021060275962236696,0.14168179068360565,0.009197860962566917,10147.0,4000.0,-0.07006997142012418,1.359,1.0923761728630883,1.1956229758290549,0.06559983043662565,1
2019-08-14,9575.0,9779.0,9311.0,9722.0,27385698321,2816800,738,9314.0,9779.0,65.7436196795679,590.8325676473996,545.1039696705925,10592.996742712283,6893.603257287716,8743.3,7964.02,0.8108910311487894,-0.002244668911335568,0.140940380352351,0.03635014836795247,10147.0,4000.0,-0.03626687690943136,1.44475,1.1184564180572554,1.2278974688662259,0.0763881787503835,1
2019-08-17,10208.0,10208.0,9620.0,9895.0,15105261524,1526490,549,9722.0,9790.0,65.85228873400743,584.8553764197259,553.0542510204192,10695.73191658315,6985.168083416851,8840.45,8038.18,0.43624987264649656,-0.03518281265398637,0.08814049127486934,0.0011248593925758943,10147.0,4000.0,-0.0351828126539864,1.4475,1.1074096906831665,1.2179373937881461,0.06945863125638407,1
2019-08-18,9895.0,9999.0,9401.0,9523.0,16114426057,1692215,671,9895.0,9557.0,61.408620020050385,554.9204787180461,553.4274965599446,10732.726255719359,7137.6737442806425,8935.2,8101.6,0.47545246921573,-0.013114415530772416,0.011751005716705398,-0.02379979570990809,10147.0,4000.0,-0.058145264610229626,1.38925,1.0695899364311934,1.1796435272045027,0.13843256251961922,1
2019-08-19,9740.0,9740.0,9500.0,9577.0,9827249254,1026081,407,9523.0,9580.0,61.68348122312946,526.9780890233633,548.1376150526285,10762.398511638781,7287.10148836122,9024.75,8159.1,0.2876915060026398,0.024598930481283476,-0.03261637887508839,0.0024066129538558023,10147.0,4000.0,-0.05587858480339016,1.395,1.0615252500069254,1.1741491095831647,0.1481210855949895,1
2019-08-21,10053.0,10055.0,9674.0,10025.0,32898164404,3281475,759,9577.0,10055.0,66.92308647983725,536.9721929489151,545.9045306318858,10835.876569972193,7438.123430027807,9137.0,8219.4,0.9055943847035374,0.06559983043662565,0.04315800394231761,0.049582463465553284,10147.0,4000.0,-0.00906671922735784,1.51375,1.1004706139870855,1.2233253035501375,0.06384883142715059,1
2019-08-24,10526.0,10526.0,10468.0,10525.0,20446369138,1942690,392,10025.0,10526.0,71.1376804044227,576.2556396945856,551.9747524444258,10940.855134854792,7618.944865145208,9279.9,8282.08,0.5357172132077103,0.0763881787503835,0.07397204366901344,0.04684236698160116,10526.0,4000.0,0.0,1.6315,1.1342794642183645,1.270936769507177,-0.06279688390651716,0
2019-08-25,11051.0,11051.0,9999.0,10377.0,28078045023,2705739,885,10525.0,10470.0,69.99571223383457,595.9990166070693,560.7796052769545,10970.87631165446,7876.023688345542,9423.45,8336.26,0.7553254955961756,0.06945863125638407,0.031832068591701956,-0.005320159604788155,10526.0,4000.0,-0.005320159604788144,1.6175,1.1110580519873294,1.2559589072317803,-0.0701050620821394,0
2019-08-26,10502.0,10895.0,10502.0,10861.0,51578112320,4748749,1093,10377.0,10880.0,73.36671803088885,637.3820154233217,576.100087306228,11042.213417098821,8121.48658290118,9581.85,8390.96,1.2850956690501052,0.13843256251961922,0.12350268484097482,0.03915950334288443,10880.0,4000.0,0.0,1.72,1.1354801003981485,1.2966335198833032,-0.14779411764705885,0
2019-08-27,11009.0,11389.0,10903.0,11259.0,33117429022,2941532,669,10861.0,10999.0,74.27028217526518,672.0338576249615,595.2868413699748,11072.801823670005,8414.698176329995,9743.75,8439.9,0.77956817375401,0.1481210855949895,0.17636363636363628,0.010937500000000044,10999.0,4000.0,0.0,1.74975,1.1288261706221938,1.303214493062714,-0.14537685244113097,0
2019-08-28,11250.0,11250.0,10697.0,10732.0,23218788588,2163464,783,11259.0,10697.0,67.96819105611954,667.4330632516048,609.7160857463009,11070.185802091133,8660.514197908868,9865.35,8492.8,0.6003104434958417,0.06384883142715059,0.13363713437897418,-0.027457041549231787,10999.0,4000.0,-0.02745704154923175,1.67425,1.0843001008580537,1.2595374905802563,-0.08909039917733941,0
2019-08-31,10800.0,10800.0,9724.0,10248.0,22064656427,2153060,869,10732.0,9865.0,54.2985049304532,589.8520071100684,605.7432700190544,10978.771407238639,8881.32859276136,9930.05,8531.1,0.6638732043065578,-0.06279688390651716,0.008794355251048103,-0.07777881649060481,10999.0,4000.0,-0.10310028184380399,1.46625,0.9934491769930666,1.15635732789441,0.01996958945767857,0
2019-09-01,10000.0,10000.0,9736.0,9759.0,34894489546,3575760,1029,10248.0,9736.0,52.534308580072555,512.0565698811133,587.0059299914662,10930.20818102869,9003.79181897131,9967.0,8575.84,1.0499536496273583,-0.0701050620821394,-0.005515832482124616,-0.013076533198175366,10999.0,4000.0,-0.1148286207837076,1.434,0.9768235176081067,1.1352823746711693,0.07764995891536564,1
2019-09-02,9522.0,9890.0,9272.0,9398.0,23254478194,2474422,917,9759.0,9272.0,46.66168194777776,408.2560812273023,551.2559602386335,10943.076136997946,8973.523863002052,9958.3,8616.0,0.8165030078417778,-0.14779411764705885,-0.02982107355864816,-0.04765817584223497,10999.0,4000.0,-0.15701427402491136,1.318,0.9310826145024754,1.0761374187558033,0.18766177739430545,1
2019-09-03,9275.0,9670.0,9020.0,9325.0,21928739123,2351601,1096,9398.0,9400.0,48.37610046546248,332.4892473107593,507.5026176530587,10947.537554143186,8918.762445856813,9933.15,8664.0,0.7689651600823344,-0.14537685244113097,-0.018789144050104345,0.01380500431406384,10999.0,4000.0,-0.14537685244113102,1.35,0.9463261905840544,1.084949215143121,0.13617021276595742,1
2019-09-04,9550.0,9791.0,9407.0,9583.0,30348874572,3166914,1081,9325.0,9744.0,52.76980110155195,296.7803119367072,465.35815650978844,10947.717868662095,8929.082131337904,9938.4,8712.96,1.1226879559891534,-0.08909039917733941,-0.03092988562904031,0.03659574468085114,10999.0,4000.0,-0.11410128193472134,1.436,0.9804395073653707,1.118334067871309,0.09010673234811173,1
2019-09-07,10048.0,10062.0,9833.0,9993.0,45266656088,4529831,1149,9583.0,10062.0,56.45899487686224,290.7886353680133,430.4442522814334,10960.073314226178,8942.826685773824,9951.45,8766.18,1.6037387270530459,0.01996958945767857,-0.04408132243967322,0.032635467980295596,10999.0,4000.0,-0.08518956268751705,1.5155,1.011108933873958,1.1478203732982895,0.11637845358775589,1
2019-09-08,10492.0,10492.0,10000.0,10488.0,78454186962,7480201,1011,9993.0,10492.0,60.90581787880214,317.0824655735323,407.77189493985327,11001.61899004743,8935.781009952572,9968.7,8833.22,2.526346459618999,0.07764995891536564,0.00210124164278902,0.042735042735042805,10999.0,4000.0,-0.046095099554504956,1.623,1.0524943071814779,1.1877888244603894,0.10751048417842157,1
2019-09-11,10581.0,11012.0,10581.0,10978.0,66869789822,6091108,1495,10488.0,11012.0,65.49516511377948,375.551050884711,401.32772612882485,11153.478272321405,8916.721727678596,10035.1,8911.46,1.9589737513749719,0.18766177739430545,0.012132352941176539,0.04956157072054901,11012.0,4000.0,0.0,1.753,1.0973483074408825,1.2357122177510758,0.10424990918997468,1
2019-09-14,11440.0,11440.0,10649.0,10996.0,38149786913,3469330,1302,10978.0,10680.0,60.60350834933905,390.5956570301114,399.1813123090822,11207.216461527514,8995.983538472487,10101.6,8988.26,1.1134058726300435,0.13617021276595742,-0.02900263660332758,-0.030148928441699918,11012.0,4000.0,-0.030148928441699963,1.67,1.0572582561178427,1.188216629247485,0.1953183520599251,1
2019-09-15,10639.0,11200.0,10460.0,10699.0,33215000363,3104379,1249,10996.0,10622.0,59.763740775155306,393.30472843143434,398.00599553355266,11244.357594924983,9077.442405075017,10160.9,9057.0,0.9817484598527105,0.09010673234811173,-0.007011311582686752,-0.005430711610486916,11012.0,4000.0,-0.035415909916454776,1.6555,1.0453798384001418,1.1727945235729271,0.2619092449632838,1
2019-09-16,10778.0,11233.0,10702.0,11067.0,51767240060,4677681,1312,10699.0,11233.0,65.22971397854863,439.68585584350694,406.34196759554357,11396.978425105366,9070.221574894635,10233.6,9135.02,1.4370154906886996,0.11637845358775589,0.1386720729853015,0.05752212389380529,11233.0,4000.0,0.0,1.80825,1.0976586929330832,1.2296634271189335,0.2529155167809134,1
2019-09-17,11570.0,11620.0,11100.0,11581.0,54263170883,4685473,990,11067.0,11620.0,68.17838645576657,501.88547582910905,425.45066924225665,11615.458539321788,9034.741460678213,10325.1,9217.58,1.3727969437622456,0.10751048417842157,0.19350862777321276,0.03445206089201469,11620.0,4000.0,0.0,1.905,1.125412828931439,1.2606345700281418,0.2716867469879518,1
2019-09-18,12160.0,12160.0,12106.0,12159.0,41265633463,3393807,795,11581.0,12160.0,71.77519044559284,587.9748023041066,457.95549585462663,11922.439541266116,8988.060458733884,10455.25,9315.56,0.9701678295692668,0.10424990918997468,0.3114754098360655,0.04647160068846823,12160.0,4000.0,0.0,2.04,1.1630520551875851,1.305342888672286,0.33963815789473695,1
2019-09-21,12766.0,12766.0,12766.0,12766.0,7057849058,552863,144,12159.0,12766.0,75.16738379454044,697.0650176072631,505.777400205154,12336.711371649213,8892.388628350785,10614.55,9421.12,0.15911998027804802,0.1953183520599251,0.35808510638297864,0.04983552631578947,12766.0,4000.0,0.0,2.1915,1.2026887621236888,1.355040589653884,0.3246122512924956,1
2019-09-22,13404.0,13404.0,13404.0,13404.0,6982076580,520895,89,12766.0,13404.0,78.14538866290943,825.4853855216188,569.718997268447,12867.01050357084,8696.98949642916,10782.0,9539.18,0.15612135796194124,0.2619092449632838,0.37561576354679804,0.049976500078332986,13404.0,4110.0,0.0,2.2613138686131387,1.2431830829159711,1.405152224824356,0.21605490898239332,1
2019-09-23,14074.0,14074.0,14074.0,14074.0,7075999054,502771,85,13404.0,14074.0,80.75544354963161,970.1396864742164,649.8031351096008,13484.421061298452,8434.378938701548,10959.4,9662.22,0.1540126311120396,0.2529155167809134,0.3987278870999802,0.04998507908087135,14074.0,4200.0,0.0,2.350952380952381,1.2841943902038433,1.4566010709754074,0.21138269148784983,1
2019-09-24,14777.0,14777.0,14777.0,14777.0,29264474239,1980407,252,14074.0,14777.0,83.04369143457558,1128.4968774031822,745.5418835683172,14184.258323630422,8165.241676369578,11174.75,9799.36,0.6134686181119929,0.2716867469879518,0.40840640487990854,0.04995026289612059,14777.0,4290.0,0.0,2.4445221445221446,1.3223562048367972,1.5079556215916141,0.0918995736617716,1
2019-09-25,15515.0,16290.0,15515.0,16124.0,34043345091,2111287,380,14777.0,16290.0,86.70708565820551,1360.4006950551866,868.513645865691,15184.265960115823,7706.234039884178,11445.25,9969.56,0.6818655177744894,0.33963815789473695,0.4792953142026879,0.10238884753332878,16290.0,4290.0,0.0,2.797202797202797,1.423297874664162,1.6339738162968076,0.05064456721915289,1
2019-09-28,16930.0,16930.0,16700.0,16926.0,41936155753,2477577,558,16124.0,16910.0,87.86415603254359,1576.0472679158138,1010.0203702757155,16163.88849561038,7317.711504389619,11740.8,10144.26,0.8062033458888349,0.3246122512924956,0.5833333333333333,0.038060159607120836,16910.0,4290.0,0.0,2.941724941724942,1.440276642136822,1.6669525426201615,0.0506209343583679,1
2019-09-29,16200.0,17000.0,16080.0,16238.0,173400912889,10679002,2392,16926.0,16300.0,80.44489132904793,1678.3795142548715,1143.6921990715468,16836.459629312452,7205.440370687549,12020.95,10310.26,3.0520865669218438,0.21605490898239332,0.5345509320278667,-0.036073329390892916,16910.0,4290.0,-0.036073329390892965,2.7995337995337994,1.355966042617264,1.580949461992229,0.14294478527607368,1
2019-09-30,16390.0,17049.0,16300.0,16984.0,94628736577,5571645,1247,16238.0,17049.0,82.40904396219847,1799.1768068082074,1274.789120618879,17556.98954841185,7203.310451588149,12380.15,10497.76,1.5182224047063315,0.21138269148784983,0.5177601709249533,0.04595092024539871,17049.0,4290.0,0.0,2.9741258741258743,1.3771238636042376,1.6240607520080474,0.12012434746905987,1
2019-10-01,17510.0,17698.0,16135.0,16708.0,67176954446,4020618,1446,16984.0,16135.0,72.79970172414386,1800.4034399276788,1379.9119844806391,17973.777043581744,7426.422956418257,12700.1,10663.52,1.0889814025690485,0.0918995736617716,0.3885542168674698,-0.05361018241539095,17049.0,4290.0,-0.05361018241539093,2.761072261072261,1.2704624373036433,1.513102615271505,0.12444995351719856,1
2019-10-02,16201.0,17320.0,15900.0,16920.0,66444111397,3927056,1168,16708.0,17115.0,76.02743640102841,1859.0236973298015,1475.7343270504716,18453.6339211533,7730.866078846699,13092.25,10852.58,1.043119701020179,0.05064456721915289,0.407483552631579,0.06073752711496749,17115.0,4290.0,0.0,2.9895104895104896,1.3072619297676107,1.5770443525871267,0.057785568215016125,1
2019-10-05,17766.0,17766.0,17116.0,17743.0,122023857211,6877188,1676,16920.0,17766.0,77.90325987335501,1935.697418116879,1567.7269452637531,18959.10795509245,8061.992044907548,13510.55,11052.12,1.7231734294071264,0.0506209343583679,0.391665361115463,0.03803680981595092,17766.0,4290.0,0.0,3.141258741258741,1.3149723734414958,1.6074744031009434,-0.025779578971068307,0
2019-10-06,17780.0,18630.0,16900.0,18188.0,74436671441,4092540,1444,17743.0,18630.0,80.12596096229663,2042.633268669524,1662.7082099449074,19549.62861134838,8360.07138865162,13954.85,11268.52,1.0136866924325925,0.14294478527607368,0.38988361683079686,0.04863221884498481,18630.0,4398.0,0.0,3.2360163710777625,1.3350197243252346,1.653278336462996,-0.09243156199677938,0
2019-10-07,19097.0,19097.0,19097.0,19097.0,16848633802,882266,319,18188.0,19097.0,81.22525703313806,2140.3906072088375,1758.2446893976935,20128.725528158346,8684.474471841655,14406.6,11497.1,0.22886843350498393,0.12012434746905987,0.35689924683814134,0.025067096081588858,19097.0,4398.0,0.0,3.342201000454752,1.3255730012633098,1.6610275634725278,-0.15876839294129963,0
2019-10-08,19900.0,19900.0,18143.0,19056.0,78013142089,4093872,1613,19097.0,18143.0,72.41346852929978,2116.4866347572024,1829.8930784695954,20435.80041506923,9142.499584930772,14789.15,11707.98,1.1107784490033579,0.12444995351719856,0.22778642484942813,-0.04995549039116087,19097.0,4398.0,-0.049955490391160914,3.1252842201000455,1.2267777390857486,1.549626835713761,-0.15879402524389574,0
2019-10-09,18104.0,19049.0,18104.0,18218.0,42616996680,2339335,1048,19056.0,18104.0,72.06925816891723,2070.5278342921647,1878.0200296341093,20686.85111309559,9600.648886904411,15143.75,11915.82,0.6687636556619388,0.057785568215016125,0.11135666052793125,-0.0021495893733119997,19097.0,4398.0,-0.051997695973189505,3.1164165529786265,1.1954766817994222,1.5193247296451273,-0.1986301369863014,0
2019-10-12,18002.0,18880.0,17308.0,17797.0,24642432173,1384660,711,18218.0,17308.0,65.25168990088864,1947.4258927962874,1891.901202266545,20694.196743419874,10256.103256580123,15475.15,12106.76,0.4080010110301944,-0.025779578971068307,0.023536369012418623,-0.043968183826778584,19097.0,4398.0,-0.09367963554484998,2.935425193269668,1.1184382703883322,1.4296145294034077,-0.20689854402588403,0
2019-10-13,16908.0,16950.0,16908.0,16910.0,11352350848,671338,324,17797.0,16908.0,62.07393548305005,1796.8767831593868,1872.8963184451134,20537.429548186963,11041.470451813038,15789.45,12279.62,0.20516949890545533,-0.09243156199677938,0.03730061349693248,-0.023110700254217686,19097.0,4398.0,-0.1146253338220663,2.844474761255116,1.0708416062624093,1.3769155723059834,-0.17352732434350604,0
2019-10-14,16065.0,16065.0,16065.0,16065.0,1749269655,108887,95,16910.0,16065.0,55.895766916802664,1591.2001099890567,1816.557076753902,20294.002707924603,11768.097292075396,16031.05,12429.5,0.0357748521946837,-0.15876839294129963,-0.05771599507302483,-0.04985805535841026,19097.0,4398.0,-0.15876839294129969,2.6527967257844476,1.0021177652118858,1.2924896415785028,-0.11938997821350761,0
2019-10-15,15262.0,16065.0,15262.0,15271.0,29315422777,1919686,383,16065.0,15262.0,50.717537516673,1347.8671026904904,1722.8190819412198,19990.310217676997,12435.989782323002,16213.15,12554.8,0.6607337753860504,-0.15879402524389574,-0.05410598078710882,-0.04998443821973231,19097.0,4398.0,-0.20081688223281144,2.470213733515234,0.9413346573614628,1.2156306751202728,-0.029747084261564694,0
2019-10-16,14508.0,15200.0,14508.0,14523.0,37512878191,2583011,707,15271.0,14508.0,46.37332477571034,1081.7131271410108,1594.5978909811781,19722.85166553651,12938.248334463491,16330.55,12656.04,0.9016232360477976,-0.1986301369863014,-0.15232252410166525,-0.04940374787052815,19097.0,4398.0,-0.24029952348536418,2.2987721691678034,0.888396287938863,1.146330131699963,-0.021229666390956692,0
2019-10-20,14449.0,14449.0,13727.0,14084.0,869658882,61746,44,14523.0,13727.0,42.32892110064745,798.5587231960799,1435.3900574241586,19589.980787138422,13167.21921286158,16378.6,12732.52,0.021739334409714275,-0.20689854402588403,-0.22734436564223803,-0.05383236834849736,19097.0,4398.0,-0.28119599937162904,2.1211914506593907,0.8381058210103427,1.078105512498704,0.11102207328622415,1
2019-10-21,13380.0,14343.0,13380.0,13474.0,46579811227,3456996,672,14084.0,13974.0,43.992573097816866,587.3174241144825,1265.7755307622235,19521.018553848473,13293.181446151522,16407.1,12819.22,1.1573105958753764,-0.17352732434350604,-0.24991948470209335,0.017993734974867115,19097.0,4398.0,-0.26826203068544796,2.1773533424283764,0.8517044450268482,1.0900819238612023,0.13059968512952635,1
2019-10-22,14147.0,14147.0,13501.0,14103.0,23862216921,1691998,577,13474.0,14147.0,45.185284596911465,428.92247555637186,1098.4049197210531,19513.873386203293,13307.626613796707,16410.75,12906.14,0.5553806130086409,-0.11938997821350761,-0.25920301618055197,0.012380134535566079,19097.0,4398.0,-0.2592030161805519,2.2166894042746703,0.8620568834453026,1.0961449356662798,0.08857001484413662,1
2019-10-23,14700.0,14808.0,13398.0,14499.0,21899338421,1510419,696,14103.0,14808.0,49.601473709556934,352.6652084460966,949.2569774660619,19512.18690761482,13312.413092385177,16412.3,12999.36,0.49963309483132856,-0.029747084261564694,-0.18381745025629714,0.04672368700077745,19097.0,4398.0,-0.22459024977745196,2.3669849931787175,0.9022501416620462,1.1391330034709402,0.08083468395461924,1
2019-10-26,15150.0,15150.0,14145.0,14690.0,16486165711,1122295,811,14499.0,14200.0,45.935528109939135,240.39908511529939,807.4853989959095,19554.5646419169,13061.0353580831,16307.8,13089.68,0.3774187693110395,-0.021229666390956692,-0.21564295183384885,-0.04105888708806049,19097.0,4398.0,-0.25642771115882074,2.2287403365165983,0.8707489667521064,1.084824075149278,0.11971830985915499,1
2019-10-28,14600.0,15399.0,14200.0,15059.0,13586580816,902200,642,14690.0,15251.0,52.4744004744619,233.54216130780333,692.6967514582883,19490.549635606705,12959.150364393296,16224.85,13207.7,0.31165821063763194,0.11102207328622415,-0.11884677605731453,0.07401408450704228,19097.0,4398.0,-0.2013928889354349,2.467712596634834,0.9399778734472122,1.1547052098397146,0.00196708412563118,0
2019-10-30,15720.0,15811.0,14750.0,15746.0,16634586185,1056412,648,15059.0,15799.0,55.49675300539212,269.22357813888266,608.0021167944071,19470.49170665805,12929.10829334195,16199.8,13334.96,0.4376717585272521,0.13059968512952635,-0.06559025313461087,0.035932070028194874,19097.0,4398.0,-0.17269728229564854,2.5923146884947705,0.9752589538142447,1.1847804567842724,-0.06424457244129378,0
2019-11-02,16000.0,16299.0,14959.0,15243.0,30214980962,1982273,997,15746.0,15400.0,52.860854317993194,262.2819693525307,538.8580873060318,19381.387394087535,12853.312605912466,16117.35,13447.38,0.8872248180343042,0.08857001484413662,-0.04139433551198257,-0.025254762959680987,19097.0,4398.0,-0.1935906163271718,2.5015916325602547,0.9554920629011593,1.145204493365994,0.01389610389610385,0
2019-11-03,15701.0,16005.0,14847.0,15743.0,31326471085,1989876,793,15243.0,16005.0,56.25374003416398,302.11652692045936,491.50977522891736,19375.238657926893,12846.461342073108,16110.85,13571.68,0.9330301874705742,0.08083468395461924,0.04868300353819954,0.03928571428571437,19097.0,4398.0,-0.16191024768288212,2.639154160982265,0.9934298935189639,1.1792939415017154,0.013120899718837897,0
2019-11-04,16219.0,16397.0,15250.0,15926.0,14937373122,937916,615,15743.0,15900.0,55.50702637837334,321.5069463606269,457.5092094552593,19282.544765189614,12817.655234810387,16050.1,13698.54,0.47291971942760297,0.11971830985915499,0.09594706368899919,-0.006560449859418949,19097.0,4398.0,-0.1674084934806514,2.6152796725784446,0.9906480333455866,1.1607076374562544,0.0675471698113208,1
2019-11-05,15999.0,15999.0,15222.0,15562.0,9504023366,610720,474,15926.0,15281.0,51.192848746639356,283.65605621989744,422.73857880818696,19074.879582268433,12776.820417731566,15925.85,13812.56,0.36571761452613694,0.00196708412563118,0.1132075471698113,-0.038930817610062896,19097.0,4398.0,-0.19982196156464366,2.4745338790359255,0.9595092255672382,1.1063119363825389,0.13605130554283096,1
2019-11-09,14830.0,15698.0,14784.0,14871.0,14810627977,995946,667,15562.0,14784.0,47.96909396344504,211.12152911568046,380.41516886968566,18660.450919061266,12806.649080938734,15733.55,13907.14,0.6573499203943046,-0.06424457244129378,0.05796479175611857,-0.03252404947320198,19097.0,4398.0,-0.22584699167408492,2.3615279672578446,0.9396480768802973,1.063051065855381,0.20400432900432897,1
2019-11-10,14600.0,15614.0,14250.0,15443.0,45543718523,2949086,1043,14871.0,15614.0,53.26238349620674,218.0973665227375,347.95160840029604,18046.513861487176,13072.286138512824,15559.4,14008.9,1.822185352553234,0.01389610389610385,0.10369689686859407,0.056141774891774965,19097.0,4398.0,-0.18238466774886108,2.55025011368804,1.0035091327429078,1.1145771616615152,0.081913667221724,1
2019-11-11,16190.0,16215.0,15511.0,16166.0,15263322744,944146,429,15443.0,16215.0,56.69762329044499,269.0203460693174,332.1653559341003,17676.48774561813,13249.512254381869,15463.0,14123.8,0.6462560285371005,0.013120899718837897,0.09501620745542949,0.0384910977328039,19097.0,4398.0,-0.15091375608734356,2.6869031377899044,1.0486322188449848,1.1480621362522834,0.032994141227258744,0
2019-11-12,16490.0,16974.0,15620.0,16534.0,60532916030,3661071,1505,16166.0,16974.0,60.63290521236979,366.39851698393795,339.0119881440679,17393.55988837821,13419.440111621789,15406.5,14245.68,2.3975044172229025,0.0675471698113208,0.19535211267605623,0.04680851063829783,19097.0,4398.0,-0.1111692936063256,2.859481582537517,1.101742770908383,1.1915191131627272,0.022328266760928583,0
2019-11-13,17150.0,17360.0,16600.0,17165.0,20112211902,1171705,854,16534.0,17360.0,62.49942359674717,469.30849685170324,365.071289885595,17406.21591050736,13411.984089492644,15409.1,14372.9,0.7726955600728007,0.13605130554283096,0.1382860140318667,0.022740662189230543,19097.0,4398.0,-0.09095669476881185,2.94724874943156,1.1266070049516195,1.2078286219204197,0.039112903225806406,0
2019-11-16,17890.0,18023.0,17010.0,17782.0,23643764252,1329640,845,17165.0,17800.0,64.5620364433868,579.6874440774263,407.9945207239613,17615.74894486726,13291.65105513274,15453.7,14514.96,0.8582190380058058,0.20400432900432897,0.12665358566997909,0.025345622119815614,19097.0,4398.0,-0.0679164266638739,3.047294224647567,1.1518277176339646,1.2263209819386345,0.04483146067415733,0
2019-11-17,17150.0,17500.0,16893.0,16947.0,10746113832,634084,215,17782.0,16893.0,57.53674481708977,587.2072751622236,443.83707161161374,17732.772710653113,13257.427289346888,15495.1,14655.52,0.4024495905046665,0.081913667221724,0.0969480519480519,-0.05095505617977525,19097.0,4398.0,-0.1154107975074619,2.84106412005457,1.0902156165497479,1.1526714848739588,0.07618540223761316,1
2019-11-18,16100.0,17490.0,16100.0,16527.0,24007878170,1452668,694,16947.0,16750.0,56.49299793236729,574.9996525060124,470.0695877904935,17869.309861706322,13269.690138293678,15569.5,14795.8,0.9358705495079791,0.032994141227258744,0.046547953764448646,-0.00846504469306808,19097.0,4398.0,-0.12289888464156674,2.808549340609368,1.0758213173191176,1.1320780221414186,0.03701492537313422,0
2019-11-19,16999.0,17353.0,16500.0,17180.0,12199327245,710087,458,16527.0,17353.0,59.80427646162712,606.9851372909652,497.45269769058785,18082.193661005607,13341.30633899439,15711.75,14957.42,0.48683972909797185,0.022328266760928583,0.0913836477987422,0.03600000000000003,19097.0,4398.0,-0.09132324448866314,2.9456571168713053,1.1044600378697471,1.1601599741131827,0.022820261626231853,0
2019-11-20,17690.0,18039.0,17353.0,17964.0,32744943179,1822859,926,17180.0,18039.0,63.232666149624926,679.8514272245811,533.9324435973865,18320.76632609158,13533.933673908423,15927.35,15130.2,1.1786083050725102,0.039112903225806406,0.1804855703160788,0.039532069382815616,19097.0,4398.0,-0.05540137194323716,3.101637107776262,1.1325801216147067,1.1922512590712613,-0.040966794168191156,0
2019-11-23,18300.0,18860.0,17751.0,18489.0,24122717185,1304688,1027,17964.0,18598.0,65.79300600436149,773.7853987996405,581.9030346378373,18644.105670268065,13672.994329731933,16158.55,15307.28,0.9066601566103566,0.04483146067415733,0.2579816017316017,0.030988413991906327,19097.0,4398.0,-0.026129758600827356,3.2287403365165983,1.1509696105157952,1.2149774486388176,-0.057425529626841554,0
2019-11-24,18200.0,18500.0,17602.0,18052.0,18008394277,997573,701,18489.0,18180.0,62.29944133055279,805.2175942068825,626.5659465516464,18814.44559488283,13905.954405117172,16360.2,15469.64,0.7103787896914241,0.07618540223761316,0.16433969514538238,-0.02247553500376387,19097.0,4398.0,-0.04801801330051841,3.1336971350613916,1.111233359005391,1.1752051114311646,0.0005500550055006492,0
2019-11-25,18390.0,18390.0,17213.0,17519.0,27524902777,1571165,1182,18052.0,17370.0,56.084650754884755,756.0523046347007,652.4632181682573,18871.524127102144,14105.075872897854,16488.3,15607.2,1.1164230180687342,0.03701492537313422,0.0712303422756706,-0.044554455445544594,19097.0,4398.0,-0.09043305231188145,2.949522510231924,1.0534742817634324,1.1129478702137474,0.08514680483592407,1
2019-11-26,17830.0,17830.0,17200.0,17485.0,29813678835,1705079,823,17519.0,17749.0,58.186482394602756,739.1501284213446,669.8006002188747,18862.204586373642,14469.295413626358,16665.75,15741.94,1.1870009301339954,0.022820261626231853,0.045658065276305004,0.021819228554979864,19097.0,4398.0,-0.07058700319421898,3.0356980445657116,1.0649985749216206,1.127497627357238,0.08175108456814462,1
2019-11-27,17750.0,17750.0,16812.0,17267.0,18359695708,1063255,658,17485.0,17300.0,54.83794923462419,681.6666555656229,672.1738112882243,18880.681914715915,14655.718085284087,16768.2,15874.34,0.7360649608800534,-0.040966794168191156,-0.003456221198156695,-0.025297199842244655,19097.0,4398.0,-0.0940985495103943,2.933606184629377,1.0317147934781312,1.0898090881258686,0.17745664739884393,1
2019-11-30,17300.0,17750.0,16404.0,17324.0,37455524533,2162013,1177,17267.0,17530.0,56.227579430730934,647.2090440055435,667.1808578316882,18943.00629413677,14766.493705863231,16854.75,16012.5,1.44154141322883,-0.057425529626841554,-0.015168539325842723,0.013294797687861237,19097.0,4398.0,-0.08205477300099492,2.9859026830377444,1.0400628902831546,1.0947697111631538,0.19537934968625215,1
2019-12-01,17801.0,18190.0,17801.0,18092.0,38652698297,2136407,820,17324.0,18190.0,60.02840428268121,665.4863108002937,666.8419484254093,19047.611232224335,14940.888767775665,16994.25,16151.64,1.4171861583740808,0.0005500550055006492,0.07677736340496066,0.03764974329720472,19097.0,4398.0,-0.047494370843588,3.1359708958617554,1.0703620342174558,1.126201425985225,0.20940076965365595,1
2019-12-02,18996.0,18996.0,18092.0,18861.0,46841356995,2483532,1089,18092.0,18849.0,63.44181165512301,724.7920177101369,678.4319622823548,19287.660215204887,14985.239784795112,17136.45,16296.22,1.6209118760042867,0.08514680483592407,0.12531343283582097,0.03622869708631127,19097.0,4398.0,-0.012986332931874116,3.2858117326057297,1.0999361011177928,1.1566485970366134,0.21226590270040857,1
2019-12-03,18996.0,19780.0,18900.0,19400.0,36707519692,1892169,1054,18861.0,19200.0,65.14891316841587,790.9968648023496,700.9449427863537,19551.936922868445,15050.963077131557,17301.45,16437.02,1.197655172767374,0.08175108456814462,0.1064369273324497,0.018621677542575155,19200.0,4398.0,0.0,3.3656207366984994,1.1097335772435257,1.1680949466509136,0.1271875,1
2019-12-04,19400.0,20370.0,19100.0,19958.0,37830115576,1895461,1024,19400.0,20370.0,70.15215101155229,927.1858832956495,746.193130888213,19979.21763497935,15132.582365020651,17555.9,16589.1,1.152864457269451,0.17745664739884393,0.12922002328288706,0.06093750000000009,20370.0,4398.0,0.0,3.631650750341064,1.1602936904402508,1.227914715084001,0.049631811487481636,0
2019-12-07,20940.0,20955.0,20400.0,20952.0,40516761775,1933816,853,19958.0,20955.0,72.29388323342879,1069.9871270348958,810.9519301175496,20367.59725695512,15361.30274304488,17864.45,16740.12,1.143576098097178,0.19537934968625215,0.12673405742552957,0.028718703976435833,20955.0,4398.0,0.0,3.7646657571623465,1.1730000083965642,1.2517831413394886,0.07945597709377239,1
2019-12-08,21357.0,21999.0,21005.0,21810.0,52195997483,2393261,1019,20952.0,21999.0,75.6516531076057,1252.956909143595,899.3529259227588,21058.427750588216,15308.972249411785,18183.7,16898.62,1.4389202433007096,0.20940076965365595,0.2100660066006601,0.04982104509663565,21999.0,4398.0,0.0,4.002046384720328,1.2098197836523918,1.3018222789789937,0.03777444429292243,0
2019-12-09,22899.0,22900.0,22080.0,22781.0,32891191550,1443778,677,21810.0,22850.0,77.99292249102828,1449.9166312043271,1009.4656669790725,21892.363174779894,15138.536825220108,18515.45,17060.08,0.8552095139746817,0.21226590270040857,0.3154864709268854,0.03868357652620569,22850.0,4398.0,0.0,4.195543428831287,1.2341044911141776,1.33938410605343,-0.026739606126914617,0
2019-12-10,22900.0,23350.0,21642.0,22506.0,55115951481,2448909,1757,22781.0,21642.0,67.99758522147425,1491.3418649418927,1105.8409065716367,22307.710732032378,15189.98926796762,18748.85,17167.12,1.5046066543870882,0.1271875,0.21933630063665555,-0.05286652078774612,22850.0,4398.0,-0.052866520787746174,3.92087312414734,1.1543107977289275,1.2606657377591584,0.025783199334627138,0
2019-12-11,21400.0,22270.0,21381.0,21543.0,48733945165,2262168,1428,22506.0,21381.0,66.0286433737545,1485.9816706913589,1181.8690593955812,22624.6336175568,15275.166382443203,18949.9,17256.54,1.344823047627812,0.049631811487481636,0.23589595375722539,-0.012059883559744966,22850.0,4398.0,-0.06428884026258205,3.8615279672578446,1.1282909144639284,1.2390085150325616,0.10668350404564797,1
2019-12-14,20820.0,22620.0,20820.0,22420.0,31317739222,1396863,893,21543.0,22620.0,70.40904440210885,1563.6854310854833,1258.2323337335617,23153.32551475761,15228.474485242394,19190.9,17382.94,0.8287569488251723,0.07945597709377239,0.2903593839132914,0.057948645994106984,22850.0,4398.0,-0.010065645514223195,4.14324693042292,1.1786836469368294,1.3012758486193936,0.06631299734748008,1
2019-12-15,23536.0,23536.0,22001.0,23102.0,30843104318,1335098,973,22420.0,22830.0,71.08948387342268,1623.4968053989942,1331.2852280666482,23603.679682344213,15371.820317655787,19487.75,17498.56,0.7759750420572303,0.03777444429292243,0.2550852116547553,0.009283819628647105,22850.0,4398.0,-0.00087527352297593,4.190995907230559,1.1715051763287194,1.3046787849971653,0.12522996057818658,1
2019-12-16,23440.0,23440.0,22001.0,22451.0,14779495441,658303,620,23102.0,22239.0,66.45789542902594,1604.710881509025,1385.9703587551235,23843.181038917257,15681.218961082744,19762.2,17620.64,0.3916548797905218,-0.026739606126914617,0.17985038994111102,-0.02588699080157686,22850.0,4398.0,-0.026739606126914662,4.0566166439290585,1.1253301757901448,1.2620994470121403,0.09717163541526141,1
2019-12-17,22500.0,23000.0,21780.0,22536.0,25776279872,1143763,672,22451.0,22200.0,66.15160965456548,1568.5941504669172,1422.4951170974823,24060.06439277463,15949.035607225367,20004.55,17722.34,0.6718106464110595,0.025783199334627138,0.15625,-0.0017536759746391573,22850.0,4398.0,-0.028446389496717725,4.04774897680764,1.1097475324363708,1.2526562519396423,0.17720720720720728,1
2019-12-18,22008.0,23662.0,21725.0,23436.0,61145087584,2608992,1122,22536.0,23662.0,71.4614307409538,1639.0486301294586,1465.8058197038777,24532.31352609373,16039.08647390627,20285.7,17840.26,1.4978585695096778,0.10668350404564797,0.16161021109474727,0.06585585585585596,23662.0,4398.0,0.0,4.380172805820828,1.1664374411531275,1.3263259616171514,0.10734511030344018,1
2019-12-21,24595.0,24607.0,23700.0,24466.0,41241649160,1685704,902,23436.0,24120.0,72.89586361537604,1712.1050044504882,1515.0656566532,25045.047332013062,16078.552667986936,20561.8,17950.06,0.9573156199981094,0.06631299734748008,0.1510379384395133,0.019355929338179312,24120.0,4398.0,0.0,4.48431105047749,1.1730490521257866,1.3437280989590006,0.138971807628524,1
2019-12-22,25000.0,25689.0,24466.0,25627.0,47431890896,1850882,853,24466.0,25689.0,77.13569171976333,1874.9941295800709,1587.0513512385742,25801.27071850052,16073.22928149948,20937.25,18081.9,1.0262546652236455,0.12522996057818658,0.1677348970407746,0.0650497512437811,25689.0,4398.0,0.0,4.84106412005457,1.2269519636055355,1.4207024704262272,0.11927284051539577,1
2019-12-23,26750.0,26750.0,24346.0,24890.0,48864438058,1963194,1192,25627.0,24400.0,67.75815251368152,1878.4201492162902,1645.3251108341174,26086.412092103023,16491.087907896977,21288.75,18207.04,1.0768247297021525,0.09717163541526141,0.06783369803063466,-0.05017711861107865,25689.0,4398.0,-0.050177118611078673,4.547976352887677,1.1461452645176442,1.3401409564651914,0.2306557377049181,1
2019-12-24,24990.0,26134.0,24201.0,25744.0,33991134155,1320327,813,24890.0,26134.0,72.5863141498719,1998.0226415327998,1715.864616973854,26658.13159421064,16757.86840578936,21708.0,18367.64,0.7319312836849268,0.17720720720720728,0.20755937528879032,0.07106557377049172,26134.0,4398.0,0.0,4.94224647567076,1.2038879675695595,1.4228284090933838,0.18619422973903732,1
2019-12-25,26879.0,26879.0,25000.0,26164.0,33155426540,1267238,748,25744.0,26202.0,72.75859455902193,2074.3833105382364,1787.5683556867305,27038.226524462025,17267.973475537972,22153.1,18545.52,0.6985514917392094,0.10734511030344018,0.22548056685842566,0.002601974439427668,26202.0,4398.0,0.0,4.957708049113234,1.1827690029837812,1.4128479546542776,0.22505915578963442,1
2019-12-28,26740.0,27472.0,26500.0,27384.0,31954023903,1166881,567,26164.0,27472.0,75.81551913800467,2211.880890977962,1872.4308627449768,27575.59909448996,17724.80090551004,22650.2,18756.8,0.6613707027562133,0.138971807628524,0.21450044208664898,0.04846958247462019,27472.0,4398.0,0.0,5.246475670759436,1.2128811224624947,1.4646421564445962,0.09740827023878862,1
2019-12-29,28752.0,28753.0,27501.0,28599.0,60507237595,2115708,1090,27384.0,28753.0,78.44318371555384,2396.5883298868284,1977.2623561733474,28337.22035212192,18019.479647878077,23178.35,19010.56,1.1998554870638038,0.11927284051539577,0.2594393342093737,0.046629295282469396,28753.0,4398.0,0.0,5.537744429286039,1.2405110803832025,1.5124751716940479,-0.003895245713490758,0
2019-12-30,29000.0,30028.0,28000.0,29656.0,46268221519,1560179,926,28599.0,30028.0,80.69182473128599,2615.6999890902225,2104.949882756722,29304.9862016463,18169.613798353697,23737.3,19305.88,0.9085944160350379,0.2306557377049181,0.35024056837088,0.044343198970542286,30028.0,4398.0,0.0,5.827648931332424,1.2650132913178838,1.5553810548910487,-0.08931663780471555,0
2019-12-31,31138.0,31138.0,28600.0,30590.0,41122284254,1344312,942,29656.0,31000.0,82.21493623302466,2835.098582607523,2250.9796227268826,30330.52193825971,18324.07806174029,24327.3,19635.72,0.7955724124368464,0.18619422973903732,0.39639639639639634,0.0323697881976821,31000.0,4398.0,0.0,6.048658481127785,1.274288556477702,1.578755451799068,-0.061677419354838725,0
2020-01-01,31200.0,32118.0,30599.0,31734.0,55784426352,1757848,1152,30590.0,32099.0,83.77352244357951,3062.352767470278,2413.254251675562,31517.597268827674,18309.902731172326,24913.75,20003.16,1.0445591115892385,0.22505915578963442,0.356563265996112,0.03545161290322585,32099.0,4398.0,0.0,6.298544793087768,1.2884049972404796,1.6046964579596423,-0.04850618399327078,0
2020-01-04,30148.0,30148.0,30148.0,30148.0,2523176564,83693,82,31734.0,30148.0,71.75213744502717,3049.866983331751,2540.5767980068,32089.85893012105,18656.941069878954,25373.4,20326.64,0.052625355577045514,0.09740827023878862,0.24991708126036483,-0.06078070967942928,32099.0,4398.0,-0.060780709679429265,5.854934060936789,1.1881734414780833,1.483176757201387,0.06371898633408524,1
2020-01-05,28641.0,30000.0,28641.0,28785.0,116239818184,4038237,1594,30148.0,28641.0,64.10057194486029,2885.1118307066135,2609.4838045467627,32378.414340826115,19032.585659173885,25705.5,20616.52,2.414341566892842,-0.003895245713490758,0.11491299778115138,-0.04998673212153382,32099.0,4398.0,-0.10772921274806069,5.512278308321965,1.1141973507615102,1.3892257277173838,0.1756572745365037,1
2020-01-07,27599.0,29500.0,27346.0,28518.0,36315143725,1273428,588,28785.0,27346.0,58.34292711546516,2619.8465478156213,2611.5563532005344,32505.48955164053,19355.110448359468,25930.3,20867.28,0.7652415392987268,-0.08931663780471555,0.1207377049180327,-0.04521490171432563,32099.0,4398.0,-0.14807314869622107,5.217826284674852,1.0545963602426505,1.3104726634233117,0.29287647187888544,1
2020-01-11,29088.0,29088.0,29088.0,29088.0,691392672,23769,28,28518.0,29088.0,63.13926747222138,2521.1247843219317,2593.4700394248143,32705.333709908828,19899.86629009117,26302.6,21165.04,0.015406110857302526,-0.061677419354838725,0.11303283079513271,0.06370218679148687,32099.0,4398.0,-0.09380354528178447,5.6139154160982265,1.1058982762160396,1.3743418391838615,0.2761963696369636,1
2020-01-12,30542.0,30542.0,30542.0,30542.0,3949233310,129305,41,29088.0,30542.0,66.59639588107243,2531.036510538306,2580.9833336475126,32998.10404071268,20523.195959287325,26760.65,21470.86,0.0900335903520031,-0.04850618399327078,0.16563621097626124,0.04998624862486256,32099.0,4398.0,-0.04850618399327082,5.944520236471123,1.1413026215730933,1.422486104422459,0.27588239146093896,1
2020-01-13,32069.0,32069.0,32069.0,32069.0,10000140408,311832,88,30542.0,32069.0,69.7998597031728,2631.77035289543,2591.1407374970963,33575.00163594508,20891.19836405491,27233.1,21796.26,0.22564887565414185,0.06371898633408524,0.16733401281304605,0.04999672582018211,32099.0,4398.0,-0.0009346085547836382,6.291723510686675,1.1775743488622301,1.4713074628399552,0.2159718107829991,1
2020-01-14,33672.0,33672.0,33672.0,33672.0,10841979936,321988,125,32069.0,33672.0,72.75386069699275,2808.5758379000654,2634.6277575776903,34367.517911023635,21182.882088976367,27775.2,22161.7,0.24186362416928112,0.1756572745365037,0.17107780057733102,0.04998596775702402,33672.0,4398.0,0.0,6.656207366984993,1.2123045018577723,1.519378026053958,0.0905797101449275,1
2020-01-15,35355.0,35355.0,35355.0,35355.0,6535548525,184855,86,33672.0,35355.0,75.46708730191375,3049.3485017880266,2717.571906419758,35293.880765393136,21568.119234606864,28431.0,22548.7,0.14136895515413941,0.29287647187888544,0.1774010923138405,0.04998218104062713,35355.0,4398.0,0.0,7.038881309686221,1.243536984277725,1.5679396151441103,0.014849384811200572,0
2020-01-18,37122.0,37122.0,36600.0,37113.0,91175279072,2456687,1389,35355.0,37122.0,77.94982198409815,3344.1949079476726,2842.896506725341,36403.032158552494,21951.167841447503,29177.1,22973.14,1.7889544675654985,0.2761963696369636,0.197483870967742,0.049978786593126934,37122.0,4398.0,0.0,7.440654843110504,1.27229916612686,1.6158870750798542,0.010478961262863074,0
2020-01-19,37110.0,38968.0,35300.0,38107.0,113108724099,2968164,1978,37113.0,38968.0,80.20376824708413,3684.348702996427,3011.186945979559,37877.161380155245,22007.638619844754,29942.4,23446.88,2.1335101767951827,0.27588239146093896,0.21399420542696035,0.04972792414201832,38968.0,4398.0,0.0,7.860391086857662,1.3014320829325638,1.6619695243034467,0.0026431944159310827,0
2020-01-20,39997.0,39997.0,37800.0,38654.0,57276236320,1481755,1726,38107.0,38995.0,80.23559058258931,3911.017930422131,3191.1531428680732,39074.09533303617,22298.20466696383,30686.15,23931.1,1.0729470466666486,0.2159718107829991,0.29345230197691397,0.0006928762061177984,38995.0,4398.0,0.0,7.866530241018645,1.2707687344290501,1.6294696023166508,-0.013976150788562625,0
2020-01-21,39450.0,39450.0,36722.0,37220.0,55465414114,1490221,1556,38654.0,36722.0,70.02967469636808,3862.715838742304,3325.4656820429195,39689.56617281875,22786.03382718125,31237.8,24353.26,1.0933541592526177,0.0905797101449275,0.28214796969379563,-0.05828952429798695,38995.0,4398.0,-0.05828952429798692,7.349704411095953,1.175562939771687,1.5078884716050336,0.06176134197483796,1
2020-01-22,36000.0,37180.0,35359.0,35725.0,68124111774,1906887,2024,37220.0,35880.0,66.64772161935127,3713.684674733984,3403.1094805811326,39878.6054296607,23744.9945703393,31811.8,24746.56,1.4019519827621003,0.014849384811200572,0.3120748921231624,-0.022929034366319878,38995.0,4398.0,-0.07988203615848186,7.15825375170532,1.1278833640347292,1.4498984909417711,0.04202898550724643,0
2020-01-25,36300.0,37511.0,36041.0,37211.0,26185853580,703706,726,35725.0,37511.0,69.70019480733762,3684.7094359840557,3459.429471661718,40369.87287272069,24391.427127279312,32380.65,25157.3,0.5293670784854664,0.010478961262863074,0.2895695819581958,0.04545707915273134,38995.0,4398.0,-0.038056161046287985,7.529104138244657,1.1584387589501755,1.4910582614191508,0.038122150835754764,0
2020-01-26,39071.0,39071.0,37511.0,38884.0,55489699733,1427068,1167,37211.0,39071.0,72.31053019786562,3744.461491824033,3516.435875694181,40992.07238700056,25056.127612999437,33024.1,25591.52,1.067105432732322,0.0026431944159310827,0.27925479667343334,0.04158780091173253,39071.0,4398.0,0.0,7.88381082310141,1.1831056713127686,1.5267166623944182,0.01420490901179905,0
2020-01-27,39700.0,40555.0,37500.0,39372.0,38948717204,989245,1212,38884.0,38450.0,69.73504392647109,3699.065393216333,3552.9617791986116,41447.41009854094,25698.58990145906,33573.0,26004.52,0.7446642382874374,-0.013976150788562625,0.1989772054008545,-0.015894141434823816,39071.0,4398.0,-0.01589414143482378,7.742610277398818,1.1452655407619219,1.4785891068168149,0.06837451235370606,1
2020-01-28,39799.0,39799.0,37900.0,38907.0,57678149898,1482463,1424,39372.0,38990.0,70.71191121877521,3664.4209809941603,3575.2536195577213,41970.322117128024,26199.377882871973,34084.85,26446.46,1.1431858906750794,0.06176134197483796,0.15793537657400814,0.014044213263979088,39071.0,4398.0,-0.0020731488828031022,7.865393360618463,1.1439099776000188,1.4742993958359645,0.09138240574506273,1
2020-02-01,38900.0,38900.0,36962.0,37255.0,63933870685,1716105,1709,38907.0,37388.0,64.1016563093167,3467.72326793128,3553.7475492324334,42232.922500305096,26672.7774996949,34452.85,26859.22,1.3154479638785987,0.04202898550724643,0.057502474897468625,-0.04108745832264682,39071.0,4398.0,-0.04307542678713112,7.501136880400182,1.08519324235876,1.3919987252049761,0.19351128704397125,1
2020-02-02,36120.0,39117.0,35562.0,37757.0,80755665746,2138851,1678,37255.0,38941.0,67.29357844944579,3397.9831990879175,3522.59467920353,42694.84721205973,27004.952787940274,34849.9,27290.98,1.59104551655619,0.038122150835754764,0.04900059264048284,0.041537391676473634,39071.0,4398.0,-0.003327275984745719,7.85425193269668,1.1173920154720673,1.4268817023060367,0.08854420790426554,1
2020-02-03,39000.0,39644.0,38000.0,39123.0,41123960505,1051153,1197,37757.0,39626.0,68.61898368497809,3359.26396339482,3489.928536041788,43227.83581469971,27224.664185300284,35226.25,27722.72,0.8030378986357676,0.01420490901179905,0.01688564976390894,0.017590714157314835,39626.0,4398.0,0.0,8.0100045475216,1.124899755154182,1.4293691239532051,0.029399888961792797,0
2020-02-04,39900.0,41079.0,39700.0,40527.0,75140981717,1854091,1359,39123.0,41079.0,71.27782658774206,3406.555001374363,3473.2538291083033,43805.46579909832,27740.134200901688,35772.8,28172.34,1.326728875795578,0.06837451235370606,0.0534427490703937,0.036667844344622225,41079.0,4398.0,0.0,8.34038199181446,1.1483305751856159,1.4581323383148153,0.015117213174614674,0
2020-02-05,42541.0,42553.0,41500.0,42500.0,51692390592,1216278,1252,40527.0,42553.0,73.7112216914348,3522.3692903740157,3483.076921361446,44317.60317994151,28619.196820058496,36468.4,28659.8,0.9680716428953673,0.09138240574506273,0.15878764773160503,0.035882080868570254,42553.0,4398.0,0.0,8.675534333788086,1.1668458172006448,1.484762629187922,-0.061875778441003004,0
2020-02-08,44625.0,44625.0,44000.0,44620.0,100717799428,2257253,1950,42500.0,44623.0,76.6970435844429,3738.094225739849,3534.0803822371267,44767.363122878756,29897.136877121244,37332.25,29204.86,1.7289223411013523,0.19351128704397125,0.24367335562987735,0.048645218903485166,44623.0,4398.0,0.0,9.146202819463392,1.1952936134307468,1.5279306252452503,-0.13497523698541114,0
2020-02-09,46699.0,46699.0,42389.0,42937.0,74107910392,1725975,1855,44620.0,42389.0,67.75326154100534,3686.2992978841357,3564.524165366529,44707.91499715219,31286.68500284781,37997.3,29697.66,1.241088892230146,0.08854420790426554,0.1300418543893791,-0.050063868408668166,44623.0,4398.0,-0.05006386840866817,8.638244656662119,1.1155792648425018,1.4273515152372274,-0.043549033947486326,0
2020-02-10,41102.0,42389.0,40791.0,41134.0,25580887686,621896,787,42937.0,40791.0,62.168657784993954,3476.234333918728,3546.8661990769688,44377.16731513994,32642.332684860063,38509.75,30167.48,0.43940197000170245,0.029399888961792797,0.044022420721250954,-0.03769845950600392,44623.0,4398.0,-0.08587499719875401,8.274897680763983,1.059238244860068,1.3521513895094983,0.0366257262631462,0
2020-02-12,42000.0,43000.0,40001.0,42021.0,75063090031,1786340,1690,41134.0,41700.0,63.98707026370936,3344.551136123395,3506.4031864862545,44210.29523280143,33772.30476719858,38991.3,30650.88,1.199651549423439,0.015117213174614674,0.08452535760728219,0.022284327425167394,44623.0,4398.0,-0.06550433632879905,8.481582537517053,1.0694693431611666,1.3604829616637433,-0.5683453237410072,0
2020-02-15,42800.0,42800.0,39920.0,40304.0,83177048069,2063745,2458,42021.0,39920.0,58.098050456379944,3061.2716947039953,3417.376888129803,43925.500778917674,34681.89922108232,39303.7,31085.48,1.3093691290394889,-0.061875778441003004,0.023852269812772553,-0.04268585131894487,44623.0,4398.0,-0.10539407928646662,8.076853115052296,1.015680457565064,1.2842008551902688,-0.5458416833667334,0
2020-02-16,40500.0,40500.0,38289.0,38613.0,133203065913,3449655,3174,40304.0,38600.0,54.120197080969156,2699.143679977067,3273.730246499256,43736.35215787741,35195.547842122585,39465.95,31480.5,1.9832705608542922,-0.13497523698541114,0.032416818230448285,-0.033066132264529036,44623.0,4398.0,-0.1349752369854111,7.7767166894042745,0.9780583008897544,1.2261558742713743,-0.517020725388601,0
2020-02-17,39000.0,40543.0,38600.0,40272.0,131930530095,3275972,3058,38613.0,40543.0,58.61222870267296,2539.6628287810236,3126.9167629556096,43790.6115851153,35483.3884148847,39637.0,31907.36,1.8400810428945038,-0.043549033947486326,0.041139159240902945,0.050336787564766894,44623.0,4398.0,-0.09143266925128297,8.21850841291496,1.0228574311880314,1.2706472738578183,-0.5174752731667612,0
2020-02-18,42270.0,42285.0,39000.0,41705.0,231698054918,5555584,5325,40272.0,42285.0,62.18680573422305,2524.7343803649637,3006.4802864374806,44098.81705178288,35506.88294821712,39802.85,32345.66,2.9091211468702234,0.0366257262631462,0.06710240751022045,0.042966726685247814,44623.0,4398.0,-0.052394505075857745,8.614597544338336,1.0623611123324084,1.3072851195492687,-0.5142249024476765,0
2020-02-29,18000.0,18000.0,18000.0,18000.0,126311058000,7017281,1216,13174.0,18000.0,27.077021863198226,547.0014435106132,2514.584517852107,49192.91618420573,28313.283815794268,38753.1,32286.56,3.209383978223164,-0.5683453237410072,-0.5618199079821806,-0.5743171337353672,44623.0,4398.0,-0.5966205768325751,3.092769440654843,0.4644789707146009,0.5575075201569941,0.08411111111111103,1
2020-03-01,18000.0,18896.0,17100.0,17756.0,589349317378,33191422,12834,18000.0,18130.0,27.31359912414831,-998.3676830107215,1811.9940776795415,51599.22192663614,24047.778073363857,37823.5,32209.18,8.800475984864041,-0.5458416833667334,-0.5739430827438723,0.007222222222222241,44623.0,4398.0,-0.5937072809985882,3.1223283310595726,0.4793316324507251,0.5628830041621674,0.03987865416436853,0
2020-03-02,18643.0,18643.0,18150.0,18632.0,244850369510,13141681,4850,17756.0,18643.0,28.302092536861096,-2156.826483755234,1018.2299653925866,53074.44772447987,20848.852275520134,36961.65,32125.04,3.0327272024048617,-0.517020725388601,-0.5822109674383166,0.028295642581356972,44623.0,4398.0,-0.5822109674383166,3.2389722601182354,0.5043876558541083,0.580326125663968,-0.03373920506356276,0
2020-03-03,19563.0,19563.0,19545.0,19563.0,184312722295,9421584,3489,18632.0,19563.0,30.137036327575913,-2966.4813677145503,221.28769877115928,53865.46318197172,18263.036818028286,36064.25,32083.46,1.9755135791522829,-0.5174752731667612,-0.5384887588761236,0.04934828085608545,44623.0,4398.0,-0.5615937969208704,3.4481582537517053,0.5424485466909751,0.6097534368176001,-0.0691611715994479,0
2020-03-04,20541.0,20541.0,20536.0,20541.0,214602637059,10447529,3704,19563.0,20541.0,32.1256822873934,-3489.0032127799423,-520.770483539061,54107.08659224812,16168.413407751883,35137.75,32066.66,2.0013636820384346,-0.5142249024476765,-0.49643303669927186,0.04999233246434587,44623.0,4398.0,-0.5396768482621069,3.670532060027285,0.5845849549273929,0.6405718587467482,-0.14254417993281732,0
2020-03-07,21000.0,21000.0,19514.0,19845.0,283528051557,14287407,7719,20541.0,19514.0,31.123794062399426,-3940.551630278129,-1204.7267128868748,54262.7242760824,14119.175723917593,34190.95,32004.54,2.4277199763318063,0.08411111111111103,-0.5320383693045563,-0.0499975658439219,44623.0,4398.0,-0.562691885350604,3.4370168258299225,0.5707358233684645,0.6097259951244417,-0.13154658194117042,0
2020-03-09,19000.0,19899.0,18853.0,18962.0,56369455520,2972743,2123,19845.0,18853.0,30.465246260179853,-4302.151653898898,-1824.2117010892794,54190.42049550809,12177.779504491908,33184.1,31925.0,0.49881357932243164,0.03987865416436853,-0.5277304609218436,-0.0338731167367019,44623.0,4398.0,-0.57750487416803,3.2867212369258754,0.5681335338309612,0.5905403288958496,-0.10359094043388317,0
2020-03-10,18014.0,18700.0,18014.0,18056.0,132956227928,7363546,3625,18962.0,18014.0,29.608875423599926,-4603.357921363611,-2380.040945144146,54124.38933679971,10306.410663200295,32215.4,31840.5,1.1796774792973783,-0.03373920506356276,-0.5333160621761658,-0.04450220124118176,44623.0,4398.0,-0.5963068372812227,3.0959527057753524,0.5591735629543634,0.5657574472762676,-0.09814588653269685,0
2020-03-11,18200.0,18900.0,18190.0,18540.0,129266094601,6972159,5123,18056.0,18210.0,30.10317859451459,-4771.250490786242,-2858.2828542725656,53670.839171925254,8686.86082807474,31178.85,31760.7,1.075342313738093,-0.0691611715994479,-0.5508472486002516,0.010880426335072801,44623.0,4398.0,-0.5919144835622885,3.140518417462483,0.5840497645038223,0.5733500835938754,-0.05820977484898404,0
2020-03-14,18000.0,18180.0,17613.0,17838.0,41204034190,2324581,1552,18540.0,17613.0,29.42538022566721,-4896.040959812108,-3265.834475380474,52960.058400051406,7196.341599948599,30078.2,31639.72,0.35504225909526776,-0.14254417993281732,-0.5834693153600568,-0.032784184514003334,44623.0,4398.0,-0.6052932344306747,3.004774897680764,0.5855736048034789,0.5566737000201013,0.010560381536365293,0
2020-03-15,16947.0,16947.0,16947.0,17565.0,13982291820,825060,632,17838.0,16947.0,28.650377735728185,-4991.144136857303,-3610.8964076758402,51850.67901026503,5892.5209897349705,28871.6,31496.26,0.12701272531082777,-0.13154658194117042,-0.058499999999999996,-0.03781297904956571,44623.0,4398.0,-0.6202182730878695,2.8533424283765347,0.5869782069577024,0.5380638844104031,0.09057650321590849,1
2020-03-16,18190.0,18265.0,16687.0,17101.0,133148578302,7785915,5491,17565.0,16900.0,28.593144112559628,-5012.525325290349,-3891.2221911987426,50231.49862399555,4946.401376004451,27588.95,31320.48,1.1408993221700405,-0.10359094043388317,-0.06784335355763926,-0.002773352215731384,44623.0,4398.0,-0.6212715415816955,2.842655752614825,0.6125640881584837,0.5395830459814154,0.11550295857988169,1
2020-03-17,16900.0,17000.0,16246.0,16338.0,76291745442,4669549,2830,17101.0,16246.0,27.762074548935644,-5024.325113090712,-4117.842775577136,47903.32796917205,4436.872030827941,26170.1,31157.4,0.6723630871743757,-0.09814588653269685,-0.12857372740438766,-0.03869822485207097,44623.0,4398.0,-0.6359276606234453,2.6939517962710324,0.6207847887474638,0.5214170630412037,0.16945709713160162,1
2020-03-18,16246.0,17154.0,15523.0,16952.0,209870143708,12380137,6043,16338.0,17150.0,30.757930115279052,-4904.1987347224385,-4275.113967406197,45635.547909771565,4180.752090228438,24908.15,30977.72,1.6556099756645413,-0.05820977484898404,-0.12334509022133622,0.055644466330173614,44623.0,4398.0,-0.6156690495932591,2.89949977262392,0.6885296579633573,0.5536237011632876,0.1365597667638483,1
2020-03-24,17770.0,17799.0,16950.0,17602.0,67852421054,3854762,2318,16952.0,17799.0,32.909126226565945,-4702.42224187297,-4360.5756222995515,43354.3077396232,4162.792260376802,23758.55,30809.66,0.5045940793309615,0.010560381536365293,-0.13348911932233098,0.03784256559766774,44623.0,4398.0,-0.601124980391278,3.0470668485675305,0.7491618806703271,0.5777084200215127,0.11770324175515468,1
2020-03-25,18482.0,18482.0,18482.0,17955.0,21859733356,1182758,690,17602.0,18482.0,35.191072864784076,-4436.262058109161,-4375.712909461474,40480.38571101475,4714.914288985248,22597.65,30629.86,0.155438840864493,0.09057650321590849,-0.05288510812749825,0.03837294230012933,44623.0,4398.0,-0.5858189722788696,3.2023647112323785,0.8178726548999563,0.6033981219633391,0.12606860729358305,1
2020-03-28,18852.0,18852.0,18852.0,18579.0,36547090464,1938632,881,17955.0,18852.0,36.45205590367455,-4147.660637119181,-4330.102454993015,37611.19890606185,5477.301093938146,21544.25,30431.84,0.25498593276509696,0.11550295857988169,-5.3041956187382944e-05,0.02001947841142737,44623.0,4398.0,-0.5775272841359836,3.286493860845839,0.8750362625758613,0.6194827522752485,0.15642902609802678,1
2020-03-29,19507.0,19507.0,18600.0,19188.0,140913774996,7343883,5287,18579.0,18999.0,36.976713246643506,-3862.5551290829353,-4236.592989811,34614.850982783755,6513.549017216243,20564.2,30211.26,0.9418121329944816,0.16945709713160162,0.054679693571666466,0.007797581158497824,44623.0,4398.0,-0.574233018846783,3.319918144611187,0.9238871436768753,0.6288714869886262,0.20037896731406923,1
2020-03-30,18998.0,19900.0,18250.0,18947.0,153853078168,8120395,5517,19188.0,19492.0,38.80157008272181,-3555.8365102045864,-4100.4416938897175,30160.066770111982,8863.233229888021,19511.65,29981.1,1.0100206840184092,0.1365597667638483,0.07040087863811095,0.02594873414390242,44623.0,4398.0,-0.5631849046455863,3.4320145520691225,0.9989929093644053,0.6501429233750596,0.17484096039400776,1
2020-04-04,19880.0,19894.0,19000.0,19821.0,128088389819,6462209,2652,18947.0,19894.0,40.319064798330096,-3242.939170511243,-3928.941189214023,20555.2817214469,16228.918278553097,18392.1,29737.0,0.7992677549001138,0.11770324175515468,0.12950661443252143,0.020623845680279196,44623.0,4398.0,-0.5541760975281805,3.523419736243747,1.0816600605694837,0.6689982177085786,0.11742233839348537,1
2020-04-05,20810.0,20812.0,20000.0,20763.0,107519681640,5178516,2602,19821.0,20812.0,43.74924231026838,-2887.604341173028,-3720.673819605824,20928.679223616513,16136.720776383489,18532.7,29550.28,0.6478632887953563,0.12606860729358305,0.22806396412344365,0.0461445662008646,44623.0,4398.0,-0.5336037469466419,3.732150977717144,1.1229880157775176,0.7042911268522667,0.12151643282721514,1
2020-04-06,21801.0,21801.0,20800.0,21720.0,149221925187,6870410,2516,20763.0,21801.0,47.26575357938964,-2497.406348487264,-3476.0203253821123,21492.91662565062,15939.58337434938,18716.25,29413.48,1.0289399729178792,0.15642902609802678,0.29000000000000004,0.04752066115702469,44623.0,4398.0,-0.5114402886403873,3.957025920873124,1.1648166700060107,0.7411907737540747,0.06187789550938039,1
2020-04-07,22806.0,22806.0,22806.0,22517.0,44160078816,1936336,1182,21720.0,22806.0,50.642447576673085,-2083.0642590783355,-3197.429112121357,22222.992087543113,15625.80791245689,18924.4,29322.68,0.31655483057115374,0.20037896731406923,0.40379170257294095,0.04609880280721068,44623.0,4398.0,-0.48891827084687267,4.185538881309686,1.2051108621673605,0.7777597409240902,0.04349732526528105,0
2020-04-08,23642.0,23642.0,22600.0,23399.0,145475130582,6217090,3267,22517.0,22900.0,50.958753219351024,-1727.2000664180305,-2903.383302980692,22812.657146497415,15369.842853502585,19091.25,29198.92,1.043717156677951,0.17484096039400776,0.33527696793002915,0.0041217223537666214,44623.0,4398.0,-0.4868117338592206,4.206912232833106,1.1995023898382766,0.7842755827955281,0.07131004366812221,1
2020-04-11,22230.0,22230.0,22230.0,22230.0,61345485630,2759581,1859,23399.0,22230.0,48.56957126210448,-1482.153191069723,-2619.1372805984984,23096.202421884474,15255.197578115525,19175.7,29032.68,0.49523342176715723,0.11742233839348537,0.24894657003202436,-0.029257641921397348,44623.0,4398.0,-0.5018264123882303,4.054570259208731,1.1592797133872557,0.7656888719883937,0.15312640575798464,1
2020-04-12,21119.0,23341.0,21119.0,22452.0,486658222918,21675827,7823,22230.0,23341.0,52.54290903032576,-1184.647483135068,-2332.2393211058125,23688.037779432158,15046.062220567841,19367.05,28858.12,3.6480823276223373,0.12151643282721514,0.26290444757060927,0.04997750787224464,44623.0,4398.0,-0.4769289379916187,4.3071850841291495,1.2051912913944045,0.8088191469160153,0.07163360610085268,1
2020-04-13,23574.0,23574.0,22450.0,23175.0,187039151175,8070698,4753,22452.0,23150.0,51.8019647255725,-953.295176540847,-2056.450492192819,24196.61407131602,14967.185928683983,19581.9,28647.68,1.3024392626010428,0.06187789550938039,0.2279864205389348,-0.008183025577310321,44623.0,4398.0,-0.4812092418707841,4.263756252842201,1.1822141875916024,0.8080933604396586,0.17969762419006474,1
2020-04-14,22040.0,24250.0,22017.0,23365.0,201038076166,8604073,6453,23175.0,23798.0,54.163576450184955,-709.4801764850818,-1787.0564290512718,24772.577038608062,14969.622961391933,19871.1,28416.54,1.3747537389800837,0.04349732526528105,0.2525922416969315,0.027991360691144607,44623.0,4398.0,-0.4666875826367568,4.411095952705775,1.1976186522135162,0.8374700086639683,0.18135977813261617,1
2020-04-15,24450.0,24533.0,23800.0,24414.0,123866082066,5073665,2961,23365.0,24533.0,56.75203859761965,-451.7393054842978,-1519.9930043378772,25423.611862018523,14950.888137981476,20187.25,28164.76,0.8231519754149123,0.07131004366812221,0.2586189205828031,0.03088494831498445,44623.0,4398.0,-0.45021625619075367,4.5782173715325145,1.215272015752517,0.8710530464310721,0.1820812782782375,1
2020-04-18,25634.0,25634.0,25634.0,25634.0,61440929802,2396853,1602,24414.0,25634.0,60.36295190254596,-156.82848854084295,-1247.3601011784706,26190.45901595109,14986.140984048905,20588.3,27898.08,0.388637850967117,0.15312640575798464,0.2885292047853625,0.044878327151184116,44623.0,4398.0,-0.42554288147367947,4.828558435652569,1.245076086903727,0.9188445943233369,0.22758835921042375,1
2020-04-19,26915.0,26915.0,24362.0,26010.0,210619637184,8097634,4114,25634.0,25013.0,57.44938005669129,26.47575252358365,-992.5929304380597,26648.221161082132,15334.978838917867,20991.6,27618.44,1.2398868118059738,0.07163360610085268,0.20185469921199317,-0.024225637824763946,44623.0,4398.0,-0.4394594715729557,4.687357889949977,1.191571866841975,0.9056630280348926,0.1863431015871746,1
2020-04-20,25500.0,27310.0,25500.0,26776.0,221497254652,8272140,5258,26010.0,27310.0,64.3112260820776,353.0249356649583,-723.4693572174561,27474.471974307053,15549.728025692944,21512.1,27430.2,1.2619092577508855,0.17969762419006474,0.25269483051236175,0.09183224723143968,44623.0,4398.0,-0.3879837751832015,5.209640745793543,1.2695180851706716,0.9956179685164527,0.05155620651775905,1
2020-04-21,28100.0,28114.0,27500.0,28039.0,154584128922,5513210,3922,26776.0,28114.0,66.35634241785232,668.9819887168633,-444.9790880305923,28213.858224597032,15997.141775402966,22105.5,27274.88,0.8356589258793536,0.18135977813261617,0.23274576865737084,0.02943976565360673,44623.0,4398.0,-0.36996616094838986,5.392451114142792,1.2718101829861346,1.0307653049252645,-0.02472077968272035,0
2020-04-22,29108.0,29400.0,27001.0,28543.0,56339796528,1972490,1431,28039.0,29000.0,68.49863192833445,979.5810247123227,-160.0670654820093,29062.2159925636,16333.784007436401,22698.0,27104.66,0.32457975019195556,0.1820812782782375,0.26637554585152845,0.0315145479120722,44623.0,4398.0,-0.35011092934137106,5.593906321055025,1.2776456075425147,1.069926721087813,-0.0009655172413792767,0
2020-04-25,29970.0,31468.0,29970.0,31235.0,196979710759,6306279,4125,28543.0,31468.0,73.55085689215903,1408.6420241422456,153.67475244284168,30396.959203899765,16365.940796100236,23381.45,26952.6,1.0172018301177281,0.22758835921042375,0.4155645524066576,0.08510344827586214,44623.0,4398.0,-0.29480312843152634,6.155070486584811,1.3458532298039685,1.1675311472733614,0.11224100673700277,1
2020-04-26,32760.0,32760.0,29674.0,30229.0,505849478378,16733639,11200,31235.0,29674.0,65.34661716160417,1585.6369151583676,440.06718498594694,31088.29253051499,16793.807469485007,23941.05,26777.08,2.3983391279396913,0.1863431015871746,0.27132513602673414,-0.05701029617389097,44623.0,4398.0,-0.33500661094054635,5.747157798999545,1.2394610929762897,1.108186553574923,0.12216081418076441,1
2020-04-27,29400.0,30228.0,28718.0,28862.0,316848001711,10978080,7716,30229.0,28718.0,61.41522140882222,1629.9760814512483,678.0489642790072,31469.537311650085,17399.162688349912,24434.35,26571.64,1.4777032916173025,0.05155620651775905,0.24051835853131753,-0.03221675540877533,44623.0,4398.0,-0.35643054030432736,5.5297862664847655,1.1753126234174431,1.0807763465107911,0.10453374190403242,1
2020-04-28,28001.0,28480.0,27419.0,27593.0,227023224792,8227695,5767,28862.0,27419.0,56.445953517834425,1542.5155868778456,850.942288798775,31538.007982420047,18172.69201757995,24855.35,26372.26,1.100939325530576,-0.02472077968272035,0.15215564333137244,-0.04523295494115187,44623.0,4410.0,-0.3855410886762432,5.217460317460318,1.1031427841490866,1.0396909479885303,0.11065319668842766,1
2020-04-29,27000.0,28972.0,27000.0,28689.0,172645140890,6017806,3885,27593.0,28972.0,60.55512238519652,1580.299922048227,996.8138154486655,31763.28118629679,18895.418813703207,25329.35,26172.88,0.8167254644039096,-0.0009655172413792767,0.1809399584233482,0.056639556511907774,44623.0,4602.0,-0.35073840844407594,5.295523685354194,1.1438114282443095,1.1069473439682602,0.018431589120530223,0
2020-05-02,30122.0,35000.0,29550.0,31835.0,170710600970,5362383,3554,28689.0,35000.0,71.7114753879039,2072.7600145942743,1212.0030552777873,33289.457180626174,18879.842819373825,26084.65,26080.36,0.7332451118233448,0.11224100673700277,0.36537411250682683,0.20806295733811964,44623.0,4602.0,-0.21565112161889607,6.6053889613211645,1.3417853028505269,1.3420060152543907,-0.10911428571428572,0
2020-05-03,33426.0,33426.0,32333.0,33389.0,254407650941,7619458,5520,31835.0,33299.0,66.03568828609093,2299.277066992523,1429.4578576207346,34138.61616774397,19279.383832256033,26709.0,25924.76,1.0247725658445894,0.12216081418076441,0.33126774077479704,-0.04859999999999998,44623.0,4602.0,-0.25377047710821776,6.235767057800956,1.2467333108689955,1.2844477634508478,-0.1130063965884861,0
2020-05-04,31870.0,33255.0,31720.0,32055.0,331470310157,10340653,7147,33389.0,31720.0,61.193876487711,2324.5849904727183,1608.4832841911314,34581.91836037695,19827.981639623053,27204.95,25708.1,1.3590422747827033,0.10453374190403242,0.16147931160746976,-0.04741884140664887,44623.0,4630.0,-0.2891558165071824,5.85097192224622,1.165964282235402,1.2338523655968352,-0.094640605296343,0
2020-05-05,31400.0,33268.0,30453.0,31058.0,139751581239,4499760,3617,32055.0,30453.0,57.547710670418006,2216.8509135358618,1730.1568100600775,34803.580873136976,20371.019126863022,27587.3,25424.7,0.5815934693754737,0.11065319668842766,0.08319698370918394,-0.039943253467843665,44623.0,4630.0,-0.31754924590457834,5.5773218142548595,1.1038775088537116,1.197772245100237,-0.1001214987029192,0
2020-05-06,29506.0,30999.0,29506.0,29697.0,167133438702,5627955,4142,31058.0,29506.0,54.913991243159586,2031.6364553826425,1790.4527391245906,34844.391678692424,20990.808321307573,27917.6,25167.04,0.7301925939234762,0.018431589120530223,0.017448275862068874,-0.03109710044987357,44623.0,4747.0,-0.33877148555677566,5.2157151885401305,1.0568960082528585,1.1724064490698944,-0.09838676879278796,0
2020-05-09,29800.0,31181.0,29800.0,31090.0,206367178956,6637791,3689,29697.0,31181.0,58.5292000348353,1996.9910940901464,1831.760410117702,34910.33419221359,21819.965807786415,28365.15,24974.84,0.8400773611835551,-0.10911428571428572,-0.009120376255243423,0.05676811495966927,44623.0,4804.0,-0.3012347892342514,5.490632805995004,1.099271465160593,1.2484964868643802,-0.18171322279593338,0
2020-05-10,32590.0,32590.0,29536.0,30229.0,232431159280,7689118,5712,31090.0,29536.0,53.95360251614068,1815.8644880166503,1828.5812256974916,34813.419134123695,22536.380865876312,28674.9,24731.56,1.0676262612868608,-0.1130063965884861,-0.0046505358226056615,-0.052756486321798524,44623.0,4804.0,-0.3380991865181633,5.148209825145712,1.0300297472702606,1.1942635240154684,-0.1779523293607801,0
2020-05-11,28850.0,29536.0,28718.0,28846.0,71335777648,2473018,2020,30229.0,28718.0,51.78561656479885,1588.009004762298,1780.466781510453,34544.97760515596,23361.62239484404,28953.3,24507.52,0.357259738074033,-0.094640605296343,0.0,-0.027695016251354287,44623.0,4804.0,-0.35643054030432736,4.9779350541215655,0.9918731198170848,1.1718035933460422,-0.1114283724493349,0
2020-05-12,27404.0,27404.0,27404.0,28003.0,26969482176,984144,828,28846.0,27404.0,48.41983399820794,1286.5722699645848,1681.6878792012794,34262.095740468416,24005.10425953158,29133.6,24283.6,0.15045339122658374,-0.1001214987029192,-0.0005470659032058567,-0.04575527543700819,44623.0,4804.0,-0.38587723819554937,4.704412989175687,0.9406321223604361,1.1284982457296282,-0.12016493942490147,0
2020-05-13,26603.0,27900.0,26603.0,26857.0,188755369404,7028209,4372,28003.0,26603.0,46.43841585310742,971.8446598528244,1539.7192353315886,34064.760174453324,24409.439825546673,29237.1,24004.8,1.0586380765564016,-0.09838676879278796,-0.08176860416954301,-0.029229309589840935,44623.0,4804.0,-0.4038276225264998,4.537676935886761,0.909905565189434,1.1082366859961341,-0.10491297973912717,0
2020-05-16,25515.0,26550.0,25515.0,25557.0,49278676810,1928160,1228,26857.0,25515.0,43.81562925744639,627.3960233281941,1357.25459293091,34076.81826247967,24385.481737520335,29231.15,23669.4,0.2914617955752304,-0.18171322279593338,-0.271,-0.04089764312295607,44623.0,4804.0,-0.42820966766017526,4.311199000832639,0.8728702086643871,1.0779740931329058,-0.018263766411914517,0
2020-05-17,24280.0,24829.0,24280.0,24303.0,87884698364,3616166,2139,25557.0,24280.0,40.985912825311374,251.86052720971202,1136.1757797866705,34176.401986189885,24212.598013810115,29194.5,23795.0,0.565785531096694,-0.1779523293607801,-0.27084897444367695,-0.048402900254752135,44623.0,4804.0,-0.45588597808305137,4.054121565362198,0.8316634982616589,1.0203824332843034,-0.011532125205930832,0
2020-05-18,25518.0,25518.0,23680.0,25469.0,347543675836,13645639,5539,24303.0,25518.0,44.83216847810933,53.52518948486613,919.6456617263096,34279.86832454101,23929.931675459,29104.9,23942.76,2.0488693184610853,-0.1114283724493349,-0.19552332912988646,0.05098846787479405,44623.0,4804.0,-0.428142437756314,4.311823480432973,0.8767595834378403,1.0657919137142084,-0.08617446508347049,0
2020-05-26,24111.0,24111.0,24111.0,25065.0,11756981709,487619,132,25379.0,24111.0,41.52010230803731,-214.71503453870173,692.7735224733074,34509.34525300469,23300.15474699531,28904.75,24052.12,0.0760858139018189,-0.12016493942490147,-0.20825534430105408,-0.05513754996473075,44623.0,4804.0,-0.4596732626672344,4.01894254787677,0.8341535560764234,1.0024480170562928,-0.03989880137696489,0
2020-05-27,23812.0,24397.0,23812.0,23857.0,123145724906,5161847,3110,25065.0,23812.0,40.82978599418589,-446.2797110866377,464.9628757613184,34672.59982973186,22618.100170268142,28645.35,24137.1,0.7858760759557277,-0.10491297973912717,-0.1929776994509591,-0.012400978806353935,44623.0,4804.0,-0.46637384308540436,3.9567027477102417,0.8312692985074367,0.9865311077138513,0.03871997312279518,0
2020-05-30,25000.0,25049.0,24300.0,24996.0,72291200938,2892155,2001,23857.0,25049.0,44.910548891467165,-523.9411561189336,267.182069385268,34399.67620442089,22249.123795579115,28324.4,24227.26,0.4520712353868712,-0.018263766411914517,-0.1966582213527469,0.05194859734587598,44623.0,4804.0,-0.4386527127266208,4.2141965029142385,0.8843611868212565,1.0339179915516654,0.029342488722104765,0
2020-05-31,26245.0,26245.0,23747.0,24546.0,139772546612,5694328,3217,24996.0,24000.0,42.24951490884783,-662.4970899064174,81.24623752693094,34362.31697985592,21719.08302014408,28040.7,24316.98,0.9741222080364319,-0.011532125205930832,-0.18743228602383533,-0.041877919278214715,44623.0,4804.0,-0.4621607691101002,3.995836802664446,0.8558987471782088,0.9869646641976101,0.04791666666666661,0
2020-06-01,24699.0,24699.0,23319.0,23580.0,87388611689,3706124,2623,24546.0,23319.0,40.56896173666303,-817.8272706241733,-98.56846410328991,34406.90041646907,21134.599583530926,27770.75,24406.3,0.6760530925803849,-0.08617446508347049,-0.18800055714186226,-0.02837500000000004,44623.0,5005.0,-0.4774219572866011,3.659140859140859,0.8396964432001296,0.9554500272470633,0.05531969638492207,1
2020-06-02,22840.0,24447.0,22840.0,23557.0,141539351746,6008309,4064,23580.0,23149.0,40.13973034687641,-943.7659903247004,-267.607969347572,34492.92100935466,20621.578990645343,27557.25,24509.0,1.1186507338133391,-0.03989880137696489,-0.15526930375127723,-0.00729019254685026,44623.0,5128.0,-0.4812316518387379,3.5142355694227767,0.8400330221629517,0.9445101799339019,0.06065056805909541,1
2020-06-06,24000.0,24734.0,24000.0,24557.0,95885530445,3904555,2119,23557.0,24734.0,45.88822809023337,-905.2420129923557,-395.1347780765288,34353.7571307254,20336.942869274597,27345.35,24639.48,0.7415538383246054,0.03871997312279518,-0.07025523437206327,0.06846948032312405,44623.0,5201.0,-0.4457118526320507,3.755623918477216,0.904504787834129,1.0038361199181152,0.04127921080294339,0
2020-06-07,25784.0,25784.0,25651.0,25784.0,166347829523,6451668,2467,24557.0,25784.0,49.35777819217804,-780.9825776124017,-472.3043379837034,32970.37396968583,20798.726030314167,26884.55,24802.9,1.2127574361439637,0.029342488722104765,0.01054281795022538,0.04245168593838433,44623.0,5201.0,-0.42218138628061763,3.95750817150548,0.9590638489392607,1.0395558583875273,0.042584548557244695,0
2020-06-08,26900.0,26900.0,24600.0,25904.0,174246051939,6726685,4597,25784.0,25150.0,47.382256557682275,-725.3037313447749,-522.9042166559177,31838.619407780094,21115.580592219903,26477.1,24966.96,1.275153773221072,0.04791666666666661,0.03583196046128512,-0.024588892336332657,44623.0,5443.0,-0.43638930596329245,3.6206136321881317,0.9498774412605611,1.0073312890315842,0.1058051689860835,1
2020-06-09,25101.0,25500.0,24609.0,24825.0,94439023916,3804117,2959,25904.0,24609.0,45.70133381163635,-716.5718292109341,-561.6377391669209,30963.097953909222,21280.002046090776,26121.55,25121.14,0.7687618889567912,0.05531969638492207,-0.03562191394309899,-0.02151093439363816,44623.0,5443.0,-0.448513098626269,3.5212199154877823,0.94209570259039,0.9796131863442503,0.18021861920435622,1
2020-06-10,25200.0,25550.0,24015.0,24529.0,187860865553,7658699,4780,24825.0,24553.0,45.52131319646869,-706.0317710808777,-590.5165455497123,30279.893080204194,21373.206919795804,25826.55,25287.28,1.4998484327828328,0.06065056805909541,0.01833188171374056,-0.0022755902312162624,44623.0,5443.0,-0.44976805683167875,3.510931471614918,0.9506883420356184,0.9709624759958367,0.11758237282613115,1
2020-06-13,25500.0,25755.0,24760.0,25602.0,143054991655,5587710,3056,24529.0,25755.0,50.06779286788088,-593.8419047843308,-591.181617396636,29760.276258636706,21517.723741363294,25639.0,25459.38,1.0947057698699925,0.04127921080294339,0.08159751385855873,0.04895532114201928,44623.0,5443.0,-0.42283127535127624,3.731765570457468,1.0045243574242366,1.0116114375134038,0.02694622403416802,0
2020-06-14,26882.0,26882.0,24800.0,26487.0,311074627186,11744485,6001,25602.0,26882.0,53.94838187894487,-409.27329837211437,-554.7999535917318,28735.599635744955,22112.500364255044,25424.05,25641.04,2.191283356790298,0.042584548557244695,0.07317657391512644,0.04375849349640837,44623.0,5443.0,-0.3975752414674047,3.938820503398861,1.0573453088709313,1.0483974128974487,-0.014210252213377017,0
2020-06-15,27499.0,27811.0,26880.0,27661.0,278705181353,10075891,5341,26487.0,27811.0,56.92048691359119,-185.89591957767334,-481.0191467889201,28286.44108361844,22389.15891638156,25337.8,25827.62,1.8390097464190573,0.1058051689860835,0.15879166666666666,0.03455844059221791,44623.0,5443.0,-0.37675638123837485,4.109498438361197,1.0976091057629314,1.0767929836353485,-0.06475854877566434,0
2020-06-16,28788.0,29044.0,27700.0,28823.0,201030382412,6974555,4753,27661.0,29044.0,60.558810401205164,89.59229366101863,-366.8968586989324,28379.898202128246,22328.30179787175,25354.1,26031.46,1.2227366566046696,0.18021861920435622,0.2455079548865733,0.044334975369458185,44623.0,5524.0,-0.34912489075140624,4.257784214337437,1.1455346472562624,1.115726893535745,-0.11957719322407379,0
2020-06-20,30000.0,30000.0,27382.0,27806.0,361228354153,12990797,9274,28823.0,27440.0,54.15161580067428,176.45522661257564,-258.22644163663085,28386.6127148581,22325.187285141903,25355.9,26200.28,2.0605967347271683,0.11758237282613115,0.18536437859086785,-0.05522655281641642,44623.0,5524.0,-0.3850704793492145,3.9674149167270096,1.0821938878130928,1.0473170515734946,-0.01978862973760931,0
2020-06-21,27300.0,27806.0,26416.0,26521.0,325104644266,12258604,7771,27806.0,26449.0,50.59028987713136,163.44521423430706,-173.89211046244327,28366.95872503957,22329.44127496043,25348.2,26339.42,1.8670088565771576,0.02694622403416802,0.06933775369936113,-0.03611516034985418,44623.0,5598.0,-0.40727875759137666,3.7247231153983567,1.0434271467007519,1.0041603042132288,0.06605164656508755,1
2020-06-22,25580.0,27300.0,25580.0,26861.0,214430245436,7982984,5412,26521.0,26500.0,50.76972759824449,155.4579371375512,-108.02210094244438,28457.346434522344,22337.553565477658,25397.45,26471.54,1.1622353244147354,-0.014210252213377017,0.027769159168476554,0.0019282392529018644,44623.0,5781.0,-0.4061358492257356,3.5839820100328663,1.0434118385900946,1.00107511689913,0.11716981132075466,1
2020-06-23,27300.0,27814.0,26000.0,26916.0,352086142184,13081066,8832,26861.0,26010.0,48.93108681780495,108.34017944479274,-64.74964486499695,28510.22523368291,22457.67476631709,25483.95,26575.5,1.7817023550953015,-0.06475854877566434,0.034194831013916405,-0.0184905660377358,44623.0,5800.0,-0.41711673352307105,3.4844827586206897,1.0206424043368474,0.9787210024270475,0.19511726259131112,1
2020-06-24,25571.0,26500.0,25571.0,25617.0,199657613269,7793977,4014,26916.0,25571.0,47.27907132410624,35.16996838129489,-44.765722215738585,28513.082671353422,22460.117328646575,25486.6,26650.9,1.1056370598039134,-0.11957719322407379,0.03909138932910716,-0.016878123798539035,44623.0,5900.0,-0.4269547094547655,3.3340677966101695,1.00331154410553,0.9594797924272725,0.15490203746431508,1
2020-06-27,26490.0,26897.0,25900.0,26854.0,421172949933,15683615,2395,25617.0,26897.0,52.49608899631374,83.21986035854206,-19.168605700882456,28642.747685913655,22609.052314086348,25625.9,26732.72,2.0083745666462787,-0.01978862973760931,0.09546694904899611,0.05185561769191671,44623.0,5900.0,-0.39723909194809853,3.558813559322034,1.0496021603143695,1.0061452781460323,0.07476670260623863,1
2020-06-28,28196.0,28196.0,28196.0,28196.0,619758004992,21980352,2075,26854.0,28196.0,56.98657729025733,223.54134426825112,29.37338429294426,28938.999086913238,22751.20091308676,25845.1,26838.64,2.5410712267968245,0.06605164656508755,0.09477771306542415,0.04829534892367171,44623.0,5900.0,-0.3681285435761827,3.7789830508474576,1.0909611493087665,1.0505748428385344,0.05621364732586187,1
2020-06-29,29605.0,29605.0,29605.0,29605.0,298583980765,10085593,1731,28196.0,29605.0,61.2638521320781,443.33120950499506,112.16494933535442,29546.407558650564,22599.39244134944,26072.9,26986.14,1.1194142556731903,0.11716981132075466,0.1012945465367161,0.04997162718116055,44623.0,5900.0,-0.33655289872935484,4.0177966101694915,1.135470162505897,1.0970446310587583,0.025164668130383427,0
2020-06-30,31085.0,31085.0,31085.0,31085.0,73179965065,2354189,1101,29605.0,31085.0,65.18055321126964,728.541716918342,235.44030285195194,30393.020510997885,22461.279489002118,26427.15,27141.02,0.26622969599637214,0.19511726259131112,0.11772320304915329,0.049991555480493055,44623.0,5900.0,-0.303386146157811,4.26864406779661,1.1762524524967695,1.1453143618036463,-0.0800707736850571,0
2020-07-01,32639.0,32639.0,29531.0,30429.0,1086194705710,35695966,12896,31085.0,29532.0,58.49666015688744,819.8087330750313,352.3139888965678,30654.177744804838,22821.42225519516,26737.8,27268.66,3.4184364672859817,0.15490203746431508,0.01680209337556815,-0.04995978767894482,44623.0,5900.0,-0.33818882638997827,4.005423728813559,1.104503736283464,1.0830015116254337,-0.06836651767574153,0
2020-07-04,29300.0,30300.0,28908.0,29119.0,248329785138,8528077,5002,30429.0,28908.0,56.01132417442956,832.1939026214386,448.28997164154197,30682.580642783814,23368.919357216186,27025.75,27370.86,0.8069580197553897,0.07476670260623863,0.053498542274052374,-0.021129622104835488,44623.0,6082.0,-0.3521726463931157,3.7530417625780994,1.0696465407990527,1.0561597260736417,-0.08731147087311475,0
2020-07-05,27670.0,30100.0,27664.0,28910.0,735320566582,25434669,10564,29119.0,29781.0,58.657765788601594,902.0547174783533,539.0429208089042,30963.95745248005,23592.24254751995,27278.1,27475.82,2.184229896232616,0.05621364732586187,0.1259782978562516,0.030199252801992538,44623.0,6082.0,-0.33260874436949556,3.8965800723446233,1.091754924279917,1.0838984969329395,-0.10869346227460464,0
2020-07-06,30000.0,30355.0,28148.0,30101.0,604935005899,20096682,10708,28910.0,30350.0,60.33284440298673,991.8994616827331,629.61422898367,31355.80366290712,23656.99633709288,27506.4,27570.14,1.6303063933005928,0.025164668130383427,0.1452830188679246,0.01910614149961387,44623.0,6386.0,-0.3198574726038142,3.752583777012214,1.1033795771165982,1.10082865012655,-0.14316309719934106,0
2020-07-07,30600.0,30600.0,28596.0,28961.0,340486653460,11756885,7391,30101.0,28596.0,53.17981399828503,911.0667175501767,685.9047266969714,31397.04383025599,23960.356169744013,27678.7,27641.8,0.9346850419471343,-0.0800707736850571,0.0994232987312571,-0.05779242174629329,44623.0,6705.0,-0.35916455639468436,3.264876957494407,1.033141007344998,1.0345201832008046,-0.1348440341306476,0
2020-07-08,28593.0,28593.0,27513.0,27772.0,43504585138,1569626,1027,28961.0,27513.0,49.29373564338575,750.9605309215367,698.9158875418844,31268.11665404527,24379.683345954734,27823.9,27645.86,0.1259052791355058,-0.06836651767574153,0.07594540690626106,-0.03787242971044902,44623.0,6840.0,-0.3834345516885911,3.0223684210526316,0.9888261530554666,0.9951942171449902,-0.1395340384545487,0
2020-07-11,26384.0,26384.0,26384.0,26384.0,48094734000,1822875,969,27772.0,26384.0,45.55638248395381,526.9005780823281,664.5128256499733,31094.130196245416,24736.769803754585,27915.45,27611.26,0.1497236546717201,-0.08731147087311475,-0.01907275904375949,-0.04103514702140809,44623.0,6840.0,-0.4087354055083701,2.8573099415204677,0.9451396986256714,0.9555521913885857,-0.053176167374166194,0
2020-07-12,26008.0,27703.0,26008.0,27373.0,460970973493,16840410,6322,26384.0,26544.0,46.17916096020695,358.11399875722054,603.2330602714227,31043.661687149528,24866.138312850475,27954.9,27562.14,1.3221059230873868,-0.10869346227460464,-0.05858987090367429,0.006064281382656134,44623.0,6840.0,-0.40514981063577077,2.880701754385965,0.9495294206024704,0.9630601977930596,-0.0856690777576854,0
2020-07-13,26010.0,27000.0,26005.0,26042.0,147637040562,5669211,3013,27373.0,26005.0,44.339121363223306,178.79557907222625,518.3455640315834,31083.266352962513,24738.833647037485,27911.05,27452.88,0.4559515556674656,-0.14316309719934106,-0.12160108089849686,-0.02030590717299574,44623.0,6840.0,-0.4172287833628398,2.801900584795322,0.9317098425175693,0.9472594496460844,-0.06940972889828878,0
2020-07-14,24740.0,24740.0,24740.0,24919.0,38402244420,1552233,1138,26042.0,24740.0,40.2823343720154,-64.64529765045518,401.74739169517574,31218.38945214995,24296.61054785005,27757.5,27354.2,0.12927068143063808,-0.1348440341306476,-0.20411774167604957,-0.04864449144395311,44623.0,6840.0,-0.4455773928243283,2.6169590643274856,0.8912906421687832,0.9044314949806611,-0.036216653193209325,0
2020-07-15,23674.0,24740.0,23674.0,23792.0,359775269686,15121534,6050,24919.0,23674.0,37.19403245914045,-339.6756677591038,253.46277980431987,31322.192507558517,23655.807492441483,27489.0,27253.32,1.2180083680849016,-0.1395340384545487,-0.1983610998239198,-0.04308811641067101,44623.0,6840.0,-0.4694664186630213,2.4611111111111112,0.8612172141583906,0.8686648085444268,-0.030582073160429157,0
2020-07-18,24981.0,24981.0,24500.0,24971.0,172912809999,6924522,2706,23792.0,24981.0,42.967425966842725,-447.0222464167746,113.36577456010099,31352.33029496205,23379.76970503795,27366.05,27204.56,0.5717239186210207,-0.053176167374166194,-0.13584474885844744,0.05520824533243229,44623.0,6840.0,-0.44017659054747554,2.6521929824561403,0.9128463917883656,0.9182651731915531,-0.04887714663143994,0
2020-07-19,26219.0,26219.0,23800.0,25222.0,398689896411,15807134,7727,24971.0,24270.0,40.77174976037473,-582.7493693375509,-25.857254219429393,31451.36503216031,23062.834967839688,27257.1,27110.52,1.2862748065762448,-0.0856690777576854,-0.1850508713609348,-0.02846163083943798,44623.0,6840.0,-0.4561100777625888,2.5482456140350878,0.8904102050474922,0.8952244368606725,-0.061433868974042016,0
2020-07-20,25500.0,26090.0,24000.0,25098.0,271588678185,10820927,6940,25222.0,24200.0,40.552037264157285,-688.0313104368761,-158.29206546291874,31534.535675112693,22749.664324887304,27142.1,26894.52,0.8704808052840801,-0.06940972889828878,-0.20263591433278416,-0.002884219200659288,44623.0,6840.0,-0.457678775519351,2.538011695906433,0.8916038184223034,0.899811560124516,-0.09710743801652888,0
2020-07-21,24000.0,25470.0,23844.0,23990.0,154463733871,6438665,3124,25098.0,23844.0,39.389485348731924,-791.0752094698328,-284.84869426430157,31634.423679459414,22433.176320540584,27033.8,26705.42,0.532171340382225,-0.036216653193209325,-0.16617708770457407,-0.014710743801652937,44623.0,6840.0,-0.46565672411088455,2.4859649122807017,0.8820069690535552,0.892852462159367,-0.11927528938097631,0
2020-07-22,22865.0,23800.0,22791.0,22927.0,201126995322,8772310,5001,23990.0,22950.0,36.55533641865277,-934.1087462110954,-414.70070465366035,31802.195841113327,22003.304158886673,26902.75,26530.02,0.7221331398273696,-0.030582073160429157,-0.16584887144259075,-0.037493709109209905,44623.0,6840.0,-0.4856912354615333,2.3552631578947367,0.8530726412727323,0.8650577722896553,-0.029106753812636166,0
2020-07-25,23611.0,24073.0,22950.0,23977.0,166506577318,6944430,3940,22927.0,23760.0,40.71733800759435,-970.9115599404468,-525.9428757110177,31833.289385529937,21658.510614470066,26745.9,26396.16,0.5929929126620527,-0.04887714663143994,-0.09945421467556093,0.03529411764705892,44623.0,6840.0,-0.46753916141899915,2.473684210526316,0.8883604589862371,0.9001309281350015,-0.02268518518518514,0
2020-07-26,24700.0,24700.0,22779.0,22952.0,93231096645,4061972,2820,23977.0,22779.0,37.50810712765353,-1066.9375643159728,-634.1418134320088,31796.214627222376,21153.885372777622,26475.05,26261.62,0.37559049923321036,-0.061433868974042016,-0.14183996383363473,-0.04128787878787876,44623.0,6840.0,-0.48952333998162384,2.330263157894737,0.8603949756468826,0.8673874650535649,0.05408490276131528,1
2020-07-27,21805.0,22890.0,21805.0,21893.0,182850280201,8351974,4658,22952.0,21850.0,34.71748382139221,-1204.1210427946244,-748.1376593045319,31567.472701658462,20607.127298341537,26087.3,26075.0,0.7785054969841183,-0.09710743801652888,-0.1597769659680831,-0.04078317748803728,44623.0,6840.0,-0.5103422002106537,2.1944444444444446,0.8375723052979802,0.837967401725791,0.06361556064073226,1
2020-07-28,22000.0,22700.0,20799.0,21221.0,186377270590,8782485,5053,21893.0,21000.0,32.34618121002606,-1365.6850667560211,-871.6471407948297,30986.377103739193,20179.722896260806,25583.05,25904.28,0.7948216833173685,-0.11927528938097631,-0.15117219078415522,-0.0389016018306636,44623.0,6840.0,-0.5293906729713377,2.0701754385964914,0.820855996450775,0.8106768456795557,0.085952380952381,1
2020-07-29,21600.0,22282.0,20799.0,22116.0,62840355532,2841392,1471,21221.0,22282.0,39.10224586492082,-1374.4353981587556,-972.204792267615,30486.56023451365,19954.53976548635,25220.55,25775.56,0.30205400330235227,-0.029106753812636166,-0.058798682098504695,0.06104761904761902,44623.0,7185.0,-0.5006610940546355,2.1011830201809323,0.8834858875004709,0.8644623046017235,-0.02342698141998023,0
2020-08-01,23221.0,23221.0,23221.0,22868.0,35748566953,1539493,839,22116.0,23221.0,43.548926477896046,-1290.7220065437032,-1035.9082351228326,29984.72717532574,19887.67282467426,24936.2,25691.9,0.1699694013388251,-0.02268518518518514,-0.07045354469396736,0.042141638991114005,44623.0,7261.0,-0.4796181341460682,2.198044346508745,0.9312164644171926,0.903825719390158,-0.1092976185349468,0
2020-08-02,24011.0,24011.0,24011.0,23832.0,45780164963,1906633,877,22868.0,24011.0,47.051857397122795,-1147.4055657450845,-1058.207701247283,29189.888815978753,20105.51118402125,24647.7,25640.06,0.24192566297139625,0.05408490276131528,-0.010671611042439189,0.034020929331208816,44623.0,7261.0,-0.46191425946260894,2.3068447872193913,0.9741679751051822,0.9364642672443044,-0.17771021615093086,0
2020-08-03,25023.0,24690.0,23100.0,24005.0,149933724407,6245969,3055,23832.0,23240.0,44.17108214946924,-1083.5490316066243,-1063.2759673191513,28036.400454035873,20547.99954596413,24292.2,25594.56,0.8688793848648417,0.06361556064073226,-0.03966942148760333,-0.032110282787055966,44623.0,7261.0,-0.479192344754947,2.200661065968875,0.9566856851170334,0.9080054511583711,-0.18747848537005163,0
2020-08-04,23001.0,23700.0,22805.0,22903.0,94857303857,4141700,2500,24005.0,22805.0,42.5868188298191,-1055.8717010809778,-1061.7951140715168,27230.883899518813,20774.41610048119,24002.65,25565.06,0.6083779431744565,0.085952380952381,-0.043574903539674525,-0.01871772805507743,44623.0,7488.0,-0.48894068081482644,2.04553952991453,0.950103426080037,0.8920378047225392,-0.19315939486954614,0
2020-08-05,21758.0,22490.0,21758.0,21771.0,155344828441,7135355,3975,22903.0,21760.0,38.97072622513075,-1105.5162802864543,-1070.5393473145043,26653.01095981659,20776.98904018341,23715.0,25489.9,1.0069564457049849,-0.02342698141998023,-0.051851851851851816,-0.0458232843674633,44623.0,7501.0,-0.5123590973264909,1.9009465404612718,0.9175627240143369,0.853671454183814,-0.17279411764705888,0
2020-08-09,21030.0,21750.0,20683.0,20783.0,118982630066,5725113,3194,21771.0,20683.0,35.61433003931907,-1217.727659660697,-1099.977009783743,26383.047863261967,20476.852136738034,23429.95,25421.34,0.7862899180353232,-0.1092976185349468,-0.12950336700336695,-0.049494485294117596,44623.0,7599.0,-0.5364946328126751,1.7218055007237794,0.882759032776425,0.8136077799203346,-0.09302325581395354,0
2020-08-10,20200.0,20663.0,19744.0,19876.0,67280587847,3384935,1742,20783.0,19744.0,32.94979174486875,-1366.6713026500838,-1153.3158683570111,26095.972453343016,20083.927546656985,23089.95,25339.98,0.5122170771958569,-0.17771021615093086,-0.13323675314983097,-0.04539960353913841,44623.0,7599.0,-0.5575375927212424,1.5982366100802736,0.8550906346700621,0.7791639930260403,-0.024918962722852545,0
2020-08-11,18883.0,18883.0,18883.0,18938.0,40965780999,2169453,1081,19876.0,18883.0,30.682972647910404,-1536.4741989790928,-1229.9475344814275,25953.962499587917,19513.73750041208,22733.85,25216.66,0.337216578927188,-0.18747848537005163,-0.13578947368421057,-0.04360818476499184,44623.0,7599.0,-0.5768325751294175,1.484932227924727,0.8306116209968836,0.7488303367694215,0.012550971773553021,0
2020-08-12,18660.0,19884.0,17994.0,18607.0,124938983615,6714721,3047,18938.0,18400.0,29.458623451457754,-1690.5308932655898,-1322.06420623826,26011.108214152442,18822.591785847555,22416.85,25104.66,1.0034648473115482,-0.19315939486954614,-0.12380952380952381,-0.025578562728379994,44623.0,7599.0,-0.5876565896510768,1.4213712330569812,0.820811130912684,0.7329316549198436,0.0178804347826087,0
2020-08-15,18400.0,18900.0,17677.0,17866.0,72906270165,4080711,2010,18607.0,18000.0,28.4462732152692,-1823.8741051052602,-1422.42618601166,26155.882517829432,18110.41748217057,22133.15,24998.28,0.664665611650418,-0.17279411764705888,-0.19217305448343958,-0.021739130434782594,44623.0,7599.0,-0.5966205768325751,1.368732727990525,0.81325974838647,0.7200495394083113,0.031333333333333435,0
2020-08-16,18480.0,18759.0,17000.0,18336.0,105879228277,5774520,2753,17866.0,18759.0,33.141347082390695,-1847.0133838388429,-1507.3436255770966,25877.931136079096,17766.168863920902,21822.05,24910.48,0.9494451047358707,-0.09302325581395354,-0.192153654020068,0.042166666666666686,44623.0,7599.0,-0.579611411155682,1.4686142913541256,0.8596350938614842,0.7530565448758916,-0.032571032571032554,0
2020-08-17,19252.0,19252.0,18500.0,19170.0,89750014593,4681906,1928,18336.0,19252.0,36.07540048158452,-1804.7662274752547,-1566.8281459567283,25611.064369142277,17531.235630857725,21571.15,24800.84,0.847291360357391,-0.024918962722852545,-0.19820082462204824,0.026280718588410856,44623.0,7599.0,-0.5685632969544854,1.5334912488485326,0.8924883467038149,0.7762640297667337,-0.06004570953667154,0
2020-08-18,20128.0,20128.0,18500.0,19714.0,81272687837,4122574,2677,19170.0,19120.0,35.62461259521524,-1761.6293815781391,-1605.7883930810108,25302.41045698424,17331.889543015765,21317.15,24667.56,0.7942054500472474,0.012550971773553021,-0.17728055077452665,-0.006856430500727151,44623.0,7599.0,-0.5715214127243798,1.5161205421766022,0.8969304058000248,0.7751070636901258,-0.04973849372384942,0
2020-08-19,18729.0,18990.0,18729.0,19541.0,8892291539,474712,325,19714.0,18729.0,34.25901283938974,-1738.948042125092,-1632.4203228898273,25021.624559289816,17101.175440710187,21061.4,24539.14,0.09702617488277594,0.0178804347826087,-0.1787327340495506,-0.020449790794979106,44623.0,7599.0,-0.5802837101942945,1.4646664034741412,0.8892571244076841,0.7632296812357727,-0.0031501948849378403,0
2020-08-22,18564.0,19539.0,18564.0,19103.0,22463348799,1206883,525,19541.0,18564.0,33.67241638508321,-1714.5230833840978,-1648.8408749886814,24845.229770567294,16838.970229432703,20842.1,24418.24,0.26734389720257523,0.031333333333333435,-0.14687499999999998,-0.008809867051097209,44623.0,7599.0,-0.5839813549066625,1.4429530201342282,0.8906971946205038,0.7602513530868727,-0.05526826115061412,0
2020-08-23,18148.0,18148.0,18148.0,19048.0,2680241824,147688,91,19103.0,18148.0,32.17653244887306,-1709.0331802863511,-1660.8793360482155,24493.28196241884,16629.71803758116,20561.5,24290.14,0.0353785281286164,-0.032571032571032554,-0.1225644248900063,-0.022408963585434205,44623.0,7599.0,-0.5933039015754208,1.3882089748651139,0.8826204313887606,0.7471344339719739,-0.045404452281243124,0
2020-08-24,18096.0,18096.0,18096.0,18982.0,3195952656,176611,114,19048.0,18096.0,31.9852530918606,-1689.4039607050836,-1666.584260979589,24260.781238753527,16393.91876124647,20327.35,24136.96,0.044371931812979985,-0.06004570953667154,-0.08346839546191243,-0.002865329512893977,44623.0,7599.0,-0.5944692199090156,1.3813659692064746,0.8902291739946427,0.7497215887999151,-0.056642351900972554,0
2020-08-25,18033.0,19499.0,18033.0,18142.0,99719087506,5496498,2678,18982.0,18169.0,32.59108259008214,-1648.9491139026031,-1663.0572315641919,24118.773058643725,16167.826941356274,20143.3,23962.7,1.4323242755196162,-0.04973849372384942,-0.037811788381083566,0.0040340406719716615,44623.0,7712.0,-0.5928332922483921,1.3559387966804979,0.9019872612729791,0.7582200670208282,-0.061753536243051355,0
2020-08-26,18100.0,18990.0,17950.0,18461.0,75902218930,4111476,2281,18142.0,18670.0,36.75473885366031,-1558.4964662493512,-1642.145078501224,24031.476346473217,16022.12365352678,20026.8,23779.88,1.140835326916436,-0.0031501948849378403,0.014673913043478315,0.02757443998018605,44623.0,7761.0,-0.5816058983035655,1.4056178327535112,0.9322507839495077,0.785117502695556,-0.09400107123727908,0
2020-08-31,18900.0,18900.0,17538.0,18235.0,19187295926,1072444,612,18461.0,17538.0,31.952384771699258,-1560.1703580737303,-1625.7501344157254,23793.849862334024,15785.350137665971,19789.6,23549.76,0.30506420941326545,-0.05526826115061412,-0.025666666666666615,-0.06063202999464379,44623.0,8265.0,-0.6069739820272056,1.1219600725952814,0.8862230666612767,0.7447209653092006,-0.06118143459915615,0
2020-09-01,17324.0,17324.0,17324.0,17969.0,13687276624,790076,126,18235.0,17324.0,31.124452916323847,-1560.773317673189,-1612.7547710672181,23308.830013581523,15680.669986418476,19494.75,23347.44,0.2271639591375374,-0.045404452281243124,-0.07649661495815341,-0.012202075493214726,44623.0,8571.0,-0.6117697151693073,1.021234395053086,0.8886495082009259,0.7420085456906624,-0.05010390210113136,0
2020-09-02,17071.0,17071.0,17071.0,17944.0,1309891972,76732,87,17969.0,17071.0,30.130448435811616,-1563.641467585323,-1602.9321103708394,22488.58527729249,15806.914722707508,19147.75,23159.88,0.022658175923821848,-0.056642351900972554,-0.11328693122792433,-0.014604017547910408,44623.0,8997.0,-0.617439437061605,0.8974102478603979,0.8915407815539684,0.737093629155246,-0.036611797785718436,0
2020-09-05,17047.0,17047.0,17047.0,17805.0,7378401869,432827,138,17944.0,17047.0,30.032464924652785,-1549.9838475155047,-1592.3424577997725,21720.97633449684,15955.223665503156,18838.1,22970.82,0.13980892303535375,-0.061753536243051355,-0.10842050209205023,-0.001405893034971628,44623.0,9272.0,-0.6179772762924949,0.8385461604831751,0.9049214092716358,0.7421154316650429,-0.0380125535284801,0
2020-09-06,16915.0,17300.0,16915.0,17331.0,25641662573,1514331,651,17805.0,16915.0,29.4649202596882,-1532.1497138708874,-1580.3039090139957,20900.814152342107,16186.38584765789,18543.6,22788.92,0.5108254629490795,-0.09400107123727908,-0.09685514442842647,-0.007743297940986715,44623.0,9272.0,-0.6209353920623893,0.8243097497842968,0.9121745507884123,0.7422466707505226,-0.04989654153118539,0
2020-09-07,16465.0,16465.0,16465.0,17322.0,480366375,29175,33,17331.0,16465.0,27.55328218046654,-1536.6141423388217,-1571.565955678961,20296.561106675552,16261.138893324445,18278.85,22606.8,0.01118171979104614,-0.06118143459915615,-0.11306830424477488,-0.026603606266627278,44623.0,9272.0,-0.631019877641575,0.7757765314926661,0.9007678272976692,0.7283206822725906,-0.02605526875189801,0
2020-09-08,16456.0,16456.0,16456.0,17311.0,563552176,34246,22,17322.0,16456.0,27.514833453029524,-1523.3185903710946,-1561.9164826173878,19911.694078724326,16223.305921275674,18067.5,22397.98,0.014731832448140742,-0.05010390210113136,-0.0932334141503196,-0.0005466140297600841,44623.0,9272.0,-0.6312215673531587,0.7748058671268335,0.9108066971080669,0.7347091121610074,-0.026312591152163334,0
2020-09-09,16446.0,16446.0,16446.0,17262.0,2603418246,158301,80,17311.0,16446.0,27.468967213452075,-1496.3398121585342,-1548.8011485256172,19707.04056704615,16098.159432953844,17902.6,22162.98,0.07317589828568166,-0.036611797785718436,-0.09118037135278512,-0.0006076810889644735,44623.0,9272.0,-0.6314456670326961,0.7737273511647972,0.9186375163384091,0.7420482263666709,-0.06421014228383803,0
2020-09-12,16400.0,17000.0,16399.0,16916.0,20194551699,1227918,561,17262.0,16399.0,27.239139617711658,-1461.899574958854,-1531.4208338122648,19636.95561122121,15919.844388778794,17778.4,21898.86,0.5802418702236419,-0.0380125535284801,-0.09741868016951949,-0.0028578377721026893,44623.0,9272.0,-0.6324989355265221,0.7686583261432269,0.922411465598704,0.7488517667129704,-0.10335996097323008,0
2020-09-13,16071.0,16071.0,16071.0,16879.0,2015319471,125401,58,16916.0,16071.0,25.627643770786193,-1444.4219010849301,-1514.021047266798,19638.247596517747,15685.652403482254,17661.95,21598.58,0.07018379444483466,-0.04989654153118539,-0.1392072844134976,-0.020001219586560204,44623.0,9272.0,-0.6398494050153508,0.7332830025884383,0.9099221773360245,0.7440766939308047,-0.08711343413602135,0
2020-09-14,16036.0,16036.0,16036.0,16852.0,1470661560,91710,88,16879.0,16036.0,25.454590107564968,-1417.05994119983,-1494.6288260534043,19654.937784490387,15472.562215509613,17563.75,21328.66,0.05777730499773688,-0.02605526875189801,-0.08564260462994644,-0.0021778358534005893,44623.0,9272.0,-0.6406337538937319,0.7295081967213115,0.9130168671268949,0.7518522026231371,-0.08624345223247698,0
2020-09-15,16010.0,16746.0,16010.0,16200.0,117024628177,7223522,2992,16852.0,16023.0,25.386021275943833,-1380.5107140397122,-1471.805203650666,19545.267018295846,15308.632981704155,17426.95,21070.96,4.352170660723287,-0.026312591152163334,-0.07509812976217967,-0.0008106759790471596,44623.0,9272.0,-0.6409250834771306,0.7281061259706644,0.9194379968956128,0.7604304692334853,-0.08887224614616485,0
2020-09-16,15990.0,16010.0,15390.0,15477.0,53611996977,3463914,1197,16200.0,15390.0,22.243940109905097,-1386.6386903212187,-1454.7719009847765,19355.591763269455,15112.108236730543,17233.85,20783.14,2.1665007820142446,-0.06421014228383803,-0.09847109132446841,-0.039505710541097194,44623.0,9272.0,-0.6551105931918517,0.6598360655737705,0.8930099774571556,0.7405040816738953,-0.05328135152696556,0
2020-09-19,14704.0,14704.0,14704.0,15443.0,2101422160,142915,76,15477.0,14704.0,19.43629997420895,-1430.3613077460905,-1449.8897823370394,19221.05665533457,14805.043344665426,17013.05,20470.22,0.10209169572295694,-0.10335996097323008,-0.13744353845251367,-0.04457439896036386,44623.0,9272.0,-0.6704838312081214,0.5858498705780846,0.8642777162237224,0.7183117719301502,-0.010677366702937952,0
2020-09-20,14671.0,14671.0,14671.0,15424.0,1146744044,78164,46,15443.0,14671.0,19.310033729317595,-1450.9489845576427,-1450.1016227811601,19094.611098377856,14525.688901622147,16810.15,20191.72,0.05663887233544264,-0.08711343413602135,-0.13266331658291453,-0.002244287268770351,44623.0,9272.0,-0.671223360150595,0.582290767903365,0.8727465251648557,0.7265849566059751,-0.009133665053506879,0
2020-09-21,14653.0,14653.0,14653.0,15367.0,3517921546,240082,27,15424.0,14653.0,19.236625321187375,-1451.9797970503678,-1450.4772576350017,18934.355280196974,14294.844719803023,16614.6,19934.52,0.18028213603866422,-0.08624345223247698,-0.11005162465836626,-0.0012269102310681346,44623.0,9272.0,-0.6716267395737624,0.5803494391716998,0.8819351654568874,0.7350565752272942,-0.008394185491025774,0
2020-09-22,14599.0,14599.0,14599.0,15336.0,1883781965,129035,61,15367.0,14599.0,19.00322788104431,-1440.5483276694504,-1448.4914716418916,18803.06971757322,14071.230282426783,16437.15,19698.82,0.09696274086357144,-0.08887224614616485,-0.11284637822070975,-0.0036852521667918303,44623.0,9272.0,-0.6728368778432647,0.5745254529767041,0.8881710028806696,0.741110381230957,-0.005685320912391267,0
2020-09-23,14570.0,14570.0,14570.0,15312.0,1446699010,99293,59,15336.0,14570.0,18.870809990389247,-1417.4889333947212,-1442.2909639924576,18631.533975143404,13890.166024856597,16260.85,19459.34,0.074830639466487,-0.05328135152696556,-0.11407029064818197,-0.001986437427221044,44623.0,9272.0,-0.6734867669139233,0.5713977566867989,0.896017120876215,0.7487407075471213,-0.004667124227865527,0
2020-09-26,14547.0,14547.0,14547.0,15302.0,602129424,41392,38,15312.0,14547.0,18.75916293681898,-1385.1034941949201,-1430.8534700329503,18392.368159143814,13767.131840856186,16079.75,19230.18,0.03926584481472568,-0.010677366702937952,-0.1129337154704555,-0.0015785861358956765,44623.0,9272.0,-0.6740021961768594,0.5689171699741156,0.9046782443756899,0.7564671781543386,-0.003918333677046859,0
2020-09-27,14537.0,14537.0,14537.0,15294.0,502296961,34553,18,15302.0,14537.0,18.707339572747358,-1344.7433524378685,-1413.631446513934,17949.520564337032,13796.67943566297,15873.1,19026.12,0.040636171955702065,-0.009133665053506879,-0.0954514342604692,-0.0006874269608854178,44623.0,9272.0,-0.6742262958563969,0.5678386540120793,0.9158261461214255,0.7640548887529355,-0.051386118181192764,0
2020-09-28,14530.0,14530.0,14530.0,15280.0,899973670,61939,14,15294.0,14530.0,18.668461618845328,-1298.3558527428831,-1390.5763277597239,17729.549979445823,13715.850020554177,15722.7,18843.24,0.0774454056715609,-0.008394185491025774,-0.09391369418807682,-0.00048152988924810014,44623.0,9272.0,-0.6743831656320731,0.567083692838654,0.9241415278546306,0.7710988131552747,-0.08492773571920165,0
2020-09-29,14516.0,14516.0,14516.0,15265.0,942756136,64946,35,15280.0,14516.0,18.585270886896538,-1248.333101098744,-1362.127682427528,17512.84159240398,13651.758407596019,15582.3,18633.94,0.08506131733584381,-0.005685320912391267,-0.0940522998190102,-0.000963523743978012,44623.0,9272.0,-0.6746969051834256,0.5655737704918032,0.9315697939328598,0.7790086261949969,-0.027624689997244434,0
2020-09-30,14502.0,14502.0,14502.0,15252.0,836982930,57715,46,15265.0,14502.0,18.496506083151104,-1196.0322774334072,-1328.908601428704,17311.57907335857,13596.120926641432,15453.85,18438.58,0.07568495937318193,-0.004667124227865527,-0.05769980506822614,-0.0009644530173601451,44623.0,9272.0,-0.675010644734778,0.5640638481449526,0.9384069341943917,0.7865030821245453,-0.0002758240242725085,0
2020-10-03,14490.0,14980.0,14490.0,14515.0,182864203003,12598174,2639,15252.0,14490.0,18.41531860854475,-1142.3831161294165,-1291.6035043688466,17076.41446520579,13575.585534794207,15326.0,18244.38,9.190137436541475,-0.003918333677046859,-0.014553862894450487,-0.0008274720728175256,44623.0,9272.0,-0.675279564350223,0.5627696289905091,0.9454521727782853,0.7942171781118349,0.02553485162180813,0
2020-10-04,14550.0,14990.0,13790.0,13995.0,73994503792,5287044,1545,14515.0,13790.0,14.435001713424086,-1143.1721422743867,-1261.9172319499548,16882.39986205636,13457.100137943638,15169.75,18043.3,3.390278356721966,-0.051386118181192764,-0.060050439642832854,-0.048309178743961345,44623.0,9400.0,-0.690966541917845,0.46702127659574466,0.9090459631833089,0.7642726108860353,0.09862218999274841,1
2020-10-05,13296.0,13500.0,13296.0,13443.0,34458465370,2591446,585,13995.0,13296.0,12.39835350251181,-1170.1701297979453,-1243.567811519553,16799.98589752412,13222.61410247588,15011.3,17850.22,1.5355939002794228,-0.08492773571920165,-0.0926090220432676,-0.03582306018854242,44623.0,9744.0,-0.7020370660869955,0.3645320197044335,0.8857327479965094,0.7448647691737132,0.1717809867629363,1
2020-10-06,14100.0,14115.0,13700.0,13811.0,25942493605,1840027,227,13443.0,14115.0,30.02545482120088,-1112.6537937574521,-1217.3850079671329,16593.612689363767,13194.887310636233,14894.25,17657.32,1.0349588501618407,-0.027624689997244434,-0.033152955681896024,0.06159747292418771,44623.0,10062.0,-0.6836833023328777,0.4028026237328563,0.9476811521224634,0.7993851841615829,0.12306057385759828,1
2020-10-07,14500.0,14500.0,13300.0,14153.0,53521794534,3781592,1547,13811.0,14498.0,36.46400416907368,-1024.358615449286,-1178.7797294635636,16345.947708345619,13247.752291654382,14796.85,17491.7,1.930330027614048,-0.0002758240242725085,-0.004941660947151649,0.027134254339355346,44623.0,10492.0,-0.675100284606593,0.3818147159740755,0.979803133775094,0.8288502546922254,0.10222099599944823,1
2020-10-10,14500.0,14860.0,14153.0,14429.0,30255895459,2068806,771,14153.0,14860.0,41.90503192870434,-914.6303861144097,-1125.9498607937328,16084.978444632996,13354.821555367003,14719.9,17351.9,1.0338429156004734,0.02553485162180813,0.021516463875713265,0.02496896123603265,44623.0,10622.0,-0.666987876207337,0.39898324232724536,1.0095177277019545,0.8563903664728357,0.09125168236877523,1
2020-10-11,15150.0,15150.0,14910.0,14939.0,39446121440,2608956,951,14429.0,15150.0,45.90187780568652,-795.1039342296554,-1059.7806754809174,15909.511648673146,13438.188351326855,14673.85,17234.9,1.2275930782627311,0.09862218999274841,0.04216826030130005,0.019515477792732216,44623.0,10622.0,-0.6604889855007507,0.42628506872528715,1.0324488801507443,0.8790303396016222,0.008580858085808662,0
2020-10-12,15150.0,15680.0,14410.0,15098.0,44417531970,2935718,1167,14939.0,15580.0,51.25674331494249,-658.0948458956773,-979.4435095638694,15799.053218637315,13503.046781362684,14651.05,17100.86,1.2947156129410171,0.1717809867629363,0.07226428079834823,0.028382838283828482,44623.0,10622.0,-0.65085269928064,0.466767087177556,1.0634050119274727,0.9110652914531784,-0.03356867779204109,0
2020-10-13,15852.0,15852.0,14345.0,15627.0,43928688924,2785703,956,15098.0,15852.0,54.33586428332351,-521.5538810084236,-887.8655838527802,15751.384935420097,13533.615064579903,14642.5,16953.48,1.3618219111175185,0.12306057385759828,0.09203637365665474,0.01745827984595638,44623.0,11233.0,-0.6447571879972211,0.41119914537523367,1.0826020146832849,0.9350292683272107,-0.012112036336109022,0
2020-10-14,16300.0,16300.0,14895.0,15444.0,43638198358,2833913,1344,15627.0,15980.0,55.75240046760354,-398.42288138440927,-789.9770433591061,15885.33210622716,13458.66789377284,14672.0,16792.86,1.4070573939399793,0.10222099599944823,0.10191697696869406,0.008074690890739422,44623.0,11620.0,-0.6418887120991417,0.37521514629948366,1.0891494002181026,0.9515949040246866,0.0202127659574467,0
2020-10-18,15970.0,16216.0,14672.0,16084.0,88014862597,5472301,1965,15444.0,16216.0,58.3196634807808,-278.5860824609317,-687.6988511794713,16135.366464503897,13359.833535496104,14747.6,16652.38,2.3995637524350317,0.09125168236877523,0.11911663216011048,0.014768460575719677,44623.0,12160.0,-0.6365999596620577,0.3335526315789474,1.0995687433887547,0.9737947368484264,0.03940552540700537,0
2020-10-19,16100.0,16500.0,15280.0,15849.0,27971191984,1786281,719,16084.0,15280.0,46.737393869543794,-256.1887490313002,-601.396830749837,16184.358426342402,13371.741573657597,14778.05,16501.88,0.7549965852979388,0.008580858085808662,0.10804931109499627,-0.05772076961026151,44623.0,12766.0,-0.6575756896667638,0.19692934356885478,1.0339659156654633,0.9259551032973212,0.14770942408376952,1
2020-10-20,15057.0,15057.0,15057.0,15755.0,5778364662,383766,79,15849.0,15057.0,44.47132836061385,-253.51062456043474,-531.8195895119566,16208.394088383044,13388.105911616956,14798.25,16367.82,0.16171301192939283,-0.03356867779204109,0.13244584837545137,-0.014594240837696337,44623.0,13296.0,-0.6625731125204491,0.13244584837545126,1.0174851756119812,0.919914808447307,0.20508733479444774,1
2020-10-21,14968.0,16450.0,14968.0,15527.0,50025893709,3222090,1337,15755.0,15660.0,51.34144774810479,-200.4208048233122,-465.5398325742277,16306.577169477227,13396.022830522772,14851.3,16267.36,1.2746704597141507,-0.012112036336109022,0.1094580233793836,0.040047818290496195,44623.0,13296.0,-0.6490599018443404,0.17779783393501805,1.0544531455158808,0.9626638864572985,0.21462324393358867,1
2020-10-24,15101.0,16303.0,15101.0,16053.0,87924831800,5476999,1744,15527.0,16303.0,57.39470243356275,-105.24877164097052,-393.4816203875763,16517.019153014415,13358.880846985587,14937.95,16198.54,1.9584015342829122,0.0202127659574467,0.12449993102496903,0.041060025542784206,44623.0,13296.0,-0.6346502924500818,0.22615824308062576,1.0913813475075227,1.0064487293299271,0.0858124271606453,1
2020-10-26,16390.0,16855.0,15730.0,16702.0,132774098879,7949450,2212,16053.0,16855.0,61.78937654837626,14.54981585677342,-311.8753331387064,16826.66286297756,13280.03713702244,15053.35,16157.98,2.490373843350819,0.03940552540700537,0.13425302826379548,0.0338587989940502,44623.0,13296.0,-0.6222799901396141,0.26767448856799037,1.1196843227587214,1.0431378179698205,0.05393058439632159,1
2020-10-27,17480.0,17537.0,16702.0,17281.0,115398786784,6677909,2210,16702.0,17537.0,66.40067849448128,162.64785659310473,-216.9706951923442,17261.26605999897,13145.433940001032,15203.35,16140.72,1.894851476790555,0.14770942408376952,0.15755775577557762,0.04046277069118953,44623.0,13296.0,-0.6069963919951594,0.318968110709988,1.1534957756020876,1.0865066738038949,0.01140445914352517,0
2020-10-28,17900.0,18145.0,17737.0,18116.0,61187136199,3377538,1048,17281.0,18145.0,69.88937431411694,325.32697276438194,-108.51116160099899,17780.830514680718,12987.369485319283,15384.1,16143.62,0.9153173126195809,0.20508733479444774,0.16463414634146334,0.034669555796316365,44623.0,13296.0,-0.593371131479282,0.36469614921780985,1.179464512061154,1.1239734334678344,-0.026894461284100335,0
2020-10-31,19021.0,19021.0,19021.0,18633.0,29986149996,1576476,380,18116.0,19021.0,74.06734004134177,518.9550327531106,16.982077269822923,18444.14376851328,12774.556231486722,15609.35,16148.86,0.4186525413034306,0.21462324393358867,0.19991168306838247,0.04827776246899962,44623.0,13296.0,-0.5737399995518007,0.43058062575210587,1.2185645142174402,1.177854040470968,-0.07265653751117185,0
2020-11-01,19564.0,19564.0,17702.0,18698.0,121188490423,6481339,1210,18633.0,17702.0,60.46344291981685,559.524538069034,125.49056942966514,18695.823596327453,12842.876403672548,15769.35,16117.86,1.5859294381752818,0.0858124271606453,0.10775969962453069,-0.06934440881131376,44623.0,13296.0,-0.6032987472827914,0.33137785800240677,1.1225573660296715,1.0982847598874788,-0.00389786464806241,0
2020-11-02,17764.0,17764.0,17764.0,18670.0,1490985812,83933,35,18698.0,17764.0,60.82764950979858,589.8792839653361,218.36831233679936,18920.596717626646,12945.503282373353,15933.05,16090.74,0.024250632612479454,0.05393058439632159,0.09546127281697081,0.0035024291040559596,44623.0,13296.0,-0.6019093292696591,0.3360409145607702,1.1149152233878636,1.1039890023703074,-0.009344742175185772,0
2020-11-04,17737.0,17737.0,17737.0,18586.0,4421372938,249274,102,18670.0,17737.0,60.56599119537833,604.7853750924623,295.651724887932,19046.21236707744,13214.587632922558,16130.4,16070.9,0.07767539444745603,0.01140445914352517,0.16079842931937183,-0.0015199279441566738,44623.0,13296.0,-0.6025143984044102,0.33401022864019253,1.099600753856073,1.1036718540965347,-0.011219484693014592,0
2020-11-07,17657.0,17657.0,17657.0,18567.0,947174451,53643,21,18586.0,17657.0,59.745917939896444,603.1900291083875,357.1593857320231,19026.343834714473,13670.556165285529,16348.45,16052.76,0.017403643017258264,-0.026894461284100335,0.1726771601248589,-0.004510345605232002,44623.0,13296.0,-0.6043071958407099,0.3279933814681107,1.0800412271499744,1.0999354628113795,-0.4296879424590814,0
2020-11-08,17639.0,17639.0,17639.0,18561.0,314203507,17813,25,18567.0,17639.0,59.55053946229786,593.6302562820238,404.4535598420233,19050.986024760325,13998.313975239676,16524.65,16042.58,0.0059551848353907744,-0.07265653751117185,0.1263729246487868,-0.0010194257235091042,44623.0,13296.0,-0.6047105752638774,0.3266395908543923,1.067435618908721,1.0995114252196343,-0.3929361074890867,0
2020-11-09,17633.0,17633.0,17633.0,18524.0,1876821254,106438,39,18561.0,17633.0,59.48071492094854,578.896756132799,439.3421991001785,19070.60852166608,14292.191478333923,16681.4,16033.32,0.03791313817151444,-0.00389786464806241,0.08158007728638905,-0.00034015533760412,44623.0,13296.0,-0.6048450350715998,0.32618832731648617,1.0570455717146041,1.099772224342806,-0.3740713435036579,0
2020-11-10,17598.0,17598.0,17598.0,18461.0,3198753264,181768,56,18524.0,17598.0,59.04579147793429,557.964278738018,463.0666150277464,19084.98975380439,14551.610246195607,16818.3,16021.9,0.06699727916621545,-0.009344742175185772,0.04408187481459502,-0.001984914648670122,44623.0,13296.0,-0.605629383949981,0.32355595667870035,1.0463602147660584,1.098371603867207,-0.347369019206728,0
2020-11-11,17538.0,17538.0,17538.0,18234.0,11594582256,661112,210,18461.0,17538.0,58.25934329759425,530.4192975456608,476.5371515313293,19088.933515916353,14786.466484083649,16937.7,15999.26,0.2527502288894499,-0.011219484693014592,5.702229571769024e-05,-0.0034094783498125336,44623.0,13296.0,-0.6069739820272056,0.31904332129963897,1.0354416479215005,1.0961756981260382,-0.32067510548523204,0
2020-11-24,10600.0,11130.0,10070.0,10199.0,45821398279,4500965,785,10539.0,10070.0,20.916483379087836,-92.94408427223061,362.64090437061736,20321.242967772014,13003.15703222799,16662.2,15849.9,1.6707767934537263,-0.4296879424590814,-0.4450261780104712,-0.4258182232865777,44623.0,10070.0,-0.7743316227057795,0.0,0.604361969007694,0.6353352387081307,0.22631578947368425,1
2020-11-25,9690.0,10708.0,9690.0,10512.0,95250589443,9061188,1206,10199.0,10708.0,25.32045686662957,-529.380419493973,184.2366395976993,20886.42865613208,11923.57134386792,16405.0,15717.58,3.012653680883708,-0.3929361074890867,-0.4370432679669839,0.06335650446871899,44623.0,10070.0,-0.7600340631512897,0.06335650446871896,0.6527278268820481,0.681275361728714,0.12439297721329856,1
2020-11-28,11037.0,11037.0,9987.0,10939.0,94802846906,8666793,1912,10512.0,11037.0,27.56068856983582,-839.0398796307345,-20.418664247987465,21214.116419998234,11101.583580001767,16157.85,15596.9,2.6268152872844377,-0.3740713435036579,-0.3765111286860242,0.030724691819200567,44623.0,10070.0,-0.7526611836945073,0.09602780536246276,0.6830735524837772,0.7076406208926133,0.199329527951436,1
2020-11-29,11485.0,11485.0,10997.0,11347.0,83152958075,7328146,1632,10939.0,11485.0,30.61304950673768,-1036.3509680042025,-223.6051249992305,21371.844526925885,10470.755473074114,15921.3,15485.66,2.160327383309454,-0.347369019206728,-0.3534676874577798,0.040590740237383294,44623.0,10070.0,-0.7426215180512292,0.14051638530287985,0.7213606929082425,0.7416538914066304,0.18929037875489763,1
2020-11-30,11914.0,11914.0,11914.0,11761.0,41372067926,3472559,322,11347.0,11914.0,33.502599439832636,-1144.9069378921959,-407.8654875778236,21473.53962489569,10032.46037510431,15753.0,15385.64,0.9988778958894665,-0.32067510548523204,-0.32829678074082425,0.03735306922072268,44623.0,10070.0,-0.7330076417990722,0.18311817279046674,0.7563003872278297,0.7743584277287133,0.1987577639751552,1
2020-12-01,12349.0,12349.0,11700.0,12287.0,73536143800,5984727,1260,11761.0,12349.0,36.39501191807017,-1182.20968423872,-562.7343269100029,21522.835046973298,9712.364953026703,15617.6,15303.32,1.5931623198992255,0.22631578947368425,-0.30061731891034715,0.036511666946449584,44623.0,10070.0,-0.7232593057391928,0.22631578947368422,0.790710480483557,0.8069490803302813,0.21159608065430402,1
2020-12-02,12390.0,12901.0,11780.0,12607.0,114436669882,9076958,2768,12287.0,12040.0,35.22299013174947,-1222.6125802738752,-694.7099775827774,21543.992386280883,9329.207613719118,15436.6,15215.0,2.2416385408917807,0.12439297721329856,-0.3174216225409604,-0.025022269009636444,44623.0,10070.0,-0.7301839858369003,0.19563058589870905,0.7799644999546532,0.7913243509694381,0.2934385382059801,1
2020-12-05,12200.0,13237.0,12000.0,13009.0,101350927553,7790822,1518,12607.0,13237.0,42.894675401447564,-1144.8471845148197,-784.7374189691858,21449.640603632084,9116.959396367916,15283.3,15150.82,1.8705712999570667,0.199329527951436,-0.24930527987296547,0.0994186046511627,44623.0,10070.0,-0.7033592541962665,0.31449851042701094,0.8661087592339352,0.8736820845340384,0.2134924831910554,1
2020-12-06,13659.0,13659.0,13659.0,13602.0,49459799019,3621041,689,13009.0,13659.0,45.351916662637485,-1037.2093709199507,-835.2318093593389,21284.281947123407,8962.718052876593,15123.5,15096.02,0.9170623611300035,0.18929037875489763,-0.22383225366518922,0.03188033542343427,44623.0,10070.0,-0.6939022477197858,0.3564051638530288,0.9031639501438159,0.9048080222469234,0.1156746467530565,1
2020-12-07,14282.0,14282.0,13721.0,14250.0,228312265535,16022270,2805,13602.0,14282.0,48.851108102678424,-891.3596950730298,-846.4573865020772,21029.185708648616,8892.314291351384,14960.75,15060.24,3.628444939179675,0.1987577639751552,-0.18565400843881852,0.04561095248554059,44623.0,10070.0,-0.6799408376846021,0.4182720953326713,0.9546312851962635,0.9483248606927911,0.043411286934603055,0
2020-12-08,14800.0,14962.0,14100.0,14832.0,65955835092,4446730,1106,14250.0,14962.0,52.431401934023604,-712.6870465311622,-819.7033185078942,20691.991138116522,8911.20886188348,14801.6,15038.76,0.9949723101993819,0.21159608065430402,0.48579940417080447,0.047612379218596734,44623.0,10070.0,-0.664702059476055,0.48579940417080436,1.0108366663063453,0.9948958557753431,-0.00855500601523862,0
2020-12-09,15573.0,15573.0,15573.0,15299.0,38885921157,2497009,495,14832.0,15573.0,55.44897062329601,-515.8388227843297,-758.9304193631813,20209.178946196986,9049.221053803016,14629.2,15029.76,0.5530196669650939,0.2934385382059801,0.4543332088158387,0.04083678652586542,44623.0,10070.0,-0.6510095690563162,0.5464746772591857,1.0645148060044294,1.0361442897291773,0.038785076735375235,0
2020-12-13,16063.0,16063.0,15600.0,16041.0,230926912771,14395851,2768,15299.0,16063.0,57.76300283589897,-316.64618226718994,-670.473571943983,19990.781790115827,9103.718209884173,14547.25,15043.22,2.931376849132307,0.2134924831910554,0.45537736703814446,0.03146471457008926,44623.0,10070.0,-0.6400286847589808,0.5951340615690169,1.1041949509357438,1.06779000772441,0.020232833219199442,0
2020-12-14,16830.0,16830.0,15239.0,15686.0,39039328960,2506137,858,16041.0,15239.0,52.79668900438673,-222.70726240598742,-580.9203100363839,19674.045745089374,9167.954254910625,14421.0,15053.92,0.498033788215098,0.1156746467530565,0.32686112320417937,-0.051298014069600995,44623.0,10070.0,-0.6584944983528673,0.5133068520357498,1.0567228347548714,1.0122944721374898,0.03681343920204738,0
2020-12-15,14902.0,14902.0,14902.0,15614.0,4499480076,301938,67,15686.0,14902.0,50.870333854486574,-173.45360995170086,-499.4269700194473,19315.242290502596,9243.257709497404,14279.25,15058.54,0.05997145328791886,0.043411286934603055,0.2507973812321638,-0.022114311962727173,44623.0,10070.0,-0.6660466575532797,0.4798411122144985,1.0436122345361276,0.9896045698985426,0.10387867400348938,1
2020-12-16,14834.0,14834.0,14834.0,15407.0,12872796860,867790,199,15614.0,14834.0,50.470178889590294,-138.31238811484945,-427.2040536385278,18940.31152803597,9335.88847196403,14138.1,15062.16,0.1709795345797927,-0.00855500601523862,0.20123086889626696,-0.004563145886458231,44623.0,10070.0,-0.6675705353741345,0.4730883813306852,1.0492216068637228,0.9848521062052189,0.13644330591883502,1
2020-12-19,14637.0,16177.0,14637.0,15608.0,292871500852,18764117,3901,15407.0,16177.0,57.569174202098345,-2.0699791188544623,-342.1772387345932,18693.17713576323,9436.822864236767,14065.0,15093.72,3.1207379351629156,0.038785076735375235,0.3436046511627906,0.09053525684238917,44623.0,10070.0,-0.6374739484122538,0.6064548162859981,1.1501599715606114,1.0717702461686052,0.0824009396056129,1
2020-12-20,16388.0,16388.0,15675.0,16270.0,150134058195,9227910,2957,15608.0,16388.0,58.57378199404135,121.52814734944877,-249.4361615177848,18467.91117850202,9537.588821497979,14002.75,15130.08,1.426527648738349,0.020232833219199442,0.23804487421621223,0.01304320949496196,44623.0,10070.0,-0.6327454451740134,0.6274081429990069,1.1703415400546322,1.0831403403022324,-0.0006712228459848646,0
2020-12-21,16450.0,17083.0,15500.0,16545.0,349679189249,21135081,6261,16270.0,15800.0,54.687931316235094,170.07336726222638,-165.53425576178256,18151.504658025533,9674.195341974468,13912.85,15155.14,2.8118407964858765,0.03681343920204738,0.15674646753056587,-0.03587991213082742,44623.0,10070.0,-0.6459225063308159,0.5690168818272096,1.1356407925047707,1.0425505801991932,-0.006582278481012671,0
2020-12-22,15718.0,16840.0,15718.0,16056.0,388187464091,24176812,7853,16545.0,16450.0,58.0046225602399,258.02106528776676,-80.8231915518727,17934.40870808348,9782.491291916522,13858.45,15193.4,2.7814241071193346,0.10387867400348938,0.1517994678616441,0.04113924050632911,44623.0,10070.0,-0.6313560271608811,0.6335650446871897,1.1870014323391143,1.0827069648663235,-0.045471124620060754,0
2020-12-23,16544.0,16858.0,16400.0,16765.0,213831755447,12754930,3904,16056.0,16858.0,59.984554668574496,356.5325544497973,6.647957648461315,18081.361208945014,10314.338791054986,14197.85,15239.96,1.4008801122911245,0.13644330591883502,0.12672102660072193,0.02480243161094231,44623.0,10070.0,-0.6222127602357529,0.6740814299900695,1.187362875364932,1.1061708823382739,-0.0544548582275477,0
2020-12-26,17200.0,17603.0,15970.0,17238.0,233065934801,13520132,4938,16765.0,17510.0,62.98764019646965,481.6622675602248,101.65081963081401,18329.68366548886,10746.21633451114,14537.95,15299.84,1.449431265394797,0.0824009396056129,0.12438194310665907,0.03867599952544776,44623.0,10070.0,-0.6076014611299105,0.7388282025819265,1.2044339126217933,1.1444564126160797,-0.12221587664191891,0
2020-12-27,17939.0,17939.0,16377.0,16522.0,162052424125,9808419,2984,17238.0,16377.0,55.23074465935855,483.82757250360373,178.08617020537196,18314.533877043206,11295.366122956795,14804.95,15337.34,1.0451200267423368,-0.0006712228459848646,0.01954802963331881,-0.06470588235294117,44623.0,10070.0,-0.6329919548215046,0.6263157894736842,1.106184080324486,1.0677862002146397,-0.08469194602185992,0
2020-12-28,15696.0,15966.0,15696.0,15958.0,32151896711,2047820,574,16522.0,15696.0,51.15312546829485,425.68554563584075,227.6060452914657,18192.64245824792,11838.35754175208,15015.5,15361.46,0.22451821411439954,-0.006582278481012671,0.029988844412363047,-0.041582707455577905,44623.0,10070.0,-0.6482531429980055,0.5586891757696127,1.0453198361692917,1.0217778778840032,-0.0788735983690112,0
2020-12-29,15161.0,16650.0,15161.0,16019.0,258149548146,16114955,5245,15958.0,15702.0,51.18731925883274,375.76019073219686,257.23687437961195,18054.6615268653,12355.138473134699,15204.9,15399.7,1.652295221081845,-0.045471124620060754,0.053684069252449396,0.0003822629969418845,44623.0,10070.0,-0.648118683190283,0.5592850049652432,1.0326934080460903,1.019630252537387,-0.03120621576869187,0
2020-12-30,15705.0,16670.0,15400.0,16178.0,189545328563,11716546,3321,16019.0,15940.0,52.60460368712418,351.3484717537649,276.0591938544426,17927.878668156758,12841.021331843243,15384.45,15452.58,1.1670257789718328,-0.0544548582275477,0.07455844681137935,0.015157304801936,44623.0,10070.0,-0.6427851108172915,0.5829195630585898,1.0361111381947354,1.0315429526978666,-0.03444165621079043,0
2021-01-02,15405.0,16170.0,15370.0,15778.0,28067700370,1811287,530,16178.0,15370.0,48.939655445680295,282.7484244429834,277.39703997215076,17581.002459913703,13520.897540086298,15550.95,15477.68,0.18718643005731117,-0.12221587664191891,-0.04988564010632379,-0.03575909661229615,44623.0,10070.0,-0.6555587925509266,0.5263157894736842,0.98836405492912,0.9930428849801779,0.04007807417046183,0
2021-01-03,14990.0,15901.0,14990.0,15218.0,100825356795,6625265,2100,15778.0,14990.0,46.6083394310404,195.4663540491456,261.01090278754975,17394.28874234634,13882.911257653659,15638.6,15487.52,0.688832890314534,-0.08469194602185992,-0.08530632169880403,-0.024723487312947268,44623.0,10070.0,-0.6640745803733501,0.4885799404170804,0.958525699231389,0.9678760705393762,0.11360907271514353,1
2021-01-04,14500.0,15016.0,14458.0,14488.0,45205699024,3120242,827,15218.0,14458.0,43.485179489499565,82.41668232691882,225.29205869542358,17282.00221007727,14075.09778992273,15678.55,15479.48,0.3252602749504784,-0.0788735983690112,-0.08493670886075955,-0.03549032688458975,44623.0,10070.0,-0.6759966833247428,0.43574975173783514,0.9221516020295245,0.9340107032019164,0.21067920874256463,1
2021-01-05,13900.0,15212.0,13764.0,14659.0,267743512806,18264747,5006,14488.0,15212.0,48.728988637181715,53.05392889979339,190.84443273629756,17213.63099880446,14236.469001195539,15725.05,15480.72,1.8819574594650474,-0.03120621576869187,-0.07525835866261399,0.05215105823765387,44623.0,10070.0,-0.6590995674876184,0.5106256206554121,0.967373712643203,0.9826416342392343,0.1247699184854063,1
2021-01-06,15391.0,15391.0,14710.0,15225.0,155262171381,10198069,2906,14659.0,15391.0,49.91705513667524,43.72352175432752,161.42025053990355,17202.488255447715,14290.511744552283,15746.5,15476.94,1.0205465053606324,-0.03444165621079043,-0.08702099893225768,0.011767026032079908,44623.0,10070.0,-0.655088183223898,0.5284011916583913,0.9774235544406693,0.9944472227714264,0.096744850886882,1
2021-01-09,15984.0,15986.0,15391.0,15899.0,68964760768,4337780,1403,15225.0,15986.0,53.75323403230389,83.37948741808759,145.81209791554036,17224.42406825267,14309.87593174733,15767.15,15479.62,0.43013086021789204,0.04007807417046183,-0.08703597944031982,0.03865895653303886,44623.0,10070.0,-0.6417542522914192,0.5874875868917577,1.0138801241822397,1.032712689329583,0.02345802577255096,0
2021-01-10,16693.0,16693.0,16693.0,16671.0,53315438840,3193880,1023,15899.0,16693.0,57.88151170791955,169.89764299604212,150.62920693164074,17306.500426932886,14290.799573067112,15798.65,15493.88,0.33532629873728687,0.11360907271514353,0.019295353239298985,0.04422619792318283,44623.0,10070.0,-0.6259104049481209,0.6576961271102284,1.056609267247518,1.0773931384520856,-0.044090337267117974,0
2021-01-11,17504.0,17504.0,15838.0,17018.0,200145772458,11760806,2865,16671.0,17504.0,62.064784729570505,300.4415239417758,180.59167033366776,17567.591021900433,14256.208978099567,15911.9,15519.64,1.1775612301639713,0.21067920874256463,0.11518858307849134,0.04858323848319657,44623.0,10070.0,-0.6077359209376331,0.7382323733862959,1.1000571899018974,1.1278612132755657,-0.037362888482632584,0
2021-01-12,17868.0,17868.0,16168.0,17278.0,449236988656,26001218,4992,17018.0,17110.0,58.99895651867922,367.86545888283035,218.04642804350027,17688.33398524811,14356.266014751887,16022.3,15556.24,2.306628612744184,0.1247699184854063,0.08967010571901679,-0.02250914076782451,44623.0,10070.0,-0.6165654483114089,0.6991062562065541,1.067886633005249,1.0998801767007966,0.03278784336645235,0
2021-01-13,17000.0,18050.0,16510.0,17222.0,318724056041,18506868,4728,17278.0,16880.0,57.22197979138608,398.15070182658746,254.0672828001177,17736.594590562177,14512.605409437825,16124.6,15592.7,1.522654591269515,0.096744850886882,0.05897114178168139,-0.013442431326709525,44623.0,10070.0,-0.6217197409407704,0.676266137040715,1.046847673740744,1.0825578636156663,-0.013744075829383862,0
2021-01-16,17000.0,17780.0,16361.0,16796.0,82633721011,4919867,1399,17222.0,16361.0,53.319441221384196,375.9394169326479,278.4417096266238,17748.98291224298,14518.617087757018,16133.8,15606.72,0.4292279245055263,0.02345802577255096,0.06447625243981792,-0.03074644549763028,44623.0,10070.0,-0.6333505143087645,0.6247269116186693,1.0140822372906568,1.0483304627750099,0.003117168877208032,0
2021-01-18,15957.0,15957.0,15957.0,16768.0,1551866121,97253,63,16796.0,15957.0,50.43592119180053,322.0252829908677,287.1584242994726,17724.790340581196,14499.709659418806,16112.25,15599.8,0.008836684066492212,-0.044090337267117974,0.06450967311541023,-0.02469286718415742,44623.0,10070.0,-0.6424041413620779,0.5846077457795432,0.9903644742354419,1.0228977294580701,0.009964278999812004,0
2021-01-19,15930.0,17500.0,15930.0,16830.0,217735767487,12937141,2748,16768.0,16850.0,56.08877452712618,347.35152810211366,299.1970450600008,17801.397900436044,14528.102099563954,16164.75,15599.7,1.220980090148535,-0.037362888482632584,0.16544473647807445,0.05596290029454165,44623.0,10070.0,-0.6223920399793829,0.6732869910625621,1.0423916237492075,1.080148977223921,-0.08664688427299705,0
2021-01-20,17016.0,17671.0,16850.0,17524.0,187923033819,10723719,2443,16830.0,17671.0,60.544188297502004,428.7284833533504,325.10333271867074,17986.82022702799,14464.779772972008,16225.8,15602.38,1.0806880975029527,0.03278784336645235,0.16164869839600327,0.048724035608308514,44623.0,10070.0,-0.6039934562893575,0.7548162859980139,1.0890680274624365,1.1325836186530518,-0.15058570539301686,0
2021-01-23,17700.0,18300.0,16648.0,17275.0,263881662615,15275511,4126,17524.0,16648.0,53.28872757317642,405.9927248367603,341.28121114228867,17963.575275808053,14467.024724191948,16215.3,15572.44,1.5200910630964712,-0.013744075829383862,0.08167110649080622,-0.0578914605851395,44623.0,10070.0,-0.6269188535060395,0.653227408142999,1.0266846743507676,1.0690681742873949,-0.11250600672753486,0
2021-01-24,16412.0,16412.0,16412.0,16964.0,16866760108,1027709,246,17275.0,16412.0,51.74806441600758,364.7269000749111,345.97034892881317,17808.70184129052,14512.09815870948,16160.4,15520.26,0.10904704718684478,0.003117168877208032,0.02664831727761796,-0.014175876982220115,44623.0,10070.0,-0.6322076059431235,0.6297914597815293,1.0155689215613475,1.0574565116821497,-0.1294174993906897,0
2021-01-25,16116.0,16641.0,16116.0,16199.0,195483557825,12067831,2424,16964.0,16116.0,49.80317993180888,304.62715816662603,337.70171077637576,17792.715889400202,14501.984110599798,16147.35,15488.54,1.2653132385607997,0.009964278999812004,-0.03456538668903131,-0.018035583719229864,44623.0,10070.0,-0.6388409564574322,0.6003972194637537,0.9980585049559215,1.0405112425057494,-0.1503474807644577,0
2021-01-26,15806.0,16700.0,15390.0,15799.0,47608428843,3013366,980,16199.0,15390.0,45.3055784221407,196.15440130780735,309.3922488826621,17799.462663380516,14464.63733661948,16132.05,15441.06,0.31436045953019826,-0.08664688427299705,-0.12077239488116998,-0.045048399106478065,44623.0,10070.0,-0.6551105931918517,0.5283018867924528,0.9540015063181679,0.9966932322003801,-0.10643274853801166,0
2021-01-27,15010.0,15010.0,15010.0,15513.0,15500932070,1032707,329,15799.0,15010.0,43.111035812528044,78.61985503599499,263.2377701133287,17826.694629889513,14368.205370110489,16097.45,15386.52,0.11693329625130042,-0.15058570539301686,-0.12273524254821744,-0.024691358024691357,44623.0,10070.0,-0.6636263810142752,0.49056603773584906,0.93244582216438,0.9755292294813902,-0.13837441705529652,0
2021-01-30,14850.0,16000.0,14738.0,15039.0,198601470537,13205953,3741,15513.0,14775.0,41.763746880396624,-33.108007200167776,203.9686146506294,17861.70691082413,14216.693089175871,16039.2,15328.88,1.4828051451859872,-0.11250600672753486,-0.1247037914691943,-0.01565622918054632,44623.0,10070.0,-0.6688927234834054,0.4672293942403178,0.9211806075115966,0.9638668969944315,-0.1634517766497462,0
2021-01-31,14501.0,15000.0,14288.0,14413.0,54867075590,3806710,1173,15039.0,14288.0,39.040814031038515,-159.11578522337004,131.3517346758295,17943.057803427262,14027.142196572739,15985.1,15261.86,0.4226938674550684,-0.1294174993906897,-0.1267037467147485,-0.032961082910321515,44623.0,10070.0,-0.6798063778768796,0.4188679245283019,0.8938323814051835,0.9361899532560252,-0.08664613661814113,0
2021-02-01,14000.0,14200.0,13693.0,13967.0,28266511927,2061004,589,14413.0,13693.0,35.956310404652314,-303.4909299968367,44.38320174129627,18081.147116940487,13759.352883059513,15920.25,15183.06,0.23480216995746697,-0.1503474807644577,-0.14188130600990156,-0.041643337066069375,44623.0,10070.0,-0.6931403088093584,0.35978152929493545,0.8600995587380852,0.9018603627990669,-0.06528883371065508,0
2021-02-02,13500.0,14240.0,13269.0,13613.0,131399511279,9652808,1662,13967.0,13752.0,36.49212401131901,-408.44022085927463,-46.18148277881791,18160.278237859697,13609.621762140305,15884.95,15106.14,1.060253267393927,-0.10643274853801166,-0.18385756676557863,0.004308770904841941,44623.0,10070.0,-0.6918181207000874,0.36564051638530287,0.8657251045801214,0.9103583046363929,-0.0932228039557883,0
2021-02-03,13600.0,14293.0,12933.0,13010.0,43901804471,3374429,593,13613.0,12933.0,32.43541857181805,-551.3441926647811,-147.21402475601056,18374.34584717469,13167.654152825311,15771.0,15014.04,0.40365279915780067,-0.13837441705529652,-0.268122913247694,-0.05955497382198949,44623.0,10070.0,-0.7101718844542052,0.2843098311817279,0.8200494578657028,0.861393735463606,-0.02543879996907139,0
2021-02-06,12360.0,12860.0,12360.0,12429.0,115129128660,9262917,2042,13010.0,12360.0,29.928636034336506,-702.7322709435721,-258.3176739935229,18616.722792056422,12622.17720794358,15619.45,15059.84,1.1142723611478702,-0.1634517766497462,-0.25756847669389715,-0.044305265599628885,44623.0,10070.0,-0.7230127960917015,0.22740814299900694,0.7913210772466379,0.8207258510050571,0.00614886731391584,0
2021-02-07,13050.0,13050.0,12010.0,13013.0,48384967176,3712402,679,12429.0,13050.0,36.311790387004685,-758.2900841711871,-358.3121560290557,18664.982393407943,12280.317606592056,15472.65,15106.68,0.44826542631176447,-0.08664613661814113,-0.20485010967584694,0.05582524271844669,44623.0,10070.0,-0.707549918203617,0.2959285004965243,0.8434237186260919,0.8638562543192813,-0.05547892720306513,0
2021-02-08,13663.0,13663.0,12363.0,13101.0,158746259637,12117188,2179,13013.0,12799.0,35.060599904960895,-813.1995949999891,-449.2896438232424,18620.282088527663,11935.617911472338,15277.95,15141.92,1.38833272196808,-0.06528883371065508,-0.20582030280466612,-0.019233716475095752,44623.0,10070.0,-0.7131748201600072,0.27100297914597815,0.8377432836211665,0.8452692921373247,-0.03765919212438473,0
2021-02-09,13200.0,13200.0,12446.0,12557.0,132459247085,10548348,2254,13101.0,12470.0,33.43439203110246,-873.1976494100218,-534.0712449405983,18417.95003832911,11634.549961670891,15026.25,15161.62,1.2170355191601228,-0.0932228039557883,-0.18973359324236516,-0.025705133213532294,44623.0,10070.0,-0.7205476996167895,0.23833167825223436,0.8298810415106896,0.8224714773223442,-0.013311948676824392,0
2021-02-13,13250.0,13250.0,12350.0,12689.0,123529581099,9734971,2104,12557.0,12604.0,34.761643791989044,-899.5642430428361,-607.1698445610459,18207.655885456166,11394.244114543837,14800.95,15175.42,1.2395023483196341,-0.02543879996907139,-0.16029313790806132,0.010745789895749702,44623.0,10070.0,-0.7175447639109876,0.2516385302879841,0.8515669602289042,0.8305536189443191,-0.024119327197715035,0
2021-02-14,12710.0,12880.0,12436.0,12577.0,23115871524,1857005,549,12689.0,12436.0,33.85035546434918,-923.3720956834422,-670.4102947855253,17993.75535138697,11163.744648613027,14578.75,15177.16,0.2644763017659072,0.00614886731391584,-0.1583079526226734,-0.013329101872421423,44623.0,10070.0,-0.7213096385272169,0.2349553128103277,0.8530223784618023,0.819389134726128,-0.011338050820199452,0
2021-02-15,12326.0,12326.0,12326.0,12568.0,1776114970,144095,74,12577.0,12326.0,33.2359824793746,-940.2771415336774,-724.3836641351558,17823.613236207635,10930.386763792365,14377.0,15182.88,0.02124463577369762,-0.05547892720306513,-0.13731802911534152,-0.008845287873914476,44623.0,10070.0,-0.723774735002129,0.2240317775571003,0.857341587257425,0.8118354357012636,-0.0025961382443615566,0
2021-02-16,12317.0,12317.0,12317.0,12555.0,2459815753,199709,69,12568.0,12317.0,33.18291628588153,-943.5243752735078,-768.2118063628262,17672.94289774885,10717.05710225115,14195.0,15164.48,0.029421860059424616,-0.03765919212438473,-0.10048930110275323,-0.0007301638812267086,44623.0,10070.0,-0.7239764247137127,0.22313803376365443,0.8676998943289891,0.8122269936061112,-0.0019485264268896962,0
2021-02-17,12304.0,12304.0,12304.0,12551.0,842664048,68487,47,12555.0,12304.0,33.100704859559215,-936.3531267759572,-801.8400704454525,17313.562645118844,10621.837354881158,13967.7,15137.38,0.011146349574583107,-0.013311948676824392,-0.10529377545084351,-0.0010554518145652336,44623.0,10070.0,-0.7242677542971113,0.22184707050645483,0.8808894807305425,0.8128222981784167,-0.0011378413524056885,0
2021-02-20,12300.0,12300.0,12300.0,12545.0,1080776400,87868,49,12551.0,12300.0,33.073552985765474,-920.3830246564994,-825.548661287662,16652.060244149263,10746.239755850736,13699.15,15097.74,0.01565562639262657,-0.024119327197715035,-0.048944560426815165,-0.00032509752925879987,44623.0,10070.0,-0.7243573941689263,0.2214498510427011,0.8978659259881088,0.8146914703790104,-0.0011382113821137851,0
2021-02-21,12295.0,12295.0,12295.0,12544.0,105896835,8613,14,12545.0,12295.0,33.03707265065269,-897.7810013474464,-839.995129299619,16162.055352907613,10800.944647092387,13481.5,15044.4,0.00177616706735082,-0.011338050820199452,-0.005258899676375384,-0.00040650406504061376,44623.0,10070.0,-0.7244694440086951,0.22095332671300894,0.9119905055075473,0.8172476137300259,-0.0008133387555917526,0
2021-02-22,12294.0,12294.0,12294.0,12543.0,128890296,10484,17,12544.0,12294.0,33.029225878521615,-869.9215129845416,-845.9804060366034,15637.858021470485,10913.341978529515,13275.6,14978.82,0.002184920122715234,-0.0025961382443615566,-0.0579310344827586,-8.133387555919747e-05,44623.0,10070.0,-0.7244918539766488,0.2208540218470705,0.9260598391033174,0.8207589115831554,-0.0012201073694485531,0
2021-02-23,12293.0,12293.0,12293.0,12540.0,567186727,46139,28,12543.0,12293.0,33.020779676024105,-838.260415116345,-844.4364078525518,15087.856047211013,11081.043952788988,13084.45,14903.42,0.010992647191525642,-0.0019485264268896962,-0.03953433862020472,-8.134049129659982e-05,44623.0,10070.0,-0.7245142639446026,0.22075471698113208,0.9395121690250641,0.8248442303847037,-0.0209875538924591,0
2021-02-24,12290.0,12290.0,12290.0,12536.0,743692480,60512,38,12540.0,12290.0,32.993521442785635,-804.141202654182,-836.3773668128779,14655.907004967587,11202.992995032415,12929.45,14844.44,0.01494264600227856,-0.0011378413524056885,-0.014434643143544479,-0.00024404132433086811,44623.0,10070.0,-0.7245814938484638,0.22045680238331677,0.950543139886074,0.8279194095567094,-0.021074043938161147,0
2021-02-27,12286.0,12286.0,12286.0,12535.0,231984252,18882,9,12536.0,12286.0,32.95446002525178,-768.5647119484529,-822.814835839993,14250.480232324888,11336.019767675112,12793.25,14792.12,0.0047217675585010796,-0.0011382113821137851,-0.025230085687083514,-0.00032546786004883366,44623.0,10070.0,-0.7246711337202788,0.22005958291956307,0.9603501846676958,0.8305773614600206,-0.02091811818329803,0
2021-02-28,12285.0,12285.0,12285.0,12529.0,1266558930,103098,11,12535.0,12285.0,32.94395928747436,-732.0125928832967,-804.6543872486538,13821.015572687844,11516.484427312156,12668.75,14741.14,0.030832738286326523,-0.0008133387555917526,-0.012142167899646172,-8.13934559661389e-05,44623.0,10070.0,-0.7246935436882326,0.2199602780536246,0.9697089294523927,0.8333819501069796,-0.026129426129426148,0
2021-03-01,12279.0,12436.0,12279.0,12280.0,86401027502,7035706,533,12529.0,12279.0,32.87626935555396,-695.5115013891318,-782.8258100767496,13458.997501962167,11677.602498037832,12568.3,14663.18,2.007200519394822,-0.0012201073694485531,-0.00381307804640596,-0.0004884004884004867,44623.0,10070.0,-0.724828003495955,0.21936444885799405,0.9769817715999778,0.8374036191330939,-0.02606075413307274,0
2021-03-02,12035.0,12035.0,12035.0,12276.0,715793660,59476,41,12280.0,12035.0,30.162121920966953,-678.4521106015218,-761.951070181704,13240.21399033248,11730.586009667519,12485.4,14576.12,0.01746644945298188,-0.0209875538924591,-0.022895185515953598,-0.019871325026467934,44623.0,10070.0,-0.730296035676669,0.1951340615690169,0.9639258654107998,0.8256655406239795,-0.006481096800997066,0
2021-03-03,12031.0,12031.0,12031.0,12274.0,328951602,27342,21,12276.0,12031.0,30.118224892198953,-657.6739313736034,-741.0956424200839,12909.807157851314,11888.892842148687,12399.35,14500.74,0.009351261612316948,-0.021074043938161147,-0.022187906371911592,-0.00033236393851265866,44623.0,10070.0,-0.730385675548484,0.19473684210526315,0.9702927976063261,0.8296817955497444,-0.006400132989776375,0
2021-03-06,12029.0,12029.0,12029.0,12208.0,13227798111,1099659,87,12274.0,12029.0,30.094640912751018,-634.0594156665611,-719.6883970693793,12826.240785762271,11882.059214237728,12354.15,14412.32,0.39131752291576555,-0.02091811818329803,-0.022032520325203198,-0.0001662372205136764,44623.0,10070.0,-0.7304304954843914,0.1945382323733863,0.9736809088443964,0.8346331471962877,-0.007315653836561631,0
2021-03-07,11964.0,11964.0,11964.0,12203.0,987460704,82536,26,12208.0,11964.0,29.29184979504484,-613.5174513300863,-698.4542079215208,12836.0850994316,11832.6149005684,12334.35,14314.44,0.03510488166095735,-0.026129426129426148,-0.02692151281008537,-0.005403607947460309,44623.0,10070.0,-0.7318871434013849,0.1880834160873883,0.9699740967298641,0.8357993746175191,-0.002423938482112975,0
2021-03-08,11959.0,11959.0,11959.0,12201.0,340975008,28512,21,12203.0,11959.0,29.227263128017754,-590.8305282592864,-676.9294719890739,12686.717485495075,11872.882514504923,12279.8,14203.42,0.0131577763302624,-0.02606075413307274,-0.027249064584350058,-0.0004179204279505244,44623.0,10070.0,-0.7319991932411537,0.18758689175769613,0.9738757960227366,0.8419803117840633,0.007609331883936754,0
2021-03-09,11957.0,11957.0,11957.0,12197.0,796491641,66613,22,12201.0,11957.0,29.199528867295,-566.4823061581264,-654.8400388228845,12591.84465971074,11883.555340289262,12237.7,14115.02,0.04258046721025004,-0.006481096800997066,-0.027332628325063002,-0.00016723806338325709,44623.0,10070.0,-0.7320440131770611,0.18738828202581925,0.977062683347361,0.8471118000541267,-0.009785063142928818,0
2021-03-10,11954.0,11954.0,11954.0,12184.0,2642132850,221025,19,12197.0,11954.0,29.154838386677923,-541.1897411938771,-632.109979297083,12569.755222124302,11854.044777875697,12211.9,14040.18,0.21089435235372506,-0.006400132989776375,-0.027339300244100917,-0.000250899054946907,44623.0,10070.0,-0.7321112430809223,0.18709036742800397,0.9788812551691384,0.8514135858657083,0.0037644303162120973,0
2021-03-13,11941.0,11941.0,11941.0,12178.0,1161608539,97279,23,12184.0,11941.0,28.948078775020406,-516.2432616213864,-608.9366357619436,12506.764557606262,11850.735442393738,12178.75,13964.96,0.17182488095069876,-0.007315653836561631,-0.028080742308318363,-0.0010875020913502231,44623.0,10070.0,-0.7324025726643211,0.18579940417080437,0.9804782921071539,0.8550686861974542,-0.010133154677162692,0
2021-03-14,11935.0,11935.0,11935.0,12174.0,862709540,72284,40,12178.0,11935.0,28.84639790799065,-491.2938173794482,-585.4080720854446,12475.772724709237,11831.627275290764,12153.7,13884.86,0.15156549073269618,-0.002423938482112975,-0.028490028490028463,-0.000502470479859296,44623.0,10070.0,-0.7325370324720436,0.18520357497517378,0.9820054798127319,0.8595693438752713,-0.021533305404273118,0
2021-03-15,11931.0,12499.0,11931.0,12019.0,118938213715,9896001,1610,12174.0,12050.0,33.65644685265748,-456.9739528892751,-559.7212482462107,12454.832310190033,11824.967689809966,12139.9,13818.46,10.260119827529229,0.007609331883936754,-0.01864972717648017,0.00963552576455795,44623.0,10070.0,-0.7299598861573628,0.19662363455809334,0.9925946671718878,0.8720219185061143,-0.0472199170124481,0
2021-03-16,12300.0,12300.0,11779.0,11862.0,81859799502,6901209,1838,12019.0,11840.0,29.707150381048862,-441.6296265463843,-536.1029239062455,12445.628806966755,11786.471193033243,12116.05,13755.46,5.310312416740328,-0.009785063142928818,-0.01620274200249272,-0.01742738589211623,44623.0,10070.0,-0.7346659794276494,0.17576961271102284,0.9772161719372239,0.8607491134429529,-0.0365709459459459,0
2021-03-17,11750.0,12020.0,11625.0,11814.0,34513923466,2926341,939,11862.0,11999.0,35.84536441052106,-411.89114150228124,-511.2605674254527,12422.307449371907,11779.292550628092,12100.8,13706.28,2.02868887618776,0.0037644303162120973,-0.0026597955282188224,0.013429054054054035,42389.0,10070.0,-0.7169312793413386,0.19155908639523336,0.991587333068888,0.8754381203360795,-0.05633802816901412,0
2021-03-27,11720.0,12025.0,11578.0,11692.0,53145934353,4545348,1003,11814.0,11820.0,32.41373382940331,-398.1770447696945,-488.6438628943011,12406.794909054108,11746.80509094589,12076.8,13638.44,2.7293601635617244,-0.010133154677162692,-0.017374677861833887,-0.014917909825818865,42285.0,10070.0,-0.7204682511528911,0.17378351539225423,0.9787360890302067,0.8666680353471511,-0.04297800338409474,0
2021-03-28,11800.0,11990.0,11489.0,11715.0,22333673426,1901727,677,11692.0,11678.0,29.963121669639378,-394.2223872752784,-469.7595677704966,12402.847450259354,11689.052549740647,12045.95,13564.18,1.080521394028376,-0.021533305404273118,-0.02390504847876962,-0.012013536379018586,42285.0,10070.0,-0.7238264159867566,0.15968222442899702,0.9694544639484639,0.86094404527218,-0.03930467545812644,0
2021-03-30,11500.0,11849.0,11481.0,11639.0,17789031023,1546046,501,11715.0,11481.0,26.922115691188125,-402.34654579361086,-456.27696337511946,12420.383172390337,11590.216827609662,12005.3,13474.08,0.841712300026119,-0.0472199170124481,-0.039969897148591005,-0.01686932693954446,42285.0,10070.0,-0.7284852784675416,0.14011916583912612,0.9563276219669646,0.8520804388871077,-0.022994512673112144,0
2021-03-31,11407.0,11698.0,11407.0,11554.0,24895022605,2169926,519,11639.0,11407.0,25.860382633575995,-410.029615335965,-447.0274937672886,12429.48948761058,11492.51051238942,11961.0,13368.36,1.1168052967815714,-0.0365709459459459,-0.04599816007359703,-0.006445431582614791,42285.0,10070.0,-0.7302353080288518,0.13277060575968222,0.9536828024412675,0.8532834244439856,-0.017182431840098156,0
2021-04-03,11323.0,11423.0,11323.0,11542.0,2536827843,223924,99,11554.0,11323.0,24.670990689978765,-418.07726679694497,-441.2374483732199,12432.161414698101,11393.138585301898,11912.65,13244.74,0.11476533261184307,-0.05633802816901412,-0.05278567843399695,-0.007363899360042114,42285.0,10070.0,-0.7322218280714201,0.12442899702085403,0.9505021972441061,0.8549054190569237,-0.009979687362006495,0
2021-04-04,11312.0,11323.0,11312.0,11447.0,20195249029,1785283,137,11542.0,11312.0,24.512001752320998,-420.49548641113506,-437.089055980803,12415.931331207516,11311.968668792486,11863.95,13128.78,0.875367543991585,-0.04297800338409474,-0.05267565530525087,-0.0009714739909917336,42285.0,10070.0,-0.7324819676008041,0.12333664349553128,0.9534767088532908,0.8616185205327532,-0.009105374823196621,0
2021-04-05,11219.0,11219.0,11219.0,11445.0,326899222,29138,23,11447.0,11219.0,23.15346539309958,-425.0169349816715,-434.6746317809767,12394.649409247662,11226.650590752337,11810.65,13015.56,0.014313020572695205,-0.03930467545812644,-0.05999162128194391,-0.00822135785007072,35000.0,10070.0,-0.6794571428571429,0.1141012909632572,0.9499053820069175,0.8619682902618098,-0.0008913450396648148,0
2021-04-06,11217.0,11217.0,11217.0,11439.0,1369517181,122093,36,11445.0,11217.0,23.123784079118565,-423.8754267679142,-432.5147907783642,12354.53458104177,11160.56541895823,11757.55,12912.68,0.07224061278225673,-0.022994512673112144,-0.06912863070539421,-0.00017826900793294076,35000.0,10070.0,-0.6795142857142857,0.11390268123138034,0.9540252858801367,0.8686810174185374,-0.0007132031737541178,0
2021-04-07,11211.0,11211.0,11211.0,11438.0,154240938,13758,12,11439.0,11211.0,23.02840854447726,-418.62922601049104,-429.73767782478956,12344.003176524755,11088.696823475246,11716.35,12817.76,0.008151429118886088,-0.017182431840098156,-0.05312499999999998,-0.0005349023803156161,35000.0,10070.0,-0.6796857142857143,0.11330685203574975,0.9568679665595514,0.8746458039470235,-0.0003567924360003971,0
2021-04-10,11210.0,11210.0,11210.0,11437.0,234614090,20929,7,11438.0,11210.0,23.011373077358186,-409.8280234112535,-425.7557469420824,12322.358915402308,11028.24108459769,11675.3,12704.96,0.012402505971102321,-0.009979687362006495,-0.06575547962330197,-8.919810900009928e-05,35000.0,10070.0,-0.6797142857142857,0.11320754716981132,0.9601466343477256,0.8823325693272549,-0.0003568242640499264,0
2021-04-11,11209.0,11209.0,11209.0,11437.0,24895189,2221,4,11437.0,11209.0,22.993055354280244,-398.3418615638584,-420.2729698664376,12290.369843844092,10978.230156155907,11634.3,12575.72,0.0013603986721504435,-0.009105374823196621,-0.05169204737732658,-8.92060660124816e-05,35000.0,10070.0,-0.6797428571428571,0.11310824230387288,0.9634442983247811,0.8913207355125592,-0.0002676420733339624,0
2021-04-12,11209.0,11209.0,11209.0,11437.0,11209000,1000,2,11437.0,11209.0,22.993055354280244,-384.80322351745053,-413.1790205966402,12259.243737711176,10933.856262288822,11596.55,12466.94,0.0006140496336932964,-0.0008913450396648148,-0.040160986470285986,0.0,35000.0,10070.0,-0.6797428571428571,0.11310824230387288,0.9665805778442728,0.8990979342164155,-0.00044607012222319664,0
2021-04-13,11209.0,11209.0,11209.0,11435.0,352780857,31473,17,11437.0,11209.0,22.993055354280244,-369.81080654641664,-404.5053777865955,12220.338885436317,10897.761114563682,11559.05,12362.88,0.019324227354787546,-0.0007132031737541178,-0.023691316087448788,0.0,35000.0,10070.0,-0.6797428571428571,0.11310824230387288,0.9697163694248231,0.9066657607288917,-0.00044607012222319664,0
2021-04-14,11207.0,11207.0,11207.0,11434.0,195965602,17486,7,11435.0,11207.0,22.94742572144773,-354.0097869076162,-394.4062596107997,12173.311451761,10869.788548239,11521.55,12264.7,0.010752512621950025,-0.0003567924360003971,-0.01753309371438594,-0.00017842804888923425,35000.0,10070.0,-0.6798,0.11290963257199603,0.9726989858135408,0.9137606301010216,-0.010439903631658809,0
2021-04-17,11206.0,11206.0,11206.0,11434.0,73948394,6599,5,11434.0,11206.0,22.922930852437275,-337.67554318026487,-383.0601163246928,12117.955735223028,10850.344264776972,11484.15,12181.02,0.004084795248787027,-0.0003568242640499264,-0.010332950631458115,-8.92299455697021e-05,35000.0,10070.0,-0.6798285714285714,0.1128103277060576,0.9757796615335049,0.9199558000889909,-0.010351597358557951,0
2021-04-18,11206.0,11206.0,11206.0,11432.0,504662210,45035,7,11434.0,11206.0,22.922930852437275,-321.02990444025636,-370.6540739478055,12055.70794833012,10839.092051669879,11447.4,12104.94,0.027921910782504496,-0.0002676420733339624,-0.009370579915134347,0.0,35000.0,10070.0,-0.6798285714285714,0.1128103277060576,0.9789122420811713,0.9257377566514167,-0.010351597358557951,0
2021-04-19,11204.0,11204.0,11204.0,11432.0,5153840,460,1,11432.0,11204.0,22.866315176562367,-304.48953329705364,-357.42116581765515,11984.42903553181,10837.27096446819,11410.85,12033.52,0.0002858385899930333,-0.00044607012222319664,-0.0013370175594973333,-0.0001784758165268574,35000.0,10070.0,-0.6798857142857143,0.11261171797418074,0.9818725160702314,0.9310658892826039,-0.010264191360228492,0
2021-04-20,11204.0,11204.0,11204.0,11432.0,27427392,2448,4,11432.0,11204.0,22.866315176562367,-288.06058686523284,-343.54905002717067,11867.238870942192,10869.861129057806,11368.55,11971.84,0.0021962598627588794,-0.00044607012222319664,-0.0011589551573504275,0.0,35000.0,10070.0,-0.6798857142857143,0.11261171797418074,0.9855258586187333,0.9358628247621084,-0.010264191360228492,0
2021-04-21,11090.0,11090.0,11090.0,11432.0,20006360,1804,3,11432.0,11090.0,19.656900631004774,-281.00018055124383,-331.03927613198533,11793.792466174866,10868.307533825133,11331.05,11919.78,0.002343916623611491,-0.010439903631658809,-0.010792971189010792,-0.010174937522313465,35000.0,10070.0,-0.6831428571428572,0.1012909632571996,0.9787265963878017,0.9303862990759896,-0.00018034265103694658,0
2021-04-24,11090.0,11090.0,11090.0,11432.0,10579860,954,2,11432.0,11090.0,19.656900631004774,-272.2662419228891,-319.2846692901661,11643.730367326754,10927.469632673246,11285.6,11866.54,0.0015303603276703584,-0.010351597358557951,-0.01070472792149868,0.0,35000.0,10070.0,-0.6831428571428572,0.1012909632571996,0.9826681789182675,0.934560537443939,-0.00027051397655541987,0
2021-04-25,11090.0,11090.0,11090.0,11431.0,118707360,10704,3,11432.0,11090.0,19.656900631004774,-262.32066331750866,-307.8918680956346,11520.141620423128,10978.058379576873,11249.1,11829.68,0.02698598060155744,-0.010351597358557951,-0.010616468908912435,0.0,35000.0,10070.0,-0.6831428571428572,0.1012909632571996,0.9858566463094826,0.937472526729379,-0.0007213706041478973,0
2021-04-26,11089.0,11089.0,11089.0,11431.0,15934893,1437,2,11431.0,11089.0,19.62672012203423,-251.61890613873402,-296.6372757042545,11415.429748701426,11023.870251298573,11219.65,11804.26,0.0047640217891835816,-0.010264191360228492,-0.010705682933357163,-9.017132551847329e-05,35000.0,10070.0,-0.6831714285714285,0.10119165839126117,0.9883552517235387,0.9394066209995374,-0.0006312561998377264,0
2021-04-27,11089.0,11089.0,11089.0,11430.0,94544814,8526,12,11431.0,11089.0,19.62672012203423,-240.3668866267144,-285.3831978887465,11362.980015655781,11037.119984344217,11200.05,11765.04,0.03793381292659411,-0.010264191360228492,-0.010705682933357163,0.0,35000.0,10070.0,-0.6831714285714285,0.10119165839126117,0.9900848656925639,0.9425382319142136,-0.0007214356569573699,0
2021-04-28,11088.0,11088.0,11088.0,11429.0,114417072,10319,4,11430.0,11088.0,19.591833736928024,-228.89175012440137,-274.0849083358775,11323.649131138796,11044.550868861204,11184.1,11730.82,0.08836307384298021,-0.00018034265103694658,-0.010618363522798213,-9.017945711964348e-05,35000.0,10070.0,-0.6832,0.10109235352532274,0.9914074444970985,0.9452024666647345,-0.0007215007215006786,0
2021-05-01,11087.0,11087.0,11087.0,11424.0,721763700,65100,8,11429.0,11087.0,19.554402216460602,-217.37257764966125,-262.74244219863425,11302.469274414481,11042.130725585517,11172.3,11703.16,0.5981347567286714,-0.00027051397655541987,-0.010619311083348237,-9.018759018764033e-05,35000.0,10070.0,-0.6832285714285714,0.10099304865938431,0.9923650456933667,0.947350971874263,-0.000721565797781154,0
2021-05-02,11082.0,11082.0,11082.0,11424.0,11746920,1060,2,11424.0,11082.0,19.355281447623383,-206.2692649968085,-251.4478067582691,11279.72283212904,11041.877167870958,11160.8,11672.72,0.054006684600961925,-0.0007213706041478973,-0.011065500624665381,-0.0004509786236132074,35000.0,10070.0,-0.6833714285714285,0.10049652432969215,0.99293957422407,0.949393114886676,-0.0002707092582566739,0
2021-05-03,11082.0,11082.0,11082.0,11423.0,146891910,13255,9,11424.0,11082.0,19.355281447623383,-195.21944152238757,-240.2021337110928,11274.446431489037,11033.453568510964,11153.95,11645.64,0.7038158981152814,-0.0006312561998377264,-0.010888968225633677,0.0,35000.0,10070.0,-0.6833714285714285,0.10049652432969215,0.9935493704024134,0.9516007707605594,-0.14275401552066413,0
2021-05-05,11081.0,11081.0,11081.0,11422.0,139753572,12612,4,11423.0,11081.0,19.30967289441442,-184.41722151795693,-229.04515127246566,11267.99581085661,11026.30418914339,11147.15,11620.74,0.9440826409162363,-0.0007214356569573699,-0.010978222063548704,-9.02364194188543e-05,35000.0,10070.0,-0.6834,0.10039721946375373,0.994065747747182,0.9535537323784888,-0.146918148181572,0
2021-05-08,11080.0,11080.0,11080.0,11421.0,72828840,6573,6,11422.0,11080.0,19.260795762428245,-173.9320950584388,-218.02254002966032,11261.092987354416,11020.107012645585,11140.6,11596.0,0.5056251081751573,-0.0007215007215006786,-0.0009017132551848439,-9.024456276507387e-05,35000.0,10070.0,-0.6834285714285714,0.1002979145978153,0.9945604366012603,0.955501897205933,-0.148014440433213,0
2021-05-09,11079.0,11079.0,11079.0,11421.0,11466765,1035,2,11421.0,11079.0,19.208434819460848,-163.8148923330773,-207.18101049034374,11252.972621908495,11015.127378091503,11134.05,11571.5,0.0862137183935094,-0.000721565797781154,-0.0009918845807033172,-9.025270758122872e-05,35000.0,10070.0,-0.6834571428571429,0.10019860973187686,0.9950557074918831,0.957438534330035,-0.14820832205072665,0
2021-05-10,11079.0,11079.0,11079.0,11420.0,148768812,13428,15,11421.0,11079.0,19.208434819460848,-154.02147262137805,-196.5491029165506,11243.550818969483,11011.549181030516,11127.55,11547.08,1.0686488293249718,-0.0002707092582566739,-0.0009918845807033172,0.0,35000.0,10070.0,-0.6834571428571429,0.10019860973187686,0.9956369551248928,0.9594633448456233,-0.14856936546619726,0
2021-05-15,10000.0,10000.0,9500.0,9950.0,22216601500,2232883,163,11360.0,9500.0,3.213003666060544,-270.55344894274094,-211.34997212178868,11758.135166735257,10326.064833264743,11042.1,11491.18,17.983981095292307,-0.14275401552066413,-0.14329515736315268,-0.1425218882570629,35000.0,9500.0,-0.7285714285714285,0.0,0.8603435940627235,0.8267210155963095,-0.007894736842105288,0
2021-05-16,9453.0,9453.0,9453.0,9936.0,358230888,37896,26,9950.0,9453.0,3.129467445584609,-362.5194879530063,-241.58387528803223,11944.929920808767,9963.670079191232,10954.3,11434.36,0.304432735355762,-0.146918148181572,-0.14753359184777703,-0.004947368421052589,35000.0,9453.0,-0.7299142857142857,0.0,0.8629487963630721,0.8267187669445425,-0.00423146091187987,0
2021-05-17,9440.0,9440.0,9440.0,9933.0,78465280,8312,8,9936.0,9440.0,3.1054175177637546,-431.47841324078763,-279.56278287858333,12047.463516639395,9684.436483360607,10865.95,11377.3,0.0670203673541791,-0.148014440433213,-0.14862914862914867,-0.0013752247963609854,35000.0,9440.0,-0.7302857142857143,0.0,0.8687689525536193,0.8297223418561522,-0.003389830508474523,0
2021-05-18,9437.0,9437.0,9437.0,9929.0,88235950,9350,4,9933.0,9437.0,3.09949785093373,-480.8282445831701,-319.8158752195007,12100.35048285949,9454.64951714051,10777.5,11320.24,0.07530632963795375,-0.14820832205072665,-0.14882294579236943,-0.00031779661016950733,35000.0,9437.0,-0.7303714285714286,0.0,0.8756205056831362,0.8336395694790923,-0.0033909081275829145,0
2021-05-19,9433.0,9433.0,9433.0,9921.0,189952321,20137,7,9929.0,9433.0,3.0910371778477526,-514.3322065228367,-358.71914148016793,12118.294545969373,9259.405454030628,10688.85,11263.18,0.16382912858638088,-0.14856936546619726,-0.14879985562172893,-0.0004238635159479198,35000.0,9433.0,-0.7304857142857143,0.0,0.8825084082946247,0.8375077020876874,-0.044948584755645116,0
2021-05-22,9425.0,9425.0,9425.0,9908.0,362834225,38497,6,9921.0,9425.0,3.0729701548913937,-535.3585903043659,-394.04703124500753,12109.221291177457,9090.578708822542,10599.9,11205.98,0.30842877343940905,-0.007894736842105288,-0.14952174697707998,-0.0008480865048234865,35000.0,9425.0,-0.7307142857142858,0.0,0.8891593316918085,0.841068786487215,-0.04084880636604771,0
2021-05-23,9413.0,9413.0,9413.0,9903.0,150570348,15996,4,9908.0,9413.0,3.0442269404370137,-546.688565172466,-424.57533803049927,12077.108727437504,8943.591272562497,10510.35,11148.66,0.12746436280966644,-0.00423146091187987,-0.15052793069217585,-0.0012732095490716189,35000.0,9413.0,-0.7310571428571428,0.0,0.8955933912762182,0.8443167160896466,-0.02167215552958679,0
2021-05-24,9408.0,9408.0,9408.0,9899.0,117637632,12504,3,9903.0,9408.0,3.031503384835986,-549.7341173890982,-449.60709390221905,12039.407757319967,8813.092242680033,10426.25,11096.12,0.09921533870405916,-0.003389830508474523,-0.1509025270758123,-0.0005311802825879175,35000.0,9408.0,-0.7312,0.0,0.9023378491787556,0.8478639380251836,-0.06845238095238093,0
2021-05-25,9405.0,9405.0,9405.0,9405.0,47353648320,5034944,476,9899.0,9405.0,3.0233384229051836,-546.0947737709139,-468.90462987595805,11983.45155274275,8700.54844725725,10342.0,11043.6,13.329535189834811,-0.0033909081275829145,-0.1510966693744923,-0.0003188775510204467,35000.0,9405.0,-0.7312857142857143,0.0,0.9093985689421775,0.85162447028143,-0.08452950558213712,0
2021-05-26,8935.0,9100.0,8935.0,8955.0,214679966847,23973056,3899,9405.0,9009.0,2.1862734042408505,-568.6098775028677,-488.84567940134,11939.283180185936,8536.616819814066,10237.95,10983.2,15.212816480798251,-0.044948584755645116,-0.18683996750609255,-0.04210526315789476,35000.0,9009.0,-0.7426,0.0,0.8799613203815216,0.820252749654017,-0.008658008658008698,0
2021-05-29,9104.0,9402.0,9030.0,9209.0,81658414383,8866776,2445,8955.0,9040.0,4.4172908010184955,-577.2970969224552,-506.5359629055631,11866.02310010632,8404.97689989368,10135.5,10924.72,4.391421490313358,-0.04084880636604771,-0.04842105263157892,0.0034410034410035095,35000.0,9009.0,-0.7417142857142857,0.003441003441003441,0.891914557742588,0.827481161988591,0.008738938053097334,0
2021-05-30,9050.0,9437.0,8811.0,9225.0,98695374520,10698257,2236,9209.0,9209.0,15.70520281708518,-564.0429571865479,-518.0373617617602,11758.827633272576,8324.172366727424,10041.5,10869.72,4.1894811617875085,-0.02167215552958679,-0.025811911562466983,0.018694690265486757,35000.0,9009.0,-0.7368857142857143,0.0222000222000222,0.9170940596524424,0.8472159356450765,-0.06808556846563141,0
2021-05-31,9330.0,9330.0,8764.0,8976.0,28307866535,3153803,658,9225.0,8764.0,11.765233632466135,-582.7293952032996,-530.975768450068,11658.093478750883,8192.506521249115,9925.3,10805.86,1.1634327867353884,-0.06845238095238093,-0.07161016949152543,-0.04832229340862204,35000.0,8764.0,-0.7496,0.0,0.8829959799703788,0.811041416416648,-0.031264262893655914,0
2021-06-01,8560.0,8976.0,8528.0,8583.0,58831799785,6854341,949,8976.0,8610.0,10.75928017864652,-603.0138763252162,-545.3833900250977,11538.490986851373,8064.409013148628,9801.45,10738.98,2.2471512242947123,-0.08452950558213712,-0.08763378192222104,-0.01757188498402551,35000.0,8610.0,-0.754,0.0,0.8784414550908284,0.8017521217098831,0.0,0
2021-06-02,8225.0,9010.0,8225.0,8740.0,45701583245,5229039,1091,8583.0,8931.0,25.129323641444216,-586.4274854512187,-553.592209110322,11365.611207117303,8022.188792882696,9693.9,10678.78,1.5789902793324395,-0.008658008658008698,-0.053217428177674164,0.03728222996515673,35000.0,8610.0,-0.7448285714285714,0.037282229965156795,0.9213010243555225,0.8363314910504758,0.004366812227074135,0
2021-06-07,8800.0,9145.0,8800.0,9033.0,28060488619,3106318,912,8740.0,9119.0,32.03228131479216,-551.7523645618912,-553.2242402006358,11156.782462827598,8034.717537172403,9595.75,10622.46,0.8961511952909508,0.008738938053097334,-0.032466843501326226,0.021050274325383533,33299.0,8610.0,-0.7261479323703415,0.05911730545876887,0.9503165463877238,0.8584640469345143,-0.029389187410900353,0
2021-06-08,9100.0,9480.0,8582.0,8936.0,45536742819,5095909,1029,9033.0,8582.0,24.9548008133941,-561.1350776592899,-554.8064076923666,10933.235174632227,8008.364825367771,9470.8,10553.1,1.3697013269379825,-0.06808556846563141,-0.08828216296611069,-0.05888803596885628,31720.0,8582.0,-0.7294451450189156,0.0,0.9061536512227056,0.813220759776748,-0.01771148916336518,0
2021-06-09,8510.0,8670.0,8490.0,8510.0,23786763106,2795230,678,8936.0,8490.0,23.97736014839498,-569.4305357537269,-557.7312333046386,10662.710019638718,8019.88998036128,9341.3,10486.1,0.7241743216971809,-0.031264262893655914,-0.09757653061224492,-0.010720111862036807,31181.0,8490.0,-0.727718803117283,0.0,0.9088670741759713,0.8096432420060842,0.0,0
2021-06-12,8560.0,8717.0,8331.0,8557.0,30165310753,3525415,873,8510.0,8610.0,27.94193821449724,-559.8679398362201,-558.1585746109549,10307.897939313498,8127.802060686504,9217.85,10418.32,0.8734696924538291,0.0,-0.08452950558213712,0.014134275618374659,31181.0,8490.0,-0.7238703056348418,0.014134275618374558,0.9340572910168857,0.8264288292162268,-0.025551684088269466,0
2021-06-13,8721.0,8984.0,8601.0,8851.0,29318691291,3312309,906,8557.0,8970.0,38.332034794188985,-517.2776673671069,-549.9823931621854,9793.01425198243,8431.78574801757,9112.4,10361.32,0.7884481507783557,0.004366812227074135,-0.0043290043290042934,0.04181184668989557,31181.0,8490.0,-0.7123248131875181,0.05653710247349823,0.984372942364251,0.8657198117614359,-0.10379041248606469,0
2021-06-14,9199.0,9199.0,8409.0,8861.0,47787299612,5392828,756,8851.0,8851.0,36.460537437046256,-487.5071955765816,-537.4873536450647,9745.264203968023,8414.635796031978,9079.95,10304.78,1.237157897754161,-0.029389187410900353,-0.02090707964601768,-0.013266443701226316,31085.0,8490.0,-0.715264597072543,0.0425206124852768,0.9747851034421995,0.8589217819303274,-0.05773358942492379,0
2021-06-15,8865.0,9050.0,8418.0,8662.0,24721586871,2853924,612,8861.0,8430.0,30.7420631502209,-492.21115989367354,-528.4321148947865,9727.96481604955,8329.635183950448,9028.8,10243.76,0.6342268618118093,-0.01771148916336518,-0.0845911608209361,-0.047565246864761046,31085.0,8430.0,-0.7288081068039247,0.0,0.9336788942052101,0.8229400142135309,-0.029062870699881338,0
2021-06-16,8229.0,9010.0,8229.0,8701.0,64387403380,7400103,1329,8662.0,8490.0,32.3700467730129,-485.5010332487309,-519.8458985655755,9691.265097734813,8271.334902265186,8981.3,10185.42,1.519704085696317,0.0,-0.031264262893655914,0.007117437722419906,31085.0,8430.0,-0.7268779153932765,0.0071174377224199285,0.9452974513711824,0.8335444193759315,-0.017550058892815024,0
2021-06-19,8900.0,8900.0,8266.0,8462.0,23689267159,2799411,683,8701.0,8390.0,31.059627831089827,-482.6882441878952,-512.4143676900394,9651.087791561698,8206.812208438303,8928.95,10126.76,0.5588829340803524,-0.025551684088269466,-0.025551684088269466,-0.011778563015312105,31085.0,8390.0,-0.7300949010776902,0.0,0.9396401592572474,0.8284979598608044,-0.0307508939213349,0
2021-06-20,8540.0,8540.0,8039.0,8115.0,36206679650,4461697,895,8462.0,8039.0,26.937545546699724,-502.9837713432171,-510.5282484206749,9640.044179026463,8078.455820973538,8859.25,10061.3,0.8529309453608537,-0.10379041248606469,-0.09987683350128762,-0.04183551847437428,31085.0,8039.0,-0.7413865208299824,0.0,0.9074131557411744,0.7990021170226512,0.04055230750093286,0
2021-06-21,8170.0,8389.0,7900.0,8183.0,33472678038,4090417,840,8115.0,8340.0,34.91468988617565,-489.1414205806541,-506.25088285267077,9571.666028986292,8038.333971013708,8805.0,10003.72,0.7527986185473965,-0.05773358942492379,-0.08542603355631095,0.037442467968652915,31085.0,8039.0,-0.731703393919897,0.03744246796865282,0.9471890971039182,0.8336898673693387,-0.003597122302158251,0
2021-06-22,8449.0,8449.0,8100.0,8189.0,26754962868,3267053,759,8183.0,8185.0,32.92135278074937,-485.086685133283,-502.01804330879327,9502.312172039972,7984.8878279600285,8743.6,9943.08,0.5838019442844689,-0.029062870699881338,-0.046259613143789347,-0.018585131894484408,31085.0,8039.0,-0.7366897217307383,0.018161462868515985,0.9361132714213825,0.823185572277403,-0.0030543677458766405,0
2021-06-23,8200.0,8440.0,8020.0,8250.0,31049171494,3763324,1079,8189.0,8341.0,36.830292826513606,-463.93740026559135,-494.4019147001529,9403.265532791265,7977.234467208734,8690.25,9885.68,0.6506767276638132,-0.017550058892815024,-0.017550058892815024,0.01905925473427006,31085.0,8039.0,-0.731671224063053,0.03756686154994402,0.9598112827594143,0.8437457008521416,-0.021340366862486526,0
2021-06-26,8427.0,8427.0,8035.0,8235.0,24542554922,2980173,774,8250.0,8132.0,33.973848094199354,-458.75277650582575,-487.2720870612875,9299.162978464929,7954.037021535073,8626.6,9824.12,0.5245888371000923,-0.0307508939213349,-0.055516840882694596,-0.02505694760820043,31085.0,8039.0,-0.7383947241434775,0.0115686030600821,0.9426657083903276,0.8277586185836492,0.045376291195277974,0
2021-06-27,8270.0,8490.0,8040.0,8346.0,56112512530,6723332,1042,8235.0,8365.0,39.59810957103748,-430.87590288770843,-475.9928502265717,9252.14961801708,7936.650381982919,8594.4,9767.24,1.3953213220356004,0.04055230750093286,-0.06744704570791527,0.02865223807181505,31085.0,8039.0,-0.7308991474987936,0.04055230750093295,0.9733082006888206,0.8564343663102371,-0.008129109384339528,0
2021-06-28,8200.0,8550.0,7929.0,8213.0,35788095581,4357532,1178,8346.0,8310.0,38.75882058958778,-408.5122451767875,-462.4967292166149,9193.329272225961,7922.470727774037,8557.9,9709.26,0.9487290036736716,-0.003597122302158251,-0.061123036944978004,-0.006575014943215773,31085.0,8039.0,-0.7326684896252211,0.033710660529916656,0.9710326131410744,0.8558839705600633,0.048134777376654725,0
2021-06-29,8479.0,8479.0,8090.0,8249.0,26515842458,3214497,1019,8213.0,8160.0,36.48742126509527,-398.3012626947075,-449.65763591223345,9088.240691416411,7922.65930858359,8505.45,9648.28,0.761939899134423,-0.0030543677458766405,-0.03202846975088969,-0.018050541516245522,31085.0,8039.0,-0.7374939681518418,0.01505162333623585,0.9593848649983245,0.8457465993938815,0.03921568627450989,0
2021-06-30,8300.0,8300.0,8013.0,8097.0,21685555331,2678114,853,8249.0,8163.0,36.56748752309356,-385.5228432264721,-436.8306773750812,9063.717737282854,7887.082262717145,8475.4,9587.4,0.638398847517441,-0.021340366862486526,-0.038515901060070634,0.00036764705882363913,31085.0,8039.0,-0.7373974585813093,0.015424804080109466,0.9631403827547963,0.8514300018774642,0.018743109151047488,0
2021-07-03,8025.0,8501.0,8025.0,8449.0,80201863680,9493018,1693,8097.0,8501.0,44.98276893302157,-344.15487534421845,-418.2955169689087,9055.190625727246,7884.709374272755,8469.95,9533.3,2.193911985516279,0.045376291195277974,0.013230035756853331,0.04140634570623547,31085.0,8039.0,-0.726524046967991,0.05746983455653688,1.0036659012154734,0.8917164046028133,-0.012351488060228233,0
2021-07-04,8550.0,8640.0,8201.0,8462.0,28653879931,3386075,966,8449.0,8297.0,41.41185361995401,-324.0955856889577,-399.4555307129185,8987.755186510209,7888.744813489792,8438.25,9475.12,0.7995768051306946,-0.008129109384339528,0.03209354397313091,-0.02399717680272906,31085.0,8039.0,-0.733086697764195,0.03209354397313099,0.9832607471928421,0.8756617330440142,0.0039773412076653525,0
2021-07-05,8252.0,8885.0,8252.0,8717.0,40929441994,4695589,1020,8462.0,8710.0,50.05598545062283,-271.7403520765565,-373.91249498564616,8889.359794725566,7946.240205274433,8417.8,9425.24,1.0883785830717516,0.048134777376654725,0.04436450839328532,0.04977702784138849,31085.0,8039.0,-0.7198005468875663,0.08346809304639881,1.0347121575708618,0.9241143992089327,-0.06199770378874858,0
2021-07-06,8800.0,8800.0,8320.0,8586.0,35670291814,4154418,1147,8717.0,8480.0,45.98680173390273,-245.97211660158064,-348.32441930883306,8879.225497697198,7946.1745023028025,8412.7,9370.76,0.9735647864379806,0.03921568627450989,0.036041539401344025,-0.02640642939150406,31085.0,8039.0,-0.7271996139617178,0.05485756934942157,1.0079998098113565,0.9049426087104995,-0.04245283018867929,0
2021-07-07,8441.0,8639.0,8230.0,8392.0,23683086481,2822226,723,8586.0,8316.0,43.28478963823055,-236.06284816276457,-325.87210507961936,8870.924405018219,7937.07559498178,8404.0,9315.28,0.6611638515473351,0.018743109151047488,-0.0029972425368660627,-0.019339622641509457,31085.0,8039.0,-0.7324754704841564,0.03445702201766389,0.9895287958115183,0.8927267886740924,0.026575276575276474,0
2021-07-10,8580.0,8580.0,8110.0,8339.0,18944032692,2271641,707,8392.0,8396.0,44.98296329520148,-219.22723501938526,-304.5431310675725,8850.55927000075,7936.04072999925,8393.3,9261.4,0.5401102296198584,-0.012351488060228233,0.03246433841613383,0.00962000962000964,31085.0,8039.0,-0.7299018819366254,0.044408508520960316,1.0003216851536345,0.9065584036970653,0.04240114340161982,0
2021-07-11,8396.0,8499.0,8200.0,8348.0,30147780204,3611586,871,8339.0,8330.0,43.81731653440577,-208.80358101794445,-285.39522105764695,8734.495444776081,7988.1045552239175,8361.3,9206.2,0.8556541447513424,0.0039773412076653525,-0.004184100418409997,-0.007860886136255352,31085.0,8039.0,-0.7320250924883385,0.036198532155740766,0.9962565629746571,0.9048250092329082,0.020408163265306145,0
2021-07-12,8400.0,8439.0,8151.0,8283.0,22821869105,2755424,707,8348.0,8170.0,41.04082883974442,-211.02090530720852,-270.5203579075593,8633.836284757843,8020.663715242157,8327.25,9147.82,0.6738662331173877,-0.06199770378874858,-0.016847172081829176,-0.019207683073229287,31085.0,8039.0,-0.7371722695834003,0.016295559149147903,0.9811162148368309,0.8931089592930338,0.05263157894736836,1
2021-07-13,8153.0,8379.0,8120.0,8204.0,30711614362,3743282,726,8283.0,8120.0,40.183915443147214,-214.34193253888589,-259.28467283382463,8627.207049376959,7996.292950623042,8311.75,9088.44,0.9056081444497539,-0.04245283018867929,-0.004901960784313708,-0.006119951040391647,31085.0,8039.0,-0.7387807624256072,0.010075880084587636,0.9769302493458056,0.8934426590261915,0.044334975369458185,0
2021-07-14,8399.0,8540.0,8161.0,8446.0,35999472128,4262186,1087,8204.0,8537.0,49.62984734907271,-181.23627658035366,-243.67499358313046,8635.478219550761,7992.72178044924,8314.1,9037.42,1.0718301713690366,0.026575276575276474,0.04581648903589364,0.051354679802955605,31085.0,8039.0,-0.725365932121602,0.06194800348302028,1.0268098771965697,0.9446280022395772,-0.048026238725547565,0
2021-07-17,8665.0,8868.0,8665.0,8837.0,79055050183,8946341,1702,8446.0,8752.0,53.69039828865163,-136.08242901648737,-222.15648066980185,8705.258494075148,7959.141505924853,8332.2,8990.72,2.0883654687015354,0.04240114340161982,0.029525938124926432,0.025184491039006662,31085.0,8039.0,-0.7184494129001125,0.08869262346062944,1.050382852067881,0.9734481776765377,-0.07198354661791595,0
2021-07-18,8601.0,8865.0,8396.0,8501.0,34922559790,4108279,1005,8837.0,8500.0,48.73167577312797,-119.25725011013492,-201.5766345578685,8709.489396456149,8001.01060354385,8355.25,8939.08,0.9629774948479926,0.020408163265306145,0.024466674701699498,-0.028793418647166336,31085.0,8039.0,-0.7265562168248352,0.05734544097524568,1.0173244367313965,0.9508808512732854,-0.05105882352941171,0
2021-07-19,8689.0,8730.0,8390.0,8519.0,40682417975,4775626,1102,8501.0,8600.0,50.67835707720943,-96.73886492584097,-180.609080631463,8738.038520646081,7998.461479353919,8368.25,8889.44,1.1104852386676873,0.05263157894736836,-0.012629161882893203,0.0117647058823529,31085.0,8039.0,-0.7233392311404214,0.06978479910436622,1.0276939622979715,0.9674400187188393,-0.04767441860465116,0
2021-07-26,8570.0,8749.0,8390.0,8554.0,25385955975,2967730,915,8519.0,8480.0,48.307911820889466,-87.56646781648305,-162.000558068467,8745.842665630184,8020.1573343698155,8383.0,8837.42,0.6925017833018219,0.044334975369458185,0.0,-0.013953488372092981,31085.0,8039.0,-0.7271996139617178,0.05485756934942157,1.0115710366217345,0.9595560695316053,-0.04257075471698113,0
2021-07-27,8620.0,8620.0,8127.0,8214.0,26236076699,3193996,854,8554.0,8127.0,42.07351624863829,-107.54175249927721,-151.10879695462907,8751.709066841604,7992.890933158395,8372.3,8778.36,0.7502833092350912,-0.048026238725547565,-0.022727272727272707,-0.04162735849056609,31085.0,8039.0,-0.7385555734276983,0.010946635153626073,0.9707010021141145,0.9257993520429784,-0.031622985111357194,0
2021-07-28,8100.0,8290.0,8100.0,8138.0,19526768507,2399380,595,8214.0,8122.0,41.99085332288805,-122.36521767811428,-145.36008109932612,8752.498620961012,7991.101379038986,8371.8,8719.22,0.5674958093796104,-0.07198354661791595,-0.032634587898999534,-0.0006152331733727534,31085.0,8039.0,-0.738716422711919,0.010324667247170046,0.9701617334384482,0.931505341074087,-0.06426988426495939,0
2021-07-31,8160.0,8360.0,7940.0,8118.0,25204287608,3104734,832,8138.0,8066.0,41.01880539800076,-137.0518047250298,-143.69842582446688,8760.249194349242,7953.450805650758,8356.85,8658.96,0.7671533949248442,-0.05105882352941171,-0.031692677070828346,-0.006894853484363472,31085.0,8039.0,-0.7405179346951906,0.003358626694862545,0.9651962162776644,0.9315206445115811,-0.10178527151004213,0
2021-08-01,8100.0,8290.0,8001.0,8156.0,20075306804,2461495,708,8118.0,8190.0,44.10433317390747,-137.10480819796794,-142.3797022991671,8760.381085513198,7941.318914486803,8350.85,8632.76,0.6228035078014489,-0.04767441860465116,0.00244798041615657,0.015373171336473979,31085.0,8039.0,-0.7365288724465177,0.01878343077497201,0.980738487698857,0.9487116518934848,-0.057264957264957284,0
2021-08-02,8000.0,8240.0,8000.0,8138.0,15193210904,1866896,521,8156.0,8119.0,42.72607603163075,-141.2477048426008,-142.15330280785383,8762.520968771969,7935.07903122803,8348.8,8606.08,0.48055165770213293,-0.04257075471698113,-0.00012315270935958633,-0.008669108669108638,30350.0,8039.0,-0.7324876441515651,0.00995148650329643,0.9724750862399387,0.9434028035993158,-0.022047050129326284,0
2021-08-03,8012.0,8199.0,7800.0,7958.0,23902189859,3003468,807,8138.0,7870.0,38.21566524391226,-162.7471514463159,-146.27207253554627,8791.590826776117,7876.709173223882,8334.15,8574.68,0.7698891319641457,-0.031622985111357194,-0.07813049080473233,-0.030668801576548832,30350.0,7870.0,-0.7406919275123558,0.0,0.9443074578691288,0.9178185075128168,0.02655654383735695,0
2021-08-04,7690.0,8035.0,7561.0,7625.0,38424536426,5039199,1310,7958.0,7600.0,34.02167100758521,-199.27524036436807,-156.87270610131065,8839.882679467699,7738.317320532302,8289.1,8537.94,1.3699139281374906,-0.06426988426495939,-0.13162705667276053,-0.03430749682337997,30350.0,7600.0,-0.7495881383855024,0.0,0.9168667285953842,0.8901444610760909,0.0552631578947369,1
2021-08-07,7310.0,7630.0,7244.0,7354.0,43583578193,5926337,1332,7625.0,7245.0,29.445934395574,-253.9422588572661,-176.28661665250175,8950.860553223383,7522.139446776617,8236.5,8494.18,1.5573117865072703,-0.10178527151004213,-0.14764705882352946,-0.046710526315789425,30350.0,7245.0,-0.7612850082372323,0.0,0.879621198324531,0.8529369521248666,0.14962042788129737,1
2021-08-08,7299.0,7721.0,7070.0,7562.0,41622440263,5503979,1077,7354.0,7721.0,40.91981898966184,-255.90710515389765,-192.21071435278094,8900.37838861328,7473.721611386721,8187.05,8460.1,1.43112484540887,-0.057264957264957284,-0.10220930232558134,0.06570048309178733,28596.0,7245.0,-0.7299972024059309,0.06570048309178744,0.9430747338785033,0.9126369664661174,0.08781245952596817,1
2021-08-09,7850.0,7940.0,7600.0,7826.0,27809376899,3553456,774,7562.0,7940.0,45.32533148096053,-237.06010888882065,-201.18059325998888,8867.838238106298,7452.261761893702,8160.05,8430.64,0.9312325818401685,-0.022047050129326284,-0.06367924528301883,0.028364201528299438,27513.0,7245.0,-0.7114091520372188,0.09592822636300898,0.9730332534727115,0.9418027575605175,0.0710327455919395,1
2021-08-10,8016.0,8217.0,7868.0,8141.0,60752474489,7462438,1178,7826.0,8079.0,47.976919531764146,-208.50408493311807,-202.64529159461472,8853.077464529557,7443.322535470442,8148.2,8404.06,1.8435451906953668,0.02655654383735695,-0.005906238464377989,0.017506297229219037,26544.0,7245.0,-0.6956374321880651,0.11511387163561076,0.991507326771557,0.9613210757657609,0.06448817923010264,1
2021-08-11,8216.0,8330.0,7901.0,8059.0,41217773062,5114434,1180,8141.0,8020.0,46.93639688532595,-188.46156947001055,-199.8085471696939,8826.855776376982,7431.944223623018,8129.4,8376.36,1.2206247650812947,0.0552631578947369,-0.0125584831322334,-0.007302884020299549,26544.0,7245.0,-0.6978601567209162,0.1069703243616287,0.9865426722759367,0.9574564608015892,0.10311720698254367,1
2021-08-14,8080.0,8390.0,7860.0,8158.0,39047209782,4786635,984,8059.0,8329.0,52.71987319542472,-145.96146112176393,-189.0391299601079,8826.748386864796,7431.951613135205,8129.35,8362.76,1.126594235043436,0.14962042788129737,0.03260600049590878,0.03852867830423934,26005.0,7245.0,-0.6797154393385887,0.14962042788129745,1.0245591590963607,0.9959630552592684,0.0886060751590827,1
2021-08-15,8454.0,8454.0,8190.0,8354.0,32226853283,3857528,739,8158.0,8399.0,53.94448409485237,-105.41623137744773,-172.3145502435759,8847.943436653144,7433.656563346856,8140.8,8349.94,0.8962926734594586,0.08781245952596817,0.025518925518925428,0.008404370272541817,24981.0,7245.0,-0.6637844762019135,0.1592822636300897,1.031716784591195,1.0058754913208956,0.11013215859030834,1
2021-08-22,8400.0,8600.0,8400.0,8512.0,32700058920,3841672,874,8354.0,8504.0,55.79407594657028,-64.07263278714345,-150.6661667522894,8884.481607773185,7435.518392226816,8160.0,8335.84,0.89158942505547,0.0710327455919395,0.04741963295972407,0.012501488272413486,24981.0,7245.0,-0.6595812817741483,0.17377501725327812,1.0421568627450981,1.0201731319219178,0.03598306679209773,0
2021-08-23,8700.0,8700.0,8102.0,8426.0,49574315986,5883568,979,8512.0,8600.0,57.47558502662265,-23.292632378363123,-125.19145987750416,8894.67451086865,7431.625489131349,8163.15,8332.56,1.34026338040815,0.06448817923010264,0.09275730622617528,0.011288805268109048,24981.0,7245.0,-0.6557383611544774,0.18702553485162182,1.0535148808976926,1.0320957784882439,0.006976744186046435,0
2021-08-24,8670.0,8847.0,8500.0,8744.0,29587415174,3383894,787,8426.0,8847.0,61.530195403691984,28.62665719978031,-94.42783646204727,8915.709574692393,7420.090425307607,8167.9,8337.3,0.8229840175583205,0.10311720698254367,0.164078947368421,0.028720930232558173,24270.0,7245.0,-0.6354758961681087,0.22111801242236026,1.083142545819611,1.0611348997877013,-0.048264948570136745,0
2021-08-25,9110.0,9151.0,8660.0,8880.0,93074087886,10480974,1645,8744.0,9067.0,64.75374373086429,86.52779111769996,-58.23671094609783,9030.28977722985,7362.21022277015,8196.25,8340.02,2.3657097233111544,0.0886060751590827,0.25148378191856446,0.024867186616932324,24200.0,7245.0,-0.6253305785123967,0.2514837819185645,1.106237608662498,1.087167656672286,-0.014778868423955038,0
2021-08-28,9050.0,9324.0,9050.0,9273.0,45841641147,4943817,1017,8880.0,9324.0,68.11495888121729,151.40728018595473,-16.307912719687316,9187.511144640288,7277.388855359713,8232.45,8344.12,1.113777959108823,0.11013215859030834,0.2076155938349955,0.02834454615639137,24011.0,7245.0,-0.6116779809254091,0.28695652173913044,1.1325911484430515,1.1174335939559832,-0.004397254397254358,0
2021-08-29,9300.0,9650.0,8810.0,9115.0,54461711502,5974649,1581,9273.0,8810.0,56.50823308056113,159.51050062192735,18.85576994863562,9231.553373697454,7266.3466263025475,8248.95,8348.68,1.3019139400889814,0.03598306679209773,0.10957178841309823,-0.05512655512655518,24011.0,7245.0,-0.6330848361167798,0.21601104209799862,1.0680147170245908,1.0552566393729308,0.10317820658342791,1
2021-08-30,8670.0,8970.0,8660.0,8680.0,24525111898,2825492,515,9115.0,8660.0,53.63589484139012,152.07558215299468,45.499732389507436,9272.337959546849,7278.862040453151,8275.6,8352.08,0.6181745923178436,0.006976744186046435,0.07191484094566158,-0.017026106696935273,24011.0,7245.0,-0.639331972845779,0.19530710835058662,1.046449804243801,1.0368674629553356,0.14780600461893756,1
2021-08-31,8249.0,8900.0,8246.0,8508.0,29969338614,3522484,891,8680.0,8420.0,49.31651957017514,125.3721493678986,61.47421578518568,9286.517168527538,7294.482831472461,8290.5,8348.28,0.7613124108675533,-0.048264948570136745,0.04987531172069826,-0.02771362586605086,24011.0,7245.0,-0.6493273916121778,0.1621808143547274,1.0156202882817682,1.008590991198187,0.24976247030878862,1
2021-09-01,8200.0,8933.0,8200.0,8841.0,51093024971,5778827,1019,8508.0,8933.0,57.24273899019885,143.94499092524165,77.96837081319687,9361.962109646422,7305.737890353579,8333.85,8347.54,1.213895938885032,-0.014778868423955038,0.07251770920878853,0.06092636579572441,24011.0,7245.0,-0.6279621839990005,0.23298826777087647,1.0718935426003586,1.070135632773248,0.22579200716444636,1
2021-09-04,9100.0,9283.0,9030.0,9257.0,57692903587,6232098,1080,8841.0,9283.0,61.64937763966826,184.77619167899684,99.32993498635688,9493.53692246079,7283.463077539211,8388.5,8356.18,1.2592406213482887,-0.004397254397254358,0.10525062507441363,0.03918056643904633,24011.0,7245.0,-0.6133855316313357,0.28129744651483785,1.1066340823746796,1.1109143173076692,0.23516104707529895,1
2021-09-05,9310.0,9719.0,8940.0,9609.0,109061753544,11350341,1677,9257.0,9719.0,66.30771706366252,249.44136387434264,129.35222076395405,9707.461904176884,7229.538095823116,8468.5,8381.96,2.092898290319419,0.10317820658342791,0.14287394167450618,0.04696757513734795,24011.0,7245.0,-0.5952271875390446,0.3414768806073154,1.1476648757158883,1.159514003884533,0.11122543471550572,1
2021-09-06,9700.0,10089.0,9520.0,10022.0,94038744697,9383271,1641,9609.0,9940.0,68.40278444035187,314.89195332796953,166.46016727675715,9933.46964710992,7210.53035289008,8572.0,8410.96,1.6340743439512908,0.14780600461893756,0.15581395348837201,0.02273896491408589,24011.0,7245.0,-0.5860230727583191,0.3719806763285024,1.159589360709286,1.181791376965293,0.1622736418511066,1
2021-09-07,9960.0,10523.0,9690.0,10429.0,86235957787,8268795,1420,10022.0,10523.0,73.14660005033343,409.0895153975871,214.98603690092312,10248.013951468105,7188.286048531895,8718.15,8453.62,1.400604154883694,0.24976247030878862,0.1894427489544479,0.05865191146881288,24011.0,7245.0,-0.5617425346716088,0.45244996549344374,1.2070221319890115,1.2447921718742976,0.11688681934809475,1
2021-09-08,10850.0,10950.0,10523.0,10920.0,99597537330,9121043,1455,10429.0,10950.0,75.98986652856081,512.2917134248073,274.4471722057,10566.352242249186,7240.447757750812,8903.4,8511.84,1.5042613183647862,0.22579200716444636,0.20767618837542745,0.04057778200133044,23240.0,7245.0,-0.5288296041308089,0.5113871635610766,1.2298672417278793,1.286443354198387,0.11963470319634695,1
2021-09-11,10950.0,11466.0,10374.0,11309.0,235357919637,20811103,2800,10920.0,11466.0,78.89761206173023,628.4724473387269,345.25222723230536,11003.482901745887,7177.817098254111,9090.65,8574.36,3.0475374760430083,0.23516104707529895,0.22972972972972983,0.04712328767123286,22805.0,7245.0,-0.49721552291164217,0.5826086956521739,1.2612959469344878,1.3372426630092507,0.012035583464154787,0
2021-09-12,11318.0,11780.0,10744.0,11003.0,118063501815,10730430,2001,11309.0,10800.0,67.53003272217894,659.2069545665709,408.04317269915845,11207.658639799125,7259.641360200874,9233.65,8626.66,1.492893115299814,0.11122543471550572,0.22587968217934162,-0.058084772370486704,21760.0,7245.0,-0.5036764705882353,0.4906832298136646,1.1696349764177763,1.2519329613083163,0.047222222222222276,0
2021-09-13,10800.0,11553.0,10453.0,11194.0,111016946340,9917861,1971,11003.0,11553.0,72.37614860051896,735.8427427984534,473.6030867190175,11548.671300039205,7266.028699960796,9407.35,8690.9,1.356669794337303,0.1622736418511066,0.3340646651270207,0.06972222222222224,20683.0,7245.0,-0.4414253251462554,0.5946169772256729,1.228082297352602,1.3293214741856425,-0.06993854410109923,0
2021-09-14,11680.0,11753.0,11400.0,11688.0,37943281060,3246235,685,11194.0,11753.0,73.50714296856657,803.4537706975243,539.5732235147188,11865.865048809366,7322.134951190634,9594.0,8763.32,0.44980170079105264,0.11688681934809475,0.39584323040380043,0.017311520817103743,19744.0,7245.0,-0.4047305510534846,0.6222222222222222,1.2250364811340422,1.3411583737670199,-0.11503445928699052,0
2021-09-15,12272.0,12272.0,11800.0,12214.0,173925139610,14240318,2709,11688.0,12260.0,76.17063460252511,887.71364986976,609.2013087857272,12262.049421404257,7319.050578595741,9790.55,8841.22,1.8518643071529262,0.11963470319634695,0.3724392701220194,0.04313792223262136,19252.0,7245.0,-0.36318304591730727,0.6922015182884748,1.2522279136514294,1.3866864527746172,-0.15897226753670468,0
2021-09-18,12250.0,12700.0,11604.0,11905.0,68782091095,5777534,940,12214.0,11604.0,66.81114777649614,891.2823455190082,665.6175161323835,12456.000000000313,7445.599999999685,9950.8,8907.1,0.7420680139254425,0.012035583464154787,0.2500269309490466,-0.05350734094616638,19252.0,7245.0,-0.39725742779970913,0.601656314699793,1.1661373959882624,1.3027809275746314,-0.1305584281282316,0
2021-09-19,11310.0,11310.0,11310.0,11310.0,34446437220,3045662,223,11905.0,11310.0,63.07072688414692,860.4682769191986,704.5876682897465,12570.642207747547,7611.557792252454,10091.1,8970.1,0.3931956537944015,0.047222222222222276,0.16369996913262685,-0.025336091003102412,19252.0,7245.0,-0.4125285684604197,0.5610766045548654,1.1207896066831167,1.2608555088572033,-0.14358974358974363,0
2021-09-20,11000.0,11310.0,10745.0,10948.0,33509581548,3060872,636,11310.0,10745.0,56.521756967089466,781.4490690199855,719.9599484357943,12594.797476996226,7801.902523003775,10198.35,9021.74,0.4024929041386443,-0.06993854410109923,0.08098591549295775,-0.04995579133510164,19252.0,7245.0,-0.44187616870974444,0.4830917874396135,1.0536018081356298,1.1910119333964402,-0.1382038157282457,0
2021-09-21,10401.0,10401.0,10401.0,10853.0,2217399591,213191,43,10948.0,10401.0,52.91887184822866,683.1924352639617,712.6064458014279,12591.60509327711,7960.494906722888,10276.05,9059.74,0.02863065359000813,-0.11503445928699052,-0.011593652000380095,-0.03201489064681251,19252.0,7245.0,-0.459744442135882,0.43561076604554866,1.0121593413811727,1.1480461911710491,-0.3781367176233055,0
2021-09-22,10311.0,10311.0,10311.0,10619.0,5478275544,531304,51,10853.0,10311.0,51.98522330222885,591.2455861928465,688.3342738797116,12586.405677439081,8090.09432256092,10338.25,9100.02,0.07646019066391548,-0.15897226753670468,-0.058356164383561615,-0.008653014133256365,19120.0,7245.0,-0.46072175732217574,0.42318840579710143,0.997364157376732,1.1330744328034443,-0.34710503345941224,0
2021-09-25,10089.0,10590.0,10089.0,10195.0,70641398634,6929281,1129,10619.0,10089.0,49.657901903349526,494.76021343122375,649.6194617900142,12579.914668191524,8173.0853318084755,10376.5,9127.6,0.9831501300244548,-0.1305584281282316,-0.1200941915227629,-0.021530404422461458,19021.0,7245.0,-0.46958624677987487,0.39254658385093166,0.9722931624343468,1.1053288925895086,-0.368222816929329,0
2021-09-26,9686.0,9870.0,9686.0,9698.0,62410625163,6435536,850,10195.0,9686.0,45.66154889897234,381.37981923415646,595.9715332788426,12530.26114656208,8310.33885343792,10420.3,9151.72,0.9101201585233629,-0.14358974358974363,-0.1031481481481481,-0.03994449400336997,19021.0,7245.0,-0.4907733557646811,0.3369220151828847,0.9295317793153749,1.0583802826135416,-0.3289283501961594,0
2021-09-28,9214.0,9500.0,9214.0,9240.0,176526493867,19104359,2717,9698.0,9260.0,41.829367884324355,254.2199113107108,527.6212088852162,12474.61816669257,8425.981833307429,10450.3,9170.6,2.422865310960086,-0.1382038157282457,-0.19847658616809483,-0.04398100351022094,19021.0,7245.0,-0.5131696545922927,0.2781228433402346,0.886098963666115,1.009748544261008,-0.3255939524838013,0
2021-10-11,6468.0,6468.0,6468.0,6412.0,12881325996,1991547,87,6160.0,6468.0,26.268785028342748,-71.02753690635654,407.89145972690164,12883.92105711879,7821.47894288121,10352.7,9132.04,0.2550492410789684,-0.3781367176233055,-0.44967242406194163,-0.301511879049676,19021.0,6468.0,-0.6599547868145733,0.0,0.6247645541742733,0.708275478425412,-0.07869511440940014,0
2021-10-12,6732.0,6732.0,6421.0,6709.0,357718588064,53317985,4563,6412.0,6732.0,28.959834725417124,-303.9817765418775,265.5168124731458,13171.373290104677,7313.926709895322,10242.65,9100.08,5.234726619472036,-0.34710503345941224,-0.4508972267536705,0.04081632653061229,19021.0,6468.0,-0.6460753903580253,0.04081632653061224,0.657251785426623,0.7397737162750218,-0.15032679738562094,0
2021-10-13,6374.0,6390.0,6374.0,6502.0,9609467935,1507580,202,6709.0,6374.0,27.49436194445032,-511.59000672307775,110.09544863390111,13459.030192023622,6735.36980797638,10097.2,9064.16,0.15152757217244653,-0.368222816929329,-0.4507066528783178,-0.05317884729649436,19021.0,6374.0,-0.6648966931286473,0.0,0.6312641128233569,0.7032091225221091,-0.14386570442422342,0
2021-10-16,6177.0,6827.0,6177.0,6573.0,237209682051,36090819,3329,6502.0,6500.0,28.85886548245351,-658.3646599223302,-43.59657307734517,13645.379972109575,6227.120027890425,9936.25,9031.76,3.2263594324393092,-0.3289283501961594,-0.4252873563218391,0.019767806714778846,19021.0,6374.0,-0.6582724357289311,0.019767806714778787,0.6541703358913071,0.7196825424944862,-0.19892307692307687,0
2021-10-17,6640.0,6640.0,6245.0,6272.0,43271835466,6899094,884,6573.0,6245.0,27.721817212692343,-786.1981955066758,-192.1168975632113,13794.540613202094,5708.459386797905,9751.5,8985.92,0.6236735563334731,-0.3255939524838013,-0.41879944160074456,-0.03923076923076918,19021.0,6245.0,-0.6716786709426423,0.0,0.6404142952366303,0.6949761404508387,-0.20416333066453163,0
2021-10-18,5959.0,5959.0,5959.0,6021.0,11003686794,1846566,218,6272.0,5959.0,26.462483626120616,-900.2079661723974,-333.73511128504856,13870.189145124543,5176.410854875457,9523.3,8930.06,0.171918856827481,-0.07869511440940014,-0.42707431977694454,-0.04579663730984784,19021.0,5959.0,-0.6867146837705693,0.0,0.6257284764734914,0.6672967482861257,-0.18946131901325725,0
2021-10-19,5720.0,5959.0,5720.0,5744.0,151402763439,26360481,2595,6021.0,5720.0,25.423126954909108,-998.3386073928632,-466.6558105066115,13856.126919147306,4667.473080852693,9261.8,8874.46,2.2718896560226183,-0.15032679738562094,-0.44525264280865096,-0.0401074005705655,19021.0,5720.0,-0.6992797434414595,0.0,0.6175905331577016,0.6445462597160841,-0.1223776223776224,0
2021-10-20,5700.0,5780.0,5457.0,5481.0,59994770803,10946051,1168,5744.0,5457.0,24.292426830723457,-1084.8245672391795,-590.2895618531252,13722.690159031026,4200.009840968975,8961.35,8811.6,0.9852754572420572,-0.14386570442422342,-0.45911388641094264,-0.04597902097902096,19021.0,5457.0,-0.7131065664265811,0.0,0.6089484285291836,0.6192972899359934,-0.1301081180135606,0
2021-10-23,5320.0,5450.0,5207.0,5231.0,18059004871,3452194,372,5481.0,5207.0,23.234581271258662,-1160.1645692015163,-704.2645633228035,13631.492484539285,3731.9075154607162,8681.7,8746.14,0.3212621281386963,-0.19892307692307687,-0.4624199876109849,-0.045812717610408615,19021.0,5207.0,-0.7262499342831608,0.0,0.599767326675651,0.5953483479569274,-0.12252736700595357,0
2021-10-25,4970.0,5069.0,4970.0,4972.0,17243875014,3468046,332,5231.0,4970.0,22.245599037693452,-1224.8763705201382,-808.3869247622705,13369.87572093955,3335.2242790604487,8352.55,8683.0,0.3327226862510578,-0.20416333066453163,-0.4632829373650108,-0.045515652006913765,19021.0,4970.0,-0.7387098470111981,0.0,0.5950278657415999,0.5723828169987332,-0.09295774647887323,0
2021-10-26,4724.0,4969.0,4724.0,4781.0,78602277092,16442110,1893,4972.0,4830.0,21.659111681988676,-1272.7858858493137,-901.2667169796791,12992.715048209608,3020.0849517903916,8006.4,8617.16,1.4835397172423976,-0.18946131901325725,-0.2532467532467533,-0.028169014084507005,19021.0,4830.0,-0.7460701330108828,0.0,0.6032673860911272,0.5605094950076359,-0.039751552795031064,0
2021-10-27,4830.0,5020.0,4711.0,4996.0,66174658174,13245496,1547,4781.0,5020.0,24.565765332886144,-1280.6604532912688,-977.1454642419972,12388.265107694526,2900.5348923054744,7644.4,8556.24,1.200503342367995,-0.1223776223776224,-0.25430778371954843,0.039337474120082705,19021.0,4830.0,-0.7360811734398822,0.039337474120082816,0.6566898644759563,0.5867063102484269,-0.04681274900398402,0
2021-10-30,5030.0,5117.0,4747.0,4809.0,23658269116,4919806,744,4996.0,4747.0,23.231983453404965,-1294.0133428450363,-1040.5190399626051,11837.778674791603,2765.321325208396,7301.55,8487.38,0.4476458043061039,-0.1301081180135606,-0.25525572638845306,-0.05438247011952191,19021.0,4747.0,-0.7504337311392671,0.0,0.6501359300422513,0.559300985698767,0.04676637876553613,0
2021-10-31,4751.0,4751.0,4569.0,4745.0,3856750809,842085,141,4809.0,4569.0,22.37881717611637,-1303.9278478476172,-1093.2008015396077,11254.347479806433,2674.6525201935674,6964.5,8416.38,0.07739595232363014,-0.12252736700595357,-0.2970769230769231,-0.037497366757952344,19021.0,4569.0,-0.7597918090531518,0.0,0.656041352573767,0.5428699749773657,0.030203545633617823,0
2021-11-01,4508.0,4800.0,4508.0,4592.0,46012027243,10020847,1266,4745.0,4508.0,22.079568329144507,-1301.7021426747378,-1134.9010697666338,10697.675600660841,2607.624399339157,6652.65,8349.14,0.8924698644769029,-0.09295774647887323,-0.27814251401120893,-0.013350842635149962,19021.0,4508.0,-0.7629987908101572,0.0,0.6776247059442478,0.5399358496803264,0.02329192546583858,0
2021-11-02,4485.0,4816.0,4363.0,4558.0,47274700975,10371505,1335,4592.0,4638.0,24.399723036999106,-1274.7537737481252,-1162.8716105629321,10110.410810470748,2618.5891895292516,6364.5,8289.9,0.8837241011192902,-0.039751552795031064,-0.2216814901829166,0.028837622005323915,19021.0,4508.0,-0.7561642395247358,0.02883762200532387,0.7287296724016027,0.5594759888539066,0.06468305304010347,1
2021-11-03,4770.0,4785.0,4638.0,4733.0,28672580210,6057940,768,4558.0,4785.0,27.045048037688716,-1227.3867750307163,-1175.774643456489,9421.437561291068,2754.9624387089316,6088.2,8240.7,0.5043044282729482,-0.04681274900398402,-0.16346153846153844,0.03169469598965069,19021.0,4508.0,-0.748435939225067,0.06144631765749778,0.7859465851975954,0.5806545560449962,0.04806687565308265,0
2021-11-06,4965.0,4969.0,4820.0,4954.0,27020650427,5454035,714,4733.0,4969.0,30.331138645534836,-1161.6105022460715,-1172.9418152144056,8642.461596364587,3021.9384036354136,5832.2,8185.66,0.45683643336130597,0.04676637876553613,-0.08942642477551765,0.03845350052246599,19021.0,4508.0,-0.7387624204826244,0.10226264418811003,0.8519941017111896,0.6070371845397927,-0.010867377742000417,0
2021-11-07,4984.0,5059.0,4707.0,4814.0,31894394439,6624930,758,4954.0,4707.0,28.37150332577653,-1117.7389437709662,-1161.9012409257177,7804.17907360898,3362.3209263910203,5583.25,8121.0,0.5544721821840255,0.030203545633617823,-0.09602458229306698,-0.0527269068222983,19021.0,4508.0,-0.7525366699963199,0.04414374445430346,0.8430573590650606,0.5796084226080532,0.06182281708094317,1
2021-11-08,4589.0,4948.0,4589.0,4703.0,24753739547,5263265,654,4814.0,4613.0,27.6805130661958,-1078.1274498799758,-1145.1464827165694,6834.530263914041,3867.2697360859584,5350.9,8051.68,0.46759144543877473,0.02329192546583858,-0.07183098591549297,-0.019970257063947283,19021.0,4508.0,-0.7574785763103937,0.023291925465838508,0.8620979648283467,0.5729239115315065,0.018426186863212735,0
2021-11-09,4551.0,4938.0,4551.0,4918.0,54942084275,11171497,1106,4703.0,4938.0,33.69344429604554,-1008.8805250379746,-1117.8932911808504,6675.208537952867,3873.591462047132,5274.4,7990.04,0.9535967401297568,0.06468305304010347,0.022360248447204967,0.07045306741816604,19021.0,4508.0,-0.7403921980968403,0.09538598047914817,0.9362202335810709,0.6180194341955735,-0.05123531794248681,0
2021-11-10,5049.0,5121.0,4938.0,5016.0,54609930069,10887092,1092,4918.0,5015.0,35.07085244843714,-936.9875722411016,-1081.7121473929008,6421.968740737164,3955.131259262836,5188.55,7923.76,1.1348319538063194,0.04806687565308265,-0.0009960159362549792,0.015593357634669847,19021.0,4508.0,-0.7363440407970139,0.11246672582076309,0.9665513486426843,0.6329065998970186,-0.02093718843469594,0
2021-11-13,4768.0,5148.0,4766.0,4900.0,50045762831,10213275,1356,5016.0,4915.0,34.0806854241181,-877.9604716482118,-1040.9618122439629,6226.4296719126905,4004.7703280873106,5115.6,7854.08,1.018388766089359,-0.010867377742000417,0.03539077311986527,-0.019940179461615193,19021.0,4508.0,-0.7416013879396457,0.09028393966282165,0.960786613495973,0.62578939863103,0.04211597151576796,0
2021-11-14,4850.0,5070.0,4836.0,4945.0,32464969063,6565036,832,4900.0,4998.0,35.703293524374516,-815.0878376036617,-995.7870173159026,5952.001947338378,4128.998052661622,5040.5,7783.96,0.7676099559131806,0.06182281708094317,0.0938936309914642,0.01688708036622577,19021.0,4508.0,-0.7372377898112612,0.10869565217391304,0.9915682967959528,0.6420896304708658,0.069827931172469,1
2021-11-15,5000.0,5000.0,4698.0,4774.0,24279222327,5085914,691,4945.0,4698.0,32.58152819532492,-780.4715250319632,-952.7239188591149,5698.13361206333,4228.16638793667,4963.15,7705.92,0.6010362756756571,0.018426186863212735,0.04214729370008863,-0.06002400960384158,19021.0,4508.0,-0.7530098312391568,0.04214729370008873,0.9465762670884419,0.6096611436402143,0.09621115368241795,1
2021-11-16,4650.0,4770.0,4540.0,4677.0,16790760399,3590078,527,4774.0,4685.0,32.44912400476127,-745.4932570623196,-911.2777864997558,5483.487832680093,4315.412167319907,4899.45,7622.68,0.41993714613278194,-0.05123531794248681,0.0101336783096162,-0.002767134951042971,19021.0,4508.0,-0.7536932863676988,0.039263531499556345,0.9562297808937739,0.6146132331411,0.06467449306296702,1
2021-11-17,4570.0,4910.0,4570.0,4879.0,32119162776,6583790,503,4677.0,4910.0,37.205495494425904,-691.6442635583271,-867.3510819114701,5306.052885253116,4411.847114746884,4858.95,7539.54,0.8708429414817205,-0.02093718843469594,0.02612330198537105,0.04802561366061897,19021.0,4508.0,-0.7418642552967772,0.08917480035492457,1.010506385124358,0.6512333643697096,-0.02668024439918537,0
2021-11-20,5069.0,5122.0,4894.0,5093.0,85928841361,16872132,1417,4879.0,5122.0,41.39279313258713,-624.661214362226,-818.8131084016213,5217.812885830162,4466.587114169838,4842.2,7455.5,2.1475232973175205,0.04211597151576796,0.030790903602334385,0.043177189409368655,19021.0,4508.0,-0.7307186793543977,0.13620230700976044,1.0577836520589814,0.6870095902353966,-0.11089418196017176,0
2021-11-21,5200.0,5347.0,4980.0,5320.0,70888112795,13326044,1129,5093.0,5347.0,45.5432442175381,-547.1142531474779,-764.4733373507927,5255.694575611608,4442.705424388391,4849.2,7386.24,1.5958863679725177,0.069827931172469,0.13596770766942856,0.04392815306520892,19021.0,4508.0,-0.7188896482834761,0.18611357586512867,1.102656108224037,0.7239136556624209,-0.12249859734430524,0
2021-11-22,5558.0,5558.0,5100.0,5250.0,98333928389,18730926,2038,5320.0,5150.0,42.692463066632904,-495.8382664048986,-710.7463231616139,5282.571818104903,4433.828181895096,4858.2,7316.04,2.055319227170363,0.09621115368241795,0.11641014524170812,-0.03684308958294369,19021.0,4508.0,-0.7292466221544609,0.14241348713398402,1.060063397966325,0.7039327286346165,-0.0813592233009709,0
2021-11-23,5103.0,5300.0,4988.0,5030.0,60307831373,11989337,1130,5250.0,4988.0,40.45016332908052,-462.9372709068102,-661.1845127106532,5293.946187316963,4438.253812683038,4866.1,7247.4,1.348517839015071,0.06467449306296702,0.010125556905629773,-0.03145631067961163,19021.0,4508.0,-0.7377635245255244,0.1064773735581189,1.0250508620866812,0.6882468195490797,-0.0908179631114675,0
2021-11-24,4860.0,5068.0,4779.0,4793.0,38409409050,8013275,911,5030.0,4779.0,37.699166097160514,-448.5568639392841,-618.6589829563794,5277.431376540893,4430.668623459107,4854.05,7164.32,0.9286295716741986,-0.02668024439918537,-0.04705882352941182,-0.04190056134723341,19021.0,4508.0,-0.748751380053625,0.060115350488021295,0.9845386841915513,0.6670556312392523,-0.0127641766059845,0
2021-11-27,4779.0,4779.0,4554.0,4574.0,47401942436,10362354,887,4793.0,4554.0,34.94390814616706,-450.12712213920713,-584.952610792945,5285.527373897451,4403.272626102548,4844.4,7069.74,1.1641436000602994,-0.11089418196017176,-0.0734486266531027,-0.04708097928436916,19021.0,4508.0,-0.7605804111245466,0.01020408163265306,0.9400544959128067,0.6441538161233652,0.03205972771190169,0
2021-11-28,4515.0,4799.0,4370.0,4631.0,37807681174,8164874,1005,4574.0,4692.0,37.93979217566844,-435.21918059055224,-555.0059247524665,5279.4068409174115,4421.693159082589,4850.55,6969.2,0.8810310948564869,-0.12249859734430524,-0.061224489795918324,0.030303030303030276,19021.0,4508.0,-0.7533252720677146,0.04081632653061224,0.9673129851253981,0.6732480055099581,-0.018542199488491007,0
2021-11-29,4658.0,4855.0,4658.0,4760.0,27430351603,5762610,694,4631.0,4731.0,38.79757210961562,-415.4682955528242,-527.0983989125381,5265.198748451171,4458.201251548829,4861.7,6865.02,0.636436346102532,-0.0813592233009709,0.007024265644955285,0.00831202046035795,19021.0,4508.0,-0.7512749066820882,0.049467613132209404,0.973116399613304,0.6891458437120358,-0.012893679983090212,0
2021-11-30,4760.0,4859.0,4533.0,4650.0,27522433343,5919107,696,4760.0,4535.0,36.09726533240208,-410.894601628077,-503.8576394556459,5273.735078833917,4439.364921166083,4856.55,6745.26,0.6701981891037855,-0.0908179631114675,-0.03201707577374602,-0.041428873388290044,19021.0,4508.0,-0.7615793070816466,0.005989352262644188,0.9337904479517353,0.6723239726860046,0.01411245865490618,0
2021-12-01,4550.0,4800.0,4461.0,4632.0,33713380057,7277933,675,4650.0,4718.0,40.27683055091303,-388.03037303600377,-480.6921861717175,5273.692378054183,4432.707621945817,4853.2,6620.62,0.8184004426374949,-0.0127641766059845,-0.039103869653767775,0.04035281146637271,19021.0,4508.0,-0.7519583618106304,0.046583850931677016,0.9721420918157092,0.7126220807114741,-0.006570580754556965,0
2021-12-04,4730.0,4750.0,4401.0,4614.0,29647787516,6425816,733,4632.0,4700.0,39.99970627996178,-367.13070250904,-457.979889439182,5261.771741148086,4417.728258851914,4839.75,6485.3,0.7186536589910316,0.03205972771190169,-0.08238969152674736,-0.0038151759220008685,19021.0,4508.0,-0.7529046842963041,0.04259094942324756,0.9711245415568986,0.7247158959493007,-0.013191489361702113,0
2021-12-05,4700.0,4730.0,4546.0,4661.0,23309953366,5000823,433,4614.0,4605.0,38.494307464117384,-354.15083867727026,-437.21407928679963,5265.341664653104,4403.958335346895,4834.65,6361.4,0.5644104824070095,-0.018542199488491007,-0.13876940340377786,-0.02021276595744681,19021.0,4508.0,-0.7578991640818044,0.021517302573203195,0.9524991467841519,0.7238972553211558,-0.018458197611292082,0
2021-12-06,4655.0,4770.0,4510.0,4631.0,17387546984,3754696,483,4661.0,4670.0,40.153913324549556,-334.76033751360774,-416.7233309321613,5263.010281898878,4411.989718101122,4837.5,6223.74,0.42740676913121306,-0.012893679983090212,-0.09320388349514563,0.014115092290988063,19021.0,4508.0,-0.7544818884390936,0.03593611357586513,0.965374677002584,0.7503526818279684,-0.0800856531049251,0
2021-12-07,4730.0,4730.0,4475.0,4555.0,18811548485,4130219,454,4631.0,4599.0,38.918601638672676,-321.4172344649987,-397.6621116387288,5255.597342253303,4385.502657746697,4820.55,6080.66,0.4897822055799706,0.01411245865490618,-0.07798716920609461,-0.015203426124197006,19021.0,4508.0,-0.7582146049103622,0.020186335403726708,0.9540405140492267,0.7563323718149016,-0.10611002391824309,0
2021-12-08,4500.0,4750.0,4500.0,4673.0,22948634823,4910971,529,4555.0,4687.0,41.3278932164014,-300.2804188632108,-378.18577308362524,5233.32981080389,4374.9701891961095,4804.15,5929.2,0.6037613534021956,-0.006570580754556965,-0.0192508893073865,0.01913459447706023,19021.0,4508.0,-0.7535881394248463,0.03970718722271517,0.9756148330089611,0.7904945017877623,-0.16556432686153189,0
2021-12-11,4760.0,4769.0,4550.0,4657.0,7116423590,1533554,271,4673.0,4638.0,40.37296843283736,-284.2070685328845,-359.39003217347715,5222.146778385186,4358.4532216148145,4790.3,5789.88,0.19916351800362142,-0.013191489361702113,0.01844532279314892,-0.010454448474503941,19021.0,4508.0,-0.7561642395247358,0.02883762200532387,0.9682065841387805,0.8010528715621049,-0.18822768434670112,0
2021-12-12,4699.0,4699.0,4425.0,4522.0,11586825480,2580998,315,4657.0,4520.0,38.09045833594514,-277.7882662110287,-343.0696789809875,5202.509344088915,4330.290655911084,4766.4,5654.08,0.34409762231758384,-0.018458197611292082,-0.036658141517476595,-0.02544200086244075,19021.0,4508.0,-0.7623679091530414,0.0026619343389529724,0.9483048002685466,0.7994227177542589,-0.19955752212389377,0
2021-12-13,4410.0,4505.0,4296.0,4327.0,57359907337,13256690,708,4522.0,4296.0,34.14416620623773,-287.46255765446404,-331.94825471568276,5227.854607497078,4264.745392502922,4746.3,5525.1,1.6760865027775143,-0.0800856531049251,-0.0919467343056436,-0.04955752212389386,19021.0,4296.0,-0.7741443667525366,0.0,0.9051260982238796,0.7775424879187707,-0.15945065176908757,0
2021-12-14,4113.0,4260.0,4111.0,4114.0,18482896782,4493054,364,4327.0,4111.0,31.263341573094394,-306.5240388975599,-326.8634115520582,5273.090557977061,4162.10944202294,4717.6,5399.3,0.5648471317063547,-0.10611002391824309,-0.09349503858875419,-0.04306331471135938,17764.0,4111.0,-0.7685768970952488,0.0,0.8714176700016957,0.761394995647584,-0.07783994162004382,0
2021-12-15,3909.0,4100.0,3909.0,3916.0,35436800086,9050332,658,4114.0,3911.0,28.467030822730877,-333.9195123626905,-328.2746317141847,5316.731589633897,4018.568410366102,4667.65,5271.3,1.1203974207169172,-0.16556432686153189,-0.1710470538363713,-0.04864996351252737,17764.0,3911.0,-0.7798356226075208,0.0,0.8378948721519395,0.7419422153927874,0.010738941447200112,0
2021-12-18,3915.0,4070.0,3721.0,3807.0,14738407902,3871320,487,3916.0,3765.0,26.596833162739586,-363.2245754779624,-335.26462046694024,5324.065862789121,3875.534137210879,4599.8,5144.82,0.5211970981805094,-0.18822768434670112,-0.198936170212766,-0.03733060598312454,17737.0,3765.0,-0.7877318599537689,0.0,0.8185138484281925,0.731804028129264,0.027357237715803562,0
2021-12-19,3840.0,3840.0,3617.0,3624.0,37339234967,10303193,667,3807.0,3618.0,24.828192506427087,-393.7715670870448,-346.9660097909612,5272.159139376743,3754.5408606232577,4513.35,5023.46,1.415934254276662,-0.19955752212389377,-0.2143322475570033,-0.03904382470119527,17671.0,3618.0,-0.7952577669628205,0.0,0.8016218551630163,0.7202207243612968,0.11332227750138202,1
2021-12-20,3520.0,3700.0,3450.0,3611.0,11659141976,3230537,395,3624.0,3611.0,24.743812088414288,-413.77537456325445,-360.3278827454199,5232.571187623413,3640.2288123765866,4436.4,4910.48,0.49688455567520756,-0.15945065176908757,-0.22676659528907928,-0.001934770591487056,17671.0,3611.0,-0.7956538962141362,0.0,0.8139482463258498,0.7353659927339079,0.12988091941290492,1
2021-12-21,3590.0,3791.0,3588.0,3765.0,18258299952,4849896,302,3611.0,3791.0,31.21725361476541,-410.37351005529035,-370.33700820739404,5177.809127874172,3575.290872125828,4376.55,4856.94,0.7892923957484318,-0.07783994162004382,-0.17569036747118938,0.049847687621157544,17671.0,3611.0,-0.7854677154660178,0.04984768762115757,0.8662074008065713,0.7805325987144169,0.14138749670271689,1
2021-12-22,3849.0,3953.0,3848.0,3923.0,13638140446,3461365,412,3765.0,3953.0,36.51050004598152,-390.1085334743466,-374.2913132607846,5134.424042372299,3536.0759576277014,4335.25,4801.36,0.5849847890417623,0.010738941447200112,-0.15660337102624278,0.04273278818253767,17671.0,3611.0,-0.7763001527927113,0.0947106064801994,0.9118274609307422,0.8233083959544796,0.04351125727295724,0
2021-12-25,4090.0,4090.0,3800.0,3895.0,13714670712,3523075,467,3923.0,3868.0,34.989031035610026,-376.5663605579448,-374.74632272021665,5118.303895201878,3483.5961047981223,4300.95,4751.24,0.6319356793934781,0.027357237715803562,-0.16601983613626559,-0.021502656210473092,17671.0,3611.0,-0.7811102937015449,0.0711714206590972,0.899336193166626,0.8141032656738031,0.050672182006204824,1
2021-12-26,3889.0,4040.0,3706.0,3935.0,14558359014,3698531,413,3895.0,4028.0,40.05308052121051,-348.90150872249706,-369.57735992067273,5072.718788215843,3462.7812117841568,4267.75,4701.8,0.6910899566047354,0.11332227750138202,-0.10884955752212389,0.04136504653567741,17671.0,3611.0,-0.7720559108143286,0.11548047632234838,0.9438228574775935,0.8566931813348079,0.021598808341608766,0
2021-12-27,4029.0,4131.0,4029.0,4121.0,32247468577,7825204,648,3935.0,4080.0,41.64405941991549,-319.10253353834287,-359.4823946442068,5014.85802760036,3455.5419723996392,4235.2,4658.5,1.434536509303978,0.12988091941290492,-0.05027932960893855,0.012909632571995955,17671.0,3611.0,-0.7691132363759833,0.129880919412905,0.9633547412164715,0.8758183964795535,0.02499999999999991,0
2021-12-28,4131.0,4327.0,4106.0,4277.0,43973438605,10280255,686,4121.0,4327.0,48.61953570131453,-272.4155582967596,-342.0690273747174,4993.658530551418,3455.941469448582,4224.8,4625.86,1.8121618817642708,0.14138749670271689,0.05254196059352956,0.06053921568627452,17671.0,3611.0,-0.755135532793843,0.19828302409304902,1.0241904942245785,0.9353936349132919,-0.061474462676219144,0
2021-12-29,4430.0,4430.0,4111.0,4277.0,16214348563,3791417,516,4277.0,4125.0,43.98860693066978,-248.84695309840436,-323.42461251945485,4930.656430972351,3459.643569027648,4195.15,4593.96,0.6895243992499688,0.04351125727295724,0.054717463564305735,-0.04668361451351977,17671.0,3611.0,-0.7665666911889537,0.1423428413181944,0.9832783094764193,0.8979181359872528,-0.057454545454545425,0
2022-01-01,4080.0,4260.0,4064.0,4115.0,12004909907,2939961,302,4277.0,4064.0,42.66696976500301,-232.41175582791675,-305.22204118114723,4862.91422864644,3463.7857713535604,4163.35,4566.1,0.5521774670083439,0.050672182006204824,0.07941567065073052,-0.014787878787878794,17671.0,3611.0,-0.7700186746647049,0.1254500138465799,0.9761370050560245,0.8900374499025426,-0.06668307086614178,0
2022-01-02,4100.0,4189.0,3978.0,4099.0,10662187127,2604283,350,4115.0,4115.0,44.177083242221435,-212.81823368348432,-286.7412796816147,4808.510891796504,3469.1891082034963,4138.85,4544.26,0.5003927819805852,0.021598808341608766,0.13736871199557776,0.01254921259842523,17671.0,3611.0,-0.7671325901194047,0.1395735253392412,0.9942375297486016,0.9055379753799297,-0.09647630619684078,0
2022-01-03,4129.0,4303.0,3982.0,4172.0,9826168505,2334451,284,4099.0,4182.0,46.182557326172734,-189.6971752092595,-267.33245878714365,4738.959879827125,3489.9401201728747,4114.45,4528.5,0.4547514911613409,0.02499999999999991,0.15812794239822758,0.01628189550425274,17671.0,3611.0,-0.7633410672853829,0.15812794239822764,1.016417747208011,0.9234845975488573,-0.10019129603060739,0
2022-01-04,4020.0,4238.0,4000.0,4092.0,10025569932,2470276,254,4172.0,4061.0,43.166454396719494,-179.07301628832283,-249.6805702873795,4671.272356948654,3503.827643051346,4087.55,4513.12,0.4891182216444628,-0.061474462676219144,0.07122131363756257,-0.028933524629363938,17671.0,3611.0,-0.7701884443438402,0.12461921905289393,0.9935046666095827,0.8998209664267736,-0.022654518591479933,0
2022-01-05,3985.0,4178.0,3888.0,3938.0,15394107874,3908873,354,4092.0,3888.0,39.2223598555762,-182.50909672019998,-236.24627557394362,4567.64207522247,3527.5579247775295,4047.6,4490.48,0.7817178082012342,-0.057454545454545425,-0.016443207690361783,-0.04260034474267427,17671.0,3611.0,-0.7799784958406428,0.0767100526170036,0.9605692262081234,0.8658317150950456,0.03935185185185186,0
2022-01-08,3761.0,4020.0,3761.0,3913.0,5850076549,1509639,271,3938.0,3793.0,37.21168230708569,-190.69965436089979,-227.13695133133484,4459.8313637562005,3550.8686362437993,4005.35,4471.4,0.3019780793502118,-0.06668307086614178,-0.019389865563598785,-0.024434156378600802,17671.0,3611.0,-0.7853545356799275,0.050401550816948214,0.9469834096895403,0.8482801807040301,0.05958344318481412,1
2022-01-09,3760.0,3900.0,3718.0,3801.0,9535611275,2546230,295,3913.0,3718.0,35.65756864925619,-200.9264484741443,-221.89485075989674,4369.802036210051,3560.6979637899494,3965.25,4454.38,0.5095079788125458,-0.09647630619684078,-0.07696127110228401,-0.019773266543632984,17671.0,3611.0,-0.7895987776583102,0.029631680974799224,0.9376457978689868,0.83468406377543,0.05970952124798279,1
2022-01-10,3850.0,3850.0,3702.0,3786.0,5897759342,1566227,210,3801.0,3763.0,37.34829113082276,-203.05939031814978,-218.12775867154738,4322.166630459037,3555.033369540963,3938.6,4439.48,0.35491964201049875,-0.10019129603060739,-0.0776960784313725,0.012103281334050475,17671.0,3611.0,-0.7870522324712806,0.04209360288008862,0.9554156299192607,0.8476217935433881,0.01780494286473555,0
2022-01-11,3730.0,3975.0,3730.0,3944.0,20238097083,5131211,531,3786.0,3969.0,44.53358223810307,-185.98338304130903,-211.69888354549974,4307.215583921801,3555.7844160781992,3931.5,4426.1,1.154426536382694,-0.022654518591479933,-0.08273630691009937,0.05474355567366462,17671.0,3611.0,-0.7753947145039896,0.09914151204652451,1.0095383441434567,0.8967262375454689,-0.05517762660619807,0
2022-01-12,4022.0,4130.0,3960.0,4010.0,10457209219,2587890,358,3944.0,4041.0,46.82887078645229,-164.74168636525064,-202.30744410944993,4316.55937447341,3559.44062552659,3938.0,4411.22,0.6278708327456903,0.03935185185185186,-0.02036363636363636,0.018140589569161092,17671.0,3611.0,-0.7713202422047423,0.11908058709498753,1.026155408836973,0.9160731044926347,-0.009156149467953512,0
2022-01-15,4130.0,4131.0,3865.0,3983.0,8056792900,2034295,218,4010.0,4019.0,46.199767678149556,-147.9769190393895,-191.44133909543785,4322.167952859596,3579.232047140404,3950.7,4392.22,0.5048078268210345,0.05958344318481412,-0.011072834645669327,-0.005444196980945337,17671.0,3611.0,-0.7725652198517344,0.1129880919412905,1.0172880755309186,0.9150270250579433,-0.022393630256282604,0
2022-01-16,3899.0,4030.0,3821.0,3955.0,4248845783,1093303,168,3983.0,3940.0,43.91815797131454,-139.45777747024658,-181.04462677039962,4305.675552381251,3627.924447618749,3966.8,4376.88,0.30630345595948744,0.05970952124798279,-0.04252733900364525,-0.019656631002736957,17671.0,3611.0,-0.7770358214022975,0.09111049570756023,0.9932439245739638,0.9001846063862843,-0.043147208121827374,0
2022-01-17,3981.0,3981.0,3815.0,3921.0,6232594311,1607909,152,3955.0,3830.0,40.8900621618667,-139.96890270843596,-172.82948195800688,4282.349983587816,3673.1500164121844,3977.75,4361.22,0.460954731124552,0.01780494286473555,-0.08417025346724061,-0.027918781725888353,17671.0,3611.0,-0.7832607096372588,0.06064801993907505,0.9628558858651247,0.8781946336116958,-0.04386422976501303,0
2022-01-18,3760.0,3830.0,3725.0,3814.0,8302433774,2219373,188,3921.0,3750.0,38.7950625936189,-145.15603612629457,-167.29479279166443,4285.80198322761,3665.5980167723887,3975.7,4337.46,0.6611793337743236,-0.05517762660619807,-0.07658212262989417,-0.02088772845953002,17671.0,3611.0,-0.7877879010808669,0.03849349210744946,0.9432301229972081,0.8645612870205143,-0.052000000000000046,0
2022-01-19,3634.0,4004.0,3631.0,3980.0,26814828064,6737836,613,3814.0,4004.0,47.91884978721017,-127.30372144084185,-159.29657852149992,4288.402140088856,3668.097859911144,3978.25,4317.24,1.9138795992440814,-0.009156149467953512,0.029835390946502116,0.06773333333333342,17671.0,3611.0,-0.773414068247411,0.1088341179728607,1.0064726952805882,0.9274443857649796,-0.0759240759240759,0
2022-01-22,4050.0,4080.0,3800.0,3968.0,9827587542,2480674,395,3980.0,3929.0,45.75017858373814,-117.84901652841154,-151.00706612288226,4288.238495470505,3674.361504529495,3981.3,4297.52,0.7152230980587863,-0.022393630256282604,0.03585552333245445,-0.018731268731268735,17671.0,3611.0,-0.7776583102257937,0.08806424813071172,0.9868635872704895,0.9142482175766488,-0.03003308729956733,0
2022-01-23,3781.0,3928.0,3770.0,3841.0,9557501783,2528889,222,3968.0,3770.0,41.465709862070135,-121.78223613800719,-145.16210012590727,4287.835376878795,3648.964623121205,3968.4,4272.96,0.7416292947103762,-0.043147208121827374,0.013986013986013957,-0.040468312547722096,17671.0,3611.0,-0.7866561032199649,0.04403212406535586,0.9500050398145348,0.8822923687560847,0.03952254641909825,0
2022-01-24,3770.0,3834.0,3650.0,3742.0,10473975224,2823828,268,3841.0,3662.0,38.80725997797411,-132.09137131774196,-142.5479543642742,4288.933741744571,3606.0662582554287,3947.5,4252.24,0.8936614215715284,-0.04386422976501303,-0.026840287005049146,-0.02864721485411137,17671.0,3611.0,-0.7927678116688359,0.014123511492661313,0.9276757441418619,0.8611931593701203,0.07045330420535234,1
2022-01-25,3740.0,3740.0,3555.0,3560.0,29850664904,8384681,329,3742.0,3555.0,36.322631903363124,-147.19862684240343,-143.47808885990005,4244.4955303660945,3573.3044696339052,3908.9,4229.64,2.7355662558637066,-0.052000000000000046,-0.10430839002267578,-0.029219006007646042,17671.0,3555.0,-0.7988229302246619,0.0,0.9094630202870373,0.8404970635798791,0.10914205344585093,1
2022-01-26,3690.0,3720.0,3467.0,3630.0,13018752128,3583141,294,3560.0,3700.0,41.764008564094986,-145.79036690483144,-143.94054446888634,4219.623056138147,3555.676943861853,3887.65,4205.44,1.1730125413775103,-0.0759240759240759,-0.08438505320465228,0.04078762306610417,17671.0,3555.0,-0.7906173957331221,0.040787623066104076,0.9517317659768755,0.8798128138791661,0.09054054054054061,1
2022-01-29,3780.0,3811.0,3502.0,3733.0,10444603607,2760334,252,3630.0,3811.0,45.59657412977236,-134.17089980952778,-141.98661553701464,4198.297386320554,3551.7026136794457,3875.0,4179.22,0.9063150580981905,-0.03003308729956733,-0.05175416770340879,0.030000000000000027,17671.0,3555.0,-0.7843359176051157,0.0720112517580872,0.9834838709677419,0.9118926498246084,0.054054054054053946,1
2022-01-30,3912.0,3919.0,3830.0,3917.0,76767909053,19598119,727,3733.0,3919.0,49.10610653060377,-114.92293100483676,-136.57387863057906,4170.1659653169545,3560.2340346830447,3865.2,4150.66,5.031145846007337,0.03952254641909825,-0.005329949238578657,0.028339018630280766,17671.0,3555.0,-0.7782242091562447,0.10239099859353024,1.0139190727517335,0.9441871895072109,0.010461852513396375,0
2022-01-31,3969.0,4050.0,3880.0,3941.0,13142042400,3330043,458,3917.0,3920.0,49.13882329443531,-98.45317845409772,-128.94973859528278,4121.999907376239,3582.20009262376,3852.1,4126.06,0.8440877190485491,0.07045330420535234,0.023498694516971286,0.0002551671344730444,17671.0,3555.0,-0.7781676192631996,0.10267229254571027,1.017626749045975,0.9500588939569468,0.02780612244897962,0
2022-02-01,3860.0,4049.0,3860.0,3984.0,15525568468,3893898,371,3941.0,3943.0,49.93597855031216,-82.59279479236011,-119.67834983469825,4102.386338436894,3590.0136615631054,3846.2,4105.16,0.9695189475269977,0.10914205344585093,0.05146666666666677,0.005867346938775553,17671.0,3555.0,-0.7768660517231623,0.10914205344585091,1.0251676979876243,0.9604984945775561,0.028404767943190468,0
2022-02-02,3984.0,4040.0,3904.0,3992.0,15386087031,3853582,390,3984.0,4035.0,53.10228447028535,-61.88630850704021,-108.11994156916666,4122.241254047657,3584.858745952343,3853.55,4090.28,0.9601417954869985,0.09054054054054061,0.007742257742257674,0.02333248795333498,17671.0,3555.0,-0.7716597815630128,0.1350210970464135,1.047086452751359,0.9864850328094897,0.014869888475836479,0
2022-02-05,4090.0,4090.0,3922.0,3990.0,8770443190,2198428,246,3992.0,4017.0,52.40395468728764,-46.39391830051318,-95.77473691543597,4140.9802481657325,3588.5197518342675,3864.75,4079.54,0.5430906521353889,0.054054054054053946,0.022397556630185722,-0.004460966542750966,17671.0,3555.0,-0.7726783996378247,0.12995780590717299,1.0393945274597323,0.9846698402270845,-0.0004978839930296353,0
2022-02-06,3990.0,3991.0,3860.0,3937.0,9451647046,2419182,256,3990.0,3960.0,50.1546633368011,-38.274308670892424,-84.27465126652726,4147.451016261399,3606.2489837386015,3876.85,4064.9,0.598564125723006,0.010461852513396375,0.05039787798408479,-0.014189693801344272,17671.0,3555.0,-0.7759040235413955,0.11392405063291139,1.0214478249093981,0.9741937071022657,0.015151515151515138,0
2022-02-07,3960.0,4090.0,3864.0,3970.0,8104526530,2026682,214,3937.0,4029.0,52.79597472249948,-25.97234319274594,-72.61418965177099,4163.197450091923,3617.102549908077,3890.15,4050.86,0.4986098608030394,0.02780612244897962,0.10021845985800115,0.017424242424242342,17671.0,3555.0,-0.7719993209212834,0.13333333333333333,1.035692711077979,0.9946036150348321,-0.00967982129560685,0
2022-02-08,3933.0,4093.0,3933.0,4014.0,8480121903,2094363,295,3970.0,4055.0,53.789647275329486,-13.963995958383293,-60.88415091309345,4174.936345481738,3613.9636545182616,3894.45,4041.26,0.5352563271142506,0.028404767943190468,0.14064697609001398,0.006453214197071233,17671.0,3555.0,-0.7705279837021108,0.14064697609001406,1.0412253334873989,1.0033999297248877,-0.020961775585696674,0
2022-02-09,4020.0,4095.0,3980.0,4034.0,7359156460,1814999,312,4014.0,4095.0,55.34699737187675,-1.2057296527332255,-48.948466661021406,4184.190258503404,3610.109741496596,3897.15,4028.8,0.4684862242840446,0.014869888475836479,0.10675675675675667,0.009864364981504226,17671.0,3555.0,-0.7682643879803067,0.1518987341772152,1.05076786882722,1.0164316918189038,-0.028083028083028094,0
2022-02-12,3981.0,4116.0,3981.0,4043.0,4602893239,1133111,194,4034.0,4015.0,51.60138357503557,2.4220371639753466,-38.67436589602206,4183.655755089954,3610.2442449100454,3896.95,4015.1,0.2959195245642356,-0.0004978839930296353,0.05352925741275261,-0.019536019536019578,17671.0,3555.0,-0.7727915794239149,0.12939521800281295,1.0302929213872387,0.9999750940200742,-0.021170610211706076,0
2022-02-13,3971.0,4100.0,3950.0,4041.0,4852353409,1201738,168,4043.0,4020.0,51.82084229158287,5.63556344870176,-29.8123800270773,4192.143732765148,3609.7562672348513,3900.95,4003.4,0.31339817639166934,0.015151515151515138,0.025771880581781037,0.001245330012453305,17671.0,3555.0,-0.7725086299586894,0.1308016877637131,1.030518207103398,1.0041464754958285,-0.00995024875621886,0
2022-02-14,3980.0,4100.0,3950.0,4007.0,10031672943,2513456,219,4041.0,3990.0,50.34575183619344,5.695898133900755,-22.71072439488169,4200.6981619508515,3617.201838049148,3908.95,3989.8,0.6478283510139529,-0.00967982129560685,0.017857142857142794,-0.007462686567164201,17671.0,3555.0,-0.7742063267500424,0.12236286919831224,1.0207344683354866,1.0000501278259561,0.04260651629072676,0
2022-02-16,3951.0,4046.0,3950.0,3993.0,8692338747,2182550,154,4007.0,3970.0,49.33746421825258,4.082816783172348,-17.352016159270885,4203.367342450492,3636.532657549507,3919.95,3977.22,0.5628063727149263,-0.020961775585696674,0.006847577986304865,-0.005012531328320802,17671.0,3555.0,-0.7753381246109445,0.11673699015471167,1.0127680200002551,0.998184661648086,0.07506297229219139,1
2022-02-19,3910.0,4020.0,3910.0,3988.0,10351440309,2597009,169,3993.0,3980.0,49.877975662805774,3.5701995792319394,-13.16757301157032,4200.934248323148,3636.5657516768524,3918.75,3963.08,0.7074515763400736,-0.028083028083028094,-0.013630731102850069,0.0025188916876575096,17671.0,3555.0,-0.7747722256804934,0.11954992967651196,1.0156299840510368,1.0042694066231315,0.0738693467336684,1
2022-02-20,3940.0,4089.0,3929.0,3968.0,9027819361,2282246,163,3988.0,3930.0,47.168267126083585,-0.8607136099431045,-10.706201131244878,4200.991849637264,3636.6081503627365,3918.8,3948.92,0.623391779209145,-0.021170610211706076,-0.02165795369678869,-0.012562814070351758,17671.0,3555.0,-0.7776017203327485,0.10548523206751055,1.0028580177605388,0.9952088165878266,0.10432569974554706,1
2022-02-21,3862.0,4000.0,3862.0,3962.0,22467260295,5671350,277,3968.0,3980.0,50.08838299262479,-0.33381410163383407,-8.63172372532267,4204.094541433595,3654.5054585664057,3929.3,3938.12,1.4853710068549137,-0.00995024875621886,0.005050505050504972,0.012722646310432628,16648.0,3555.0,-0.760932244113407,0.11954992967651196,1.012903061614028,1.0106345159619312,0.12587939698492456,1
2022-02-22,4090.0,4160.0,3900.0,4065.0,29187863558,7181110,419,3962.0,4160.0,58.89630193429345,14.441777411732346,-4.0170234979116675,4217.613439295907,3690.786560704093,3954.2,3935.4,1.779263637960852,0.04260651629072676,0.0325142715313973,0.045226130653266416,16412.0,3555.0,-0.7465269315135267,0.170182841068917,1.052045925850994,1.057071708085582,0.08653846153846145,1
2022-02-23,4268.0,4268.0,4166.0,4261.0,21657702606,5082198,332,4065.0,4268.0,63.103498397228286,34.46890150440686,3.6801615025520378,4218.158804038952,3761.541195961047,3989.85,3938.54,1.3129319442716978,0.07506297229219139,0.05252774352651057,0.02596153846153837,16116.0,3555.0,-0.7351700173740382,0.20056258790436005,1.0697144002907377,1.0836502866544455,0.06021555763823816,1
2022-02-26,4296.0,4380.0,4115.0,4269.0,7071588110,1652807,290,4261.0,4274.0,63.328071543183825,50.245492727961846,12.993227747634,4238.039840315437,3799.060159684564,4018.55,3945.8,0.4379038805318067,0.0738693467336684,0.04371184371184378,0.001405810684161235,15390.0,3555.0,-0.7222871994801819,0.20225035161744023,1.0635677047691332,1.0831770490141415,0.0645765091249415,1
2022-02-27,4200.0,4347.0,4200.0,4268.0,11999539140,2811880,219,4269.0,4340.0,65.79438040369763,67.29842895464571,23.854267989036344,4284.641398764267,3805.3586012357327,4045.0,3957.3,0.7444867601795534,0.10432569974554706,0.08094645080946461,0.015442208703790428,15010.0,3555.0,-0.7108594270486343,0.22081575246132207,1.072929542645241,1.096707350971622,0.018663594470046174,0
2022-02-28,4250.0,4481.0,4250.0,4480.0,201047416075,44872323,887,4268.0,4481.0,70.37781158517939,91.13992110997106,37.31139861322329,4371.6189441253155,3774.5810558746844,4073.1,3974.56,8.902094577031296,0.12587939698492456,0.11467661691542297,0.03248847926267273,14775.0,3555.0,-0.6967174280879864,0.26047819971870606,1.1001448528148094,1.127420393703957,-0.045302387859852744,0
2022-03-02,4704.0,4704.0,4500.0,4678.0,244844675450,52342453,1601,4480.0,4520.0,71.51476642841274,111.89163238710626,52.22744536799989,4450.619150553883,3755.580849446118,4103.1,3992.74,6.987128381098888,0.08653846153846145,0.1328320802005012,0.00870341441642486,14288.0,3555.0,-0.6836506159014558,0.2714486638537271,1.1016061027028343,1.1320546792428259,-0.05995575221238936,0
2022-03-05,4445.0,4690.0,4445.0,4509.0,50573629118,11215515,932,4678.0,4525.0,71.664921696557,127.2738377194828,67.23672383829648,4516.720272549694,3747.679727450306,4132.2,4007.42,1.427391714083316,0.06021555763823816,0.13979848866498745,0.0011061946902655162,13752.0,3555.0,-0.670956951716114,0.27285513361462727,1.0950583224432506,1.1291554167020177,-0.08154696132596684,0
2022-03-06,4500.0,4725.0,4412.0,4611.0,42583904972,9235191,804,4509.0,4550.0,72.4469897230405,139.86931098308833,81.76324126725486,4580.117490460469,3735.782509539531,4157.95,4019.36,1.1364389419951348,0.0645765091249415,0.14321608040200995,0.005524861878453136,13752.0,3555.0,-0.6691390343222804,0.279887482419128,1.094289253117522,1.1320210182715655,-0.07472527472527468,0
2022-03-07,4580.0,4690.0,4420.0,4469.0,18514826427,4142586,536,4611.0,4421.0,62.81304123249198,137.85300871402615,92.98119475660911,4609.958881337206,3746.3411186627936,4178.15,4030.42,0.5037413219134557,0.018663594470046174,0.12493638676844787,-0.028351648351648384,13050.0,3555.0,-0.6612260536398468,0.24360056258790436,1.0581238107774973,1.0969080145493522,-0.04342908844152904,0
2022-03-08,4381.0,4544.0,4246.0,4293.0,34211321137,7968802,482,4469.0,4278.0,54.207565416243305,123.29490284836083,99.04393637495946,4615.860135015375,3772.2398649846255,4194.05,4035.42,0.9373827746159684,-0.045302387859852744,0.07487437185929657,-0.03234562316218048,13050.0,3555.0,-0.672183908045977,0.20337552742616033,1.020016451878256,1.0601127020235812,-0.004908835904628317,0
2022-03-09,4428.0,4428.0,4171.0,4255.0,13132044838,3087426,362,4293.0,4249.0,52.63275663508831,108.17051901801551,100.86925290357067,4620.496013341913,3789.6039866580877,4205.05,4038.8,0.3609270308285774,-0.05995575221238936,0.02139423076923075,-0.0067788686302010515,13050.0,3555.0,-0.6744061302681993,0.19521800281293952,1.010451718766721,1.0520451619292859,-0.0021181454459873184,0
2022-03-12,4080.0,4288.0,4080.0,4198.0,11715337097,2800212,341,4255.0,4156.0,47.83354273510091,87.66941466070239,98.22928525499702,4620.552871839982,3799.647128160019,4210.1,4035.38,0.32600604455599425,-0.08154696132596684,-0.026241799437675684,-0.021887502941868697,12799.0,3555.0,-0.6752871318071725,0.16905766526019692,0.9871499489323293,1.0298906174883158,0.044273339749759444,0
2022-03-13,4122.0,4300.0,4122.0,4197.0,18596773751,4430972,261,4198.0,4210.0,50.647507014239565,74.91590652137438,93.5666095082725,4622.900009214702,3808.7999907852995,4215.85,4037.08,0.5081246124142073,-0.07472527472527468,-0.014974262985493647,0.012993262752646784,12604.0,3555.0,-0.6659790542684862,0.18424753867791843,0.9986123794727041,1.0428329386586346,0.014251781472684133,0
2022-03-14,4349.0,4349.0,4095.0,4203.0,6620433271,1572571,269,4197.0,4229.0,51.6360454615771,65.58576873105903,87.97044135282982,4623.032269466981,3830.067730533019,4226.55,4040.38,0.1798823462427835,-0.04342908844152904,-0.025576036866359453,0.004513064133016664,12604.0,3555.0,-0.664471596318629,0.18959212376933895,1.0005796689971727,1.0466837277681802,0.028611965003547013,0
2022-03-15,4107.0,4329.0,4102.0,4217.0,5946133605,1402711,167,4203.0,4257.0,53.126108339569065,59.76203378159789,82.32875983858344,4623.483575346557,3853.3164246534425,4238.4,4043.22,0.16026827970677865,-0.004908835904628317,-0.04998884177638918,0.006620950579333096,12436.0,3555.0,-0.657687359279511,0.19746835443037974,1.0043884484711212,1.0528736996750117,0.019732205778717482,0
2022-03-16,4181.0,4342.0,4181.0,4230.0,5291265564,1244183,178,4217.0,4240.0,52.07703792706613,53.162104305164576,76.49542873189966,4618.764594656359,3883.035405343641,4250.9,4044.38,0.1431938034975409,-0.0021181454459873184,-0.06194690265486724,-0.003993422598073781,12326.0,3555.0,-0.6560116826220996,0.19268635724331926,0.9974358371168459,1.0483683531221102,0.05849056603773595,1
2022-03-19,4211.0,4441.0,4211.0,4309.0,7674011059,1748095,232,4230.0,4340.0,57.405325987104696,55.3625914184413,72.268861269208,4615.466698775954,3923.333301224046,4269.4,4049.96,0.20169360345269607,0.044273339749759444,-0.04088397790055254,0.02358490566037741,12317.0,3555.0,-0.6476414711374523,0.22081575246132207,1.0165362814446997,1.0716155221286137,0.03525345622119813,0
2022-03-26,4458.0,4458.0,4242.0,4305.0,4556192227,1060285,172,4309.0,4270.0,52.96593487862002,50.87166147678181,67.98942131072276,4603.541611811864,3964.2583881881355,4283.9,4057.6,0.12342894774908535,0.014251781472684133,-0.06153846153846154,-0.016129032258064502,12304.0,3555.0,-0.6529583875162549,0.2011251758087201,0.9967552930740681,1.052346214511041,0.032552693208431016,0
2022-03-27,4399.0,4420.0,4202.0,4308.0,17193101800,3990859,304,4305.0,4350.0,57.05359403667398,53.15515897004752,65.02256884258772,4581.000633830648,4028.7993661693513,4304.9,4068.74,0.4600055134605671,0.028611965003547013,-0.016059714996607077,0.0187353629976581,12300.0,3555.0,-0.6463414634146342,0.22362869198312235,1.0104764338312158,1.0691270516179456,0.05195402298850582,1
2022-03-29,4300.0,4497.0,4280.0,4328.0,14849418137,3430756,370,4308.0,4341.0,56.45911921650896,53.620518442320645,62.7421587625343,4555.4945978768055,4090.405402123194,4322.95,4081.2,0.40061857992916394,0.019732205778717482,0.014726507713884951,-0.002068965517241339,12295.0,3555.0,-0.6469296461976414,0.2210970464135021,1.0041753894909726,1.0636577477212585,0.08707671043538356,1
2022-03-30,4328.0,4512.0,4300.0,4387.0,26344003243,6005298,517,4328.0,4488.0,63.20316395961546,65.10055200672468,63.21383741137238,4569.868784487697,4108.831215512304,4339.35,4095.7,0.7061022425405749,0.05849056603773595,0.05624852906566247,0.033863165169315756,12294.0,3555.0,-0.6349438750610054,0.26244725738396624,1.0342562826229733,1.0957833825719658,0.10093582887700525,1
2022-04-03,4512.0,4600.0,4440.0,4447.0,8903761164,1983044,277,4387.0,4493.0,63.410757580172586,73.75185406422952,65.32144074194382,4587.952396241716,4113.247603758285,4350.6,4106.18,0.2374931877165524,0.03525345622119813,0.08108758421559181,0.0011140819964350346,12293.0,3555.0,-0.6345074432603921,0.2638537271448664,1.0327311175470049,1.0942043456448571,0.11150678833741368,1
2022-04-04,4510.0,4520.0,4300.0,4377.0,21459532998,4902983,422,4447.0,4409.0,57.537875106464206,72.98860805157165,66.85487420386939,4593.279035944465,4121.4209640555355,4357.35,4113.54,0.5759807838141202,0.032552693208431016,0.04726840855106884,-0.018695748942799906,12290.0,3555.0,-0.6412530512611879,0.240225035161744,1.0118535348319506,1.071826212945541,0.11816738489453393,1
2022-04-05,4450.0,4593.0,4365.0,4495.0,14100799137,3129215,422,4377.0,4576.0,64.56452743276722,84.880781596622,70.4600556824199,4623.328893698284,4114.971106301715,4369.15,4124.68,0.3669224276799737,0.05195402298850582,0.0820524946795933,0.037877069630301685,12286.0,3555.0,-0.6275435454989419,0.2872011251758087,1.047343304761796,1.1094193973835544,0.03343531468531458,0
2022-04-06,4605.0,4719.0,4540.0,4706.0,38283652906,8134307,362,4495.0,4719.0,69.25602045107615,104.63811663508932,77.2956678729538,4674.337214180373,4087.7627858196274,4381.05,4140.26,1.21564090910368,0.08707671043538356,0.10852713178294571,0.03125,12285.0,3555.0,-0.6158730158730159,0.32742616033755273,1.077139042010477,1.1397834918579992,0.042805679169315436,0
2022-04-09,4940.0,4941.0,4800.0,4933.0,62415643368,12652364,491,4706.0,4941.0,74.82781801046424,136.6344547235185,89.16342524306674,4780.375508064802,4023.8244919351996,4402.1,4162.48,2.6880639066045764,0.10093582887700525,0.16533018867924532,0.04704386522568349,12279.0,3555.0,-0.5976056682140239,0.389873417721519,1.122418845550987,1.187032730487594,0.042501517911353925,0
2022-04-10,5165.0,5167.0,4950.0,5072.0,52746799123,10399460,949,4933.0,4994.0,75.94850640838257,164.37364320050892,104.20546883455518,4881.555471460248,3969.5445285397527,4425.55,4187.36,2.2287425852956217,0.11150678833741368,0.15069124423963132,0.010726573568103692,12260.0,3555.0,-0.5926590538336052,0.4047819971870605,1.1284473116335823,1.1926368881586489,0.08209851822186631,1
2022-04-11,5004.0,5140.0,4880.0,4977.0,43675458326,8774904,764,5072.0,4930.0,71.79199639532727,179.12800860897187,119.18997678943853,4948.82511340704,3940.2748865929607,4444.55,4205.88,1.889900147890881,0.11816738489453393,0.1545667447306791,-0.012815378454144932,12260.0,3555.0,-0.5978792822185971,0.38677918424753865,1.1092236559381714,1.1721684879264267,0.11095334685598379,1
2022-04-12,4880.0,4900.0,4729.0,4814.0,26831936545,5574193,491,4977.0,4729.0,60.578765189460334,172.61216374541436,129.8744141806337,4979.00316683523,3940.896833164769,4459.95,4221.88,1.1823177291461984,0.03343531468531458,0.08712643678160914,-0.04077079107505066,12260.0,3555.0,-0.6142740619902121,0.330239099859353,1.0603257884056996,1.120117104228448,0.20765489532670744,1
2022-04-13,4580.0,5000.0,4580.0,4906.0,24969578425,5089983,515,4814.0,4921.0,66.03590032061646,180.85630621703876,140.0707925879147,5040.893185090415,3943.306814909586,4492.1,4244.9,1.1136134436389,0.042805679169315436,0.1336097673347154,0.04060054979911176,12260.0,3555.0,-0.5986133768352365,0.38424753867791844,1.0954787293248145,1.1592734811185188,0.12985165616744565,1
2022-04-16,5151.0,5151.0,5030.0,5147.0,48740762510,9469235,684,4906.0,5151.0,71.18231588143755,203.60193001996868,152.7770200743255,5143.869794865115,3930.530205134885,4537.2,4274.68,1.936535405518631,0.042501517911353925,0.1477272727272727,0.04673846779109936,12260.0,3555.0,-0.579853181076672,0.4489451476793249,1.135281671515472,1.20500247971778,0.12599495243642012,1
2022-04-17,5377.0,5404.0,5175.0,5341.0,54448152280,10193677,972,5147.0,5404.0,75.56786117458327,239.28466171719265,170.07854840289895,5287.8433871834,3911.3566128166003,4599.6,4311.66,1.9381623161602446,0.08209851822186631,0.20275984865346097,0.049116676373519796,12260.0,3555.0,-0.5592169657422512,0.520112517580872,1.1748847725889207,1.2533455791968755,0.06587712805329393,1
2022-04-18,5540.0,5661.0,5425.0,5630.0,125210376341,22240760,1449,5341.0,5477.0,76.67104244379499,270.3376889817746,190.13037651867407,5425.337427756832,3900.5625722431682,4662.95,4347.2,3.616416581604241,0.11095334685598379,0.2422317985937854,0.013508512213175505,12260.0,3555.0,-0.5532626427406199,0.5406469760900141,1.1745783248801724,1.2598914243651087,0.06262552492240281,1
2022-04-19,5410.0,5966.0,5310.0,5796.0,76913390506,13269117,1399,5630.0,5711.0,79.81697451736859,310.2528791294462,214.1548770408285,5598.032340121838,3876.067659878162,4737.05,4385.2,1.970240133390124,0.20765489532670744,0.24803321678321688,0.04272411904327189,12260.0,3555.0,-0.5341761827079935,0.6064697609001406,1.205602642995113,1.3023351272461918,0.08737524076343894,1
2022-04-20,5713.0,5938.0,5449.0,5534.0,60486694058,10930175,1217,5796.0,5560.0,72.97798915735106,325.94423461118913,236.5127485549006,5704.237826258786,3900.1621737412133,4802.2,4418.02,1.5157337053279052,0.12985165616744565,0.17821572367026906,-0.026440203116792182,12260.0,3555.0,-0.5464926590538336,0.5639943741209564,1.15780267377452,1.2584823065536144,0.1762589928057554,1
2022-04-24,5460.0,5860.0,5410.0,5720.0,52163846520,9125221,987,5534.0,5800.0,76.43418160380799,353.6688665742504,259.9439721587706,5842.095753188294,3918.304246811706,4880.2,4455.62,1.199866557031981,0.12599495243642012,0.17385144707549083,0.043165467625899234,12260.0,3555.0,-0.5269168026101142,0.6315049226441631,1.188475882135978,1.3017268079414313,0.20517241379310347,1
2022-04-25,5870.0,6000.0,5650.0,5800.0,33249116610,5731385,850,5720.0,5760.0,74.71886631074827,368.1691466983102,281.5890070666785,5951.962629199189,3950.4373708008106,4951.2,4491.96,0.7343823489560366,0.06587712805329393,0.15338406087304768,-0.006896551724137945,12260.0,3555.0,-0.5301794453507341,0.620253164556962,1.16335433834222,1.282291026634253,0.18576388888888884,1
2022-04-26,5760.0,6000.0,5760.0,5860.0,39839104460,6800055,864,5800.0,5820.0,75.60329624824324,380.12043002401697,301.2952916581462,6046.372265516592,4011.0277344834076,5028.7,4527.66,0.8404104850469598,0.06262552492240281,0.18052738336713992,0.01041666666666674,12260.0,3555.0,-0.5252854812398042,0.6371308016877637,1.1573567721279854,1.2854322100157698,0.2096219931271477,1
2022-04-27,5930.0,6210.0,5930.0,6180.0,111984418350,18119502,1258,5860.0,6210.0,80.40246817027331,416.2632254498676,324.2888784164905,6211.666990326621,4031.733009673379,5121.7,4571.52,2.059553489489288,0.08737524076343894,0.3131740325650243,0.0670103092783505,12260.0,3555.0,-0.4934747145187602,0.7468354430379747,1.2124880410801102,1.358410331793364,0.11433172302737526,1
2022-04-30,6550.0,6550.0,6340.0,6540.0,361575965460,55320546,3535,6180.0,6540.0,83.38141769147005,466.16127627695914,352.66335798858427,6423.324666174317,4039.9753338256824,5231.65,4623.12,4.855971652079351,0.1762589928057554,0.3289981711034342,0.0531400966183575,12260.0,3555.0,-0.466557911908646,0.8396624472573839,1.250083625624803,1.4146290816591394,0.0,0
2022-05-01,6600.0,6990.0,6600.0,6860.0,55036500210,8021522,388,6540.0,6990.0,86.4141372135028,535.8402474232344,389.2987358755143,6722.489488336509,3991.0105116634913,5356.75,4682.34,0.6979434864227546,0.20517241379310347,0.35701805474665105,0.0688073394495412,12260.0,3555.0,-0.4298531810766721,0.9662447257383966,1.3048956923507724,1.492843321928779,-0.027181688125894166,0
2022-05-02,7250.0,7250.0,6610.0,6960.0,158657127350,22782964,2999,6860.0,6830.0,80.77020715161143,571.5620596042381,425.7514006212591,6921.187289251211,4026.01271074879,5473.6,4737.84,1.8178266562187946,0.18576388888888884,0.2638786084381939,-0.022889842632331958,12260.0,3555.0,-0.4429037520391517,0.9212376933895922,1.2478076585793627,1.4415851949411547,0.04392386530014636,0
2022-05-07,7000.0,7100.0,6560.0,6990.0,111778634130,15997074,1936,6960.0,7040.0,82.39540712564632,609.7878433972837,462.55868917646404,7118.535116221798,4091.7648837782017,5605.15,4796.74,1.222290594298097,0.2096219931271477,0.2853752054044185,0.030746705710102518,12260.0,3555.0,-0.4257748776508972,0.980309423347398,1.2559877969367457,1.4676634547630267,0.07102272727272729,1
2022-05-08,7070.0,7090.0,6680.0,6950.0,61620985370,8864966,1215,6990.0,6920.0,78.32195733220178,623.2150205183625,494.6899554448438,7261.611936774136,4183.088063225865,5722.35,4854.84,0.662822480916303,0.11433172302737526,0.21169672561722996,-0.017045454545454586,12260.0,3555.0,-0.4355628058727569,0.9465541490857946,1.2092933847108267,1.4253816809616795,0.01878612716762995,0
2022-05-09,6940.0,6940.0,6540.0,6630.0,65846624810,9933224,1099,6950.0,6540.0,67.02228994199643,596.3193328437847,515.015830924632,7319.565648261061,4307.234351738938,5813.4,4905.24,0.7377334426126639,0.0,0.1762589928057554,-0.054913294797687806,12260.0,3555.0,-0.466557911908646,0.8396624472573839,1.1249870987718031,1.3332680969738484,0.024464831804281273,0
2022-05-10,6300.0,6960.0,6290.0,6730.0,97628511240,14514909,1758,6630.0,6800.0,70.19114158188059,589.1922916988169,529.8511230794691,7415.136171066551,4397.56382893345,5906.35,4961.44,1.0706070633100284,-0.027181688125894166,0.17241379310344818,0.039755351681957096,12260.0,3555.0,-0.4453507340946166,0.9127988748241913,1.1513032583575304,1.3705698345641588,-0.125,0
2022-05-11,6870.0,7130.0,6870.0,7120.0,141409959340,19862704,1354,6730.0,7130.0,73.65179227607382,603.2187718080431,544.5246528251839,7550.61483211866,4475.685167881339,6013.15,5024.64,1.4156495559221551,0.04392386530014636,0.23784722222222232,0.04852941176470593,12260.0,3555.0,-0.4184339314845024,1.0056258790436006,1.1857345983386411,1.4190071328493186,-0.15848527349228614,0
2022-05-14,7540.0,7540.0,7250.0,7500.0,260701460870,34744559,2942,7120.0,7540.0,77.19429733475057,640.0404440097664,563.6278110621005,7733.394793984764,4553.905206015235,6143.65,5095.84,2.266547393029535,0.07102272727272729,0.29553264604811,0.057503506311360475,12260.0,3555.0,-0.38499184339314846,1.120956399437412,1.2272834552749587,1.4796382931960186,-0.2015915119363395,0
2022-05-15,7500.0,7500.0,7050.0,7120.0,178975959130,25134620,2662,7500.0,7050.0,65.80682701195505,622.5071052047379,575.403669890628,7755.515911134007,4763.884088865992,6259.7,5158.24,1.5413100109172513,0.01878612716762995,0.13526570048309172,-0.06498673740053051,12260.0,3555.0,-0.42495921696574224,0.9831223628691983,1.1262520568078342,1.3667452464406464,-0.16312056737588654,0
2022-05-16,7000.0,7100.0,6700.0,6720.0,142715853120,21225931,2493,7120.0,6700.0,59.10042904950836,573.7558328622817,575.0741024849588,7722.027628331574,4975.272371668425,6348.65,5212.64,1.2402593151908075,0.024464831804281273,0.024464831804281273,-0.049645390070921946,12260.0,3555.0,-0.4535073409461664,0.8846694796061885,1.055342474384318,1.285337180392277,-0.09850746268656718,0
2022-05-21,6320.0,6330.0,5950.0,6020.0,39977510080,6640485,627,6320.0,5950.0,47.84771096643618,469.1928037294483,553.8978427338567,7663.2345986209775,5113.965401379023,6388.6,5248.44,0.39124575439510406,-0.125,-0.14878397711015734,-0.11194029850746268,12260.0,3555.0,-0.5146818923327896,0.6736990154711674,0.9313464608834486,1.1336701953342327,-0.03529411764705881,0
2022-05-22,5720.0,6120.0,5670.0,5950.0,88360440150,14843943,1327,6020.0,6000.0,48.55100530635147,385.9118800073775,520.3006501885609,7625.651324290704,5211.148675709295,6418.4,5283.08,0.8627599551672309,-0.15848527349228614,-0.12152269399707172,0.008403361344537785,12260.0,3555.0,-0.5106035889070146,0.6877637130801688,0.9348124143088621,1.1357011440296192,-0.07666666666666666,0
2022-05-23,6200.0,6300.0,5750.0,6070.0,65167707880,10733721,1299,5950.0,6020.0,48.84815121646755,317.8608784586622,479.8126958425812,7589.667559519851,5301.432440480149,6445.55,5318.0,0.6454497885866989,-0.2015915119363395,-0.14488636363636365,0.0033333333333334103,12260.0,3555.0,-0.5089722675367048,0.6933895921237694,0.9339777055487894,1.1320045129748026,-0.07475083056478404,0
2022-05-24,5900.0,6230.0,5900.0,6000.0,53706342780,8949070,909,6070.0,5900.0,47.090775424976705,251.34957093805951,434.1200708616769,7577.613023263875,5332.386976736125,6455.0,5349.2,0.545215263851174,-0.16312056737588654,-0.14739884393063585,-0.019933554817275767,12260.0,3555.0,-0.5187601957585645,0.659634317862166,0.9140201394268009,1.1029686682120692,-0.008474576271186418,0
2022-05-25,6000.0,6360.0,5900.0,6100.0,53642798570,8787435,772,6000.0,6040.0,49.37889946453205,207.54328076165712,388.80471284167294,7543.0469914442965,5414.9530085557035,6479.0,5380.38,0.5388852078506813,-0.09850746268656718,-0.07645259938837923,0.023728813559322104,12260.0,3555.0,-0.5073409461663948,0.69901547116737,0.9322426300354993,1.1225972886673432,-0.07947019867549665,0
2022-05-28,6100.0,6190.0,5740.0,5820.0,49109800990,8440835,1017,6100.0,5740.0,44.89811383895809,146.92532372018195,340.4288350173748,7547.996268650996,5404.003731349004,6476.0,5404.78,0.5187186520057109,-0.03529411764705881,-0.15588235294117647,-0.04966887417218546,12260.0,3555.0,-0.531810766721044,0.6146272855133614,0.8863495985176034,1.0620228760467587,-0.07839721254355403,0
2022-05-29,5580.0,5830.0,5480.0,5540.0,65027469130,11732293,1081,5820.0,5540.0,42.15196537137604,81.8038437165169,288.70383675720325,7570.160621810992,5359.839378189008,6465.0,5425.08,0.7079366618152816,-0.07666666666666666,-0.22300140252454415,-0.03484320557491294,12260.0,3555.0,-0.5481239804241436,0.5583684950773559,0.8569218870843001,1.0211830977607703,-0.02527075812274371,0
2022-05-30,5560.0,5750.0,5540.0,5630.0,24389411600,4332944,708,5540.0,5570.0,42.717931642490846,32.24366600747544,237.4118026072577,7591.690502067876,5313.309497932124,6452.5,5445.48,0.26341426437438015,-0.07475083056478404,-0.2612732095490716,0.005415162454873723,12260.0,3555.0,-0.5456769983686787,0.5668073136427567,0.8632313056954669,1.0228666710739918,-0.030520646319569078,0
2022-05-31,5550.0,5910.0,5330.0,5800.0,55061356380,9501370,925,5630.0,5850.0,47.84661517474129,15.383200098596717,193.0060821055255,7599.531759224468,5269.468240775532,6434.5,5474.06,0.5931588400316308,-0.008474576271186418,-0.17021276595744683,0.050269299820466795,12260.0,3555.0,-0.5228384991843393,0.6455696202531646,0.9091615510140648,1.0686766312389706,-0.09401709401709402,0
2022-06-01,5850.0,5930.0,5550.0,5620.0,27309094390,4858804,756,5800.0,5560.0,43.50227495206109,-21.13577689666363,150.17771030508771,7609.599260681772,5161.400739318228,6385.5,5499.7,0.3600402578147847,-0.07947019867549665,-0.17014925373134326,-0.04957264957264962,12260.0,3555.0,-0.5464926590538336,0.5639943741209564,0.8707227311878475,1.0109642344127863,-0.03776978417266186,0
2022-06-06,5650.0,5650.0,5290.0,5360.0,29549732140,5516873,565,5620.0,5290.0,39.87237109919465,-71.0451089938424,105.9331464453017,7579.741572183168,5021.258427816832,6300.5,5520.52,0.41263270949639985,-0.07839721254355403,-0.11092436974789921,-0.04856115107913672,12260.0,3555.0,-0.5685154975530179,0.4880450070323488,0.8396159034997223,0.9582430640591828,0.037807183364839236,0
2022-06-07,5200.0,5610.0,5100.0,5480.0,28949267350,5285868,638,5360.0,5400.0,41.99588714062869,-100.56330241477917,64.63385667328554,7541.29417433808,4916.70582566192,6229.0,5545.4,0.4230358995500421,-0.02527075812274371,-0.09999999999999998,0.020793950850661602,12260.0,3555.0,-0.5595432300163132,0.5189873417721519,0.8669128270990528,0.9737800699679013,0.022222222222222143,0
2022-06-08,5600.0,5650.0,5330.0,5490.0,21591019900,3934117,520,5480.0,5400.0,41.99588714062869,-122.54407159169841,27.198271020288747,7451.271444141005,4842.728555858995,6147.0,5569.2,0.3308223161068706,-0.030520646319569078,-0.10299003322259137,0.0,12260.0,3555.0,-0.5595432300163132,0.5189873417721519,0.8784773060029283,0.9696186166774402,0.07407407407407418,1
2022-06-11,5330.0,5490.0,5170.0,5260.0,43324419510,8233536,973,5490.0,5300.0,40.48828237093473,-146.34616628482036,-7.510616440733074,7369.401703237212,4762.598296762788,6066.0,5590.62,0.6942061267008286,-0.09401709401709402,-0.10169491525423724,-0.01851851851851849,12260.0,3555.0,-0.567699836867863,0.4908579465541491,0.8737223870755028,0.9480164990645045,0.05471698113207557,1
2022-06-12,5190.0,5440.0,5190.0,5360.0,12305037500,2297666,380,5260.0,5350.0,41.61683818277672,-159.3381645055315,-37.87612605369276,7326.458711476107,4686.541288523893,6006.5,5612.48,0.20016980927042294,-0.03776978417266186,-0.11423841059602646,0.009433962264151052,12260.0,3555.0,-0.5636215334420881,0.5049226441631505,0.8907017397819029,0.9532327954843492,0.01121495327102795,0
2022-06-13,5460.0,5680.0,5350.0,5560.0,18704115220,3363868,529,5360.0,5490.0,44.77475662643427,-156.5331697838028,-61.60753479971477,7226.517794509927,4655.482205490073,5941.0,5637.48,0.30801740798838967,0.037807183364839236,-0.04355400696864109,0.026168224299065512,12260.0,3555.0,-0.5522022838499184,0.5443037974683544,0.9240868540649723,0.9738393750399115,-0.030965391621129323,0
2022-06-14,5510.0,5700.0,5330.0,5530.0,23113747630,4178197,498,5560.0,5520.0,45.45559094964506,-150.15850816667717,-79.31772947310725,7034.952638466817,4686.047361533183,5860.5,5661.08,0.41218078859005575,0.022222222222222143,-0.0036101083032491488,0.005464480874316946,12260.0,3555.0,-0.5497553017944535,0.5527426160337553,0.9418991553621705,0.9750789601984073,-0.030797101449275388,0
2022-06-15,5630.0,5810.0,5360.0,5710.0,27960415500,4893881,853,5530.0,5800.0,51.46929268632691,-121.11672475534942,-87.67752852955569,6659.869561752697,4887.130438247303,5773.5,5691.68,0.5661414308549967,0.07407407407407418,0.04129263913824066,0.050724637681159424,12260.0,3555.0,-0.5269168026101142,0.6315049226441631,1.004589936780116,1.0190312877744356,-0.06551724137931036,0
2022-06-18,5740.0,5900.0,5420.0,5640.0,32171516360,5701261,738,5710.0,5590.0,47.26069248870661,-113.73507992020222,-92.889038807685,6367.71735589062,5033.28264410938,5700.5,5716.48,0.7430671948193239,0.05471698113207557,-0.0444444444444444,-0.036206896551724155,12260.0,3555.0,-0.5440456769983687,0.5724331926863573,0.9806157354618016,0.9778744961934618,-0.030411449016100156,0
2022-06-19,5600.0,5650.0,5380.0,5490.0,11318851790,2061931,399,5640.0,5410.0,43.94384559405393,-121.01458804172307,-98.51414865449262,6131.596610159584,5140.403389840416,5636.0,5737.86,0.3070906551971568,0.01121495327102795,-0.026978417266187105,-0.03220035778175312,12260.0,3555.0,-0.5587275693311582,0.5218002812939522,0.9599006387508872,0.9428602301206374,-0.02218114602587795,0
2022-06-20,5570.0,5570.0,5280.0,5370.0,23597304840,4393364,535,5490.0,5320.0,42.34366685446772,-132.518309925631,-105.3149809087203,6096.332288490367,5112.667711509633,5604.5,5754.5,0.665454633829315,-0.030965391621129323,0.005671077504725952,-0.01663585951940849,12260.0,3555.0,-0.566068515497553,0.4964838255977497,0.9492372200909983,0.9244938743591972,-0.001879699248120259,0
2022-06-21,5390.0,5450.0,5260.0,5360.0,19460586590,3629949,321,5370.0,5350.0,43.08761159252142,-137.6278548782575,-111.77755570262775,6040.341755560693,5103.658244439307,5572.0,5771.64,0.6008507222265079,-0.030797101449275388,-0.0092592592592593,0.005639097744360999,12260.0,3555.0,-0.5636215334420881,0.5049226441631505,0.9601579325197416,0.9269462405832657,0.0,0
2022-06-22,5280.0,5580.0,5280.0,5430.0,15082790880,2778828,413,5360.0,5420.0,44.874939376940574,-134.4786054265751,-116.31776564741722,5966.527973167461,5117.472026832539,5542.0,5791.86,0.4923853186381151,-0.06551724137931036,0.0037037037037037646,0.013084112149532645,12260.0,3555.0,-0.5579119086460033,0.5246132208157525,0.9779862865391555,0.9357961000438547,-0.01291512915129156,0
2022-06-25,5330.0,5570.0,5310.0,5430.0,18438500640,3396839,415,5430.0,5420.0,44.874939376940574,-130.47872502509654,-119.14995752295309,5912.035531394915,5123.964468605085,5518.0,5808.74,0.6330308354206838,-0.030411449016100156,0.02264150943396226,0.0,12260.0,3555.0,-0.5579119086460033,0.5246132208157525,0.9822399420079739,0.9330767085460875,-0.04612546125461259,0
2022-06-26,5510.0,5540.0,5280.0,5370.0,10328545280,1921748,282,5430.0,5290.0,42.03184959017156,-136.22834892678566,-122.56563580371962,5805.367665368029,5155.632334631971,5480.5,5820.16,0.3826118839544066,-0.02218114602587795,-0.01121495327102806,-0.023985239852398532,12260.0,3555.0,-0.5685154975530179,0.4880450070323488,0.9652403977739258,0.9089097206949638,-0.03402646502835538,0
2022-06-27,5290.0,5450.0,5230.0,5330.0,16650500950,3125859,426,5370.0,5310.0,42.63401044091999,-137.58513860558105,-125.5695363640919,5768.896757004125,5149.103242995875,5459.0,5827.54,0.6571127634923466,-0.001879699248120259,-0.032786885245901676,0.003780718336483968,12260.0,3555.0,-0.566884176182708,0.4936708860759494,0.9727056237406119,0.9111906567779886,-0.03578154425612057,0
2022-06-28,5350.0,5490.0,5220.0,5360.0,16851119040,3143573,380,5330.0,5350.0,43.88941174060597,-133.8893454638337,-127.23349818404026,5760.528937563169,5138.471062436831,5449.5,5834.66,0.7264137981170664,0.0,-0.030797101449275388,0.007532956685499137,12260.0,3555.0,-0.5636215334420881,0.5049226441631505,0.9817414441691898,0.9169343200803475,0.009345794392523255,0
2022-06-29,5450.0,5480.0,5270.0,5400.0,16138065100,2990387,356,5360.0,5350.0,43.88941174060597,-129.46797652982877,-127.68039385319797,5747.2571861539,5129.7428138461,5438.5,5843.06,0.701903540209684,-0.01291512915129156,-0.07758620689655171,0.0,12260.0,3555.0,-0.5636215334420881,0.5049226441631505,0.9837271306426404,0.9156161326428275,-0.00747663551401867,0
2022-07-02,5310.0,5440.0,5110.0,5230.0,30270473290,5792545,487,5400.0,5170.0,39.39055592126703,-138.88749686324445,-129.92181445520725,5671.443814316186,5137.556185683814,5404.5,5851.88,1.4214992377706677,-0.04612546125461259,-0.07513416815742402,-0.03364485981308407,12260.0,3555.0,-0.5783034257748777,0.4542897327707454,0.9566102322138959,0.8834767630231651,0.011605415860735047,0
2022-07-03,5200.0,5300.0,4930.0,5070.0,34703051570,6838346,738,5230.0,5110.0,37.992564975761994,-149.47102422574153,-133.83165640931412,5667.909076459064,5096.090923540936,5382.0,5855.66,1.6383463668476808,-0.03402646502835538,-0.055452865064695045,-0.011605415860735047,12260.0,3555.0,-0.5831973898858075,0.43741209563994377,0.9494611668524712,0.8726599563499247,0.00391389432485334,0
2022-07-04,5130.0,5210.0,5010.0,5100.0,18977846950,3718737,480,5070.0,5120.0,38.385057805169424,-155.26186732483984,-138.1176985924193,5679.262980103339,5067.737019896661,5373.5,5855.04,0.9105568648575854,-0.03578154425612057,-0.03759398496240607,0.001956947162426559,12260.0,3555.0,-0.5823817292006526,0.44022503516174405,0.9528240439192333,0.8744602940372739,0.0078125,0
2022-07-05,5160.0,5400.0,5110.0,5390.0,63196148590,11734818,901,5100.0,5400.0,48.26043032359058,-135.69330431330945,-137.63281973659733,5679.262980103339,5067.737019896661,5373.5,5854.96,2.663086629951736,0.009345794392523255,0.009345794392523255,0.0546875,12260.0,3555.0,-0.5595432300163132,0.5189873417721519,1.0049316088210662,0.9222949430909861,-0.042592592592592626,0
2022-07-06,5470.0,5540.0,5190.0,5410.0,38109624150,7050734,738,5390.0,5310.0,45.72367969370847,-125.99493381352568,-135.305242551983,5675.718111629677,5062.281888370323,5369.0,5851.62,1.5454329664422688,-0.00747663551401867,-0.020295202952029467,-0.01666666666666672,12260.0,3555.0,-0.566884176182708,0.4936708860759494,0.989010989010989,0.9074410163339384,-0.04143126177024481,0
2022-07-09,5460.0,5460.0,5180.0,5280.0,24570496320,4657756,531,5410.0,5230.0,43.533199479948,-123.34242206795716,-132.91267845517785,5676.85028505154,5054.14971494846,5365.5,5842.0,1.0625620513823573,0.011605415860735047,-0.035055350553505504,-0.015065913370998163,12260.0,3555.0,-0.5734094616639478,0.4711673699015471,0.9747460628086851,0.8952413557001027,-0.04588910133843216,0
2022-07-11,5170.0,5380.0,5000.0,5160.0,23960109160,4641058,515,5280.0,5130.0,40.895824820395944,-127.83583967962932,-131.89731070006815,5682.370401228405,5026.629598771595,5354.5,5833.4,1.0311894928769658,0.00391389432485334,-0.03024574669187141,-0.019120458891013437,12260.0,3555.0,-0.5815660685154975,0.4430379746835443,0.9580726491735923,0.8794185209311894,0.003898635477582957,0
2022-07-12,5050.0,5300.0,5040.0,5190.0,11714471700,2256192,410,5160.0,5160.0,42.03046202338976,-127.50634248444749,-131.01911705694403,5670.120460076876,5005.879539923124,5338.0,5820.6,0.5075454803653696,0.0078125,-0.02824858757062143,0.005847953216374213,12260.0,3555.0,-0.5791190864600326,0.45147679324894513,0.9666541775946047,0.8865065457169363,0.05232558139534893,1
2022-07-13,5130.0,5290.0,5100.0,5210.0,9111934590,1749636,284,5190.0,5170.0,42.427214393567596,-124.99740488156203,-129.81477462186763,5649.2841237068415,4991.7158762931585,5320.5,5808.8,0.4046456415766785,-0.042592592592592626,-0.03364485981308407,0.0019379844961240345,12260.0,3555.0,-0.5783034257748777,0.4542897327707454,0.9717131848510479,0.8900289216361382,0.11218568665377182,1
2022-07-16,5050.0,5320.0,5020.0,5080.0,23957959420,4717385,520,5210.0,5090.0,40.06479352583891,-127.98900755871455,-129.44962120923702,5545.192236628375,5024.807763371625,5285.0,5794.2,1.0932406233414869,-0.04143126177024481,-0.04859813084112152,-0.015473887814313358,12260.0,3555.0,-0.5848287112561175,0.4317862165963432,0.9631031220435194,0.8784646715681199,0.08644400785854622,1
2022-07-17,5020.0,5200.0,4960.0,5040.0,15854648920,3146135,417,5080.0,4990.0,37.27109463171237,-136.8514995985488,-130.92999688709938,5505.798724083032,5004.201275916968,5255.0,5769.8,0.7513533212762141,-0.04588910133843216,-0.03481624758220503,-0.01964636542239684,12260.0,3555.0,-0.5929853181076672,0.40365682137834036,0.9495718363463368,0.8648480016638358,0.12224448897795592,1
2022-07-19,5000.0,5220.0,4990.0,5130.0,10672005930,2080866,327,5040.0,5150.0,43.999515337664654,-129.47195348048717,-130.63838820577695,5486.180261285955,4997.819738714045,5242.0,5742.0,0.4968356918133408,0.003898635477582957,0.007827788649706457,0.03206412825651306,12260.0,3555.0,-0.5799347471451876,0.44866385372714485,0.9824494467760396,0.8969000348310693,0.1611650485436893,1
2022-07-20,5430.0,5430.0,5430.0,5430.0,88582674240,16313568,304,5130.0,5430.0,53.41629102716679,-99.87861161043293,-124.48643288670814,5503.146239952159,4991.853760047841,5247.5,5710.8,3.4098500266901928,0.05232558139534893,0.060546875,0.05436893203883497,12260.0,3555.0,-0.5570962479608483,0.5274261603375527,1.03477846593616,0.9508300063038453,0.10313075506445668,1
2022-07-23,5750.0,5750.0,5750.0,5750.0,108663275750,18897961,379,5430.0,5750.0,61.404108723429324,-50.02766157993028,-109.59467862535259,5602.395506093582,4932.604493906418,5267.5,5689.2,3.4064812919700906,0.11218568665377182,0.06481481481481488,0.058931860036832484,12260.0,3555.0,-0.5309951060358891,0.6174402250351617,1.0915994304698624,1.0106869155593055,-0.019130434782608674,0
2022-07-24,5750.0,5790.0,5510.0,5640.0,114815272020,20372548,1621,5750.0,5530.0,54.48672070836228,-27.950391196146484,-93.26582113951137,5621.086196223976,4924.913803776024,5273.0,5659.0,3.169672877849497,0.08644400785854622,0.04143126177024481,-0.03826086956521735,12260.0,3555.0,-0.5489396411092985,0.5555555555555556,1.0487388583349138,0.9772044530835837,-0.010849909584086825,0
2022-07-25,5600.0,5830.0,5530.0,5680.0,81763240920,14397698,1175,5640.0,5600.0,56.17830603493943,-4.750815924564449,-75.562820096522,5653.354278286485,4910.645721713515,5282.0,5632.6,2.063482734021486,0.12224448897795592,0.07074569789674956,0.012658227848101333,12260.0,3555.0,-0.5432300163132137,0.5752461322081576,1.0602044680045437,0.9942122643184319,-0.021428571428571463,0
2022-07-26,5690.0,6020.0,5690.0,5970.0,132507086700,22183341,1716,5680.0,5980.0,64.0004098783532,43.793020153450016,-51.6916520465276,5796.6780919634675,4836.3219080365325,5316.5,5621.4,2.77622926743309,0.1611650485436893,0.165692007797271,0.06785714285714284,12260.0,3555.0,-0.5122349102773246,0.6821378340365682,1.1248001504749365,1.0637919379514,-0.07190635451505012,0
2022-07-27,6080.0,6100.0,5830.0,5970.0,63852261750,10687370,1146,5970.0,5990.0,64.18160297546598,82.1245951985793,-24.92840259750622,5913.224621819301,4787.775378180699,5350.5,5605.2,1.2770900686090405,0.10313075506445668,0.16085271317829464,0.0016722408026756952,12260.0,3555.0,-0.5114192495921697,0.6849507735583685,1.1195215400429865,1.0686505387854135,-0.03005008347245408,0
2022-07-30,5990.0,6000.0,5620.0,5750.0,47076893740,8192699,879,5970.0,5640.0,53.947136307866636,83.30033524591909,-3.282655028821157,5941.697494360496,4788.302505639504,5365.0,5575.4,0.9503200850853655,-0.019130434782608674,0.09090909090909083,-0.058430717863105164,12260.0,3555.0,-0.5399673735725938,0.5864978902953587,1.0512581547064306,1.0115866126197224,0.03900709219858145,0
2022-07-31,5530.0,5700.0,5410.0,5450.0,44082536990,8085081,717,5750.0,5470.0,49.793814224106235,69.71095396966484,11.316066770876043,5949.442737011776,4792.557262988224,5371.0,5534.0,0.9109207624387857,-0.010849909584086825,0.07465618860510803,-0.03014184397163122,12260.0,3555.0,-0.5538336052202284,0.5386779184247539,1.0184323217277975,0.9884351282977955,0.040219378427788,0
2022-08-01,5440.0,5650.0,5440.0,5520.0,10024882390,1815939,262,5450.0,5480.0,50.037487134530906,59.06729679915588,20.866312776532013,5959.1525997510835,4813.8474002489165,5386.5,5502.6,0.20928446579740162,-0.021428571428571463,0.09819639278557113,0.001828153564899404,12260.0,3555.0,-0.5530179445350734,0.5414908579465542,1.0173582103406664,0.9958928506524188,0.08576642335766427,1
2022-08-02,5480.0,5610.0,5400.0,5490.0,12929255220,2355583,269,5520.0,5550.0,51.800969212934426,55.63916315503411,27.820882852232437,5970.684133537825,4846.315866462175,5408.5,5479.6,0.2786763523053622,-0.07190635451505012,0.07766990291262132,0.012773722627737127,12260.0,3555.0,-0.5473083197389886,0.5611814345991561,1.02616252195618,1.0128476531133659,0.11711711711711703,1
2022-08-03,5400.0,5810.0,5400.0,5800.0,123002854890,21189666,1085,5490.0,5810.0,57.76403005866055,73.05997966570794,36.86870221492754,6014.737702099201,4871.262297900799,5443.0,5476.8,2.272033082524019,-0.03005008347245408,0.06998158379373853,0.04684684684684681,12260.0,3555.0,-0.5261011419249593,0.6343178621659634,1.0674260518096639,1.0608384458077709,0.04475043029259895,0
2022-08-06,5840.0,5980.0,5670.0,5880.0,45029809610,7661305,759,5800.0,5860.0,58.81916362229249,89.86477915793785,47.4679176035296,6065.312939958478,4866.687060041522,5466.0,5474.0,0.8398135534668769,0.03900709219858145,0.019130434782608674,0.008605851979345935,12260.0,3555.0,-0.5220228384991843,0.6483825597749648,1.0720819612147823,1.070515162586774,0.006825938566553003,0
2022-08-09,5860.0,5910.0,5670.0,5780.0,29835330180,5165138,630,5880.0,5690.0,53.88975546645655,88.44557899762822,55.663449882349326,6087.41181927455,4882.58818072545,5485.0,5467.4,0.5721023382327632,0.040219378427788,0.02893309222423146,-0.029010238907849817,12260.0,3555.0,-0.535889070146819,0.60056258790436,1.0373746581586143,1.040714050554194,0.01581722319859402,0
2022-08-10,5680.0,6090.0,5650.0,5950.0,37670645340,6334115,819,5780.0,5950.0,59.48253058997629,107.0664839546771,65.94405669681488,6143.861140224427,4898.138859775573,5521.0,5468.4,0.6951273990431385,0.08576642335766427,0.0625,0.04569420035149374,12260.0,3555.0,-0.5146818923327896,0.6736990154711674,1.0777033146169173,1.0880696364567333,-0.005042016806722671,0
2022-08-13,5970.0,6280.0,5960.0,6180.0,49072500710,7941629,1040,5950.0,6200.0,64.0035923293042,140.37840112667163,80.83092558278624,6236.420690114513,4912.579309885487,5574.5,5471.6,0.8560379431590446,0.11711711711711703,0.03678929765886285,0.04201680672268915,12260.0,3555.0,-0.49429037520391517,0.7440225035161744,1.1122073728585524,1.1331237663571898,-0.048387096774193505,0
2022-08-14,6280.0,6280.0,5960.0,6110.0,21722213470,3557338,602,6180.0,6070.0,60.23944091808842,154.50735730271663,95.56621192677233,6286.783323128039,4953.216676871961,5620.0,5478.2,0.3807795746165026,0.04475043029259895,0.013355592654423987,-0.020967741935483897,12260.0,3555.0,-0.5048939641109299,0.7074542897327707,1.0800711743772242,1.1080281844401445,-0.014827018121911006,0
2022-08-15,6110.0,6120.0,5900.0,5990.0,38605056100,6441861,843,6110.0,5900.0,55.63182476742059,150.25503114659386,106.50397577073663,6300.2786886824315,5012.7213113175685,5656.5,5485.4,0.6726484594697012,0.006825938566553003,0.046099290780141855,-0.028006589785831926,12260.0,3555.0,-0.5187601957585645,0.659634317862166,1.0430478210907805,1.0755824552448319,0.04237288135593231,0
2022-08-16,6020.0,6050.0,5710.0,5820.0,57875218370,9946102,1101,5990.0,5780.0,52.57485960788625,135.63847895992876,112.33087640857507,6281.386314205936,5100.613685794064,5691.0,5489.6,1.0109576737067756,0.01581722319859402,0.05667276051188308,-0.02033898305084747,12260.0,3555.0,-0.5285481239804242,0.6258790436005626,1.0156387278158496,1.0529000291460215,0.11764705882352944,1
2022-08-17,5780.0,6090.0,5780.0,5930.0,26644921890,4495763,710,5820.0,5920.0,55.637623114787424,133.8091177998922,116.6265246868385,6239.610545598945,5235.389454401055,5737.5,5491.0,0.4538525646729706,-0.005042016806722671,0.08029197080291972,0.02422145328719716,12260.0,3555.0,-0.5171288743882545,0.6652601969057665,1.0318082788671024,1.0781278455654708,0.11317567567567566,1
2022-08-20,5820.0,6020.0,5800.0,5900.0,18139859310,3072917,486,5930.0,5900.0,55.09027151125173,129.25552580499152,119.1523249104691,6202.4809937314985,5347.5190062685015,5775.0,5497.8,0.3086689468874276,-0.048387096774193505,0.06306306306306309,-0.0033783783783783994,12260.0,3555.0,-0.5187601957585645,0.659634317862166,1.0216450216450217,1.0731565353414092,0.06949152542372872,1
2022-08-21,5890.0,6090.0,5830.0,5950.0,17050301170,2867213,498,5900.0,5980.0,56.916090042730254,130.59666568585453,121.4411930655462,6207.857866584169,5397.142133415831,5802.5,5511.6,0.3088649610475835,-0.014827018121911006,0.029259896729776358,0.013559322033898313,12260.0,3555.0,-0.5122349102773246,0.6821378340365682,1.030590262817751,1.0849843965454677,0.1270903010033444,1
2022-08-22,6050.0,6180.0,6000.0,6100.0,39582705340,6483874,776,5950.0,6150.0,60.583340834893484,143.72038877558043,125.89703220755305,6254.1422129515,5390.8577870485,5822.5,5526.6,0.748511346620476,0.04237288135593231,0.04948805460750849,0.028428093645485042,12260.0,3555.0,-0.49836867862969003,0.729957805907173,1.056247316444826,1.1127999131473238,0.0910569105691057,1
2022-08-23,6100.0,6460.0,6080.0,6430.0,111093723240,17273095,1078,6100.0,6460.0,66.2284678893489,177.0940135464425,136.13642847533094,6360.768238097651,5377.231761902349,5869.0,5547.8,2.0303644726326553,0.11764705882352944,0.13532513181019334,0.05040650406504055,12260.0,3555.0,-0.4730831973898858,0.8171589310829818,1.1006985857897427,1.1644255380511193,0.051083591331269274,1
2022-08-24,6570.0,6810.0,6530.0,6710.0,69233677080,10317092,1098,6430.0,6590.0,68.28006704434175,211.5936453350496,151.22787184727468,6485.537035828937,5351.462964171063,5918.5,5573.6,1.2425207275075238,0.11317567567567566,0.1075630252100841,0.020123839009287936,12260.0,3555.0,-0.4624796084828711,0.8537271448663853,1.1134578018078904,1.1823596957083393,0.03186646433990892,0
2022-08-27,6550.0,6710.0,6310.0,6450.0,114629742540,17766602,1593,6710.0,6310.0,59.847035022410786,213.8757654505107,163.7574505679219,6526.895261006259,5343.104738993741,5935.0,5592.8,2.198151563910316,0.06949152542372872,0.01774193548387104,-0.04248861911987856,12260.0,3555.0,-0.48531810766721045,0.7749648382559775,1.06318449873631,1.128236303819196,0.07131537242472263,1
2022-08-28,6390.0,6830.0,6270.0,6750.0,228867627190,33926668,2439,6450.0,6740.0,66.65758222131646,247.5284149375466,180.51164344184684,6660.7695692834795,5284.2304307165205,5972.5,5617.8,3.6699363642145952,0.1270903010033444,0.11037891268533762,0.06814580031695727,12260.0,3555.0,-0.45024469820554647,0.8959212376933896,1.1285056508999582,1.1997579123500302,-0.008902077151335286,0
2022-08-29,6850.0,7040.0,6640.0,6830.0,74907860910,10959863,1267,6750.0,6710.0,65.81879501694493,268.6804518298104,198.14540511943954,6766.902152785147,5285.097847214853,6026.0,5641.6,1.1680749570743074,0.0910569105691057,0.13728813559322028,-0.004451038575667643,12260.0,3555.0,-0.4526916802610114,0.8874824191279888,1.113508131430468,1.1893788996029495,-0.016393442622950838,0
2022-08-30,6700.0,6890.0,6610.0,6740.0,42048809120,6235334,853,6830.0,6790.0,67.0109307822976,288.57244139691375,216.2308123749344,6857.783259154746,5326.216740845254,6092.0,5661.4,0.6711620923715309,0.051083591331269274,0.17474048442906565,0.011922503725782407,12260.0,3555.0,-0.4461663947797716,0.909985935302391,1.1145764937623113,1.199349984102872,-0.05743740795287189,0
2022-08-31,6680.0,6850.0,6680.0,6780.0,48384743960,7140329,634,6740.0,6800.0,67.16508978008655,301.66647947487945,233.31794579492342,6928.937092116901,5387.062907883099,6158.0,5685.6,0.747164071401799,0.03186646433990892,0.14864864864864868,0.0014727540500736325,12260.0,3555.0,-0.4453507340946166,0.9127988748241913,1.104254628126015,1.1960039397776838,-0.05147058823529416,0
2022-09-03,6800.0,6800.0,6600.0,6710.0,38323702390,5708364,563,6780.0,6760.0,65.83973674638992,305.2966633881015,247.71368931355903,6978.928168863873,5458.071831136127,6218.5,5712.6,0.5870257845225815,0.07131537242472263,0.1457627118644067,-0.00588235294117645,12260.0,3555.0,-0.44861337683523655,0.9015471167369902,1.0870788775428157,1.1833490879809543,-0.053254437869822535,0
2022-09-04,6750.0,6840.0,6630.0,6760.0,37276184070,5517425,525,6710.0,6680.0,63.15554140402037,298.2798939367731,257.82693023820184,7023.514280891477,5500.485719108523,6262.0,5739.8,0.6171201224624561,-0.008902077151335286,0.11705685618729089,-0.011834319526627168,12260.0,3555.0,-0.4551386623164764,0.8790436005625879,1.0667518364739699,1.1638036168507613,-0.04790419161676651,0
2022-09-05,6640.0,6780.0,6600.0,6640.0,37492084800,5644920,605,6760.0,6600.0,60.49933794335482,283.0014575411533,262.86183569879216,7050.635549985272,5547.364450014728,6299.0,5764.8,0.6385813514566157,-0.016393442622950838,0.07317073170731714,-0.0119760479041916,12260.0,3555.0,-0.46166394779771613,0.8565400843881856,1.047785362755993,1.144879267277269,-0.027272727272727226,0
2022-09-06,6570.0,6650.0,6320.0,6460.0,35272476240,5462038,696,6640.0,6400.0,54.34560053764901,251.85166882616795,260.65980232426733,7032.911769661467,5636.088230338533,6334.5,5784.4,0.6168569199260803,-0.05743740795287189,-0.009287925696594423,-0.030303030303030276,12260.0,3555.0,-0.47797716150081565,0.8002812939521801,1.0103402004893836,1.1064241753682318,0.035937499999999956,0
2022-09-07,6420.0,6700.0,6390.0,6520.0,27747167130,4258333,594,6460.0,6450.0,55.562521679005,228.56506320814697,254.2408545010433,7036.536926616016,5682.463073383984,6359.5,5805.0,0.48662002427653217,-0.05147058823529416,-0.02124430955993928,0.0078125,12260.0,3555.0,-0.4738988580750408,0.8143459915611815,1.0142306785124617,1.1111111111111112,0.03100775193798455,0
2022-09-10,6510.0,6510.0,6260.0,6330.0,25493515250,4025240,427,6520.0,6400.0,54.01208016422121,203.72723757342192,244.138131115519,7042.715418719492,5696.284581280508,6369.5,5827.2,0.47051212998246505,-0.053254437869822535,0.014263074484944571,-0.007751937984496138,12260.0,3555.0,-0.47797716150081565,0.8002812939521801,1.0047884449328832,1.098297638660077,-0.010937500000000044,0
2022-09-11,6330.0,6480.0,6260.0,6330.0,17416054510,2753485,321,6330.0,6360.0,52.74407280702382,178.75484156247148,231.06147320490953,7043.132763562593,5724.867236437407,6384.0,5848.2,0.3233753728305825,-0.04790419161676651,-0.05637982195845692,-0.006249999999999978,12260.0,3555.0,-0.4812398042414356,0.7890295358649789,0.9962406015037594,1.0875141069046887,0.03459119496855356,0
2022-09-12,6300.0,6600.0,6210.0,6380.0,20059640330,3144921,396,6330.0,6420.0,54.470696970354474,161.93880660731156,217.23693988538994,7030.612600582409,5789.387399417591,6410.0,5869.6,0.37663819725340864,-0.027272727272727226,-0.0432190760059612,0.009433962264151052,12260.0,3555.0,-0.4763458401305057,0.8059071729957806,1.001560062402496,1.0937712961700967,0.017133956386292892,0
2022-09-13,6390.0,6770.0,6390.0,6660.0,21041992840,3161434,490,6380.0,6630.0,59.98194805134929,163.67053071244482,206.52365805080095,7007.689156956131,5897.310843043869,6452.5,5895.2,0.3946491621784764,0.035937499999999956,-0.02356406480117823,0.032710280373831724,12260.0,3555.0,-0.45921696574225124,0.8649789029535865,1.0275087175513367,1.1246437779888723,-0.019607843137254943,0
2022-09-14,6600.0,6790.0,6550.0,6640.0,29732182780,4480713,373,6660.0,6650.0,60.47268849983724,164.75754497472917,198.1704354355866,6992.980158341238,5985.019841658762,6489.0,5924.8,0.5593903764959595,0.03100775193798455,-0.022058823529411797,0.003016591251885359,12260.0,3555.0,-0.45758564437194127,0.870604781997187,1.0248112189859762,1.1224007561436673,-0.06015037593984962,0
2022-09-18,6500.0,6700.0,6310.0,6420.0,22009425780,3430847,475,6640.0,6330.0,49.923769708247924,138.20454993834664,186.1772583361386,6943.880894827701,6077.119105172299,6510.5,5949.2,0.427365997003322,-0.010937500000000044,-0.06360946745562135,-0.048120300751879674,12260.0,3555.0,-0.4836867862969005,0.7805907172995781,0.9722755548728976,1.064008606199153,0.06161137440758302,1
2022-09-19,6470.0,6580.0,6300.0,6420.0,15087512680,2349429,363,6420.0,6580.0,56.332625076823625,135.76896066552854,176.09559880201658,6899.525068764924,6181.474931235076,6540.5,5978.4,0.29360521268663287,0.03459119496855356,-0.014970059880239472,0.03949447077409163,12260.0,3555.0,-0.4632952691680261,0.8509142053445851,1.0060392936319853,1.10062893081761,0.033434650455927084,0
2022-09-20,6580.0,6580.0,6410.0,6470.0,13185202300,2037559,309,6420.0,6530.0,54.82145251361734,128.32490684021013,166.5414604096553,6870.914514757515,6248.085485242485,6559.5,6001.0,0.26190766308127494,0.017133956386292892,-0.010606060606060619,-0.0075987841945288626,12260.0,3555.0,-0.46737357259380097,0.8368495077355836,0.9955027059989329,1.088151974670888,-0.030627871362940318,0
2022-09-21,6580.0,6580.0,6300.0,6400.0,19758652280,3085702,326,6470.0,6500.0,53.887387441186945,118.63711644327668,156.96059161637956,6870.839619191687,6252.160380808313,6561.5,6024.8,0.43643063196520426,-0.019607843137254943,0.015625,-0.004594180704441064,12260.0,3555.0,-0.4698205546492659,0.8284106891701828,0.9906271431837232,1.0788739875182578,0.0,0
2022-09-24,6340.0,6500.0,6110.0,6290.0,39360245270,6257505,469,6400.0,6250.0,46.74040802580215,89.75195739789433,143.51886477268252,6881.811428803796,6207.188571196204,6544.5,6045.2,0.9111983759116008,-0.06015037593984962,-0.03100775193798455,-0.038461538461538436,12260.0,3555.0,-0.4902120717781403,0.7580872011251758,0.9550003820001528,1.0338781181764045,0.022399999999999975,0
2022-09-26,6280.0,6730.0,6110.0,6570.0,65926323440,10027543,650,6290.0,6720.0,58.01441182337444,103.5911979475477,135.53333140765557,6892.50572514333,6237.49427485667,6565.0,6077.0,1.5473689778748558,0.06161137440758302,0.050000000000000044,0.07519999999999993,12260.0,3555.0,-0.45187601957585644,0.890295358649789,1.0236100533130237,1.1058087872305413,-0.028273809523809534,0
2022-09-28,6750.0,6930.0,6570.0,6790.0,36459341690,5372791,622,6570.0,6800.0,59.58269507724616,119.635147689326,132.35369466398967,6902.879082657693,6233.120917342307,6568.0,6109.8,1.0633528534683638,0.033434650455927084,0.0691823899371069,0.011904761904761862,12260.0,3555.0,-0.4453507340946166,0.9127988748241913,1.0353227771010962,1.1129660545353366,0.026470588235294024,0
2022-10-01,6700.0,6700.0,6320.0,6350.0,88406065090,13920123,772,6790.0,6330.0,48.19324007549294,93.34895278400381,124.5527462879925,6892.505458474328,6205.494541525672,6549.0,6133.0,2.6765855204059723,-0.030627871362940318,-0.014018691588784993,-0.0691176470588235,12260.0,3555.0,-0.4836867862969005,0.7805907172995781,0.9665597801191022,1.032121310940812,0.05529225908372837,1
2022-10-02,6330.0,6590.0,6260.0,6370.0,18257301290,2866612,381,6350.0,6500.0,51.78341026635908,85.25180346747948,116.6925577238899,6860.105589635157,6208.894410364843,6534.5,6161.2,0.5696463977413434,0.0,-0.019607843137254943,0.026856240126382325,12260.0,3555.0,-0.4698205546492659,0.8284106891701828,0.9947203305532175,1.0549892878010778,0.03076923076923066,0
2022-10-03,6540.0,6700.0,6350.0,6490.0,27928242140,4300802,432,6370.0,6390.0,49.39798253178482,69.16142376402058,107.18633093191605,6821.271866596438,6206.728133403562,6514.0,6189.2,0.8794575813745825,0.022399999999999975,-0.0390977443609023,-0.01692307692307693,12260.0,3555.0,-0.47879282218597063,0.7974683544303798,0.9809640773718146,1.032443611452207,0.11424100156494532,1
2022-10-04,6500.0,6670.0,6400.0,6530.0,16011402640,2453707,375,6490.0,6530.0,52.40318373485082,66.93492771414276,99.1360502883614,6788.568173695815,6216.431826304185,6502.5,6216.8,0.5190222530288348,-0.028273809523809534,0.03159557661927326,0.021909233176838905,12260.0,3555.0,-0.46737357259380097,0.8368495077355836,1.0042291426374472,1.05037961652297,0.0888208269525268,1
2022-10-08,6600.0,6980.0,6570.0,6950.0,128490400510,18500142,1387,6530.0,6980.0,60.51947776694585,100.32516667547316,99.37387356578375,6864.249188898343,6170.750811101657,6517.5,6247.8,3.4408035587232693,0.026470588235294024,0.0607902735562309,0.06891271056661563,12260.0,3555.0,-0.43066884176182707,0.9634317862165963,1.0709627924817797,1.1171932520247128,-0.004297994269340966,0
2022-10-09,6920.0,6950.0,6580.0,6730.0,61471757250,9132461,766,6950.0,6680.0,53.918461756411084,101.41067963178102,99.78123477898322,6873.765524855412,6169.234475144588,6521.5,6266.4,1.645171483941198,0.05529225908372837,0.02297090352220521,-0.04297994269340977,12260.0,3555.0,-0.4551386623164764,0.8790436005625879,1.0243042244882312,1.0660028086301545,0.007485029940119681,0
2022-10-10,6730.0,6870.0,6560.0,6660.0,15934693960,2391069,350,6730.0,6700.0,54.2765156142082,102.70091708037762,100.3651712392621,6892.324394893968,6180.675605106032,6536.5,6289.8,0.44299393078774363,0.03076923076923066,0.03076923076923066,0.0029940119760478723,12260.0,3555.0,-0.4535073409461664,0.8846694796061885,1.0250133863688518,1.0652167000540558,0.05671641791044779,1
2022-10-11,6570.0,7120.0,6510.0,7000.0,181566624150,25933194,1527,6660.0,7120.0,61.110282446526774,136.0456795591308,107.50127290323584,7004.41915243421,6135.58084756579,6570.0,6320.2,4.00125565014213,0.11424100156494532,0.1392,0.0626865671641792,12260.0,3555.0,-0.4192495921696574,1.0028129395218002,1.0837138508371384,1.1265466282712573,-0.014044943820224698,0
2022-10-12,7190.0,7400.0,6910.0,7100.0,141356802360,19903370,1148,7000.0,7110.0,60.87698533129942,159.8223945546315,117.96549723351498,7091.523661977128,6119.476338022872,6605.5,6342.8,2.7357943208052258,0.0888208269525268,0.05803571428571419,-0.001404494382022503,12260.0,3555.0,-0.4200652528548124,1.0,1.076375747483158,1.120956044649051,-0.02250351617440227,0
2022-10-15,7190.0,7190.0,6950.0,7010.0,35532602660,5068013,453,7100.0,6950.0,57.1196067732655,163.86600437099696,127.14559866101138,7129.388511195049,6140.611488804951,6635.0,6362.0,0.6857101516712414,-0.004297994269340966,0.022058823529411686,-0.02250351617440227,12260.0,3555.0,-0.433115823817292,0.9549929676511955,1.0474755086661642,1.0924237661112857,-0.018705035971222972,0
2022-10-16,7060.0,7060.0,6670.0,6820.0,46149374160,6763475,624,7010.0,6730.0,52.33636077308639,147.61679833685594,131.2398385961803,7136.317867108299,6164.682132891701,6650.5,6383.8,0.8932424352067165,0.007485029940119681,0.06319115323854652,-0.031654676258992764,12260.0,3555.0,-0.45106035889070145,0.8931082981715893,1.011953988421923,1.0542310222751339,-0.004457652303120341,0
2022-10-17,6630.0,7180.0,6630.0,6990.0,102178722750,14622663,1072,6820.0,7080.0,58.316746117038846,161.12392411253586,137.21665569945142,7193.388316549917,6152.611683450083,6673.0,6416.0,1.7953183138474866,0.05671641791044779,0.08923076923076922,0.0520059435364042,12260.0,3555.0,-0.42251223491027734,0.9915611814345991,1.060992057545332,1.1034912718204488,-0.07485875706214684,0
2022-10-18,7200.0,7300.0,7010.0,7150.0,156055952680,21839557,1053,6990.0,7020.0,56.99649064664332,165.08393520046138,142.79011159965341,7233.174256358613,6149.825743641387,6691.5,6446.8,2.4231635747811104,-0.014044943820224698,0.09859154929577474,-0.008474576271186418,12260.0,3555.0,-0.4274061990212072,0.9746835443037974,1.0490921318090114,1.0889123285971334,-0.10826210826210825,0
2022-10-19,6770.0,7190.0,6770.0,7090.0,50393688490,7111563,735,7150.0,6950.0,55.42010133909014,160.72116399925835,146.3763220795744,7248.613105711744,6196.386894288256,6722.5,6474.8,0.7732595589105156,-0.02250351617440227,0.06431852986217468,-0.009971509971509973,11604.0,3555.0,-0.401068597035505,0.9549929676511955,1.0338415767943474,1.073392228331377,-0.14676258992805757,0
2022-10-22,6910.0,7150.0,6820.0,6960.0,67472191090,9688326,822,7090.0,6820.0,52.51520635876117,145.10108782738462,146.12127522913647,7258.006446953288,6210.993553046712,6734.5,6495.0,1.0130196192702032,-0.018705035971222972,-0.022922636103151817,-0.018705035971222972,11310.0,3555.0,-0.39699381078691426,0.9184247538677919,1.0126958200311826,1.0500384911470362,-0.13343108504398826,0
2022-10-23,6820.0,6940.0,6660.0,6720.0,44854631760,6675382,727,6960.0,6700.0,49.91437988244347,121.63691318756992,141.22440282082317,7258.4066355817085,6227.5933644182915,6743.0,6511.8,0.6814604367222352,-0.004457652303120341,0.0029940119760478723,-0.017595307917888547,10745.0,3555.0,-0.37645416472778037,0.8846694796061885,0.9936230164615156,1.0289013790349826,-0.08507462686567169,0
2022-10-24,6700.0,6700.0,6520.0,6600.0,27190780480,4122794,431,6720.0,6550.0,46.794648598699716,89.90131296335494,130.95978484932954,7256.635011520103,6234.364988479897,6745.5,6529.0,0.4186617051100179,-0.07485875706214684,-0.02238805970149249,-0.02238805970149249,10401.0,3555.0,-0.370252860301894,0.8424753867791842,0.9710177155140464,1.0032164190534538,-0.03816793893129766,0
2022-10-25,6550.0,6730.0,6190.0,6350.0,106903711210,16832627,1011,6600.0,6260.0,41.40636949381687,40.878819192664196,112.94359171799648,7255.211154632001,6236.788845367999,6746.0,6535.2,1.6222169407475435,-0.10826210826210825,-0.1207865168539326,-0.04427480916030535,10311.0,3555.0,-0.39288138880806905,0.7609001406469761,0.9279573080343908,0.9578895825682459,0.0015974440894568342,0
2022-10-26,6230.0,6370.0,5910.0,6050.0,91672528320,15156294,781,6350.0,5930.0,36.28607941991462,-24.319759336425705,85.49092150711205,7327.862213207125,6085.137786792875,6706.5,6529.8,1.4254352349591273,-0.14676258992805757,-0.16596343178621664,-0.05271565495207664,10089.0,3555.0,-0.41223114282882345,0.6680731364275668,0.8842168045925595,0.908144200434929,0.0590219224283306,1
2022-10-29,6080.0,6220.0,5740.0,5910.0,39657945550,6709067,667,6050.0,5910.0,35.995558727702615,-76.71956007190693,53.048825191308254,7371.439215156349,5952.560784843651,6662.0,6526.6,0.6270412722173053,-0.13343108504398826,-0.14964028776978422,-0.003372681281618939,9686.0,3555.0,-0.38984100763989266,0.6624472573839663,0.8871209846892825,0.9055250819722367,0.11505922165820648,1
2022-10-30,6030.0,6180.0,5800.0,5890.0,27742318520,4706580,526,5910.0,6130.0,41.5401797551042,-99.34938047638025,22.569184057770553,7385.119362724555,5918.880637275445,6652.0,6531.2,0.4596770103353735,-0.08507462686567169,-0.08915304606240715,0.0372250423011844,9260.0,3555.0,-0.33801295896328293,0.7243319268635724,0.9215273601924233,0.9385717785399315,0.13866231647634586,1
2022-10-31,6140.0,6300.0,6080.0,6270.0,73137271410,11670748,793,5890.0,6300.0,45.47114377736985,-102.38585651434096,-2.421824056651751,7388.474380003532,5895.525619996468,6642.0,6541.6,1.0928596108974324,-0.03816793893129766,-0.11016949152542377,0.027732463295269127,7540.0,3555.0,-0.16445623342175067,0.7721518987341772,0.948509485094851,0.9630671395377277,0.13174603174603172,1
2022-11-01,6340.0,6460.0,6160.0,6280.0,48373702710,7700066,679,6270.0,6270.0,44.897397634366136,-105.99123396272262,-23.135706037865923,7392.343837154543,5879.656162845457,6636.0,6548.6,0.709745325373918,0.0015974440894568342,-0.10683760683760679,-0.004761904761904745,7540.0,3555.0,-0.16843501326259946,0.7637130801687764,0.9448462929475587,0.9574565555996701,0.09888357256778302,1
2022-11-02,6200.0,6290.0,6120.0,6220.0,23517681480,3782231,512,6280.0,6280.0,45.14585779244721,-106.81036177598253,-39.870637185489244,7394.558363550813,5852.441636449187,6623.5,6556.2,0.3465015389930912,0.0590219224283306,-0.09640287769784173,0.0015948963317384823,7540.0,3555.0,-0.16710875331564987,0.7665260196905767,0.9481392013286027,0.9578719380128733,0.1847133757961783,1
2022-11-05,6300.0,6650.0,6250.0,6530.0,187189637810,28647411,1131,6220.0,6590.0,52.32283328575909,-81.50557175188624,-48.19762409876864,7357.5356660448515,5850.4643339551485,6604.0,6568.4,2.507905178487262,0.11505922165820648,-0.03372434017595305,0.0493630573248407,7540.0,3555.0,-0.1259946949602122,0.8537271448663853,0.9978800726832223,1.0032884720784363,0.08497723823975711,1
2022-11-06,6630.0,6980.0,6430.0,6890.0,216149307780,31386262,1347,6530.0,6980.0,59.501707509563246,-29.6399320264336,-44.48608568430164,7389.737309335455,5848.262690664545,6619.0,6585.0,2.5037832849984714,0.13866231647634586,0.04179104477611939,0.05918057663125942,7540.0,3555.0,-0.07427055702917772,0.9634317862165963,1.054539960719142,1.0599848139711465,-0.02005730659025784,0
2022-11-07,7090.0,7300.0,6930.0,7060.0,158763837720,22501046,1601,6890.0,7130.0,61.87920048023042,23.299129661900224,-30.92904261506127,7442.434535982618,5838.565464017382,6640.5,6598.4,1.6616934064216495,0.13174603174603172,0.0885496183206107,0.02148997134670494,7540.0,3555.0,-0.054376657824933686,1.0056258790436006,1.0737143287403057,1.0805649854510184,-0.03927068723702665,0
2022-11-08,7230.0,7230.0,6720.0,6980.0,110073161150,15780247,1396,7060.0,6890.0,56.19481595926468,45.36478620219623,-15.670276851609772,7409.407585817602,5848.592414182398,6629.0,6604.4,1.2107557375285614,0.09888357256778302,0.10063897763578278,-0.033660589060308554,7540.0,3555.0,-0.08620689655172414,0.9381153305203939,1.0393724543671745,1.043243898007389,0.021770682148040565,0
2022-11-09,6730.0,7460.0,6730.0,7250.0,251372396440,34691049,2015,6980.0,7440.0,64.29057757225056,106.01036000211843,8.66585051913587,7478.097742010905,5812.902257989095,6645.5,6627.0,2.518814216316637,0.1847133757961783,0.25463743676222594,0.07982583454281578,7540.0,3555.0,-0.013262599469496022,1.0928270042194093,1.1195545858099465,1.1226799456767769,-0.08602150537634412,0
2022-11-12,7520.0,7670.0,7000.0,7330.0,135863498780,18541734,1836,7250.0,7150.0,58.184535841077526,129.18270004476835,32.76922042426237,7507.074424229413,5803.925575770587,6655.5,6635.2,1.2834797594407947,0.08497723823975711,0.20981387478849411,-0.03897849462365588,7540.0,3555.0,-0.05172413793103448,1.0112517580872011,1.0742994515813988,1.0775862068965518,-0.06713286713286715,0
2022-11-13,7280.0,7280.0,6820.0,6930.0,105757755280,15254731,1520,7330.0,6840.0,52.44990428673196,121.1361550634283,50.442607352095564,7515.842675585196,5806.157324414804,6661.0,6637.8,1.0258026771790332,-0.02005730659025784,0.11582381729200653,-0.043356643356643354,7540.0,3555.0,-0.09283819628647215,0.9240506329113924,1.0268728419156283,1.0304619000271174,-0.01900584795321636,0
2022-11-14,6980.0,7000.0,6700.0,6810.0,34651710740,5086977,781,6930.0,6850.0,52.61215547658207,114.2491337240499,63.203912626486435,7487.508949833865,5811.491050166135,6649.5,6639.0,0.35340378570736924,-0.03927068723702665,0.08730158730158721,0.0014619883040936088,7540.0,3555.0,-0.09151193633952255,0.9268635724331927,1.030152643055869,1.0317818948636843,-0.013138686131386912,0
2022-11-15,6810.0,7150.0,6810.0,6970.0,39719642930,5697147,771,6810.0,7040.0,55.7048095997228,122.70803001115564,75.10473610342028,7490.320814222687,5810.679185777313,6650.5,6643.8,0.41930515619943165,0.021770682148040565,0.12280701754385959,0.027737226277372296,7540.0,3555.0,-0.06631299734748011,0.980309423347398,1.0585670250357115,1.059634546494476,-0.007102272727272707,0
2022-11-16,6920.0,7170.0,6800.0,6880.0,149360025940,21701817,1099,6970.0,6800.0,51.16267533993058,108.79168915334776,81.84212671340578,7474.627320379542,5811.372679620458,6643.0,6644.6,1.5158470848733725,-0.08602150537634412,0.08280254777070062,-0.03409090909090906,7540.0,3555.0,-0.09814323607427056,0.9127988748241913,1.0236339003462291,1.0233874123348283,0.007352941176470562,0
2022-11-19,6740.0,6900.0,6590.0,6670.0,59285318600,8890744,667,6880.0,6670.0,48.83963640285791,86.27841139690918,82.72938365010646,7463.3037206981235,5807.6962793018765,6635.5,6644.4,0.6227429514636587,-0.06713286713286715,0.012139605462822445,-0.019117647058823573,7540.0,3555.0,-0.11538461538461539,0.8762306610407876,1.0051993067590987,1.0038528685810608,0.04197901049475261,0
2022-11-20,6770.0,6930.0,6600.0,6760.0,28639168110,4236339,478,6670.0,6710.0,49.59795674855476,70.84745689944884,80.35299829997493,7463.971013986394,5808.028986013606,6636.0,6646.6,0.29928648457236107,-0.01900584795321636,-0.0386819484240688,0.0059970014992503096,7540.0,3555.0,-0.11007957559681697,0.8874824191279888,1.0111512959614226,1.0095387115216803,0.03129657228017879,0
2022-11-21,6650.0,6790.0,6620.0,6720.0,51028450930,7598311,704,6760.0,6760.0,50.58396751273112,61.938903297172146,76.67017929941437,7475.168208634588,5817.831791365412,6646.5,6653.8,0.5302908983654854,-0.013138686131386912,-0.05189340813464238,0.007451564828613977,7540.0,3555.0,-0.10344827586206896,0.9015471167369902,1.0170766568870835,1.0159608043524002,0.004437869822485174,0
2022-11-22,6840.0,7170.0,6670.0,6910.0,95577125620,13824000,1487,6720.0,6990.0,54.94985208800815,72.60098918373933,75.85634127627937,7504.634955440466,5861.365044559534,6683.0,6664.6,0.975022108065578,-0.007102272727272707,0.014513788098693858,0.03402366863905315,7540.0,3555.0,-0.07294429708222812,0.9662447257383966,1.045937453239563,1.0488251357920955,-0.025751072961373356,0
2022-11-23,6870.0,7100.0,6810.0,6910.0,49301144550,7136652,720,6910.0,6850.0,51.941663147180414,68.9590224090116,74.47687750282581,7476.526588157008,5981.473411842992,6729.0,6673.6,0.5180061102514979,0.007352941176470562,-0.07930107526881724,-0.02002861230329045,7540.0,3555.0,-0.09151193633952255,0.9268635724331927,1.017981869519988,1.026432510189403,-0.004379562043795637,0
2022-11-26,6930.0,7100.0,6860.0,6980.0,36345755030,5209473,627,6910.0,6950.0,53.88366661198926,73.29697980876699,74.24089796401405,7431.842530879517,6130.157469120483,6781.0,6685.4,0.38019305434156064,0.04197901049475261,-0.027972027972028024,0.014598540145985384,7540.0,3555.0,-0.07824933687002653,0.9549929676511955,1.0249225777908864,1.0395787836180335,-0.02877697841726623,0
2022-11-27,6940.0,7060.0,6870.0,6940.0,35425338630,5103926,573,6980.0,6920.0,53.189264258154324,73.46720877086864,74.08616012538498,7400.550859840458,6240.449140159542,6820.5,6695.4,0.37195081312057005,0.03129657228017879,0.011695906432748648,-0.004316546762589968,7540.0,3555.0,-0.08222811671087533,0.9465541490857946,1.014588373286416,1.0335454192430624,-0.017341040462427793,0
2022-11-28,6910.0,7000.0,6730.0,6870.0,36665058430,5338753,762,6940.0,6790.0,50.17194173834908,62.39297552156586,71.74752320462116,7374.206953848543,6315.793046151457,6845.0,6698.6,0.39825255195914483,0.004437869822485174,-0.008759124087591275,-0.018786127167630062,7540.0,3555.0,-0.09946949602122016,0.909985935302391,0.9919649379108838,1.0136446421640342,-0.013254786450662692,0
2022-11-29,6780.0,7000.0,6780.0,6890.0,44078537650,6398291,611,6870.0,6810.0,50.635901469796075,54.6009924855407,68.31821706080507,7331.634637512942,6412.365362487058,6872.0,6701.8,0.4796191718121967,-0.025751072961373356,-0.032670454545454586,0.002945508100147265,7540.0,3555.0,-0.09681697612732096,0.9156118143459916,0.9909778812572759,1.0161449162911456,0.017621145374449254,0
2022-11-30,6810.0,7000.0,6760.0,6830.0,25938325410,3798700,475,6890.0,6820.0,50.88216507196733,48.67164973668332,64.38890359598072,7271.553351886214,6526.446648113786,6899.0,6711.6,0.2847349228203606,-0.004379562043795637,0.002941176470588225,0.001468428781204123,7540.0,3555.0,-0.09549071618037135,0.9184247538677919,0.9885490650818959,1.0161511413075868,-0.008797653958944274,0
2022-12-03,6780.0,6900.0,6750.0,6820.0,23001471000,3371804,473,6830.0,6750.0,49.037980775233706,37.88744502191821,59.08861188116823,7258.971589764931,6555.028410235069,6907.0,6715.0,0.27918293325737,-0.02877697841726623,0.011994002998500841,-0.01026392961876832,7540.0,3555.0,-0.10477453580901856,0.8987341772151899,0.9772694368032431,1.0052122114668651,-0.013333333333333308,0
2022-12-04,6750.0,6900.0,6730.0,6790.0,21746362570,3202218,514,6820.0,6800.0,50.42027191844518,32.9951200172236,53.869913508379305,7251.247788388906,6544.752211611094,6898.0,6720.4,0.30016484649124836,-0.017341040462427793,0.013412816691505292,0.007407407407407307,7540.0,3555.0,-0.09814323607427056,0.9127988748241913,0.9857929834734706,1.0118445330635082,-0.019117647058823573,0
2022-12-05,6800.0,6870.0,6700.0,6790.0,25576328650,3769284,388,6790.0,6700.0,47.637264331369146,20.808881110214315,47.25770702874631,7222.926038284731,6530.073961715269,6876.5,6724.4,0.38732378898235426,-0.013254786450662692,-0.00887573964497046,-0.014705882352941124,7540.0,3555.0,-0.11140583554376658,0.8846694796061885,0.9743328728277467,0.9963714234727262,0.014925373134328401,0
2022-12-06,6830.0,6980.0,6710.0,6900.0,29915592380,4336529,526,6790.0,6930.0,53.93510682043053,29.371698136231316,43.680505250243314,7225.675748003304,6531.324251996696,6878.5,6738.0,0.4734499706174208,0.017621145374449254,-0.008583690987124415,0.0343283582089553,7540.0,3555.0,-0.08090185676392574,0.9493670886075949,1.0074870974776478,1.0284951024042743,-0.005772005772005762,0
2022-12-07,6970.0,6970.0,6760.0,6840.0,37720576620,5518214,472,6900.0,6760.0,49.2227208776881,22.184484146514478,39.38130102949755,7080.421597149676,6608.578402850324,6844.5,6738.8,0.7165783756356594,-0.008797653958944274,-0.013138686131386912,-0.024531024531024515,7540.0,3555.0,-0.10344827586206896,0.9015471167369902,0.9876543209876543,1.00314596070517,0.044378698224851965,0
2022-12-10,6840.0,6840.0,6630.0,6700.0,22793137830,3400554,467,6840.0,6660.0,46.64120481876439,8.323453423558021,33.169731508309646,7023.4698994978235,6616.5301005021765,6820.0,6736.0,0.4897306390323854,-0.013333333333333308,-0.04172661870503602,-0.014792899408283988,7540.0,3555.0,-0.11671087533156499,0.8734177215189873,0.9765395894428153,0.9887173396674585,0.10060060060060061,1
2022-12-11,6700.0,6800.0,6650.0,6740.0,18225103560,2705358,425,6700.0,6670.0,46.94088217105453,-1.83346185424125,26.169092835799468,7024.879942828877,6598.120057171123,6811.5,6742.8,0.428316809999369,-0.019117647058823573,-0.036127167630057855,0.0015015015015014122,7540.0,3555.0,-0.11538461538461539,0.8762306610407876,0.9792263084489466,0.9892032983330367,0.10794602698650668,1
2022-12-12,6640.0,7020.0,6640.0,6870.0,40143541770,5840338,797,6740.0,6800.0,50.80868540895443,0.6001055133428963,21.055295371308155,7021.687564285397,6596.312435714603,6809.0,6748.8,0.919170466445405,0.014925373134328401,0.0014727540500736325,0.019490254872563728,7540.0,3555.0,-0.09814323607427056,0.9127988748241913,0.9986782200029373,1.0075865339023233,0.0676470588235294,1
2022-12-13,7000.0,7060.0,6810.0,6980.0,50999554830,7307609,865,6870.0,6890.0,53.34435346873956,9.679394983520979,18.780115293750722,6990.314724006511,6612.685275993489,6801.5,6758.8,1.1357014015985867,-0.005772005772005762,0.011747430249632984,0.013235294117647012,7540.0,3555.0,-0.08620689655172414,0.9381153305203939,1.0130118356244946,1.0194117298928804,0.06386066763425258,1
2022-12-14,6960.0,7290.0,6840.0,7110.0,57025785330,8022863,1185,6980.0,7060.0,57.772208884096024,30.243745480287544,21.072841331058086,7034.361319930666,6594.638680069334,6814.5,6769.4,1.395159688778259,0.044378698224851965,0.035190615835777095,0.02467343976777947,7540.0,3555.0,-0.0636604774535809,0.9859353023909986,1.0360261207718835,1.0429284722427394,0.053824362606232246,1
2022-12-17,7060.0,7400.0,7010.0,7250.0,79424469750,10955564,1329,7110.0,7330.0,63.66958824275608,67.5492195677225,30.36811697839097,7152.385224308516,6542.614775691484,6847.5,6776.4,1.8715497906551692,0.10060060060060061,0.08592592592592596,0.0382436260623229,7540.0,3555.0,-0.027851458885941646,1.0618846694796062,1.0704636728733115,1.0816952954371053,0.07366984993178716,1
2022-12-18,7300.0,7700.0,7260.0,7450.0,65430798720,8780242,1179,7250.0,7390.0,64.84455471335733,100.79368821665048,44.453231226042874,7260.196448361552,6502.803551638448,6881.5,6790.6,1.4438969052148014,0.10794602698650668,0.08676470588235285,0.008185538881309684,7540.0,3555.0,-0.01989389920424403,1.078762306610408,1.0738937731599216,1.0882690778429005,0.03518267929634633,0
2022-12-19,7460.0,7670.0,7260.0,7430.0,55172406040,7429420,981,7450.0,7260.0,60.29456801743001,115.32090794767191,58.62676657036869,7314.680107307611,6498.319892692389,6906.5,6801.8,1.2234553682891447,0.0676470588235294,0.08358208955223878,-0.017591339648173165,7540.0,3555.0,-0.03713527851458886,1.0421940928270041,1.0511836675595454,1.0673645211561644,0.1005509641873279,1
2022-12-20,7360.0,7500.0,7230.0,7400.0,48909912070,6607897,754,7430.0,7330.0,61.846972853938524,130.97248001103435,73.09590925850182,7370.636444501735,6476.363555498265,6923.5,6806.0,1.1569086243901305,0.06386066763425258,0.057720057720057616,0.009641873278236845,7540.0,3555.0,-0.027851458885941646,1.0618846694796062,1.058713078645194,1.0769908903908316,0.09686221009549789,1
2022-12-21,7520.0,7540.0,7320.0,7430.0,33102465990,4456219,588,7400.0,7440.0,64.21473783691442,150.51747259616423,88.58022192603431,7451.722367657249,6454.277632342751,6953.0,6812.6,0.7989401940898974,0.053824362606232246,0.10059171597633143,0.01500682128240105,7540.0,3555.0,-0.013262599469496022,1.0928270042194093,1.0700417086149863,1.092094061004609,0.04435483870967749,0
2022-12-24,7510.0,7950.0,7510.0,7850.0,102149363390,13010596,1554,7430.0,7870.0,71.62733198156968,198.41719644381737,110.54761682959094,7638.0899780169075,6359.9100219830925,6999.0,6831.0,2.1801623214846604,0.07366984993178716,0.18168168168168175,0.05779569892473124,7870.0,3555.0,0.0,1.2137834036568214,1.1244463494784969,1.1521007173181086,-0.05336721728081317,0
2022-12-25,7950.0,7960.0,7610.0,7760.0,67390129830,8689235,1346,7850.0,7650.0,64.28984556694908,216.13444793193412,131.6649830500596,7733.080819691633,6337.919180308367,7035.5,6849.4,1.4135768751910285,0.03518267929634633,0.14692653673163414,-0.027954256670902122,7870.0,3555.0,-0.02795425667090216,1.1518987341772151,1.0873427617084783,1.1168861506117325,-0.009150326797385588,0
2022-12-26,7550.0,8090.0,7550.0,7980.0,162953078880,20419297,1908,7760.0,7990.0,69.49138553551461,254.67492191342808,156.2669708227333,7896.985495814896,6294.014504185104,7095.5,6867.6,2.9588846075841984,0.1005509641873279,0.17500000000000004,0.04444444444444451,7990.0,3555.0,0.0,1.2475386779184248,1.1260658163624833,1.1634340963364203,-0.05632040050062581,0
2022-12-28,8110.0,8250.0,8000.0,8120.0,85501569220,10526407,1446,7980.0,8040.0,70.17929903185349,285.95677563780737,182.20493178574813,8045.461591742518,6268.538408257482,7157.0,6888.0,1.481045280948323,0.09686221009549789,0.16690856313497826,0.006257822277847325,8040.0,3555.0,0.0,1.261603375527426,1.1233757160821574,1.1672473867595818,-0.052238805970149294,0
2022-12-31,7720.0,8020.0,7720.0,7840.0,71816501320,9163818,1072,8120.0,7770.0,62.04373408753503,285.66812228069375,202.89756988473727,8117.067257796185,6291.932742203815,7204.5,6904.4,1.242438164933363,0.04435483870967749,0.10056657223796028,-0.03358208955223885,8040.0,3555.0,-0.033582089552238806,1.1856540084388185,1.0784926087861753,1.1253693297027982,0.0038610038610038533,0
2023-01-01,7660.0,8000.0,7370.0,7600.0,65350224250,8604320,982,7840.0,7450.0,54.04686325204843,256.65942666152205,213.64994124009422,8133.154855076415,6345.845144923585,7239.5,6917.0,1.1266181784081235,-0.05336721728081317,0.016371077762619368,-0.041184041184041176,8040.0,3555.0,-0.07338308457711443,1.0956399437412097,1.0290765936874093,1.07705652739627,0.06979865771812088,1
2023-01-02,7350.0,7900.0,7350.0,7640.0,73593271670,9638256,1166,7600.0,7580.0,56.499827348579814,241.37729275292259,219.1954115426599,8160.0276512972505,6396.9723487027495,7278.5,6934.6,1.2109729478241325,-0.009150326797385588,0.025710419485791558,0.01744966442953011,8040.0,3555.0,-0.05721393034825871,1.1322081575246132,1.0414233701999038,1.0930695353733453,0.05013192612137196,1
2023-01-03,7700.0,7830.0,7500.0,7650.0,69148497080,9042011,975,7640.0,7540.0,55.51783106658087,223.46248934586765,220.04882710330148,8167.1280174915355,6473.8719825084645,7320.5,6954.4,1.0996351476555433,-0.05632040050062581,0.038567493112947604,-0.00527704485488123,8040.0,3555.0,-0.06218905472636816,1.120956399437412,1.0299842906905265,1.0842056827332336,0.06896551724137923,1
2023-01-04,7660.0,7690.0,7410.0,7570.0,37594374680,4968275,668,7650.0,7620.0,57.122932479078166,213.26186001731003,218.6914336861032,8191.337252549261,6518.662747450739,7355.0,6981.6,0.6018996357261038,-0.052238805970149294,0.0395634379263301,0.010610079575596787,8040.0,3555.0,-0.05223880597014925,1.1434599156118144,1.0360299116247451,1.0914403575111722,0.09842519685039375,1
2023-01-07,7720.0,7980.0,7610.0,7770.0,59322176790,7630135,926,7570.0,7800.0,60.570443151725776,217.19855373405517,218.39285769569364,8217.82920519777,6596.170794802231,7407.0,7019.0,0.9127042317518633,0.0038610038610038533,0.048387096774193505,0.023622047244094446,8040.0,3555.0,-0.029850746268656716,1.1940928270042195,1.0530579181855002,1.1112694115970936,0.13076923076923075,1
2023-01-08,7860.0,8030.0,7820.0,7910.0,81439219920,10296013,895,7770.0,7970.0,63.551189392400765,231.36891429578918,220.98806901571277,8241.964099228577,6703.035900771423,7472.5,7060.2,1.1828116432334181,0.06979865771812088,0.01270648030495547,0.021794871794871717,8040.0,3555.0,-0.008706467661691543,1.2419127988748242,1.0665774506523922,1.1288632050083567,0.10915934755332501,1
2023-01-09,7950.0,8060.0,7810.0,7940.0,63373042180,7978090,962,7910.0,7960.0,63.248297456933535,239.03664505731012,224.59778422403227,8239.96799358267,6834.03200641733,7537.0,7096.8,0.8895847696955629,0.05013192612137196,0.04052287581699354,-0.0012547051442910462,8040.0,3555.0,-0.009950248756218905,1.2390998593530238,1.0561231259121666,1.1216322849735092,0.06407035175879394,1
2023-01-10,8090.0,8270.0,7940.0,8060.0,69053963050,8569231,1134,7940.0,8060.0,65.0425691984004,250.2972700692435,229.73768139307452,8251.429197995947,6948.570802004053,7600.0,7132.0,0.9411798857322655,0.06896551724137923,0.008760951188986343,0.012562814070351758,8060.0,3555.0,0.0,1.2672292545710266,1.0605263157894738,1.1301177790241166,0.06327543424317628,1
2023-01-11,8150.0,8620.0,8060.0,8490.0,160963987230,18966020,2080,8060.0,8370.0,69.9417243616912,280.9966512601404,239.9894753664877,8322.240696039396,7025.759303960603,7674.0,7174.0,1.9577432112608373,0.09842519685039375,0.04104477611940305,0.03846153846153855,8370.0,3555.0,0.0,1.3544303797468353,1.0906958561376074,1.1667131307499303,0.0035842293906809264,0
2023-01-14,8370.0,8920.0,8160.0,8650.0,73051656550,8441455,1391,8490.0,8820.0,75.34362322599293,337.74406784833536,259.54039386285723,8521.278604994004,7002.721395005996,7762.0,7224.8,0.8694799682268087,0.13076923076923075,0.1351351351351351,0.053763440860215006,8820.0,3555.0,0.0,1.481012658227848,1.1363050760113373,1.2207950393090465,-0.04421768707482998,0
2023-01-16,8940.0,9070.0,8760.0,8870.0,102893994760,11603892,1217,8650.0,8840.0,75.55390135850664,379.95080086930375,283.62247526414654,8702.82941704396,6972.17058295604,7837.5,7269.8,1.1912373086144707,0.10915934755332501,0.18657718120805367,0.0022675736961450532,8840.0,3555.0,0.0,1.4866385372714486,1.1279106858054226,1.2159894357478884,-0.07352941176470584,0
2023-01-17,8800.0,9000.0,8350.0,8610.0,129009950740,14985783,1825,8870.0,8470.0,64.5809016118489,379.1731609185599,302.73261239502926,8773.027651297245,7009.972348702754,7891.5,7299.6,1.49092708583456,0.06407035175879394,0.11741424802110823,-0.041855203619909465,8840.0,3555.0,-0.0418552036199095,1.3825597749648382,1.07330672242286,1.160337552742616,0.04250295159386064,0
2023-01-18,8560.0,8830.0,8390.0,8590.0,57262154460,6669129,1111,8610.0,8570.0,66.01740918482561,382.22004516320794,318.630098948665,8835.774146184125,7078.225853815875,7957.0,7328.4,0.666026821247147,0.06327543424317628,0.136604774535809,0.011806375442739103,8840.0,3555.0,-0.030542986425339366,1.410689170182841,1.0770390850823175,1.169423066426505,0.08518086347724618,1
2023-01-21,8700.0,8900.0,8290.0,8540.0,99537819590,11651058,1321,8590.0,8400.0,61.45434461555749,366.6901676322268,328.2421126853774,8859.863879619117,7161.136120380884,8010.5,7358.6,1.1349764871761252,0.0035842293906809264,0.10236220472440949,-0.019836639439906656,8840.0,3555.0,-0.049773755656108594,1.3628691983122363,1.0486236814181387,1.1415214850650939,0.03333333333333344,0
2023-01-22,8560.0,8660.0,8150.0,8390.0,61728068600,7359087,1080,8540.0,8430.0,61.954106286046226,352.7372417303786,333.1411384943776,8885.663369662017,7234.3366303379835,8060.0,7378.4,0.7068836746035921,-0.04421768707482998,0.0807692307692307,0.0035714285714285587,8840.0,3555.0,-0.04638009049773756,1.371308016877637,1.0459057071960298,1.1425241244714301,0.004744958481613271,0
2023-01-23,8500.0,8550.0,8070.0,8260.0,61968556990,7498535,1185,8390.0,8190.0,55.72904306512465,318.6403654057913,330.2409838766604,8898.712586509795,7253.287413490206,8076.0,7399.2,0.7398651466518901,-0.07352941176470584,0.027603513174403904,-0.028469750889679735,8840.0,3555.0,-0.07352941176470588,1.3037974683544304,1.014115898959881,1.1068764190723321,0.042735042735042805,0
2023-01-24,8300.0,8830.0,8240.0,8720.0,337901519030,38743578,1094,8260.0,8830.0,65.6429166023793,339.3491903320464,332.06262516773756,8995.430124996583,7274.569875003417,8135.0,7439.0,3.329138324737935,0.04250295159386064,0.10929648241206036,0.07814407814407809,8840.0,3555.0,-0.0011312217194570137,1.4838255977496484,1.0854333128457283,1.1869874983196667,-0.03737259343148358,0
2023-01-25,9330.0,9330.0,8910.0,9260.0,668240061210,72145163,3355,8720.0,9300.0,70.81218030098036,389.19970341863336,343.49004081791674,9195.697970255986,7205.302029744014,8200.5,7488.0,5.072068200051113,0.08518086347724618,0.15384615384615374,0.053227633069082625,9300.0,3555.0,0.0,1.6160337552742616,1.1340771904152185,1.2419871794871795,-0.10537634408602148,0
2023-01-28,9270.0,9270.0,8630.0,8840.0,246545872270,27892366,1820,9260.0,8680.0,58.342011987630855,374.3623595016443,349.66450455466224,9245.986556399064,7219.013443600936,8232.5,7520.8,1.8481176581922685,0.03333333333333344,0.03703703703703698,-0.06666666666666665,9300.0,3555.0,-0.06666666666666667,1.4416315049226442,1.0543577285150318,1.154132539091586,-0.09677419354838712,0
2023-01-29,8400.0,8660.0,8230.0,8250.0,158939204330,19271541,1021,8840.0,8470.0,54.82057269665663,341.7192853843262,348.07546072059506,9262.86676657483,7272.133233425169,8267.5,7554.2,1.2355376004261245,0.004744958481613271,-0.03968253968253965,-0.024193548387096753,9300.0,3555.0,-0.08924731182795699,1.3825597749648382,1.02449349863925,1.1212305737205792,-0.07910271546635184,0
2023-01-30,8320.0,8700.0,8010.0,8390.0,89297734620,10640295,1132,8250.0,8540.0,55.77872272025207,317.83403602877115,342.0271757822303,9249.396355395918,7394.603644604082,8322.0,7591.6,0.677747568279367,0.042735042735042805,-0.0339366515837104,0.008264462809917328,9300.0,3555.0,-0.08172043010752689,1.4022503516174403,1.02619562605143,1.1249275515042942,-0.05620608899297419,0
2023-01-31,8520.0,8960.0,8410.0,8610.0,73974939990,8591163,930,8390.0,8500.0,55.06014004958427,292.30759808890434,332.0832602435651,9232.768177028753,7503.231822971247,8368.0,7627.4,0.5490564058954923,-0.03737259343148358,0.0035419126328217754,-0.004683840749414525,9300.0,3555.0,-0.08602150537634409,1.3909985935302391,1.0157743785850861,1.1144033353436296,-0.06823529411764706,0
2023-02-01,8500.0,8760.0,8120.0,8420.0,93118624350,11055343,1010,8610.0,8320.0,51.82463821382846,254.61813704668566,316.5902356041893,9184.871454677204,7629.128545322795,8407.0,7658.6,0.7020242614597348,-0.10537634408602148,-0.029171528588098017,-0.02117647058823524,9300.0,3555.0,-0.1053763440860215,1.340365682137834,0.9896514809087665,1.0863604314104405,-0.03725961538461542,0
2023-02-05,8300.0,8400.0,7840.0,7930.0,89144301110,11235718,1365,8420.0,7840.0,44.341730449326995,183.8971275458407,290.0516139925196,9156.257407684901,7679.742592315099,8418.0,7675.6,0.6995574531192206,-0.09677419354838712,-0.06666666666666665,-0.05769230769230771,9300.0,3555.0,-0.15698924731182795,1.2053445850914206,0.9313376098835828,1.021418521027672,0.020408163265306145,0
2023-02-06,7890.0,7980.0,7440.0,7730.0,44337684390,5732709,1220,7930.0,7800.0,43.77450102044503,123.20235226687964,256.6817616473916,9156.257407684901,7679.742592315099,8418.0,7694.6,0.359050372724072,-0.07910271546635184,-0.07473309608540923,-0.005102040816326481,9300.0,3555.0,-0.16129032258064516,1.1940928270042195,0.9265858873841768,1.01369791802043,0.019230769230769162,0
2023-02-07,7650.0,8200.0,7650.0,8080.0,36841789660,4562348,550,7730.0,8060.0,48.39545956066277,94.98619098260133,224.3426475144336,9150.809686878893,7694.1903131211075,8422.5,7716.8,0.29097302657464036,-0.05620608899297419,-0.015873015873015928,0.03333333333333344,9300.0,3555.0,-0.13333333333333333,1.2672292545710266,0.9569605224102108,1.0444743935309972,-0.008684863523573227,0
2023-02-08,8170.0,8190.0,7840.0,7970.0,19747295200,2478926,442,8080.0,7920.0,46.193937183346115,60.62895703072809,191.59990941769252,9154.07957986958,7686.920420130419,8420.5,7736.8,0.16092045352229944,-0.06823529411764706,-0.10305775764439407,-0.017369727047146455,9300.0,3555.0,-0.14838709677419354,1.2278481012658229,0.9405617243631613,1.023679040430152,0.016414141414141437,0
2023-02-12,7860.0,8120.0,7810.0,7950.0,20550237020,2583461,458,7970.0,8010.0,47.8367287401079,40.19945513646053,161.3198185614461,9156.799025447131,7679.2009745528685,8418.0,7761.2,0.1710292132037605,-0.03725961538461542,-0.1387096774193548,0.011363636363636465,9300.0,3555.0,-0.13870967741935483,1.2531645569620253,0.9515324305060584,1.0320568984177705,0.04119850187265928,0
2023-02-13,7880.0,8150.0,7880.0,8020.0,51303006200,6394840,483,7950.0,8000.0,47.66259972297648,22.937600887258668,133.64337502660862,9160.380411103893,7638.619588896106,8399.5,7785.0,0.4417296216202737,0.020408163265306145,-0.07834101382488479,-0.0012484394506866447,9300.0,3555.0,-0.13978494623655913,1.250351617440225,0.9524376450979225,1.027617212588311,0.05624999999999991,1
2023-02-14,8010.0,8140.0,7950.0,8010.0,38682696060,4827751,314,8020.0,7950.0,46.74635369729708,5.163354955408977,107.9473710123687,9115.220653039438,7596.779346960561,8356.0,7807.6,0.33769625401462544,0.019230769230769162,-0.06139315230224318,-0.006249999999999978,9300.0,3555.0,-0.14516129032258066,1.2362869198312236,0.9514121589277166,1.018238639274553,0.05283018867924527,1
2023-02-15,7910.0,7990.0,7800.0,7870.0,32360140740,4112892,425,8010.0,7990.0,47.61396377162468,-5.630294762768244,85.23183785734132,9054.533737424708,7572.466262575292,8313.5,7832.4,0.2954327547332382,-0.008684863523573227,-0.06440281030444961,0.005031446540880502,9300.0,3555.0,-0.14086021505376345,1.2475386779184248,0.9610873879834005,1.0201215463970175,0.1063829787234043,1
2023-02-19,7810.0,8420.0,7810.0,8150.0,62482930710,7667652,550,7870.0,8050.0,48.95730027406645,-9.236370242676458,66.33819623733775,9038.392083348277,7546.607916651723,8292.5,7857.4,0.5656413601304442,0.016414141414141437,-0.05294117647058827,0.007509386733416834,9300.0,3555.0,-0.13440860215053763,1.2644163150492265,0.970756707868556,1.0245119250642707,0.09440993788819885,1
2023-02-20,8310.0,8710.0,8170.0,8500.0,64923076060,7640781,866,8150.0,8340.0,54.96796228150843,11.17751785987548,55.3060605618453,9016.442723807662,7545.557276192339,8281.0,7890.2,0.5616461904891433,0.04119850187265928,0.0024038461538462563,0.03602484472049694,9300.0,3555.0,-0.1032258064516129,1.3459915611814346,1.0071247433884796,1.0570074269346785,0.05395683453237421,1
2023-02-21,8340.0,9070.0,8340.0,8670.0,143706232930,16583066,1328,8500.0,8450.0,57.03470237995192,35.81885448882804,51.40861934724185,9020.881176869625,7546.118823130375,8283.5,7920.6,1.197258877936521,0.05624999999999991,0.07780612244897966,0.01318944844124692,9300.0,3700.0,-0.0913978494623656,1.2837837837837838,1.0201001991911631,1.0668383708304925,0.01775147928994092,0
2023-02-22,8500.0,8600.0,8070.0,8270.0,67126052290,8117288,910,8670.0,8370.0,55.055690218381436,48.33478655437375,50.79385278866823,9015.958360481158,7545.041639518842,8280.5,7952.8,0.5844497052251737,0.05283018867924527,0.07307692307692304,-0.009467455621301801,9300.0,3811.0,-0.1,1.1962739438467593,1.01080852605519,1.052459511115582,-0.008363201911589013,0
2023-02-25,8340.0,8840.0,8340.0,8720.0,88661842740,10170354,1021,8270.0,8840.0,63.14632564457395,95.0827699498368,59.65163622090195,9086.074381933351,7539.925618066649,8313.0,7996.4,0.7252953661675431,0.1063829787234043,0.09677419354838701,0.056152927120669105,9300.0,3919.0,-0.04946236559139785,1.255677468742026,1.0633946830265848,1.1054974738632386,-0.04864253393665163,0
2023-02-26,9070.0,9080.0,8590.0,8790.0,110690754720,12589330,1129,8720.0,8810.0,62.37449320685936,128.23195614343604,73.36770020540877,9082.444027818785,7541.555972181215,8312.0,8039.2,0.9901437038057208,0.09440993788819885,0.11237373737373746,-0.0033936651583710287,9300.0,3920.0,-0.05268817204301075,1.2474489795918366,1.0599133782483157,1.095880187083292,-0.04653802497162318,0
2023-02-27,8540.0,8830.0,8540.0,8710.0,76028235280,8727388,781,8790.0,8790.0,61.83189181869129,151.14676633906492,88.92351343214,8950.917790250707,7622.082209749293,8286.5,8079.0,0.9144600714313811,0.05395683453237421,0.09737827715355807,-0.002270147559591429,9300.0,3930.0,-0.054838709677419356,1.2366412213740459,1.0607614795148737,1.0880059413293723,0.018202502844141044,0
2023-02-28,8830.0,8830.0,8550.0,8670.0,78924514590,9106916,755,8710.0,8600.0,56.778680558717205,152.2207997819205,101.5829707020961,8938.30103690192,7626.698963098081,8282.5,8113.2,1.0583913760075978,0.01775147928994092,0.07499999999999996,-0.021615472127417545,9300.0,3930.0,-0.07526881720430108,1.188295165394402,1.0383338364020525,1.0600009860474289,0.06860465116279069,1
2023-03-01,8710.0,8800.0,8300.0,8610.0,56907749750,6607911,719,8670.0,8300.0,49.85109413327116,127.39594507439142,106.74556557655518,8924.243031490252,7623.756968509748,8274.0,8138.0,0.8289620926135246,-0.008363201911589013,0.04402515723270439,-0.03488372093023251,9300.0,3930.0,-0.10752688172043011,1.1119592875318065,1.0031423737007494,1.019906610960924,0.07228915662650603,1
2023-03-04,8450.0,8590.0,8330.0,8430.0,28375968170,3364447,520,8610.0,8410.0,52.156137010632094,115.26939571579351,108.45033160440286,8909.524142849497,7625.475857150502,8267.5,8159.6,0.4422531344075572,-0.04864253393665163,0.052565707133917394,0.013253012048192847,9300.0,3930.0,-0.0956989247311828,1.1399491094147582,1.0172361657091018,1.030687778812687,0.04399524375743158,0
2023-03-05,8610.0,8710.0,8400.0,8530.0,27202921450,3190265,525,8430.0,8400.0,51.92248741478644,103.6572058112979,107.49170644578189,8898.73501947129,7626.26498052871,8262.5,8179.8,0.4347909162631863,-0.04653802497162318,0.04347826086956519,-0.0011890606420927874,9300.0,3930.0,-0.0967741935483871,1.1374045801526718,1.0166414523449319,1.0269199735934864,0.03452380952380962,0
2023-03-06,8600.0,9100.0,8390.0,8810.0,61841381020,7020406,891,8530.0,8950.0,62.004351728564686,137.25270140394423,113.44390543741436,8997.346287401613,7590.653712598387,8294.0,8213.6,0.983839555026415,0.018202502844141044,0.07314148681055155,0.06547619047619047,9300.0,3930.0,-0.03763440860215054,1.27735368956743,1.0790933204726307,1.089656179994156,-0.011173184357541888,0
2023-03-07,9090.0,9420.0,8850.0,9290.0,79857936740,8599124,1024,8810.0,9190.0,65.41273421320608,181.15512443061743,126.98614923605498,9133.387945236633,7589.612054763367,8361.5,8250.8,1.2277635176523798,0.06860465116279069,0.08757396449704147,0.02681564245810053,9300.0,3930.0,-0.011827956989247311,1.3384223918575064,1.0990850923877296,1.1138313860474136,-0.017410228509249226,0
2023-03-11,9240.0,9410.0,8900.0,9140.0,46520942740,5092355,840,9290.0,8900.0,58.575197555811144,190.35326071156305,139.6595715311566,9177.191133116215,7655.808866883785,8416.5,8280.0,0.7304139795219078,0.07228915662650603,0.06332138590203096,-0.031556039173014194,9300.0,3930.0,-0.043010752688172046,1.2646310432569974,1.057446682112517,1.0748792270531402,0.07640449438202257,1
2023-03-12,9060.0,9060.0,8700.0,8870.0,28189524040,3179737,506,9140.0,8780.0,55.96816551589987,185.8178602398093,148.89122927288713,9210.441290603454,7694.558709396546,8452.5,8298.2,0.46064822477494277,0.04399524375743158,-0.006787330316742057,-0.013483146067415741,9300.0,3930.0,-0.05591397849462366,1.2340966921119594,1.038745933155871,1.0580607842664673,0.11047835990888388,1
2023-03-13,8850.0,8970.0,8640.0,8780.0,32390347770,3688158,526,8870.0,8690.0,54.02602102774016,172.96741416946134,153.70646625220198,9214.26758533867,7767.73241466133,8491.0,8319.0,0.5296637708310832,0.03452380952380962,-0.01362088535754824,-0.01025056947608205,9300.0,3930.0,-0.06559139784946237,1.2111959287531806,1.023436579908138,1.044596706334896,0.13118527042577677,1
2023-03-14,8620.0,8880.0,8620.0,8780.0,28167561810,3206717,698,8780.0,8850.0,56.890066902199706,173.69179500700193,157.70353200316197,9236.963067214203,7829.036932785797,8533.0,8336.2,0.45847124248765314,-0.011173184357541888,0.006825938566553003,0.018411967779056404,9300.0,3930.0,-0.04838709677419355,1.251908396946565,1.037149888667526,1.0616347976296152,0.08926553672316384,1
2023-03-15,8760.0,9050.0,8760.0,8960.0,47798689640,5336611,705,8780.0,9030.0,59.91546113526908,186.63891053490806,163.4906077095112,9275.541966888863,7893.458033111137,8584.5,8356.0,0.7688026669384828,-0.017410228509249226,0.050000000000000044,0.02033898305084736,9300.0,3930.0,-0.02903225806451613,1.297709923664122,1.0518958588153067,1.0806606031594064,0.11184939091915846,1
2023-03-18,9100.0,9580.0,9100.0,9490.0,168349321940,17735112,957,8960.0,9580.0,67.43555377643328,238.53036674013674,178.49855951563634,9420.092832482598,7911.907167517402,8666.0,8392.2,2.3376196012416526,0.07640449438202257,0.15421686746987961,0.060908084163898035,9580.0,3930.0,0.0,1.4376590330788803,1.1054696515116547,1.1415361883653867,0.09603340292275564,1
2023-03-19,9610.0,9890.0,9200.0,9660.0,71031880320,7352495,746,9490.0,9750.0,69.3496038959493,290.02902482981517,200.80465257847214,9579.40656648807,7928.593433511929,8754.0,8438.2,0.9488552600361063,0.11047835990888388,0.15933412604042796,0.017745302713987554,9750.0,3980.0,0.0,1.449748743718593,1.113776559287183,1.1554596951956577,0.0758974358974358,1
2023-03-25,10290.0,10290.0,9720.0,10000.0,95255311990,9528762,984,9660.0,9830.0,70.23619586963915,333.45356863420784,227.3344357896193,9727.332516648361,7958.667483351638,8843.0,8483.2,1.2151148582884561,0.13118527042577677,0.1702380952380953,0.00820512820512831,9830.0,4156.0,0.0,1.365255052935515,1.1116137057559652,1.1587608449641644,0.09766022380467954,1
2023-03-26,10260.0,10260.0,9420.0,9570.0,1722642380,179923,50,10000.0,9640.0,65.39782343041736,348.51891128854186,251.57133088940384,9825.37887483941,7990.621125160589,8908.0,8525.2,0.02408988865139408,0.08926553672316384,0.07709497206703908,-0.019328585961342792,9830.0,4156.0,-0.019328585961342827,1.3195380173243503,1.0821733273462057,1.1307652606390466,0.06846473029045641,1
2023-03-27,9450.0,10090.0,9310.0,9820.0,53438123050,5441621,874,9570.0,10040.0,70.07201833088556,388.2593488520379,278.90893448193066,10002.701950353536,7972.298049646464,8987.5,8573.6,0.7873004881834489,0.11184939091915846,0.09249183895538637,0.04149377593361003,10040.0,4156.0,0.0,1.4157844080846969,1.1171070931849791,1.1710366707100868,0.11354581673306763,1
2023-03-28,10160.0,10500.0,9350.0,10480.0,145980676050,13924812,1282,9820.0,10500.0,74.36127763984369,451.6655680388012,313.4602611933048,10262.989307051874,7925.010692948126,9094.0,8627.6,1.9334317876472575,0.09603340292275564,0.1797752808988764,0.04581673306772904,10500.0,4156.0,0.0,1.5264677574590952,1.1546074334726193,1.2170244332143354,0.09619047619047616,1
2023-03-29,10880.0,10880.0,10250.0,10420.0,122694465730,11776077,1774,10480.0,10490.0,74.11260739745146,495.3978985351114,349.84778866166613,10486.527098956973,7866.472901043028,9176.5,8678.0,1.6170580437170898,0.0758974358974358,0.19476082004555817,-0.0009523809523809268,10500.0,4156.0,-0.0009523809523809524,1.5240615976900866,1.143137361739225,1.2088038718598755,0.10104861773117246,1
2023-04-03,10550.0,10850.0,10030.0,10560.0,135364572230,12822903,1136,10420.0,10790.0,76.63676197018452,547.9471842682888,389.4676677829907,10748.856372369435,7802.143627630566,9275.5,8734.6,1.757986023473534,0.09766022380467954,0.24165707710011497,0.028598665395614953,10790.0,4156.0,0.0,1.5962463907603466,1.1632796075683252,1.2353170150894144,0.03707136237256714,0
2023-04-04,10740.0,11270.0,10260.0,10600.0,68787008100,6488202,1169,10560.0,10300.0,65.41712955045759,543.7855456345278,420.33124335329813,10871.11710075297,7830.882899247029,9351.0,8779.4,0.9033815981857298,0.06846473029045641,0.16384180790960445,-0.0454124189063948,10790.0,4156.0,-0.04541241890639481,1.478344562078922,1.1014864720350765,1.1732009021117618,0.08932038834951461,1
2023-04-05,10300.0,11340.0,10300.0,10980.0,164004614840,14937692,1338,10600.0,11180.0,73.04840636494097,604.5274464697923,457.170483976597,11153.451523050971,7806.548476949029,9480.0,8835.6,1.9987100039853263,0.11354581673306763,0.23809523809523814,0.08543689320388359,11180.0,4156.0,0.0,1.6900866217516843,1.1793248945147679,1.2653356874462403,0.06529516994633267,1
2023-04-08,11290.0,11740.0,11290.0,11640.0,166385136940,14288284,1395,10980.0,11510.0,75.25368121162599,671.5528394721241,500.04695507570244,11441.36062758938,7839.63937241062,9640.5,8889.4,1.8183833695601814,0.09619047619047616,0.20146137787056362,0.02951699463327362,11510.0,4156.0,0.0,1.76948989412897,1.19392147710181,1.2948005489684344,0.06516072980017373,1
2023-04-09,11780.0,12190.0,11190.0,11730.0,80884251260,6895941,1126,11640.0,11550.0,75.51520159335998,719.6034711466364,543.9582582898893,11687.186481933342,7907.813518066658,9797.5,8943.6,0.8583168989735875,0.10104861773117246,0.18461538461538463,0.0034752389226759828,11550.0,4156.0,0.0,1.779114533205005,1.178872161265629,1.2914262713001476,0.061471861471861455,1
2023-04-10,11820.0,12000.0,10950.0,11350.0,97550968190,8595975,1416,11730.0,11190.0,68.4989369353511,720.3314193685837,579.2328905056282,11805.230178538397,8068.769821461603,9937.0,8998.0,1.0350927880717757,0.03707136237256714,0.13835198372329605,-0.03116883116883118,11550.0,4156.0,-0.03116883116883117,1.692492781520693,1.1260943946865252,1.243609691042454,0.0884718498659518,1
2023-04-11,10960.0,11390.0,10960.0,11140.0,67741834190,6082247,998,11350.0,11220.0,68.7594286900206,715.0860065012366,606.4035137047499,11940.774847740828,8160.225152259172,10050.5,9051.0,0.736560193355063,0.08932038834951461,0.16390041493775942,0.002680965147453085,11550.0,4156.0,-0.02857142857142857,1.699711260827719,1.1163623700313416,1.2396420285051375,0.12299465240641716,1
2023-04-15,11790.0,11910.0,11370.0,11800.0,168234730670,14260712,1427,11140.0,11910.0,74.07043199562808,757.8699593088568,636.6968028255714,12197.12452984181,8175.875470158188,10186.5,9121.2,1.6697324514963428,0.06529516994633267,0.18625498007968133,0.06149732620320858,11910.0,4210.0,0.0,1.828978622327791,1.1691945221616846,1.3057492435205893,0.11167086481947952,1
2023-04-16,11950.0,12590.0,11950.0,12220.0,92670275700,7583523,1008,11800.0,12260.0,76.27381109341277,810.6736834822477,671.4921789569066,12466.034749892031,8242.965250107969,10354.5,9197.8,0.87516239530396,0.06516072980017373,0.16761904761904756,0.029387069689336798,12260.0,4229.0,0.0,1.8990305036651691,1.1840262687720315,1.3329274391702364,0.09787928221859699,1
2023-04-17,12500.0,12500.0,12000.0,12250.0,57640193340,4706715,832,12220.0,12260.0,76.27381109341277,842.8056761140233,705.75487838833,12665.753143640593,8391.246856359407,10528.5,9279.2,0.5384256913998395,0.061471861471861455,0.16873212583412767,0.0,12260.0,4240.0,0.0,1.8915094339622642,1.1644583748872108,1.3212345891887232,0.06525285481239806,1
2023-04-18,12500.0,12700.0,12000.0,12330.0,151507566370,12289586,1121,12250.0,12180.0,74.59351307759091,851.9939247444563,735.0026876595552,12780.383931776118,8625.616068223882,10703.0,9346.2,1.3399470141589416,0.0884718498659518,0.1288229842446711,-0.006525285481239762,12260.0,4240.0,-0.0065252854812398045,1.8726415094339623,1.1379986919555265,1.3032034409706619,0.031198686371100237,0
2023-04-19,12640.0,13180.0,12150.0,12790.0,144101800510,11264671,1398,12330.0,12600.0,77.4074831216399,882.9876360675098,764.5996773411462,12941.816406603719,8839.183593396281,10890.5,9412.2,1.1765169302440965,0.12299465240641716,0.2233009708737863,0.034482758620689724,12600.0,4270.0,0.0,1.9508196721311475,1.156971672558652,1.3386880856760375,0.012698412698412653,0
2023-04-24,13140.0,13240.0,12710.0,13040.0,76041015630,5830750,888,12790.0,13240.0,80.88225896789461,948.2620522201305,801.332152316943,13208.69921952863,8993.30078047137,11101.0,9503.4,0.6074140727852957,0.11167086481947952,0.184257602862254,0.050793650793650835,13240.0,4270.0,0.0,2.100702576112412,1.1926853436627332,1.3931855967338005,-0.0030211480362537513,0
2023-04-25,13480.0,13950.0,13460.0,13850.0,178807758540,12906868,1555,13040.0,13460.0,81.91211688432702,1006.1464289525793,842.2950076440703,13518.092440723416,9071.907559276584,11295.0,9603.2,1.37925011166649,0.09787928221859699,0.16941789748045188,0.0166163141993958,13460.0,4341.0,0.0,2.1006680488366736,1.1916777335104027,1.4016161279573474,0.002971768202080227,0
2023-04-26,13750.0,13750.0,12890.0,13150.0,250607658870,19063782,2959,13850.0,13060.0,74.09654618279757,1008.1225482848113,875.4605157722185,13691.692282167001,9229.307717832999,11460.5,9693.6,1.9172196360815246,0.06525285481239806,0.13073593073593082,-0.029717682020802383,13460.0,4341.0,-0.029717682020802376,2.0085233817092836,1.139566336547271,1.3472806800363126,0.07580398162327717,1
2023-04-29,13200.0,13340.0,12560.0,13000.0,238715620840,18358620,2461,13150.0,12560.0,65.66269477852475,958.2961739920047,892.0276474161758,13744.967411298781,9449.032588701219,11597.0,9774.8,1.767810965434849,0.031198686371100237,0.12243074173369073,-0.038284839203675314,13460.0,4409.0,-0.06686478454680535,1.8487185302789748,1.0830387169095457,1.2849367762000246,0.15923566878980888,1
2023-04-30,12680.0,13300.0,12680.0,12940.0,220100169340,17012109,2212,13000.0,12760.0,67.267603925782,924.2920781900393,898.4805335709485,13758.234150916442,9747.765849083558,11753.0,9863.6,1.5153455140666712,0.012698412698412653,0.13725490196078427,0.015923566878981,13460.0,4409.0,-0.05200594353640416,1.8940802903152643,1.0856802518505912,1.2936453221947362,0.036050156739811934,0
2023-05-01,13110.0,13640.0,12940.0,13260.0,124387094140,9381672,1568,12940.0,13200.0,70.53091354089415,922.2171646336265,903.2278597834842,13848.265082532998,9973.734917467002,11911.0,9970.8,0.8212566330204478,-0.0030211480362537513,0.10831234256926958,0.034482758620689724,13460.0,4409.0,-0.019316493313521546,1.993876162395101,1.1082192930904207,1.3238656878084005,-0.028787878787878807,0
2023-05-02,13490.0,13920.0,13200.0,13540.0,234446604530,17321481,1763,13260.0,13500.0,72.54101605894232,934.013546723234,909.3849971714342,14002.596250511826,10119.403749488174,12061.0,10084.8,1.4940824256717653,0.002971768202080227,0.10114192495921692,0.022727272727272707,13500.0,4576.0,0.0,1.9501748251748252,1.1193101732857973,1.3386482627320324,-0.08148148148148149,0
2023-05-03,13930.0,14120.0,13360.0,13730.0,277223325990,20197040,1737,13540.0,14050.0,75.80007141517126,976.4863412752256,922.8052659921925,14224.113598764961,10253.886401235039,12239.0,10204.6,1.6810639754692158,0.07580398162327717,0.14600326264274055,0.040740740740740744,14050.0,4719.0,0.0,1.9773257045984318,1.147969605359915,1.3768300570331027,-0.17366548042704621,0
2023-05-06,13910.0,14680.0,13850.0,14210.0,221624181370,15593742,1835,13730.0,14560.0,78.36437209652597,1039.318458473792,946.1079044885124,14538.43225850608,10316.56774149392,12427.5,10337.4,1.2831207843777848,0.15923566878980888,0.1954022988505748,0.036298932384341676,14560.0,4729.0,0.0,2.0788750264326494,1.171595252464293,1.408477953837522,-0.22046703296703296,0
2023-05-07,14690.0,14790.0,13220.0,13780.0,143278947310,10396273,1196,14210.0,13220.0,60.28819938812426,969.8072288319418,950.8477693571983,14468.527968131757,10678.472031868243,12573.5,10441.6,0.8419136361254197,0.036050156739811934,0.049206349206349254,-0.09203296703296704,14560.0,4729.0,-0.09203296703296704,1.7955170226263482,1.051417664134887,1.2660894882010418,-0.0975794251134644,0
2023-05-08,12880.0,13150.0,12820.0,12860.0,52269982830,4063653,482,13780.0,12820.0,56.12627737044588,872.3860975873922,935.1554350032372,14441.002450292794,10869.997549707206,12655.5,10538.0,0.34424077930704483,-0.028787878787878807,-0.031722054380664666,-0.030257186081694365,14560.0,4729.0,-0.11950549450549451,1.7109325438781984,1.0129983011338943,1.216549629910799,-0.04446177847113886,0
2023-05-09,11960.0,12880.0,11960.0,12480.0,140476666900,11259956,1274,12860.0,12400.0,52.06223336005453,752.6130050443717,898.6469490114641,14411.934578189706,10988.065421810294,12700.0,10627.0,0.9662489634450798,-0.08148148148148149,-0.07875185735512635,-0.032761310452418146,14560.0,4729.0,-0.14835164835164835,1.622118841192641,0.9763779527559056,1.1668391832125717,-0.07258064516129037,0
2023-05-10,12560.0,13100.0,11610.0,11810.0,127283525380,10780312,1108,12480.0,11610.0,45.40279989551955,587.1769581226945,836.3529508337103,14407.05516342681,10998.94483657319,12703.0,10699.4,0.9099241392962887,-0.17366548042704621,-0.11102603369065855,-0.06370967741935485,14560.0,4921.0,-0.2026098901098901,1.3592765698028857,0.913957332913485,1.085107576125764,0.01808785529715773,0
2023-05-13,11550.0,11850.0,10990.0,11150.0,169373158860,15184556,1135,11810.0,11350.0,43.43368044736804,430.12960559861494,755.1082817866912,14387.853004887897,11034.146995112103,12711.0,10765.4,1.2469954824512426,-0.22046703296703296,-0.0963375796178344,-0.02239448751076656,14560.0,4990.0,-0.22046703296703296,1.2745490981963927,0.8929273857288962,1.054303602281383,0.05374449339207055,1
2023-05-14,11450.0,11930.0,11450.0,11830.0,122869147040,10387687,929,11150.0,11930.0,48.771238497680066,348.4528524176567,673.7771959128844,14322.625312277412,11170.374687722588,12746.5,10837.2,0.8382449636365188,-0.0975794251134644,-0.0650470219435737,0.05110132158590308,14560.0,4990.0,-0.18063186813186813,1.3907815631262526,0.9359432000941434,1.100837854796442,0.014249790444258226,0
2023-05-15,12250.0,12600.0,11810.0,12260.0,93936894720,7659730,1049,11830.0,12250.0,51.49089834146675,306.0171870773902,600.2251941457855,14310.229129486339,11216.770870513661,12763.5,10913.2,0.6350226700721331,-0.04446177847113886,-0.07196969696969702,0.026823134953897654,14560.0,4990.0,-0.15865384615384615,1.4549098196392785,0.9597680886904062,1.1224938606458232,-0.06693877551020411,0
2023-05-21,12310.0,12310.0,11200.0,11440.0,47454059780,4148844,516,11510.0,11500.0,45.40653596836763,209.45343574723847,522.0708424660761,14354.97200037361,11096.02799962639,12725.5,10975.8,0.3489237687570766,-0.07258064516129037,-0.14814814814814814,-0.061224489795918324,14560.0,4990.0,-0.21016483516483517,1.3046092184368738,0.9036973006954541,1.0477596166110899,-0.03391304347826085,0
2023-05-22,11890.0,12240.0,11510.0,11940.0,148317816710,12420908,1331,11440.0,11820.0,48.218026341673855,156.9382068048435,449.0443153338296,14369.000225158066,11037.999774841934,12703.5,11035.4,1.011794939635611,0.01808785529715773,-0.15871886120996437,0.027826086956521667,14560.0,4990.0,-0.18818681318681318,1.3687374749498997,0.9304522375723225,1.0710984649401019,-0.08629441624365486,0
2023-05-23,12400.0,12550.0,11820.0,12200.0,157197190740,12880247,1493,11940.0,11960.0,49.44468991361479,125.17341823966308,384.27013591499633,14374.5092151952,11010.4907848048,12692.5,11098.4,1.046694175532066,0.05374449339207055,-0.1785714285714286,0.011844331641285955,14560.0,4990.0,-0.17857142857142858,1.3967935871743486,0.942288753200709,1.077632811936856,-0.07692307692307687,0
2023-05-24,12350.0,12670.0,11900.0,12250.0,108089561500,8824808,1130,12200.0,12100.0,50.70233444399788,110.02808909897067,329.4217265517912,14369.015500958358,10965.984499041642,12667.5,11164.6,0.7243155067488427,0.014249790444258226,-0.08472012102874438,0.0117056856187292,14560.0,4990.0,-0.16895604395604397,1.4248496993987976,0.9552003157686995,1.0837826702255342,-0.09999999999999998,0
2023-05-27,11920.0,12290.0,11400.0,11520.0,190397368410,16520811,1592,12250.0,11430.0,44.940503495153735,43.46091567992153,272.22956437741726,14338.568619157815,10815.431380842185,12577.0,11221.2,1.298994316781775,-0.06693877551020411,-0.10842433697347897,-0.055371900826446274,14560.0,4990.0,-0.21497252747252749,1.2905811623246493,0.9088017810288622,1.0186076355470002,-0.0402449693788276,0
2023-05-28,11400.0,11600.0,10890.0,11030.0,58173828710,5274030,860,11520.0,11110.0,42.458744723086525,-34.71519928577254,210.84061164477933,14282.239421859738,10636.760578140262,12459.5,11277.4,0.4275138346325504,-0.03391304347826085,-0.1040322580645161,-0.027996500437445282,14560.0,4990.0,-0.23695054945054944,1.2264529058116231,0.8916890725952085,0.9851561530139926,0.008100810081008047,0
2023-05-29,10960.0,11560.0,10800.0,11170.0,41860909810,3748513,775,11030.0,10800.0,40.145835784453375,-120.29802213028051,144.61288488976737,14282.984185321837,10410.015814678163,12346.5,11325.2,0.32396457702273673,-0.08629441624365486,-0.06976744186046513,-0.027902790279027867,14560.0,4990.0,-0.25824175824175827,1.1643286573146292,0.874741829668327,0.9536255430367675,0.03703703703703698,0
2023-05-30,11540.0,11850.0,10900.0,11200.0,69517597500,6207161,1099,11170.0,11040.0,42.74617566517992,-166.8338745340352,82.32353300500685,14285.23050307022,10255.76949692978,12270.5,11378.0,0.5661827039884466,-0.07692307692307687,-0.027312775330396444,0.022222222222222143,14560.0,4990.0,-0.24175824175824176,1.2124248496993988,0.8997188378631678,0.970293548954122,-0.029891304347826053,0
2023-05-31,11290.0,11290.0,10750.0,10960.0,51666459260,4714009,682,11200.0,10890.0,41.5317235350721,-213.3581591861639,23.187194566772703,14264.43957996431,10089.56042003569,12177.0,11416.8,0.4555358768534067,-0.09999999999999998,-0.0871751886001676,-0.013586956521739135,14560.0,4990.0,-0.25206043956043955,1.182364729458918,0.8943089430894309,0.9538574731973933,0.037649219467401185,0
2023-06-03,10670.0,11160.0,10670.0,10990.0,21740000910,1977614,428,10960.0,10970.0,42.470489264044126,-240.99561115935649,-29.649366578453137,14160.670398798527,9970.329601201473,12065.5,11452.4,0.19819606875328455,-0.0402449693788276,-0.10448979591836738,0.007346189164370909,14560.0,4990.0,-0.24656593406593408,1.1983967935871744,0.9092039285566283,0.9578778247354267,0.005469462169553241,0
2023-06-06,11440.0,11440.0,10910.0,11180.0,43081147350,3854662,609,10990.0,11200.0,45.194946964933166,-241.55491841858748,-72.03047694648001,13969.187444851625,9931.812555148375,11950.5,11498.4,0.41426918474713464,0.008100810081008047,-0.02608695652173909,0.02096627164995435,14560.0,4990.0,-0.23076923076923078,1.2444889779559118,0.9371992803648382,0.9740485632783692,0.0071428571428571175,0
2023-06-07,11010.0,11480.0,11010.0,11280.0,36815576750,3265197,583,11180.0,11200.0,45.194946964933166,-239.240359508658,-105.47245345891561,13603.812907850253,10012.187092149747,11808.0,11546.8,0.3860421652140327,0.03703703703703698,-0.05245346869712353,0.0,14560.0,4990.0,-0.23076923076923078,1.2444889779559118,0.948509485094851,0.9699657047840095,0.008928571428571397,0
2023-06-10,11020.0,11030.0,10500.0,10620.0,72589298870,6834608,912,11280.0,10710.0,40.46060745886036,-273.7888918782719,-139.13574114278686,12958.310113158814,10272.689886841186,11615.5,11587.2,0.8521764966354024,-0.029891304347826053,-0.10451505016722407,-0.043749999999999956,14560.0,4990.0,-0.2644230769230769,1.1462925851703407,0.9220438207567474,0.9242957746478873,0.065359477124183,1
2023-06-11,10500.0,11330.0,10500.0,11130.0,55772331600,5011443,828,10620.0,11300.0,47.580926781118954,-250.67120194702147,-161.4428333036338,12647.018957712724,10391.981042287276,11519.5,11636.2,0.6465595977683963,0.037649219467401185,-0.06611570247933884,0.0550887021475257,14560.0,4990.0,-0.2239010989010989,1.2645290581162325,0.9809453535309692,0.9711074061978996,-0.010619469026548645,0
2023-06-12,11160.0,11680.0,10700.0,11150.0,165824843820,14873171,1210,11130.0,11030.0,44.932706621620234,-251.24086138040548,-179.40243891898814,12404.12524862134,10455.87475137866,11430.0,11676.2,1.7938040683980616,0.005469462169553241,-0.034995625546806686,-0.023893805309734506,14560.0,4990.0,-0.24244505494505494,1.2104208416833668,0.9650043744531933,0.9446566519929428,-0.0072529465095194645,0
2023-06-13,10540.0,11730.0,10540.0,11140.0,60056134230,5393222,573,11150.0,11280.0,47.82817070938818,-228.88101208883563,-189.29815355295764,12241.580543812266,10506.419456187734,11374.0,11710.2,0.6743148679376559,0.0071428571428571175,0.015301530153015275,0.022665457842248493,14560.0,4990.0,-0.22527472527472528,1.2605210420841684,0.9917355371900827,0.9632627965363528,0.0008865248226950229,0
2023-06-14,11010.0,11540.0,11010.0,11360.0,44935234940,3956497,486,11140.0,11300.0,48.06344380744789,-207.1588394291848,-192.8702907282031,12219.714839631546,10497.285160368454,11358.5,11741.2,0.5167240379016226,0.008928571428571397,0.04629629629629628,0.0017730496453900457,14560.0,4990.0,-0.2239010989010989,1.2645290581162325,0.9948496720517674,0.9624229209961502,-0.004424778761061954,0
2023-06-17,11740.0,11780.0,11400.0,11580.0,39056703920,3372974,523,11360.0,11410.0,49.414609733250614,-179.00432991602065,-190.0970985657666,12222.993470666835,10500.006529333165,11361.5,11772.8,0.4773319494138013,0.065359477124183,0.03351449275362328,0.009734513274336276,14560.0,4990.0,-0.21634615384615385,1.2865731462925851,1.0042688025348765,0.9691832019570537,-0.02366345311130591,0
2023-06-18,11610.0,11630.0,11000.0,11240.0,35045533010,3118299,569,11580.0,11180.0,46.680054355451034,-173.25359648073754,-186.7283981487608,12147.70868637012,10500.29131362988,11324.0,11803.6,0.46522074368087757,-0.010619469026548645,0.026629935720844822,-0.02015775635407535,14560.0,4990.0,-0.23214285714285715,1.2404809619238477,0.9872836453549982,0.9471686604086889,0.0008944543828264262,0
2023-06-19,11450.0,11580.0,10940.0,11150.0,43502416630,3902014,484,11240.0,10950.0,44.05458387429495,-185.12121448465405,-186.40696141593946,11978.774964833865,10539.225035166135,11259.0,11821.8,0.5989321547684253,-0.0072529465095194645,-0.001823154056517784,-0.020572450805008913,14560.0,4990.0,-0.24793956043956045,1.1943887775551103,0.9725552891020517,0.9262548850428869,0.013698630136986356,0
2023-06-20,11000.0,11330.0,10920.0,11120.0,29310495670,2635200,395,11150.0,11290.0,48.652206652478974,-165.18705520584444,-182.16298017392046,11959.985066604768,10537.014933395232,11248.5,11837.6,0.40923897360157035,0.0008865248226950229,0.008035714285714368,0.031050228310502304,14560.0,4990.0,-0.2245879120879121,1.2625250501002003,1.0036893808063296,0.9537406230992769,-0.054030115146147084,0
2023-06-21,11480.0,11480.0,10840.0,11070.0,56128631820,5070220,725,11120.0,11250.0,48.150859413091716,-150.8775337742336,-175.9058908939831,11881.543649354742,10558.456350645258,11220.0,11852.8,0.835052913211792,-0.004424778761061954,0.0044642857142858094,-0.003542958370239102,14560.0,4990.0,-0.22733516483516483,1.254509018036072,1.0026737967914439,0.9491428185745141,-0.04888888888888887,0
2023-06-24,11380.0,11380.0,10910.0,11080.0,19195156390,1732403,350,11070.0,11140.0,46.7249169550653,-146.72189694007284,-170.06909210320106,11747.045772804966,10610.954227195034,11179.0,11859.8,0.314163094829723,-0.02366345311130591,0.04014939309056964,-0.009777777777777774,14560.0,4990.0,-0.2348901098901099,1.2324649298597194,0.9965113158600948,0.9393075768562709,-0.02333931777378817,0
2023-06-25,11020.0,11450.0,11000.0,11150.0,49852391320,4471615,553,11080.0,11190.0,47.48617796732824,-137.8054077174129,-163.61635522604342,11513.987844748806,10753.012155251194,11133.5,11877.6,0.8442292796011405,0.0008944543828264262,-0.009734513274336276,0.004488330341113178,14560.0,4990.0,-0.23145604395604397,1.2424849699398797,1.0050747743297257,0.9421095170741564,-0.02502234137622883,0
2023-06-26,11020.0,11180.0,10820.0,11030.0,99591299630,9031649,635,11150.0,11100.0,46.20630208812425,-136.42860952054252,-158.17880608494323,11472.420877273118,10761.579122726882,11117.0,11876.0,1.8348712032173338,0.013698630136986356,0.006346328195829587,-0.008042895442359255,14560.0,4990.0,-0.23763736263736263,1.2244488977955912,0.9984708104704506,0.9346581340518694,0.02612612612612608,0
2023-06-27,10860.0,11100.0,10610.0,10720.0,53940146500,5030262,739,11030.0,10680.0,40.69411766653056,-167.299452989997,-160.002935465954,11498.810054426607,10692.189945573393,11095.5,11859.4,1.0244856318944175,-0.054030115146147084,-0.05319148936170215,-0.037837837837837784,14560.0,4990.0,-0.2664835164835165,1.1402805611222444,0.962552386102474,0.9005514612880922,0.12734082397003754,1
2023-06-28,10990.0,10990.0,10600.0,10740.0,19197252110,1787476,319,10720.0,10700.0,41.05472694649353,-187.98402319552406,-165.59915301186803,11510.474999257804,10670.525000742196,11090.5,11842.4,0.37146335125580615,-0.04888888888888887,-0.053097345132743334,0.001872659176029856,14560.0,4990.0,-0.2651098901098901,1.1442885771543085,0.9647896848654254,0.9035330676214282,0.11588785046728978,1
2023-07-01,10900.0,11100.0,10680.0,10790.0,33293181410,3085224,417,10740.0,10880.0,44.33527488675198,-187.68864061358,-170.01705053221042,11512.005529651939,10652.994470348061,11082.5,11836.2,0.662649967768232,-0.02333931777378817,-0.04645048203330415,0.016822429906542036,14560.0,4990.0,-0.25274725274725274,1.1803607214428857,0.981727949469885,0.9192139369054256,0.1066176470588236,1
2023-07-02,10780.0,11090.0,10770.0,10960.0,29437899820,2684922,341,10790.0,10910.0,44.88582160159383,-182.92515123326848,-172.59867067242203,11511.297849458822,10655.702150541178,11083.5,11830.0,0.5895183102460864,-0.02502234137622883,-0.02415026833631484,0.0027573529411764053,14560.0,4990.0,-0.2506868131868132,1.186372745490982,0.9843461000586458,0.9222316145393068,0.09990834097158574,1
2023-07-03,11110.0,11400.0,11010.0,11260.0,49561596710,4401224,559,10960.0,11390.0,52.91074021235494,-138.81785726028284,-165.8425079899942,11548.863589869368,10660.136410130632,11104.5,11819.6,0.9413146392898423,0.02612612612612608,0.04018264840182639,0.04399633363886335,14560.0,4990.0,-0.21771978021978022,1.282565130260521,1.0257102976270882,0.9636535923381502,-0.0026338893766462146,0
2023-07-04,11400.0,12040.0,11400.0,12000.0,276403574170,23024534,1619,11260.0,12040.0,61.158407436445025,-50.82703882264286,-142.83941415652393,11749.501658373832,10543.498341626168,11146.5,11815.2,4.086633629669522,0.12734082397003754,0.06643046944198416,0.05706760316066717,14560.0,4990.0,-0.17307692307692307,1.4128256513026052,1.0801596913829452,1.0190263389532128,-0.10880398671096347,0
2023-07-05,12200.0,12250.0,11800.0,11990.0,79642004750,6639737,814,12000.0,11940.0,59.433708009271804,10.713654127903283,-112.12880049963849,11878.83517097986,10488.16482902014,11183.5,11808.8,1.1442230122460666,0.11588785046728978,0.06133333333333324,-0.00830564784053156,14560.0,4990.0,-0.17994505494505494,1.3927855711422845,1.0676442974024232,1.0111103583768037,-0.08877721943048578,0
2023-07-08,11650.0,12760.0,11650.0,12300.0,94930558780,7718476,1068,11990.0,12040.0,60.62938569901179,66.78441180564914,-76.34615803858097,12003.445419391206,10496.554580608794,11250.0,11806.0,1.3200682240606985,0.1066176470588236,0.08078994614003587,0.008375209380234505,14560.0,4990.0,-0.17307692307692307,1.4128256513026052,1.0702222222222222,1.0198204302896832,-0.11212624584717612,0
2023-07-09,12000.0,12360.0,11930.0,12130.0,54031064320,4454466,796,12300.0,12000.0,59.86923932473696,106.7625334984059,-39.72441973118359,12106.449937611289,10463.550062388711,11285.0,11794.0,0.7654801147429855,0.09990834097158574,0.07238605898123329,-0.0033222591362126463,14560.0,4990.0,-0.17582417582417584,1.404809619238477,1.0633584404076208,1.0174665083940988,-0.15749999999999997,0
2023-07-10,11850.0,12150.0,11290.0,11530.0,62776349940,5444167,642,12130.0,11360.0,49.23326330889785,85.81362561098285,-14.6168106627503,12115.017670368376,10487.982329631624,11301.5,11756.4,1.0180334398205908,-0.0026338893766462146,0.023423423423423406,-0.053333333333333344,14560.0,4990.0,-0.21978021978021978,1.276553106212425,1.0051763040304384,0.9662821952298323,-0.11795774647887325,0
2023-07-11,11700.0,11700.0,10730.0,10950.0,86082084580,7863857,698,11530.0,10730.0,41.43064197594444,18.166320279115098,-8.060184474377222,12124.89129740619,10423.10870259381,11274.0,11701.8,1.437302531804004,-0.10880398671096347,0.004681647940074862,-0.05545774647887325,14560.0,4990.0,-0.26304945054945056,1.1503006012024048,0.9517473833599432,0.9169529474098003,-0.027027027027026973,0
2023-07-12,10700.0,11000.0,10300.0,10680.0,41690547860,3903445,605,10950.0,10880.0,43.71776049692962,-23.074916892905094,-11.063130958082796,12120.85021749239,10385.14978250761,11253.0,11658.2,0.7137913079967952,-0.08877721943048578,0.016822429906542036,0.013979496738117492,14560.0,4990.0,-0.25274725274725274,1.1803607214428857,0.966853283568826,0.9332487004854951,-0.003676470588235281,0
2023-07-15,11000.0,11390.0,10520.0,10850.0,29622043190,2729653,363,10680.0,10690.0,41.50678307534625,-70.2801606385874,-22.906536894183716,12115.02227143963,10318.97772856037,11217.0,11620.8,0.5021028320884459,-0.11212624584717612,-0.01746323529411764,-0.01746323529411764,14560.0,4990.0,-0.2657967032967033,1.1422845691382766,0.9530177409289471,0.9199022442516867,-0.022450888681010306,0
2023-07-16,10470.0,10950.0,10100.0,10360.0,61301738950,5917275,765,10850.0,10110.0,35.58967502934041,-152.7312187226562,-48.871473259878215,12183.211233635087,10143.788766364913,11163.5,11567.8,1.0611298693109026,-0.15749999999999997,-0.0733272227314391,-0.05425631431244149,14560.0,4990.0,-0.30563186813186816,1.0260521042084167,0.9056299547632911,0.8739777658673215,0.055390702274975334,1
2023-07-17,10200.0,10320.0,9640.0,9760.0,104683333830,10721718,805,10360.0,10020.0,34.76156332455845,-222.76858652387818,-83.65089591267821,12249.94483537443,9984.05516462557,11117.0,11504.2,1.8119040818454644,-0.11795774647887325,-0.12028094820017554,-0.008902077151335286,14560.0,4990.0,-0.3118131868131868,1.0080160320641283,0.9013222991814338,0.8709862485005476,0.05089820359281427,1
2023-07-18,10390.0,10440.0,10110.0,10370.0,44284372620,4270474,417,9760.0,10440.0,41.59172163895281,-241.59822127954794,-115.24036098605217,12241.555697043459,9907.444302956541,11074.5,11443.0,0.7118477159688151,-0.027027027027026973,-0.13289036544850497,0.041916167664670656,14560.0,4990.0,-0.28296703296703296,1.092184368737475,0.9427062169849655,0.9123481604474352,0.04118773946360155,0
2023-07-19,10830.0,11090.0,10400.0,10930.0,104999387380,9608247,812,10370.0,10840.0,47.255423910156296,-221.68869613051902,-136.53002801494554,12222.40746317438,9885.59253682562,11054.0,11378.8,1.5432353708163704,-0.003676470588235281,-0.09212730318257956,0.03831417624521083,14560.0,4990.0,-0.2554945054945055,1.1723446893787575,0.9806404921295458,0.9526487854606813,0.032287822878228845,0
2023-07-22,11000.0,11000.0,10170.0,10340.0,65315486830,6315046,555,10930.0,10450.0,42.888677572761296,-234.6748095193925,-156.15898431583494,12216.119822667832,9822.880177332168,11019.5,11296.6,0.9782922405949022,-0.022450888681010306,-0.13205980066445178,-0.0359778597785978,14560.0,4990.0,-0.2822802197802198,1.094188376753507,0.9483188892417986,0.9250570968255936,0.0717703349282297,1
2023-07-23,10200.0,10700.0,10200.0,10490.0,27343229100,2605368,343,10340.0,10670.0,45.924322870663715,-224.6249005275513,-169.85216755817822,12196.750181799942,9790.249818200058,10993.5,11245.6,0.40952922423171456,0.055390702274975334,-0.11083333333333334,0.021052631578947434,14560.0,4990.0,-0.26717032967032966,1.1382765531062125,0.9705735207167872,0.9488155367432596,0.012183692596063667,0
2023-07-24,10830.0,10980.0,10230.0,10580.0,39145871860,3699433,452,10490.0,10530.0,44.310250326738824,-225.35930344815824,-180.95359473617424,12183.712435319176,9746.287564680824,10965.0,11199.8,0.6069370212235093,0.05089820359281427,-0.07306338028169013,-0.013120899718837897,14560.0,4990.0,-0.2767857142857143,1.1102204408817635,0.960328317373461,0.9401953606314399,0.03893637226970559,0
2023-07-25,10420.0,11110.0,10420.0,10830.0,54163114130,5002902,530,10580.0,10870.0,48.998382062011785,-196.2439860389677,-184.01167299673295,12187.124838934777,9761.875161065223,10974.5,11169.2,0.820971235709151,0.04118773946360155,0.013047530288909703,0.03228869895536568,14560.0,4990.0,-0.2534340659340659,1.1783567134268538,0.9904779261014169,0.9732120474161086,0.022999080036798514,0
2023-07-26,10980.0,11370.0,10660.0,11130.0,70962877620,6377364,531,10830.0,11190.0,53.00801040025483,-145.6693756922923,-176.34321353584482,12208.24604609715,9789.75395390285,10999.0,11160.8,1.0085377486452414,0.032287822878228845,0.028492647058823595,0.029438822447102053,14560.0,4990.0,-0.23145604395604397,1.2424849699398797,1.0173652150195471,1.0026162999068169,-0.025915996425379784,0
2023-07-29,11300.0,11580.0,10930.0,11290.0,61190822140,5422000,511,11130.0,11200.0,53.13201310840065,-103.58762256378759,-161.79209534143337,12225.991329449387,9804.008670550613,11015.0,11157.8,0.8418973067267284,0.0717703349282297,0.04770813844714694,0.0008936550491509543,14560.0,4990.0,-0.23076923076923078,1.2444889779559118,1.0167952791647754,1.0037821075839324,-0.0267857142857143,0
2023-07-30,10900.0,11250.0,10760.0,10950.0,25845830800,2359586,304,11290.0,10800.0,47.70886913701614,-101.34593424300874,-149.70286312174844,12223.34471824101,9795.65528175899,11009.5,11135.2,0.36731084678977666,0.012183692596063667,0.06824925816023741,-0.0357142857142857,14560.0,4990.0,-0.25824175824175827,1.1643286573146292,0.9809709796085199,0.9698972627343918,0.0,0
2023-07-31,11400.0,11400.0,10730.0,10940.0,18317285060,1673900,227,10950.0,10940.0,49.646097097828566,-87.26659513991217,-137.21560952538118,12188.417496127635,9785.582503872365,10987.0,11109.0,0.26622315120673407,0.03893637226970559,0.09181636726546905,0.012962962962963065,14560.0,4990.0,-0.24862637362637363,1.1923847695390781,0.9957222171657414,0.9847871095508146,0.005484460694698434,0
2023-08-01,11090.0,11150.0,10860.0,11020.0,29744476070,2699900,240,10940.0,11120.0,52.1030116590924,-60.882308433614526,-121.94894930702786,12044.048503014077,9837.951496985923,10941.0,11101.4,0.512183717922619,0.022999080036798514,0.06513409961685834,0.01645338208409508,14560.0,4990.0,-0.23626373626373626,1.2284569138276553,1.0163604789324558,1.001675464355847,-0.006294964028776939,0
2023-08-05,11050.0,11300.0,10880.0,11040.0,39436285530,3571956,639,11020.0,10900.0,48.95872675917301,-57.066900804078614,-108.97253960643802,11892.312513627532,9885.687486372468,10889.0,11083.0,0.6979255110283993,-0.025915996425379784,0.005535055350553542,-0.01978417266187049,14560.0,4990.0,-0.25137362637362637,1.1843687374749499,1.001010193773533,0.9834882252097807,-0.032110091743119296,0
2023-08-06,10820.0,11090.0,10630.0,10840.0,21047307840,1941495,466,11040.0,10900.0,48.95872675917301,-53.42728627035103,-97.86348893922062,11685.641610982968,9978.358389017032,10832.0,11061.8,0.4020397039406371,-0.0267857142857143,0.04306220095693769,0.0,14560.0,4990.0,-0.25137362637362637,1.1843687374749499,1.006277695716396,0.9853730857545789,-0.013761467889908285,0
2023-08-07,10900.0,11050.0,10640.0,10770.0,32441193060,3011618,421,10840.0,10800.0,47.44922079346015,-57.94408643600218,-89.87960843857694,11436.578061631286,10107.421938368714,10772.0,11035.8,0.6330958306192458,0.0,0.012183692596063667,-0.00917431192660545,14560.0,4990.0,-0.25824175824175827,1.1643286573146292,1.0025993316004456,0.9786331756646551,-0.04351851851851851,0
2023-08-08,10770.0,11100.0,10640.0,11000.0,65142505400,5921653,450,10770.0,11000.0,50.72168741821585,-44.86814256081561,-80.87731526302467,11371.750758802931,10136.249241197069,10754.0,11027.2,1.2386207081196638,0.005484460694698434,0.04463437796771119,0.0185185185185186,14560.0,4990.0,-0.2445054945054945,1.2044088176352705,1.0228752092244746,0.9975333720255368,-0.07454545454545458,0
2023-08-09,11250.0,11480.0,11050.0,11180.0,89530912210,8006364,471,11000.0,11050.0,51.53424793247226,-30.123535335975248,-70.7265592776148,11400.872411824766,10139.127588175234,10770.0,11026.0,1.672183462057515,-0.006294964028776939,0.016559337626494974,0.00454545454545463,14560.0,4990.0,-0.24107142857142858,1.214428857715431,1.0259981429897864,1.002176673317613,-0.10407239819004521,0
2023-08-12,10820.0,11000.0,10400.0,10710.0,37449059160,3495239,497,11180.0,10550.0,43.762986468313656,-58.114244372512985,-68.20409629659444,11389.24444551376,10117.75555448624,10753.5,11021.0,0.7331295945742303,-0.032110091743119296,-0.05719392314566574,-0.04524886877828049,14560.0,5150.0,-0.27541208791208793,1.0485436893203883,0.981075928767378,0.9572634062244806,-0.10142180094786735,0
2023-08-13,10960.0,10960.0,10450.0,10690.0,52731260070,4932784,363,10710.0,10750.0,47.193266365643844,-63.427600519400585,-67.24879714115568,11391.583459083606,10121.416540916394,10756.5,11015.2,1.0112896894511758,-0.013761467889908285,-0.0401785714285714,0.018957345971563955,14560.0,5430.0,-0.2616758241758242,0.9797421731123389,0.9993957142193093,0.9759241775001815,-0.1209302325581395,0
2023-08-14,10980.0,11090.0,10300.0,10480.0,36645674060,3497282,534,10690.0,10330.0,41.47229983959937,-100.3719382354011,-73.87342536000477,11363.85140647239,10171.14859352761,10767.5,11004.0,0.7352302868505016,-0.04351851851851851,-0.04351851851851851,-0.039069767441860415,14560.0,5470.0,-0.29052197802197804,0.8884826325411335,0.9593684699326678,0.9387495456197746,-0.05905130687318494,0
2023-08-15,10330.0,10330.0,9850.0,10050.0,28018460800,2788277,446,10480.0,10180.0,39.62480530202668,-140.13890438628368,-87.12652116526056,11334.659190214734,10216.340809785266,10775.5,10988.2,0.6395065609882321,-0.07454545454545458,-0.06946983546617913,-0.014520813165537216,14560.0,5470.0,-0.3008241758241758,0.8610603290676416,0.9447357431209689,0.9264483718898454,-0.06679764243614927,0
2023-08-16,10570.0,10570.0,9900.0,9970.0,11478523110,1151848,224,10050.0,9900.0,36.36797163700822,-192.03451713257164,-108.10812035872279,11412.225093695874,10084.774906304126,10748.5,10962.2,0.2739812113998551,-0.10407239819004521,-0.10971223021582732,-0.027504911591355596,14560.0,5470.0,-0.32005494505494503,0.8098720292504571,0.9210587523840535,0.9031033916549597,0.03535353535353525,0
2023-08-19,9980.0,10100.0,9400.0,9650.0,24646123600,2554085,417,9970.0,9480.0,32.10530664712242,-264.0093189465297,-139.28836007628416,11541.998113753942,9819.001886246058,10680.5,10927.8,0.6631566921681827,-0.10142180094786735,-0.13027522935779812,-0.042424242424242475,14560.0,5470.0,-0.3489010989010989,0.7330895795246801,0.8875988951828098,0.8675122165486192,0.1371308016877637,1
2023-08-20,9640.0,9640.0,9200.0,9310.0,78053100330,8385566,1005,9650.0,9450.0,31.818428480990505,-319.7843423740269,-175.38755653583272,11642.616100060462,9618.383899939538,10630.5,10902.6,2.1202812387877312,-0.1209302325581395,-0.1330275229357798,-0.0031645569620253333,14560.0,5470.0,-0.35096153846153844,0.7276051188299817,0.8889516015239171,0.8667657256067359,0.09841269841269851,1
2023-08-21,9450.0,9720.0,9320.0,9530.0,26988998020,2833193,300,9310.0,9720.0,37.25271814444596,-338.29999500384474,-207.97004422943513,11669.666462168407,9496.333537831593,10583.0,10871.0,0.7143123582558124,-0.05905130687318494,-0.09999999999999998,0.02857142857142847,14560.0,5470.0,-0.3324175824175824,0.7769652650822669,0.9184541245393556,0.8941219758991813,0.06893004115226331,1
2023-08-22,9900.0,9900.0,9490.0,9580.0,38923919640,4063697,583,9530.0,9500.0,34.81760958109686,-366.50114740608115,-239.67626486476436,11716.51097041403,9346.48902958597,10531.5,10840.4,1.019867196814625,-0.06679764243614927,-0.13636363636363635,-0.02263374485596703,14560.0,5470.0,-0.3475274725274725,0.7367458866544789,0.9020557375492569,0.8763514261466366,0.08105263157894727,1
2023-08-23,9600.0,10250.0,9600.0,10090.0,39757449840,3940113,496,9580.0,10250.0,47.43290920879789,-324.5903562977928,-256.65908315137006,11680.897814298893,9320.102185701107,10500.5,10819.8,1.0022172785443135,0.03535353535353525,-0.07239819004524883,0.07894736842105265,14560.0,5480.0,-0.2960164835164835,0.8704379562043796,0.9761439931431837,0.9473372890441598,0.007804878048780495,0
2023-08-26,10320.0,10790.0,10080.0,10700.0,32937794410,3077555,433,10090.0,10780.0,54.181423455884854,-245.77602871952695,-254.48247226500143,11625.512985522906,9334.487014477094,10480.0,10809.4,0.8171066442911332,0.1371308016877637,0.02180094786729847,0.05170731707317078,14560.0,5550.0,-0.25961538461538464,0.9423423423423424,1.0286259541984732,0.9972801450589303,-0.054730983302411884,0
2023-08-27,10950.0,10950.0,10130.0,10650.0,112774019190,10593285,1466,10700.0,10380.0,49.06213635204317,-213.13487715570773,-246.2129532431427,11536.176375976807,9341.823624023193,10439.0,10788.8,2.631891797051496,0.09841269841269851,-0.034418604651162754,-0.03710575139146566,14560.0,5690.0,-0.28708791208791207,0.8242530755711776,0.9943481176357889,0.9621088536259825,-0.012524084778420042,0
2023-08-28,10500.0,10860.0,10100.0,10410.0,115855320680,11124933,1608,10650.0,10390.0,49.19138355016423,-184.33471707401623,-233.83730600931742,11503.180137184047,9333.819862815953,10418.5,10773.0,2.492570442957529,0.06893004115226331,0.0058083252662148865,0.0009633911368014392,14560.0,5690.0,-0.2864010989010989,0.8260105448154658,0.9972644814512646,0.9644481574306135,-0.008662175168431152,0
2023-08-29,10320.0,10830.0,10270.0,10430.0,25794199760,2473476,366,10410.0,10270.0,47.62959153894421,-169.24245812597837,-220.9183364326496,11444.27333583056,9325.72666416944,10385.0,10759.4,0.5492687953372523,0.08105263157894727,0.008840864440078589,-0.011549566891241536,14560.0,5690.0,-0.29464285714285715,0.804920913884007,0.9889263360616274,0.954514192241203,0.004868549172346581,0
2023-08-30,10260.0,10560.0,10220.0,10330.0,19618150060,1900056,278,10430.0,10330.0,48.50985557167483,-150.70302495442775,-206.87527413700525,11349.680760621117,9341.319239378883,10345.5,10740.2,0.42571381280178927,0.007804878048780495,0.04343434343434338,0.0058422590068158975,14560.0,5780.0,-0.29052197802197804,0.78719723183391,0.9985017640520033,0.961807042699391,-0.027105517909002952,0
2023-09-02,10230.0,10500.0,10190.0,10290.0,31763188750,3086736,343,10330.0,10190.0,46.54399756455312,-145.6285058034482,-194.62592047029386,11282.974819818892,9337.025180181108,10310.0,10719.0,0.6953732603410561,-0.054730983302411884,0.07489451476793252,-0.013552758954501476,14560.0,5780.0,-0.3001373626373626,0.7629757785467128,0.988360814742968,0.95064838137886,-0.023552502453385693,0
2023-09-03,10190.0,10370.0,10100.0,10290.0,30709968740,2985325,295,10290.0,10250.0,47.52547113731604,-135.20683403782823,-182.74210318380077,11212.141642556977,9342.858357443023,10277.5,10701.2,0.6647121950888237,-0.012524084778420042,0.08465608465608465,0.0058881256133465065,14560.0,5780.0,-0.2960164835164835,0.773356401384083,0.997324252006811,0.9578365043172727,-0.034146341463414664,0
2023-09-04,10240.0,10440.0,10240.0,10320.0,27021072380,2617762,295,10290.0,10300.0,48.376092804329,-121.51228397601335,-170.49613934224328,11156.134328698066,9348.865671301934,10252.5,10683.4,0.5854376760868641,-0.008662175168431152,0.05967078189300401,0.004878048780487809,14560.0,5780.0,-0.2925824175824176,0.7820069204152249,1.0046330163374786,0.9641125484396353,-0.009708737864077666,0
2023-09-05,10110.0,10580.0,10110.0,10380.0,34743470890,3345735,315,10320.0,10320.0,48.7340749492019,-107.80273866859534,-157.9574592075137,11055.811769893153,9381.188230106847,10218.5,10667.8,0.7704334956211399,0.004868549172346581,0.08631578947368412,0.001941747572815622,14560.0,5780.0,-0.29120879120879123,0.7854671280276817,1.0099329647208495,0.9673972140460076,-0.008720930232558155,0
2023-09-09,10280.0,10340.0,10000.0,10160.0,23665046170,2329492,364,10380.0,10050.0,44.27086838459362,-117.37158221784375,-149.84028380957972,10915.822554190361,9421.177445809639,10168.5,10655.2,0.5739330349290143,-0.027105517909002952,-0.019512195121951237,-0.026162790697674465,14560.0,5900.0,-0.30975274725274726,0.7033898305084746,0.9883463637704676,0.9432014415496658,0.020895522388059806,0
2023-09-10,9950.0,10200.0,9930.0,10060.0,26928655680,2677679,314,10160.0,9950.0,42.71069862847608,-131.5081795032329,-146.17386294831036,10870.163173872792,9406.836826127208,10138.5,10640.2,0.6664301526655193,-0.023552502453385693,-0.07699443413729123,-0.00995024875621886,14560.0,5900.0,-0.3166208791208791,0.6864406779661016,0.9814075060413276,0.9351327982556719,0.035175879396984966,0
2023-09-11,10260.0,10260.0,9900.0,10030.0,20438413780,2038459,249,10060.0,9900.0,41.9153067530562,-145.0737964134023,-145.95384964132876,10777.686144792167,9414.313855207833,10096.0,10620.6,0.5262946456775572,-0.034146341463414664,-0.046242774566473965,-0.005025125628140725,14560.0,5910.0,-0.32005494505494503,0.6751269035532995,0.9805863708399366,0.9321507259476866,0.022222222222222143,0
2023-09-12,9900.0,10730.0,9900.0,10400.0,40107083630,3857824,506,10030.0,10200.0,48.15402605917062,-130.11724218161544,-142.7865281493861,10764.584439164175,9414.415560835825,10089.5,10606.4,0.9914087353005,-0.009708737864077666,-0.018286814244465877,0.030303030303030276,14560.0,5910.0,-0.29945054945054944,0.7258883248730964,1.0109519797809603,0.9616835118419068,-0.019607843137254943,0
2023-09-13,10300.0,10560.0,10170.0,10320.0,17737077940,1718379,247,10400.0,10230.0,48.74686789022391,-114.52316416888607,-137.1338553532861,10768.774704020183,9415.225295979817,10092.0,10583.2,0.447755733754996,-0.008720930232558155,-0.003894839337877265,0.002941176470588225,14560.0,5910.0,-0.2973901098901099,0.7309644670050761,1.0136741973840666,0.9666263511981252,-0.019550342130987275,0
2023-09-17,10260.0,10480.0,10260.0,10320.0,21710043460,2103811,222,10320.0,10260.0,49.37033498888404,-98.60731200314149,-129.4285466832572,10784.536878162793,9435.463121837207,10110.0,10547.6,0.5414715897290341,0.020895522388059806,-0.006776379477250738,0.0029325513196480912,14560.0,5910.0,-0.29532967032967034,0.7360406091370558,1.0148367952522255,0.9727331336038529,-0.02729044834307992,0
2023-09-18,10300.0,10490.0,10200.0,10380.0,34985982700,3370179,267,10320.0,10300.0,50.23949813110365,-81.82301401570112,-119.907440149746,10764.282968947946,9537.717031052054,10151.0,10514.8,0.8583900399951582,0.035175879396984966,0.01079489695780178,0.003898635477582957,14560.0,5910.0,-0.2925824175824176,0.7428087986463621,1.0146783568121367,0.9795716513866171,-0.009708737864077666,0
2023-09-19,10100.0,10420.0,10100.0,10240.0,20005908960,1953813,291,10380.0,10120.0,46.380874846438736,-82.0994413586941,-112.34584039153563,10707.509560143604,9661.490439856396,10184.5,10476.4,0.5420369796151563,0.022222222222222143,-0.012682926829268304,-0.01747572815533982,14560.0,5910.0,-0.30494505494505497,0.7123519458544839,0.9936668466787766,0.9659806803863923,-0.011857707509881465,0
2023-09-20,10020.0,10440.0,9950.0,10060.0,23450164360,2330395,364,10240.0,10000.0,43.95700864504888,-90.95305889113843,-108.0672840914562,10684.721143104252,9712.278856895748,10198.5,10436.4,0.6510510373256652,-0.019607843137254943,-0.029126213592232997,-0.011857707509881465,14560.0,5910.0,-0.3131868131868132,0.6920473773265652,0.9805363533853018,0.9581848146870569,0.006000000000000005,0
2023-09-23,10060.0,10100.0,10000.0,10030.0,10339977530,1031346,163,10060.0,10030.0,44.73459345470541,-94.45998933517876,-105.34582514020072,10601.430604496507,9848.569395503493,10225.0,10409.8,0.3008753980830923,-0.019550342130987275,-0.0281007751937985,0.0029999999999998916,14560.0,5910.0,-0.31112637362637363,0.6971235194585449,0.9809290953545232,0.9635151491863437,0.017946161515453696,0
2023-09-25,10020.0,10130.0,9900.0,9980.0,18467989230,1851285,219,10030.0,9980.0,43.64761628268003,-100.11972128609159,-104.3006043693789,10602.461634948502,9820.538365051498,10211.5,10394.8,0.5570494764172429,-0.02729044834307992,-0.006965174129353269,-0.004985044865403743,14560.0,5910.0,-0.31456043956043955,0.688663282571912,0.9773294814669735,0.9600954323315505,0.029058116232465014,0
2023-09-26,10200.0,10400.0,9950.0,10250.0,26953250450,2630458,356,9980.0,10200.0,49.465947201342885,-85.86316117599563,-100.61311573070226,10473.8331426419,9891.1668573581,10182.5,10381.2,0.796861844034092,-0.009708737864077666,0.025125628140703515,0.022044088176352616,14560.0,5910.0,-0.29945054945054944,0.7258883248730964,1.0017186349128406,0.9825453704774014,0.04705882352941182,0
2023-09-27,10300.0,10450.0,10000.0,10170.0,58210083920,5721217,417,10250.0,10000.0,44.92481236950896,-89.6694099652268,-98.42437457760718,10450.364079315634,9876.635920684366,10163.5,10367.4,1.87125770830158,-0.011857707509881465,0.010101010101010166,-0.019607843137254943,14560.0,5910.0,-0.3131868131868132,0.6920473773265652,0.9839130220888473,0.9645619923992516,0.014999999999999902,0
2023-09-30,10080.0,10290.0,10020.0,10150.0,22085895160,2176059,374,10170.0,10060.0,46.51126224413044,-86.84331531331009,-96.10816272474777,10417.340526006752,9876.659473993248,10147.0,10366.4,0.8337472901553092,0.006000000000000005,-0.013725490196078383,0.006000000000000005,14560.0,5910.0,-0.3090659340659341,0.7021996615905245,0.9914260372523899,0.9704429695940732,-0.010934393638170947,0
2023-10-01,10030.0,10290.0,10030.0,10210.0,43662420010,4276855,264,10150.0,10210.0,50.360892555721094,-71.67365921493365,-91.22126202278496,10410.112758058698,9877.887241941302,10144.0,10370.2,1.5839363337482186,0.017946161515453696,-0.0019550342130987275,0.01491053677932408,14560.0,5910.0,-0.29876373626373626,0.727580372250423,1.0065063091482649,0.9845518890667488,0.011753183153770719,0
2023-10-02,10350.0,10390.0,10190.0,10280.0,18211416570,1772361,216,10210.0,10270.0,51.853568234905396,-54.185482394668725,-83.81410609716171,10399.913112842141,9882.086887157859,10141.0,10366.8,0.6579509633101854,0.029058116232465014,0.0009746588693957392,0.00587659157688547,14560.0,5910.0,-0.29464285714285715,0.7377326565143824,1.0127206389902377,0.9906624995176911,0.0,0
2023-10-04,10210.0,10880.0,10210.0,10610.0,152288271960,14354317,1158,10280.0,10680.0,60.577346778784474,-7.159868277427449,-68.48325853321487,10515.155544788877,9815.844455211123,10165.5,10363.6,4.407034329882691,0.04705882352941182,0.03689320388349504,0.03992210321324241,14560.0,5910.0,-0.2664835164835165,0.8071065989847716,1.0506123653534012,1.030529931683971,-0.041198501872659166,0
2023-10-07,10870.0,10870.0,10150.0,10500.0,50050106650,4768344,456,10610.0,10150.0,48.37511583434129,-12.51404675221238,-57.289416177014374,10508.032732273676,9812.967267726324,10160.5,10357.6,1.4249650022704259,0.014999999999999902,0.0029644268774704496,-0.04962546816479396,14560.0,5910.0,-0.30288461538461536,0.7174280879864636,0.9989665862900448,0.9799567467366957,-0.012807881773398977,0
2023-10-08,10110.0,10200.0,9900.0,10000.0,49782990320,4977876,432,10500.0,9950.0,44.71479583979275,-32.52072166262951,-52.3356772741374,10495.87958286306,9790.12041713694,10143.0,10343.2,1.436909140107096,-0.010934393638170947,-0.0050000000000000044,-0.019704433497536922,14560.0,5910.0,-0.3166208791208791,0.6835871404399323,0.9809720989845213,0.9619846855905329,-0.015075376884422065,0
2023-10-09,9920.0,10530.0,9910.0,10280.0,23670536790,2302473,227,10000.0,10330.0,52.12668360798693,-17.51147013474838,-45.3708358462596,10497.408180184644,9789.591819815356,10143.5,10339.2,0.6747903092000187,0.011753183153770719,0.029910269192422678,0.038190954773869246,14560.0,5910.0,-0.29052197802197804,0.7478849407783418,1.0183861586237493,0.9991101826060043,-0.027105517909002952,0
2023-10-10,9850.0,10400.0,9850.0,10270.0,20194112820,1967255,233,10280.0,10270.0,50.96485243436995,-10.338848907666033,-38.36443845854089,10509.773134365107,9799.226865634893,10154.5,10327.2,0.5796239959452204,0.0,0.029058116232465014,-0.0058083252662148865,14560.0,5910.0,-0.29464285714285715,0.7377326565143824,1.0113742675661037,0.9944612286002014,-0.02434274586173324,0
2023-10-11,10470.0,10470.0,10190.0,10360.0,20395175540,1969353,252,10270.0,10240.0,50.36044860450268,-6.994614625393297,-32.09047369191137,10513.203428224657,9824.796571775343,10169.0,10308.2,0.5863607664609477,-0.041198501872659166,0.0039215686274509665,-0.0029211295034079487,14560.0,5910.0,-0.2967032967032967,0.7326565143824028,1.0069820041301996,0.9933839079567722,-0.021484375,0
2023-10-14,10320.0,10320.0,9940.0,10080.0,23131260950,2294916,244,10360.0,10020.0,46.0477331824436,-21.844634892839167,-30.041305932096932,10504.089653440527,9845.910346559473,10175.0,10284.6,0.6806959832839863,-0.012807881773398977,0.0020000000000000018,-0.021484375,14560.0,5910.0,-0.3118131868131868,0.6954314720812182,0.9847665847665847,0.9742722128230558,-0.007984031936127733,0
2023-10-15,10270.0,10280.0,9780.0,9930.0,26036625530,2623166,266,10080.0,9800.0,42.15958980149124,-50.78018199818143,-34.189081145313835,10522.014986072241,9787.985013927759,10155.0,10264.6,0.7925708152560016,-0.015075376884422065,-0.025844930417495027,-0.021956087824351322,14560.0,5910.0,-0.3269230769230769,0.6582064297800339,0.9650418513047759,0.9547376419928687,0.01836734693877551,0
2023-10-16,9740.0,10180.0,9740.0,10050.0,24389412780,2427875,264,9930.0,10050.0,47.57661761704114,-52.92877096107986,-37.93701910846704,10514.043475694933,9777.956524305067,10146.0,10246.8,0.7257857356448826,-0.027105517909002952,-0.015670910871694366,0.025510204081632626,14560.0,5910.0,-0.30975274725274726,0.700507614213198,0.9905381431105854,0.980794003981731,-0.04875621890547266,0
2023-10-17,10240.0,10260.0,10010.0,10080.0,25944038660,2573148,413,10050.0,10020.0,47.00768026009071,-56.402123898267746,-41.630040066427185,10502.043475694934,9765.956524305066,10134.0,10224.8,0.7638548978249956,-0.02434274586173324,-0.02434274586173324,-0.0029850746268657025,14560.0,5910.0,-0.3118131868131868,0.6954314720812182,0.9887507400828893,0.9799702683671075,-0.07584830339321358,0
2023-10-18,9900.0,10140.0,9780.0,10000.0,28015738470,2800260,414,10080.0,10020.0,47.00768026009071,-58.480652565312994,-45.000162566204345,10482.987603096315,9757.012396903685,10120.0,10207.2,0.8383664079089412,-0.021484375,-0.061797752808988804,0.0,14560.0,5910.0,-0.3118131868131868,0.6954314720812182,0.9901185770750988,0.9816600047025629,-0.07784431137724546,0
2023-10-21,9740.0,10080.0,9740.0,9980.0,55976997640,5608039,401,10000.0,9940.0,45.3311711193422,-65.82444963988746,-49.16501998094097,10482.370435012816,9739.629564987184,10111.0,10188.0,1.591904043371249,-0.007984031936127733,-0.020689655172413834,-0.007984031936127733,14560.0,5910.0,-0.3173076923076923,0.6818950930626058,0.9830877262387498,0.9756576364350216,-0.1388329979879276,0
2023-10-22,10070.0,10070.0,9980.0,10010.0,23844152280,2382076,284,9980.0,9980.0,46.361249903783616,-67.63711743746353,-52.859439472245484,10482.666070365425,9737.333929634575,10110.0,10171.6,0.675683060237166,0.01836734693877551,0.0030150753768845018,0.004024144869215318,14560.0,5910.0,-0.31456043956043955,0.688663282571912,0.9871414441147379,0.9811632388218176,-0.13627254509018039,0
2023-10-23,9950.0,9950.0,9560.0,9690.0,37287235260,3849601,511,10010.0,9560.0,38.2183887725507,-101.79077890351255,-62.6457073584989,10529.09575235378,9643.90424764622,10086.5,10142.8,1.0499828071360517,-0.04875621890547266,-0.074540174249758,-0.04208416833667339,14560.0,5910.0,-0.3434065934065934,0.6175972927241963,0.9478015168789967,0.94254052135505,-0.07949790794979084,0
2023-10-24,9590.0,9790.0,9130.0,9260.0,16214503760,1751025,334,9690.0,9260.0,33.66940874562451,-151.3209606344226,-80.38075801368365,10620.63945662584,9480.36054337416,10050.5,10107.0,0.4782478581507061,-0.07584830339321358,-0.09834469328140216,-0.03138075313807531,14560.0,5910.0,-0.364010989010989,0.5668358714043993,0.9213471966568827,0.9161966953596518,-0.06263498920086397,0
2023-10-25,9390.0,9390.0,9150.0,9200.0,8098100310,880545,196,9260.0,9240.0,33.38412626989424,-189.99764477534336,-102.3041353660156,10667.898376915371,9337.101623084629,10002.5,10080.8,0.2463863744469339,-0.07784431137724546,-0.09765625,-0.002159827213822907,14560.0,5910.0,-0.36538461538461536,0.5634517766497462,0.9237690577355661,0.9165939211173717,-0.09307359307359309,0
2023-10-28,9110.0,9110.0,8560.0,8590.0,46677820890,5431099,407,9200.0,8560.0,25.47932267240415,-272.37968910483505,-136.31924611377949,10846.021163055017,9014.978836944983,9930.5,10037.0,1.525875858480923,-0.1388329979879276,-0.1457085828343313,-0.07359307359307354,14560.0,5910.0,-0.41208791208791207,0.44839255499153974,0.861990836312371,0.8528444754408688,0.002336448598130758,0
2023-10-29,8580.0,8900.0,8310.0,8630.0,10423111470,1207439,206,8590.0,8620.0,27.11912562845839,-329.0336590028146,-174.86212869158652,10934.404735560547,8782.595264439453,9858.5,10002.8,0.343911420006798,-0.13627254509018039,-0.12040816326530612,0.007009345794392496,14560.0,5910.0,-0.40796703296703296,0.45854483925549916,0.8743723690216565,0.8617587075618828,0.0,0
2023-10-30,8560.0,8960.0,8560.0,8800.0,7814275670,888456,176,8630.0,8800.0,31.956476650858093,-355.3120267690065,-210.95210830707052,10944.314836020714,8631.685163979286,9788.0,9975.2,0.26588687675393774,-0.07949790794979084,-0.12437810945273631,0.02088167053364276,14560.0,5910.0,-0.3956043956043956,0.4890016920473773,0.8990600735594606,0.8821878258080038,-0.011363636363636354,0
2023-10-31,8720.0,8990.0,8630.0,8810.0,2461202290,279239,109,8800.0,8680.0,30.502929883777597,-381.4240012095379,-245.04648688756401,10937.666790961102,8479.333209038898,9708.5,9950.8,0.0854771808873392,-0.06263498920086397,-0.1337325349301397,-0.013636363636363669,14560.0,5910.0,-0.40384615384615385,0.4686971235194585,0.8940619045166607,0.8722916750412028,0.033410138248847865,0
2023-11-01,8630.0,8630.0,8360.0,8430.0,16812804850,1994154,287,8810.0,8380.0,27.17506692633299,-421.46701250956175,-280.3305920119636,10867.144769942395,8319.855230057605,9593.5,9928.8,0.7528470398832202,-0.09307359307359309,-0.16367265469061876,-0.03456221198156684,14560.0,5910.0,-0.42445054945054944,0.4179357021996616,0.8735081044457185,0.8440093465474177,0.07398568019093088,1
2023-11-04,8740.0,8920.0,8450.0,8560.0,21120016290,2467486,279,8430.0,8580.0,32.464955135030365,-432.08228332855833,-310.68093027528255,10834.477169185438,8195.522830814562,9515.0,9911.4,0.9738382157635564,0.002336448598130758,-0.13682092555331993,0.023866348448687402,14560.0,5910.0,-0.4107142857142857,0.4517766497461929,0.9017341040462428,0.8656698347357589,0.07808857808857805,1
2023-11-05,8680.0,8680.0,8520.0,8580.0,25297638490,2946859,367,8560.0,8620.0,33.505278259129284,-432.28419313456834,-335.00158284713973,10807.062107524576,8089.937892475424,9448.5,9889.4,1.211590696117034,0.0,-0.13627254509018039,0.004662004662004726,14560.0,5910.0,-0.40796703296703296,0.45854483925549916,0.9123141239350161,0.8716403421845613,0.044083526682134666,0
2023-11-06,8600.0,8940.0,8550.0,8700.0,26030161890,2992756,221,8580.0,8700.0,35.64061143622804,-421.1343026049817,-352.22812679870816,10699.577952692307,8034.422047307693,9367.0,9873.4,1.213244693440913,-0.011363636363636354,-0.08995815899581594,0.009280742459396807,14560.0,5910.0,-0.4024725274725275,0.4720812182741117,0.9287925696594427,0.8811554277148703,0.08045977011494254,1
2023-11-07,8800.0,8980.0,8790.0,8900.0,39052906440,4386233,366,8700.0,8970.0,42.36736353190196,-386.06092053644534,-358.99468554625565,10577.658261448425,8026.341738551574,9302.0,9847.8,1.6950405019155625,0.033410138248847865,-0.03131749460043198,0.03103448275862064,14560.0,5910.0,-0.38392857142857145,0.5177664974619289,0.9643087508062782,0.9108633400353379,0.018952062430323213,0
2023-11-08,9000.0,9170.0,8910.0,9030.0,11522796540,1276427,282,8900.0,9000.0,43.079242817196565,-351.78905799800305,-357.5535600366051,10445.90215191848,8034.09784808152,9240.0,9812.2,0.49996358263018953,0.07398568019093088,-0.025974025974025983,0.0033444816053511683,14560.0,5910.0,-0.38186813186813184,0.5228426395939086,0.974025974025974,0.9172254947921974,0.011111111111111072,0
2023-11-11,9050.0,9400.0,9010.0,9260.0,20903757830,2257118,273,9030.0,9250.0,48.7593429962102,-300.98587158756345,-346.2400223467968,10353.286004430345,8049.713995569654,9201.5,9789.6,0.8847452935980775,0.07808857808857805,0.08060747663551404,0.02777777777777768,14560.0,5910.0,-0.3646978021978022,0.5651438240270727,1.005270879747867,0.9448802811146523,-0.022702702702702693,0
2023-11-12,9390.0,9390.0,9000.0,9210.0,14602971370,1585001,240,9260.0,9000.0,44.02785701656087,-277.69578683194777,-332.5311752438271,10282.522301295394,8040.477698704606,9161.5,9761.8,0.6341927379735727,0.044083526682134666,0.044083526682134666,-0.027027027027026973,14560.0,5910.0,-0.38186813186813184,0.5228426395939086,0.982371882333679,0.9219611137290254,0.0022222222222221255,0
2023-11-13,9230.0,9490.0,9200.0,9310.0,9070282400,973937,199,9210.0,9400.0,52.04592756865031,-224.37511317063218,-310.8999628291881,10180.64442660132,8077.355573398679,9129.0,9744.4,0.40136780489823204,0.08045977011494254,0.06818181818181812,0.04444444444444451,14560.0,5910.0,-0.3543956043956044,0.5905245346869712,1.0296856172636653,0.9646566232913263,-0.044680851063829796,0
2023-11-14,9400.0,9420.0,9140.0,9250.0,7523236910,813598,150,9310.0,9140.0,47.30262110945978,-200.78341599244413,-288.87665346183934,10054.257447741116,8115.742552258884,9085.0,9720.6,0.3479044478256218,0.018952062430323213,0.05299539170506917,-0.02765957446808509,14560.0,5910.0,-0.37225274725274726,0.5465313028764806,1.0060539350577875,0.9402711766763369,-0.005470459518599591,0
2023-11-15,9380.0,9380.0,9080.0,9160.0,7132560240,778507,159,9250.0,9100.0,46.59899442151839,-183.2026456563417,-267.74185190073985,9908.595308175949,8169.404691824051,9039.0,9698.8,0.3479392383327715,0.011111111111111072,0.08591885441527447,-0.004376367614879695,14560.0,5910.0,-0.375,0.5397631133671743,1.0067485341298816,0.938260403348868,-0.00879120879120876,0
2023-11-18,9270.0,9290.0,9040.0,9140.0,12600046950,1378935,272,9160.0,9040.0,45.50554829327992,-172.12708319180092,-248.61889815895208,9759.333914054267,8228.666085945733,8994.0,9674.6,0.6806111998988363,-0.022702702702702693,0.053613053613053685,-0.00659340659340657,14560.0,5910.0,-0.3791208791208791,0.5296108291032149,1.0051145207916388,0.9344055568188865,-0.014380530973451378,0
2023-11-19,9250.0,9260.0,8980.0,9100.0,16038174840,1763215,187,9140.0,9020.0,45.12544140677013,-163.08352760628622,-231.51182404841893,9564.236200817799,8327.763799182201,8946.0,9649.0,0.8837809382724465,0.0022222222222221255,0.04640371229698381,-0.0022123893805309214,14560.0,6130.0,-0.3804945054945055,0.47145187601957583,1.0082718533422759,0.9348118976059695,0.0044345898004434225,0
2023-11-20,9000.0,9140.0,8910.0,8980.0,6288089250,699953,121,9100.0,8980.0,44.32793610918167,-157.3305022602981,-216.67555969079478,9468.075312458855,8365.924687541145,8917.0,9622.2,0.3809062596950553,-0.044680851063829796,0.03218390804597693,-0.0044345898004434225,14560.0,6270.0,-0.38324175824175827,0.43221690590111644,1.0070651564427497,0.9332585063706844,0.07572383073496658,1
2023-11-21,8900.0,9200.0,8900.0,9080.0,9841960150,1083465,174,8980.0,9090.0,47.09685952767095,-142.25527724836866,-201.79150320230957,9443.150353036099,8373.849646963901,8908.5,9603.0,0.6005167548478398,-0.005470459518599591,0.013377926421404673,0.012249443207126953,14560.0,6270.0,-0.3756868131868132,0.44976076555023925,1.0203738003030813,0.9465791940018744,0.05940594059405946,1
2023-11-22,9290.0,9440.0,8970.0,9100.0,5814361710,638668,149,9080.0,9020.0,45.54447480840229,-134.40710634445168,-188.31462383073801,9413.130681788454,8381.869318211546,8897.5,9584.4,0.3563742474202097,-0.00879120879120876,0.0022222222222221255,-0.007700770077007646,14560.0,6280.0,-0.3804945054945055,0.43630573248407645,1.0137679123349255,0.9411126413755687,0.06984478935698446,1
2023-11-25,8950.0,9310.0,8850.0,8910.0,24324391500,2728548,283,9100.0,8910.0,43.138181453525796,-135.50147835597636,-177.7519947357857,9406.83330509597,8423.16669490403,8915.0,9564.6,1.6466798394713047,-0.014380530973451378,-0.036756756756756714,-0.012195121951219523,14560.0,6590.0,-0.38804945054945056,0.3520485584218513,0.9994391475042064,0.9315601279718964,0.13355780022446684,1
2023-11-26,8820.0,9190.0,8820.0,9030.0,27011802890,2991433,245,8910.0,9060.0,47.23233395946456,-122.8489039677861,-166.77137658218578,9413.197438046054,8460.802561953946,8937.0,9541.8,1.7131107707401572,0.0044345898004434225,0.006666666666666599,0.01683501683501687,14560.0,6660.0,-0.37774725274725274,0.36036036036036034,1.0137630077207116,0.9495063824435642,0.12030905077262699,1
2023-11-27,8990.0,9660.0,8990.0,9640.0,243404437060,25253443,905,9030.0,9660.0,59.72430544252843,-63.672682963160696,-146.15163785838078,9545.826828633659,8414.173171366341,8980.0,9530.4,8.518765251043723,0.07572383073496658,0.027659574468085202,0.0662251655629138,14560.0,6660.0,-0.33653846153846156,0.45045045045045046,1.0757238307349666,1.013598589775875,0.07660455486542439,1
2023-11-28,9730.0,9760.0,9410.0,9600.0,47643592970,4961320,406,9640.0,9630.0,58.972565189834185,-18.977094620926437,-120.71672921088991,9642.020137995187,8412.979862004813,9027.5,9517.8,1.5511139913025667,0.05940594059405946,0.05361050328227579,-0.0031055900621117516,14560.0,6660.0,-0.3385989010989011,0.44594594594594594,1.066740515092772,1.0117884385046965,0.0913811007268952,1
2023-11-29,9460.0,9790.0,9460.0,9670.0,43551803050,4502091,316,9600.0,9650.0,59.339997650686975,17.8525212554232,-93.00287911762729,9686.949662305151,8495.050337694849,9091.0,9504.8,1.354440191354884,0.06984478935698446,0.06043956043956045,0.0020768431983384517,14560.0,6660.0,-0.33722527472527475,0.44894894894894893,1.0614893851061489,1.0152764918777881,0.09533678756476682,1
2023-12-02,9780.0,10100.0,9710.0,9990.0,102544412500,10265146,696,9670.0,10100.0,66.5901191638529,82.40162177101956,-57.92197893989791,9862.301373507647,8471.698626492353,9167.0,9504.4,2.764030307073745,0.13355780022446684,0.11725663716814161,0.04663212435233155,14560.0,6660.0,-0.30631868131868134,0.5165165165165165,1.1017781171593761,1.0626657127225285,0.036633663366336666,0
2023-12-03,10010.0,10230.0,9860.0,10090.0,50085766140,4961512,365,9990.0,10150.0,67.28807219717064,136.02383303798342,-19.132816544321646,10013.857709120653,8473.142290879347,9243.5,9507.4,1.3006755972954507,0.12030905077262699,0.1252771618625277,0.004950495049504955,14560.0,6660.0,-0.30288461538461536,0.524024024024024,1.0980689132904202,1.06758945663378,0.03842364532019715,0
2023-12-04,10010.0,10700.0,10010.0,10390.0,112033793100,10780811,608,10090.0,10400.0,70.59570117299508,196.42842781366198,23.979432327275077,10207.687693272386,8449.312306727614,9328.5,9514.8,2.5644369490391346,0.07660455486542439,0.15812917594654796,0.024630541871921263,14560.0,6660.0,-0.2857142857142857,0.5615615615615616,1.114863054081578,1.0930340101736242,0.006730769230769207,0
2023-12-05,10400.0,10740.0,10280.0,10480.0,153614321850,14652923,800,10390.0,10510.0,71.94011773252633,250.29039320413722,69.24162450264751,10406.868563517759,8404.131436482241,9405.5,9525.4,3.106208017121989,0.0913811007268952,0.15621562156215618,0.01057692307692304,14560.0,6660.0,-0.27815934065934067,0.5780780780780781,1.1174312902025412,1.1033657379217672,-0.01902949571836343,0
2023-12-06,10510.0,10600.0,10380.0,10470.0,17138442950,1636835,208,10480.0,10570.0,72.67402623824361,294.4239513510438,114.27808987232677,10586.912507863437,8381.087492136563,9484.0,9532.8,0.345664913942142,0.09533678756476682,0.17184035476718407,0.0057088487155090295,14560.0,6660.0,-0.27403846153846156,0.5870870870870871,1.1145086461408689,1.1088032896945283,-0.015137180700094621,0
2023-12-09,10500.0,10620.0,10460.0,10510.0,64439760590,6132840,378,10470.0,10470.0,69.41532266902887,317.6690587157027,154.95628364100196,10721.868726749766,8368.131273250234,9545.0,9542.2,1.2442086263033683,0.036633663366336666,0.17508417508417518,-0.009460737937559083,14560.0,6660.0,-0.2809065934065934,0.5720720720720721,1.0969093766369826,1.0972312464630798,-0.009551098376313294,0
2023-12-10,10380.0,10610.0,10120.0,10510.0,52229436550,4971769,259,10510.0,10540.0,70.4153565140021,337.84492279096776,191.53401147099513,10846.705678929275,8397.294321070725,9622.0,9551.8,0.9751535244322269,0.03842364532019715,0.16335540838852092,0.006685768863419206,14560.0,6660.0,-0.2760989010989011,0.5825825825825826,1.0954063604240283,1.1034569400531837,0.026565464895635715,0
2023-12-11,10510.0,10620.0,10470.0,10500.0,62977126430,5997724,254,10510.0,10470.0,68.02020274247734,344.21809353038225,222.07082788287255,10949.24212460828,8401.75787539172,9675.5,9557.0,1.121146018735328,0.006730769230769207,0.08385093167701863,-0.006641366223908873,14560.0,6660.0,-0.2809065934065934,0.5720720720720721,1.0821146193995141,1.0955320707334937,-0.012416427889207271,0
2023-12-12,10590.0,10610.0,10190.0,10400.0,18699788180,1797331,241,10500.0,10310.0,62.76499216125095,332.52507238855105,244.16167678400825,11011.456848586915,8456.543151413085,9734.0,9557.8,0.33291160873208403,-0.01902949571836343,0.0706126687435098,-0.015281757402101248,14560.0,6660.0,-0.2918956043956044,0.5480480480480481,1.0591740291760838,1.07870011927431,-0.0009699321047527132,0
2023-12-13,10150.0,10440.0,10000.0,10270.0,28995418580,2823556,468,10400.0,10410.0,64.60556047659577,327.5516219510646,260.83966581741953,11074.54470509924,8524.45529490076,9799.5,9552.4,0.5132734125700755,-0.015137180700094621,0.07875647668393793,0.009699321047526688,14560.0,6660.0,-0.2850274725274725,0.5630630630630631,1.0622990968926986,1.0897784849880658,-0.03554274735830931,0
2023-12-16,10470.0,10480.0,10330.0,10420.0,10460460050,1004350,166,10270.0,10370.0,63.25856996472668,316.73137876555666,272.018008407047,11114.108969602257,8617.891030397743,9866.0,9556.8,0.18319709863658473,-0.009551098376313294,0.026732673267326756,-0.003842459173871271,14560.0,6660.0,-0.28777472527472525,0.5570570570570571,1.0510845327386986,1.085091243931023,-0.032786885245901676,0
2023-12-18,10480.0,10820.0,10380.0,10580.0,52057688400,4919031,406,10420.0,10820.0,70.66784634721873,340.5419417539415,285.7227950764259,11206.702202765155,8705.297797234845,9956.0,9574.2,0.872147362295222,0.026565464895635715,0.06600985221674871,0.043394406943105146,14560.0,6660.0,-0.25686813186813184,0.6246246246246246,1.0867818400964242,1.1301205322637922,-0.05822550831792972,0
2023-12-19,10840.0,10880.0,10340.0,10670.0,43099822370,4038160,361,10580.0,10340.0,57.37654413222415,317.0255231066203,291.9833406824648,11200.748061397004,8847.251938602996,10024.0,9574.4,0.6953894886141629,-0.012416427889207271,-0.005769230769230749,-0.044362292051756014,14560.0,6660.0,-0.28983516483516486,0.5525525525525525,1.0315243415802076,1.0799632352941178,-0.014506769825918808,0
2023-12-20,10450.0,10540.0,10300.0,10350.0,14660590590,1416594,260,10670.0,10300.0,56.42415554533421,291.797268917333,291.94612632943847,11184.890385273156,8984.109614726844,10084.5,9575.0,0.24324621223682505,-0.0009699321047527132,-0.019980970504281603,-0.003868471953578312,14560.0,6660.0,-0.2925824175824176,0.5465465465465466,1.0213694283306063,1.0757180156657964,-0.022330097087378653,0
2023-12-23,10500.0,10500.0,10000.0,10210.0,19946204880,1952904,430,10350.0,10040.0,50.5505627979123,247.96547695800655,283.14999645515206,11122.525328956459,9148.474671043541,10135.5,9571.0,0.331595523804096,-0.03554274735830931,-0.050141911069063405,-0.025242718446601975,14560.0,6660.0,-0.31043956043956045,0.5075075075075075,0.990577672537122,1.0490021941280954,0.003984063745019917,0
2023-12-24,10050.0,10350.0,10020.0,10070.0,43459499340,4314931,291,10210.0,10030.0,50.33353889749053,210.00079121257477,268.5201554066366,11006.074121858537,9376.925878141463,10191.5,9571.2,0.7229221695075365,-0.032786885245901676,-0.042024832855778405,-0.0009960159362549792,14560.0,6660.0,-0.31112637362637363,0.506006006006006,0.9841534612176814,1.0479354730859243,0.007976071784645988,0
2023-12-25,10020.0,10190.0,9980.0,10070.0,22094100110,2193003,284,10070.0,10190.0,53.754555585671945,190.6267406574625,252.9414724568018,10876.254725411281,9619.745274588719,10248.0,9579.0,0.3698890049454581,-0.05822550831792972,-0.03320683111954459,0.0159521435692922,14560.0,6660.0,-0.3001373626373626,0.53003003003003,0.9943403590944575,1.0637853638166823,-0.01079489695780178,0
2023-12-26,10060.0,10370.0,10060.0,10160.0,18319463550,1802966,234,10070.0,10190.0,53.754555585671945,173.27525671078183,237.0082293075978,10843.199393354349,9705.800606645651,10274.5,9581.8,0.3790698331810035,-0.014506769825918808,-0.026743075453677156,0.0,14560.0,6660.0,-0.3001373626373626,0.53003003003003,0.9917757555112171,1.0634745037466866,-0.0058881256133463955,0
2023-12-27,10070.0,10290.0,10070.0,10180.0,21383053350,2100229,220,10160.0,10070.0,50.71599726490946,148.1334928584165,219.23328201776155,10793.260505678143,9799.739494321857,10296.5,9582.8,0.455261625176587,-0.022330097087378653,-0.023278370514064006,-0.011776251226692791,14560.0,6660.0,-0.3083791208791209,0.512012012012012,0.9780022337687564,1.0508410902867638,0.0019860973187686426,0
2023-12-30,10140.0,10440.0,10070.0,10160.0,25258327440,2486350,310,10180.0,10080.0,50.96474787279631,127.54511955119597,200.89564952444846,10731.163405932331,9904.836594067669,10318.0,9584.0,0.5509980086752242,0.003984063745019917,-0.03170028818443804,0.0009930486593843213,14560.0,6660.0,-0.3076923076923077,0.5135135135135135,0.9769335142469471,1.0517529215358932,0.001984126984126977,0
2023-12-31,10070.0,10320.0,10070.0,10130.0,10987203690,1084672,206,10160.0,10110.0,51.751517836019815,112.3542844010808,183.18737649977493,10730.629833913543,9906.370166086457,10318.5,9587.4,0.26759397803519,0.007976071784645988,-0.02507232401157189,0.0029761904761904656,14560.0,6660.0,-0.30563186813186816,0.5180180180180181,0.9797935746474778,1.0545090431190938,-0.005934718100890191,0
2024-01-01,10120.0,10340.0,10080.0,10120.0,12875334650,1272224,204,10130.0,10080.0,50.87248122731381,96.77907983160367,165.90571716614068,10733.927201314984,9896.072798685016,10315.0,9589.4,0.32882840625794507,-0.01079489695780178,-0.06839186691312382,-0.0029673590504450953,14560.0,6670.0,-0.3076923076923077,0.5112443778110944,0.9772176442074648,1.0511606565582832,0.001984126984126977,0
2024-01-02,10080.0,10290.0,10010.0,10110.0,9511583880,940729,177,10120.0,10130.0,52.32592936238796,87.46199272068588,150.21697227704973,10725.965546306888,9877.034453693112,10301.5,9600.8,0.27857306582358393,-0.0058881256133463955,-0.02030947775628622,0.004960317460317443,14560.0,6800.0,-0.30425824175824173,0.48970588235294116,0.9833519390380042,1.0551204066327806,0.01875616979269501,0
2024-01-03,10090.0,10240.0,10040.0,10130.0,14505814710,1432520,136,10110.0,10090.0,51.02535434207867,75.97467954010244,135.3685137296603,10703.18073057759,9857.81926942241,10280.5,9617.4,0.5274498562355614,0.0019860973187686426,-0.020388349514563142,-0.0039486673247778326,14560.0,6890.0,-0.3070054945054945,0.4644412191582003,0.9814697728709693,1.0491401002349907,0.03369672943508428,0
2024-01-06,10250.0,10650.0,10000.0,10250.0,32103656750,3133219,291,10130.0,10100.0,51.35090450717421,66.90656032978586,121.67612304968542,10664.681248037736,9849.318751962264,10257.0,9634.6,1.1227137056920544,0.001984126984126977,0.005976095617529875,0.0009910802775023875,14560.0,7060.0,-0.30631868131868134,0.43059490084985835,0.9846933801306424,1.0483050671538,0.03861386138613865,0
2024-01-07,10200.0,10420.0,10050.0,10160.0,15040534060,1480016,218,10250.0,10050.0,49.57640321264167,55.050836614238506,108.35106576259605,10640.89010854997,9831.10989145003,10236.0,9664.4,0.5785575067630883,-0.005934718100890191,0.001994017946161497,-0.004950495049504955,14560.0,7260.0,-0.30975274725274726,0.384297520661157,0.9818288393903869,1.039899010802533,0.06567164179104479,1
2024-01-08,10050.0,10260.0,10030.0,10090.0,29895610650,2963590,203,10160.0,10100.0,51.38556798296308,49.12340821471844,96.50553425302053,10597.687372741932,9830.312627258068,10214.0,9694.0,1.2058363637181102,0.001984126984126977,-0.008832188420019649,0.004975124378109541,14560.0,7260.0,-0.30631868131868134,0.39118457300275483,0.9888388486391227,1.0418815762327214,0.05148514851485153,1
2024-01-09,10270.0,10660.0,10260.0,10400.0,25955971240,2496420,402,10090.0,10320.0,58.449658539050574,61.46945823543865,89.49831904950416,10575.459347356325,9837.540652643675,10206.5,9724.4,1.093654835372073,0.01875616979269501,0.012757605495583801,0.0217821782178218,14560.0,7260.0,-0.29120879120879123,0.4214876033057851,1.0111203644736197,1.0612479947348936,-0.01065891472868219,0
2024-01-10,10150.0,10650.0,10150.0,10480.0,21377157350,2039147,275,10400.0,10430.0,61.46477201836947,79.21671157662422,87.44199755492818,10591.75585031955,9833.24414968045,10212.5,9759.4,0.8886215420803981,0.03369672943508428,0.03574975173783512,0.01065891472868219,14560.0,7330.0,-0.28365384615384615,0.4229195088676671,1.021297429620563,1.0687132405680677,-0.024928092042186045,0
2024-01-13,10270.0,10700.0,10270.0,10510.0,48412509870,4605503,446,10480.0,10490.0,63.04021172968556,97.00482503109743,89.35456305016203,10605.564262046266,9827.435737953734,10216.5,9801.6,1.9319779754234776,0.03861386138613865,0.04067460317460325,0.0057526366251199335,14560.0,7440.0,-0.27953296703296704,0.4099462365591398,1.0267704203983752,1.0702334312765263,-0.05338417540514773,0
2024-01-14,10400.0,10750.0,10400.0,10640.0,57088812100,5363989,555,10510.0,10710.0,68.17750334542075,127.38577061473188,96.960804563076,10674.193771230779,9792.806228769221,10233.5,9844.2,2.06163759430767,0.06567164179104479,0.05934718100890213,0.020972354623450817,14560.0,7450.0,-0.2644230769230769,0.4375838926174497,1.0465627595641764,1.087950265130737,-0.09337068160597572,0
2024-01-15,10710.0,10710.0,10580.0,10610.0,10519884190,991216,249,10640.0,10620.0,64.2434682065297,142.557328885503,106.08010942756141,10617.061939218727,9829.938060781273,10223.5,9884.2,0.412076215741365,0.05148514851485153,0.0535714285714286,-0.008403361344537785,14560.0,7450.0,-0.2706043956043956,0.425503355704698,1.0387831955788136,1.074442038809413,-0.11487758945386062,0
2024-01-16,10670.0,10670.0,10150.0,10390.0,21307312750,2050046,346,10610.0,10210.0,50.06937352434485,120.11273973712741,108.88663548947461,10606.928198520709,9827.071801479291,10217.0,9914.4,0.8890000379009073,-0.01065891472868219,0.007897334649555665,-0.03860640301318263,14560.0,7450.0,-0.29876373626373626,0.3704697986577181,0.9993148673778995,1.0298152182683773,-0.44466209598432904,0
2024-01-17,10440.0,10440.0,10110.0,10210.0,17175977140,1682849,289,10390.0,10170.0,48.93502379217638,97.96825832757713,106.70296005709513,10599.008687163629,9821.991312836371,10210.5,9938.4,0.7255766939030978,-0.024928092042186045,0.007928642220019766,-0.003917727717923647,14560.0,7450.0,-0.301510989010989,0.3651006711409396,0.996033494931688,1.0233035498671819,-0.42772861356932157,0
2024-01-20,10540.0,10540.0,9910.0,10040.0,15715734980,1565730,381,10210.0,9930.0,42.686200431346826,60.356846871918606,97.43373742005983,10605.923932936917,9804.076067063083,10205.0,9957.0,0.6807618081725461,-0.05338417540514773,-0.016831683168316847,-0.02359882005899705,14560.0,7450.0,-0.3179945054945055,0.33288590604026846,0.9730524252817246,0.9972883398614041,-0.4380664652567976,0
2024-01-21,9910.0,9990.0,9670.0,9790.0,19739933340,2015756,395,10040.0,9710.0,37.90759864757611,12.651531949428318,80.47729632593354,10639.10665402947,9738.89334597053,10189.0,9966.2,0.9225391184941276,-0.09337068160597572,-0.03383084577114426,-0.022155085599194324,14560.0,7450.0,-0.3331043956043956,0.30335570469798656,0.9529885170281677,0.974293110714214,-0.43563336766220395,0
2024-01-22,9790.0,10120.0,9210.0,9540.0,28324502480,2968696,497,9790.0,9400.0,32.403036839709856,-49.597948767046546,54.46224730733752,10715.944172007805,9583.055827992195,10149.5,9974.2,1.3349693666455114,-0.11487758945386062,-0.06930693069306926,-0.03192584963954681,14560.0,7540.0,-0.3543956043956044,0.246684350132626,0.9261539977338785,0.9424314732008582,-0.4308510638297872,0
2024-01-28,5670.0,5670.0,5670.0,5670.0,16198180740,2856822,110,5300.0,5670.0,11.244790509205558,-395.35354820283646,-35.50091179469728,11955.595224147139,7891.404775852861,9923.5,9899.6,1.254926150110775,-0.44466209598432904,-0.45058139534883723,-0.3968085106382979,14560.0,5670.0,-0.6105769230769231,0.0,0.5713709880586486,0.5727504141581478,-0.07054673721340388,0
2024-01-29,6040.0,6040.0,5670.0,5810.0,57607387140,9923466,605,5670.0,5820.0,13.68565704902295,-649.7734218553451,-158.35541380682685,12415.11464254044,7006.88535745956,9711.0,9833.2,3.719930815459911,-0.42772861356932157,-0.4419942473633749,0.02645502645502651,14560.0,5670.0,-0.6002747252747253,0.026455026455026454,0.5993203583565029,0.5918724321685718,-0.05670103092783507,0
2024-01-30,5890.0,5890.0,5570.0,5710.0,23204463580,4065782,510,5810.0,5580.0,13.066481899380832,-860.845705522066,-298.85347214987473,12725.681465823704,6246.318534176296,9486.0,9762.8,1.4802858029557495,-0.4380664652567976,-0.46806482364156343,-0.04123711340206182,14560.0,5580.0,-0.6167582417582418,0.0,0.5882352941176471,0.5715573401073463,-0.016129032258064502,0
2024-01-31,5690.0,5710.0,5330.0,5440.0,19890456560,3659071,533,5710.0,5480.0,12.806494925867398,-1024.3827288447428,-443.9593234888484,12916.862488886323,5592.137511113677,9254.5,9691.6,1.2725700517700598,-0.43563336766220395,-0.4883286647992531,-0.017921146953404965,14560.0,5480.0,-0.6236263736263736,0.0,0.5921443622021719,0.5654381113541623,-0.010948905109489093,0
2024-02-03,5330.0,5540.0,5330.0,5420.0,18047119780,3330059,455,5440.0,5350.0,12.459423468236878,-1151.206519438354,-585.4087626787496,13030.717782252026,5005.282217747974,9018.0,9618.2,1.1181331013477698,-0.4308510638297872,-0.49623352165725043,-0.02372262773722633,14560.0,5350.0,-0.632554945054945,0.0,0.5932579285872699,0.5562371337672329,0.016822429906542036,0
2024-02-04,5470.0,5470.0,5270.0,5330.0,13448160940,2524659,441,5420.0,5270.0,12.239593483493081,-1243.832491904137,-717.093508523827,13067.772996560805,4482.227003439196,8775.0,9544.0,0.8257460732188018,-0.07054673721340388,-0.4838393731635652,-0.01495327102803734,14560.0,5270.0,-0.6380494505494505,0.0,0.6005698005698006,0.5521793797150042,0.032258064516129004,0
2024-02-05,5320.0,5650.0,5300.0,5510.0,29207056080,5298915,437,5330.0,5490.0,16.59757170573606,-1284.6781114496462,-830.610429108991,13020.343562230908,4069.656437769093,8545.0,9472.0,1.6300604456350356,-0.05670103092783507,-0.4601769911504425,0.04174573055028463,14560.0,5270.0,-0.6229395604395604,0.04174573055028463,0.6424809830310123,0.5796030405405406,-0.021857923497267784,0
2024-02-06,5500.0,5640.0,5430.0,5510.0,11460623180,2080387,255,5510.0,5490.0,16.59757170573606,-1302.0394588263307,-924.8962350524589,12918.756617522708,3710.2433824772934,8314.5,9401.4,0.6505059658827125,-0.016129032258064502,-0.44712990936555896,0.0,14560.0,5270.0,-0.6229395604395604,0.04174573055028463,0.6602922605087498,0.5839555810836684,-0.01821493624772308,0
2024-02-07,5610.0,5640.0,5420.0,5480.0,21818549000,3983630,771,5510.0,5420.0,16.2989031279876,-1306.3876431376775,-1001.1945166695027,12779.599195162562,3386.400804837437,8083.0,9331.6,1.19870189350052,-0.010948905109489093,-0.4418125643666323,-0.012750455373406244,14560.0,5270.0,-0.6277472527472527,0.028462998102466792,0.6705431151800074,0.5808221526854987,-0.040590405904059046,0
2024-02-10,5370.0,5550.0,5370.0,5450.0,5923741730,1086347,214,5480.0,5440.0,16.759790473558724,-1293.3112901834593,-1059.617871372294,12585.432398419562,3114.5676015804393,7850.0,9259.2,0.33639027634799945,0.016822429906542036,-0.4212765957446809,0.0036900369003689537,14560.0,5270.0,-0.6263736263736264,0.03225806451612903,0.6929936305732484,0.587523760152065,-0.016544117647058876,0
2024-02-12,5440.0,5530.0,5400.0,5460.0,8753784430,1601984,192,5450.0,5440.0,16.759790473558738,-1268.3276941061267,-1101.3598359190605,12310.000000000175,2901.9999999998263,7606.0,9174.8,0.5030246622392728,0.032258064516129004,-0.040564373897707284,0.0,14560.0,5270.0,-0.6263736263736264,0.03225806451612903,0.7152248225085459,0.5929284562061299,0.011029411764705843,0
2024-02-13,5330.0,5500.0,5330.0,5410.0,5228182030,966609,118,5460.0,5370.0,16.393378619656417,-1239.883820323531,-1129.0646327999546,11965.648263199964,2740.3517368000366,7353.0,9089.6,0.30871465967064743,-0.021857923497267784,-0.07731958762886593,-0.012867647058823484,14560.0,5270.0,-0.6311813186813187,0.018975332068311195,0.7303141574867401,0.5907850730505193,0.005586592178770999,0
2024-02-14,5370.0,5500.0,5360.0,5430.0,9166632460,1688189,213,5410.0,5390.0,16.95203730149791,-1201.8735622850481,-1143.6264186969734,11549.847257038547,2646.1527429614525,7098.0,9004.4,0.565517649829739,-0.01821493624772308,-0.03405017921146958,0.003724394785847407,14560.0,5270.0,-0.6298076923076923,0.022770398481973434,0.7593688362919132,0.598596241837324,0.00927643784786647,0
2024-02-17,5340.0,5470.0,5190.0,5300.0,10017438370,1890363,380,5430.0,5200.0,15.867317240286326,-1173.5535759325603,-1149.6118501440908,11020.894335933874,2624.1056640661254,6822.5,8906.4,0.6723612434629872,-0.040590405904059046,-0.051094890510948954,-0.03525046382189234,14560.0,5200.0,-0.6428571428571429,0.0,0.7621839501648956,0.5838498158627504,0.013461538461538414,0
2024-02-18,5420.0,5420.0,5230.0,5340.0,8575740320,1605458,142,5300.0,5350.0,20.208184077083104,-1126.0259105460527,-1144.8946622244832,10418.823312018523,2699.1766879814772,6559.0,8810.4,0.5648564131210694,-0.016544117647058876,0.0,0.028846153846153744,14560.0,5200.0,-0.632554945054945,0.028846153846153848,0.8156731209025766,0.6072369018432762,-0.04672897196261683,0
2024-02-19,5290.0,5700.0,5290.0,5480.0,22391011480,4086152,274,5340.0,5500.0,24.408384699120106,-1063.9911195959849,-1128.7139536987836,9821.318034146665,2825.681965853335,6323.5,8712.4,1.387937458318419,0.011029411764705843,0.0436432637571158,0.028037383177569986,14560.0,5200.0,-0.6222527472527473,0.057692307692307696,0.8697714873092433,0.6312841467333915,-0.08909090909090911,0
2024-02-20,5400.0,5490.0,5380.0,5440.0,7623176840,1402175,132,5480.0,5400.0,23.519524130284537,-1011.2403162066621,-1105.2192262003593,9121.224629371423,3048.7753706285757,6085.0,8610.2,0.4785559788567455,0.005586592178770999,-0.016393442622950838,-0.018181818181818188,14560.0,5200.0,-0.6291208791208791,0.038461538461538464,0.8874281018898932,0.6271631320991382,-0.062962962962963,0
2024-02-21,5380.0,5500.0,5380.0,5450.0,10707650270,1962689,133,5440.0,5440.0,24.700741903706117,-955.1963498337536,-1075.2146509270383,8339.100209796175,3381.899790203825,5860.5,8507.6,0.6653497795124511,0.00927643784786647,-0.00910746812386154,0.007407407407407307,14560.0,5200.0,-0.6263736263736264,0.046153846153846156,0.9282484429656173,0.6394282758944944,-0.03860294117647056,0
2024-02-24,5580.0,5580.0,5200.0,5380.0,21858853550,4060307,273,5450.0,5270.0,23.06994610164378,-913.9630844437688,-1042.9643376303845,7385.592155554951,3891.407844445049,5638.5,8403.6,1.3303374607809473,0.013461538461538414,-0.027675276752767486,-0.03125,14560.0,5200.0,-0.6380494505494505,0.013461538461538462,0.9346457391150128,0.6271121900138036,-0.018975332068311146,0
2024-02-26,5180.0,5240.0,5010.0,5040.0,31770307040,6305290,392,5380.0,5100.0,21.538539478573924,-884.803539372484,-1011.3321779788046,5732.774958575126,5114.225041424874,5423.5,8294.8,1.958822991964038,-0.04672897196261683,-0.0625,-0.032258064516129004,14560.0,5100.0,-0.6497252747252747,0.0,0.9403521711072186,0.614843034190095,0.0117647058823529,0
2024-02-27,5150.0,5150.0,4980.0,5020.0,7760256100,1548935,185,5040.0,5010.0,20.753113130530537,-859.0539979135301,-980.8765419657498,5727.158580763429,5053.841419236571,5390.5,8185.6,0.49117600476939544,-0.08909090909090911,-0.07904411764705888,-0.01764705882352946,14560.0,5010.0,-0.6559065934065934,0.0,0.9294128559502829,0.6120504300234558,0.029940119760478945,0
2024-02-28,5020.0,5170.0,4990.0,5080.0,14260603140,2806589,448,5020.0,5060.0,22.445152035683677,-825.101462606217,-949.7215260938433,5656.66278536607,5048.33721463393,5352.5,8080.6,1.0031846035258865,-0.062962962962963,-0.05772811918063314,0.009980039920159722,14560.0,5010.0,-0.6524725274725275,0.00998003992015968,0.9453526389537599,0.6261911244214539,0.01976284584980248,0
2024-03-02,5200.0,5290.0,5080.0,5170.0,23676758450,4579725,685,5080.0,5230.0,28.06869087476923,-775.5363541733514,-914.884491709745,5624.724006602226,5045.275993397774,5335.0,7977.0,1.6220736967559748,-0.03860294117647056,-0.029684601113172504,0.03359683794466406,14560.0,5010.0,-0.6407967032967034,0.043912175648702596,0.9803186504217432,0.6556349504826375,-0.0248565965583174,0
2024-03-03,5310.0,5400.0,5170.0,5290.0,17449137900,3295862,995,5170.0,5170.0,27.31585119933429,-732.6515956669937,-878.4379125011948,5609.705099889107,5029.294900110893,5319.5,7873.0,1.1749048076936102,-0.018975332068311146,-0.005769230769230749,-0.01147227533460804,14560.0,5010.0,-0.6449175824175825,0.031936127744510975,0.9718958548735783,0.6566747110377239,0.0019342359767891004,0
2024-03-04,5290.0,5360.0,5150.0,5270.0,6591370200,1256635,182,5290.0,5160.0,27.184980386984464,-691.5008407612495,-841.0504981532058,5607.926165352503,5012.073834647497,5310.0,7759.8,0.4651541988010564,0.0117647058823529,-0.03551401869158877,-0.0019342359767892114,14560.0,5010.0,-0.6456043956043956,0.029940119760479042,0.9717514124293786,0.6649655918966983,0.007751937984496138,0
2024-03-05,5180.0,5450.0,5160.0,5230.0,10594515610,2033631,306,5270.0,5160.0,27.184980386984464,-651.3798693591852,-803.1163723944018,5609.162107918997,4999.837892081003,5304.5,7656.2,0.7596697280113034,0.029940119760478945,-0.06181818181818177,0.0,14560.0,5010.0,-0.6456043956043956,0.029940119760479042,0.9727589782260345,0.6739635850683107,0.0019379844961240345,0
2024-03-06,5200.0,5300.0,5140.0,5220.0,9262778910,1777966,262,5230.0,5160.0,27.184980386984464,-612.5229274417934,-764.9976834038802,5586.368899186304,4989.631100813696,5288.0,7553.4,0.7109173462211492,0.01976284584980248,-0.0444444444444444,0.0,14560.0,5010.0,-0.6456043956043956,0.029940119760479042,0.9757942511346445,0.6831360711732465,0.011627906976744207,0
2024-03-10,5120.0,5290.0,5100.0,5210.0,3335279320,642568,144,5220.0,5100.0,26.242780163778093,-579.8854609544715,-727.9752389139984,5562.457479921241,4974.542520078759,5268.5,7454.6,0.2645341283310482,-0.0248565965583174,-0.0625,-0.011627906976744207,14560.0,5010.0,-0.6497252747252747,0.017964071856287425,0.9680174622757901,0.6841413355512033,0.03921568627450989,0
2024-03-11,5120.0,5320.0,5120.0,5200.0,10153020440,1951907,333,5210.0,5180.0,29.73940794542375,-541.324648624468,-690.6451208560924,5544.269004588136,4968.730995411864,5256.5,7357.6,0.8386392936138077,0.0019342359767891004,-0.017077798861480087,0.015686274509803866,14560.0,5010.0,-0.6442307692307693,0.033932135728542916,0.9854465899362694,0.7040339241056865,0.027027027027026973,0
2024-03-12,5240.0,5260.0,5170.0,5210.0,25994844060,4993977,497,5200.0,5200.0,30.62487687046813,-503.3488025126471,-653.1858571874034,5520.432962876216,4968.567037123784,5244.5,7257.8,1.9794977550295243,0.007751937984496138,0.019607843137254832,0.0038610038610038533,14560.0,5010.0,-0.6428571428571429,0.03792415169660679,0.9915149203927924,0.716470555815812,0.05769230769230771,1
2024-03-13,5180.0,5310.0,5160.0,5270.0,32947111050,6254541,517,5210.0,5170.0,30.01385157130592,-470.2526404305927,-616.5992138360413,5493.442374630407,4968.557625369593,5231.0,7157.4,2.2698566608252126,0.0019379844961240345,0.031936127744510934,-0.005769230769230749,14560.0,5010.0,-0.6449175824175825,0.031936127744510975,0.98833874976104,0.7223293374689134,0.05802707930367501,1
2024-03-16,5330.0,5410.0,5190.0,5280.0,6504308640,1230662,212,5270.0,5220.0,32.4334861685757,-434.97499047535894,-580.2743691639048,5478.080046354084,4968.919953645916,5223.5,7060.4,0.44449395859447227,0.011627906976744207,0.031620553359683834,0.009671179883945946,14560.0,5010.0,-0.6414835164835165,0.041916167664670656,0.9993299511821575,0.739334881876381,0.05747126436781613,1
2024-03-17,5230.0,5400.0,5230.0,5300.0,14558756620,2747237,169,5280.0,5300.0,36.232259553794066,-395.9970597072934,-543.4189072725826,5464.674581513122,4973.325418486878,5219.0,6964.8,0.9736335525792692,0.03921568627450989,0.013384321223709472,0.015325670498084198,14560.0,5010.0,-0.635989010989011,0.05788423153692615,1.0155202146004982,0.760969446358833,0.020754716981132182,0
2024-03-18,5300.0,5420.0,5290.0,5390.0,29341526440,5444388,205,5300.0,5320.0,37.18311168991717,-359.35056625986545,-506.60523907003915,5474.359178699416,4975.640821300584,5225.0,6869.0,1.8151985505318895,0.027027027027026973,0.029013539651837617,0.0037735849056603765,14560.0,5010.0,-0.6346153846153846,0.06187624750499002,1.018181818181818,0.7744941039452613,0.013157894736842035,0
2024-03-24,5430.0,5650.0,5360.0,5480.0,11212664280,2033784,292,5390.0,5500.0,45.11525898389156,-312.18478858726667,-467.7211489734847,5504.446685954522,4960.553314045478,5232.5,6777.4,0.6732709845995251,0.05769230769230771,0.06589147286821695,0.03383458646616533,14560.0,5010.0,-0.6222527472527473,0.09780439121756487,1.051122790253225,0.8115206421341518,-0.0036363636363636598,0
2024-03-25,5640.0,5740.0,5450.0,5550.0,12938361900,2326596,255,5480.0,5470.0,44.11540168414637,-274.0670449567424,-428.99032817013625,5497.300582052776,4964.699417947224,5231.0,6684.2,0.7933092132729527,0.05802707930367501,0.06007751937984507,-0.00545454545454549,14560.0,5010.0,-0.6243131868131868,0.09181636726546906,1.0456891607723189,0.8183477454295204,-0.031078610603290646,0
2024-03-26,5600.0,5640.0,5450.0,5540.0,11776515670,2125036,251,5550.0,5520.0,46.253360405748495,-237.0908407452862,-390.61043068516625,5522.944050474297,4951.055949525703,5237.0,6592.8,0.7157615173550281,0.05747126436781613,0.06976744186046502,0.009140767824497242,14560.0,5010.0,-0.6208791208791209,0.10179640718562874,1.0540385717013558,0.8372770294867128,-0.08876811594202894,0
2024-03-27,5540.0,5620.0,5400.0,5510.0,9168249590,1667911,238,5540.0,5410.0,42.409418106040235,-214.19391903266114,-355.3271283546652,5517.455670277523,4953.544329722477,5235.5,6499.0,0.5645940654172302,0.020754716981132182,0.0607843137254902,-0.019927536231884035,14560.0,5010.0,-0.6284340659340659,0.07984031936127745,1.0333301499379237,0.832435759347592,-0.05175600739371533,0
2024-03-30,5410.0,5560.0,5380.0,5480.0,8664495410,1585976,161,5510.0,5390.0,41.7303588358065,-195.4092206078667,-323.3435468053055,5531.139431020099,4951.860568979901,5241.5,6405.8,0.5603243118576311,0.013157894736842035,0.04054054054054057,-0.003696857670979714,14560.0,5010.0,-0.6298076923076923,0.07584830339321358,1.0283315844700944,0.8414249586312404,-0.05380333951762528,0
2024-04-02,5420.0,5490.0,5300.0,5430.0,9475412560,1755632,281,5480.0,5480.0,45.92629339522902,-171.2854914077261,-292.93193572578963,5560.198181512079,4960.801818487921,5260.5,6313.4,0.6744705746445254,-0.0036363636363636598,0.05384615384615388,0.016697588126159513,14560.0,5010.0,-0.6236263736263736,0.09381237524950099,1.0417260716661914,0.8679950581303261,-0.07116788321167888,0
2024-04-03,5500.0,5500.0,5280.0,5400.0,5273897660,984831,178,5430.0,5300.0,39.759714418457335,-164.79213671920843,-267.3039759244734,5552.0198548870585,4997.9801451129415,5275.0,6213.0,0.38249240408677626,-0.031078610603290646,0.025145067698259194,-0.03284671532846717,14560.0,5010.0,-0.635989010989011,0.05788423153692615,1.004739336492891,0.8530500563334943,-0.10566037735849054,0
2024-04-06,5310.0,5310.0,5030.0,5070.0,28338828040,5594763,541,5400.0,5030.0,32.67296077243259,-179.36523903767102,-249.7162285471129,5555.441483293337,4991.558516706663,5273.5,6105.0,2.0613076929935485,-0.08876811594202894,-0.036398467432950166,-0.05094339622641508,14560.0,5010.0,-0.654532967032967,0.003992015968063872,0.9538257324357637,0.823914823914824,-0.04771371769383703,0
2024-04-07,5080.0,5190.0,5010.0,5090.0,9857798280,1931723,251,5070.0,5130.0,37.141725148781354,-180.76165550897258,-235.92531393948485,5556.824470001502,4980.175529998498,5268.5,5997.8,0.7482132588070105,-0.05175600739371533,-0.0320754716981132,0.01988071570576544,14560.0,5010.0,-0.6476648351648352,0.023952095808383235,0.9737116826421183,0.8553136149921637,-0.050682261208576995,0
2024-04-08,5150.0,5240.0,5080.0,5110.0,6486647250,1264687,177,5090.0,5100.0,36.36198224957759,-182.18891450490446,-225.1780340525688,5559.6523375126135,4970.3476624873865,5265.0,5885.6,0.5099086773483291,-0.05380333951762528,-0.041353383458646586,-0.005847953216374324,14560.0,5010.0,-0.6497252747252747,0.017964071856287425,0.9686609686609686,0.866521680032622,-0.05294117647058827,0
2024-04-09,5200.0,5200.0,5030.0,5090.0,10443036480,2053689,569,5110.0,5090.0,36.090000555797715,-182.02863121676182,-216.54815348540743,5562.649464554807,4960.350535445193,5261.5,5775.0,0.8149316176173708,-0.07116788321167888,-0.07454545454545458,-0.0019607843137254832,14560.0,5010.0,-0.6504120879120879,0.015968063872255488,0.9674047324907346,0.8813852813852814,-0.06090373280943029,0
2024-04-13,5140.0,5140.0,4740.0,4830.0,22454349140,4650652,781,5090.0,4740.0,28.152812941650225,-207.7488807064865,-214.78829892962324,5616.344382692687,4864.655617307313,5240.5,5665.6,1.7543497908636692,-0.10566037735849054,-0.13345521023765994,-0.06876227897838905,14560.0,4740.0,-0.6744505494505495,0.0,0.9044938460070604,0.8366280711663371,0.042827004219409215,0
2024-04-14,4790.0,4790.0,4790.0,4830.0,1002939780,209382,30,4830.0,4790.0,30.504204376578755,-221.54396072599684,-216.13943128889795,5645.3013111267755,4798.6986888732245,5222.0,5558.0,0.0813925115795077,-0.04771371769383703,-0.13224637681159424,0.010548523206751037,14560.0,4740.0,-0.6710164835164835,0.010548523206751054,0.9172730754500191,0.8618207988485067,0.0526096033402923,1
2024-04-15,4830.0,4870.0,4830.0,4840.0,3503599320,719480,99,4830.0,4870.0,34.21402688403299,-223.44558796947695,-217.60066262501377,5658.226479004366,4762.773520995634,5210.5,5456.8,0.27926409013831893,-0.050682261208576995,-0.09981515711645106,0.016701461377870652,14560.0,4740.0,-0.665521978021978,0.027426160337552744,0.9346511851069955,0.8924644480281483,0.05092402464065704,1
2024-04-16,4870.0,4870.0,4800.0,4820.0,8282544030,1723527,117,4840.0,4830.0,33.258052826390156,-225.57996158793685,-219.1965224175984,5670.497643974971,4715.502356025029,5193.0,5359.2,0.6719603394050279,-0.05294117647058827,-0.10389610389610393,-0.008213552361396315,14560.0,4740.0,-0.6682692307692307,0.0189873417721519,0.9300982091276718,0.9012539184952978,0.07039337474120089,1
2024-04-17,4790.0,4850.0,4780.0,4810.0,6390873150,1333474,119,4820.0,4780.0,32.05246716252269,-228.67008380652533,-221.0912346953838,5682.239159612086,4661.760840387914,5172.0,5266.8,0.5598366059713165,-0.06090373280943029,-0.12773722627737227,-0.010351966873705987,14560.0,4740.0,-0.6717032967032966,0.008438818565400843,0.9242072699149265,0.9075719602035391,0.08158995815899583,1
2024-04-20,5000.0,5110.0,4920.0,4916.0,7707850596,1533524,142,4810.0,4943.0,39.7234643450041,-215.48234384893476,-219.969456526094,5680.569330282735,4640.730669717264,5160.65,5252.26,0.714647176498127,0.042827004219409215,-0.06735849056603771,0.034100418410041744,14560.0,4740.0,-0.6605082417582417,0.042827004219409284,0.9578250801740091,0.941118680339511,0.031762087800930594,0
2024-04-21,5090.0,5090.0,4970.0,4958.0,4641420047,917374,111,4916.0,5042.0,43.86840029561144,-194.79699380980946,-214.9349639828371,5673.391974923077,4630.108025076923,5151.75,5236.7,0.4306549581906872,0.0526096033402923,0.0023856858846917905,0.020028322880841554,14560.0,4740.0,-0.6537087912087912,0.06371308016877637,0.9786965594215558,0.9628200966257376,-0.004363347877826218,0
2024-04-22,4952.0,5230.0,4952.0,5019.0,6806600504,1334300,323,4958.0,5118.0,46.88784147260682,-170.30793615739185,-206.00955841774805,5659.961617887756,4625.338382112243,5142.65,5227.46,0.647864231778952,0.05092402464065704,-0.002339181286549752,0.015073383577945298,14560.0,4740.0,-0.648489010989011,0.07974683544303797,0.9952067513830419,0.9790605762645721,-0.009378663540445475,0
2024-04-23,5190.0,5249.0,5111.0,5122.0,11201507385,2168069,255,5019.0,5170.0,48.91275316089827,-145.03237319715026,-193.8141213736285,5646.271619579575,4624.028380420425,5135.15,5221.26,1.143664902078128,0.07039337474120089,0.013725490196078383,0.01016021883548257,14560.0,4740.0,-0.6449175824175825,0.09071729957805907,1.0067865593020653,0.9901824463826738,-0.021276595744680882,0
2024-04-24,5247.0,5280.0,5140.0,5193.0,10755557651,2056439,206,5122.0,5170.0,48.91275316089827,-123.57679112633832,-179.76665532417047,5602.153991712217,4635.146008287782,5118.65,5217.66,1.0841318378214024,0.08158995815899583,0.015717092337917515,0.0,14560.0,4740.0,-0.6449175824175825,0.09071729957805907,1.0100319420159614,0.9908656370863568,-0.029013539651837505,0
2024-04-27,5200.0,5290.0,5040.0,5140.0,22600457500,4401209,303,5193.0,5100.0,46.16493238847359,-110.94262521756627,-166.00184930284965,5555.986933564677,4644.313066435322,5100.15,5214.26,2.1999622210295704,0.031762087800930594,0.07594936708860756,-0.013539651837524147,14560.0,4740.0,-0.6497252747252747,0.0759493670886076,0.9999705891003207,0.9780870152236367,-0.019607843137254943,0
2024-04-28,5100.0,5130.0,4980.0,5100.0,5106303460,1015149,223,5140.0,5020.0,43.179414529867486,-106.16152514411351,-154.03378447110242,5489.054952859528,4661.245047140471,5075.15,5204.86,0.5219034774003078,-0.004363347877826218,0.04801670146137793,-0.015686274509803977,14560.0,4740.0,-0.6552197802197802,0.05907172995780591,0.989133326108588,0.9644831945527834,-0.003984063745019917,0
2024-04-29,5100.0,5100.0,5020.0,5060.0,13472220600,2662428,244,5100.0,5070.0,45.54955247776545,-97.21722707922436,-142.67047299272681,5442.521838200522,4673.778161799477,5058.15,5196.46,1.3346738750863865,-0.009378663540445475,0.04106776180698146,0.009960159362549792,14560.0,4740.0,-0.6517857142857143,0.06962025316455696,1.002342753773613,0.9756642021683992,-0.011834319526627168,0
2024-04-30,5070.0,5070.0,4930.0,5040.0,4566134480,913140,127,5060.0,5060.0,45.143967072329716,-89.89941831523174,-132.1162620572278,5394.677633481642,4688.622366518357,5041.65,5189.26,0.4656089598595453,-0.021276595744680882,0.04761904761904767,-0.0019723865877712132,14560.0,4740.0,-0.6524725274725275,0.06751054852320675,1.0036396814534925,0.9750908607392961,0.04150197628458496,0
2024-05-01,5080.0,5080.0,4900.0,5010.0,27595220440,5504664,466,5040.0,5020.0,43.47635139415384,-86.33248075580468,-122.95950579694318,5308.781194464934,4728.518805535065,5018.65,5180.86,2.561947053399541,-0.029013539651837505,0.05020920502092041,-0.007905138339920903,14560.0,4740.0,-0.6552197802197802,0.05907172995780591,1.0002689966425236,0.9689511007824956,-0.02589641434262946,0
2024-05-05,5160.0,5160.0,4930.0,5020.0,10733459640,2137157,266,5010.0,5000.0,42.62844018142647,-84.14946721772594,-115.19749808109974,5263.48477442723,4743.815225572769,5003.65,5172.06,0.9686867915411799,-0.019607843137254943,0.011531458628363245,-0.003984063745019917,14560.0,4740.0,-0.6565934065934066,0.05485232067510549,0.9992705325112669,0.966732791189584,-0.040000000000000036,0
2024-05-06,5050.0,5050.0,4910.0,4990.0,12063405040,2422018,199,5020.0,5000.0,42.62844018142647,-81.48016068825928,-108.45403060253165,5261.705215708815,4742.594784291185,5002.15,5164.66,1.182854548187229,-0.003984063745019917,-0.008330027766759174,0.0,14560.0,4740.0,-0.6565934065934066,0.05485232067510549,0.9995701848205273,0.9681179399999226,-0.07399999999999995,0
2024-05-07,5000.0,5010.0,4860.0,4970.0,9950564580,2008830,197,4990.0,5010.0,43.270017948024154,-77.66255402627667,-102.29573528728065,5249.069176816724,4743.230823183275,4996.15,5157.06,0.9792198686242711,-0.011834319526627168,-0.021101992966002348,0.0020000000000000018,14560.0,4740.0,-0.6559065934065934,0.056962025316455694,1.0027721345435987,0.9714837523705366,-0.07584830339321358,0
2024-05-08,5010.0,5310.0,4810.0,5190.0,82784127500,15943965,769,4970.0,5270.0,56.79756147388714,-53.045767564309244,-92.44574174268638,5281.274131271387,4728.025868728612,5004.65,5158.46,5.724072120451343,0.04150197628458496,0.01934235976789167,0.05189620758483038,14560.0,4740.0,-0.6380494505494505,0.11181434599156118,1.0530206907575954,1.021622732365861,-0.11385199240986721,0
2024-05-11,5340.0,5370.0,4890.0,5110.0,50414849330,9857834,1225,5190.0,4890.0,41.2977188362618,-63.46799164608092,-86.6501917233653,5272.6660247209675,4716.633975279032,4994.65,5149.26,3.10421291896106,-0.02589641434262946,-0.0541586073500967,-0.07210626185958258,14560.0,4740.0,-0.6641483516483516,0.03164556962025317,0.9790475809115755,0.9496510178161521,-0.05869120654396731,0
2024-05-12,5180.0,5180.0,4770.0,4880.0,26920283040,5513637,518,5110.0,4800.0,38.61024784947432,-78.08975704751356,-84.93810478819495,5265.727059819839,4729.57294018016,4997.65,5135.26,1.7129586365020286,-0.040000000000000036,-0.05882352941176472,-0.018404907975460127,14560.0,4740.0,-0.6703296703296703,0.012658227848101266,0.960451412163717,0.934714113793654,-0.10791666666666666,0
2024-05-13,4780.0,4900.0,4560.0,4660.0,16408255880,3518102,282,4880.0,4630.0,34.09667141891916,-102.21689795122802,-88.39386342080158,5289.681515014089,4689.61848498591,4989.65,5119.86,1.0395618955764052,-0.07399999999999995,-0.07768924302788849,-0.03541666666666665,14560.0,4630.0,-0.6820054945054945,0.0,0.9279207960478191,0.9043216025438197,-0.1576673866090713,0
2024-05-14,4700.0,4810.0,4480.0,4640.0,5912990500,1278382,161,4660.0,4630.0,34.09667141891916,-119.95506363987806,-94.70610346461689,5312.984623923104,4642.3153760768955,4977.65,5103.66,0.37465464335784143,-0.07584830339321358,-0.08678500986193294,0.0,14560.0,4630.0,-0.6820054945054945,0.0,0.9301578053900937,0.9071920935172014,-0.16997840172786172,0
2024-05-15,4460.0,4820.0,4390.0,4600.0,7740942960,1690845,219,4640.0,4670.0,36.1340331277847,-129.29459443708492,-101.6238016591105,5325.687792940089,4613.61220705991,4969.65,5091.66,0.49577235424320054,-0.11385199240986721,-0.07707509881422925,0.008639308855291628,14560.0,4630.0,-0.6792582417582418,0.008639308855291577,0.9397040033000312,0.9171861436152453,-0.15695931477516056,0
2024-05-18,4600.0,4900.0,4500.0,4604.0,6847098934,1485523,156,4600.0,4603.0,34.22545678092341,-140.48317731880525,-109.39567679104945,5343.0860708967175,4578.513929103283,4960.8,5081.72,0.43460115297856844,-0.05869120654396731,-0.08306772908366533,-0.014346895074946464,14560.0,4603.0,-0.6838598901098901,0.0,0.9278745363651024,0.9057956754799555,-0.15555072778622636,0
2024-05-19,4510.0,4603.0,4282.0,4316.0,14312695178,3316174,360,4604.0,4282.0,26.8956827589126,-173.25505077520938,-122.16755158788146,5411.344820073221,4444.155179926779,4927.75,5067.16,0.9455164875837118,-0.10791666666666666,-0.14359999999999995,-0.06973712796002607,14560.0,4282.0,-0.7059065934065935,0.0,0.8689564202729441,0.8450492978315269,-0.10789350770667916,0
2024-05-26,3863.0,3900.0,3863.0,3921.0,3729589197,965334,31,3941.0,3900.0,21.103535805616204,-227.42953794731784,-143.21994885976875,5525.986333497274,4215.313666502725,4870.65,5043.96,0.2750505786180225,-0.1576673866090713,-0.21999999999999997,-0.08921064922933208,14560.0,3900.0,-0.7321428571428571,0.0,0.8007144836931417,0.7732020079461376,-0.03205128205128205,0
2024-05-27,3980.0,3980.0,3843.0,3865.0,10659054333,2772697,162,3921.0,3843.0,20.397651789231546,-271.82915566965585,-168.94179022174617,5589.323133605884,4024.476866394115,4806.9,5016.22,0.7741547459029113,-0.16997840172786172,-0.232934131736527,-0.014615384615384586,14560.0,3843.0,-0.7360576923076924,0.0,0.799475753604194,0.7661147238358764,-0.031746031746031744,0
2024-05-28,3900.0,3942.0,3873.0,3882.0,3548067734,901508,121,3865.0,3937.0,24.86119833926395,-296.0188372963348,-194.35719963666392,5594.932264144458,3895.5677358555417,4745.25,4991.56,0.2562374906798526,-0.15695931477516056,-0.2529411764705882,0.024460057246942446,14560.0,3843.0,-0.7296016483516483,0.024460057246942495,0.8296717770401981,0.788731378567021,-0.06527813055626108,0
2024-05-29,3860.0,3953.0,3822.0,3885.0,10562933892,2718103,333,3882.0,3887.0,24.087498125165723,-315.5860370061682,-218.6029671105648,5584.834009541333,3777.365990458668,4681.1,4966.1,0.7653750035602809,-0.15555072778622636,-0.2051124744376278,-0.012700025400050774,14560.0,3843.0,-0.7330357142857142,0.011449388498568826,0.8303603853795047,0.7827067517770483,-0.036274762027270424,0
2024-06-01,3850.0,3920.0,3808.0,3852.0,7574477006,1982841,156,3885.0,3820.0,23.05222944848917,-332.6647713998418,-241.41532796842023,5572.900376648626,3661.2996233513754,4617.1,4939.3,0.5780175588296996,-0.10789350770667916,-0.20416666666666672,-0.01723694365834838,13220.0,3820.0,-0.7110438729198184,0.0,0.8273591648437331,0.77338894175288,-0.01832460732984298,0
2024-06-02,3780.0,3799.0,3775.0,3796.0,10659951361,2823419,181,3852.0,3775.0,22.357203134526685,-345.8442382735193,-262.30111002944005,5558.55060775196,3551.1493922480404,4554.85,4911.6,0.801918570309862,-0.03205128205128205,-0.18466522678185748,-0.011780104712041939,12820.0,3775.0,-0.7055382215288611,0.0,0.8287868974829028,0.7685886472839807,-0.01139072847682121,0
2024-06-05,3723.0,3729.0,3721.0,3755.0,7935000676,2131754,122,3796.0,3721.0,21.518763953871982,-356.536478835249,-281.1481837906019,5524.319553293144,3450.480446706855,4487.4,4884.02,0.6100667449113181,-0.031746031746031744,-0.19632829373650107,-0.014304635761589357,12400.0,3721.0,-0.6999193548387097,0.0,0.8292106787894995,0.7618723920049467,-0.007793603869927446,0
2024-06-08,3680.0,3681.0,3680.0,3746.0,1831462040,497678,35,3755.0,3680.0,20.878544177696995,-364.1211518812165,-297.7427774087248,5477.155382513663,3359.644617486336,4418.4,4854.02,0.14327757846445968,-0.06527813055626108,-0.21199143468950754,-0.011018543402311232,12250.0,3680.0,-0.6995918367346938,0.0,0.8328806807894261,0.7581344947074795,0.004891304347826031,0
2024-06-09,3672.0,3759.0,3672.0,3686.0,17181559809,4660908,644,3746.0,3746.0,24.75924081854555,-360.64907347699,-310.32403662237783,5414.309380857707,3295.0906191422923,4354.7,4824.94,1.3583364459455574,-0.036274762027270424,-0.1861829241798827,0.017934782608695743,12250.0,3680.0,-0.694204081632653,0.017934782608695653,0.8602199921923439,0.776382711494858,-0.005339028296849957,0
2024-06-10,3756.0,3759.0,3719.0,3733.0,17417907248,4665637,353,3686.0,3750.0,24.99933480329753,-353.4997348585557,-318.9591762696134,5339.576264769092,3244.8237352309084,4292.2,4796.54,1.3113975426303766,-0.01832460732984298,-0.12424100887435774,0.0010678056593700358,12250.0,3680.0,-0.6938775510204082,0.019021739130434784,0.8736778342108942,0.781813557272534,0.0,0
2024-06-11,3787.0,3787.0,3732.0,3745.0,10092685932,2690976,374,3733.0,3732.0,24.618629281188305,-345.3058116121065,-324.22850333811203,5250.312329833397,3207.2876701666037,4228.8,4766.78,0.7535199545330237,-0.01139072847682121,-0.043076923076923124,-0.0048000000000000265,12250.0,3680.0,-0.6953469387755102,0.014130434782608696,0.8825198637911464,0.7829184480928426,0.020900321543408262,0
2024-06-12,3745.0,3745.0,3692.0,3737.0,3228179502,870278,252,3745.0,3692.0,23.7529626466566,-338.1418454034974,-327.0111717511891,5143.559145677871,3182.2408543221277,4162.9,4734.62,0.24764050158499762,-0.007793603869927446,-0.03929221962008844,-0.010718113612004254,12100.0,3680.0,-0.6948760330578513,0.003260869565217391,0.886881741093949,0.7797880294511492,0.020585048754062862,0
2024-06-15,3740.0,3748.0,3698.0,3728.0,22243726992,5965956,500,3737.0,3698.0,24.183614014810203,-328.1969505630941,-327.2483275135702,4941.663890073319,3226.9361099266816,4084.3,4702.18,1.9785093039539008,0.004891304347826031,-0.06070612141224285,0.0016251354279523955,12100.0,3680.0,-0.6943801652892562,0.004891304347826087,0.9054183091349802,0.7864437346082029,0.02568956192536498,0
2024-06-16,3730.0,3730.0,3667.0,3720.0,5507675802,1485836,399,3728.0,3726.0,26.276287721622992,-314.4316118640536,-324.6849843836669,4811.828426367312,3240.371573632687,4026.1,4666.7,0.5721841447140255,-0.005339028296849957,-0.041420118343195256,0.007571660356949783,12100.0,3680.0,-0.6920661157024793,0.0125,0.925461364596011,0.7984228684080829,0.03623188405797095,0
2024-06-18,3757.0,3787.0,3726.0,3736.0,10675333487,2852011,1032,3720.0,3750.0,28.10799852691504,-298.1490061954137,-319.3777887460163,4681.982777883295,3265.2172221167048,3973.6,4632.3,1.1576138326363932,0.0,-0.01832460732984298,0.006441223832528209,12100.0,3680.0,-0.6900826446280992,0.019021739130434784,0.9437286088182001,0.8095330613302247,0.0391999999999999,0
2024-06-19,3787.0,3810.0,3777.0,3781.0,10663509801,2805885,113,3736.0,3810.0,32.61548576506729,-277.2079447035121,-310.94381993751546,4576.23262813631,3288.96737186369,3932.6,4598.1,1.1555947999809315,0.020900321543408262,0.009271523178807861,0.016000000000000014,12040.0,3680.0,-0.6835548172757475,0.035326086956521736,0.9688246961297869,0.8286031186794545,-0.002624671916010457,0
2024-06-22,3818.0,3856.0,3768.0,3784.0,3314029044,873260,442,3781.0,3768.0,31.14349850222517,-260.99249259785165,-300.95355446958274,4450.728830337192,3328.271169662807,3889.5,4565.26,0.3626749325840394,0.020585048754062862,0.012631013168503014,-0.011023622047244053,12040.0,3680.0,-0.6870431893687707,0.02391304347826087,0.9687620516775935,0.8253637251766602,-0.028131634819532958,0
2024-06-23,3821.0,3821.0,3766.0,3794.0,8765961888,2306207,602,3784.0,3793.0,33.07953938573631,-243.31950314073447,-289.4267442038131,4278.446615053368,3412.853384946632,3845.65,4533.32,0.9457097142960247,0.02568956192536498,0.030706521739130466,0.006634819532908676,12040.0,3680.0,-0.6849667774086379,0.030706521739130434,0.9863092065060522,0.8366936373342275,0.008436593725283492,0
2024-06-24,3731.0,3869.0,3731.0,3821.0,5743217306,1485551,81,3794.0,3861.0,38.17179067781156,-221.27577062429555,-275.7965494879096,4067.661153757713,3549.4388462422876,3808.55,4500.94,0.6091817452767431,0.03623188405797095,0.030699412706887363,0.017927761666227227,12040.0,3680.0,-0.6793189368770765,0.04918478260869565,1.0137716453768495,0.8578208107639739,0.043253043253043355,0
2024-06-26,3897.0,3897.0,3840.0,3852.0,6528755784,1676076,65,3821.0,3897.0,40.742610797310924,-198.61158394475706,-260.35955637927907,3938.933017752276,3639.6669822477243,3789.3,4472.88,0.7112276256969402,0.0391999999999999,0.0391999999999999,0.00932400932400923,12040.0,3680.0,-0.6763289036544851,0.058967391304347826,1.0284221360145673,0.8712507377796855,0.04618937644341803,0
2024-06-29,3670.0,3987.0,3670.0,3848.0,1719245798,450647,65,3852.0,3800.0,36.35612681339223,-186.32925439304108,-245.5534959820315,3925.232749925817,3643.367250074183,3784.3,4448.28,0.19333925217518297,-0.002624671916010457,0.018220793140407254,-0.02489094175006412,12040.0,3680.0,-0.6843853820598007,0.03260869565217391,1.0041487197103822,0.8542627712284299,0.1194736842105264,1
2024-06-30,3650.0,3800.0,3640.0,3805.0,3471595634,945594,126,3848.0,3662.0,31.208239838319656,-185.5914833266761,-233.5610934509604,3923.0226294063036,3627.4773705936964,3775.25,4418.92,0.42223324895833625,-0.028131634819532958,-0.008125677139761645,-0.03631578947368419,12040.0,3662.0,-0.6958471760797342,0.0,0.9700019866234024,0.8287092773799933,0.18268705625341353,1
2024-07-01,3600.0,3843.0,3600.0,3800.0,3149698759,832517,151,3805.0,3825.0,41.707470890367716,-169.89560590058818,-220.82799594088598,3899.9331915546004,3639.3668084454,3769.65,4393.42,0.3723147986363673,0.008436593725283492,0.034342888047593334,0.04451119606772247,12040.0,3662.0,-0.6823089700996677,0.04451119606772255,1.014683060761609,0.8706201546858712,0.0915032679738561,1
2024-07-02,3830.0,4028.0,3830.0,4001.0,16505069253,4124829,211,3800.0,4028.0,51.61234128348849,-139.46840158213672,-204.55607706913614,3942.1377224264547,3611.262277573545,3776.7,4372.18,1.7884328473074624,0.043253043253043355,0.08105206655931285,0.05307189542483659,12040.0,3662.0,-0.6654485049833887,0.09994538503549973,1.0665395715836576,0.9212795447579926,0.04270109235352537,0
2024-07-03,4119.0,4119.0,4001.0,4014.0,18539435829,4618996,344,4001.0,4077.0,53.65918322956836,-110.13120843711431,-185.67110334273178,4000.192327184384,3578.9076728156165,3789.55,4358.92,1.894428094159187,0.04618937644341803,0.08719999999999994,0.012164846077457714,12040.0,3662.0,-0.6613787375415282,0.11332605133806663,1.0758533335092557,0.9353234287392289,0.014226146676477702,0
2024-07-06,4254.0,4254.0,4254.0,4086.0,4759545360,1118840,55,4014.0,4254.0,60.207281376459804,-71.77151342677325,-162.89118535954006,4105.349618813617,3521.650381186383,3813.5,4348.2,0.4755008113569402,0.1194736842105264,0.11653543307086611,0.043414275202354746,12040.0,3662.0,-0.6466777408637874,0.1616602949208083,1.1155106857217778,0.978335863115772,-0.04771979313587216,0
2024-07-07,4331.0,4331.0,4331.0,4279.0,12769472759,2948389,98,4086.0,4331.0,62.67797469807127,-34.757262197284035,-137.26440072708886,4209.109846486854,3478.8901535131463,3844.0,4337.42,1.231675422989493,0.18268705625341353,0.14941613588110414,0.018100611189468818,12040.0,3662.0,-0.6402823920265781,0.18268705625341344,1.126690946930281,0.9985198574267652,-0.06257215423689677,0
2024-07-08,4470.0,4470.0,4175.0,4326.0,14970307862,3457873,227,4279.0,4175.0,55.20016872860145,-17.805843003839982,-113.37268918243909,4252.661383006098,3484.8386169939026,3868.75,4324.32,1.3603961392443733,0.0915032679738561,0.1007118375955709,-0.03601939505887786,12040.0,3662.0,-0.6532392026578073,0.14008738394320044,1.0791599353796446,0.9654697154697155,-0.01101796407185629,0
2024-07-09,4490.0,4500.0,4101.0,4303.0,2549548007,608796,97,4326.0,4200.0,56.103993709097594,-2.327598986140856,-91.16367114317944,4296.7382801188,3486.1617198812,3891.45,4312.72,0.26025735123905414,0.04270109235352537,0.08780108780108775,0.0059880239520957446,12040.0,3662.0,-0.6511627906976745,0.14691425450573456,1.0792892109624947,0.9738633623328201,-0.03785714285714281,0
2024-07-10,4140.0,4143.0,4060.0,4219.0,6311719174,1540187,152,4303.0,4135.0,53.104177286011605,4.640570531841149,-72.00282280817532,4323.783575080945,3497.616424919054,3910.7,4296.56,0.7055578195816348,0.014226146676477702,0.06107261996407498,-0.015476190476190421,12040.0,3662.0,-0.65656146179402,0.1291643910431458,1.057355460659217,0.9623978252369336,-0.042321644498186206,0
2024-07-13,4135.0,4250.0,4012.0,4148.0,6312585089,1556375,133,4219.0,4051.0,49.426202417038034,3.3462239088148635,-56.93301346477729,4335.514904340854,3517.7850956591465,3926.65,4276.74,0.731996627888894,-0.04771979313587216,0.06605263157894736,-0.020314389359129437,12040.0,3662.0,-0.6635382059800664,0.10622610595303113,1.0316682159092356,0.9472168053236811,-0.0024685262898049842,0
2024-07-14,4200.0,4200.0,3901.0,4012.0,10726875241,2702256,164,4148.0,4060.0,49.82715838120974,3.011949786400237,-44.94402081454179,4342.995461089401,3547.1045389105993,3945.05,4255.58,1.218437670361365,-0.06257215423689677,0.10868377935554352,0.002221673660824486,12040.0,3662.0,-0.6627906976744186,0.10868377935554342,1.0291377802562705,0.9540415172549923,0.01945812807881775,0
2024-07-17,3960.0,4130.0,3960.0,4047.0,16685587281,4122809,231,4012.0,4129.0,52.90959930888645,8.220003396629181,-34.31121597230759,4355.269216689019,3577.93078331098,3966.6,4234.76,1.9395551480874031,-0.01101796407185629,0.07947712418300656,0.01699507389162558,12040.0,3662.0,-0.6570598006644518,0.12752594210813764,1.0409418645691524,0.97502573935713,0.0026640833131508224,0
2024-07-20,4100.0,4190.0,4021.0,4055.0,3569852538,874993,81,4047.0,4041.0,48.792447051195225,5.186769006960731,-26.41161897645393,4355.9820516252,3608.7179483747996,3982.35,4212.18,0.41763691458738894,-0.03785714285714281,0.003227408142999044,-0.021312666505207023,12040.0,3662.0,-0.6643687707641196,0.10349535772801748,1.0147274850276846,0.959360711080723,0.04058401385795585,0
2024-07-21,4100.0,4100.0,3954.0,4027.0,6284177935,1575045,105,4055.0,3960.0,45.298373117626,-3.710343623200515,-21.871363905803246,4351.266670931552,3634.4333290684476,3992.85,4189.38,0.775404383371128,-0.042321644498186206,-0.028697571743929395,-0.020044543429844075,12040.0,3662.0,-0.6710963455149501,0.08137629710540688,0.9917727938690409,0.9452472680921759,0.03282828282828287,0
2024-07-22,4000.0,4098.0,3970.0,4027.0,4696190890,1166600,51,4027.0,4041.0,49.21489476127637,-4.177194332037288,-18.332529991050055,4353.263526327498,3655.5364736725023,4004.4,4169.8,0.5984737022467644,-0.0024685262898049842,-0.050070521861777184,0.020454545454545503,12040.0,3662.0,-0.6643687707641196,0.10349535772801748,1.0091399460593347,0.969111228356276,0.03513981687701073,0
2024-07-23,4040.0,4200.0,4040.0,4105.0,14731158813,3586292,252,4027.0,4139.0,53.54828482013172,3.3223066149662372,-14.001562669846798,4358.771068430283,3687.1289315697168,4022.95,4151.18,1.720090653771162,0.01945812807881775,-0.04433156314938813,0.024251422915120058,12040.0,3662.0,-0.6562292358803987,0.1302566903331513,1.0288469903926223,0.9970658945167398,-0.046629620681324035,0
2024-07-24,4160.0,4179.0,4100.0,4108.0,2412485226,584543,62,4105.0,4140.0,53.591800397883766,9.2398950308243,-9.353271129712578,4362.381418280623,3718.2185817193777,4040.3,4132.78,0.29243813124718465,0.0026640833131508224,-0.008383233532934131,0.0002416042522348505,12040.0,3662.0,-0.6561461794019934,0.13052976515565265,1.0246763854169245,1.001747008067209,-0.10072463768115947,0
2024-07-27,4181.0,4207.0,4110.0,4133.0,6128451970,1469709,132,4108.0,4205.0,56.44775676787656,18.95606948734212,-3.6914030063016385,4376.166910741698,3738.8330892583017,4057.5,4116.48,0.735564945402517,0.04058401385795585,0.0011904761904761862,0.01570048309178751,12040.0,3662.0,-0.6507475083056479,0.1482796286182414,1.0363524337646335,1.021503809079602,-0.09750297265160524,0
2024-07-29,4237.0,4237.0,4050.0,4127.0,4385607080,1066273,75,4133.0,4090.0,50.523676175187184,17.17864412435847,0.482606419830383,4377.368165170348,3756.931834829652,4067.15,4098.28,0.5419215495963909,0.03282828282828287,-0.010882708585247869,-0.027348394768133222,12040.0,3662.0,-0.6602990033222591,0.11687602403058438,1.0056181847239467,0.99797964023932,-0.08875305623471885,0
2024-07-30,4050.0,4189.0,4050.0,4143.0,6588678742,1582460,161,4127.0,4183.0,54.66708431166102,23.009109790119965,4.987907093888299,4374.707420157072,3797.892579842928,4086.3,4081.94,0.7817826260339552,0.03513981687701073,0.03258454702542579,0.02273838630806857,12040.0,3662.0,-0.6525747508305648,0.14227198252321135,1.023664439713188,1.0247578357349691,-0.10184078412622521,0
2024-07-31,3900.0,4000.0,3900.0,3960.0,13129802867,3330575,372,4143.0,3946.0,44.45085770668128,8.408943462267416,5.672114367564123,4324.783302993464,3876.2166970065364,4100.5,4060.66,1.5538617446896785,-0.046629620681324035,-0.028078817733990125,-0.0566579010279703,12040.0,3662.0,-0.6722591362126246,0.07755324959038777,0.9623216680892575,0.9717632109066014,-0.050430816016218905,0
2024-08-03,3841.0,3841.0,3723.0,3758.0,25909244401,6895033,824,3960.0,3723.0,37.373521494918116,-20.914935495021382,0.35470439504702167,4347.4320614557955,3843.3679385442047,4095.4,4029.72,2.8182750796209994,-0.10072463768115947,-0.09832889319447813,-0.056512924480486615,12040.0,3662.0,-0.69078073089701,0.016657564172583288,0.9090687112369976,0.9238855305083232,0.0018802041364491817,0
2024-08-04,3721.0,3795.0,3721.0,3761.0,3278588071,869088,63,3758.0,3795.0,40.65870059127656,-37.90754794879422,-7.2977460737212265,4366.799024025269,3800.70097597473,4083.75,4007.82,0.38055193797797887,-0.09750297265160524,-0.06087602078693388,0.01933924254633368,12040.0,3662.0,-0.6848006644518272,0.0363189513926816,0.9292929292929293,0.946898812820935,-0.025296442687747,0
2024-08-05,3761.0,3798.0,3724.0,3750.0,4746003982,1272617,576,3761.0,3727.0,38.59929660507444,-56.213354880396764,-17.080867835056335,4389.261996683804,3743.2380033161962,4066.25,3986.36,0.601301436874363,-0.08875305623471885,-0.0588383838383838,-0.017918313570487454,12000.0,3662.0,-0.6894166666666667,0.01774986346258875,0.9165693206271134,0.9349381390541747,-0.011537429568017177,0
2024-08-06,3768.0,3787.0,3757.0,3754.0,3030953624,803751,254,3750.0,3757.0,40.04217895536727,-67.52174088230322,-27.169042444505713,4378.955565798666,3703.844434201334,4041.4,3968.9,0.38261409430988924,-0.10184078412622521,-0.07027963375402124,0.008049369466058387,11360.0,3662.0,-0.6692781690140845,0.02594210813762971,0.92962834661256,0.9466098919095971,-0.0031940377961139355,0
2024-08-10,3790.0,3791.0,3731.0,3750.0,8305306365,2216447,536,3754.0,3747.0,39.70722084743537,-76.40982973414111,-37.01719990243279,4345.507425662341,3678.8925743376585,4012.2,3951.24,1.0738151862947964,-0.050430816016218905,-0.09470886687605706,-0.0026616981634283166,11200.0,3662.0,-0.6654464285714285,0.023211359912616056,0.9339016001196352,0.9483098976523826,0.012543368027755575,0
2024-08-11,3727.0,3750.0,3713.0,3736.0,7727474085,2075600,202,3750.0,3730.0,39.10829197965857,-83.85879017664547,-46.38551795727533,4335.984954884123,3643.9150451158766,3989.95,3932.44,1.0404153701470915,0.0018802041364491817,-0.09903381642512077,-0.004536962903656239,11200.0,3662.0,-0.6669642857142857,0.018569087930092845,0.9348488076291683,0.948520511438191,0.02466487935656847,0
2024-08-12,3713.0,3754.0,3699.0,3721.0,8564883174,2308294,1583,3736.0,3699.0,37.983183061273145,-91.21214903984128,-55.35084417378852,4318.928755896547,3610.871244103453,3964.9,3914.36,1.1097848221975426,-0.025296442687747,-0.12033293697978598,-0.008310991957104608,11200.0,3662.0,-0.6697321428571429,0.010103768432550519,0.932936517944967,0.9449820660337833,0.02162746688294126,0
2024-08-13,3684.0,3684.0,3684.0,3708.0,5166220560,1402340,50,3721.0,3684.0,37.42217513943439,-97.13045414303087,-63.706766167637,4307.447945764772,3577.2520542352277,3942.35,3902.4,0.6764605859468272,-0.011537429568017177,-0.09926650366748169,-0.0040551500405514584,11200.0,3662.0,-0.6710714285714285,0.006007646095030038,0.9344680203431963,0.9440344403444034,0.015472312703582958,0
2024-08-14,3745.0,3745.0,3745.0,3720.0,4889479490,1305602,45,3708.0,3745.0,41.22407249687694,-95.79430624219049,-70.1242741825477,4298.248855065121,3555.85114493488,3927.05,3899.3,0.6336285562596967,-0.0031940377961139355,-0.10470953860865406,0.016558089033658963,11200.0,3662.0,-0.665625,0.022665210267613325,0.9536420468290446,0.9604287949119072,0.025367156208277786,0
2024-08-17,3794.0,3794.0,3794.0,3748.0,5839227786,1539069,45,3720.0,3794.0,44.158914362805135,-89.74696180429919,-74.048811706898,4284.001738688228,3543.4982613117713,3913.75,3898.32,0.7686286711110956,0.012543368027755575,-0.03852002027369483,0.013084112149532645,11200.0,3662.0,-0.66125,0.03604587657018023,0.9694027467262856,0.973239754560939,0.014496573537164048,0
2024-08-18,3822.0,3822.0,3822.0,3750.0,339684072,88876,14,3748.0,3822.0,45.82363629495863,-81.75263824977674,-75.58957701547375,4256.953984780055,3539.846015219945,3898.4,3896.02,0.049357448227257295,0.02466487935656847,0.02659145850120881,0.007380073800737907,11200.0,3662.0,-0.65875,0.04369197160021846,0.9804022162938641,0.9810011242242083,0.012035583464154787,0
2024-08-19,3825.0,3825.0,3753.0,3771.0,5876142783,1544642,84,3750.0,3779.0,43.6705018977831,-77.9878247725901,-76.06922656689702,4241.191612716086,3529.408387283915,3885.3,3893.86,0.8421601633198897,0.02162746688294126,-0.004216073781291185,-0.01125065410779702,11200.0,3662.0,-0.6625892857142858,0.03194975423265975,0.9726404653437315,0.9705022779452779,0.01984652024345057,0
2024-08-20,3720.0,3800.0,3720.0,3765.0,3045082780,813535,36,3771.0,3741.0,41.80123824688079,-77.1807734753911,-76.29153594859584,4233.8325586890915,3514.867441310909,3874.35,3892.28,0.4529535168309116,0.015472312703582958,0.003756372417494047,-0.01005557025668169,11200.0,3662.0,-0.6659821428571429,0.021572910977607863,0.9655813233187502,0.9611333203161129,0.04544239508152903,0
2024-08-21,3799.0,3840.0,3730.0,3774.0,5436734488,1434658,86,3765.0,3840.0,48.04114668481321,-67.77147945649813,-74.5875246501763,4215.73312308554,3512.866876914461,3864.3,3893.58,0.7928608053340697,0.025367156208277786,0.022092094756454683,0.02646351242983158,11200.0,3662.0,-0.6571428571428571,0.04860731840524304,0.9937116683487306,0.9862388855500593,0.032031249999999956,0
2024-08-24,3849.0,3849.0,3849.0,3793.0,3858176016,1002384,18,3774.0,3849.0,48.580882317760015,-58.909252182932505,-71.45187015672755,4177.853410288105,3521.7465897118955,3849.8,3896.14,0.5965595627572347,0.014496573537164048,0.027221777421937654,0.002343750000000089,11200.0,3662.0,-0.6563392857142857,0.051064991807755325,0.9997921969972465,0.9879008454521655,0.034294621979735096,0
2024-08-26,3868.0,3868.0,3868.0,3798.0,945710528,244496,23,3793.0,3868.0,49.76720984872688,-49.77891170155908,-67.11727846569386,4136.370351636626,3536.0296483633742,3836.2,3899.9,0.146996963726538,0.012035583464154787,0.03699731903485248,0.004936347103143612,11200.0,3662.0,-0.6546428571428572,0.056253413435281265,1.008289453104635,0.9918203030846945,0.030506721820062088,0
2024-08-27,3873.0,3873.0,3854.0,3835.0,8322166493,2152623,258,3798.0,3854.0,48.87245661464501,-43.175039111291426,-62.328830594813375,4067.107058667399,3570.192941332601,3818.65,3902.06,1.268174845426273,0.01984652024345057,0.041903217085698774,-0.003619441571871773,11200.0,3662.0,-0.6558928571428572,0.05243036592026215,1.0092571982245033,0.9876834287530176,0.04592631032693295,0
2024-08-28,3910.0,3911.0,3894.0,3886.0,10713490201,2740294,136,3835.0,3911.0,52.608340771845526,-32.96203307491305,-56.45547109083331,4029.677362475449,3589.7226375245505,3809.7,3905.28,1.5385236428870117,0.04544239508152903,0.06161780673181316,0.014789828749351308,11120.0,3662.0,-0.6482913669064748,0.06799563080283998,1.0265900202115652,1.001464683710259,0.03733060598312443,0
2024-08-31,3963.0,3963.0,3963.0,3903.0,3441853611,868497,30,3886.0,3963.0,55.78261676220618,-20.436606316212874,-49.25169813590922,3955.9756815329542,3641.4243184670454,3798.7,3909.9,0.49758595497630786,0.032031249999999956,0.05821094793057413,0.01329583226796216,11120.0,3662.0,-0.643615107913669,0.08219552157291098,1.0432516387185091,1.0135809099976982,0.02649507948523855,0
2024-09-01,3981.0,3981.0,3981.0,3908.0,976666692,245332,19,3903.0,3981.0,56.85977382323902,-8.95444453869868,-41.19224741646712,3964.8598233125235,3636.040176687476,3800.45,3915.68,0.15418447522745843,0.034294621979735096,0.04928835002635745,0.004542013626040786,11120.0,3662.0,-0.6419964028776979,0.08711086837793555,1.0475075320027891,1.0166816491643853,0.03491585028887223,0
2024-09-03,3986.0,3986.0,3986.0,3914.0,1182215712,296592,22,3908.0,3986.0,57.17187630776091,0.5424565068028642,-32.84530663181312,3992.5551899265715,3634.6448100734283,3813.6,3921.44,0.23515963714507707,0.030506721820062088,0.04290947148089996,0.0012559658377291338,11050.0,3662.0,-0.6392760180995475,0.08847624249044238,1.0452066289070694,1.016463339997552,0.034621174109382924,0
2024-09-07,4031.0,4031.0,4031.0,3939.0,3271402391,811561,30,3914.0,4031.0,59.978205166369634,11.566610243229661,-23.96292325680457,4027.5171937309033,3623.282806269097,3825.4,3927.54,0.6449352153059477,0.04592631032693295,0.06668430801799419,0.011289513296537823,11050.0,3662.0,-0.6352036199095022,0.10076460950300382,1.0537460134887855,1.0263421887491917,0.02877697841726623,0
2024-09-08,4057.0,4057.0,4057.0,3950.0,1426441200,351600,25,3939.0,4057.0,61.54602540596208,22.146028580963048,-14.741132889251048,4062.2487236215716,3621.5512763784286,3841.9,3933.68,0.29002491236459266,0.03733060598312443,0.0844693932103715,0.006450012403869998,11050.0,3662.0,-0.6328506787330317,0.10786455488803932,1.0559879226424425,1.0313497793414819,0.044367759428148856,0
2024-09-09,4068.0,4068.0,4068.0,4000.0,6601041900,1622675,38,3950.0,4068.0,62.220338797846274,31.05986313524454,-5.5809336843519315,4094.871544939914,3620.0284550600854,3857.45,3938.84,1.2947675448712248,0.02649507948523855,0.059374999999999956,0.002711363076164597,11050.0,3662.0,-0.6318552036199095,0.11086837793555435,1.0545826906375975,1.0327913802033086,0.05703048180924286,1
2024-09-10,4120.0,4120.0,4120.0,4004.0,544326160,132118,20,4000.0,4120.0,65.31659977370835,41.837826240333925,3.90281830058524,4133.635162650959,3618.5648373490408,3876.1,3945.88,0.1149812617391536,0.03491585028887223,0.07040789815536508,0.012782694198623323,11050.0,3662.0,-0.6271493212669683,0.12506826870562535,1.062924073166327,1.0441270388354436,0.07864077669902914,1
2024-09-11,4124.0,4124.0,4124.0,4027.0,3047372064,738936,27,4004.0,4124.0,65.55048561698425,50.12440330283653,13.147135301035497,4165.603335786747,3625.996664213253,3895.8,3952.5,0.6828051807502119,0.034621174109382924,0.06618407445708385,0.000970873786407811,10820.0,3662.0,-0.6188539741219963,0.1261605679956308,1.0585759022537091,1.0433902593295383,0.09917555771096032,1
2024-09-14,4147.0,4147.0,4147.0,4114.0,11221976909,2706047,92,4027.0,4147.0,66.9313507134978,57.88027532271326,22.09376330537105,4193.265519470646,3643.134480529354,3918.2,3958.22,2.455368932509695,0.02877697841726623,0.07602490918526206,0.005577109602327823,10820.0,3662.0,-0.616728280961183,0.1324412889131622,1.0583941605839418,1.047693155004017,0.08753315649867366,1
2024-09-15,4237.0,4237.0,4230.0,4237.0,65969526326,15569898,272,4114.0,4237.0,71.70995570378963,70.47669613232983,31.770349870762807,4232.136063233362,3659.5639367666377,3945.85,3965.02,8.599912149968647,0.044367759428148856,0.08335464075683974,0.021702435495538852,10820.0,3662.0,-0.6084103512014788,0.1570180229382851,1.0737863831620564,1.0685948620687915,0.0856738258201557,1
2024-09-16,4355.0,4364.0,4250.0,4350.0,63833478583,14675115,525,4237.0,4300.0,74.4889966129422,84.56817458849764,42.329914814309774,4283.270405433998,3663.9295945660015,3973.6,3975.02,5.919897695287927,0.05703048180924286,0.08503658844309858,0.014869011092754292,10820.0,3662.0,-0.6025878003696857,0.1742217367558711,1.0821421381115361,1.0817555634940201,0.0951162790697675,1
2024-09-17,4300.0,4469.0,4300.0,4401.0,15420197388,3500793,191,4350.0,4444.0,79.45653871284291,106.13194631810529,55.09032111506888,4365.926013514389,3646.2739864856107,4006.1,3990.66,1.3584584228936711,0.07864077669902914,0.1163024365737253,0.033488372093023244,10820.0,3662.0,-0.589279112754159,0.2135445111960677,1.1093083048351264,1.1136002565991592,0.06075607560756069,1
2024-09-18,4469.0,4533.0,4285.0,4477.0,11598013948,2570997,176,4401.0,4533.0,81.81360998350262,128.9168734986456,69.85563159178423,4457.78184209053,3625.51815790947,4041.65,4004.82,0.95181935521179,0.09917555771096032,0.13723030607124942,0.020027002700270025,10820.0,3662.0,-0.5810536044362292,0.23784817039868925,1.1215716353469498,1.1318860772768813,0.052062651665563564,1
2024-09-22,4611.0,4611.0,4400.0,4554.0,32268230752,7085183,368,4477.0,4510.0,79.28200335060887,143.4644161785718,84.57738850914174,4523.05440314968,3633.3455968503195,4078.2,4014.46,2.379041777614396,0.08753315649867366,0.11882907467129744,-0.005073902492830351,10820.0,3662.0,-0.5831792975970426,0.23156744948115784,1.1058800451179442,1.1234387688506051,0.04700665188470077,0
2024-09-23,4598.0,4687.0,4475.0,4572.0,22220732396,4859655,270,4554.0,4600.0,81.67194065391371,160.406628635169,99.74323653434719,4592.563735482599,3649.7362645174,4121.15,4024.92,1.5279662674042132,0.0856738258201557,0.13384274094158255,0.019955654101995624,10820.0,3662.0,-0.5748613678373382,0.2561441835062807,1.1161932955607052,1.1428798584816593,0.030000000000000027,0
2024-09-24,4709.0,4709.0,4709.0,4709.0,20188777975,4287275,99,4572.0,4709.0,84.06886410072832,180.54760274064847,115.90410977560745,4682.2714788373605,3646.9285211626407,4164.6,4034.02,1.2901418615137648,0.0951162790697675,0.1575712881022615,0.023695652173913118,10820.0,3662.0,-0.5647874306839187,0.2859093391589295,1.1307208375354174,1.1673219270107733,0.002548311743469922,0
2024-09-25,4850.0,4850.0,4701.0,4817.0,46564399369,9667029,381,4709.0,4714.0,84.17112647695811,194.66890606841025,131.65706903416802,4756.438105960802,3659.261894039199,4207.85,4041.68,2.573526307206081,0.06075607560756069,0.1441747572815535,0.0010617965597792267,10820.0,3662.0,-0.5643253234750462,0.2872747132714364,1.1202870824767992,1.1663466677223333,-0.0065761561306746374,0
2024-09-28,4769.0,4803.0,4769.0,4769.0,60149340077,12611988,271,4817.0,4769.0,85.28970837939328,207.90162057228736,146.9059793417919,4829.709465943182,3676.0905340568165,4252.9,4053.56,2.88293094784057,0.052062651665563564,0.1564015518913675,0.011667373780229084,10820.0,3662.0,-0.5592421441774492,0.3022938285090115,1.121352488889934,1.1764967090656115,-0.02222688194590061,0
2024-09-29,4722.0,4749.0,4722.0,4723.0,48186843150,10201999,261,4769.0,4722.0,80.08170854585833,212.15059494914476,159.95490246326247,4877.128408397575,3715.471591602425,4296.3,4064.0,2.1355696683934315,0.04700665188470077,0.13865444899927648,-0.00985531557978614,10820.0,3662.0,-0.5635859519408503,0.2894593118514473,1.099085259409259,1.1619094488188977,-0.019483269800931846,0
2024-09-30,4683.0,4770.0,4683.0,4768.0,22241462855,4664379,297,4723.0,4738.0,80.5178408217003,214.33824615666344,170.83157120194267,4920.6173318477295,3754.6826681522703,4337.65,4076.06,0.9571130710020366,0.030000000000000027,0.11824404059476046,0.0033883947479882437,10820.0,3662.0,-0.5621072088724585,0.2938285090114691,1.092296520005072,1.1623970206522967,-0.01941747572815533,0
2024-10-01,4810.0,4810.0,4721.0,4730.0,11794484749,2498201,598,4768.0,4721.0,78.54984090081655,212.25349144851953,179.11595525125807,4954.708173560264,3796.3918264397357,4375.55,4089.46,0.5041911655922503,0.002548311743469922,0.09790697674418603,-0.0035880118193331034,10820.0,3662.0,-0.5636783733826247,0.2891862370289459,1.0789500748477334,1.1544311473886528,-0.005507307773776726,0
2024-10-02,4683.0,4683.0,4683.0,4710.0,6271347159,1339173,1532,4730.0,4683.0,74.18500002109062,205.16995438147114,184.3267550773007,4974.801850126951,3846.4981498730485,4410.65,4101.92,0.26732344015713794,-0.0065761561306746374,0.05378037803780389,-0.008049142130904463,10820.0,3662.0,-0.5671903881700554,0.278809393773894,1.0617482683958148,1.1416604906970393,0.00832799487508007,0
2024-10-05,4700.0,4700.0,4663.0,4676.0,11474485775,2459375,572,4710.0,4663.0,71.91981970621407,195.6866138943942,186.59872684071942,4983.345617966465,3905.654382033534,4444.5,4112.6,0.4805625714841405,-0.02222688194590061,0.02867857930730211,-0.004270766602605169,10820.0,3662.0,-0.5690388170055453,0.2733478973238667,1.0491618854764315,1.1338326119729611,0.00793480591893636,0
2024-10-06,4630.0,4630.0,4630.0,4670.0,1794231490,387523,12,4676.0,4630.0,68.21849295370501,183.39412076184817,185.95780562494517,4983.8144962123515,3965.085503787648,4474.45,4124.38,0.07603711485844902,-0.019483269800931846,0.026607538802660757,-0.0070769890628350485,10820.0,3662.0,-0.5720887245841035,0.2643364281813217,1.0347640492127526,1.1225929715496632,0.013174946004319565,0
2024-10-07,4624.0,4716.0,4624.0,4651.0,21296773923,4578628,1790,4670.0,4646.0,69.05017580886297,172.94964186014568,183.35617287198528,4980.361918731879,4027.4380812681206,4503.9,4138.1,0.8626145352071833,-0.01941747572815533,0.010000000000000009,0.003455723542116651,10820.0,3662.0,-0.5706099815157116,0.2687056253413435,1.031550434068252,1.122737488219231,-0.00947051226861817,0
2024-10-08,4697.0,4697.0,4658.0,4680.0,14618934626,3123149,664,4651.0,4695.0,71.509126431143,166.70454138889545,180.02584657536732,4973.869140031149,4096.630859968851,4535.25,4151.18,0.5802011251222059,-0.005507307773776726,-0.0029730303673816127,0.010546706844597464,10820.0,3662.0,-0.5660813308687616,0.2820862916439104,1.035224078055234,1.131003714606449,-0.04898828541001066,0
2024-10-09,4723.0,4726.0,4708.0,4707.0,9474522466,2006030,279,4680.0,4722.0,72.79187800216016,162.06573570470937,176.43382440123574,4966.911091244739,4163.788908755262,4565.35,4162.84,0.36629322632521,0.00832799487508007,0.0016970725498515193,0.005750798722044648,10820.0,3662.0,-0.5635859519408503,0.2894593118514473,1.0343128128182943,1.134321761105399,-0.02626005929690811,0
2024-10-12,4833.0,4833.0,4666.0,4709.0,6477524673,1374976,148,4707.0,4700.0,70.02534627697017,154.82945506091983,172.11295053317255,4944.295269854764,4244.004730145235,4594.15,4174.04,0.2496157370964134,0.00793480591893636,-0.014468442021388084,-0.004659042778483724,10820.0,3662.0,-0.5656192236598891,0.2834516657564173,1.0230401706518073,1.1260074172743912,-0.0514893617021277,0
2024-10-13,4830.0,4850.0,4685.0,4744.0,13619418343,2868727,425,4709.0,4691.0,68.87215613270142,146.6776174618144,167.02588391890092,4906.884078529458,4335.815921470543,4621.35,4183.76,0.5200262089872434,0.013174946004319565,-0.006565014824227,-0.0019148936170212405,10820.0,3662.0,-0.5664510166358595,0.280993992353905,1.0150713536087939,1.121240224104633,-0.07780856960136429,0
2024-10-14,4830.0,4840.0,4602.0,4603.0,15925728782,3459483,89,4744.0,4602.0,58.595695739265715,131.51959521223853,159.92462617756846,4864.827351806273,4414.372648193727,4639.6,4194.0,0.7044378622377483,-0.00947051226861817,-0.028704094554664383,-0.01897250053293542,10820.0,3662.0,-0.5746765249537893,0.2566903331512835,0.9918958530907837,1.0972818311874106,-0.07887874837027375,0
2024-10-15,4465.0,4500.0,4465.0,4465.0,16291934515,3648606,111,4603.0,4465.0,46.97607732693773,107.21607811969625,149.38291656599404,4830.8431965994005,4464.8568034006,4647.85,4199.64,0.8369017990388673,-0.04898828541001066,-0.05422579961872487,-0.029769665362885722,10820.0,3662.0,-0.5873382624768947,0.2192790824685964,0.9606592295362371,1.0631863683553828,-0.07838745800671898,0
2024-10-16,4469.0,4598.0,4469.0,4595.0,25809940466,5616890,169,4465.0,4598.0,56.081314123362695,97.56271198599916,139.01887564999507,4815.034764167825,4496.065235832175,4655.55,4212.68,1.2578515649204867,-0.02626005929690811,-0.018150758061071914,0.029787234042553123,10820.0,3662.0,-0.5750462107208872,0.255598033861278,0.9876384100697018,1.0914667147753923,-0.10830795998260112,0
2024-10-19,4730.0,4730.0,4458.0,4459.0,15115528355,3389766,161,4595.0,4458.0,46.94326018255228,77.71961644551175,126.75902380909841,4825.52576090398,4478.07423909602,4651.8,4227.38,0.7522112292806561,-0.0514893617021277,-0.0439631138751877,-0.030448020878642845,10820.0,3662.0,-0.5879852125693161,0.21736755871108684,0.9583387075970592,1.0545538844390616,-0.059668012561686856,0
2024-10-20,4340.0,4400.0,4326.0,4370.0,10236424047,2360824,630,4459.0,4326.0,40.27909413817404,50.757423455723256,111.55870373842339,4859.509566413441,4425.69043358656,4642.6,4238.0,0.5528623849868008,-0.07780856960136429,-0.06565874730021604,-0.02960969044414541,10820.0,3662.0,-0.600184842883549,0.1813216821409066,0.9318054538405203,1.0207645115620576,-0.02866389274156267,0
2024-10-21,4239.0,4446.0,4239.0,4242.0,22690038456,5348768,326,4370.0,4239.0,36.59196538850686,22.114595062517765,93.66988200324228,4903.76710191474,4345.33289808526,4624.55,4248.24,1.245452164791156,-0.07887874837027375,-0.08760223848471804,-0.02011095700416088,10820.0,3662.0,-0.6082255083179298,0.1575641725832878,0.9166297261355159,0.9978249816394554,-0.0066053314460957635,0
2024-10-22,4239.0,4239.0,4115.0,4189.0,6403852148,1550277,166,4242.0,4115.0,32.0839667018911,-10.470123422898723,72.84188091801407,4948.312459112232,4241.387540887768,4594.85,4255.4,0.3728608630516184,-0.07838745800671898,-0.12353567625133122,-0.029252182118424175,10820.0,3662.0,-0.6196857670979667,0.12370289459311852,0.8955678640216763,0.9670066268740894,0.026488456865127574,0
2024-10-23,4074.0,4120.0,4064.0,4070.0,13286056270,3264770,150,4189.0,4100.0,31.57717950164809,-37.0767248183347,50.85815977074432,4973.175317066884,4155.124682933115,4564.15,4262.46,0.8507152478663783,-0.10830795998260112,-0.13172384582803898,-0.0036452004860266785,10820.0,3662.0,-0.6210720887245841,0.11960677225559803,0.8983052704227513,0.9618858593394425,0.04414634146341467,0
2024-10-26,4192.0,4192.0,4192.0,4080.0,1282387296,305913,33,4070.0,4192.0,38.041457500692765,-50.16079457466367,30.65436890166272,4963.410780057762,4107.189219942238,4535.3,4271.7,0.09493407940052623,-0.059668012561686856,-0.10808510638297875,0.022439024390243922,10820.0,3662.0,-0.6125693160813309,0.14472965592572365,0.9243048971402112,0.9813423227286561,0.02886450381679384,0
2024-10-27,4202.0,4202.0,4202.0,4089.0,1083334428,257814,10,4080.0,4202.0,38.71916236311062,-59.04249259372955,12.714996602584268,4951.816937530831,4066.7830624691696,4509.3,4281.76,0.09460496243234717,-0.02866389274156267,-0.10424216584949908,0.0023854961832061594,10820.0,3662.0,-0.611645101663586,0.1474604041507373,0.9318519504135897,0.9813721460334067,0.002617801047120505,0
2024-10-28,4211.0,4211.0,4211.0,4101.0,1550620741,368231,23,4089.0,4211.0,39.36201490201985,-64.61029027141649,-2.750060772215882,4930.5880122394265,4035.3119877605736,4482.95,4292.3,0.14668476130996866,-0.0066053314460957635,-0.0849630595393307,0.002141837220371201,10820.0,3662.0,-0.6108133086876155,0.1499180775532496,0.9393368206203505,0.9810591058406914,0.033246259795773,0
2024-10-29,4224.0,4224.0,4224.0,4157.0,7033369728,1665097,43,4101.0,4224.0,40.335629903047696,-67.19918827790661,-15.63988627335403,4905.299239714989,4010.9007602850115,4458.1,4301.88,0.6744830580941151,0.026488456865127574,-0.05397536394176927,0.003087152695321782,10820.0,3662.0,-0.6096118299445471,0.15346805024576735,0.9474888405374486,0.9818962872046639,0.022253787878787845,0
2024-10-30,4211.0,4281.0,4211.0,4270.0,15199434321,3556005,169,4157.0,4281.0,44.54033843829889,-63.91471590945366,-25.294852200573956,4879.053284764623,3996.946715235377,4438.0,4311.62,1.3785409087642126,0.04414634146341467,-0.06894301870378428,0.013494318181818121,10820.0,3662.0,-0.6043438077634011,0.16903331512834516,0.9646237043713385,0.9928982609784721,-0.013781826676010245,0
2024-11-02,4300.0,4398.0,4300.0,4343.0,9681554044,2207695,158,4270.0,4313.0,46.80674194737147,-58.06033196369299,-31.847948153197763,4852.128312326316,3988.8716876736844,4420.5,4321.44,0.8600430875667414,0.02886450381679384,-0.032525796321220324,0.007474889044615685,10820.0,3662.0,-0.6013863216266174,0.17777170944838885,0.9756814839950232,0.9980469473138585,0.02133086019012298,0
2024-11-03,4213.0,4380.0,4213.0,4296.0,5760641209,1364785,97,4343.0,4213.0,41.14773006175143,-60.789115687513004,-37.636181660060814,4829.06507891743,3970.2349210825696,4399.65,4330.12,0.5217423649325945,0.002617801047120505,-0.026121128062875587,-0.02318571759795962,10820.0,3662.0,-0.6106284658040665,0.1504642271982523,0.9575761708317708,0.9729522507459378,0.07405649181106111,1
2024-11-04,4420.0,4420.0,4230.0,4322.0,10741818626,2479509,132,4296.0,4351.0,50.11159986964974,-51.22575118979421,-40.354095566007494,4799.463336538172,3970.3366634618264,4384.9,4342.32,0.9875115784266841,0.033246259795773,0.026421325784383054,0.03275575599335401,10820.0,3662.0,-0.5978743068391867,0.18814855270344075,0.9922689228944789,1.0019989314467843,0.044357618938175136,0
2024-11-05,4424.0,4447.0,4200.0,4314.0,7903330856,1835205,114,4322.0,4318.0,48.22021042941044,-45.78179608542996,-41.43963566989199,4756.055371760008,3976.044628239992,4366.05,4351.88,0.7501445297549401,0.022253787878787845,0.04933171324422836,-0.00758446334176055,10820.0,3662.0,-0.6009242144177449,0.1791370835608957,0.9889946290124941,0.9922148588655937,0.06762389995368223,1
2024-11-06,4201.0,4389.0,4185.0,4277.0,20605129884,4817726,203,4314.0,4222.0,43.121309128411866,-48.6529788830303,-42.88230431251965,4699.39925701285,3982.7007429871505,4341.05,4359.34,1.8622445493827948,-0.013781826676010245,0.029756097560975636,-0.0222325150532654,10820.0,3662.0,-0.6097966728280961,0.1529219006007646,0.9725757593209016,0.9684952309294526,0.12458550450023687,1
2024-11-09,4390.0,4405.0,4270.0,4394.0,25058693655,5703351,200,4277.0,4405.0,53.266118625022436,-35.74974057479176,-41.45579156497408,4646.60117077785,4005.9988292221506,4326.3,4370.08,2.0343883572089054,0.02133086019012298,0.05081106870229002,0.043344386546660285,10820.0,3662.0,-0.5928835489833642,0.20289459311851446,1.0181910639576544,1.0079907003990773,0.10964812712826344,1
2024-11-10,4525.0,4525.0,4525.0,4412.0,2179312400,481616,44,4394.0,4525.0,58.493939071450605,-15.660311808224833,-36.29669561362423,4607.158088252189,4028.8419117478106,4318.0,4383.5,0.17943185067727407,0.07405649181106111,0.07686815801999058,0.02724177071509648,10820.0,3662.0,-0.5817929759704251,0.2356635718186783,1.0479388605836035,1.032280141439489,0.08795580110497236,1
2024-11-11,4544.0,4544.0,4544.0,4476.0,7759875136,1707719,69,4412.0,4544.0,59.27081483180613,1.7734037417430955,-28.682675742550764,4593.780390414649,4036.4196095853517,4315.1,4396.16,0.6576931848250376,0.044357618938175136,0.07907860365708852,0.004198895027624383,10820.0,3662.0,-0.5800369685767098,0.24085199344620425,1.053046279344627,1.0336293492502548,0.11531690140845074,1
2024-11-12,4610.0,4610.0,4544.0,4610.0,20529153230,4453271,131,4476.0,4610.0,61.93601208243566,20.677045226854716,-18.810731548669672,4622.935611767532,4021.764388232469,4322.35,4409.1,1.6889168137157338,0.06762389995368223,0.09138257575757569,0.014524647887323994,10820.0,3662.0,-0.5739371534195934,0.2588749317312944,1.0665494464816592,1.0455648545054546,0.08264642082429496,1
2024-11-13,4748.0,4748.0,4616.0,4746.0,27052628069,5699775,277,4610.0,4748.0,66.82436657862792,46.260501715453756,-5.796484895844987,4663.265221610624,3996.434778389377,4329.85,4424.44,2.158265127096447,0.12458550450023687,0.10908666199486095,0.029934924078091063,10820.0,3662.0,-0.5611829944547135,0.2965592572364828,1.0965737843112346,1.0731301588449613,0.05307497893850033,1
2024-11-16,4888.0,4888.0,4888.0,4780.0,3729182288,762926,60,4746.0,4888.0,70.9064242828555,76.94542629523403,10.751897342370818,4761.640762754491,3941.05923724551,4351.35,4442.48,0.30400740750230365,0.10964812712826344,0.13331787618826807,0.02948609941027791,10820.0,3662.0,-0.5482439926062846,0.3347897323866739,1.1233295414066897,1.100286326556338,0.049509001636661276,0
2024-11-17,4923.0,4923.0,4787.0,4921.0,100373959854,20395312,576,4780.0,4923.0,71.83930886888763,102.90147345836431,29.181812565569516,4860.785904715372,3901.614095284627,4381.2,4460.32,5.978771216416555,0.08795580110497236,0.16852599098029897,0.00716039279869074,10820.0,3662.0,-0.5450092421441775,0.3443473511742217,1.1236647493837306,1.1037324676256413,0.07048547633556779,1
2024-11-18,5060.0,5068.0,4920.0,5055.0,22406459329,4432380,209,4921.0,5068.0,75.3637485737091,133.6316930481862,50.07178866209286,4982.493647817551,3862.806352182448,4422.65,4480.54,1.3170170925813205,0.11531690140845074,0.16478970351643296,0.02945358521226904,10820.0,3662.0,-0.5316081330868762,0.3839432004369197,1.1459193017760845,1.1311136604070045,0.06945540647198101,1
2024-11-19,5206.0,5206.0,4944.0,5154.0,74143999296,14387029,449,5055.0,4991.0,70.32996452076888,150.04275747840893,70.06598242535608,5059.2617660789665,3873.638233921033,4466.45,4499.0,3.5901993469952864,0.08264642082429496,0.15585919407132942,-0.015193370165745845,10820.0,3662.0,-0.538724584103512,0.3629164391043146,1.1174422639904176,1.1093576350300067,0.05189340813464227,1
2024-11-20,5050.0,5149.0,5000.0,5027.0,39150339731,7788434,340,5154.0,5000.0,70.57733652100454,161.90848878438464,88.4344836971618,5122.51774583647,3900.38225416353,4511.45,4516.6,1.8397196270457397,0.05307497893850033,0.1842728564661298,0.0018032458425165654,10820.0,3662.0,-0.5378927911275416,0.3653741125068269,1.1082911259129549,1.1070274099986714,0.06600000000000006,1
2024-11-23,4900.0,5170.0,4900.0,5120.0,16454148230,3212753,251,5027.0,5130.0,73.95517889909738,179.73026130291964,106.69363921831336,5206.976633743686,3909.723366256315,4558.35,4536.72,0.7337009633608544,0.049509001636661276,0.1645856980703746,0.026000000000000023,10820.0,3662.0,-0.5258780036968577,0.4008738394320044,1.125407219717661,1.1307728931915568,0.0,0
2024-11-24,5270.0,5270.0,5260.0,5270.0,86216834150,16360045,294,5120.0,5270.0,77.01546782528301,202.81307155188097,125.9175256850269,5308.314677543777,3915.185322456223,4611.75,4559.18,3.1559074567020717,0.07048547633556779,0.16464088397790055,0.02729044834308003,10820.0,3662.0,-0.5129390018484289,0.4391043145821955,1.1427332357564917,1.1559096153255628,-0.04554079696394686,0
2024-11-25,5420.0,5420.0,5380.0,5410.0,73911228700,13653300,481,5270.0,5420.0,79.75961682590783,230.5524462876565,146.84450980555283,5426.599787911998,3917.8002120880024,4672.2,4582.84,2.334617116543097,0.06945540647198101,0.192781690140845,0.028462998102466885,10820.0,3662.0,-0.49907578558225507,0.4800655379574003,1.160053079919524,1.1826727531399743,-0.03690036900369009,0
2024-11-26,5470.0,5500.0,5250.0,5320.0,74078793020,13932268,617,5410.0,5250.0,69.61537624071383,236.09694277536983,164.69499639951624,5488.474640103623,3958.525359896377,4723.5,4601.84,2.1561787478036245,0.05189340813464227,0.1388286334056399,-0.03136531365313655,10820.0,3662.0,-0.5147874306839186,0.4336428181321682,1.1114639568116862,1.1408480086226378,-0.005714285714285672,0
2024-11-27,5190.0,5470.0,5170.0,5280.0,51111046750,9683694,426,5320.0,5330.0,71.45525178675766,244.1321244363944,180.58242200689187,5556.071394400684,3995.8286055993153,4775.95,4619.56,1.4308186096192508,0.06600000000000006,0.12257792754844155,0.015238095238095273,10820.0,3662.0,-0.5073937153419593,0.4554888039322774,1.1160083334205761,1.1537895383975962,0.015009380863039379,0
2024-11-30,5320.0,5380.0,5130.0,5140.0,55700615400,10826205,430,5280.0,5130.0,61.439036064062826,231.69094625701018,190.80412685691556,5581.077593549405,4052.5224064505956,4816.8,4631.5,1.5038766214422004,0.0,0.049509001636661276,-0.03752345215759845,10820.0,3662.0,-0.5258780036968577,0.4008738394320044,1.0650224215246635,1.1076325164633487,0.03508771929824572,0
2024-12-01,5260.0,5260.0,4990.0,5070.0,24248724040,4782645,198,5140.0,5030.0,57.12715475542953,211.32602379445143,194.90850624442274,5574.323782136384,4140.976217863616,4857.65,4641.9,0.6489554884511373,-0.04554079696394686,0.021734714604915606,-0.01949317738791423,10820.0,3662.0,-0.5351201478743068,0.3735663571818678,1.0354801189875764,1.08360800534264,0.03379721669980129,0
2024-12-02,5190.0,5220.0,5190.0,5220.0,34449260390,6599847,162,5070.0,5220.0,62.51069623612769,208.1190215939323,197.55060931432465,5594.634685507272,4207.565314492729,4901.1,4654.3,0.8711777945412992,-0.03690036900369009,0.029992107340173657,0.0377733598409542,10820.0,3662.0,-0.5175600739371534,0.4254505734571273,1.065067025769725,1.1215435188965042,0.03256704980842917,0
2024-12-03,5360.0,5370.0,5180.0,5340.0,53372185780,9990818,406,5220.0,5220.0,62.51069623612769,203.23468629046147,198.68742470955203,5598.267971918319,4294.132028081681,4946.2,4664.52,1.2514246001941216,-0.005714285714285672,0.045882588659587276,0.0,10820.0,3662.0,-0.5175600739371534,0.4254505734571273,1.0553556265415875,1.119086208227213,0.04214559386973171,0
2024-12-04,5260.0,5500.0,5250.0,5470.0,37093401370,6781003,417,5340.0,5410.0,67.27629613580294,212.24855821748042,201.3996514111377,5596.538372422768,4414.661627577233,5005.6,4678.44,0.8390544806767021,0.015009380863039379,0.08200000000000007,0.03639846743295028,10820.0,3662.0,-0.5,0.4773347897323867,1.0807895157423684,1.1563683621036074,0.0443622920517559,0
2024-12-07,5500.0,5600.0,5310.0,5360.0,11980343380,2245604,212,5470.0,5310.0,62.754741039585326,208.91471362221182,202.90266385335255,5586.9523316510285,4514.747668348972,5050.85,4689.26,0.2839362301807339,0.03508771929824572,0.03508771929824572,-0.01848428835489835,10820.0,3662.0,-0.5092421441774492,0.4500273074822501,1.051308195650237,1.1323748309967883,0.0847457627118644,1
2024-12-08,5260.0,5390.0,5200.0,5240.0,30911510090,5903570,303,5360.0,5200.0,58.126881729996015,195.14700388378424,201.35153185943892,5566.25855125978,4602.941448740221,5084.6,4698.82,0.7217140088205402,0.03379721669980129,-0.013282732447817858,-0.020715630885122405,10820.0,3662.0,-0.5194085027726433,0.4199890770070999,1.02269598395154,1.1066608212274571,0.09807692307692317,1
2024-12-09,5200.0,5390.0,5200.0,5380.0,18067639030,3358906,138,5240.0,5390.0,63.17799019358972,197.29313438634108,200.53985236481935,5557.065038097785,4696.734961902214,5126.9,4711.86,0.40652470440430527,0.03256704980842917,-0.005535055350553542,0.03653846153846163,10820.0,3662.0,-0.5018484288354899,0.4718732932823594,1.0513175603191014,1.143921933164398,0.05380333951762517,1
2024-12-10,5540.0,5540.0,5430.0,5540.0,81931927990,14798447,360,5380.0,5440.0,64.39518803583654,200.71482484405533,200.57484686066655,5548.297565143117,4788.502434856882,5168.4,4726.24,1.6855206909952272,0.04214559386973171,0.036190476190476106,0.00927643784786647,10820.0,3662.0,-0.49722735674676527,0.4855270344074276,1.0525501122204164,1.1510206845187718,0.014705882352941124,0
2024-12-11,5490.0,5700.0,5430.0,5600.0,17949792170,3206156,338,5540.0,5650.0,69.02625793122914,217.86042477709088,204.03196244395144,5597.201185822599,4829.798814177401,5213.5,4745.58,0.3704368739093889,0.0443622920517559,0.060037523452157515,0.03860294117647056,10820.0,3662.0,-0.477818853974122,0.5428727471327144,1.0837249448547042,1.1905815516754539,-0.03716814159292037,0
2024-12-14,5660.0,5760.0,5660.0,5760.0,28461941760,4943293,257,5600.0,5760.0,71.14351749895853,237.58577600921672,210.74272515700451,5679.196150185795,4835.003849814206,5257.1,4767.52,0.5576765959538443,0.0847457627118644,0.12280701754385959,0.019469026548672552,10820.0,3662.0,-0.4676524953789279,0.5729109776078646,1.0956611059329286,1.2081753196630531,-0.05034722222222221,0
2024-12-15,5930.0,5930.0,5710.0,5850.0,25160022670,4303889,387,5760.0,5710.0,68.8400422126703,246.34397682060717,217.86297548972507,5733.108436311115,4859.791563688885,5296.45,4789.12,0.5340134454504287,0.09807692307692317,0.13518886679920472,-0.00868055555555558,10820.0,3662.0,-0.4722735674676525,0.5592572364827962,1.0780806011573791,1.1922858479219565,-0.035026269702276736,0
2024-12-16,5710.0,5780.0,5680.0,5690.0,20173533900,3543909,275,5850.0,5680.0,67.42934725978569,248.00531390279957,223.89144317234,5780.822398898025,4873.277601101975,5327.05,4809.8,0.44215456949130616,0.05380333951762517,0.08812260536398475,-0.005253940455341555,10820.0,3662.0,-0.47504621072088726,0.5510649918077554,1.0662561830656743,1.1809222836708386,0.0,0
2024-12-17,5550.0,5700.0,5520.0,5530.0,32957711320,5959017,1110,5690.0,5520.0,60.32867916646593,233.71712712784756,225.8565799634415,5787.056224729467,4919.943775270533,5353.5,4826.3,0.7847327033747881,0.014705882352941124,0.05747126436781613,-0.028169014084507005,10820.0,3662.0,-0.4898336414048059,0.5073730202075368,1.0311011487811712,1.1437332946563619,0.04166666666666674,0
2024-12-18,5500.0,5500.0,5370.0,5400.0,38293502920,7091943,2128,5530.0,5440.0,57.09143184493315,213.4774693739364,223.3807578455405,5778.661258061423,4972.338741938577,5375.5,4840.66,0.9382284823267661,-0.03716814159292037,0.005545286506469571,-0.01449275362318836,10820.0,3662.0,-0.49722735674676527,0.4855270344074276,1.0119988838247604,1.1238136948267385,0.047794117647058876,0
2024-12-21,5440.0,5550.0,5300.0,5460.0,34370023620,6297465,423,5400.0,5470.0,58.001557177308136,197.58055837729353,218.22071795189112,5781.235128335052,5003.764871664948,5392.5,4856.06,0.8164634220020347,-0.05034722222222221,0.030131826741996326,0.005514705882353033,10820.0,3662.0,-0.4944547134935305,0.4937192790824686,1.014371812702828,1.1264275976820715,0.07312614259597816,1
2024-12-22,5540.0,5600.0,5450.0,5520.0,35860812750,6499175,462,5460.0,5510.0,59.24287819125363,186.06496647534004,211.7895676565809,5792.184149794222,5016.815850205778,5404.5,4872.44,0.9001555486183995,-0.035026269702276736,0.059615384615384626,0.007312614259597838,10820.0,3662.0,-0.4907578558225508,0.5046422719825232,1.0195207697289297,1.130850251619312,0.07622504537205077,1
2024-12-23,5520.0,5680.0,5450.0,5590.0,27571513950,4932851,350,5520.0,5680.0,64.09940882726136,188.4836341706714,207.128380959399,5823.400234049784,5011.599765950216,5417.5,4894.0,0.7271263810134241,0.0,0.05380333951762517,0.030852994555353952,10820.0,3662.0,-0.47504621072088726,0.5510649918077554,1.0484540839870788,1.1606048222313037,0.04225352112676051,0
2024-12-24,5690.0,5750.0,5690.0,5750.0,52060558430,9054449,270,5590.0,5750.0,65.9011648035563,193.8146856793128,204.46564190338177,5865.294276216779,5019.705723783221,5442.5,4919.7,1.3844417775308109,0.04166666666666674,0.05698529411764697,0.012323943661971759,10820.0,3662.0,-0.4685767097966728,0.570180229382851,1.056499770326137,1.168770453482936,0.022608695652173827,0
2024-12-25,5890.0,5890.0,5590.0,5700.0,50744669380,8899551,742,5750.0,5700.0,63.451574674874,191.79411708147654,201.93133693900074,5894.723414172753,5027.276585827247,5461.0,4941.74,1.3689643192443415,0.047794117647058876,0.008849557522123908,-0.008695652173912993,10820.0,3662.0,-0.4731977818853974,0.5565264882577826,1.043764878227431,1.153439881499229,0.04385964912280693,0
2024-12-28,5760.0,5870.0,5760.0,5860.0,53470385090,9121961,360,5700.0,5870.0,67.8299737918775,201.58661613352433,201.86239277790548,5938.663136649379,5057.336863350621,5498.0,4969.98,1.4218129784382356,0.07312614259597816,0.01909722222222232,0.029824561403508865,10820.0,3662.0,-0.45748613678373384,0.6029492080830148,1.0676609676245907,1.1810912719970705,0.040885860306643984,0
2024-12-29,5920.0,5980.0,5700.0,5810.0,39755030250,6838799,676,5860.0,5930.0,69.23100250542947,211.7478434120976,203.8394829047439,5966.7971212758175,5119.2028787241825,5543.0,5002.06,1.049131663089852,0.07622504537205077,0.038528896672504365,0.010221465076660996,10820.0,3662.0,-0.4519408502772643,0.6193336974330966,1.069817788201335,1.1855115692334757,0.025295109612141653,0
2024-12-30,5870.0,5970.0,5770.0,5900.0,25095450780,4255807,408,5810.0,5920.0,68.69403490650969,216.49811728092754,206.37120977998066,6004.92388080508,5151.07611919492,5578.0,5035.68,0.6648316159078581,0.04225352112676051,0.04225352112676051,-0.001686340640809414,10820.0,3662.0,-0.45286506469500926,0.616602949208083,1.0613122983148082,1.1756108410383503,0.060810810810810745,1
2024-12-31,5890.0,6070.0,5850.0,5980.0,17742091410,2968441,522,5900.0,5880.0,66.47308892626354,214.56174361940157,208.00931654786484,6023.935830367953,5198.064169632047,5611.0,5070.98,0.49063422870584467,0.022608695652173827,0.0652173913043479,-0.006756756756756799,10820.0,3662.0,-0.4565619223659889,0.6056799563080284,1.047941543396899,1.159539181775515,0.09353741496598644,1
2025-01-01,6070.0,6070.0,5820.0,5950.0,35744998700,6011300,1246,5980.0,5950.0,68.39860837259633,216.18353925644624,209.64416108958113,6065.204868888068,5210.795131111932,5638.0,5107.98,0.9999290303726633,0.04385964912280693,0.09375,0.011904761904761862,10820.0,3662.0,-0.45009242144177447,0.624795193883124,1.0553387726144023,1.1648440283634627,0.11260504201680677,1
2025-01-04,6080.0,6120.0,6000.0,6110.0,63940492440,10462414,440,5950.0,6110.0,72.31278378671885,227.75407955035462,213.26614478173585,6124.255532180467,5231.744467819533,5678.0,5146.34,1.6290081139906805,0.040885860306643984,0.11700182815356497,0.026890756302520913,10820.0,3662.0,-0.43530499075785584,0.6684871654833424,1.0760831278619232,1.1872515224411913,0.04746317512274967,0
2025-01-05,6120.0,6170.0,6010.0,6100.0,10833079100,1778875,363,6110.0,6080.0,70.54834394528842,231.83066719315502,216.9790492640197,6143.92890396567,5300.07109603433,5722.0,5183.9,0.2861614993432462,0.025295109612141653,0.10344827586206895,-0.004909983633387904,10820.0,3662.0,-0.43807763401109057,0.6602949208083014,1.0625655365256903,1.172862130828141,0.05263157894736836,1
2025-01-06,6160.0,6280.0,6050.0,6250.0,37887179260,6058478,255,6100.0,6280.0,74.93860582411108,248.33704591964488,223.25064859514475,6225.118577907254,5307.881422092746,5766.5,5225.28,0.9538940858037026,0.060810810810810745,0.10563380281690149,0.03289473684210531,10820.0,3662.0,-0.4195933456561922,0.7149098853085746,1.0890488164397816,1.2018494702676221,0.031847133757961776,0
2025-01-07,6430.0,6430.0,6330.0,6430.0,59668511610,9280268,308,6250.0,6430.0,77.63174478443499,270.40515408518877,232.68154969315356,6332.968084122871,5299.031915877129,5816.0,5269.4,1.5275150391075765,0.09353741496598644,0.11826086956521742,0.023885350318471277,10820.0,3662.0,-0.40573012939001846,0.7558711086837794,1.1055708390646493,1.2202527802026797,-0.004665629860031051,0
2025-01-08,6600.0,6620.0,6430.0,6590.0,93437580500,14188696,640,6430.0,6620.0,80.49147460395339,299.7701373592163,246.09926722636612,6482.253186961972,5246.746813038028,5864.5,5316.18,2.1418422189574366,0.11260504201680677,0.16140350877192988,0.029548989113530322,10820.0,3662.0,-0.38817005545286504,0.8077553249590388,1.128825986870151,1.2452550515595784,-0.031722054380664666,0
2025-01-11,6780.0,6780.0,6400.0,6590.0,61441205630,9317624,1363,6590.0,6400.0,69.42382950999516,301.81084918520173,257.2415836181333,6554.292520481704,5238.707479518296,5896.5,5357.92,1.3615796574654577,0.04746317512274967,0.09028960817717202,-0.033232628398791486,10820.0,3662.0,-0.40850277264325324,0.7476788640087384,1.0853896379208006,1.1944933854928779,0.009374999999999911,0
2025-01-12,6400.0,6410.0,6400.0,6400.0,27019256000,4221715,330,6590.0,6400.0,69.42382950999516,299.97025760515953,265.78731841553855,6617.786720897888,5244.213279102112,5931.0,5401.66,0.6172876872811246,0.05263157894736836,0.07925801011804379,0.0,10820.0,3662.0,-0.40850277264325324,0.7476788640087384,1.0790760411397742,1.184820962444878,-0.0015625000000000222,0
2025-01-13,6330.0,6590.0,6310.0,6470.0,22843143990,3530064,557,6400.0,6480.0,71.09971426362662,301.49150058256055,272.928154848943,6687.209466568038,5254.790533431962,5971.0,5444.24,0.5162086089268851,0.031847133757961776,0.09459459459459452,0.012499999999999956,10820.0,3662.0,-0.4011090573012939,0.7695248498088476,1.0852453525372634,1.1902487766887573,-0.02314814814814814,0
2025-01-15,6590.0,6660.0,6380.0,6590.0,44116527260,6699003,481,6470.0,6400.0,67.13687149194058,292.86579065793103,276.9156820107406,6723.053670283315,5306.946329716685,6015.0,5485.88,0.9743375189612301,-0.004665629860031051,0.08843537414965996,-0.012345679012345734,10710.0,3662.0,-0.4024276377217554,0.7476788640087384,1.0640066500415628,1.1666314246757128,-0.014062499999999978,0
2025-01-18,6430.0,6700.0,6400.0,6480.0,128698021170,19874900,1764,6590.0,6410.0,67.3816065856085,283.56797472657763,278.24614055390805,6739.525887079536,5387.474112920464,6063.5,5529.64,2.644840934673258,-0.031722054380664666,0.07731092436974785,0.0015624999999999112,10710.0,3662.0,-0.40149393090569563,0.750409612233752,1.0571452131607157,1.159207471010771,-0.03744149765990634,0
2025-01-19,6670.0,6670.0,6450.0,6580.0,38538911260,5860780,715,6480.0,6460.0,68.6391691257032,277.0404212222238,278.00499668757124,6751.908444146478,5474.091555853522,6113.0,5570.74,0.7821926655027027,0.009374999999999911,0.05728314238952548,0.007800312012480548,10710.0,3662.0,-0.3968253968253968,0.7640633533588204,1.0567642728611157,1.1596304979230767,-0.06811145510835914,0
2025-01-20,6680.0,6680.0,6390.0,6430.0,35325469730,5493309,1163,6580.0,6390.0,64.86853958729947,263.1850397447697,275.041005299011,6742.733727901745,5571.266272098255,6157.0,5608.04,0.7381035118845213,-0.0015625000000000222,0.05098684210526305,-0.010835913312693513,10710.0,3662.0,-0.40336134453781514,0.7449481157837248,1.0378431054084782,1.1394355247109507,-0.08294209702660404,0
2025-01-21,6460.0,6470.0,6240.0,6340.0,37496196820,5914730,1069,6430.0,6330.0,61.73791014211386,244.5440993878501,268.9416241167788,6736.618817078772,5642.381182921228,6189.5,5643.76,0.7895193285690553,-0.02314814814814814,0.0079617834394905,-0.009389671361502372,10710.0,3662.0,-0.40896358543417366,0.7285636264336428,1.0226997334195007,1.1215926970672034,-0.0600315955766193,0
2025-01-22,6340.0,6480.0,6290.0,6360.0,23411636160,3683509,358,6340.0,6310.0,60.686545445461356,225.55710509809342,260.2647203130417,6727.867514641826,5707.132485358174,6217.5,5677.76,0.5099686125365553,-0.014062499999999978,-0.018662519440124425,-0.003159557661927326,10710.0,3662.0,-0.41083099906629317,0.7231021299836156,1.0148773622838763,1.1113537733190553,-0.060221870047543535,0
2025-01-25,6310.0,6460.0,6170.0,6200.0,23623845790,3809724,700,6360.0,6170.0,53.78219661789104,196.94271236283566,247.60031872300053,6693.941497327939,5788.058502672061,6241.0,5706.2,0.5467049074991155,-0.03744149765990634,-0.06797583081571001,-0.022187004754358197,10710.0,3662.0,-0.4239028944911298,0.6848716548334244,0.9886236180099343,1.0812800112158705,-0.03565640194489461,0
2025-01-26,6130.0,6170.0,6020.0,6040.0,28307061950,4682852,1041,6200.0,6020.0,47.54127103290093,160.31385523563495,230.14302602552743,6681.132638622741,5815.867361377259,6248.5,5728.84,0.6941091379784353,-0.06811145510835914,-0.059374999999999956,-0.024311183144246407,10710.0,3662.0,-0.43790849673202614,0.6439104314582196,0.9634312234936385,1.0508235524120066,-0.01661129568106312,0
2025-01-27,6120.0,6180.0,5860.0,5980.0,60714264250,10150345,1863,6040.0,5860.0,41.94948541312017,117.02556141534387,207.51953310349074,6688.869350148977,5801.130649851023,6245.0,5747.58,1.4684804566434162,-0.08294209702660404,-0.08437499999999998,-0.02657807308970095,10710.0,3662.0,-0.45284780578898226,0.600218459858001,0.9383506805444356,1.0195595363613903,0.013651877133105783,0
2025-01-29,5930.0,6050.0,5870.0,5950.0,24897001840,4185153,868,5980.0,5950.0,45.81050527769104,88.95609404713377,183.80684529221938,6686.148723416406,5806.851276583594,6246.5,5765.22,0.6057880826661344,-0.0600315955766193,-0.08179012345679015,0.015358361774743923,10710.0,3662.0,-0.4444444444444444,0.624795193883124,0.9525334187144802,1.032050815059963,-0.008403361344537785,0
2025-02-01,6050.0,6120.0,5780.0,5900.0,29159584710,4946044,1142,5950.0,5930.0,45.0927525070207,64.35515985212987,159.91650820420148,6680.782352582496,5817.217647417504,6249.0,5784.0,0.7058225698430086,-0.060221870047543535,-0.07343750000000004,-0.003361344537815114,10710.0,3662.0,-0.446311858076564,0.6193336974330966,0.9489518322931669,1.0252420470262793,-0.015177065767284947,0
2025-02-02,5900.0,6010.0,5800.0,5880.0,20100663080,3415961,633,5900.0,5950.0,46.003834367373805,45.942973119837006,137.12180118732857,6680.782352582496,5817.217647417504,6249.0,5803.0,0.4966703947420266,-0.03565640194489461,-0.07176287051482055,0.003372681281618828,10710.0,3662.0,-0.4444444444444444,0.624795193883124,0.9521523443751,1.0253317249698433,-0.020168067226890796,0
2025-02-03,5940.0,5990.0,5830.0,5890.0,19708223970,3344669,344,5880.0,5920.0,44.80292552479981,28.60074165584956,115.41758928103278,6691.007475023033,5787.992524976967,6239.5,5818.8,0.5128417118252893,-0.01661129568106312,-0.08359133126934981,-0.005042016806722671,10710.0,3662.0,-0.44724556489262374,0.616602949208083,0.9487939738761119,1.0173919021104008,-0.042229729729729715,0
2025-02-04,6050.0,6060.0,5940.0,5950.0,8184806940,1365085,177,5890.0,5940.0,45.81838221244933,16.283030489980774,95.59067752282238,6697.811723473281,5767.188276526719,6232.5,5832.2,0.20997607429318474,0.013651877133105783,-0.07042253521126762,0.0033783783783782884,10710.0,3662.0,-0.44537815126050423,0.6220644456581104,0.9530685920577617,1.018483591097699,-0.06565656565656564,0
2025-02-05,6000.0,6010.0,5880.0,5930.0,23560062160,3972241,898,5950.0,5900.0,44.07206388475073,3.255957291764389,77.12373347661078,6700.050100196963,5726.949899803037,6213.5,5841.8,0.6209698810986736,-0.008403361344537785,-0.06793048973143756,-0.006734006734006703,10710.0,3662.0,-0.44911297852474324,0.6111414527580558,0.9495453448137121,1.0099626827347734,-0.07457627118644072,0
2025-02-09,5810.0,6100.0,5760.0,6010.0,45550074620,7573602,607,5930.0,5840.0,41.51598113407357,-11.773868801329627,59.344213021022696,6685.772856979804,5682.227143020196,6184.0,5853.6,1.1999685716564095,-0.015177065767284947,-0.0744849445324881,-0.01016949152542368,10710.0,3662.0,-0.45471521942110177,0.5947569634079738,0.944372574385511,0.9976766434331009,-0.05993150684931503,0
2025-02-11,6000.0,6080.0,5830.0,5840.0,32249609700,5518944,588,6010.0,5830.0,41.08825805619898,-24.212919229807994,42.63278657085656,6626.764450277723,5662.235549722277,6144.5,5863.6,0.9389132486903269,-0.020168067226890796,-0.05510534846029169,-0.001712328767123239,10710.0,3662.0,-0.4556489262371615,0.5920262151829602,0.9488160143217511,0.9942697319053141,-0.07204116638078906,0
2025-02-15,5790.0,5790.0,5670.0,5720.0,11904793000,2091730,424,5840.0,5670.0,34.89383640744852,-46.44621607001409,24.81698604268243,6617.140452136417,5598.859547863583,6108.0,5874.4,0.3791620307581428,-0.042229729729729715,-0.05813953488372092,-0.027444253859348233,10710.0,3662.0,-0.47058823529411764,0.5483342435827416,0.9282907662082515,0.9652049571020019,-0.05820105820105825,0
2025-02-16,5630.0,5700.0,5550.0,5580.0,29823797440,5344072,337,5720.0,5550.0,31.106140455278904,-72.90881369615818,5.27182609491431,6610.677952600501,5520.322047399499,6065.5,5884.8,0.9589501905030992,-0.06565656565656564,-0.05290102389078499,-0.021164021164021163,10710.0,3662.0,-0.48179271708683474,0.5155652648825778,0.9150111285137251,0.9431076672104405,-0.023423423423423406,0
2025-02-17,5580.0,5710.0,5460.0,5530.0,15868711180,2867825,264,5580.0,5460.0,28.59876370050631,-99.99023561184185,-15.780586246436926,6585.270531826647,5443.729468173353,6014.5,5889.6,0.5176837423251365,-0.07457627118644072,-0.08235294117647063,-0.01621621621621616,10620.0,3662.0,-0.4858757062146893,0.4909885308574549,0.9078061351733311,0.9270578647106764,0.016483516483516425,0
2025-02-18,5620.0,5620.0,5430.0,5470.0,12910891630,2360377,232,5530.0,5490.0,30.606720243868878,-117.67522160718636,-36.15951331858682,6554.487830788714,5383.512169211286,5969.0,5895.0,0.44344711082674915,-0.05993150684931503,-0.07419898819561555,0.005494505494505475,10210.0,3662.0,-0.4622918707149853,0.4991807755324959,0.919752052270062,0.9312977099236641,0.01821493624772308,0
2025-02-19,5440.0,5560.0,5410.0,5460.0,8445639400,1546814,279,5470.0,5410.0,28.319599461741433,-136.57171808094972,-56.2419542710594,6515.989112129922,5322.010887870078,5919.0,5895.0,0.35103896767336645,-0.07204116638078906,-0.09075630252100841,-0.014571948998178486,10170.0,3662.0,-0.46804326450344147,0.4773347897323867,0.9140057442135496,0.917726887192536,0.02772643253234741,0
2025-02-22,5470.0,5470.0,5310.0,5390.0,11331399340,2110947,354,5460.0,5340.0,26.456654724194266,-155.4043381891006,-76.07443105466764,6456.602560642786,5269.397439357214,5863.0,5895.6,0.5003552291331905,-0.05820105820105825,-0.09797297297297303,-0.012939001848428888,9930.0,3662.0,-0.4622356495468278,0.4582195521572911,0.9107965205526181,0.9057602279666191,0.05805243445692887,1
2025-02-23,5390.0,5440.0,5340.0,5390.0,4794108350,890025,153,5390.0,5420.0,31.96500856540021,-162.00648399247711,-93.26084164222954,6386.040899675318,5242.959100324682,5814.5,5900.0,0.22313479561658742,-0.023423423423423406,-0.08754208754208759,0.014981273408239737,9710.0,3662.0,-0.44181256436663235,0.4800655379574003,0.9321523776764984,0.9186440677966101,0.040590405904058935,0
2025-02-24,5510.0,5550.0,5500.0,5440.0,4964473070,895991,122,5390.0,5550.0,39.84921196170396,-154.9625072402223,-105.60117476182809,6305.989396691086,5245.010603308914,5775.5,5903.2,0.23971108103693742,0.016483516483516425,-0.05932203389830504,0.023985239852398532,9400.0,3662.0,-0.4095744680851064,0.5155652648825778,0.9609557614059389,0.9401680444504675,-0.009009009009009028,0
2025-02-25,5600.0,5600.0,5590.0,5580.0,13879649710,2478573,179,5440.0,5590.0,42.07356446455257,-144.48688434611722,-113.37831667868593,6214.872485532842,5264.127514467158,5739.5,5906.2,0.6739742154876154,0.01821493624772308,-0.042808219178082196,0.007207207207207134,6620.0,3662.0,-0.1555891238670695,0.5264882577826324,0.9739524348810872,0.9464630388405405,-0.030411449016100156,0
2025-02-26,5740.0,5740.0,5470.0,5580.0,11613546160,2083717,227,5580.0,5560.0,40.853350698058584,-137.02607570434157,-118.10786848381707,6146.76249268487,5271.23750731513,5709.0,5904.4,0.5802208026075389,0.02772643253234741,-0.046312178387650116,-0.00536672629695889,6620.0,3662.0,-0.16012084592145015,0.5182960131075914,0.9739008582939219,0.9416706185217805,-0.55,0
2025-03-01,5580.0,5740.0,5580.0,5630.0,7989334990,1406694,191,5580.0,5650.0,45.92051619792859,-122.43967490859814,-118.9742297687733,6104.76923612751,5276.23076387249,5690.5,5902.2,0.4104211351068112,0.05805243445692887,-0.003527336860670194,0.01618705035971213,6620.0,3662.0,-0.14652567975830816,0.5428727471327144,0.9928828749670503,0.9572701704449189,-0.5679646017699115,0
2025-03-02,5630.0,5780.0,5630.0,5660.0,6036704300,1059090,125,5630.0,5640.0,45.45454993013359,-110.41397998420052,-117.26217981185874,6086.807009516987,5272.192990483013,5679.5,5900.8,0.35625078017841094,0.040590405904058935,0.016216216216216273,-0.001769911504424737,6620.0,3662.0,-0.14803625377643503,0.5401419989077008,0.99304516242627,0.9558026030368764,-0.5638297872340425,0
2025-03-03,5650.0,5650.0,5500.0,5500.0,44884415630,8159464,225,5660.0,5500.0,39.423226703440434,-110.9019514253796,-115.99013413456292,6051.568118328979,5262.431881671021,5657.0,5897.2,2.572670376316383,-0.009009009009009028,0.0073260073260073,-0.024822695035460973,6620.0,3662.0,-0.1691842900302115,0.5019115237575096,0.9722467739084321,0.9326460014922336,-0.5534545454545454,0
2025-03-04,5660.0,5660.0,5420.0,5490.0,20500528830,3732101,333,5500.0,5420.0,36.44714157288525,-116.40219171205354,-116.07254565006104,6018.037190968309,5244.962809031691,5631.5,5895.2,1.1996868040690911,-0.030411449016100156,-0.012750455373406244,-0.014545454545454528,6620.0,3662.0,-0.18126888217522658,0.4800655379574003,0.9624433987392347,0.9193920477676755,-0.5535055350553506,0
2025-03-16,2500.0,2600.0,2460.0,2516.0,7239310542,2894001,209,2530.0,2502.0,9.19145016683025,-352.1599048516173,-163.2900174903723,6862.306884248246,4055.8931157517545,5459.1,5836.44,0.9381492422470047,-0.55,-0.5375231053604437,-0.5383763837638376,6620.0,2502.0,-0.6220543806646526,0.0,0.458317305050283,0.42868597980961,-0.0303756994404476,0
2025-03-17,2500.0,2541.0,2441.0,2497.0,27947248493,11193205,1358,2516.0,2441.0,9.039270598417062,-537.723242441286,-238.17666248055502,7189.685352783368,3380.614647216631,5285.15,5775.86,3.219005190029555,-0.5679646017699115,-0.5428838951310861,-0.024380495603517183,6620.0,2441.0,-0.6312688821752266,0.0,0.46186011749903033,0.42262104690903174,0.012699713232281917,0
2025-03-18,2423.0,2460.0,2423.0,2423.0,30064767157,12407150,246,2497.0,2460.0,9.541647236739863,-675.464054029303,-325.6341407903046,7350.944568705279,2871.3554312947203,5111.15,5714.86,3.0792106123200713,-0.5638297872340425,-0.5461254612546125,0.0077836952068823795,6620.0,2441.0,-0.6283987915407855,0.0077836952068824255,0.4813006857556519,0.4304567390977207,0.02276422764227637,0
2025-03-25,2423.0,2490.0,2422.0,2438.0,6005310545,2440418,225,2423.0,2456.0,9.52971432421981,-776.0021365665893,-415.70773994556157,7425.62967177151,2452.270328228489,4938.95,5650.38,0.6173995385981916,-0.5534545454545454,-0.5574774774774776,-0.001626016260162566,6620.0,2441.0,-0.6290030211480363,0.0061450225317492835,0.4972716873019569,0.43466103164742903,-0.011807817589576497,0
2025-03-26,2440.0,2490.0,2420.0,2444.0,10457847988,4274312,379,2438.0,2420.0,9.415584907567407,-848.7997552317952,-502.32614300280835,7446.243372653875,2089.656627346125,4767.95,5583.78,1.1284500323079065,-0.5535055350553506,-0.5670840787119857,-0.014657980456026065,6620.0,2420.0,-0.6344410876132931,0.0,0.5075556580920522,0.43339816396777814,0.011570247933884392,0
2025-03-29,2443.0,2480.0,2417.0,2443.0,9665686200,3956973,852,2444.0,2426.0,9.609884589442373,-895.6833623885032,-580.9975868799473,7413.5516886850655,1781.9483113149345,4597.75,5518.3,1.066663284518576,-0.0303756994404476,-0.5636690647482014,0.0024793388429751317,6620.0,2420.0,-0.6335347432024169,0.0024793388429752068,0.5276493937251917,0.4396281463494192,0.03792250618301729,0
2025-03-30,2442.0,2490.0,2432.0,2451.0,7033569796,2858025,546,2443.0,2472.0,11.182805623159425,-918.5387997632629,-648.5058294566105,7353.374945871956,1522.325054128045,4437.85,5450.34,0.7625489906092833,0.012699713232281917,-0.5624778761061947,0.018961253091508645,6620.0,2420.0,-0.6265861027190333,0.021487603305785124,0.5570264880516466,0.45354968680852936,0.005663430420711935,0
2025-04-05,2448.0,2524.0,2448.0,2467.0,4763027294,1903271,120,2451.0,2516.0,12.74684133512929,-922.4678313273816,-703.2982298307649,7269.363051393022,1302.9369486069772,4286.15,5382.06,0.5322422624832714,0.02276422764227637,-0.5539007092198582,0.017799352750809128,6620.0,2420.0,-0.6199395770392749,0.03966942148760331,0.587006987622925,0.46747899503164214,-0.006756756756756799,0
2025-04-06,2541.0,2541.0,2398.0,2447.0,5940036862,2456579,129,2467.0,2427.0,12.275943692618213,-922.1333935918356,-747.065262582979,7171.484063178743,1097.5159368212567,4134.5,5312.2,0.6909457252093011,-0.011807817589576497,-0.5587272727272727,-0.03537360890302066,6620.0,2420.0,-0.6333836858006042,0.002892561983471074,0.5870117305599226,0.45687285870260913,0.06674907292954257,1
2025-04-07,2447.0,2498.0,2412.0,2445.0,20076594663,8210731,501,2447.0,2448.0,13.091772060353179,-909.6875133877256,-779.5897127439283,7037.251053652481,927.5489463475201,3982.4,5243.56,2.1338190592356376,0.011570247933884392,-0.548339483394834,0.008652657601977642,6620.0,2420.0,-0.6302114803625377,0.011570247933884297,0.6147047006830052,0.46685839391558404,0.08455882352941169,1
2025-04-08,2498.0,2518.0,2498.0,2518.0,35170602524,13969297,293,2445.0,2518.0,15.899419172657502,-883.9856127903436,-800.4688927532114,6882.428621031088,793.171378968912,3837.8,5174.92,3.125801936089819,0.03792250618301729,0.006394884092725928,0.028594771241829964,6620.0,2420.0,-0.6196374622356495,0.04049586776859504,0.6561050601907342,0.4865775702812797,0.05202541699761709,1
2025-04-09,2592.0,2592.0,2450.0,2500.0,9213943910,3703732,421,2518.0,2486.0,15.650506704537946,-856.3275925184307,-811.6406327062554,6712.128664100105,678.0713358998946,3695.1,5102.44,0.814245499525361,0.005663430420711935,0.018435067595247823,-0.012708498808578272,6620.0,2420.0,-0.6244712990936556,0.02727272727272727,0.672782874617737,0.4872178800730631,0.1138374899436847,1
2025-04-12,2550.0,2550.0,2494.0,2514.0,15798282679,6284083,574,2500.0,2499.0,16.22430793267236,-823.8624473764085,-814.084995640286,6500.018415622517,598.0815843774835,3549.05,5030.82,1.3041926094369232,-0.006756756756756799,0.01585365853658538,0.005229283990345834,6620.0,2420.0,-0.6225075528700906,0.03264462809917355,0.7041320916865076,0.4967381063126886,0.13805522208883558,1
2025-04-13,2589.0,2589.0,2589.0,2578.0,13219739502,5106118,107,2514.0,2589.0,20.268154352323364,-781.8585593320731,-807.6397083786435,6230.155068214124,571.8449317858758,3401.0,4957.0,1.0153595533571145,0.06674907292954257,0.054153094462540796,0.03601440576230486,6620.0,2420.0,-0.6089123867069487,0.06983471074380165,0.7612466921493678,0.522291708694775,0.1251448435689455,1
2025-04-14,2655.0,2655.0,2653.0,2655.0,39812510767,14995493,246,2578.0,2655.0,23.19598960911233,-734.7745039203337,-793.0666674869815,5913.3730039247275,595.1269960752729,3254.25,4881.5,2.651852937014931,0.08455882352941169,0.09710743801652888,0.02549246813441486,6620.0,2420.0,-0.5989425981873112,0.09710743801652892,0.8158561880617654,0.5438901976851378,0.12015065913371004,1
2025-04-15,2734.0,2734.0,2609.0,2689.0,37790335425,14054420,658,2655.0,2649.0,23.11289722782479,-689.9904205758621,-772.4514181047576,5557.406768888766,659.993231111233,3108.7,4802.08,2.2475356585527657,0.05202541699761709,0.09192085737840072,-0.002259887005649719,6620.0,2420.0,-0.5998489425981873,0.09462809917355372,0.8521246823431017,0.551635957751641,0.12495281238203093,1
2025-04-16,2680.0,2769.0,2674.0,2762.0,39230826898,14201756,390,2689.0,2769.0,28.620192376502118,-637.4673875216367,-745.4546119881336,5119.7837104694145,809.5162895305857,2964.65,4729.46,2.060312409629931,0.1138374899436847,0.12014563106796117,0.04530011325028305,6620.0,2420.0,-0.5817220543806646,0.14421487603305785,0.9340057005042753,0.585479103322578,0.08703503069700247,1
2025-04-19,2844.0,2844.0,2843.0,2829.0,12591871179,4427701,137,2762.0,2844.0,31.903231509631212,-583.0693714532645,-712.9775638811598,4596.244058362414,1053.4559416375855,2824.85,4658.34,0.6270250911233918,0.13805522208883558,0.13036565977742454,0.027085590465872222,6620.0,2420.0,-0.570392749244713,0.17520661157024794,1.0067791210152752,0.610517909813367,0.07630098452883272,1
2025-04-20,2913.0,2913.0,2913.0,2888.0,11189135952,3841104,110,2829.0,2913.0,34.87111494940271,-528.300904488548,-676.0422320026375,3976.585399183701,1414.4146008162986,2695.5,4587.0,0.5611117980969608,0.1251448435689455,0.20024721878862795,0.024261603375527407,6620.0,2420.0,-0.5599697885196374,0.20371900826446282,1.0806900389538119,0.6350555918901243,0.0607621009268795,1
2025-04-21,2974.0,2974.0,2974.0,2974.0,29575692448,9944752,171,2888.0,2974.0,37.46590735276676,-474.50451692942806,-635.7346889879957,2908.2866156707287,2238.113384329271,2573.2,4518.48,1.3896779123479288,0.12015065913371004,0.21486928104575154,0.02094061105389633,6620.0,2420.0,-0.5507552870090634,0.22892561983471074,1.1557593657702472,0.658185938634231,0.0709482178883658,1
2025-04-22,3063.0,3063.0,2900.0,3003.0,145777455381,48542590,1349,2974.0,2980.0,37.7287059024877,-426.4702586773601,-593.8818029258687,2974.037076979252,2220.1629230207477,2597.1,4449.88,5.142994148858428,0.12495281238203093,0.1834789515488482,0.0020174848688634395,6620.0,2420.0,-0.5498489425981873,0.23140495867768596,1.1474336760232569,0.6696809801612628,0.09966442953020138,1
2025-04-23,2998.0,3045.0,2913.0,2972.0,64420322478,21675465,1066,3003.0,3010.0,39.106647106596384,-381.5833582385335,-551.4221139884016,3035.5107176323886,2215.5892823676118,2625.55,4380.88,2.1756620457800664,0.08703503069700247,0.21078037007240558,0.010067114093959662,6620.0,2420.0,-0.5453172205438066,0.24380165289256198,1.1464264630267944,0.6870765690911415,0.11727574750830572,1
2025-04-26,3060.0,3061.0,3001.0,3043.0,41371163409,13594569,476,2972.0,3061.0,41.47747199973217,-337.9986543820337,-508.7374220671281,3099.3316306075812,2211.8683693924186,2655.6,4314.3,1.3564632601902396,0.07630098452883272,0.22488995598239292,0.016943521594684485,6620.0,2420.0,-0.5376132930513595,0.26487603305785123,1.152658532911583,0.7095009619173446,0.10748121528912113,1
2025-04-27,3038.0,3134.0,2980.0,3093.0,39979890445,12926240,712,3043.0,3090.0,42.84027238173658,-297.68586754993794,-466.5271111636901,3159.158919595321,2215.4410804046793,2687.3,4249.5,1.225658836403047,0.0607621009268795,0.1935110081112399,0.009474028095393772,6620.0,2420.0,-0.5332326283987915,0.2768595041322314,1.1498530123171957,0.7271443699258736,0.11294498381877016,1
2025-04-28,3185.0,3185.0,3110.0,3182.0,74682383910,23471519,359,3093.0,3185.0,47.17958803862366,-255.13099618519163,-424.2478881679904,3227.595605499803,2223.5043945001976,2725.55,4187.0,2.039898173691416,0.0709482178883658,0.19962335216572513,0.0307443365695792,6620.0,2420.0,-0.5188821752265861,0.31611570247933884,1.168571480985489,0.7606878433245761,0.11083202511773949,1
2025-04-29,3249.0,3277.0,3200.0,3266.0,46201716004,14148041,344,3182.0,3277.0,51.054755712328735,-211.54377792295236,-381.7070661189828,3304.4591707071518,2231.740829292848,2768.1,4129.14,1.1774556218153998,0.09966442953020138,0.23707059267648178,0.0288854003139718,6620.0,2420.0,-0.5049848942598187,0.3541322314049587,1.1838445142877787,0.7936277287764522,0.11199267622825748,1
2025-04-30,3363.0,3363.0,3363.0,3363.0,18815130798,5594746,94,3266.0,3363.0,54.421022988938,-168.12309378105056,-338.99027165139637,3389.7015661547625,2235.5984338452377,2812.65,4076.0,0.46037401339046474,0.11727574750830572,0.21451787648970755,0.026243515410436347,6620.0,2420.0,-0.4919939577039275,0.3896694214876033,1.1956695642899045,0.8250736015701668,0.1159678858162354,1
2025-05-03,3263.0,3422.0,3263.0,3348.0,109900304016,32825451,1361,3363.0,3390.0,55.456807545225644,-130.0342604074117,-297.19906940259943,3468.245505786457,2244.4544942135426,2856.35,4026.6,2.396242317352096,0.10748121528912113,0.19198312236286919,0.00802854594112401,6620.0,2420.0,-0.4879154078549849,0.40082644628099173,1.1868293451432772,0.841901355982715,0.1079646017699114,1
2025-05-04,3440.0,3448.0,3330.0,3435.0,204127433630,59423832,838,3348.0,3439.0,57.35102759294281,-94.80187801601505,-256.7196311252826,3535.6014057899374,2278.298594210062,2906.95,3976.38,3.5911970461015423,0.11294498381877016,0.18056985925163072,0.014454277286135797,6620.0,2420.0,-0.48051359516616315,0.42107438016528925,1.1830268838473315,0.8648569804696734,0.08374527478918292,1
2025-05-05,3538.0,3538.0,3538.0,3538.0,26827153888,7582576,127,3435.0,3538.0,60.96303728052208,-58.22036043852677,-217.01977698793144,3610.17135004304,2312.7286499569595,2961.45,3928.54,0.4591139232477899,0.11083202511773949,0.18964357767316753,0.0287874382087816,6620.0,2420.0,-0.46555891238670694,0.46198347107438015,1.1946850360465313,0.9005890228940013,0.07801017524024867,1
2025-05-06,3644.0,3644.0,3644.0,3644.0,28855604328,7918662,125,3538.0,3644.0,64.43604494359344,-20.440306946893543,-177.70388297972386,3697.4601955993194,2338.0398044006806,3017.75,3882.42,0.488410066092986,0.11199267622825748,0.22281879194630871,0.029960429621255003,6620.0,2420.0,-0.44954682779456195,0.5057851239669422,1.2075221605500788,0.9385898485995848,0.052414928649835435,1
2025-05-07,3753.0,3753.0,3753.0,3753.0,27822013569,7413273,124,3644.0,3753.0,67.62564454544474,18.087544728281955,-138.54559743812268,3786.45094811141,2375.7490518885897,3081.1,3839.08,0.45206689364288594,0.1159678858162354,0.24684385382059792,0.029912184412733245,6620.0,2420.0,-0.43308157099697886,0.5508264462809918,1.2180714679822142,0.9775779613865823,0.036504130029309856,0
2025-05-10,3865.0,3865.0,3692.0,3842.0,309046118307,80444196,1550,3753.0,3756.0,67.71147743420016,48.30637387859588,-101.17520317477897,3854.6182700118707,2433.281729988129,3143.95,3795.4,4.000880068127992,0.1079646017699114,0.2270499836654687,0.0007993605115907965,6620.0,2420.0,-0.4326283987915408,0.5520661157024793,1.1946754878417278,0.9896190124888022,0.005591054313099031,0
2025-05-11,3832.0,3900.0,3727.0,3760.0,78471967668,20870545,1137,3842.0,3727.0,65.89281504003272,69.11820442224871,-67.11652165537343,3906.8914364622415,2494.8085635377583,3200.85,3751.94,0.9988369596329961,0.08374527478918292,0.2061488673139158,-0.00772097976570818,6620.0,2420.0,-0.4370090634441088,0.5400826446280992,1.1643782120374275,0.9933527721658661,-0.005366246310705702,0
2025-05-12,3872.0,3872.0,3786.0,3845.0,87149373060,22663786,563,3760.0,3814.0,68.61615515222371,91.57626875790493,-35.37796357271776,3966.3746179744335,2551.225382025567,3258.8,3711.42,1.0651145686659773,0.07801017524024867,0.19748822605965466,0.023343171451569722,6620.0,2420.0,-0.42386706948640485,0.5760330578512397,1.170369461151344,1.0276390168722482,-0.04457262716308341,0
2025-05-13,3840.0,3852.0,3747.0,3801.0,106481786155,28017427,1408,3845.0,3835.0,69.25430842121743,109.80322778147729,-6.34172530187875,4009.92798440195,2626.2720155980496,3318.1,3671.52,1.2748863451276238,0.052414928649835435,0.1702776930119012,0.005506030414263341,6620.0,2420.0,-0.4206948640483384,0.5847107438016529,1.1557819233898918,1.0445265176275766,-0.06779661016949157,0
2025-05-14,3801.0,3915.0,3749.0,3891.0,93970763170,24150915,795,3801.0,3890.0,70.9219844737188,127.21975433519901,20.370570625536804,4060.5691940801667,2687.7308059198335,3374.15,3635.92,1.0746220182510182,0.036504130029309856,0.15670532262860548,0.014341590612777066,6620.0,2420.0,-0.4123867069486405,0.6074380165289256,1.1528829482980898,1.0698805254241017,-0.17712082262210793,0
2025-05-17,3938.0,3938.0,3777.0,3821.0,35637473491,9326318,1346,3891.0,3777.0,63.32247212612634,130.40113833785654,42.37668416800075,4083.153561175348,2758.4464388246524,3420.8,3600.46,0.4105110241879475,0.005591054313099031,0.11415929203539821,-0.029048843187660656,6620.0,2420.0,-0.42945619335347435,0.5607438016528926,1.1041276894293732,1.0490326236092056,-0.12682022769393697,0
2025-05-18,3817.0,3860.0,3707.0,3756.0,38016090051,10121872,1047,3821.0,3707.0,59.097914113826874,125.82357721927974,59.06606277825655,4090.752171754819,2830.247828245181,3460.5,3565.4,0.4394539513719298,-0.005366246310705702,0.07792963070660086,-0.018533227429176624,6620.0,2420.0,-0.44003021148036253,0.5318181818181819,1.0712324808553677,1.039715038985808,-0.08443485298084707,0
2025-05-19,3723.0,3820.0,3644.0,3666.0,91702187182,25011698,1055,3756.0,3644.0,55.50860452626247,115.77764098997523,70.40837842060029,4087.402730025457,2900.597269974543,3494.0,3528.48,1.0515220030409205,-0.04457262716308341,0.029960429621255003,-0.016994874561640172,6620.0,2420.0,-0.44954682779456195,0.5057851239669422,1.0429307384087005,1.0327393098444655,-0.04088913282107576,0
2025-05-20,3665.0,3720.0,3557.0,3565.0,159571517757,44760969,1691,3666.0,3575.0,51.797997509143926,101.08321641157454,76.54334601879513,4068.7816963275304,2978.7183036724696,3523.75,3491.78,1.8968839185993367,-0.06779661016949157,-0.018935236004390732,-0.018935236004390732,6620.0,2420.0,-0.45996978851963743,0.4772727272727273,1.014544164597375,1.023833116633923,0.006713286713286637,0
2025-05-25,3397.0,3397.0,3201.0,3202.0,17843721162,5572523,177,3299.0,3201.0,37.25927501302023,58.58378728135676,72.95143427130746,4047.829338329376,3018.7706616706246,3533.3,3449.0,0.24449514273628947,-0.17712082262210793,-0.1470823341326939,-0.10461538461538467,6620.0,2420.0,-0.516465256797583,0.32272727272727275,0.9059519429428579,0.9280951000289939,0.1290221805685723,1
2025-05-26,3202.0,3298.0,3198.0,3296.0,31723909863,9624206,145,3202.0,3298.0,41.82036932245003,32.3567839766979,64.83250421238554,4025.3983836533607,3064.9016163466395,3545.15,3406.56,0.42597347311845246,-0.12682022769393697,-0.12193823216187438,0.030303030303030276,6620.0,2420.0,-0.5018126888217522,0.3628099173553719,0.9302850373044864,0.9681320745855057,0.07428744693753786,1
2025-05-27,3394.0,3394.0,3394.0,3394.0,48735902026,14359429,173,3296.0,3394.0,46.00410685154512,19.0979433935413,55.6855920486167,3999.4983917785257,3121.201608221474,3560.35,3363.44,0.6335480322980452,-0.08443485298084707,-0.08934800107324925,0.029108550636749442,6620.0,2420.0,-0.4873111782477341,0.4024793388429752,0.9532770654570478,1.009085935827605,0.027401296405421327,0
2025-05-28,3495.0,3495.0,3495.0,3495.0,24137497530,6906294,95,3394.0,3495.0,50.072025356999674,16.54930255609861,47.85833415011309,3981.5184730191213,3170.1815269808785,3575.85,3321.54,0.31626804282805976,-0.04088913282107576,-0.08363922391190348,0.02975839717147899,6620.0,2420.0,-0.47205438066465255,0.44421487603305787,0.9773899911909056,1.0522227641395256,-0.032045779685264675,0
2025-05-31,3599.0,3599.0,3599.0,3599.0,21573215775,5994225,60,3495.0,3599.0,53.921541174492916,22.660204434956086,42.81870820708169,3973.754910918738,3210.1450890812616,3591.95,3282.32,0.27972298468257056,0.006713286713286637,-0.06153846153846154,0.029756795422031468,6620.0,2420.0,-0.4563444108761329,0.4871900826446281,1.001962722198249,1.0964805381559384,-0.08808002222839673,0
2025-06-01,3706.0,3706.0,3568.0,3652.0,61632398379,16877897,700,3599.0,3614.0,54.466837508211434,28.38629332084156,39.93222522983367,3971.594810643879,3237.405189356121,3604.5,3241.6,0.7674106838523453,0.1290221805685723,-0.07095115681233932,0.0041678243956655425,6620.0,2420.0,-0.4540785498489426,0.4933884297520661,1.002635594395894,1.1148815399802567,-0.11870503597122306,0
2025-06-02,3650.0,3724.0,3543.0,3594.0,33204499890,9237593,883,3652.0,3543.0,51.36813284371688,26.885237110970593,37.322827606061054,3967.2259214614046,3257.0740785385956,3612.15,3199.66,0.4438182062441525,0.07428744693753786,-0.06195393169181895,-0.01964582180409513,6620.0,2420.0,-0.4648036253776435,0.4640495867768595,0.9808562767326938,1.1073051511723122,-0.11176968670618115,0
2025-06-03,3487.0,3487.0,3487.0,3487.0,25310895115,7258645,1106,3594.0,3487.0,49.00024754115278,20.935574985163385,34.045377081881526,3965.5374499204577,3263.5625500795427,3614.55,3159.4,0.39870282155144626,0.027401296405421327,-0.05934718100890213,-0.01580581428168215,6620.0,2420.0,-0.4732628398791541,0.4409090909090909,0.9647120665089707,1.1036905741596506,-0.11356466876971605,0
2025-06-07,3383.0,3383.0,3383.0,3383.0,42826212303,12659241,1619,3487.0,3383.0,44.864101610398045,7.739280442320705,28.784157753969364,3970.809670203507,3242.7903297964936,3606.8,3118.66,0.6857851408070378,-0.032045779685264675,-0.07162458836443464,-0.02982506452538003,6620.0,2420.0,-0.4889728096676737,0.39793388429752063,0.9379505378729067,1.0847607626352345,-0.11232633757020394,0
2025-06-08,3282.0,3332.0,3282.0,3283.0,69085113551,21045253,2370,3383.0,3282.0,41.224716802959506,-10.74487374870796,20.8783514534339,3978.5908052284194,3198.80919477158,3588.7,3134.26,1.1009341074270949,-0.08808002222839673,-0.0819580419580419,-0.029855158143659466,6620.0,2420.0,-0.5042296072507553,0.35619834710743803,0.9145372976286678,1.0471371232763076,-0.09963436928702007,0
2025-06-09,3261.0,3355.0,3185.0,3192.0,38753956317,12139134,775,3283.0,3185.0,38.03367605985282,-32.842203969614275,10.134240368824267,3979.8049940127835,3140.795005987217,3560.3,3149.14,0.627277080709599,-0.11870503597122306,-0.004998437988128712,-0.029555149299207772,6620.0,2420.0,-0.5188821752265861,0.31611570247933884,0.8945875347583069,1.011387235880272,-0.09607535321821037,0
2025-06-10,3169.0,3277.0,3129.0,3156.0,29062660625,9209248,1234,3192.0,3147.0,36.83090329812767,-52.81199597779232,-2.4550069004990505,3975.6967337568653,3084.0032662431345,3529.85,3162.88,0.5832196020294887,-0.11176968670618115,-0.04578532443905392,-0.011930926216640492,6620.0,2420.0,-0.5246223564954683,0.30041322314049584,0.89153930053685,0.9949792594091461,-0.11248808388941844,0
2025-06-11,3156.0,3200.0,3070.0,3095.0,14764751362,4770763,1628,3156.0,3091.0,35.07075403387813,-72.32323477647606,-16.428652475694452,3972.8958592024,3023.2041407976003,3498.05,3175.58,0.3183613368872169,-0.11356466876971605,-0.08927519151443719,-0.017794725135049205,6620.0,2420.0,-0.5330815709969788,0.2772727272727273,0.8836351681651206,0.9733654954370541,-0.06955677774183111,0
2025-06-28,3003.0,3003.0,3003.0,3046.0,7732794069,2575023,29,3095.0,3003.0,32.44662052927242,-93.80556449309142,-31.90403487917385,3955.4471859561663,2959.5528140438337,3457.5,3187.24,0.18418104716490089,-0.11232633757020394,-0.14077253218884123,-0.028469750889679735,6620.0,2420.0,-0.5463746223564955,0.2409090909090909,0.8685466377440347,0.942194500571027,-0.055611055611055615,0
2025-06-29,2955.0,2955.0,2955.0,2968.0,12314433555,4167321,37,3046.0,2955.0,31.080551070751753,-113.3965001457891,-48.202527932496906,3925.561910321071,2901.438089678929,3413.5,3197.82,0.3258665479405841,-0.09963436928702007,-0.1789385940539039,-0.015984015984015998,6620.0,2420.0,-0.5536253776435045,0.22107438016528927,0.8656803866998681,0.9240670206578231,-0.052115059221658155,0
2025-06-30,2879.0,2879.0,2879.0,2879.0,142476864643,49488317,434,2968.0,2879.0,28.998748207433948,-133.51593406005895,-65.26520915800933,3876.4807098914966,2849.419290108503,3362.95,3205.96,3.5209723348137087,-0.09607535321821037,-0.20337576092971776,-0.025719120135363815,6620.0,2420.0,-0.5651057401812689,0.1896694214876033,0.8560936082903404,0.8980149471609128,-0.009725599166377163,0
2025-07-01,2793.0,2793.0,2793.0,2865.0,2184503055,782135,24,2879.0,2793.0,26.810365994810937,-154.6178730634324,-83.13574193909395,3847.3344356816124,2780.1655643183876,3313.75,3211.5,0.05739139088265293,-0.11248808388941844,-0.21168501270110074,-0.02987148315387289,6620.0,2420.0,-0.5780966767371601,0.1541322314049587,0.8428517540550735,0.8696870621205044,0.018259935553168738,0
2025-07-02,2780.0,2922.0,2780.0,2805.0,107574741801,38353672,2437,2865.0,2876.0,32.13345797836928,-162.76762159241753,-99.06211786975865,3806.2436686280103,2738.1563313719894,3272.2,3220.48,2.550165547745423,-0.06955677774183111,-0.1752222540866074,0.029717150017901872,6620.0,2420.0,-0.565558912386707,0.1884297520661157,0.8789193814559013,0.8930345786963434,0.012517385257301727,0
2025-07-07,2889.0,2889.0,2812.0,2887.0,57445839083,19897927,296,2805.0,2836.0,30.964639663263284,-170.4887337266091,-113.34744104112875,3769.4625707650334,2694.137429234967,3231.8,3228.24,1.3459104064983265,-0.055611055611055615,-0.16169080697605676,-0.013908205841446475,6620.0,2420.0,-0.5716012084592145,0.171900826446281,0.8775295500959217,0.8784972616657993,0.01445698166431586,0
2025-07-08,2970.0,2970.0,2801.0,2827.0,13053319121,4632430,161,2887.0,2801.0,29.938486650801423,-177.38716934483182,-126.15538670186936,3737.7565523351977,2648.443447664802,3193.1,3233.9,0.3625440711945418,-0.052115059221658155,-0.14655697745277274,-0.012341325811001447,6620.0,2420.0,-0.5768882175226586,0.1574380165289256,0.8772039710626037,0.8661368626117072,0.0524812566940378,1
2025-07-09,2751.0,2863.0,2743.0,2762.0,23797763908,8616997,260,2827.0,2851.0,33.33721303938516,-176.78181640361254,-136.280672642218,3740.2412666478285,2610.9587333521713,3175.6,3241.2,0.6664453688817391,-0.009725599166377163,-0.10486656200941913,0.017850767583005966,6620.0,2420.0,-0.5693353474320242,0.17809917355371901,0.8977830961078221,0.8796124892015303,0.034373903893370805,0
2025-07-12,2844.0,2844.0,2844.0,2844.0,18077120964,6356231,85,2762.0,2844.0,33.095158144601086,-174.85133399777305,-143.99480491332903,3732.3428013200823,2573.457198679918,3152.9,3248.1,0.4978879403151498,0.018259935553168738,-0.09628217349857005,-0.0024552788495264544,6620.0,2420.0,-0.570392749244713,0.17520661157024794,0.9020267055726474,0.8755888057633694,0.05203938115330531,1
2025-07-13,2929.0,2929.0,2797.0,2859.0,12480825075,4360141,379,2844.0,2912.0,37.818418632036995,-165.92173856302315,-148.38019164326786,3706.21790758658,2551.38209241342,3128.8,3254.56,0.3554532988254234,0.012517385257301727,-0.057910061468780305,0.02390998593530247,6620.0,2420.0,-0.5601208459214502,0.20330578512396694,0.930708258757351,0.8947446044933878,0.042925824175824134,0
2025-07-14,2890.0,2920.0,2842.0,2873.0,17309494645,6023982,339,2859.0,2877.0,36.394251508186684,-159.8267935521735,-150.66951202504902,3659.5514577579806,2536.2485422420195,3097.9,3259.0,0.49286776526570725,0.01445698166431586,-0.04195804195804198,-0.012019230769230727,6620.0,2420.0,-0.5654078549848942,0.18884297520661156,0.9286936311695019,0.8827861307149433,0.08724365658672228,1
2025-07-15,2923.0,2949.0,2811.0,2864.0,30767255724,10741978,726,2873.0,2948.0,41.229223963216846,-147.56634611003028,-150.04887884204527,3580.6053832825664,2550.0946167174334,3065.35,3264.98,0.8621380212763451,0.0524812566940378,-0.0023688663282571687,0.024678484532499212,6620.0,2420.0,-0.5546827794561934,0.21818181818181817,0.9617172590405664,0.902915178653468,0.08819538670284932,1
2025-07-16,2905.0,2949.0,2905.0,2905.0,8703056978,2960275,126,2864.0,2949.0,41.29690779691425,-136.19914260282349,-147.2789315942009,3483.2872781912897,2580.91272180871,3032.1,3268.58,0.25164242420569116,0.034373903893370805,0.02431399791594302,0.00033921302578021617,6620.0,2420.0,-0.5545317220543806,0.21859504132231405,0.9725932522014445,0.9022266550000306,0.10206849779586302,1
2025-07-19,2992.0,2992.0,2992.0,2949.0,7788074272,2602966,46,2905.0,2992.0,44.269072901932006,-122.31088751765765,-142.28532277889227,3390.1038743180575,2618.996125681943,3004.55,3271.54,0.22768954561429722,0.05203938115330531,0.07124955245256004,0.01458121397083767,6620.0,2420.0,-0.5480362537764351,0.23636363636363636,0.9958230017806327,0.9145540020907585,0.06450534759358284,1
2025-07-20,3037.0,3037.0,3037.0,3037.0,16532018832,5443536,67,2949.0,3037.0,47.277481636143385,-106.44617612594493,-135.1174934483028,3298.7293172937957,2665.3706827062047,2982.05,3274.02,0.47997339994163823,0.042925824175824134,0.055980528511822,0.015040106951871746,6620.0,2420.0,-0.5412386706948641,0.25495867768595043,1.018426921077782,0.9276058179241422,0.04214685544945662,0
2025-07-21,3128.0,3128.0,3128.0,3115.0,13787692240,4407830,48,3037.0,3128.0,52.82348342508508,-85.54423784325354,-125.20284232729296,3237.1500326706428,2701.4499673293576,2969.3,3277.1,0.4033239660139056,0.08724365658672228,0.1029619181946404,0.02996378004609812,6620.0,2420.0,-0.5274924471299094,0.29256198347107437,1.053446940356313,0.9545024564401453,-0.008631713554987264,0
2025-07-22,3208.0,3208.0,3146.0,3207.0,95784950302,29866571,329,3115.0,3208.0,57.09627883182351,-61.81144587996823,-112.52456303782802,3217.6479319527625,2713.5520680472373,2965.6,3281.66,2.6268279433370467,0.08819538670284932,0.14530524812566936,0.025575447570332477,6620.0,2420.0,-0.5154078549848943,0.3256198347107438,1.0817372538440788,0.9775540427710366,-0.041147132169576106,0
2025-07-23,3270.0,3270.0,3166.0,3195.0,58886480487,18429564,788,3207.0,3250.0,59.186233609460466,-39.162546810386175,-97.85215979233965,3233.4918523243523,2704.2081476756475,2968.85,3286.46,1.5772868267711722,0.10206849779586302,0.13995089442300945,0.013092269326683281,6620.0,2420.0,-0.5090634441087614,0.34297520661157027,1.0946999680010778,0.9889059961174029,-0.05661538461538462,0
2025-07-26,3278.0,3278.0,3169.0,3209.0,50707279308,15799542,426,3195.0,3185.0,54.741863155366886,-26.156571222418734,-83.51304207835547,3240.967597505537,2700.532402494463,2970.75,3288.94,1.3151095429982138,0.06450534759358284,0.11990154711673706,-0.020000000000000018,6620.0,2420.0,-0.5188821752265861,0.31611570247933884,1.0721198350584868,0.9683971127475721,-0.04270015698587126,0
2025-07-27,3221.0,3222.0,3161.0,3196.0,44930006199,14059471,460,3209.0,3165.0,53.412828077658745,-17.26406532047895,-70.26324672678017,3253.048977029106,2695.8510229708936,2974.45,3290.44,1.1267140657420482,0.04214685544945662,0.08688186813186816,-0.006279434850863463,6620.0,2420.0,-0.5219033232628398,0.30785123966942146,1.0640622636117603,0.9618774388835536,-0.05813586097946288,0
2025-07-28,3110.0,3113.0,3101.0,3171.0,3900592656,1257265,47,3196.0,3101.0,49.28899135668071,-15.205673912172642,-59.25173216385866,3263.183243299062,2695.516756700938,2979.35,3288.76,0.10129098605048623,-0.008631713554987264,0.07785888077858871,-0.020221169036334863,6620.0,2420.0,-0.531570996978852,0.28140495867768595,1.0408310537533354,0.9429085734440944,-0.05191873589164786,0
2025-07-29,3076.0,3076.0,3076.0,3160.0,1675303412,544637,15,3171.0,3076.0,47.73849991204403,-15.413992051965579,-50.48418414148005,3272.0436114788963,2698.756388521104,2985.4,3284.74,0.04452823384901295,-0.041147132169576106,0.04341926729986434,-0.00806191551112545,6620.0,2420.0,-0.5353474320241692,0.27107438016528923,1.0303476921015609,0.9364515912979414,-0.042587776332899896,0
2025-07-30,3066.0,3066.0,3066.0,3143.0,2668223292,870262,32,3160.0,3066.0,47.10025497821542,-16.199267038390644,-43.62720072086217,3279.0912562426784,2710.4087437573216,2994.75,3278.8,0.0887988868502585,-0.05661538461538462,0.03967446592065116,-0.0032509752925877766,6620.0,2420.0,-0.536858006042296,0.26694214876033057,1.0237916353618832,0.9350982066609734,-0.04109589041095896,0
2025-08-02,3049.0,3066.0,3049.0,3049.0,44804044762,14694618,715,3143.0,3049.0,45.974941809471325,-17.98602929797289,-38.49896643628432,3277.0728932793363,2738.027106720664,3007.55,3271.98,1.4000214700945806,-0.04270015698587126,0.019050802139037426,-0.005544683626875435,6620.0,2420.0,-0.5394259818731117,0.2599173553719008,1.0137819820119365,0.9318516616849736,-0.03148573302722202,0
2025-08-03,3042.0,3089.0,2980.0,3014.0,18429884056,6114059,550,3049.0,2981.0,41.68479201188957,-24.605446688836764,-35.72026248679481,3275.8821924830045,2749.717807516996,3012.8,3262.82,0.6882090608118239,-0.05813586097946288,-0.018439249259137314,-0.022302394227615596,6620.0,2420.0,-0.5496978851963746,0.2318181818181818,0.9894450345193839,0.913626862652552,-0.04226769540422681,0
2025-08-04,2960.0,3040.0,2932.0,2969.0,19947482195,6718682,546,3014.0,2940.0,39.30334765471165,-32.781851235082286,-35.132580236452306,3270.809018829757,2765.190981170243,3018.0,3250.86,0.8168558840148832,-0.05191873589164786,-0.06010230179028131,-0.013753773901375332,6620.0,2420.0,-0.5558912386706949,0.21487603305785125,0.974155069582505,0.9043760727930455,-0.04421768707482998,0
2025-08-05,2969.0,3058.0,2945.0,2991.0,11668092677,3895396,184,2969.0,2945.0,39.75536180563523,-38.415423443849704,-35.78914887793179,3260.4722678125586,2789.927732187441,3025.2,3236.88,0.47573287519113705,-0.042587776332899896,-0.08198254364089774,0.001700680272108901,6620.0,2420.0,-0.5551359516616314,0.21694214876033058,0.9734893560756315,0.909826746743778,-0.07504244482173172,0
2025-08-06,2924.0,3050.0,2902.0,2932.0,13137102863,4487139,211,2991.0,2940.0,39.43906226866204,-42.79026863939225,-37.18937283022388,3254.7200113335057,2804.5799886664945,3029.65,3220.62,0.5621778473521438,-0.04109589041095896,-0.0953846153846154,-0.001697792869269965,6620.0,2420.0,-0.5558912386706949,0.21487603305785125,0.9704091231660422,0.9128677087020511,-0.08877551020408159,0
2025-08-09,2880.0,2995.0,2880.0,2939.0,4529255894,1532673,99,2932.0,2953.0,40.75879135270728,-44.69317848046512,-38.69013396027213,3246.8063060035392,2823.3936939964606,3035.1,3204.56,0.19800622550446115,-0.03148573302722202,-0.07284144427001571,0.004421768707483009,6620.0,2420.0,-0.5539274924471299,0.22024793388429753,0.9729498204342526,0.9214993634071449,-0.10362343379613947,0
2025-08-10,2915.0,3009.0,2851.0,2894.0,7988211937,2797102,158,2939.0,2855.0,34.63195102911875,-53.49240210545986,-41.65058758930968,3251.8941440186018,2812.6058559813982,3032.25,3187.12,0.36504362210089,-0.04226769540422681,-0.09794628751974721,-0.0331865899085676,6620.0,2420.0,-0.5687311178247734,0.1797520661157025,0.9415450573006843,0.8957930670950577,-0.06059544658493865,0
2025-08-11,2815.0,2840.0,2808.0,2808.0,16671324832,5936379,168,2894.0,2810.0,32.23574530088986,-63.36652429478136,-45.993774930404015,3259.6751286461877,2798.1248713538125,3028.9,3167.04,0.775186880616861,-0.04421768707482998,-0.09384069654950011,-0.015761821366024553,6620.0,2420.0,-0.5755287009063444,0.16115702479338842,0.9277295387764535,0.8872638173183793,-0.04911032028469753,0
2025-08-12,2829.0,2829.0,2724.0,2761.0,7998457797,2934793,98,2808.0,2724.0,28.21750119546421,-77.24093314060565,-52.24320657244434,3282.3492773495977,2753.050722650402,3017.7,3144.82,0.40381661827405274,-0.07504244482173172,-0.11443433029908978,-0.03060498220640573,6620.0,2420.0,-0.5885196374622357,0.1256198347107438,0.902674222089671,0.8661863000108114,-0.005873715124816492,0
2025-08-13,2721.0,2747.0,2679.0,2679.0,29449414068,10992172,118,2761.0,2679.0,26.3655314948725,-90.82070151678545,-59.95870556131257,3306.3751809822643,2702.0248190177354,3004.2,3120.6,1.43328181775052,-0.08877551020408159,-0.1262230919765166,-0.016519823788546217,6620.0,2420.0,-0.5953172205438066,0.10702479338842975,0.8917515478330338,0.8584887521630455,0.004479283314669624,0
2025-08-16,2599.0,2650.0,2599.0,2604.0,26906440113,10330980,265,2679.0,2647.0,25.10377235074415,-102.97783398796037,-68.56253124664214,3326.9620439067776,2646.937956093222,2986.95,3098.0,1.282454065949909,-0.10362343379613947,-0.13184650705149226,-0.011944755505785776,6620.0,2420.0,-0.6001510574018127,0.09380165289256198,0.8861882522305362,0.8544222078760491,0.02002266717038159,0
2025-08-17,2600.0,2682.0,2600.0,2681.0,17426145354,6500229,108,2604.0,2682.0,29.10033706915705,-108.53709351394673,-76.55744370010305,3333.13109238105,2605.2689076189495,2969.2,3077.5,0.8016593072412863,-0.06059544658493865,-0.10030191211003014,0.013222516055912292,6620.0,2420.0,-0.5948640483383686,0.10826446280991736,0.9032736090529436,0.8714865962632007,-0.01640566741237881,0
2025-08-18,2761.0,2761.0,2671.0,2684.0,4902135470,1821239,115,2681.0,2672.0,28.63026024394364,-112.45346956976073,-83.73664887403459,3324.538281587126,2568.261718412874,2946.4,3058.06,0.22825007558929936,-0.04911032028469753,-0.09115646258503396,-0.0037285607755406236,6620.0,2420.0,-0.5963746223564955,0.10413223140495868,0.9068693999456964,0.8737565646193992,-0.008607784431137744,0
2025-08-19,2625.0,2710.0,2610.0,2691.0,12515513656,4648891,283,2684.0,2708.0,32.8364754062809,-111.36853947594182,-89.26302699441604,3293.1103173193674,2549.689682680633,2921.4,3040.72,0.691978979987012,-0.005873715124816492,-0.08047538200339555,0.013473053892215647,6620.0,2420.0,-0.5909365558912387,0.11900826446280992,0.9269528308345314,0.8905785471861928,-0.022895125553914375,0
2025-08-20,2615.0,2721.0,2611.0,2679.0,17777107950,6635050,371,2691.0,2691.0,31.880955360288127,-110.60549123177134,-93.5315198418871,3245.678604746498,2541.2213952535017,2893.45,3030.52,1.0826496952421183,0.004479283314669624,-0.08469387755102042,-0.006277695716395915,6620.0,2420.0,-0.5935045317220544,0.11198347107438017,0.9300316231488363,0.8879664216042131,-0.04533630620587137,0
2025-08-23,2648.0,2749.0,2630.0,2695.0,13290765054,4926651,114,2679.0,2700.0,32.992646148775265,-108.0292512543524,-96.43106612438018,3204.1582660596164,2534.2417339403833,2869.2,3018.56,0.8821401925525978,0.02002266717038159,-0.08567558415171017,0.0033444816053511683,6620.0,2420.0,-0.5921450151057401,0.11570247933884298,0.9410288582183187,0.8944662355560268,-0.040740740740740744,0
2025-08-25,2642.0,2743.0,2630.0,2675.0,7674513944,2890150,156,2695.0,2638.0,29.429510467896904,-109.72559598709404,-99.08997209692295,3163.1793773628406,2522.5206226371592,2842.85,3003.44,0.5749919323766595,-0.01640566741237881,-0.07600700525394044,-0.022962962962962963,6620.0,2420.0,-0.6015105740181269,0.09008264462809917,0.9279420300051006,0.8783261859734172,0.0030326004548901775,0
2025-08-26,2621.0,2679.0,2611.0,2646.0,12137456438,4597203,150,2675.0,2649.0,30.85627937138122,-108.92671398582797,-101.05732047470396,3128.073244739031,2512.426755260969,2820.25,2986.52,0.8851984250633531,-0.008607784431137744,-0.05729537366548043,0.004169825625473855,6620.0,2420.0,-0.5998489425981873,0.09462809917355372,0.9392784327630529,0.8869855216104362,0.028690071725179234,0
2025-08-27,2649.0,2700.0,2570.0,2648.0,8310279456,3137431,129,2646.0,2646.0,30.674134863430737,-107.29879544938558,-102.30561546964029,3091.8321557203126,2505.6678442796874,2798.75,2967.46,0.5894042104524959,-0.022895125553914375,-0.028634361233480177,-0.0011325028312570984,6620.0,2420.0,-0.6003021148036254,0.09338842975206611,0.9454220634211702,0.8916716653299455,0.012093726379440728,0
2025-08-30,2570.0,2599.0,2569.0,2571.0,15790561188,6140693,145,2648.0,2569.0,26.371269870385134,-110.9430325453418,-104.0330988847806,3056.211104991755,2491.5888950082453,2773.9,2946.56,1.0991871318686857,-0.04533630620587137,-0.041060097051138444,-0.02910052910052907,6620.0,2420.0,-0.6119335347432024,0.0615702479338843,0.9261328815025776,0.8718641398783666,0.07824056052938877,1
2025-08-31,2630.0,2640.0,2520.0,2569.0,4712517237,1836399,123,2571.0,2590.0,29.284747878235166,-110.85868232085886,-105.39821557199626,3014.048061569571,2487.8519384304286,2750.95,2927.5,0.37146505592393886,-0.040740740740740744,-0.02153381186248582,0.008174386920980936,6620.0,2420.0,-0.6087613293051359,0.07024793388429752,0.941492938802959,0.8847139197267293,0.10115830115830127,1
2025-09-02,2555.0,2646.0,2554.0,2646.0,38130597083,14413018,139,2569.0,2646.0,36.50059771516643,-105.06201268833411,-105.33097499526383,2978.5698835815615,2489.830116418438,2734.2,2910.68,2.6896916525142185,0.0030326004548901775,-0.01342281879194629,0.021621621621621623,6620.0,2420.0,-0.6003021148036254,0.09338842975206611,0.967741935483871,0.9090659227397034,0.063869992441421,1
2025-09-03,2725.0,2725.0,2698.0,2717.0,14335633340,5264865,117,2646.0,2725.0,45.023291336378,-93.02118021056322,-102.86901603832372,2948.8398622424397,2498.06013775756,2723.45,2897.52,0.9960162773096953,0.028690071725179234,0.019835329341317376,0.02985638699924409,6620.0,2420.0,-0.5883685800604229,0.12603305785123967,1.0005691310653766,0.9404594273723736,0.04366972477064213,0
2025-09-06,2710.0,2728.0,2636.0,2690.0,8292873768,3106631,136,2717.0,2678.0,41.4581813245762,-86.27669687087882,-99.55055220483474,2911.8026524408297,2508.39734755917,2710.1,2885.44,0.592135754754174,0.012093726379440728,-0.01107828655834564,-0.01724770642201834,6620.0,2420.0,-0.5954682779456193,0.10661157024793388,0.9881554186192392,0.9281080181878674,0.07281553398058249,1
2025-09-07,2620.0,2770.0,2620.0,2769.0,53423535431,19291361,198,2690.0,2770.0,49.83222445266562,-72.67031594239779,-94.17450495234736,2876.362009606397,2526.837990393603,2701.6,2877.14,3.2223721751006043,0.07824056052938877,0.029357116313638132,0.03435399551904417,6620.0,2420.0,-0.581570996978852,0.1446280991735537,1.0253183298785904,0.9627616313422357,0.010830324909747224,0
2025-09-08,2852.0,2852.0,2842.0,2852.0,23062479372,8087201,128,2769.0,2852.0,55.88881747520976,-54.640583694244015,-86.2677207007267,2845.960140223702,2547.139859776298,2696.55,2871.24,1.2807508158426981,0.10115830115830127,0.05629629629629629,0.029602888086642576,6620.0,2420.0,-0.5691842900302114,0.17851239669421487,1.0576477350688842,0.9932990624259902,-0.035063113604488105,0
2025-09-09,2806.0,2820.0,2767.0,2831.0,5045533758,1808866,197,2852.0,2815.0,52.79180729937041,-42.84360733236599,-77.58289802705455,2836.296922371057,2552.8030776289434,2694.55,2865.72,0.2887251530528259,0.063869992441421,0.06709628506444276,-0.012973352033660568,6620.0,2420.0,-0.574773413897281,0.16322314049586778,1.044701341596927,0.9823011320017309,-0.026998223801065757,0
2025-09-13,2752.0,2915.0,2752.0,2845.0,8430231594,2950905,100,2831.0,2844.0,54.90122884362037,-30.799325483802022,-68.22618351840404,2844.1754880055037,2548.3245119944963,2696.25,2862.54,0.48251016835846616,0.04366972477064213,0.07361268403171017,0.010301953818827814,6620.0,2420.0,-0.570392749244713,0.17520661157024794,1.054798331015299,0.9935232346098221,-0.052742616033755296,0
2025-09-14,2844.0,2890.0,2840.0,2854.0,6044065768,2107671,140,2845.0,2873.0,56.97177136567839,-18.698542548502246,-58.32065532442368,2870.2954381178133,2537.1045618821863,2703.7,2860.9,0.3469771229173781,0.07281553398058249,0.08578987150415718,0.010196905766526099,6620.0,2420.0,-0.566012084592145,0.1871900826446281,1.0626178939971151,1.0042294382886503,-0.05012182387747999,0
2025-09-15,2915.0,2915.0,2769.0,2837.0,3892517743,1396019,87,2854.0,2800.0,50.665904579178076,-14.828145176988073,-49.62215329493656,2881.0402507490317,2538.4597492509683,2709.75,2859.32,0.2495309449596655,0.010830324909747224,0.0899182561307903,-0.025408980160111394,6620.0,2420.0,-0.5770392749244713,0.15702479338842976,1.0333056555032751,0.9792538085978484,-0.031785714285714306,0
2025-09-16,2820.0,2820.0,2752.0,2823.0,2416731857,877366,72,2837.0,2752.0,46.98348432222995,-15.45586068161947,-42.78889477227314,2884.704448974286,2545.295551025714,2715.0,2858.5,0.1712972488613314,-0.035063113604488105,0.06254826254826251,-0.017142857142857126,6620.0,2420.0,-0.5842900302114804,0.1371900826446281,1.0136279926335174,0.9627426972188211,-0.022529069767441845,0
2025-09-17,2739.0,2769.0,2739.0,2777.0,7892662175,2881426,90,2823.0,2739.0,46.00818164226526,-16.808562450984482,-37.592828308015406,2887.155965641102,2548.544034358898,2717.85,2855.76,0.5831722543822427,-0.026998223801065757,0.035147392290249435,-0.004723837209302362,6620.0,2420.0,-0.5862537764350453,0.1318181818181818,1.0077818864175727,0.9591142112782586,-0.041621029572836754,0
2025-09-20,2694.0,2694.0,2694.0,2730.0,8194487970,3041755,48,2777.0,2694.0,42.70362794068446,-21.266564550048315,-34.32757555642199,2887.3334611880455,2550.566538811954,2718.95,2852.92,0.6081104801428939,-0.052742616033755296,-0.011376146788990793,-0.01642935377875132,6620.0,2420.0,-0.5930513595166164,0.11322314049586776,0.9908236635465898,0.9442956689987801,0.00111358574610243,0
2025-09-21,2649.0,2730.0,2649.0,2694.0,8401225339,3147666,98,2730.0,2729.0,45.95504809425705,-21.72492443336023,-31.80704533180964,2888.359139940979,2551.640860059021,2720.0,2851.48,0.6388714109181091,-0.05012182387747999,0.019044062733383216,0.0129918337045285,6620.0,2420.0,-0.5877643504531722,0.12768595041322314,1.0033088235294119,0.9570468668901764,0.015023818248442566,0
2025-09-22,2623.0,2758.0,2623.0,2697.0,2269822856,837272,72,2694.0,2711.0,44.55472303111696,-23.272358251528658,-30.100107915753448,2888.895205415956,2553.104794584044,2721.0,2848.68,0.18056222634610455,-0.031785714285714306,-0.021299638989169645,-0.006595822645657723,6620.0,2420.0,-0.5904833836858006,0.12024793388429753,0.9963248805586181,0.9516688431133017,0.052379195868683226,1
2025-09-23,2747.0,2747.0,2680.0,2698.0,2680636353,991830,67,2697.0,2690.0,42.9118487334784,-25.894736789962735,-29.25903369059531,2888.7016646816137,2552.2983353183863,2720.5,2845.6,0.2233707267170874,-0.022529069767441845,-0.0568022440392707,-0.007746219107340413,6620.0,2420.0,-0.5936555891238671,0.1115702479338843,0.9887888255835324,0.945319089120045,0.0866171003717473,1
2025-09-24,2620.0,2709.0,2618.0,2619.0,16270538456,6212105,115,2698.0,2625.0,38.214839902333175,-32.83939533956254,-29.975106020388758,2889.4168304877635,2550.2831695122363,2719.85,2839.86,1.348585961941537,-0.041621029572836754,-0.06749555950266428,-0.024163568773234223,6620.0,2420.0,-0.6034743202416919,0.08471074380165289,0.9651267533136019,0.9243413407703196,0.12876190476190486,1
2025-09-27,2610.0,2697.0,2571.0,2690.0,20806624595,7735646,148,2619.0,2697.0,45.35050018803049,-32.16253927056414,-30.412592670423834,2889.074308785219,2555.425691214781,2722.25,2836.26,1.6240076771884269,0.00111358574610243,-0.05168776371308015,0.027428571428571358,6620.0,2420.0,-0.5925981873111782,0.11446280991735537,0.9907245844430159,0.9509001290431766,0.1368186874304782,1
2025-09-28,2770.0,2770.0,2770.0,2770.0,25992289460,9383498,76,2690.0,2770.0,51.47024278103111,-25.442352444191783,-29.418544625177425,2892.6748154258844,2564.2251845741152,2728.45,2832.7,1.8487430372034224,0.015023818248442566,-0.03585102680125307,0.02706711160548747,6620.0,2420.0,-0.581570996978852,0.1446280991735537,1.0152284263959392,0.9778656405549476,0.13862815884476531,1
2025-09-29,2853.0,2853.0,2853.0,2838.0,13372387596,4687132,80,2770.0,2853.0,57.322054971344805,-13.266224845818215,-26.188080669305585,2898.15212217737,2587.14787782263,2742.65,2830.78,0.9368770902244596,0.052379195868683226,0.018928571428571406,0.02996389891696749,6620.0,2420.0,-0.5690332326283988,0.17892561983471075,1.040234809399668,1.0078494266597897,0.08692604276200488,1
2025-09-30,2923.0,2923.0,2923.0,2923.0,68929472788,23581756,187,2838.0,2923.0,61.534710054085544,2.00870389758893,-20.54872375592668,2917.150688948973,2601.4493110510275,2759.3,2829.4,3.872082711511197,0.0866171003717473,0.06213662790697683,0.024535576586049768,6620.0,2420.0,-0.5584592145015106,0.20785123966942148,1.0593266408146993,1.0330812186329257,0.0834758809442353,1
2025-10-01,2887.0,3010.0,2851.0,2977.0,52929958363,17780889,347,2923.0,2963.0,63.73742202847469,17.144232640742302,-13.010132476592885,2947.3223264687595,2602.9776735312407,2775.15,2827.92,2.8410361562095505,0.12876190476190486,0.08178167214311793,0.013684570646596006,6620.0,2420.0,-0.552416918429003,0.2243801652892562,1.067690034772895,1.0477665563382275,0.020587242659466654,0
2025-10-04,3065.0,3066.0,3065.0,3064.0,15151887587,4941912,89,2977.0,3066.0,68.70678582350259,37.02370122707816,-3.003365735858676,3004.087328553797,2580.312671446203,2792.2,2826.68,0.791662837705099,0.1368186874304782,0.13808463251670378,0.03476206547418159,6620.0,2420.0,-0.536858006042296,0.26694214876033057,1.0980588783038465,1.084664694977854,0.0365296803652968,0
2025-10-05,3155.0,3155.0,3066.0,3148.0,50915428856,16174512,332,3064.0,3154.0,72.21067416271204,59.19680395167734,9.436668201648528,3073.2974931896238,2558.7025068103762,2816.0,2825.6,2.3455465044618062,0.13862815884476531,0.15573470135580791,0.028701891715590344,6620.0,2420.0,-0.5235649546827794,0.30330578512396694,1.1200284090909092,1.1162231030577576,0.03772986683576418,0
2025-10-06,3220.0,3220.0,3060.0,3102.0,40023805968,12901784,300,3148.0,3101.0,67.3215394417685,71.66636530056076,21.882607621430974,3117.0288041342696,2548.0711958657307,2832.55,2822.62,1.9618425574309486,0.08692604276200488,0.14385835485060872,-0.016804058338617645,6620.0,2420.0,-0.531570996978852,0.28140495867768595,1.0947732608427034,1.0986246820330048,0.08674621089970969,1
2025-10-07,3018.0,3180.0,3018.0,3111.0,9190286242,2947889,155,3102.0,3167.0,70.04173434041908,85.88421119725763,34.682928336596305,3168.036829285686,2528.5631707143143,2848.3,2822.26,0.46648279199577486,0.0834758809442353,0.17732342007434942,0.02128345694937117,6620.0,2420.0,-0.5216012084592145,0.3086776859504132,1.1118913035845943,1.1221503334207337,0.02968108620145249,0
2025-10-08,3053.0,3204.0,3018.0,3086.0,23789406403,7708846,298,3111.0,3024.0,58.650145275294165,84.6374042935613,44.673823527989306,3186.998610052904,2530.501389947096,2858.75,2819.44,1.1654652048658214,0.020587242659466654,0.1519999999999999,-0.0451531417745501,6620.0,2420.0,-0.543202416918429,0.24958677685950414,1.0578049846961084,1.072553414862526,0.11011904761904767,1
2025-10-11,3178.0,3178.0,3174.0,3178.0,39005434282,12273738,158,3086.0,3178.0,65.2119953690846,94.98093273888708,54.73524537016887,3231.781573119283,2519.1184268807165,2875.45,2820.98,1.7334476787321005,0.0365296803652968,0.17834631071561002,0.05092592592592582,6620.0,2420.0,-0.519939577039275,0.31322314049586775,1.105218313655254,1.1265588554332182,0.07331655129011949,1
2025-10-12,3273.0,3273.0,3178.0,3272.0,32575013683,9954832,191,3178.0,3273.0,68.52972106678028,109.58078057794364,65.70435241172383,3291.657256371792,2499.242743628208,2895.45,2824.92,1.3321254745810547,0.03772986683576418,0.18158844765342952,0.029893014474512203,6620.0,2420.0,-0.5055891238670694,0.3524793388429752,1.1303942392374242,1.1586168811860158,0.060494958753437134,1
2025-10-13,3370.0,3370.0,3296.0,3361.0,52813532554,15715859,406,3272.0,3370.0,71.51671191642535,127.50851571591784,78.06518507256263,3367.7389025219786,2480.161097478021,2923.95,2831.0,1.9191694293594146,0.08674621089970969,0.18121275849982466,0.029636419187289986,6620.0,2420.0,-0.4909365558912387,0.3925619834710744,1.1525504882094428,1.1903920876015541,0.041543026706231556,0
2025-10-14,3450.0,3450.0,3261.0,3285.0,28955966052,8813721,234,3361.0,3261.0,64.14854345435154,131.40621685574433,88.73339142919897,3408.9268871368267,2489.8731128631734,2949.4,2835.24,1.0265578240217337,0.02968108620145249,0.11563462196373586,-0.03234421364985163,6620.0,2420.0,-0.5074018126888218,0.3475206611570248,1.1056486064962365,1.150167181614255,0.08586323213738112,1
2025-10-15,3197.0,3383.0,3188.0,3312.0,27262452219,8231948,274,3285.0,3357.0,67.34005804930459,140.62058422334985,99.11082998802915,3461.672662291557,2498.9273377084432,2980.3,2842.76,0.9298243087451873,0.11011904761904767,0.13297333783327714,0.029438822447102053,6620.0,2420.0,-0.4929003021148036,0.3871900826446281,1.1263966714760258,1.1808946235348745,0.07864164432529042,1
2025-10-18,3411.0,3411.0,3411.0,3411.0,17990395119,5274229,58,3312.0,3411.0,69.01115859047749,150.5449964432878,109.39766327908089,3513.428302363637,2518.871697636363,3016.15,2852.18,0.588322963280648,0.07331655129011949,0.11252446183953024,0.01608579088471851,6620.0,2420.0,-0.48474320241691843,0.40950413223140497,1.1309119241417038,1.1959273257648537,0.08472588683670468,1
2025-10-19,3513.0,3513.0,3460.0,3510.0,42308472190,12054343,255,3411.0,3471.0,70.79899254237922,161.39124537408406,119.79637969808152,3569.6478601830763,2536.8521398169237,3053.25,2862.7,1.280988670676849,0.060494958753437134,0.10050729232720346,0.017590149516270914,6620.0,2420.0,-0.4756797583081571,0.434297520661157,1.1368214197985753,1.2124917036364273,0.05733218092768655,1
2025-10-20,3426.0,3567.0,3426.0,3502.0,26235062327,7491880,364,3510.0,3510.0,71.93249806983275,171.1609133925249,130.0692864369702,3621.006631259649,2565.3933687403505,3093.2,2874.1,0.7689565305718566,0.041543026706231556,0.13189293776201216,0.011235955056179803,6620.0,2420.0,-0.4697885196374622,0.45041322314049587,1.1347471873787665,1.2212518701506558,0.056980056980056926,1
2025-10-21,3560.0,3560.0,3448.0,3516.0,21434618659,6097078,416,3502.0,3541.0,72.83513908388977,179.33759445093256,139.92294803976267,3663.887056076979,2607.612943923021,3135.75,2885.86,0.6098187961681846,0.08586323213738112,0.11809283233343848,0.008831908831908875,6620.0,2420.0,-0.4651057401812689,0.46322314049586777,1.129235430120386,1.2270172496240288,0.03897204179610281,0
2025-10-22,3591.0,3621.0,3521.0,3609.0,46372908232,12847975,226,3516.0,3621.0,75.06384971674586,190.08185916107095,149.95473026402433,3699.2901969883783,2671.809803011622,3185.55,2901.18,1.2437568389273725,0.07864164432529042,0.19742063492063489,0.02259248799774083,6620.0,2420.0,-0.45302114803625376,0.4962809917355372,1.136695390121015,1.2481128368456973,-0.0057995028997513964,0
2025-10-25,3717.0,3717.0,3610.0,3694.0,48925520477,13243180,284,3609.0,3700.0,77.06494501927969,202.63554964153673,160.49089413952683,3744.683732551107,2726.7162674488927,3235.7,2918.98,1.2487263444925139,0.08472588683670468,0.16425424795468846,0.021817177575255364,6620.0,2420.0,-0.44108761329305135,0.5289256198347108,1.1434929072534536,1.2675660675989557,-0.007297297297297334,0
2025-10-26,3712.0,3712.0,3664.0,3685.0,25966970744,7046407,433,3694.0,3670.0,74.61616301411202,207.76866270011806,169.94644785164508,3775.990258335106,2785.4097416648938,3280.7,2937.9,0.6718224744435463,0.05733218092768655,0.12129544760158883,-0.008108108108108136,6620.0,2420.0,-0.44561933534743203,0.5165289256198347,1.1186636998201605,1.2491915994417782,-0.00544959128065392,0
2025-10-27,3690.0,3749.0,3648.0,3683.0,48595053416,13194565,421,3685.0,3710.0,75.72379982901242,212.6134816183785,178.47985460499177,3811.650594141879,2835.4494058581213,3323.55,2958.52,1.2089724768181733,0.056980056980056926,0.10089020771513346,0.01089918256130784,6620.0,2420.0,-0.4395770392749245,0.5330578512396694,1.1162762708549592,1.254005381068913,-0.005660377358490565,0
2025-10-28,3710.0,3710.0,3658.0,3676.0,21244443496,5778841,264,3683.0,3679.0,73.06293027662421,211.51339978375745,185.0865636407449,3836.4370551821576,2886.2629448178423,3361.35,2979.16,0.5765165220972721,0.03897204179610281,0.12818153940509047,-0.008355795148248024,6620.0,2420.0,-0.4442598187311178,0.5202479338842976,1.0945007214363276,1.2349118543482056,-0.02446316933949444,0
2025-10-29,3650.0,3676.0,3592.0,3617.0,19473363216,5383728,305,3676.0,3600.0,66.63672073143701,201.9391088901516,188.45707269062626,3841.869410592759,2944.5305894072408,3393.2,2997.52,0.5725017261123855,-0.0057995028997513964,0.07238605898123329,-0.02147322642022287,6620.0,2420.0,-0.4561933534743202,0.48760330578512395,1.0609454202522692,1.200992820731805,0.01333333333333342,0
2025-11-01,3725.0,3725.0,3660.0,3700.0,34757637619,9393005,524,3617.0,3673.0,69.32186260410444,197.95994526820778,190.35764720614256,3861.5744171295173,2985.525582870483,3423.55,3017.54,0.9757528709017207,-0.007297297297297334,0.07681031955438278,0.02027777777777784,6620.0,2420.0,-0.445166163141994,0.5177685950413223,1.0728629638825196,1.217216673184117,-0.013068336509665102,0
2025-11-02,3725.0,3725.0,3610.0,3653.0,35880925426,9822028,393,3700.0,3650.0,67.47914932856496,190.7516553049386,190.43644882590178,3878.6170217453955,3018.0829782546043,3448.35,3036.38,1.0551343397465738,-0.00544959128065392,0.051570152693748206,-0.006261911244214491,6620.0,2420.0,-0.4486404833836858,0.5082644628099173,1.0584772427392812,1.2020893300575026,-0.032054794520547936,0
2025-11-03,3660.0,3758.0,3622.0,3699.0,71597901620,19356226,800,3653.0,3689.0,68.98466563348023,186.04143775189368,189.55744661110018,3888.9973100236066,3066.5026899763934,3477.75,3056.34,2.009675963884356,-0.005660377358490565,0.050997150997150964,0.010684931506849349,6620.0,2420.0,-0.44274924471299093,0.5243801652892562,1.0607432966716988,1.206999221290825,-0.02683654106804012,0
2025-11-04,3690.0,3779.0,3589.0,3670.0,25756053738,7018635,398,3699.0,3589.0,61.16566346861945,172.25375804222176,186.0967088973245,3886.8006540807114,3110.8993459192884,3498.85,3074.12,0.713634675611109,-0.02446316933949444,0.013555492798644542,-0.027107617240444526,6620.0,2420.0,-0.4578549848942598,0.48305785123966943,1.0257656087000016,1.1674885820982916,-0.00529395374756203,0
2025-11-05,3570.0,3665.0,3570.0,3621.0,24870180301,6868731,603,3670.0,3648.0,63.77451673232792,164.1949917962711,181.71636547711384,3855.572026907015,3204.5279730929856,3530.05,3094.32,0.7013885141544985,0.01333333333333342,0.0074565037282519064,0.016439119531903135,6620.0,2420.0,-0.4489425981873112,0.5074380165289256,1.0334131244599933,1.178934305437059,0.003837719298245723,0
2025-11-08,3728.0,3728.0,3614.0,3631.0,13144869455,3618699,208,3621.0,3625.0,62.02522352924713,154.17521776544072,176.20813593477922,3836.972943200247,3267.8270567997533,3552.4,3113.84,0.3866009358358398,-0.013068336509665102,-0.020270270270270285,-0.006304824561403466,6620.0,2420.0,-0.452416918429003,0.49793388429752067,1.0204368877378673,1.164157439046322,-0.0008275862068966022,0
2025-11-09,3640.0,3649.0,3523.0,3553.0,21117273421,5942838,712,3631.0,3533.0,55.47093449258839,137.22895357871676,168.41229946356674,3819.8958938797455,3310.9041061202547,3565.4,3131.58,0.648802987540263,-0.032054794520547936,-0.037329700272479616,-0.025379310344827544,6620.0,2420.0,-0.4663141993957704,0.4599173553719008,0.9909126605710439,1.128184494727901,0.04443815454288136,0
2025-11-10,3567.0,3635.0,3547.0,3573.0,17634430660,4935332,405,3553.0,3590.0,58.403739898707144,126.93511179619827,160.11686193009305,3814.6623763871467,3338.1376236128535,3576.4,3152.0,0.5724998538251574,-0.02683654106804012,-0.03234501347708896,0.01613359750919896,6620.0,2420.0,-0.45770392749244715,0.4834710743801653,1.0038027066323678,1.138959390862944,0.01671309192200554,0
2025-11-11,3647.0,3648.0,3563.0,3587.0,13624998035,3797282,439,3573.0,3570.0,56.98551862507061,115.82814046463864,151.2591176370022,3781.3939526907943,3402.3060473092055,3591.85,3171.6,0.45368592438512173,-0.00529395374756203,-0.029627616200054385,-0.005571030640668551,6620.0,2420.0,-0.4607250755287009,0.47520661157024796,0.9939167838300598,1.1256148316307226,0.01092436974789912,0
2025-11-12,3670.0,3670.0,3597.0,3626.0,24823224930,6846775,790,3587.0,3662.0,61.60430983808927,113.14514992891964,143.6363240953857,3765.055563376697,3449.1444366233027,3607.1,3191.92,0.8248541306801385,0.003837719298245723,0.01722222222222225,0.025770308123249208,6620.0,2420.0,-0.44682779456193356,0.5132231404958678,1.015219982811677,1.1472718614501616,-0.0035499726925177777,0
2025-11-15,3680.0,3694.0,3600.0,3630.0,6556296483,1803141,139,3626.0,3622.0,58.65529013208272,106.56280520801192,136.22162031791095,3747.4887846587053,3487.811215341295,3617.65,3209.86,0.22186949139855067,-0.0008275862068966022,-0.01388510754151917,-0.010922992900054607,6620.0,2420.0,-0.4528700906344411,0.49669421487603305,1.0012024380467983,1.1283981232826354,0.038652678078409775,0
2025-11-16,3610.0,3693.0,3525.0,3629.0,19478442844,5368134,308,3630.0,3690.0,61.98675422317328,105.61580800265119,130.100457854859,3743.16072626188,3514.03927373812,3628.6,3230.1,0.6888648949969227,0.04443815454288136,0.010958904109588996,0.018774157923798995,6620.0,2420.0,-0.4425981873111782,0.5247933884297521,1.0169211266053024,1.1423794928949569,0.038211382113821246,0
2025-11-17,3729.0,3737.0,3650.0,3698.0,15009845732,4057439,314,3629.0,3650.0,58.97632344707293,100.47937648275138,124.17624158043748,3736.6275210111053,3534.5724789888945,3635.6,3247.7,0.5324023043977832,0.01671309192200554,-0.01057197072377336,-0.010840108401083959,6620.0,2420.0,-0.4486404833836858,0.5082644628099173,1.0039608317746727,1.1238722788434894,0.07945205479452055,1
2025-11-18,3608.0,3697.0,3608.0,3676.0,5690922663,1563172,154,3698.0,3609.0,55.97552731569617,92.03938738331135,117.74887074101227,3731.260500766304,3546.739499233696,3639.0,3262.84,0.21140210624075212,0.01092436974789912,0.005572582892170441,-0.011232876712328754,6620.0,2420.0,-0.45483383685800605,0.49132231404958676,0.9917559769167353,1.1060916257003102,0.11665281241341097,1
2025-11-19,3700.0,3700.0,3626.0,3653.0,20348678035,5570833,1287,3676.0,3649.0,58.20959435206651,87.56886159448186,111.7128689117062,3732.3747791606443,3548.425220839356,3640.4,3279.52,0.7923864555716782,-0.0035499726925177777,0.00027412280701755165,0.011083402604599613,6620.0,2420.0,-0.4487915407854985,0.5078512396694215,1.0023623777606856,1.11266282870664,0.12085502877500676,1
2025-11-22,3700.0,3762.0,3662.0,3720.0,64938998864,17457140,659,3653.0,3762.0,63.798555307401486,92.08262216910907,107.78681956318678,3746.785042487522,3540.214957512478,3643.5,3297.88,2.410825063218053,0.038652678078409775,0.03779310344827591,0.030967388325568557,6620.0,2420.0,-0.43172205438066463,0.5545454545454546,1.0325236722931248,1.1407328344269652,0.07575757575757569,1
2025-11-23,3790.0,3831.0,3780.0,3826.0,20418920217,5337035,144,3720.0,3831.0,66.72492296988142,100.07394316439695,106.24424428342881,3783.077145493427,3520.0228545065734,3651.55,3317.04,0.7458460667802879,0.038211382113821246,0.08434757996037368,0.018341307814992103,6620.0,2420.0,-0.4212990936555891,0.5830578512396695,1.0491435143979952,1.1549453729831416,0.0759592795614723,1
2025-11-25,3940.0,3940.0,3940.0,3940.0,32162188480,8162992,215,3826.0,3940.0,70.74769295134675,113.88966254059733,107.77332793486252,3843.9582364118583,3482.141763588142,3663.05,3339.84,1.182339717747148,0.07945205479452055,0.09749303621169925,0.02845210127903952,6620.0,2420.0,-0.40483383685800606,0.628099173553719,1.0756063935791211,1.179697231005078,0.050000000000000044,1
2025-11-26,4058.0,4058.0,3927.0,4035.0,57827549022,14330405,716,3940.0,4030.0,73.58707200080852,130.5955433904346,112.33777102597693,3922.2099335740327,3438.990066425967,3680.6,3365.4,1.954587206735811,0.11665281241341097,0.12885154061624648,0.02284263959390853,6620.0,2420.0,-0.39123867069486407,0.6652892561983471,1.0949301744280824,1.197480240090331,0.032258064516129004,0
2025-11-29,4075.0,4130.0,4024.0,4088.0,17669143663,4321907,475,4035.0,4090.0,75.30781568643145,146.982252963493,119.26666741348015,4002.0793932272877,3408.120606772712,3705.1,3392.42,0.5937837567645079,0.12085502877500676,0.11687602403058439,0.014888337468982549,6620.0,2420.0,-0.3821752265861027,0.6900826446280992,1.1038838357939058,1.2056290199916284,0.02689486552567244,0
2025-11-30,4086.0,4120.0,4041.0,4070.0,31781562796,7809342,719,4088.0,4047.0,71.70255907762603,154.71563222485202,126.35646037575452,4055.4188173214056,3392.1811826785947,3723.8,3419.48,1.0847205788956733,0.07575757575757569,0.11733848702374372,-0.010513447432762835,6620.0,2420.0,-0.3886706948640483,0.6723140495867769,1.086793060851818,1.1835132827213495,0.01630837657524098,0
2025-12-01,4108.0,4156.0,4098.0,4110.0,24992750771,6081496,349,4070.0,4122.0,74.0372249369298,164.99431247549091,134.0840307957018,4119.376558403413,3375.4234415965875,3747.4,3447.34,0.8672516313546544,0.0759592795614723,0.11707317073170742,0.018532246108228234,6620.0,2420.0,-0.37734138972809667,0.7033057851239669,1.099962640764263,1.1957045142051552,-0.016739446870451258,0
2025-12-02,4147.0,4170.0,4091.0,4118.0,29528311017,7170031,614,4110.0,4137.0,74.49053319496672,172.36371366929097,141.73996737041966,4177.273974631076,3362.326025368924,3769.8,3475.86,1.1197805576934412,0.050000000000000044,0.1334246575342466,0.00363901018922852,6620.0,2420.0,-0.3750755287009063,0.709504132231405,1.0974056979150086,1.1902090417910962,-0.004109257916364517,0
2025-12-03,4156.0,4165.0,4115.0,4141.0,22517556349,5438191,514,4118.0,4160.0,75.20539320972463,178.0079600328745,148.99356590291063,4230.424195019381,3366.275804980619,3798.35,3505.26,0.8599227796541479,0.032258064516129004,0.1526738708783597,0.005559584239787307,6620.0,2420.0,-0.3716012084592145,0.71900826446281,1.0952123948556611,1.1867878559650353,-0.014423076923076872,0
2025-12-06,4193.0,4265.0,4145.0,4238.0,62359666193,14714823,365,4141.0,4200.0,76.44184648900656,183.59239282448152,155.91333128722482,4285.715799077798,3366.1842009222023,3825.95,3536.76,2.190895684886361,0.02689486552567244,0.15100027404768435,0.009615384615384581,6620.0,2420.0,-0.36555891238670696,0.7355371900826446,1.0977665677805513,1.1875275676042478,-0.036666666666666625,0
2025-12-07,4350.0,4360.0,4111.0,4136.0,35914278856,8682595,854,4238.0,4113.0,68.44685628206213,178.93526874013423,160.5177187778067,4316.618710082121,3384.0812899178786,3850.35,3565.08,1.245790767278407,0.01630837657524098,0.09330143540669855,-0.020714285714285685,6620.0,2420.0,-0.3787009063444109,0.6995867768595041,1.068214577895516,1.1536908007674442,-0.022854364211038147,0
2025-12-08,4177.0,4189.0,4042.0,4095.0,22787050442,5564216,752,4136.0,4053.0,63.51321525517458,168.46105165136987,162.10638535251934,4326.654019526413,3426.0459804735865,3876.35,3590.74,0.8005358893434746,-0.016739446870451258,0.05794831636648401,-0.014587892049598872,6620.0,2420.0,-0.3877643504531722,0.6747933884297521,1.0455712203490397,1.1287366949431037,0.02763385146804831,0
2025-12-09,4113.0,4200.0,4103.0,4112.0,29071717264,7070479,226,4095.0,4120.0,66.42363700916539,163.6797014917811,162.4210485803717,4344.934279297108,3460.7657207028915,3902.85,3616.08,1.001857292079031,-0.004109257916364517,0.045685279187817285,0.016530964717493157,6620.0,2420.0,-0.3776435045317221,0.7024793388429752,1.0556388280359226,1.1393553239972567,-0.009951456310679618,0
2025-12-10,4149.0,4149.0,4091.0,4113.0,33938807370,8251707,372,4112.0,4100.0,64.76295356332015,156.47289209048813,161.231417282395,4351.541082333158,3507.158917666842,3929.35,3639.62,1.1334618110938464,-0.014423076923076872,0.017369727047146455,-0.004854368932038833,6620.0,2420.0,-0.3806646525679758,0.6942148760330579,1.043429574866072,1.1264912271061265,0.003658536585365857,0
2025-12-13,4130.0,4130.0,4040.0,4076.0,32298860987,7924610,618,4113.0,4046.0,60.37398476621561,144.73567227932654,157.93226828178132,4354.994325832755,3542.105674167245,3948.55,3661.28,1.0805327047055076,-0.036666666666666625,-0.010757946210268932,-0.013170731707317085,6620.0,2420.0,-0.388821752265861,0.671900826446281,1.0246799458028897,1.105078005506271,0.05264458724666343,1
2025-12-14,4094.0,4094.0,4010.0,4044.0,24126680146,5966341,602,4076.0,4019.0,58.248418389061555,131.73658926739927,152.69313247890491,4346.932112246295,3589.8678877537045,3968.4,3680.34,0.7910669278620547,-0.022854364211038147,-0.006918705213738607,-0.006673257538309496,6620.0,2420.0,-0.39290030211480365,0.6607438016528926,1.0127507307731076,1.0920186721878957,0.0850957949738742,1
2025-12-15,4100.0,4165.0,4062.0,4116.0,49560115276,12042201,371,4044.0,4165.0,65.35199188611938,131.69757449432336,148.4940208819886,4357.1969969766105,3627.1030030233896,3992.15,3700.56,1.5290037824817018,0.02763385146804831,0.01043182920912189,0.03632744463796955,6620.0,2420.0,-0.37084592145015105,0.7210743801652892,1.0432974712874015,1.12550532892319,0.05282112845138065,1
2025-12-16,4198.0,4239.0,4073.0,4188.0,30575276812,7299843,422,4116.0,4079.0,58.98577387659636,123.30578144425681,143.45637299444226,4344.529237151451,3682.670762848549,4013.6,3720.12,0.9081702048836858,-0.009951456310679618,-0.014019821126420084,-0.020648259303721495,6620.0,2420.0,-0.3838368580060423,0.6855371900826446,1.0162945983655571,1.0964700063438815,0.10664378524148077,1
2025-12-17,4239.0,4239.0,4079.0,4135.0,31621038586,7647887,763,4188.0,4115.0,60.71113836933952,118.19761559085191,138.4046215137242,4315.070164937562,3762.729835062438,4038.9,3739.08,0.9167705890471123,0.003658536585365857,-0.01081730769230771,0.008825692571708732,6620.0,2420.0,-0.3783987915407855,0.7004132231404959,1.0188417638465919,1.1005381002813526,0.12053462940461723,1
2025-12-20,4176.0,4259.0,4175.0,4234.0,22172480961,5236646,250,4135.0,4259.0,66.73856569204972,124.3356894596559,135.59083510291055,4297.069409455112,3841.7305905448884,4069.4,3763.78,0.6289891962991964,0.05264458724666343,0.014047619047619087,0.0349939246658566,6620.0,2420.0,-0.3566465256797583,0.7599173553719009,1.046591635130486,1.1315751717688067,0.11505048133364637,1
2025-12-21,4272.0,4361.0,4258.0,4313.0,34996901952,8114394,366,4234.0,4361.0,70.22324105642994,135.86454289578842,135.64557666148613,4314.646330673884,3884.0536693261165,4099.35,3787.44,1.0325814859735853,0.0850957949738742,0.06029662047167528,0.02394928386945283,6620.0,2420.0,-0.341238670694864,0.8020661157024793,1.063827192115823,1.1514373825063895,0.12153175877092415,1
2025-12-22,4434.0,4442.0,4265.0,4383.0,33507287829,7644349,538,4313.0,4385.0,70.99328524828127,145.26333640961502,137.56912861111192,4339.653363100488,3914.446636899513,4127.05,3809.68,0.9586926006425293,0.05282112845138065,0.08191463113742903,0.005503324925475894,6620.0,2420.0,-0.3376132930513595,0.8119834710743802,1.0625022715983572,1.1510153083723569,0.08232611174458371,1
2025-12-23,4457.0,4514.0,4400.0,4477.0,27247365035,6085544,279,4383.0,4514.0,74.77003360093371,161.2622391750392,142.30775072389739,4410.414386991265,3901.0856130087354,4155.75,3832.56,0.7732731537900209,0.10664378524148077,0.09563106796116494,0.02941847206385395,6620.0,2420.0,-0.31812688821752266,0.8652892561983471,1.086205859351501,1.1778028263093077,0.026362428001772242,0
2025-12-24,4610.0,4611.0,4610.0,4611.0,20198462416,4380502,134,4477.0,4611.0,77.17644312824058,179.69713747643982,149.78562807440588,4500.657942755341,3868.9420572446597,4184.8,3859.56,0.59417945570501,0.12053462940461723,0.12463414634146353,0.021488701816570588,6620.0,2420.0,-0.30347432024169185,0.9053719008264463,1.1018447715541961,1.194695768429562,0.037302103665148634,0
2025-12-27,4749.0,4749.0,4749.0,4749.0,53641090011,11295239,162,4611.0,4749.0,80.08644752142821,203.10115024846073,160.44873250921685,4614.348474532662,3821.1515254673377,4217.75,3887.4,1.4629202316201206,0.11505048133364637,0.17375185368264945,0.029928432010409844,6620.0,2420.0,-0.2826283987915408,0.9623966942148761,1.1259557821113153,1.221639141842877,-0.01600336913034328,0
2025-12-28,4890.0,4891.0,4771.0,4889.0,85229214386,17432075,387,4749.0,4891.0,82.55167998025013,230.4507197963576,174.44912996664502,4744.706629662383,3775.1933703376158,4259.95,3917.0,2.1253033706024054,0.12153175877092415,0.21696939537198312,0.029901031796167654,6620.0,2420.0,-0.26117824773413895,1.0210743801652893,1.148135541496966,1.2486596885371457,-0.03946023308116953,0
2025-12-29,5032.0,5032.0,4743.0,4776.0,36449980526,7632231,440,4889.0,4746.0,72.66002382229688,237.68527462965176,187.09635889924638,4815.113844174035,3767.1861558259643,4291.15,3942.5,0.9218009619484543,0.08232611174458371,0.13949579831932768,-0.029646289102433054,6620.0,2420.0,-0.28308157099697884,0.9611570247933884,1.1059972268506113,1.2038046924540267,0.01896333754740831,0
2025-12-30,4723.0,4723.0,4633.0,4645.0,32953675332,7095116,655,4776.0,4633.0,66.02077648415894,231.6304640331773,196.00317992603257,4855.113973204471,3776.7860267955284,4315.95,3964.96,0.8573174646444947,0.026362428001772242,0.13581760235351803,-0.023809523809523836,6620.0,2420.0,-0.3001510574018127,0.9144628099173554,1.0734600725216927,1.1684859368064242,0.012518886250809436,0
2025-12-31,4506.0,4784.0,4506.0,4687.0,49666965021,10596010,988,4645.0,4783.0,69.94646928703528,236.2128151153338,204.04510696389283,4917.695793887084,3776.504206112917,4347.1,3989.8,1.2416461409332191,0.037302103665148634,0.16233292831105706,0.03237642995898993,6620.0,2420.0,-0.2774924471299094,0.9764462809917356,1.1002737457155345,1.1988069577422427,-0.04160568680744303,0
2026-01-04,4825.0,4825.0,4547.0,4562.0,48098729563,10543215,369,4687.0,4673.0,64.0981081500299,228.33616351171986,208.90331827345824,4954.065309246749,3787.434690753251,4370.75,4010.84,1.2664127006243648,-0.01600336913034328,0.09720591688189706,-0.022998118335772477,6620.0,2420.0,-0.29410876132930514,0.9309917355371901,1.069152891380198,1.1650925990565566,-0.03916113845495395,0
2026-01-05,4592.0,4698.0,4592.0,4696.0,36363886006,7742994,285,4562.0,4698.0,64.81808716822898,221.55717819821348,211.4340902584093,4987.338062789761,3812.6619372102386,4400.0,4030.8,0.9353385059175245,-0.03946023308116953,0.07727585416188942,0.0053498823025892595,6620.0,2420.0,-0.2903323262839879,0.9413223140495868,1.0677272727272726,1.165525454004168,-0.03150276713495104,0
2026-01-06,4836.0,4836.0,4835.0,4836.0,41730752840,8629190,123,4696.0,4836.0,68.56550990178997,224.72968624947498,214.09320945662245,5033.096554836063,3845.2034451639365,4439.15,4054.12,1.0234431214320785,0.01896333754740831,0.10285062713797033,0.02937420178799499,6620.0,2420.0,-0.26948640483383685,0.9983471074380166,1.0893977450638073,1.1928605961343028,-0.08354011579818033,0
2026-01-07,4981.0,4981.0,4691.0,4725.0,83969856036,17770800,708,4836.0,4691.0,61.19037523948176,213.0872958480477,213.8920267349075,5052.359251189638,3883.040748810362,4467.7,4073.74,1.9819005642162248,0.012518886250809436,0.03921134249003111,-0.029983457402812275,6620.0,2420.0,-0.29138972809667674,0.9384297520661157,1.0499809745506636,1.1515216975064684,-0.06437859731400553,0
2026-01-10,4584.0,4584.0,4584.0,4584.0,46624840392,10171213,111,4725.0,4584.0,56.371718626089965,193.00180711931625,209.71398281178926,5053.280762051592,3930.519237948407,4491.9,4091.84,1.1223382679431329,-0.04160568680744303,-0.005855562784645385,-0.022809635472180734,6620.0,2420.0,-0.3075528700906344,0.8942148760330578,1.0205035730982437,1.1202784077578791,-0.021378708551483383,0
2026-01-11,4448.0,4543.0,4447.0,4461.0,37840554536,8483080,884,4584.0,4490.0,52.463080957944925,167.56728680912147,201.28464361125572,5036.9884775950095,3991.2115224049912,4514.1,4109.64,0.9331865931513682,-0.03916113845495395,-0.05453779743103815,-0.02050610820244325,6620.0,2420.0,-0.3217522658610272,0.8553719008264463,0.9946611727697657,1.092553119007991,0.028953229398663627,0
2026-01-12,4339.0,4594.0,4339.0,4569.0,27780684928,6080794,263,4461.0,4550.0,54.62571013911011,150.51668215800964,191.1310513206065,5011.63376829953,4069.6662317004693,4540.65,4127.18,0.6685007617192656,-0.03150276713495104,-0.0697198936822736,0.013363028953229383,6620.0,2420.0,-0.31268882175226587,0.8801652892561983,1.002059176549613,1.102447676137217,0.04549450549450551,0
2026-01-13,4700.0,4700.0,4432.0,4461.0,16577321536,3715769,706,4569.0,4432.0,49.82491640470743,126.02955108197693,178.11075127288058,4995.872379767762,4112.127620232238,4554.0,4142.82,0.428091652862608,-0.08354011579818033,-0.06616097766540241,-0.025934065934065886,6620.0,2420.0,-0.33051359516616313,0.8314049586776859,0.9732103645147123,1.0698026947827808,0.10243682310469304,1
2026-01-14,4396.0,4425.0,4328.0,4356.0,100617113931,23100766,973,4461.0,4389.0,48.16377130904912,101.97804324654408,162.8842096676133,4962.705035575112,4176.294964424888,4569.5,4156.82,2.439390984734386,-0.06437859731400553,-0.05266565939995682,-0.009702166064981976,6620.0,2420.0,-0.33700906344410875,0.8136363636363636,0.9604989604989606,1.0558551970015542,0.13009797220323538,1
2026-01-18,4389.0,4486.0,4389.0,4486.0,18762263380,4182784,137,4356.0,4486.0,52.04759366571311,89.71001809631525,148.24937135335372,4924.671731327055,4251.428268672946,4588.05,4174.76,0.4499244890803533,-0.021378708551483383,-0.062094919506585855,0.02210070631123262,6620.0,2420.0,-0.32235649546827794,0.8537190082644628,0.9777574350759036,1.0745527886633004,0.08114132857779754,1
2026-01-19,4620.0,4620.0,4491.0,4619.0,37028246630,8016914,271,4486.0,4620.0,56.85662715868165,89.7654397809356,136.55258503887012,4907.032484124967,4305.167515875034,4606.1,4194.2,0.8496409777941135,0.028953229398663627,-0.011341750481489443,0.02987070887204646,6620.0,2420.0,-0.3021148036253776,0.9090909090909091,1.003017737348299,1.1015211482523486,0.01861471861471853,0
2026-01-20,4706.0,4757.0,4706.0,4744.0,31221332446,6581517,182,4619.0,4757.0,61.146798688938276,99.7146682827788,129.18500168765186,4911.437318054265,4340.362681945734,4625.9,4216.84,0.7032282736975963,0.04549450549450551,0.012558535547041227,0.02965367965367971,6620.0,2420.0,-0.28141993957703926,0.965702479338843,1.028340431051255,1.1280959201677085,-0.04036157241959215,0
2026-01-21,4886.0,4886.0,4886.0,4886.0,31590261990,6465465,103,4744.0,4886.0,64.70572245624186,116.6638966727387,126.68078068466923,4935.459033251357,4366.4409667486425,4650.95,4243.9,0.695206737839749,0.10243682310469304,0.01033912324234909,0.027117931469413437,6620.0,2420.0,-0.2619335347432024,1.01900826446281,1.0505380621163418,1.1512995122410992,-0.09332787556283262,0
2026-01-24,5032.0,5032.0,4900.0,5000.0,139605837836,27922886,745,4886.0,4960.0,66.59596486144461,134.5168374720197,128.24799204213934,4980.345343503644,4366.154656496356,4673.25,4271.3,2.6869783932298223,0.13009797220323538,0.0573438499253891,0.01514531313958245,6620.0,2420.0,-0.25075528700906347,1.0495867768595042,1.0613598673300166,1.1612389670592091,-0.13225806451612898,0
2026-01-25,4950.0,4950.0,4850.0,4851.0,33751129486,6957861,184,5000.0,4850.0,61.3372106110143,138.1963000643682,130.23765364658513,5000.175300621526,4370.224699378474,4685.2,4296.9,0.661343593494939,0.08114132857779754,0.05802792321116934,-0.022177419354838745,6620.0,2420.0,-0.2673716012084592,1.0041322314049588,1.0351745923333049,1.1287207056249855,-0.08989690721649479,0
2026-01-26,4706.0,4706.0,4706.0,4706.0,6037059158,1282843,25,4851.0,4706.0,55.192906335195346,128.01700380407965,129.79352367808406,4996.838766531915,4369.261233468085,4683.05,4317.78,0.12802599283646326,0.01861471861471853,0.04810690423162578,-0.029690721649484497,6620.0,2420.0,-0.2891238670694864,0.9446280991735537,1.0049006523526334,1.0899119454905069,-0.05036124096897576,0
2026-01-27,4565.0,4568.0,4565.0,4565.0,66163803350,14493710,299,4706.0,4565.0,49.91984058898863,107.33502520921957,125.30182398431117,4969.304375280909,4364.195624719091,4666.75,4336.64,1.467976441697122,-0.04036157241959215,0.003296703296703285,-0.029961750956226108,6620.0,2420.0,-0.3104229607250755,0.8863636363636364,0.9781968179139658,1.052658279220779,-0.03986856516977,0
2026-01-28,4429.0,4650.0,4429.0,4437.0,47353071856,10672842,436,4565.0,4430.0,45.44323810123261,79.1387738860767,116.06921396466429,4967.958816914643,4333.941183085357,4650.95,4351.44,1.0645920118138845,-0.09332787556283262,-0.0004512635379061436,-0.02957283680175249,6620.0,2420.0,-0.33081570996978854,0.8305785123966942,0.9524935765811287,1.0180537936866878,0.03318284424379225,0
2026-01-31,4496.0,4570.0,4304.0,4344.0,50354420626,11592382,245,4437.0,4304.0,41.68585470138604,46.09454536924204,102.07428024557984,4985.815527697855,4283.184472302145,4634.5,4364.52,1.1309473540233197,-0.13225806451612898,-0.0193665983139667,-0.02844243792325052,6620.0,2420.0,-0.34984894259818733,0.7785123966942149,0.9286870212536412,0.9861336412709759,0.03159851301115246,0
2026-02-01,4214.0,4439.0,4214.0,4343.0,14695707382,3383781,223,4344.0,4414.0,45.89200248187415,28.45482735326914,87.3503896671177,4972.9457691002,4259.1542308998005,4616.05,4380.62,0.34215756216696946,-0.08989690721649479,-0.016049933125278693,0.02555762081784385,6620.0,2420.0,-0.33323262839879153,0.8239669421487603,0.9562288103465083,1.0076199259465555,-0.003171726325328472,0
2026-02-02,4472.0,4473.0,4390.0,4472.0,17056950987,3814403,186,4343.0,4469.0,47.91492206525192,18.697728311088213,73.6198573959118,4967.283963541922,4244.416036458078,4605.85,4397.02,0.3992843286247709,-0.05036124096897576,-0.03268398268398265,0.012460353420933323,6620.0,2420.0,-0.32492447129909363,0.846694214876033,0.9702877861849604,1.01637017798418,-0.016558514208995345,0
2026-02-03,4606.0,4606.0,4382.0,4444.0,24592824262,5533797,751,4472.0,4383.0,45.07704830382314,3.979799109252781,59.69184573858,4961.417061285399,4218.782938714602,4590.1,4409.44,0.5860434251339153,-0.03986856516977,-0.07862097960899728,-0.019243678675318843,6620.0,2420.0,-0.3379154078549849,0.8111570247933885,0.954881157273262,0.9940037737218332,-0.18845539584759297,0
2026-02-07,4569.0,4577.0,4479.0,4568.0,37740436017,8262735,263,4444.0,4577.0,51.985526893749146,7.879087636483746,49.32929411816075,4930.910526347449,4223.38947365255,4577.15,4424.36,0.8767462843541205,0.03318284424379225,-0.06324191567744575,0.04426192105863569,6620.0,2420.0,-0.30861027190332324,0.8913223140495867,0.9999672285155611,1.034499905071016,-0.24579418833296918,0
2026-02-08,4705.0,4705.0,4435.0,4536.0,48632853177,10720865,1723,4568.0,4440.0,47.44675284602811,-0.08447933091520099,39.44653942834557,4919.12243934852,4210.077560651481,4564.6,4434.36,1.18177659900419,0.03159851301115246,-0.10483870967741937,-0.029932270045881615,6620.0,2420.0,-0.3293051359516616,0.8347107438016529,0.9727029750690093,1.0012718859091279,-0.22950450450450455,0
2026-02-09,4598.0,4598.0,4400.0,4431.0,29192610464,6588078,717,4536.0,4400.0,46.17902798374236,-9.51366166342541,29.65449920999137,4916.912046827799,4193.8879531722005,4555.4,4441.76,0.7408441718182166,-0.003171726325328472,-0.09278350515463918,-0.009009009009009028,6620.0,2420.0,-0.33534743202416917,0.8181818181818182,0.965886640031611,0.9905983213861171,-0.22409090909090912,0
2026-02-10,4363.0,4460.0,4351.0,4387.0,31854679679,7261359,999,4431.0,4395.0,46.01352770144726,-17.19164028105115,20.285271311782868,4917.924978730684,4183.375021269315,4550.65,4447.86,0.8222040693058286,-0.016558514208995345,-0.06608584785380367,-0.001136363636363602,6620.0,2420.0,-0.33610271903323263,0.8161157024793388,0.9657960950633426,0.9881156331359351,-0.22229806598407276,0
2026-02-21,3775.0,3775.0,3557.0,3558.0,4288055529,1205273,49,3666.0,3557.0,27.9400979960987,-89.86023731445039,-1.7438304134637832,5068.889425858262,3933.1105741417377,4501.0,4438.06,0.14034709581957616,-0.18845539584759297,-0.22081051478641844,-0.19067121729237768,6620.0,2420.0,-0.4626888217522659,0.4698347107438017,0.790268829149078,0.8014763207347354,-0.0030924936744447518,0
2026-02-22,3452.0,3452.0,3452.0,3452.0,4989593292,1445421,63,3558.0,3452.0,26.53377816310575,-154.146343396862,-32.224333010143425,5181.398656429821,3722.6013435701784,4452.0,4424.66,0.1705655584523063,-0.24579418833296918,-0.2207674943566591,-0.029519257801518095,6620.0,2420.0,-0.47854984894259817,0.42644628099173554,0.7753818508535489,0.7801729398417053,-0.034472769409038206,0
2026-02-23,3409.0,3496.0,3370.0,3414.0,13556508604,3971038,482,3452.0,3421.0,26.115835051621872,-205.2292317133183,-66.82531275077841,5260.60091015216,3546.5990898478403,4403.6,4410.34,0.528218257322886,-0.22950450450450455,-0.20515799256505574,-0.008980301274623459,6620.0,2420.0,-0.48323262839879155,0.41363636363636364,0.7768643836860749,0.7756771586771087,0.003215434083601254,0
2026-02-24,3447.0,3479.0,3384.0,3415.0,13111780282,3840013,688,3414.0,3414.0,26.016183813348007,-243.47104755426426,-102.1544597114756,5307.842575792929,3392.1574242070715,4350.0,4395.42,0.5119567391620509,-0.22409090909090912,-0.22655188038060714,-0.0020461853259280405,6620.0,2420.0,-0.48429003021148037,0.41074380165289254,0.7848275862068965,0.7767175833026195,0.03514938488576447,0
2026-02-25,3430.0,3494.0,3400.0,3443.0,17934670811,5208476,230,3415.0,3418.0,26.189501767630162,-270.33889703017076,-135.79134717521464,5320.511061458994,3259.2889385410053,4289.9,4379.78,0.7076505584110078,-0.22229806598407276,-0.2351756545088387,0.0011716461628588082,6620.0,2420.0,-0.4836858006042296,0.412396694214876,0.7967551691181614,0.7804044952029554,0.06495026331187836,1
2026-05-20,3546.0,3546.0,3546.0,3546.0,7627371534,2150979,34,3443.0,3546.0,31.703186481869437,-278.097595086449,-164.2525967574615,5285.065354630044,3173.6346453699575,4229.35,4368.44,0.30131198697535055,-0.0030924936744447518,-0.19096509240246407,0.037448800468109944,6620.0,2420.0,-0.4643504531722054,0.4652892561983471,0.8384267085958834,0.811731418996255,0.05724760293288211,1
2026-05-25,3333.0,3333.0,3333.0,3333.0,42891140457,12868629,80,3236.0,3333.0,27.960199059558335,-297.99859675348716,-191.00179675666664,5230.990340919272,3072.409659080727,4151.7,4354.04,1.7252789633891592,-0.034472769409038206,-0.2717937513655233,-0.06006768189509304,6620.0,2420.0,-0.49652567975830814,0.37727272727272726,0.8028036707854614,0.7654959531837099,0.15841584158415833,1
2026-05-26,3432.0,3432.0,3432.0,3432.0,35271611232,10277276,67,3333.0,3432.0,31.97989344231162,-302.2971183244895,-213.26086107023121,5130.972127131167,3019.627872868833,4075.3,4340.28,1.5627063641305616,0.003215434083601254,-0.22702702702702704,0.02970297029702973,6620.0,2420.0,-0.481570996978852,0.41818181818181815,0.8421465904350599,0.7907323951450137,0.15850815850815847,1
2026-05-30,3534.0,3534.0,3534.0,3534.0,72229464630,20438445,126,3432.0,3534.0,35.945587818731894,-294.0831723379588,-229.42532332377675,5027.190620965745,2991.809379034254,4009.5,4328.96,2.8188558705122655,0.03514938488576447,-0.19681818181818178,0.029720279720279796,6480.0,2420.0,-0.4546296296296296,0.46033057851239667,0.881406659184437,0.8163623595505618,0.15874363327674024,1
2026-05-31,3640.0,3640.0,3640.0,3640.0,38280544120,10516633,71,3534.0,3640.0,39.86905767410738,-275.8405289315547,-238.70836444533236,4933.243622363734,2979.1563776362655,3956.2,4320.84,1.3636170527060532,0.06495026331187836,-0.17178612059158138,0.029994340690435717,6480.0,2420.0,-0.4382716049382716,0.5041322314049587,0.9200748192710176,0.8424287869951212,0.15851648351648362,1
2026-06-01,3749.0,3749.0,3749.0,3749.0,114524590713,30548037,191,3640.0,3749.0,43.68869540877539,-249.70922108971035,-240.908535774208,4854.769235179463,2976.030764820537,3915.4,4315.44,3.58754599268204,0.05724760293288211,0.053978071408490313,0.02994505494505484,6480.0,2420.0,-0.4214506172839506,0.5491735537190082,0.9575011493078612,0.8687410785458726,0.1584422512670045,1
2026-06-02,3861.0,3861.0,3861.0,3861.0,203826715092,52791172,311,3749.0,3861.0,47.386926505835724,-217.45581214137383,-236.2179910476412,4796.238837499752,2977.661162500248,3886.95,4309.36,4.970480389512807,0.15841584158415833,0.11848203939745083,0.029874633235529524,6460.0,2420.0,-0.4023219814241486,0.5954545454545455,0.9933238143017019,0.895956708188687,0.15850815850815847,1
2026-06-03,3976.0,3976.0,3976.0,3976.0,200215487808,50356008,310,3861.0,3976.0,50.949060777553775,-180.53412920873052,-225.0812186798591,4760.791646971007,2980.308353028993,3870.55,4307.3,4.009516939995378,0.15850815850815847,0.16223326512715586,0.029785029785029726,6460.0,2420.0,-0.3845201238390093,0.6429752066115703,1.0272441901021818,0.9230840665846354,0.15870221327967804,1
2026-06-06,4095.0,4095.0,4095.0,4095.0,135168820605,33008259,214,3976.0,4095.0,54.3902467230847,-140.0566382591237,-208.07630259571204,4716.2963270210985,2992.9036729789013,3854.6,4306.9,2.3509578625163106,0.15874363327674024,0.1994727592267136,0.029929577464788748,6460.0,2420.0,-0.36609907120743035,0.6921487603305785,1.062367041975821,0.9507998792635075,0.15873015873015883,1
2026-06-07,4217.0,4217.0,4217.0,4217.0,30597666430,7255790,58,4095.0,4217.0,57.66905714834002,-97.01522354636518,-185.8640867858427,4674.258853964109,3009.741146035891,3842.0,4306.06,0.5105248076379761,0.15851648351648362,0.23376243417203035,0.029792429792429687,6390.0,2420.0,-0.34006259780907666,0.7425619834710744,1.0976054138469546,0.979317519960242,0.1588807208916292,1
2026-06-08,4343.0,4343.0,4343.0,4343.0,93739481377,21584039,203,4217.0,4343.0,60.80310516413097,-52.136448787977315,-159.11855918626964,4667.225966711425,3012.7740332885746,3840.0,4305.7,1.4375054955731135,0.1584422512670045,0.224760293288212,0.029879060943798885,6330.0,2420.0,-0.31390205371248026,0.7946280991735537,1.1309895833333334,1.008662935178949,0.1588763527515542,1
2026-06-09,4473.0,4473.0,4473.0,4473.0,10650034080,2380960,31,4343.0,4473.0,63.78247212680184,-6.0104976378106585,-128.49694687657785,4644.552209013135,3025.047790986865,3834.8,4307.46,0.16174079769578328,0.15850815850815847,0.3420342034203421,0.029933225880727665,6310.0,2420.0,-0.2911251980982567,0.8483471074380166,1.1664232815270679,1.0384310011004165,0.1580594679186229,1
2026-06-10,4607.0,4607.0,4607.0,4607.0,10505664590,2280370,44,4473.0,4607.0,66.60057865495169,40.88602246716755,-94.62035300782878,4680.661140225402,3005.6388597745986,3843.15,4309.32,0.1594796742827477,0.15870221327967804,0.34236596736596736,0.02995752291526932,6170.0,2420.0,-0.25332252836304703,0.9037190082644628,1.198756228614548,1.0690781840290349,0.15693509876275225,1
2026-06-13,4745.0,4745.0,4745.0,4745.0,10805090985,2277153,39,4607.0,4745.0,69.25388739603824,88.17091972927574,-58.062098460407874,4755.32176194439,2965.47823805561,3860.4,4312.0,0.16169210459803485,0.15873015873015883,0.3426711941143181,0.02995441719123071,6020.0,2420.0,-0.21179401993355482,0.9607438016528925,1.2291472386281215,1.100417439703154,0.15279241306638558,1
2026-06-14,4887.0,4887.0,4887.0,4887.0,11354025744,2323312,36,4745.0,4887.0,71.74154813440995,135.5403301798824,-19.34161273234982,4860.749148091686,2909.250851908314,3885.0,4314.76,0.16791347602686504,0.1588807208916292,0.3425824175824175,0.029926238145416173,5950.0,2420.0,-0.17865546218487394,1.0194214876033059,1.257915057915058,1.1326238307576781,0.15203601391446697,1
2026-06-15,5033.0,5033.0,5033.0,5033.0,2031862364,403708,5,4887.0,5033.0,74.06501328625346,182.75522064483175,21.0777539430865,5041.557886141518,2876.0421138584825,3958.8,4317.6,0.029262078426484334,0.1588763527515542,0.3424913310216058,0.029875179046449762,5950.0,2420.0,-0.15411764705882353,1.0797520661157025,1.271344851975346,1.1656939040207521,0.15040731174249955,1
2026-06-20,5180.0,5180.0,5180.0,5180.0,20668878580,3990131,40,5033.0,5180.0,76.18793518098379,229.3907590929275,62.74035497305471,5223.92873893939,2866.47126106061,4045.2,4326.28,0.2865748459294213,0.1580594679186229,0.3416213416213416,0.029207232267037586,5950.0,2420.0,-0.12941176470588237,1.140495867768595,1.280530010877089,1.1973335059219468,0.13127413127413123,1
2026-06-21,5330.0,5330.0,5080.0,5320.0,1317298247940,247783318,2217,5180.0,5330.0,78.15308934770461,275.2802463774133,105.24833325392643,5407.605291240239,2873.69470875976,4140.65,4340.22,9.48847488935054,0.15693509876275225,0.3405432595573441,0.02895752895752901,5950.0,2420.0,-0.10420168067226891,1.2024793388429753,1.2872375110188015,1.2280483477796056,0.12570356472795496,1
2026-06-22,5470.0,5470.0,5380.0,5470.0,501816830200,91755338,1062,5320.0,5470.0,79.82649912429305,319.26454272420597,148.05157514798236,5589.085385236891,2897.8146147631087,4243.45,4353.96,3.0073954040425432,0.15279241306638558,0.3357753357753357,0.026266416510319024,5940.0,2420.0,-0.07912457912457913,1.2603305785123966,1.2890454700774134,1.256327573059927,0.12248628884826318,1
2026-06-23,5630.0,5630.0,5630.0,5630.0,44840692370,7964599,99,5470.0,5630.0,81.56447743449566,362.8503641614452,191.01133295067496,5771.807309979968,2936.292690020033,4354.05,4373.1,0.25987584624517984,0.15203601391446697,0.3350723262983164,0.02925045703839113,5940.0,2420.0,-0.05218855218855219,1.3264462809917354,1.2930490003559902,1.2874162493425716,0.12255772646536411,1
2026-06-27,5790.0,5790.0,5790.0,5790.0,18778238010,3243219,79,5630.0,5790.0,83.12968175936078,405.62728563892415,233.9345234883248,5963.407957598873,2969.0920424011274,4466.25,4394.94,0.10563433060195014,0.15040731174249955,0.3331798296108681,0.02841918294849033,5900.0,2420.0,-0.01864406779661017,1.3925619834710743,1.2963895885810244,1.3174241286570467,0.12262521588946451,1
2026-06-28,5960.0,5960.0,5620.0,5830.0,1162284066940,199296499,4264,5790.0,5860.0,83.77856649531364,440.103480122546,275.1683148151691,6112.23198176454,3072.9680182354605,4592.6,4415.42,4.979460488989662,0.13127413127413123,0.31008271853342273,0.012089810017271052,5860.0,2420.0,0.0,1.421487603305785,1.275965683926316,1.327167064514814,0.10238907849829348,1
2026-06-29,5720.0,6000.0,5720.0,5970.0,387664298800,64882235,1393,5830.0,6000.0,85.01959700580349,473.2674105000551,314.7881339521463,6260.510181844088,3181.489818155912,4721.0,4441.6,1.5175724799067596,0.12570356472795496,0.302365964836119,0.023890784982935065,6000.0,2420.0,0.0,1.4793388429752066,1.2709171785638635,1.350864553314121,0.12166666666666659,1
2026-06-30,6140.0,6140.0,6140.0,6140.0,58320212840,9498406,144,5970.0,6140.0,86.1598924189978,505.0252772003814,352.83556260179336,6407.930219416806,3294.6697805831946,4851.3,4472.72,0.22504359843804245,0.12248628884826318,0.29399367755532135,0.023333333333333428,6140.0,2420.0,0.0,1.537190082644628,1.2656401376950508,1.3727664597828613,0.05700325732899025,1
2026-07-01,6320.0,6320.0,6320.0,6320.0,39512064880,6251909,115,6140.0,6320.0,87.47949973673717,538.5104972396648,389.97054952936764,6563.032562889417,3407.567437110584,4985.3,4509.32,0.14887722589188573,0.12255772646536411,0.2932269285860447,0.02931596091205213,6320.0,2420.0,0.0,1.6115702479338843,1.2677271177261147,1.401541695865452,0.05696202531645578,1
2026-07-07,6500.0,6500.0,6500.0,6500.0,20723014000,3188156,79,6320.0,6500.0,88.64540090506132,572.9674588403595,426.569931391566,6724.953526617928,3520.746473382073,5122.85,4548.32,0.07847627783063749,0.12262521588946451,0.29147625670574207,0.028481012658227778,6500.0,2420.0,0.0,1.6859504132231404,1.2688249704754189,1.429099095929926,0.03384615384615386,0
2026-07-08,6690.0,6690.0,6310.0,6540.0,414648517730,63447308,2051,6500.0,6460.0,86.7130034606637,590.2432269452884,459.30459050231053,6846.013306497782,3659.5866935022186,5252.8,4588.88,1.5415346219124555,0.10238907849829348,0.24710424710424705,-0.006153846153846176,6500.0,2420.0,-0.006153846153846154,1.6694214876033058,1.2298202863234846,1.4077509108976483,0.05727554179566563,1
2026-07-11,6730.0,6730.0,6480.0,6690.0,538883045490,80514676,1608,6540.0,6730.0,88.53049853806608,618.5904158942176,491.161755580692,6994.514900180666,3786.4850998193347,5390.5,4635.7,1.8870714501411434,0.12166666666666659,0.2626641651031896,0.04179566563467496,6730.0,2420.0,0.0,1.78099173553719,1.2484927186717374,1.4517764307440084,0.0416047548291234,0
2026-07-12,6490.0,6500.0,6490.0,6490.0,215522687870,33206075,918,6690.0,6490.0,78.28032532973896,614.6049893910231,515.8504023427582,7066.405374633775,3954.094625366225,5510.25,4675.78,0.7780906094403429,0.05700325732899025,0.1864716636197441,-0.03566121842496284,6730.0,2420.0,-0.03566121842496285,1.6818181818181819,1.1778049997731501,1.3880037127495306,0.10631741140215722,1
2026-07-13,6300.0,6680.0,6300.0,6530.0,154958375270,23743976,682,6490.0,6680.0,80.23167545004812,619.6351539324969,536.6073526607059,7150.014571999616,4116.785428000383,5633.4,4716.98,0.5458288750932172,0.05696202531645578,0.1865008880994672,0.02927580893682591,6730.0,2420.0,-0.007429420505200594,1.7603305785123966,1.1857847836120283,1.4161603398784817,0.0988023952095809,1
2026-07-14,6460.0,6720.0,6460.0,6640.0,128397295430,19334178,350,6530.0,6720.0,80.62630127187872,619.7056799529391,553.2270181191526,7217.423010262466,4287.076989737534,5752.25,4756.24,0.44560834512801334,0.03384615384615386,0.160621761658031,0.0059880239520957446,6730.0,2420.0,-0.0014858841010401188,1.7768595041322315,1.1682385153635535,1.4128807629556122,0.125,1
2026-07-15,6830.0,6830.0,6830.0,6830.0,48878430560,7156432,108,6640.0,6830.0,81.70773638242268,621.473691166073,566.8763527285367,7282.9660092172835,4457.233990782717,5870.1,4795.12,0.16403657859982873,0.05727554179566563,0.16552901023890776,0.016369047619047672,6830.0,2420.0,0.0,1.822314049586777,1.1635236196998346,1.4243647708503646,0.1390922401171304,1
2026-07-18,7030.0,7030.0,6630.0,6980.0,1001516700250,143572202,3876,6830.0,7010.0,83.3459560425238,630.135538228602,579.5281898285498,7361.102417294279,4619.397582705721,5990.25,4836.12,2.832265788828322,0.0416047548291234,0.16833333333333322,0.026354319180087904,7010.0,2420.0,0.0,1.896694214876033,1.1702349651517048,1.4495091106093314,0.1426533523537803,1
2026-07-19,7100.0,7180.0,6820.0,7130.0,93990778180,13191372,309,6980.0,7180.0,84.73630982789365,643.3021074288317,592.2829733486062,7450.997983568894,4773.002016431106,6112.0,4882.72,0.257456159798124,0.10631741140215722,0.16938110749185675,0.024251069900142586,7180.0,2420.0,0.0,1.9669421487603307,1.174738219895288,1.470491856997739,0.08077994428969348,1
2026-07-20,7340.0,7340.0,7340.0,7340.0,3411984320,464848,49,7130.0,7340.0,85.92712457644188,659.0502501648662,605.6364287118582,7551.546089295415,4917.753910704584,6234.65,4935.4,0.009088927314600934,0.0988023952095809,0.1613924050632911,0.022284122562674202,7340.0,2420.0,0.0,2.0330578512396693,1.1772914277465456,1.487214815415164,0.043596730245231585,0
