date,open,high,low,adjClose,value,volume,count,yesterday,close,rsi_14,rsi_7,stoch_k,stoch_d,williams_r,roc_10,roc_20,macd_diff,macd_norm,adx,di_plus,di_minus,di_diff,cci,price_to_sma10,price_to_sma20,price_to_sma50,price_to_ema12,price_to_ema26,sma10_to_sma50,bb_pband,bb_wband,atr_pct,daily_range_pct,volatility_20,volatility_10,volatility_5,vol_ratio_5_20,volume_ratio_20,volume_ratio_5,obv_slope,mfi,avg_trade_value,avg_trade_value_ratio,trade_count_ratio,body_ratio,upper_shadow,lower_shadow,gap_pct,ret_1d,ret_2d,ret_3d,ret_5d,ret_10d,ret_20d,ret_zscore,pct_from_52w_high,pct_from_52w_low,up_streak,down_streak,rsi_14_lag1,rsi_14_lag2,rsi_14_lag3,rsi_14_lag5,macd_diff_lag1,macd_diff_lag2,macd_diff_lag3,macd_diff_lag5,volume_ratio_20_lag1,volume_ratio_20_lag2,volume_ratio_20_lag3,volume_ratio_20_lag5,ret_1d_lag1,ret_1d_lag2,ret_1d_lag3,ret_1d_lag5,adx_lag1,adx_lag2,adx_lag3,adx_lag5,future_return,signal,signal_class
2024-09-24,273000.0,273000.0,269270.0,270060.0,923590150,3420,6,266560.0,269270.0,55.41317203911262,64.728392012944,73.84291725105189,70.516769299873,-26.157082748948106,3.1685823754789273,3.5653846153846156,1082.616700309317,-0.0004934146504454956,15.921282677265122,38.83219996124305,30.368618162882978,8.463581798360071,125.18881720430055,1.0166694984047875,1.0192652372147073,1.0043445632535288,1.013959817407457,1.0134527843152266,0.9878771467319545,0.8282544061760707,5.868995770425006,0.013075916533793402,0.01385226724105916,0.012357768626526376,0.013529615887996196,0.006999601933533954,0.5664130916409187,0.7635377247915341,1.1712328767123288,-0.34570924412114223,37.56207268798406,153931691.66666666,1.0809799231647805,1.1009174311926606,1.0,0.0,0.0,0.01486988847583643,0.0010037174721189146,0.009484891654794936,0.007596168238287682,0.03073801868014092,0.03168582375478923,0.03565384615384626,-0.06655067197963854,-0.07145073968067864,0.053564441662101885,2,0,55.0628520798265,52.14011357900664,52.84622841233291,44.67195709480919,965.1807474812811,746.200198600865,589.6525291886119,192.84562073734287,0.713293191292265,0.598823909841072,0.3945891956545865,1.7831745274875241,0.008472670015745587,-0.0018709773985929878,0.016121673003802295,0.0038426068244696854,16.205191734033885,17.41294256774854,18.214313776307403,19.190646124976286,-0.012145449159446042,0,1.0
2024-09-25,272940.0,272940.0,270460.0,271290.0,874907200,3225,5,270060.0,270460.0,57.004113376559545,67.702311458174,82.18793828892005,77.80214038361055,-17.812061711079945,1.5468949463092287,5.644310769110581,1186.4950291378796,0.0009895745144848547,15.657652838836984,35.93630493365838,28.10389119865524,7.832413735003136,130.9319611206409,1.0195765021657424,1.0209774898736519,1.0088207472569446,1.0155596667566598,1.0165813024649273,0.9894507622665382,0.8833006555747107,5.47285520349521,0.013057747273351523,0.009169562966797308,0.01168417277252622,0.012136032403798371,0.007022976282692536,0.6010674798652526,0.6950431034482759,1.166365280289331,-0.3712819218309563,39.10743172531601,174981440.0,1.1580673524069445,0.8928571428571429,1.0,0.0,0.0,0.013629442566940245,0.004419356036691857,0.005427509293680188,0.013946164804678807,0.028365019011406867,0.015468949463092185,0.05644310769110583,0.1373606241034235,-0.06734714990172075,0.05822051803740512,3,0,55.41317203911262,55.0628520798265,52.14011357900664,47.217584247982415,1082.616700309317,965.1807474812811,746.200198600865,267.50203236447805,0.7635377247915341,0.713293191292265,0.598823909841072,1.006074172818391,0.0010037174721189146,0.008472670015745587,-0.0018709773985929878,0.0067370999846882995,15.921282677265122,16.205191734033885,17.41294256774854,19.11295581655362,-0.02642928231781494,0,0.0
2024-09-29,265900.0,270000.0,265900.0,268070.0,17235389500,64295,16,268580.0,265900.0,49.40103577320487,47.884767480209256,50.21037868162693,67.13417484805984,-49.78962131837307,2.7672567055731623,2.269230769230769,788.0701850795201,0.00126244625775844,14.11173222487207,31.585061030389745,33.867982248644324,-2.282921218254579,32.83028522975597,0.9989968703858856,1.0010258726976686,0.9922189732865845,0.9975731427551925,0.9988310530848381,0.9932152969641607,0.5206075169498368,4.978148023199401,0.013022390597893568,0.015419330575404287,0.011765772831263979,0.007610229732554339,0.007719620558477489,0.6561082445825348,5.893595372755356,2.375665090156666,4.696988122745146,16.461225542578674,1077211843.75,3.66763078171094,2.3703703703703702,0.0,1.0,0.0,-0.009978404944523046,-0.009978404944523067,-0.01686016416475633,-0.012515319196345631,-0.0031491339881533076,0.027672567055731623,0.02269230769230779,-0.9491176718443756,-0.08307183006310563,0.04037874638078097,0,2,53.7415897150517,57.004113376559545,55.41317203911262,52.14011357900664,1077.805738155499,1186.4950291378796,1082.616700309317,746.200198600865,7.956698943433452,0.6950431034482759,0.7635377247915341,0.598823909841072,-0.006951120313539949,0.004419356036691857,0.0010037174721189146,-0.0018709773985929878,14.928951907393541,15.657652838836984,15.921282677265122,17.41294256774854,0.009064796508374773,0,2.0
2024-09-30,265390.0,270000.0,265390.0,265470.0,4306208270,16221,7,268070.0,270000.0,55.34333698204371,60.70536688811179,78.96213183730715,66.05890603085554,-21.037868162692845,3.7503842606824467,2.6615969581749046,830.9343481515452,0.0021714155927699285,13.470656217963533,28.63995851696885,31.74155655707279,-3.1015980401039407,58.82352941176335,1.0106946466873548,1.0151234596911394,1.007216895578467,1.010940163092301,1.0131642320693468,0.9965590486500682,0.7976214779815076,5.081440961085112,0.013128173962893834,0.017074074074074075,0.011975578300956458,0.008583103721655284,0.010038904654456043,0.8382814092288354,1.3842333424358275,0.5463050902257158,4.758395479179212,22.48875379164741,615172610.0,1.8974450602572117,1.0,1.0,0.0,0.0,-0.0019180142910868747,0.015419330575404233,0.0052870653064263085,-0.0017008060341640041,0.0037174721189590088,0.03750384260682438,0.026615969581748944,1.172101154388513,-0.06893341149694818,0.05642069019485093,1,0,49.40103577320487,53.7415897150517,57.004113376559545,55.0628520798265,788.0701850795201,1077.805738155499,1186.4950291378796,965.1807474812811,5.893595372755356,7.956698943433452,0.6950431034482759,0.713293191292265,-0.009978404944523067,-0.006951120313539949,0.004419356036691857,0.008472670015745587,14.11173222487207,14.928951907393541,15.657652838836984,16.205191734033885,-0.00674275812709535,0,1.0
2024-10-12,269990.0,271500.0,269990.0,271370.0,32564900,120,2,264120.0,271500.0,56.30964022549664,61.059461045563125,88.24451410658307,60.784637007009685,-11.755485893416928,1.5940727436012572,1.1173184357541899,516.7355646961848,0.0022911776411411408,12.810993732257229,35.84874867482657,28.796163873545876,7.052584801280691,120.18183580008312,1.0121721624694764,1.020782223726137,1.0129969561586858,1.0155588416445676,1.0179273812474285,1.0008148748995398,0.8889340490715539,5.343379880405817,0.013774948473614615,0.005561694290976059,0.013740152809272196,0.0128081366470647,0.018257387533992697,1.3287616074889763,0.010217244153820611,0.007306202966318403,0.6484444677613976,23.84489649163494,16282450.0,0.04768980771811762,0.29197080291970806,1.0,0.0,0.0,0.022224746327426926,0.02794184461608351,0.017692480695704393,0.005555555555555536,0.010871993447017614,0.015940727436012603,0.011173184357541999,1.9866162621646717,-0.06376081933859788,0.06228969402926677,1,0,46.597360421579445,50.34289995325704,55.34333698204371,53.7415897150517,272.1702542985458,610.9793929144676,830.9343481515452,1077.805738155499,0.08481188723411474,0.04139076372772372,1.3842333424358275,7.956698943433452,-0.009970762425968949,-0.011925925925925895,0.015419330575404233,-0.006951120313539949,12.957244861942002,12.875371354405607,13.470656217963533,14.928951907393541,-0.05899694144525924,0,0.0
2024-10-19,255980.0,255980.0,255770.0,255770.0,255774200,1000,2,263680.0,255770.0,38.438669024486074,30.201780888560535,0.0,28.513832199546485,-100.0,-5.013555167675567,-2.003831417624521,-635.4742025113159,-0.00198332616184262,13.557126810559664,26.333460529497337,46.18056078979212,-19.84710026029478,-216.09400375760248,0.9589133540035016,0.9622938237418733,0.9571943953773839,0.9635992435218307,0.9617611913278092,0.9982073890003293,-0.10207240752161426,6.262731157759138,0.015925667414952476,0.0008210501622551511,0.01574648051181781,0.017407892130216804,0.022882142810323174,1.4531591864702729,0.07072585949600753,0.09574875526618154,0.41649306111983586,13.29702684783085,127887100.0,0.12735743041592404,0.2962962962962963,1.0,0.0,0.0,-0.029202063106796117,-0.029998483009708754,-0.05445471349353048,-0.05793738489871092,-0.04126996026688656,-0.05013555167675565,-0.020038314176245242,-1.848361152197413,-0.11800406910583124,0.0007434071523593395,0,3,46.10031573742675,54.8538660041928,56.30964022549664,50.34289995325704,148.83463087463093,578.1583925294608,516.7355646961848,610.9793929144676,0.007067212726636678,3.5199245328180164,0.010217244153820611,0.04139076372772372,-0.02521256931608129,-0.0036832412523020164,0.02794184461608351,-0.011925925925925895,12.494596764394327,12.675189111835653,12.810993732257229,12.875371354405607,-0.014700707667044566,0,1.0
2024-10-26,248110.0,255550.0,248110.0,255360.0,15729961000,61600,7,248110.0,255550.0,41.75947933248037,39.35459438417681,29.89152269987947,9.963840899959823,-70.10847730012053,-4.851440911460273,-4.195096348504161,-1617.8645902915487,-0.008961348774667373,15.648377918356758,32.004050389898765,46.79712043753979,-14.793070047641024,-158.33365349800198,0.9709678522441877,0.9668168628296654,0.9614125748475961,0.9766613961673336,0.9681876211718511,0.9901590177527437,0.13439711831920179,9.076278889756196,0.017811304236722014,0.029113676384269222,0.017804721445358836,0.02231243034027727,0.025751048470425992,1.446304484428681,3.6761085764925987,2.7327980125105364,-0.08350307119442413,32.08174704079006,2247137285.714286,2.0318059852054806,1.1475409836065575,1.0,0.0,0.0,0.0,0.029986699447825504,-0.0008601477890292086,-0.030832827669902918,-0.058747697974217306,-0.0485144091146027,-0.04195096348504157,1.7959384717293005,-0.11876271595572262,0.02998669944782556,1,0,32.76052900302446,38.438669024486074,46.10031573742675,56.30964022549664,-1583.7632463945602,-635.4742025113159,148.83463087463093,516.7355646961848,0.0003544842254519674,0.07072585949600753,0.007067212726636678,0.010217244153820611,-0.029948782108926042,-0.029998483009708754,-0.02521256931608129,0.02794184461608351,15.408049096352828,13.557126810559664,12.494596764394327,12.810993732257229,0.01797462406015038,0,2.0
2024-10-27,258820.0,259330.0,258820.0,259030.0,9351103000,36100,7,255360.0,259330.0,45.733268137694154,46.12856558835143,45.07834471675372,24.989955805544398,-54.92165528324628,-2.47085370440015,0.2280281363530958,-1307.0683547101478,-0.008892313008376906,15.234419488485797,36.09306612001437,43.982921022861895,-7.889854902847524,-70.36309269542924,0.9877958664401563,0.9810081690785529,0.9774478032394895,0.992465528612878,0.9837833316745495,0.989524087362342,0.2898140654803454,9.035728753615151,0.017339138871604858,0.001966606254579108,0.016890288632967217,0.023029309461600426,0.028391782568849784,1.6809530722543984,2.210675542028861,1.8268306259804665,-0.5498224084151089,39.41661366733028,1335871857.142857,1.1581344604767962,1.4141414141414141,1.0,0.0,0.0,0.012795930346311876,0.01479162590491101,0.04522187739309169,0.013918755131563598,-0.04129390018484291,-0.024708537044001555,0.002280281363530978,0.8609646694961556,-0.10572778371667989,0.045221877393091775,2,0,41.75947933248037,32.76052900302446,38.438669024486074,54.8538660041928,-1617.8645902915487,-1583.7632463945602,-635.4742025113159,578.1583925294608,3.6761085764925987,0.0003544842254519674,0.07072585949600753,3.5199245328180164,0.029986699447825504,-0.029948782108926042,-0.029998483009708754,-0.0036832412523020164,15.648377918356758,15.408049096352828,13.557126810559664,12.675189111835653,0.009574180596842119,0,2.0
2024-11-04,252500.0,253000.0,252000.0,252430.0,176448000,699,3,252010.0,253000.0,40.975624802132415,38.41468015320415,20.906370243693885,23.118746596135466,-79.09362975630611,-4.210207481447827,-3.802281368821293,-1323.504532783244,-0.013090397980095904,15.93708196302032,33.080271540147194,48.82592493756744,-15.745653397420249,-107.34485199834788,0.9785530565278772,0.9613302074269408,0.9595451225145696,0.9797498743862306,0.9673433899457076,0.980575469172053,0.14163559614589125,10.790634381421945,0.01636900901602132,0.003952569169960474,0.017300294787381324,0.022615262258108244,0.019098285698205292,1.103928339541093,0.04501907997488206,0.03420334106456065,-0.5351860127044104,47.70177949812049,58816000.0,0.05135342578483291,0.7058823529411765,0.5,0.0,0.5,0.0019443672870124201,0.003928415539065977,-0.01171875,-0.02440905410095251,0.019709000040304625,-0.04210207481447825,-0.03802281368821292,0.3307746075630786,-0.1275561226249181,0.019709000040304705,1,0,39.82834743559544,42.952858883794235,45.733268137694154,32.76052900302446,-1386.9054140376372,-1247.1539668942544,-1307.0683547101478,-1583.7632463945602,0.044418103722963585,0.19056496617116894,2.210675542028861,0.0003544842254519674,-0.015585937500000036,-0.012840782015193009,0.01479162590491101,-0.029948782108926042,15.684241533005979,15.216429479685043,15.234419488485797,15.408049096352828,0.08299330507467406,1,4.0
2024-11-12,264180.0,265670.0,264180.0,265560.0,4302066000,16200,6,265500.0,265670.0,53.86465635551134,61.49379839847392,75.07481829841812,68.90409006698019,-24.925181701581874,3.8706650506314264,-1.3369480447134845,768.875954586078,-0.004444278583666571,12.97339060009181,45.06565995894643,40.5033680753808,4.562291883565635,34.901308081242995,1.0310754745539716,1.0132496300477505,1.0116245242124278,1.0185085641884062,1.0139190234314517,0.9811352797912702,0.6285142408014188,10.309853573522618,0.01484390244017342,0.005608461625324651,0.018401187901319335,0.01916126489222242,0.010852867068635497,0.5897916551277304,1.0171566703815906,4.1971086584797135,-0.23287439817552158,57.48463766543952,717011000.0,0.6120608777232771,1.5384615384615385,1.0,0.0,0.0,-0.004971751412429379,0.0006403013182674222,0.015907613475584004,0.02200423158299669,0.054204198246101454,0.03870665050631428,-0.013369480447134818,0.06261935188898592,-0.08386496086071933,0.07077505944943775,5,0,53.70530250610728,49.93663214611089,48.411972725709774,39.82834743559544,375.0787460389215,-236.11438367290066,-752.7254758631188,-1386.9054140376372,0.07849421922781312,0.006501210850520909,0.07095973035302466,0.044418103722963585,0.01525754273259139,0.006001154068089987,0.02747035573122525,-0.015585937500000036,13.561212233351856,13.961110761080974,15.011094972326438,15.684241533005979,0.029899081186925747,0,3.0
2024-11-16,272500.0,273520.0,272500.0,273380.0,4271634520,15625,7,265560.0,273520.0,60.60759520423583,72.02850338209696,100.0,83.14094342311529,-0.0,10.241425174317843,1.131405753161281,1494.137345306596,-0.0002994872926130843,13.454809458492749,52.36676177484063,35.12022860407747,17.246533170763165,121.11863920753184,1.0511752317412493,1.0425806845080408,1.040919808987105,1.0408207103272098,1.040496374521332,0.9902438504594936,0.9004207108177968,10.633986544071712,0.0154380286363628,0.003729160573267037,0.019576003336427637,0.01651309464634858,0.012760580593021126,0.6518481006424759,0.9442941967455845,2.2826880934989044,-0.41649426826003355,61.15318444184275,610233502.8571428,0.5114119953156469,1.75,1.0,0.0,0.0,0.025708585839575412,0.029547935408589687,0.03020715630885129,0.04592558601965502,0.08110671936758895,0.10241425174317853,0.011314057531612853,1.4713665035240893,-0.05679506189868616,0.10241425174317843,6,0,53.86465635551134,53.70530250610728,49.93663214611089,40.975624802132415,768.875954586078,375.0787460389215,-236.11438367290066,-1323.504532783244,1.0171566703815906,0.07849421922781312,0.006501210850520909,0.04501907997488206,0.0006403013182674222,0.01525754273259139,0.006001154068089987,0.003928415539065977,12.97339060009181,13.561212233351856,13.961110761080974,15.93708196302032,0.006035554905259977,0,2.0
2024-11-17,277000.0,277000.0,271600.0,273580.0,2082484400,7612,9,273380.0,275900.0,62.40180980069258,74.49650524808398,96.19245413637937,90.42242414493249,-3.80754586362063,7.963216591665036,2.725444932608534,2036.646601020375,0.00351487909276311,14.289637117031171,53.44932491270011,31.972284919842604,21.47703999285751,129.8062865018532,1.052093700784399,1.050187465504444,1.0484689844709545,1.0418824712785553,1.045711963560449,0.9965547590383423,0.9414646512839159,11.368399566869805,0.015609673459336561,0.019572308807538963,0.019565031556213593,0.014935547902277514,0.011118082775486784,0.5682629615772753,0.5491132455896728,0.9342857844220243,-0.5024668821077041,85.27479720116294,231387155.55555555,0.2078323473989964,2.25,0.2037037037037037,0.0,0.7962962962962963,0.01272301842644048,0.00870137467095633,0.03850641773628949,0.0391713747645952,0.06135795345258699,0.07963216591665034,0.02725444932608534,0.36668942110439934,-0.04858788234077037,0.11200677119019789,7,0,60.60759520423583,53.86465635551134,53.70530250610728,48.411972725709774,1494.137345306596,768.875954586078,375.0787460389215,-752.7254758631188,0.9442941967455845,1.0171566703815906,0.07849421922781312,0.07095973035302466,0.029547935408589687,0.0006403013182674222,0.01525754273259139,0.02747035573122525,13.454809458492749,12.97339060009181,13.561212233351856,15.011094972326438,0.035126836757072954,0,3.0
2024-11-19,284000.0,284000.0,271600.0,273590.0,17730230000,64805,20,280000.0,276790.0,61.303951771638914,68.86365144924638,79.91083867372527,92.03443093670154,-20.089161326274727,8.12109375,2.514814814814815,2523.4606873152884,0.009836909912596451,14.994591709513431,44.826293809555594,36.69428443480929,8.132009374746303,126.52937389016138,1.0390600071325338,1.0494029598933878,1.048679744822146,1.0303769033297068,1.0409274575492027,1.0092581156271807,0.8728359425766151,13.250589401861589,0.017598507329210603,0.04479930633332129,0.01959322306429296,0.014732767345080274,0.01536107040217905,0.7839991588812838,4.936846756254381,3.078856350126375,0.30546293278511794,58.22173917229784,886511500.0,0.820812081293698,5.063291139240506,0.5814516129032258,0.0,0.41854838709677417,0.014285714285714285,-0.011464285714285705,0.003225806451612856,0.011955250073120816,0.04252354048964224,0.08121093750000008,0.02514814814814814,-0.6578362587315245,-0.04551881099348253,0.11559388980694046,0,1,65.3312936675686,62.40180980069258,60.60759520423583,53.70530250610728,2541.295579561977,2036.646601020375,1494.137345306596,375.0787460389215,0.09347891115764283,0.5491132455896728,0.9442941967455845,0.07849421922781312,0.014860456687205481,0.00870137467095633,0.029547935408589687,0.01525754273259139,15.380682849873251,14.289637117031171,13.454809458492749,13.561212233351856,0.06403742826857717,1,4.0
2024-11-20,275940.0,275940.0,270000.0,273500.0,16984130000,62100,9,273590.0,271500.0,55.25846366392097,55.87203281903414,65.17135692393424,81.69406519921984,-34.82864307606576,7.733820086504503,1.7692480695704325,2040.5857434847103,0.010129023155610208,14.399784490293504,40.48281917521763,35.42202275365719,5.06079642156044,75.9087757708451,1.011798728450364,1.0284266209083108,1.0273980378400347,1.0090257922044525,1.0194449741187428,1.015417403630821,0.7113127981809151,13.452389610577908,0.01844624597934192,0.021878453038674032,0.01991419600057871,0.015385980035688595,0.019778603526071102,0.9931911650109466,3.8315594632114762,2.0543594765187705,1.6149369238997076,44.64472304976515,1887125555.5555556,1.6158065889659832,2.0689655172413794,0.7474747474747475,0.0,0.25252525252525254,-0.0030709201922034753,-0.01911196213736044,-0.03035714285714286,-0.01594780717651323,0.021944517634659544,0.07733820086504495,0.017692480695704393,-1.0132222846969743,-0.06376081933859788,0.09427270162427956,0,2,61.303951771638914,65.3312936675686,62.40180980069258,53.86465635551134,2523.4606873152884,2541.295579561977,2036.646601020375,768.875954586078,4.936846756254381,0.09347891115764283,0.5491132455896728,1.0171566703815906,-0.011464285714285705,0.014860456687205481,0.00870137467095633,0.0006403013182674222,14.994591709513431,15.380682849873251,14.289637117031171,12.97339060009181,0.09495429616087758,1,4.0
2024-11-23,274960.0,276100.0,274960.0,275030.0,4126881740,15005,4,273500.0,276100.0,59.040967944342576,62.9609787988596,75.3125,73.46489853255316,-24.6875,9.130434782608695,4.535817052854763,1918.0515945921516,0.011253200059774177,13.868989886269144,38.03957199278819,33.08326338855474,4.956308604233449,92.18051741091139,1.0201593236872053,1.0434835191207679,1.0437308482382837,1.022014443886507,1.0339053196977634,1.0231057286874394,0.8105417864828716,14.002469559170331,0.018033327775673232,0.004128938790293372,0.020038124433604813,0.01559154435641194,0.01628335985937658,0.8126189610874296,0.8874628498765359,0.49843212287904753,2.1541220880518885,34.27026370037554,1031720435.0,0.8552800030220112,0.8888888888888888,1.0,0.0,0.0,0.01274401473296501,0.01694290976058932,-0.0024928646266122456,-0.013928571428571401,0.009432582626498931,0.09130434782608687,0.04535817052854774,0.7252016608222013,-0.04789820338632367,0.112812865261376,1,0,55.25846366392097,61.303951771638914,65.3312936675686,60.60759520423583,2040.5857434847103,2523.4606873152884,2541.295579561977,1494.137345306596,3.8315594632114762,4.936846756254381,0.09347891115764283,0.9442941967455845,-0.01911196213736044,-0.011464285714285705,0.014860456687205481,0.029547935408589687,14.399784490293504,14.994591709513431,15.380682849873251,13.454809458492749,0.09133549067374469,1,4.0
2024-11-24,282390.0,283270.0,282390.0,283190.0,312356170,1103,3,275030.0,283270.0,64.13113645105136,71.3349067201022,97.71875,79.40086897464475,-2.28125,8.970955953067898,4.335174953959484,2187.4352860139106,0.013849864261760466,14.272003263789221,44.221513802574954,29.782466158392136,14.439047644182818,136.38552389618764,1.0377102748959615,1.068205729628219,1.0691644913740652,1.0407803586134134,1.0560022794995556,1.0303111737823518,0.9510467622026185,15.121653749413177,0.018129352456571955,0.003106576764217884,0.019910268192446533,0.015398708920494797,0.019564313258577274,0.9826242956385437,0.06504726689430261,0.03829515390971649,2.721992215583707,22.852268148534506,104118723.33333333,0.08599968013017167,0.6593406593406593,1.0,0.0,0.0,0.02278160086925027,0.025968851865266318,0.04335174953959475,0.023411250406445427,0.026712577020659767,0.08970955953067894,0.04335174953959475,1.1881443601148782,-0.02317321286940929,0.14171133771311112,2,0,59.040967944342576,55.25846366392097,61.303951771638914,62.40180980069258,1918.0515945921516,2040.5857434847103,2523.4606873152884,2036.646601020375,0.8874628498765359,3.8315594632114762,4.936846756254381,0.5491132455896728,0.01694290976058932,-0.01911196213736044,-0.011464285714285705,0.00870137467095633,13.868989886269144,14.399784490293504,14.994591709513431,14.289637117031171,0.0405381545958543,0,3.0
2024-11-26,297900.0,300420.0,289740.0,291110.0,860519140,2956,11,291680.0,289740.0,66.74803381996315,73.43807050574138,77.94299876084263,91.88724958694756,-22.057001239157373,9.129943502824858,9.883191747572816,2832.1847496165747,0.020593186172242123,17.295223337083197,54.628852647445434,22.938038644382882,31.690814003062552,150.88972069694253,1.0406692120093242,1.0829580070642322,1.0887544970212755,1.0444340569185684,1.0673917590118638,1.046206118579321,0.9405265085389791,18.83155847746035,0.019840972523801428,0.03686063367156761,0.01977948651586013,0.01751048142600947,0.021293371852812083,1.0765381515712273,0.20216734887888085,0.18112523130843983,0.46581590520635285,24.748889083767082,78229012.72727273,0.14532469349405058,2.0952380952380953,0.7640449438202247,0.23595505617977527,0.0,0.021324739440482722,-0.006651124520021923,0.022840399618738294,0.04940239043824701,0.04678637234004124,0.09129943502824855,0.09883191747572817,-0.5844634683706884,-0.006651124520021942,0.16778848091572288,0,1,68.99785025894755,64.13113645105136,59.040967944342576,61.303951771638914,2762.4922444389485,2187.4352860139106,1918.0515945921516,2523.4606873152884,0.030182163515496848,0.06504726689430261,0.8874628498765359,4.936846756254381,0.029688989303491287,0.025968851865266318,0.01694290976058932,-0.011464285714285705,15.482847482252302,14.272003263789221,13.868989886269144,14.994591709513431,0.04846965064752151,0,4.0
2024-11-27,298480.0,299840.0,295000.0,299470.0,512391280,1711,5,291110.0,299840.0,71.8874730774977,80.51414137050546,98.56683963429701,92.16994613171322,-1.4331603657029899,12.86182105619754,17.230324119325957,3343.380760180603,0.02439204563151885,18.97814377371188,48.122856609314645,20.2062443395317,27.916612269782945,154.43863465427253,1.0638886720551815,1.111553910401726,1.1233437760146021,1.0675643022247177,1.0961070134463111,1.0558847044066815,1.033265516829239,20.919018177852212,0.020209207750705362,0.01614194236926361,0.019058685597545023,0.018994898938574454,0.01635379403370495,0.858075650075864,0.11673523411861828,0.4033094474825571,-0.0920345039159779,25.227832707973192,102478256.0,0.19082245227949826,0.9259259259259258,0.2809917355371901,0.0,0.71900826446281,0.030164975495271622,0.03485883895906672,0.027975863960504554,0.058495428389875315,0.10438305709023932,0.1286182105619753,0.17230324119325946,1.401288139851529,0.0,0.20849623151021723,1,0,66.74803381996315,68.99785025894755,64.13113645105136,55.25846366392097,2832.1847496165747,2762.4922444389485,2187.4352860139106,2040.5857434847103,0.20216734887888085,0.030182163515496848,0.06504726689430261,3.8315594632114762,-0.006651124520021923,0.029688989303491287,0.025968851865266318,-0.01911196213736044,17.295223337083197,15.482847482252302,14.272003263789221,14.399784490293504,0.03579657394730695,0,3.0
2024-11-30,300580.0,300580.0,295660.0,300150.0,460432440,1534,4,299470.0,295660.0,67.25450428558082,71.33809200666471,87.40721781417967,87.9723520697731,-12.592782185820322,8.094472067856099,19.16488654225948,3185.5683946263152,0.026896741849614093,20.59816568077307,46.17751866992771,19.018053519208657,27.15946515071905,135.48473846981315,1.0408804145778179,1.0864819973100697,1.104402369127236,1.0442183843963397,1.0743938888587006,1.061027139774921,0.9124136775845222,20.969720940534405,0.020219623668989828,0.016640735980518163,0.017659111715569314,0.01958511361190589,0.022536877084777526,1.2762180480973846,0.10411611593947148,0.9908280583903888,0.008192439680765995,24.602540277185497,115108110.0,0.21209172618370065,0.7207207207207208,1.0,0.0,0.0,0.002467982924226254,-0.013940768409818616,0.020432111548284615,0.013645090510148172,0.07084389713871775,0.08094472067856096,0.19164886542259474,-1.2964014460963873,-0.01394076840981857,0.19164886542259482,0,1,71.8874730774977,66.74803381996315,68.99785025894755,59.040967944342576,3343.380760180603,2832.1847496165747,2762.4922444389485,1918.0515945921516,0.11673523411861828,0.20216734887888085,0.030182163515496848,0.8874628498765359,0.03485883895906672,-0.006651124520021923,0.029688989303491287,0.01694290976058932,18.97814377371188,17.295223337083197,15.482847482252302,13.868989886269144,0.041479260369815085,0,3.0
2024-12-02,298640.0,303510.0,297720.0,302870.0,15059761460,49724,18,294670.0,303510.0,70.72027103269008,76.60181470857088,100.0,90.39031802597196,-0.0,8.396428571428572,17.036208691628428,2946.338181475633,0.030156836041213872,23.804066197776812,51.468452457689715,17.8743263795407,33.59412607814902,129.18942823619028,1.0528451900262248,1.0985156954081023,1.1271410331921885,1.0546788762799106,1.0893257285141908,1.0705667308639297,0.940249014222604,22.377266552671845,0.019280113737998865,0.01907680142334684,0.017809481442895538,0.021125394626554127,0.022528057888108702,1.2649474360240551,4.030983871686886,4.444484170256887,-0.31350661669906543,41.02746327935417,836653414.4444444,2.0626713453758176,3.103448275862069,0.8411053540587219,0.0,0.15889464594127806,0.013472698272643975,0.029999660637323178,0.02655076777379417,0.012239861259338403,0.040558145913329735,0.08396428571428571,0.1703620869162843,1.2326853214278566,0.0,0.2232880577163355,1,0,66.16685163278657,67.25450428558082,71.8874730774977,68.99785025894755,2813.025117574771,3185.5683946263152,3343.380760180603,2762.4922444389485,0.001201278503550207,0.10411611593947148,0.11673523411861828,0.030182163515496848,-0.003348440776567707,-0.013940768409818616,0.03485883895906672,0.029688989303491287,21.90849694835209,20.59816568077307,18.97814377371188,15.482847482252302,0.02070195133225483,0,2.0
2024-12-03,310000.0,310000.0,304270.0,305220.0,3328729350,10906,8,302870.0,307500.0,72.51809586451539,79.2397147787456,93.75,92.50457875457876,-6.25,11.09505401206691,20.1171875,3073.4927385063756,0.03267781804398751,25.967750291256724,55.2843125025796,16.46893274766552,38.81537975491408,137.98957078653393,1.0554424792429646,1.1026801402824296,1.1381966966755772,1.0573934455886562,1.0952375280950617,1.0784071316628925,0.943619156912766,23.146011321287645,0.019178210259712072,0.018634146341463414,0.017140831574393493,0.019969737900068892,0.020953661791038292,1.2224413792351094,0.856958762886598,0.853511559110332,-0.3982430741616607,46.66608194085983,416091168.75,1.075428299047986,1.3008130081300813,0.4363001745200698,0.0,0.5636998254799301,0.021383150472801555,0.013146189581891843,0.04354023144534569,0.04004599878238513,0.06129633464485407,0.11095054012066918,0.201171875,0.22173175817743468,0.0,0.2393696344363387,2,0,70.72027103269008,66.16685163278657,67.25450428558082,66.74803381996315,2946.338181475633,2813.025117574771,3185.5683946263152,2832.1847496165747,4.030983871686886,0.001201278503550207,0.10411611593947148,0.20216734887888085,0.029999660637323178,-0.003348440776567707,-0.013940768409818616,-0.006651124520021923,23.804066197776812,21.90849694835209,20.59816568077307,17.295223337083197,0.01631609986239435,0,2.0
2024-12-04,305250.0,311800.0,305250.0,310190.0,155405250,501,3,305220.0,311800.0,74.34624455609784,81.81711210803329,100.0,97.91666666666667,-0.0,14.843462246777165,23.72524899805563,3202.8999748772676,0.035210267089853656,28.08080058993295,53.09536845624009,15.172343954141171,37.92302450209892,131.90675985158262,1.0556001313575532,1.1062406091064394,1.1502131103636488,1.0604044163241253,1.1015324693131752,1.0896295635018713,0.9559098220415082,23.302987558089207,0.019063249224136124,0.021007055805003207,0.016122183286116577,0.016990029293532983,0.017003329149250936,1.0546542516914037,0.0393973231838699,0.0399655386971713,-0.3947410263544938,43.13851880099303,51801750.0,0.13451289023055812,0.48387096774193544,1.0,0.0,0.0,-0.007317073170731708,0.013983739837398312,0.02731376231425653,0.058132826551735794,0.03988794023479181,0.14843462246777173,0.23725248998055637,0.19598667588471552,0.0,0.256700656966668,3,0,72.51809586451539,70.72027103269008,66.16685163278657,71.8874730774977,3073.4927385063756,2946.338181475633,2813.025117574771,3343.380760180603,0.856958762886598,4.030983871686886,0.001201278503550207,0.11673523411861828,0.013146189581891843,0.029999660637323178,-0.003348440776567707,0.03485883895906672,25.967750291256724,23.804066197776812,21.90849694835209,18.97814377371188,0.005448273638737566,0,1.0
2024-12-08,303230.0,307000.0,303230.0,304620.0,913847000,3000,4,312600.0,305000.0,65.82586914553215,63.75298232445217,82.15962441314554,94.05320813771517,-17.84037558685446,7.671126487097116,17.33025581842662,2304.1698597224367,0.03747521970420904,30.186861721384954,47.442729257399854,24.745690390341473,22.69703886705838,85.29283345724055,1.0126162018592297,1.062392019171822,1.1184361548971735,1.0230046547340979,1.063787417846192,1.1045015405082907,0.7828384607228273,22.059241523366982,0.01917200848555493,0.012360655737704918,0.017434770774123327,0.0200967824723084,0.020097394273498048,1.1527191572444753,0.2346931191889006,0.23345940141009477,-0.3819988195947275,40.30449474699198,228461750.0,0.5993746534221067,0.64,0.46949602122015915,0.5305039787798409,0.0,-0.0299744081893794,-0.024312220089571346,-0.02180885182809489,-0.008130081300813052,0.035056164523025846,0.07671126487097113,0.1733025581842662,-1.8628845215806538,-0.02431222008957134,0.2292934585466124,0,1,74.68366526976436,74.34624455609784,72.51809586451539,66.16685163278657,3096.2735255664375,3202.8999748772676,3073.4927385063756,2813.025117574771,0.009458016259906287,0.0393973231838699,0.856958762886598,0.001201278503550207,0.0025657472738935816,0.013983739837398312,0.013146189581891843,-0.003348440776567707,30.090359939226033,28.08080058993295,25.967750291256724,21.90849694835209,0.07960737968616627,1,4.0
2024-12-09,308070.0,312000.0,308060.0,309140.0,16643165600,53837,6,304620.0,312000.0,69.42305798341577,70.81803554110701,98.59154929577464,93.58372456964007,-1.408450704225352,6.966538672517827,19.307101066880808,2050.431960050766,0.03746414134655378,30.685479241396504,49.465578023744925,22.65875973678193,26.806818286962994,102.61394609632781,1.0289151540734487,1.0773015667486727,1.140471760530173,1.039052871276123,1.0811385951511148,1.1084215797727097,0.8593287797837108,21.512767999046034,0.019005726567130336,0.012628205128205129,0.01773335831402098,0.01937380035841996,0.018249714150699568,1.0291177693212417,3.4802029800575327,3.9375255982680946,-0.6068544070996245,69.25809274217738,2773860933.3333335,5.342504268019316,0.9302325581395349,0.9974619289340102,0.0,0.0025380710659898475,0.010065573770491804,0.022950819672131084,-0.0019193857965451588,0.0006414368184732844,0.027972719185529238,0.06966538672517819,0.19307101066880805,0.7858969306485071,-0.0019193857965451055,0.2575067510378461,1,0,65.82586914553215,74.68366526976436,74.34624455609784,70.72027103269008,2304.1698597224367,3096.2735255664375,3202.8999748772676,2946.338181475633,0.2346931191889006,0.009458016259906287,0.0393973231838699,4.030983871686886,-0.024312220089571346,0.0025657472738935816,0.013983739837398312,0.029999660637323178,30.186861721384954,30.090359939226033,28.08080058993295,23.804066197776812,0.07262081904638684,1,4.0
2024-12-10,312000.0,312000.0,307880.0,310200.0,581926880,1876,4,309140.0,307880.0,65.08092298206205,62.45852504000357,87.46014877789585,89.403774162272,-12.539851222104145,6.260785531856147,15.962335216572503,1433.1068818714411,0.03712408647009651,31.11685808646308,46.95554635549545,21.730679068106916,25.224867287388534,89.29127093649376,1.0092904021032894,1.0553539813150106,1.1218129733582172,1.0213515949818213,1.0616041694914347,1.111486813924356,0.7687040635903171,20.600351396027495,0.01884018517332371,0.013381837079381577,0.018337741586022544,0.01998531647731285,0.01932318034292129,1.0537382835435891,0.12100649539130379,0.15808811136953518,-0.539756150664054,95.47062893946271,145481720.0,0.2791443509524232,0.6153846153846154,1.0,0.0,0.0,0.0,-0.013205128205128203,0.009442622950819768,-0.015099168266154872,0.0012357723577236523,0.06260785531856139,0.1596233521657251,-1.1340667204703878,-0.01509916826615483,0.24090121317157712,0,1,69.42305798341577,65.82586914553215,74.68366526976436,72.51809586451539,2050.431960050766,2304.1698597224367,3096.2735255664375,3073.4927385063756,3.4802029800575327,0.2346931191889006,0.009458016259906287,0.856958762886598,0.022950819672131084,-0.024312220089571346,0.0025657472738935816,0.013146189581891843,30.685479241396504,30.186861721384954,30.090359939226033,25.967750291256724,0.05251450676982583,1,4.0
2024-12-11,309840.0,315000.0,309840.0,311880.0,3118834500,10000,10,310200.0,313270.0,67.90880750080947,68.1896933937486,94.6948788715118,93.58219231506077,-5.305121128488194,4.4790554962646745,17.916964655399557,1223.8932471716998,0.03679421399912695,31.764917327751373,46.53957432144431,19.85557237325063,26.684001948193682,99.87933961730084,1.0224583780749308,1.065140261431464,1.137120953632384,1.0329973262848577,1.0738110867179524,1.1121440031361844,0.8310643547896296,19.676011775069053,0.018816883369689712,0.016471414434832573,0.01838902232627293,0.017868487560962824,0.01999505014383743,1.0873362264218864,0.6581848577991615,0.7263957694710386,-0.6466905285740868,95.36211955807146,311883450.0,0.6226289429006784,1.4925373134328357,0.6647286821705426,0.33527131782945735,0.0,0.006366116668832012,0.017506820839288117,0.0040705128205127394,0.027114754098360727,0.00471456061577924,0.044790554962646834,0.1791696465539956,0.49335959498560455,0.0,0.2626254483898271,1,0,65.08092298206205,69.42305798341577,65.82586914553215,74.34624455609784,1433.1068818714411,2050.431960050766,2304.1698597224367,3202.8999748772676,0.12100649539130379,3.4802029800575327,0.2346931191889006,0.0393973231838699,-0.013205128205128203,0.022950819672131084,-0.024312220089571346,0.013983739837398312,31.11685808646308,30.685479241396504,30.186861721384954,28.08080058993295,0.04168269847377193,0,3.0
2024-12-14,314970.0,321230.0,314970.0,320870.0,21239457950,66193,53,311880.0,321230.0,71.57046453314352,74.81426207001189,100.0,94.05167588313589,-0.0,8.6484475410945,17.44296577946768,1442.6651789854168,0.0376862735300768,32.83279255780263,49.52544258333409,17.98692494920109,31.538517634133,122.82803267877055,1.0397609938306371,1.0834173701588887,1.1613865631591394,1.0496777250170404,1.0929116052137464,1.116974545160052,0.9176500326671486,19.9730309192551,0.01880983044900962,0.019487594558416088,0.01816080139825821,0.017679606854782832,0.022823149485086527,1.256725900172857,3.735138276801887,2.4533008168650765,-1.3717160424818333,96.89483962117929,400744489.6226415,0.8171131937624517,5.888888888888889,1.0,0.0,0.0,0.005426628786669646,0.025409391259935576,0.04336104975964661,0.029583333333333295,0.027607165706973857,0.08648447541094506,0.1744296577946769,0.9460980194849398,0.0,0.2947079924227157,2,0,67.90880750080947,65.08092298206205,69.42305798341577,74.68366526976436,1223.8932471716998,1433.1068818714411,2050.431960050766,3096.2735255664375,0.6581848577991615,0.12100649539130379,3.4802029800575327,0.009458016259906287,0.017506820839288117,-0.013205128205128203,0.022950819672131084,0.0025657472738935816,31.764917327751373,31.11685808646308,30.685479241396504,30.090359939226033,0.04120048617820293,0,3.0
2024-12-15,330490.0,330490.0,325000.0,328870.0,12697172220,38608,54,320870.0,325220.0,73.21994717216516,77.54853046040154,87.06748466257669,93.92078784469618,-12.932515337423313,10.367529779074898,17.87604204421892,1661.5775351421635,0.039174307810125014,34.39025868516122,54.84892312345707,16.089869287012984,38.75905383644408,148.58501215123306,1.042368453947263,1.0878269217260998,1.1708610339665626,1.0525600676344735,1.0978271157041686,1.123269827989058,0.9299078677808429,20.42924270715418,0.01928577223698237,0.016880880634647315,0.018184939765993967,0.017205279026791805,0.01549488496461998,0.8520723831923591,2.003372856290377,1.1321064546019681,-1.7695646176211546,97.408868755712,235132818.8888889,0.4792499789980732,4.8,0.9599271402550091,0.0,0.04007285974499089,0.028826697381938174,0.012421006755284347,0.03814600823570724,0.05632064440691176,0.06629508196721301,0.10367529779074891,0.1787604204421891,0.22037643114869784,0.0,0.31078956914271894,3,0,71.57046453314352,67.90880750080947,65.08092298206205,65.82586914553215,1442.6651789854168,1223.8932471716998,1433.1068818714411,2304.1698597224367,3.735138276801887,0.6581848577991615,0.12100649539130379,0.2346931191889006,0.025409391259935576,0.017506820839288117,-0.013205128205128203,-0.024312220089571346,32.83279255780263,31.764917327751373,31.11685808646308,30.186861721384954,0.009760695715632206,0,2.0
2024-12-16,329940.0,335800.0,327490.0,331590.0,6617150640,19956,11,328870.0,327490.0,74.13924621881682,79.0576110535396,79.79576951130562,88.95441805796077,-20.204230488694385,7.900892886560575,16.960714285714285,1755.5487060399046,0.04052986880031932,36.108954148306445,54.313660474652025,14.241690206361657,40.07197026829037,148.70022443807702,1.0416381731494058,1.0867880698552288,1.17322570614223,1.0502274694205607,1.0969184407601658,1.126327487206971,0.9133313827846857,20.997212761954433,0.020091681100371284,0.02537482060520932,0.018123167887242258,0.01571440903188593,0.01455252806674922,0.8029792670515082,0.986977788548565,0.7302774585934584,-3.288970843027573,97.5915241815868,601559149.0909091,1.1710214835847812,0.9401709401709403,0.29482551143200963,0.7051744885679904,0.0,0.014513252567492774,0.006979890535637523,0.019487594558416088,0.04539215373320138,0.04964743589743592,0.07900892886560573,0.16960714285714285,-0.05736060010327618,0.0,0.3199387368505905,4,0,73.21994717216516,71.57046453314352,67.90880750080947,69.42305798341577,1661.5775351421635,1442.6651789854168,1223.8932471716998,2050.431960050766,2.003372856290377,3.735138276801887,0.6581848577991615,3.4802029800575327,0.012421006755284347,0.025409391259935576,0.017506820839288117,0.022950819672131084,34.39025868516122,32.83279255780263,31.764917327751373,30.685479241396504,0.031364033897282706,0,3.0
2024-12-17,329450.0,333600.0,322590.0,326490.0,2737974440,8386,12,331590.0,327700.0,74.22738802312207,79.20844354005682,80.30634573304158,82.3898666356413,-19.693654266958426,6.569105691056911,18.393005527656346,1630.817400395359,0.041367408537903175,36.83199795220385,48.11929122057985,17.69316237640647,30.426128844173384,125.16644474034585,1.0356520942168455,1.0783755590144892,1.1683309232274315,1.0427353510698765,1.0897416392085926,1.1281113896756199,0.8778261470391053,20.74381554286056,0.021044448399295455,0.033597802868477265,0.017633744538786113,0.01573434908658603,0.009523479342596283,0.5400713003213252,0.48199972985944073,0.2929238593574258,-3.385756185250012,94.35986590492995,228164536.66666666,0.47456442563457846,1.0619469026548671,0.1589464123524069,0.37693006357856496,0.4641235240690282,0.005984915569941067,0.0006412409539222619,0.0076256072812250775,0.020141331756062586,0.06437573080420944,0.06569105691056909,0.18393005527656348,-0.4527388770632532,0.0,0.32078513562532746,5,0,74.13924621881682,73.21994717216516,71.57046453314352,65.08092298206205,1755.5487060399046,1661.5775351421635,1442.6651789854168,1433.1068818714411,0.986977788548565,2.003372856290377,3.735138276801887,0.12100649539130379,0.006979890535637523,0.012421006755284347,0.025409391259935576,-0.013205128205128203,36.108954148306445,34.39025868516122,32.83279255780263,31.11685808646308,0.07785843364268441,1,4.0
2024-12-18,322590.0,325600.0,322590.0,324880.0,512981610,1579,2,326490.0,325600.0,71.59933321438223,73.06874422464114,75.20058351568198,78.43423292000973,-24.799416484318016,4.425914047466325,19.92633517495396,1224.410474421,0.0413261531649317,37.50339577010858,45.524222746633434,16.738971931726972,28.785250814906462,101.25494096130703,1.024546962073512,1.0620115594869988,1.1555409180730007,1.0303382696443237,1.0761611210094366,1.1278554920844028,0.8262951603804389,19.004743868924503,0.020788314896858232,0.009244471744471745,0.016790706901241716,0.015975406891403456,0.012095869104081797,0.7203907003574267,0.1098641136074254,0.05860215851902436,-4.075965053596877,94.29603414423335,256490805.0,0.6424226626697559,0.18264840182648404,1.0,0.0,0.0,-0.015593530668294171,-0.006408300274641454,-0.005771168585300357,0.001168439825349088,0.039359019376256965,0.04425914047466328,0.19926335174953969,-0.9331474913335104,-0.00640830027464144,0.31232114787795734,0,1,74.22738802312207,74.13924621881682,73.21994717216516,67.90880750080947,1630.817400395359,1755.5487060399046,1661.5775351421635,1223.8932471716998,0.48199972985944073,0.986977788548565,2.003372856290377,0.6581848577991615,0.0006412409539222619,0.006979890535637523,0.012421006755284347,0.017506820839288117,36.83199795220385,36.108954148306445,34.39025868516122,31.764917327751373,0.07753632110317654,1,4.0
2024-12-21,334620.0,334620.0,332000.0,334090.0,671180980,2009,6,324880.0,333000.0,74.96325038918815,79.57688366114047,92.6470588235294,82.71799602408431,-7.352941176470588,6.525911708253358,20.608475190148496,1266.2363763264912,0.041484025424891526,38.66980114543329,50.58966870750004,15.182493767748397,35.40717493975164,139.93442107949988,1.0411488280040895,1.076161883186344,1.1759604029765571,1.045111964753244,1.0924767889941784,1.1294834814643215,0.9246538187891157,17.935051992118375,0.020809261968129884,0.007867867867867868,0.0169787753054334,0.016952821924224343,0.01114204463355221,0.656233705500928,0.14640189469848788,0.1424055119226516,1.986731534719151,94.34602759200803,111863496.66666667,0.3166581127537113,0.5429864253393665,0.6183206106870229,0.0,0.3816793893129771,0.027702702702702704,0.022727272727272707,0.016173329264571157,0.016824941219579115,0.0366404134109517,0.06525911708253362,0.206084751901485,0.7761542628314817,0.0,0.3421466285115473,1,0,71.59933321438223,74.22738802312207,74.13924621881682,71.57046453314352,1224.410474421,1630.817400395359,1755.5487060399046,1442.6651789854168,0.1098641136074254,0.48199972985944073,0.986977788548565,3.735138276801887,-0.006408300274641454,0.0006412409539222619,0.006979890535637523,0.025409391259935576,37.50339577010858,36.83199795220385,36.108954148306445,32.83279255780263,0.048430063755275476,0,4.0
2024-12-22,336000.0,337000.0,330000.0,332080.0,15134343440,45574,15,334090.0,335000.0,75.79761872708951,81.02290605166733,94.07758365413089,87.30840866444743,-5.922416345869115,9.836065573770492,18.261729092385355,1239.3119546919734,0.04208084786127568,39.880249454712626,49.3934095862901,14.087704174742779,35.30570541154732,129.36742345722425,1.0376689309531997,1.0736508455401024,1.1773885171230951,1.0431418479241477,1.0910342055193056,1.1346475566552325,0.9232337936185242,17.401929300212405,0.020700062912587268,0.020895522388059702,0.016543909459128918,0.013111779361124062,0.010763869051351259,0.6506242722098411,2.8580118587361762,2.9401063170933113,1.0251368531362464,94.36116717830474,1008956229.3333334,2.531856138244723,1.2875536480686696,0.14285714285714285,0.14285714285714285,0.7142857142857143,0.009009009009009009,0.006006006006006093,0.028869778869778928,0.022276472383277346,0.030071951294508237,0.09836065573770503,0.18261729092385348,-0.15383157189180943,0.0,0.35020756922332835,2,0,74.96325038918815,71.59933321438223,74.22738802312207,73.21994717216516,1266.2363763264912,1224.410474421,1630.817400395359,1661.5775351421635,0.14640189469848788,0.1098641136074254,0.48199972985944073,2.003372856290377,0.022727272727272707,-0.006408300274641454,0.0006412409539222619,0.012421006755284347,38.66980114543329,37.50339577010858,36.83199795220385,34.39025868516122,0.03773187183811122,0,3.0
2024-12-24,352240.0,352240.0,345380.0,351910.0,250209840,711,7,341990.0,352200.0,81.70285847112163,89.34274864052911,99.91838400326463,97.99865588579853,-0.08161599673536013,14.395218916460959,21.557258231517913,2094.213947110098,0.044994670028081114,42.97776270026717,55.97894918340205,11.739740574522504,44.23920860887955,164.77079309868347,1.0664002180034517,1.1087395878586404,1.2242046319565376,1.0717011666759593,1.1259977231325675,1.1479786024880343,1.0662142293230057,19.20467240617654,0.020372006596960913,0.019477569562748438,0.01636681716990947,0.011672296865703851,0.014604975930739873,0.8923528490066622,0.04482114095334756,0.06984969053934571,0.4732761612055718,94.15992563734949,35744262.85714286,0.08915317192437501,0.6167400881057269,0.0058309037900874635,0.0,0.9941690962099126,0.029971636597561333,0.029854674113278135,0.051343283582089505,0.057657657657657735,0.07476350320415004,0.1439521891646096,0.21557258231517906,1.2170703842150061,0.0,0.41953165934464554,4,0,78.49504879532438,75.79761872708951,74.96325038918815,74.22738802312207,1486.3330846686586,1239.3119546919734,1266.2363763264912,1630.817400395359,0.06397375949121456,2.8580118587361762,0.14640189469848788,0.48199972985944073,0.020865671641790984,0.006006006006006093,0.022727272727272707,0.0006412409539222619,41.25852015606955,39.880249454712626,38.66980114543329,36.83199795220385,-0.04151629678042679,0,0.0
2024-12-25,350040.0,351620.0,345630.0,350070.0,4191028770,11972,8,351910.0,345630.0,74.04846948259852,73.99494300472992,86.51295653948173,95.4771135142488,-13.487043460518262,10.32974750215469,15.271478121664888,1820.7750434993195,0.046375828606180655,44.57420220559352,52.29520807625657,10.967197224344455,41.32801085191212,134.22274565832276,1.0363531690584278,1.0802709819579774,1.1950244827369216,1.043408833881501,1.096465654801985,1.1531054455332574,0.9055832857124017,19.791491608679728,0.02063421855015174,0.017330671527355842,0.01645176949411022,0.015349686661054048,0.01928692828338646,1.1723315410109068,0.7310653940803976,0.9767001696906409,0.37612553632939183,89.57939109615522,523878596.25,1.2414157307270495,0.6956521739130435,0.7362270450751253,0.2637729549248748,0.0,-0.006132879045996593,-0.0186541737649063,0.01064358606976823,0.03173134328358218,0.06151719901719899,0.10329747502154696,0.15271478121664894,-1.5751271490829275,-0.018654173764906305,0.39305146910644473,0,1,81.70285847112163,78.49504879532438,75.79761872708951,71.59933321438223,2094.213947110098,1486.3330846686586,1239.3119546919734,1224.410474421,0.04482114095334756,0.06397375949121456,2.8580118587361762,0.1098641136074254,0.029854674113278135,0.020865671641790984,0.006006006006006093,-0.006408300274641454,42.97776270026717,41.25852015606955,39.880249454712626,37.50339577010858,-0.010997800439912053,0,1.0
2024-12-28,348500.0,352400.0,348500.0,350270.0,1441351000,4115,6,350070.0,352400.0,76.49240355824695,78.44618512903125,100.0,95.4771135142488,-0.0,9.703327833639449,19.190962592166677,1856.453824390248,0.0469031494839464,46.08911505762829,49.52033239882614,10.22082047629296,39.299511922533185,133.76062378167632,1.0468684552154783,1.0917500685441834,1.2115669576398511,1.0534984881929688,1.1082602854791062,1.1573249261679897,0.9541970023299509,20.200500679996075,0.020164477145969736,0.011066969353007945,0.01587595989353833,0.014800197042951005,0.018904161590063945,1.1907413294586442,0.24931612254356972,0.32455752910370067,0.3894565378350363,90.70608328698962,240225166.66666666,0.5609372105122465,0.5172413793103449,1.0,0.0,0.0,0.00830367734282325,0.019587420073488904,0.0005678591709254999,0.03043948653469397,0.058258258258258255,0.09703327833639452,0.19190962592166683,0.6709235665137835,0.0,0.42033775341582363,1,0,74.04846948259852,81.70285847112163,78.49504879532438,74.96325038918815,1820.7750434993195,2094.213947110098,1486.3330846686586,1266.2363763264912,0.7310653940803976,0.04482114095334756,0.06397375949121456,0.14640189469848788,-0.0186541737649063,0.029854674113278135,0.020865671641790984,0.022727272727272707,44.57420220559352,42.97776270026717,41.25852015606955,38.66980114543329,0.0015702172609701748,0,1.0
2024-12-29,344650.0,344650.0,339770.0,344610.0,114409160,332,2,350270.0,339770.0,64.32246099851841,57.153597193580325,71.63072776280323,86.04789476742832,-28.369272237196764,4.473894594428387,15.305256727865068,841.7173288210743,0.04627943230649795,45.87837878380565,43.56387166651841,17.30553546541444,26.25833620110397,81.17342226363596,1.0050047622146367,1.0453191073700274,1.1624541375115127,1.0132872568367204,1.0631426499417307,1.1566653027095306,0.7399512255551011,18.88679970906025,0.02207533304065283,0.01436265709156194,0.018623783380318542,0.020483671949075435,0.02869151077842191,1.5405844340276669,0.020095575039116763,0.09144997796386073,-0.04395754039313948,88.32196133550002,57204580.0,0.13275273497211826,0.17167381974248927,1.0,0.0,0.0,-0.02199205448354143,-0.035839954597048806,-0.01695454676966701,-0.03529244747302673,0.01423880597014926,0.04473894594428396,0.1530525672786507,-2.3169966308517638,-0.035839954597048806,0.3694329128209262,0,1,76.49240355824695,74.04846948259852,81.70285847112163,75.79761872708951,1856.453824390248,1820.7750434993195,2094.213947110098,1239.3119546919734,0.24931612254356972,0.7310653940803976,0.04482114095334756,2.8580118587361762,0.019587420073488904,-0.0186541737649063,0.029854674113278135,0.006006006006006093,46.08911505762829,44.57420220559352,42.97776270026717,39.880249454712626,0.021444531499376085,0,3.0
2025-01-01,342490.0,347410.0,342490.0,346220.0,722221960,2086,6,337300.0,347400.0,67.02204384511964,64.50020395815518,83.22710499832272,71.24993165732928,-16.772895001677288,6.695331695331695,11.41757536882617,-729.9456171976344,0.03968742460276867,45.13070970986668,48.2364592733102,17.60419430419711,30.63226496911309,85.91617546808766,1.0143983835033243,1.0522999751616011,1.1707723457775356,1.0279674682001003,1.0716895974365843,1.1541543882731344,0.8007645355436289,17.38900999982241,0.0199215280486027,0.014162348877374784,0.01881526168663734,0.022119956478387458,0.02559322323174959,1.3602374316125498,0.1536557698257193,1.56301513562116,0.04339456927468355,83.31131174495918,120370326.66666667,0.3217799356980727,0.5660377358490566,0.9979674796747967,0.0020325203252032522,0.0,0.015386895938333827,0.02994367032315437,0.021764705882352908,0.0224563675427496,0.005121083239302049,0.06695331695331697,0.11417575368826172,1.2944220688818897,-0.014188422247446084,0.40018540163637095,1,0,61.99558060398546,64.43343501704017,64.32246099851841,74.04846948259852,-771.7799942389156,40.57176440348667,841.7173288210743,1820.7750434993195,0.0029637203581656052,0.007122583218481679,0.020095575039116763,0.7310653940803976,-0.00794117647058823,0.0006769285104628597,-0.035839954597048806,-0.0186541737649063,45.02346818960948,45.68269510097034,45.87837878380565,44.57420220559352,0.05424296689965913,1,4.0
2025-01-04,350010.0,354980.0,347100.0,350820.0,2559235700,7295,9,346220.0,354000.0,69.83012210019493,70.01283042888892,96.97437480703921,79.9531693749639,-3.0256251929607902,6.306306306306306,13.24376199616123,-376.6150754653627,0.039679627344259234,45.66312111811036,52.088408746407154,16.186441168007338,35.90196757839982,109.32516937567434,1.0273704250817688,1.0656102876545737,1.185831126928148,1.039898285977792,1.084654126750131,1.1542391117923871,0.8717957376789714,17.64686385706368,0.01974366524880942,0.022259887005649716,0.019033822720953525,0.02184995442564259,0.025489040700325104,1.3391445887675157,0.5235188793323071,3.7019181975032986,0.06471988347721047,78.57193821246955,284359522.2222222,0.7358840536160928,0.8181818181818182,0.5063451776649747,0.12436548223350254,0.36928934010152287,0.007512953367875648,0.01899827288428324,0.04951082122739403,0.04117647058823537,0.004540295119182858,0.06306306306306309,0.13243761996161219,0.6613419923115708,0.0,0.4267865059852485,2,0,67.02204384511964,61.99558060398546,64.43343501704017,76.49240355824695,-729.9456171976344,-771.7799942389156,40.57176440348667,1856.453824390248,0.1536557698257193,0.0029637203581656052,0.007122583218481679,0.24931612254356972,0.02994367032315437,-0.00794117647058823,0.0006769285104628597,0.019587420073488904,45.13070970986668,45.02346818960948,45.68269510097034,46.08911505762829,0.009720084373752824,0,2.0
2025-01-05,352000.0,355000.0,352000.0,352000.0,6258635000,17780,3,350820.0,355000.0,70.24355709314898,70.81397431493409,100.0,93.40049326845399,-0.0,5.970149253731343,16.39344262295082,-203.08747867724014,0.03991364452672276,46.1585947431253,50.444784074927064,15.669064024192528,34.775720050734535,111.90083513793863,1.0243270459850708,1.0606386538553467,1.1825654541650956,1.0360084205081144,1.080696148420918,1.1544803574212479,0.8610265011475019,16.796178026435832,0.018885381785718504,0.008450704225352112,0.0176450336651864,0.02187865322274958,0.015272218612300952,0.8655250481291512,1.2117040525298923,3.256290978352441,0.1938638160284305,78.39091548278937,2086211666.6666667,4.352563604330131,0.27397260273972607,1.0,0.0,0.0,-0.005649717514124294,0.0028248587570620654,0.021876799078871523,0.05247554106136976,0.044824440062395166,0.05970149253731338,0.16393442622950816,-0.28010158120148804,0.0,0.430816976341139,3,0,69.83012210019493,67.02204384511964,61.99558060398546,64.32246099851841,-376.6150754653627,-729.9456171976344,-771.7799942389156,841.7173288210743,0.5235188793323071,0.1536557698257193,0.0029637203581656052,0.020095575039116763,0.01899827288428324,0.02994367032315437,-0.00794117647058823,-0.035839954597048806,45.66312111811036,45.13070970986668,45.02346818960948,45.87837878380565,-0.007556818181818192,0,1.0
2025-01-07,361000.0,363590.0,360000.0,360580.0,2542810000,7052,5,353000.0,360000.0,71.32804558537228,73.10331911393318,89.31229532598988,94.38045347645101,-10.687704674010122,2.2146507666098807,16.928673509159413,-95.20722015287538,0.03935510100006909,47.60530583602233,55.061740467751676,13.580326523183285,41.48141394456839,137.2992187272372,1.0331467929401636,1.0608203677510608,1.1851024718604002,1.0384375825572634,1.0826845348528373,1.1470804342215457,0.904375042704361,15.04058394511915,0.01852733106907854,0.009972222222222223,0.01712081526742538,0.020313020372325297,0.014320292864783006,0.8364258734821618,0.5751218219259078,1.0179571568797274,0.24053020865219654,87.04986495947915,508562000.0,1.3884945422612605,0.46511627906976744,0.2785515320334262,0.7214484679665738,0.0,0.0226628895184136,0.019830028328611915,0.014084507042253502,0.016949152542372836,0.06729914023124817,0.022146507666098714,0.1692867350915941,0.6915699313612651,0.0,0.45096932812059165,1,0,68.22973075604796,70.24355709314898,69.83012210019493,61.99558060398546,-342.34360179143914,-203.08747867724014,-376.6150754653627,-771.7799942389156,0.03540796220929021,1.2117040525298923,0.5235188793323071,0.0029637203581656052,-0.005633802816901401,0.0028248587570620654,0.01899827288428324,-0.00794117647058823,46.61867739492488,46.1585947431253,45.66312111811036,45.02346818960948,-0.01275722447168448,0,1.0
2025-01-08,363000.0,365000.0,363000.0,365000.0,100564868000,275523,14,360580.0,365000.0,73.32884315570868,76.83474602174297,100.0,94.38045347645101,-0.0,5.604258889563985,16.512912184377694,253.73886917691198,0.03994580045657229,48.58686981336141,53.59716720662474,12.839891139738757,40.75727606688598,145.77911406387213,1.0417053144094959,1.0674184411888994,1.1929827772508317,1.0443671591762334,1.089832897517959,1.1452209763632526,0.9629632011769592,14.56237580384493,0.01794675330788406,0.005479452054794521,0.017033859459316812,0.019141965938515044,0.011052359332372882,0.6488464554242698,10.788788428179293,4.471687089182828,2.1550726365925685,96.66842562196572,7183204857.142858,10.119545871771672,1.2785388127853883,1.0,0.0,0.0,0.008333333333333333,0.01388888888888884,0.03399433427762033,0.028169014084507005,0.050662061024755234,0.056042588895639955,0.16512912184377693,0.35693603153533426,0.0,0.47112167990004433,2,0,71.32804558537228,68.22973075604796,70.24355709314898,67.02204384511964,-95.20722015287538,-342.34360179143914,-203.08747867724014,-729.9456171976344,0.5751218219259078,0.03540796220929021,1.2117040525298923,0.1536557698257193,0.019830028328611915,-0.005633802816901401,0.0028248587570620654,0.02994367032315437,47.60530583602233,46.61867739492488,46.1585947431253,45.13070970986668,-0.04358904109589046,0,0.0
2025-01-11,365500.0,365500.0,354050.0,354230.0,11017154630,31102,12,365000.0,354050.0,62.96596246283407,56.72721950318418,59.39716312056738,82.90315281551908,-40.60283687943262,0.4682179341657208,10.216978488933163,-370.2650798037921,0.03915731379103866,47.92414199182169,47.24459966596564,20.58261621207039,26.661983453895246,94.64632269290006,1.009978548118396,1.030450758540401,1.1492346334296955,1.0110085054981375,1.0526824973763242,1.1378802406949486,0.7225375762127546,13.683423293551469,0.019490254493092152,0.03234006496257591,0.018466355689562793,0.02141359454377427,0.019530010298441945,1.0575995950018624,1.3077215783310594,0.4685701544524862,1.7939327612209217,88.01233333155989,918096219.1666666,1.2479181184902517,1.348314606741573,1.0,0.0,0.0,0.0013698630136986301,-0.030000000000000027,-0.016527777777777808,0.0029745042492916873,0.00014124293785311437,0.0046821793416571555,0.1021697848893317,-1.8974193781264965,-0.03,0.426988029503043,0,1,73.32884315570868,71.32804558537228,68.22973075604796,69.83012210019493,253.73886917691198,-95.20722015287538,-342.34360179143914,-376.6150754653627,10.788788428179293,0.5751218219259078,0.03540796220929021,0.5235188793323071,0.01388888888888884,0.019830028328611915,-0.005633802816901401,0.01899827288428324,48.58686981336141,47.60530583602233,46.61867739492488,45.66312111811036,-0.00601304237359912,0,1.0
2025-01-12,347100.0,352500.0,344160.0,349340.0,2674181420,7655,9,354230.0,350000.0,59.61048806375735,50.97130378338983,45.0354609929078,68.14420803782507,-54.9645390070922,3.0108602878417754,7.619457597933707,-1130.1981561440261,0.036631898092402845,45.91745894953417,42.55307609007781,28.468989067607808,14.084087022470001,29.228168028102445,0.9955201592832255,1.0150031972600713,1.1291648438719901,0.9995290888090745,1.0375174237860716,1.134246085669414,0.6171925180985852,12.802180125057392,0.020325881600536853,0.023828571428571428,0.018733110710337605,0.01789089675314387,0.020081443880496715,1.0719759356044936,0.34426620254815454,0.11895623094447051,1.4519309925194173,86.20642613546016,297131268.8888889,0.4021797218881692,1.3533834586466165,0.34772182254196643,0.2997601918465228,0.35251798561151076,-0.019629995763310266,-0.011439062279339107,-0.04109589041095896,-0.02777777777777779,-0.014084507042253502,0.030108602878417656,0.07619457597933699,-0.815907202637003,-0.0410958904109589,0.41066462456168634,0,2,62.96596246283407,73.32884315570868,71.32804558537228,70.24355709314898,-370.2650798037921,253.73886917691198,-95.20722015287538,-203.08747867724014,1.3077215783310594,10.788788428179293,0.5751218219259078,1.2117040525298923,-0.030000000000000027,0.01388888888888884,0.019830028328611915,0.0028248587570620654,47.92414199182169,48.58686981336141,47.60530583602233,46.1585947431253,-0.0030915440545027373,0,1.0
2025-01-13,351000.0,356990.0,351000.0,356030.0,161970906620,454938,4,349340.0,356990.0,63.25052704426538,59.28900933188171,69.822695035461,58.08510638297872,-30.177304964539008,4.997058823529412,9.007908638431708,-1228.3690697764232,0.03477940881051148,44.420519454300674,44.07668452116333,26.468412440148885,17.608272081014444,67.43877223011677,1.0105187474877857,1.0308647233696648,1.144503918993783,1.0164431728658585,1.053692567162046,1.132590485667973,0.7524980280693878,12.223748282573949,0.01990307077077843,0.01677918148967758,0.019069738503254864,0.018624148830191197,0.022281284599239615,1.168410599622884,10.343073061603098,2.930281989513958,4.178937736605087,93.77875448364544,40492726655.0,14.814264468465868,0.6349206349206349,1.0,0.0,0.0,0.002857142857142857,0.01997142857142853,0.008303911876853531,-0.021945205479452,0.011303116147308723,0.0499705882352941,0.09007908638431705,0.8115703311807709,-0.021945205479452053,0.4388376123493612,1,0,59.61048806375735,62.96596246283407,73.32884315570868,68.22973075604796,-1130.1981561440261,-370.2650798037921,253.73886917691198,-342.34360179143914,0.34426620254815454,1.3077215783310594,10.788788428179293,0.03540796220929021,-0.011439062279339107,-0.030000000000000027,0.01388888888888884,-0.005633802816901401,45.91745894953417,47.92414199182169,48.58686981336141,46.61867739492488,-0.0005336628935763699,0,1.0
2025-01-15,355990.0,355990.0,353990.0,355980.0,51439555000,144500,3,356030.0,353990.0,60.721191335839634,54.646956828975384,59.184397163120565,58.01418439716312,-40.815602836879435,4.948117402905425,8.022581629539212,-1541.3527587295848,0.033101441488824365,43.030504208726704,42.69012247531505,25.635770500264606,17.054351975050444,59.85001442169074,0.9973150618550021,1.0183363251403847,1.1277999060777388,1.006677677825143,1.0413790114503816,1.130836131141984,0.662702300322101,11.269862260142885,0.019243393487302404,0.005649877115172745,0.019272117016445746,0.01866051157735548,0.02026169248485094,1.051347522825891,2.8450202301611522,0.7907253660319704,3.1401403641663945,80.82261927960056,17146518333.333334,4.790496015391343,0.5128205128205129,1.0,0.0,0.0,-0.0028011989131348216,-0.008403596739404495,0.011400000000000077,-0.00016946758932356865,-0.016694444444444456,0.049481174029054165,0.08022581629539216,-0.6458215993047582,-0.030164383561643835,0.42674620128168955,0,1,63.25052704426538,59.61048806375735,62.96596246283407,71.32804558537228,-1228.3690697764232,-1130.1981561440261,-370.2650798037921,-95.20722015287538,10.343073061603098,0.34426620254815454,1.3077215783310594,0.5751218219259078,0.01997142857142853,-0.011439062279339107,-0.030000000000000027,0.019830028328611915,44.420519454300674,45.91745894953417,47.92414199182169,47.60530583602233,0.02730490476993097,0,3.0
2025-01-18,349000.0,352000.0,349000.0,349090.0,111361030,319,3,355980.0,350010.0,57.439487507467106,48.740410145842866,45.0709219858156,58.026004728132385,-54.9290780141844,0.7512953367875648,7.496928746928747,-2031.5980673034574,0.030626080532639637,41.05973299605399,40.41285573239406,29.602664406474755,10.810191325919302,16.191659168264163,0.9853774169209806,1.0033640401735484,1.108199619676757,0.9960704852118994,1.0274124572622836,1.124644832169546,0.5349445676346177,9.626790088585254,0.019090392353567926,0.008571183680466273,0.019439709886753514,0.01701565784344184,0.017948963383871138,0.9233143646913069,0.006288502291656399,0.002497987514760835,0.6033162584707326,80.71439763727051,37120343.333333336,0.010402780552389699,0.5084745762711864,0.33666666666666667,0.6633333333333333,0.0,-0.014096443402356,-0.011243255459193802,-0.01955236841368102,2.8571428571488866e-05,-0.04106849315068495,0.007512953367875719,0.07496928746928755,-0.7738932567282032,-0.041068493150684934,0.41070492926524527,0,2,60.721191335839634,63.25052704426538,59.61048806375735,73.32884315570868,-1541.3527587295848,-1228.3690697764232,-1130.1981561440261,253.73886917691198,2.8450202301611522,10.343073061603098,0.34426620254815454,10.788788428179293,-0.008403596739404495,0.01997142857142853,-0.011439062279339107,0.01388888888888884,43.030504208726704,44.420519454300674,45.91745894953417,48.58686981336141,0.04188031739665998,0,3.0
2025-01-19,352000.0,352990.0,352000.0,352100.0,3618494000,10277,2,349090.0,352990.0,59.21677835709923,53.16262824180316,55.638297872340424,53.29787234042553,-44.361702127659576,-0.2853107344632768,6.003003003003003,-2158.4466926435307,0.028479487092348918,39.32647810206456,40.17432217022094,28.62076249692605,11.553559673294888,33.255527530716314,0.9940496137740318,1.0090156530488572,1.11060281327123,1.003848212365608,1.0333919394750466,1.117250887563539,0.6037075955663768,8.69333919046153,0.01818015220174995,0.0028046120286693674,0.018965415065505167,0.01607204372578627,0.014123365340871597,0.7446905481420005,0.20095461753703983,0.08318911296785275,0.7469654773790131,80.94485275622856,1809247000.0,0.49525277413209645,0.3508771929824561,1.0,0.0,0.0,0.005685551841375961,0.008514042455929793,-0.002824938557586365,-0.01120479565253929,-0.002993927411382602,-0.0028531073446327326,0.060030030030030046,0.28597839888273224,-0.032904109589041095,0.42271573092579906,1,0,57.439487507467106,60.721191335839634,63.25052704426538,62.96596246283407,-2031.5980673034574,-1541.3527587295848,-1228.3690697764232,-370.2650798037921,0.006288502291656399,2.8450202301611522,10.343073061603098,1.3077215783310594,-0.011243255459193802,-0.008403596739404495,0.01997142857142853,-0.030000000000000027,41.05973299605399,43.030504208726704,44.420519454300674,47.92414199182169,0.02408406702641286,0,3.0
2025-01-21,348000.0,352440.0,348000.0,348260.0,36353306160,104387,11,352100.0,352440.0,58.72931975868197,52.193076167840346,53.687943262411345,51.46572104018912,-46.312056737588655,-0.7211267605633803,5.205970149253732,-2271.2325192035787,0.026592839043148627,37.17347523763015,37.906938677682156,31.529584277517998,6.377354400164158,5.957198751349841,0.993216794843975,1.0049385813839433,1.102456096009149,1.0019320199071706,1.0293584702962677,1.1099853543881468,0.5635799117942016,7.767518457604597,0.017919231446496323,0.012597889002383384,0.018979627177926114,0.016041059479760054,0.012847224423966437,0.676895510303182,1.9301776668753021,0.7305706299226926,0.5255348188805116,73.13995331844056,3304846014.5454545,0.877088462656702,2.0,1.0,0.0,0.0,-0.014136377801070852,-0.0015581177937051827,0.006942658781177613,-0.004378654764258916,0.006971428571428628,-0.007211267605633842,0.05205970149253725,-0.22499151248008883,-0.03441095890410959,0.4204989722300592,0,1,59.21677835709923,57.439487507467106,60.721191335839634,59.61048806375735,-2158.4466926435307,-2031.5980673034574,-1541.3527587295848,-1130.1981561440261,0.20095461753703983,0.006288502291656399,2.8450202301611522,0.34426620254815454,0.008514042455929793,-0.011243255459193802,-0.008403596739404495,-0.011439062279339107,39.32647810206456,41.05973299605399,43.030504208726704,45.91745894953417,0.029030035031298418,0,3.0
2025-01-22,358700.0,358700.0,355410.0,355840.0,3149854920,8852,3,348260.0,358690.0,62.50636761375959,61.50143912404989,70.40417209908735,59.91013774461303,-29.595827900912646,1.611898016997167,4.883183718822188,-1930.154924237415,0.02573508895222647,35.81610310413427,42.30605202403623,29.295804656309794,13.010247367726432,85.06923404923761,1.0092117406081886,1.020330372102417,1.1152262632380459,1.0166186915395172,1.0439308159380314,1.105046858220227,0.7661496706828315,7.638698950954032,0.017595954545517045,0.009172265744793554,0.018834318011731112,0.01690614286481886,0.012055495588575096,0.6400813441222682,0.16250237502765127,0.1649430748877336,-0.26568856708989397,73.36467403248155,1049951640.0,0.2752422380949378,0.5454545454545454,0.00303951367781155,0.0,0.9969604863221885,0.0177618885484054,0.017733514924526128,0.016147766225672155,0.024799291448815763,0.004762038152329229,0.01611898016997171,0.04883183718822193,0.8058686021745529,-0.017287671232876712,0.44568941195437506,1,0,58.72931975868197,59.21677835709923,57.439487507467106,63.25052704426538,-2271.2325192035787,-2158.4466926435307,-2031.5980673034574,-1228.3690697764232,1.9301776668753021,0.20095461753703983,0.006288502291656399,10.343073061603098,-0.0015581177937051827,0.008514042455929793,-0.011243255459193802,0.01997142857142853,37.17347523763015,39.32647810206456,41.05973299605399,44.420519454300674,-0.010538444244604261,0,1.0
2025-01-25,356400.0,366510.0,356400.0,365700.0,939485100,2569,4,355840.0,363000.0,64.89249056264477,66.71542206831532,84.29530201342281,69.46247245830718,-15.704697986577182,0.8333333333333334,3.0664395229982966,-1441.8914348901344,0.025781569385396306,35.24154531801671,46.139535009463835,26.0819670540413,20.057567955422535,125.4939287332507,1.0204770097493505,1.031006893260964,1.1218252808117195,1.0242905233597481,1.0520734877027087,1.099314604928985,0.8809827959195777,8.138659696200385,0.01813447622335884,0.027851239669421487,0.01787124175044314,0.016139782155019277,0.0115165527802248,0.6444181630489797,0.04708064278180807,0.10161861966393469,-0.11505478436237382,73.37918470603861,234871275.0,0.061410642841136995,0.7476635514018692,0.6528189910979229,0.34718100890207715,0.0,-0.006384343026011319,0.012015946917951492,0.029962546816479474,0.02835774384543477,0.02545269640385328,0.008333333333333304,0.030664395229982988,0.5792744581925737,-0.005479452054794521,0.4630607391882633,2,0,62.50636761375959,58.72931975868197,59.21677835709923,60.721191335839634,-1930.154924237415,-2271.2325192035787,-2158.4466926435307,-1541.3527587295848,0.16250237502765127,1.9301776668753021,0.20095461753703983,2.8450202301611522,0.017733514924526128,-0.0015581177937051827,0.008514042455929793,-0.008403596739404495,35.81610310413427,37.17347523763015,39.32647810206456,43.030504208726704,-0.029067541700847688,0,0.0
2025-01-26,365310.0,366500.0,363330.0,363710.0,8689498280,23891,13,365700.0,363330.0,65.07575730130074,67.11328100502976,85.77181208053692,80.15709539768237,-14.228187919463087,-0.4575342465753425,5.121083239302144,-1137.6781970877,0.025812631424405826,34.70802737376469,44.3265909612608,25.057137763361343,19.269453197899455,136.94735503311765,1.0218844659948418,1.0293567688855647,1.1161080443457345,1.0212589452965997,1.0489096519988064,1.0922057057195431,0.850009420722759,8.387422494212828,0.01751194178020579,0.008724850686703547,0.01722431865860696,0.015492363562390024,0.007931485453121187,0.46048181123018406,0.433106908935334,0.7964941057235824,-0.08153411375782438,73.79909742168675,668422944.6153846,0.17443964362458653,2.3214285714285716,0.6246056782334385,0.3753943217665615,0.0,0.006363636363636364,0.0009090909090909705,0.012935961415149633,0.030898876404494402,0.03805605554127034,-0.004575342465753418,0.05121083239302138,-0.1005941305828154,-0.004575342465753425,0.46439079440570713,3,0,64.89249056264477,62.50636761375959,58.72931975868197,57.439487507467106,-1441.8914348901344,-1930.154924237415,-2271.2325192035787,-2031.5980673034574,0.04708064278180807,0.16250237502765127,1.9301776668753021,0.006288502291656399,0.012015946917951492,0.017733514924526128,-0.0015581177937051827,-0.011243255459193802,35.24154531801671,35.81610310413427,37.17347523763015,41.05973299605399,-0.022820378873278147,0,0.0
2025-01-27,360590.0,360590.0,360360.0,360580.0,1875022000,5200,2,363710.0,360360.0,61.94178922015276,59.629263298994594,72.48322147651007,80.85011185682326,-27.516778523489933,1.7822341477192485,2.2587968217934167,-1172.776743780294,0.025114359648106623,33.763539652096384,42.79010830758854,27.654865342813125,15.135242964775415,81.13735587148842,1.0117356392835084,1.0197925097490987,1.10110984881587,1.01090284971275,1.0372363915773821,1.088337512352194,0.7309154069139102,8.57132489062443,0.016983805775777436,0.0006382506382506383,0.016902449911472852,0.01199343703807715,0.010504230260935239,0.6214619960982873,0.09417534543788365,0.1794353308166378,-0.10154862507741758,73.01081924173386,937511000.0,0.2424580505063954,0.37037037037037035,1.0,0.0,0.0,-0.007541353590399912,-0.008174386920980936,-0.0072727272727273196,0.004655830940366368,0.02087877843564967,0.017822341477192527,0.022587968217934185,-0.557792088725131,-0.012712328767123287,0.45242029744871226,0,1,65.07575730130074,64.89249056264477,62.50636761375959,59.21677835709923,-1137.6781970877,-1441.8914348901344,-1930.154924237415,-2158.4466926435307,0.433106908935334,0.04708064278180807,0.16250237502765127,0.20095461753703983,0.0009090909090909705,0.012015946917951492,0.017733514924526128,0.008514042455929793,34.70802737376469,35.24154531801671,35.81610310413427,39.32647810206456,0.001636252703976826,0,1.0
2025-01-29,358450.0,358450.0,358000.0,358370.0,21502500000,60000,2,360580.0,358000.0,59.49012788609296,54.042455248928576,61.92393736017897,73.39299030574199,-38.07606263982103,2.2857142857142856,5.365394237278158,-1377.107649261363,0.02374749392456786,32.53589540233039,41.55742312218301,29.738963262992186,11.818459859190824,49.68871751616614,1.0028573029301362,1.0105073000684492,1.0884376905906081,1.0036212175637702,1.0281250237684816,1.0853365552710483,0.6338564004407359,7.84968072789408,0.016345509824754398,0.0012569832402234637,0.014636311154332182,0.011480932108775604,0.011386518412594032,0.7779636748993104,1.0309358062046872,2.9847182425978986,-0.04766552478645569,69.17357429231053,10751250000.0,2.442690963534569,0.37037037037037035,1.0,0.0,0.0,-0.0053002553002553,-0.006549006549006586,-0.014669859356507886,-0.01377410468319562,0.01577573487685857,0.02285714285714291,0.05365394237278154,-0.6331663609363154,-0.019178082191780823,0.4429083874088106,0,2,61.94178922015276,65.07575730130074,64.89249056264477,58.72931975868197,-1172.776743780294,-1137.6781970877,-1441.8914348901344,-2271.2325192035787,0.09417534543788365,0.433106908935334,0.04708064278180807,1.9301776668753021,-0.008174386920980936,0.0009090909090909705,0.012015946917951492,-0.0015581177937051827,33.763539652096384,34.70802737376469,35.24154531801671,37.17347523763015,0.012138292825850439,0,2.0
2025-02-01,350460.0,352990.0,350460.0,352090.0,592568210,1683,4,358370.0,352000.0,53.67362932423481,42.29001222956698,35.07829977628635,56.4951528709918,-64.92170022371364,-1.397798257654276,3.5294117647058822,-1905.9563443526622,0.021296207510840427,30.379607039151495,37.80978989234596,36.07507787876725,1.734712013578708,-37.779501534518246,0.9874299051001315,0.9918915682172017,1.0655307463134756,0.9888086783410486,1.0100787910639033,1.0790950737970855,0.38336801043958335,6.952150789297848,0.016966721332063103,0.0071875,0.015269911575624477,0.01107533828143516,0.010804267333783384,0.7075527111126401,0.02887847532631991,0.09015137717879221,-0.06356937070679114,68.877879998139,148142052.5,0.03361438393880458,0.7207207207207208,0.6086956521739131,0.391304347826087,0.0,-0.021061452513966482,-0.016759776536312887,-0.023199023199023228,-0.031183772328186476,-0.018651202988653193,-0.013977982576542813,0.03529411764705892,-1.2184847642332666,-0.03561643835616438,0.41872556527346744,0,3,59.49012788609296,61.94178922015276,65.07575730130074,62.50636761375959,-1377.107649261363,-1172.776743780294,-1137.6781970877,-1930.154924237415,1.0309358062046872,0.09417534543788365,0.433106908935334,0.16250237502765127,-0.006549006549006586,-0.008174386920980936,0.0009090909090909705,0.017733514924526128,32.53589540233039,33.763539652096384,34.70802737376469,35.81610310413427,0.027578176034536606,0,3.0
2025-02-02,353430.0,357000.0,353430.0,355070.0,8308330430,23399,9,352090.0,357000.0,57.41061575542934,52.36194173563526,57.4496644295302,51.48396718866517,-42.5503355704698,0.8503065058334982,5.840498072932108,-1904.145018501189,0.019669580154179293,28.833081259825178,40.37458192782514,33.892378803018936,6.482203124806205,4.25696799842854,1.0006110173719527,1.0031964593066143,1.0754437335068503,1.002414079764481,1.0225762818502324,1.0747870199665015,0.5608371953020385,5.254120099956527,0.016534557185978543,0.01,0.015325658255409765,0.01176206802580388,0.011614682834407851,0.757858660348766,0.393613433221216,1.024716877019961,-0.030688049469267287,59.69527266546949,923147825.5555556,0.20732847554099273,1.5126050420168067,1.0,0.0,0.0,0.0040625,0.014204545454545414,-0.0027932960893854997,-0.009324009324009341,-0.016528925619834656,0.00850306505833509,0.05840498072932099,0.7341205905164027,-0.021917808219178082,0.43887791705292006,1,0,53.67362932423481,59.49012788609296,61.94178922015276,64.89249056264477,-1905.9563443526622,-1377.107649261363,-1172.776743780294,-1441.8914348901344,0.02887847532631991,1.0309358062046872,0.09417534543788365,0.04708064278180807,-0.016759776536312887,-0.006549006549006586,-0.008174386920980936,0.012015946917951492,30.379607039151495,32.53589540233039,33.763539652096384,35.24154531801671,0.009913538175571057,0,2.0
2025-02-04,359370.0,361500.0,359370.0,361170.0,18526812250,51297,8,355410.0,361500.0,60.27248230209473,60.0372365038025,72.93354943273906,60.23959477735597,-27.06645056726094,2.410833168078416,2.11864406779661,-1621.4603804820863,0.017711894145269715,26.736373499058537,44.22517728980512,30.638885955417685,13.586291334387433,74.80400038032991,1.0092888073640391,1.0136328714270493,1.0780033052803972,1.0129745816718616,1.0314811047256829,1.068082096437609,0.7781718288009575,4.900881403344446,0.015574412717724384,0.005892116182572614,0.013892431327165208,0.012054932940538237,0.014460625261635012,1.0408995316290504,0.8334030584269206,1.8782541832961077,0.01953441233938169,64.63910077690755,2315851531.25,0.5090112836764502,1.4035087719298245,1.0,0.0,0.0,0.011142061281337047,0.017135139697813884,0.012605042016806678,0.026988636363636465,0.003163503163503112,0.02410833168078419,0.021186440677966045,1.1513106961787392,-0.009589041095890411,0.45701503365442747,1,0,55.86727254399302,57.41061575542934,53.67362932423481,61.94178922015276,-1986.0396977023556,-1904.145018501189,-1905.9563443526622,-1172.776743780294,0.0029654016813490556,0.393613433221216,0.02887847532631991,0.09417534543788365,-0.004453781512605004,0.014204545454545414,-0.016759776536312887,-0.008174386920980936,27.397021607593597,28.833081259825178,30.379607039151495,33.763539652096384,-0.04200238115015087,0,0.0
2025-02-05,372000.0,372000.0,360840.0,362720.0,6367253720,17554,8,361170.0,362500.0,60.96155606417227,61.60875045070086,60.416666666666664,61.22859552306813,-39.583333333333336,2.854386562251731,2.112676056338028,-1317.287934828183,0.017593655711618927,27.06311083446109,50.82197125724422,26.585235817327284,24.236735439916938,129.54575764850264,1.0092460862132808,1.015369188236843,1.0759013530535417,1.0133172126132293,1.0317105001213278,1.066044612657705,0.8026973906268814,5.077410216524687,0.01662107439742773,0.030786206896551725,0.01389206354978932,0.011972444858957177,0.013879101786312863,0.9990669662984192,0.28524560062203497,0.9326419364779139,0.15137118436300545,30.71947713149852,795906715.0,0.17745215638966857,1.3445378151260503,0.8512544802867383,0.0,0.14874551971326164,0.029045643153526972,0.0027662517289073207,0.019948791536535282,0.01540616246498594,0.012569832402234526,0.028543865622517206,0.021126760563380254,0.11722860031257024,-0.00684931506849315,0.461045504010318,2,0,60.27248230209473,55.86727254399302,57.41061575542934,59.49012788609296,-1621.4603804820863,-1986.0396977023556,-1904.145018501189,-1377.107649261363,0.8334030584269206,0.0029654016813490556,0.393613433221216,1.0309358062046872,0.017135139697813884,-0.004453781512605004,0.014204545454545414,-0.006549006549006586,26.736373499058537,27.397021607593597,28.833081259825178,32.53589540233039,-0.04284296426996026,0,0.0
2025-02-09,364500.0,364500.0,359740.0,361800.0,709119240,1960,3,362720.0,361500.0,59.84372143396589,58.90621955112478,56.25,63.200072033135235,-43.75,0.7834062839778081,2.4079320113314444,-1191.5555301906406,0.017166096037487533,27.199374394890615,47.91038035915317,26.3860962175121,21.524284141641072,71.21419481860309,1.0056751794358203,1.0113642086179981,1.0685049089154985,1.0088887193085425,1.0266692766405492,1.0624751716701661,0.7239719096721811,5.073943707776316,0.016417074312957556,0.013167358229598894,0.013833053223916729,0.01084917898340525,0.00982125232629163,0.7099844240685148,0.03180955812304132,0.10382895768440234,0.15133383154341562,44.688230114594084,236373080.0,0.05265010961802658,0.49586776859504134,0.6302521008403361,0.0,0.3697478991596639,0.005517241379310344,-0.0027586206896551557,0.0,0.017135139697813884,0.026988636363636465,0.007834062839778166,0.024079320113314484,-0.2920602049404817,-0.009589041095890411,0.45701503365442747,0,1,60.96155606417227,60.27248230209473,55.86727254399302,53.67362932423481,-1317.287934828183,-1621.4603804820863,-1986.0396977023556,-1905.9563443526622,0.28524560062203497,0.8334030584269206,0.0029654016813490556,0.02887847532631991,0.0027662517289073207,0.017135139697813884,-0.004453781512605004,-0.016759776536312887,27.06311083446109,26.736373499058537,27.397021607593597,30.379607039151495,-0.036733001658374786,0,0.0
2025-02-11,362000.0,362000.0,358540.0,358590.0,363608000,1014,2,361800.0,358540.0,56.53891965322743,51.156785052350116,43.916666666666664,53.52777777777777,-56.083333333333336,-1.2286501377410468,-0.40555555555555556,-1306.6238117206367,0.01607580599958607,27.137003546009076,45.853970744053306,26.7421765197559,19.111794224297405,37.491271245618044,0.9986797172255121,1.0032879548920572,1.0554631862541919,1.0005311915118145,1.016887155686823,1.0568585383774822,0.5652217353191358,5.041195049424679,0.016059583057826586,0.009650248228928432,0.013262703067444552,0.010407612896923785,0.009895766681140207,0.7461349794847602,0.016537605928748034,0.07041568867099068,0.10616387445383801,44.586745837919345,181804000.0,0.04064321328426901,0.3389830508474576,1.0,0.0,0.0,0.0013831258644536654,-0.008188105117565736,-0.010924137931034528,-0.008188105117565736,0.004313725490196152,-0.012286501377410497,-0.00405555555555559,-0.6083723713107355,-0.0176986301369863,0.44508484140099147,0,2,59.84372143396589,60.96155606417227,60.27248230209473,57.41061575542934,-1191.5555301906406,-1317.287934828183,-1621.4603804820863,-1904.145018501189,0.03180955812304132,0.28524560062203497,0.8334030584269206,0.393613433221216,-0.0027586206896551557,0.0027662517289073207,0.017135139697813884,0.014204545454545414,27.199374394890615,27.06311083446109,26.736373499058537,28.833081259825178,-0.014780110990267437,0,1.0
2025-02-15,352800.0,352800.0,349500.0,351880.0,1975811990,5615,10,358590.0,349500.0,47.84823234273798,34.83037962217874,6.25,35.47222222222222,-93.75,-3.8064569399719264,-4.2465753424657535,-1951.6225648383606,0.013250114703188199,25.792092496929204,40.91293842689854,34.63613351904691,6.276804907851634,-99.48241431307828,0.9772642751886721,0.9801172214588183,1.0258520589247073,0.9790240567819143,0.9918910470253459,1.0497181621897054,0.10228685554031915,4.999276191435361,0.01714572610345205,0.00944206008583691,0.013953133624470065,0.012821453690446587,0.015481964845926545,1.1095690231745017,0.11742096304010506,0.36253873966942146,0.09740289127961099,41.95680930622734,197581199.0,0.04791137941719026,1.7543859649122806,1.0,0.0,0.0,-0.016009371339320577,-0.02521336531488816,-0.03319502074688796,-0.035862068965517246,-0.016628682366843894,-0.03806456939971925,-0.042465753424657526,-1.6583235153489604,-0.04246575342465753,0.40864938938374107,0,3,56.53891965322743,59.84372143396589,60.96155606417227,55.86727254399302,-1306.6238117206367,-1191.5555301906406,-1317.287934828183,-1986.0396977023556,0.016537605928748034,0.03180955812304132,0.28524560062203497,0.0029654016813490556,-0.008188105117565736,-0.0027586206896551557,0.0027662517289073207,-0.004453781512605004,27.137003546009076,27.199374394890615,27.06311083446109,27.397021607593597,0.01631237922018869,0,2.0
2025-02-16,346000.0,348450.0,344000.0,346000.0,3475930750,10046,4,351880.0,344000.0,43.470216176038186,28.397462974336833,0.0,16.72222222222222,-100.0,-4.53990453990454,-2.8385821211693263,-2664.5968981272354,0.009452882357394164,24.017540608995628,38.21487514133038,38.946648850771226,-0.7317737094408443,-155.98557869178254,0.9663057065408222,0.9660546916137185,1.0068512716765712,0.9690414238836116,0.9780001345346468,1.0419593559898284,-0.07928223489806015,5.859891144815623,0.01731760933368654,0.012936046511627906,0.012764594131025686,0.013321464329454361,0.010987533038695176,0.8607820135846563,0.21481142524793337,1.3879908259415845,-0.0016134689582603112,60.12858020437345,868982687.5,0.21084478873064627,0.7547169811320755,0.449438202247191,0.550561797752809,0.0,-0.010014306151645207,-0.01573676680972813,-0.04055335527416748,-0.048409405255878335,-0.048409405255878335,-0.04539904539904538,-0.028385821211693307,-1.1261911353434808,-0.057534246575342465,0.38648180242634317,0,4,47.84823234273798,56.53891965322743,59.84372143396589,60.27248230209473,-1951.6225648383606,-1306.6238117206367,-1191.5555301906406,-1621.4603804820863,0.11742096304010506,0.016537605928748034,0.03180955812304132,0.8334030584269206,-0.02521336531488816,-0.008188105117565736,-0.0027586206896551557,0.017135139697813884,25.792092496929204,27.137003546009076,27.199374394890615,26.736373499058537,0.06072254335260108,1,4.0
2025-02-17,347000.0,350000.0,347000.0,347180.0,1162718000,3349,7,346000.0,350000.0,48.95703478212712,42.02521477426511,21.428571428571427,9.226190476190476,-78.57142857142857,-2.2346368715083798,0.0,-2642.825426249862,0.007465304703595715,22.416564763552834,37.32458409417896,36.14620175572554,1.1783823384534173,-104.4366036373817,0.9853742310561804,0.982904482746516,1.0211053728230763,0.988080099408356,0.9954226544610676,1.036261493999693,0.2082622043481331,5.859891144815623,0.017029458967397187,0.008571428571428572,0.013191025661285499,0.014979612329465257,0.01600627845604423,1.2134218268577288,0.07194213695428484,0.7616903202328966,-0.022232920605231077,59.06110206615635,166102571.42857143,0.04036630592605244,1.346153846153846,1.0,0.0,0.0,0.00872093023255814,0.01744186046511631,0.0014306151645206988,-0.023818820773135463,-0.03448275862068961,-0.022346368715083775,0.0,1.3159862490413368,-0.0410958904109589,0.41066462456168634,1,0,43.470216176038186,47.84823234273798,56.53891965322743,60.96155606417227,-2664.5968981272354,-1951.6225648383606,-1306.6238117206367,-1317.287934828183,0.21481142524793337,0.11742096304010506,0.016537605928748034,0.28524560062203497,-0.01573676680972813,-0.02521336531488816,-0.008188105117565736,0.0027662517289073207,24.017540608995628,25.792092496929204,27.137003546009076,27.06311083446109,0.06400138256812027,1,4.0
2025-02-23,356700.0,357870.0,351000.0,353290.0,832356030,2356,7,348510.0,357870.0,55.3592018699314,56.492526506937935,49.535714285714285,29.023809523809522,-50.464285714285715,0.24369747899159666,1.0960761603435125,-1934.4045991122985,0.006089546281886757,20.606780031066457,43.79434096463072,31.450019072924658,12.344321891706063,-3.2248382345755764,1.0082748011596554,1.00565535361767,1.038287862241683,1.0108183644341502,1.0170789176472463,1.029766747168042,0.5919666075141589,6.149355478616866,0.01650500292720512,0.019196915080895296,0.01370383056705377,0.016060565263109262,0.021947922298639674,1.601590313835756,0.1408905526784753,0.5387359370712522,-0.015273933081591973,53.44418327010296,118908004.28571428,0.09531111268971418,1.3333333333333333,0.1703056768558952,0.0,0.8296943231441049,0.023500043040371867,0.026857192046139344,0.02248571428571422,0.0403197674418605,-0.0018686896859485547,0.002436974789916002,0.010960761603435065,1.9135473812133743,-0.019534246575342466,0.4423844262625448,1,0,47.71838448397957,48.95703478212712,43.470216176038186,56.53891965322743,-2633.6415828767085,-2642.825426249862,-2664.5968981272354,-1306.6238117206367,0.02098248382250497,0.07194213695428484,0.21481142524793337,0.016537605928748034,-0.004257142857142848,0.01744186046511631,-0.01573676680972813,-0.008188105117565736,20.929944335641668,22.416564763552834,24.017540608995628,27.137003546009076,0.029664015398114918,0,3.0
2025-02-24,355000.0,358000.0,355000.0,357620.0,1419750000,3970,3,353290.0,358000.0,55.45657220017901,56.686889488862334,50.0,38.547619047619044,-50.0,0.7287358262288625,2.2827919202308506,-1423.9389712907027,0.006518845846083057,20.3201036981015,42.31058292308453,30.267479104806295,12.043103818278237,12.50898283821204,1.0079055834590869,1.0048925354449176,1.0358880222409208,1.0094484407546978,1.0161350552728987,1.0277629564128412,0.581927000547369,5.971822979273828,0.015919072260228578,0.008379888268156424,0.013417127526633672,0.01597216331230658,0.0171006015273858,1.2745352157859609,0.2348452358065041,0.9816527372533506,-0.0012828632447161592,55.980954387371945,473250000.0,0.3728186178728693,0.5714285714285714,1.0,0.0,0.0,-0.008019671947914047,0.0003632604018219965,0.027230208602335715,0.02285714285714291,0.024320457796852546,0.007287358262288546,0.022827919202308422,-0.06345086468774151,-0.019178082191780823,0.4429083874088106,2,0,55.3592018699314,47.71838448397957,48.95703478212712,47.84823234273798,-1934.4045991122985,-2633.6415828767085,-2642.825426249862,-1951.6225648383606,0.1408905526784753,0.02098248382250497,0.07194213695428484,0.11742096304010506,0.026857192046139344,-0.004257142857142848,0.01744186046511631,-0.02521336531488816,20.606780031066457,20.929944335641668,22.416564763552834,25.792092496929204,0.02063642972988089,0,2.0
2025-02-25,363950.0,367050.0,363950.0,367010.0,9643905940,26277,7,357620.0,367050.0,61.716833425073375,68.21822979312678,82.32142857142857,60.61904761904761,-17.678571428571427,1.5352697095435683,3.9831156689991216,-486.0520177775438,0.008582266072650885,20.912161554042513,48.59045353010838,26.972665913583377,21.617787616525,127.47609880851839,1.0317725799514823,1.0282664724338861,1.0587384210851196,1.0294288287193583,1.0386047271130168,1.0261354504448115,0.9385413525548029,6.445566026832965,0.01617867598791597,0.008445715842528265,0.014385926777962396,0.017065529497905758,0.014317264846557279,0.9952271457748346,1.4841779748372612,3.6043289805771974,0.053000131558489816,86.30830985627266,1377700848.5714285,1.104097952564619,1.2727272727272727,1.0,0.0,0.0,0.016620111731843575,0.02527932960893864,0.025651772990191946,0.053197899629852774,0.06700581395348837,0.01535269709543563,0.039831156689991154,1.614527646689813,0.0,0.47938414412961994,3,0,55.45657220017901,55.3592018699314,47.71838448397957,43.470216176038186,-1423.9389712907027,-1934.4045991122985,-2633.6415828767085,-2664.5968981272354,0.2348452358065041,0.1408905526784753,0.02098248382250497,0.21481142524793337,0.0003632604018219965,0.026857192046139344,-0.004257142857142848,-0.01573676680972813,20.3201036981015,20.606780031066457,20.929944335641668,24.017540608995628,-0.013650854200157991,0,1.0
2025-02-26,363000.0,371000.0,363000.0,369400.0,3951448940,10697,6,367010.0,371000.0,64.08912469976978,72.01243516133016,96.42857142857143,76.25,-3.5714285714285716,2.344827586206897,5.266144591987289,346.2064836606637,0.010967468690889168,21.785328748700685,48.66412108709455,24.439979221955827,24.224141865138723,142.0450252239041,1.040390132278174,1.0366371602288984,1.0660729607690898,1.0340628817388906,1.0459247692275233,1.0246857670926552,1.011568733665718,7.161727802707893,0.016403346029599395,0.0215633423180593,0.014486573254815737,0.01730890946495469,0.014125515351459093,0.9750763761031879,0.8215664061749967,1.2211187214611872,0.06366650650871031,88.1521253201612,658574823.3333334,0.5903889370595836,1.1428571428571428,1.0,0.0,0.0,-0.011033919084593379,0.010761476638060152,0.036312849162011274,0.036689300584010986,0.06000000000000005,0.02344827586206888,0.052661445919872873,0.5586306486331143,0.0,0.4953045020353875,4,0,61.716833425073375,55.45657220017901,55.3592018699314,48.95703478212712,-486.0520177775438,-1423.9389712907027,-1934.4045991122985,-2642.825426249862,1.4841779748372612,0.2348452358065041,0.1408905526784753,0.07194213695428484,0.02527932960893864,0.0003632604018219965,0.026857192046139344,0.01744186046511631,20.912161554042513,20.3201036981015,20.606780031066457,22.416564763552834,-0.025365457498646493,0,0.0
2025-03-02,375000.0,380000.0,375000.0,375020.0,1882980000,5021,3,369400.0,380000.0,68.82875440348737,78.75460589527157,100.0,92.91666666666667,-0.0,5.117565698478561,5.941063313724944,1390.1208794867543,0.014369409210572791,23.239259767414875,53.90764983624374,21.943640669023836,31.964009167219906,218.63575568435138,1.0601288335514036,1.0586329427070638,1.08768392592071,1.0495969613596812,1.0656694825341466,1.0259922110381599,1.1559695422440883,8.938363587199332,0.016562657500142457,0.013157894736842105,0.014910975577472969,0.018474060232549515,0.011541569556959464,0.7740318195139494,0.3913880595851489,0.519546367003994,0.07193268954511556,86.64595350064401,627660000.0,0.5735309612046177,0.5714285714285714,1.0,0.0,0.0,0.01078167115902965,0.0242587601078168,0.035281296826045416,0.06145251396648055,0.0903560873432614,0.051175656984785656,0.05941063313724948,1.426041167723823,0.0,0.5315787352384023,5,0,64.08912469976978,61.716833425073375,55.45657220017901,47.71838448397957,346.2064836606637,-486.0520177775438,-1423.9389712907027,-2633.6415828767085,0.8215664061749967,1.4841779748372612,0.2348452358065041,0.02098248382250497,0.010761476638060152,0.02527932960893864,0.0003632604018219965,-0.004257142857142848,21.785328748700685,20.912161554042513,20.3201036981015,20.929944335641668,-0.05338381952962512,0,0.0
2025-03-03,363770.0,370000.0,363770.0,363770.0,9336188200,25665,5,375020.0,370000.0,59.44128032278052,60.013741544903816,72.22222222222223,89.55026455026456,-27.77777777777778,3.196296089697105,1.9283746556473829,1296.2693926305255,0.015379976652213688,23.033663046090755,44.98436185266284,29.764763044118077,15.219598808544767,94.5833554529205,1.0289410528013616,1.0297700968679682,1.0553078275889411,1.0185324107321654,1.0347416434363463,1.0256251558005138,0.8207695510942076,9.280836278386321,0.018928480318668676,0.01683783783783784,0.01610605107883536,0.020685982300243357,0.021213499632291688,1.3171136443350737,1.8353774090892838,1.791497975708502,0.03011382432217946,73.08383088472783,1867237640.0,1.5877912941425756,0.9433962264150944,1.0,0.0,0.0,-0.04271052631578948,-0.02631578947368418,-0.0026954177897574594,0.008037052172728432,0.03389498980076566,0.03196296089697115,0.019283746556473913,-1.700869915501295,-0.02631578947368421,0.491274031679497,0,1,68.82875440348737,64.08912469976978,61.716833425073375,55.3592018699314,1390.1208794867543,346.2064836606637,-486.0520177775438,-1934.4045991122985,0.3913880595851489,0.8215664061749967,1.4841779748372612,0.1408905526784753,0.0242587601078168,0.010761476638060152,0.02527932960893864,0.026857192046139344,23.239259767414875,21.785328748700685,20.912161554042513,20.606780031066457,-0.03966792203865077,0,0.0
2025-03-08,360000.0,362000.0,360000.0,360030.0,1224100000,3400,3,362000.0,360000.0,51.46595832109566,45.757586298995115,44.44444444444444,50.925925925925924,-55.55555555555556,2.857142857142857,0.5586592178770949,-315.9819710262782,0.011831701779247345,21.49078775948886,40.312933282609826,32.136929229754635,8.176004052855191,14.751888231283562,0.9891658858667429,1.0011986572813563,1.0193847333544384,0.9923073906246384,1.0040961675573383,1.0305498278089287,0.5128340034680525,9.33969890486697,0.01738112686896925,0.005555555555555556,0.016413748265571567,0.01815970291047244,0.01864023403003299,1.1356476125036934,0.3505010102676178,0.49831452440275537,-0.03366603594418871,53.128149764184435,408033333.3333333,0.7046398289849629,0.6382978723404255,0.0,1.0,0.0,-0.0055248618784530384,-0.0055248618784530246,-0.013698630136986356,-0.027027027027026973,-0.029649595687331498,0.02857142857142847,0.005586592178770999,-0.361356071791653,-0.05263157894736842,0.45096932812059165,0,4,53.03025272641677,55.37456426773733,59.44128032278052,64.08912469976978,229.93054083889547,810.3420016545133,1296.2693926305255,346.2064836606637,0.0011172827683074763,0.0011728187525899747,1.8353774090892838,0.8215664061749967,-0.008219178082191747,-0.013513513513513487,-0.02631578947368418,0.010761476638060152,22.275844420671053,22.842751804861216,23.033663046090755,21.785328748700685,-0.007249395883676346,0,1.0
2025-03-12,348000.0,351000.0,348000.0,349340.0,4021300000,11511,5,355000.0,351000.0,44.8372292605846,34.53584901283777,19.444444444444443,31.481481481481477,-80.55555555555556,-1.9196915080895296,-1.680672268907563,-1674.7636265207811,0.006357103942234754,19.289992457531213,34.928910901477295,41.200429752476396,-6.271518850999101,-92.83344786920841,0.9645374479603193,0.9765760852932093,0.9910483767135819,0.9751011681172714,0.9811833465592924,1.0274856396807863,0.251927678941189,9.44237333968328,0.01774038837589524,0.008547008547008548,0.01613893536296222,0.017009495971682515,0.0035744831936330777,0.2214819697361375,1.2414998085603197,2.8864092276830493,-0.028715065616949143,48.401601302170526,804260000.0,1.2288815573575835,1.149425287356322,1.0,0.0,0.0,-0.01971830985915493,-0.011267605633802802,-0.025000000000000022,-0.03038674033149169,-0.05135135135135138,-0.01919691508089527,-0.01680672268907568,-0.6533199336137804,-0.07631578947368421,0.4146950949175769,0,6,47.679354616401255,51.46595832109566,53.03025272641677,59.44128032278052,-1002.3863787197952,-315.9819710262782,229.93054083889547,1296.2693926305255,0.5067781578613961,0.3505010102676178,0.0011172827683074763,1.8353774090892838,-0.01388888888888884,-0.0055248618784530246,-0.008219178082191747,-0.02631578947368418,20.140147363626323,21.49078775948886,22.275844420671053,23.033663046090755,0.0314879487032691,0,3.0
2025-03-16,360000.0,360000.0,357000.0,359770.0,60441000,168,3,359820.0,360000.0,51.80858679293648,50.09663165562035,37.5,31.930976430976433,-62.5,-1.9207192480588478,-0.4149377593360996,-1302.8883825512867,0.005297808546923301,17.053792150488317,39.88676068902725,39.12726116692672,0.7594995221005263,-2.635491758802972,0.9906929897463276,1.0012111874225627,1.012957983628348,1.00013939173585,1.0054669054088528,1.022474161130101,0.5129239056849131,9.371682617403131,0.017134383476044925,0.008333333333333333,0.016666111113654042,0.01698481663103808,0.015628138494503445,0.9377195668460282,0.025049203793165144,0.04182642035552457,-0.028426798006854992,51.446316695371245,20147000.0,0.03743487690219723,0.7407407407407408,0.0,0.0,1.0,0.0005002501250625312,0.0005002501250626068,0.02564102564102555,0.014084507042253502,-0.0055248618784530246,-0.019207192480588442,-0.004149377593360981,0.03459791679070806,-0.05263157894736842,0.45096932812059165,2,0,51.67725498332432,44.8372292605846,47.679354616401255,53.03025272641677,-1481.1422206547322,-1674.7636265207811,-1002.3863787197952,229.93054083889547,0.0004318138882141797,1.2414998085603197,0.5067781578613961,0.0011172827683074763,0.025128205128205128,-0.011267605633802802,-0.01388888888888884,-0.008219178082191747,18.291682224279562,19.289992457531213,20.140147363626323,22.275844420671053,0.020874447563721255,0,2.0
2025-03-17,358010.0,358010.0,357000.0,357420.0,243042800,680,2,359770.0,357000.0,49.39885531905276,45.2345196105753,28.125,34.82449494949495,-71.875,-3.7735849056603774,-1.5172413793103448,-1343.5816237150902,0.004287457786554096,15.904322796253592,38.44834126131644,37.71623125014772,0.7321100111687215,-16.59013936406564,0.9862368847069743,0.9936277013383358,1.0032745532477432,0.9930569281901499,0.9973031354370481,1.0172754323073516,0.43197155967914846,9.36710974352739,0.016644440709861996,0.0028291316526610644,0.016751061244355183,0.016480556371306146,0.015879399571804887,0.9479637940644489,0.11597960123484163,0.19581869492599205,-0.024630235317954163,51.34382284604187,121521400.0,0.24088987403275758,0.5333333333333333,1.0,0.0,0.0,-0.005527777777777778,-0.008333333333333304,-0.007837251959312952,0.017094017094017033,-0.008333333333333304,-0.037735849056603765,-0.015172413793103412,-0.45979125545519806,-0.060526315789473685,0.43887791705292006,0,1,51.80858679293648,51.67725498332432,44.8372292605846,51.46595832109566,-1302.8883825512867,-1481.1422206547322,-1674.7636265207811,-315.9819710262782,0.025049203793165144,0.0004318138882141797,1.2414998085603197,0.3505010102676178,0.0005002501250626068,0.025128205128205128,-0.011267605633802802,-0.0055248618784530246,17.053792150488317,18.291682224279562,19.289992457531213,21.49078775948886,0.01927704101617156,0,2.0
2025-03-25,360350.0,360350.0,360300.0,360340.0,165395320,459,3,355000.0,360340.0,52.240215361324594,52.45475000267583,38.5625,29.520833333333332,-61.4375,-2.610810810810811,0.502036035030959,-1126.7219432973698,0.0030601050467473846,14.333923531465206,41.71550278670516,36.62532514913261,5.090177637572552,19.189038934022406,1.0050876390453982,1.0035802364265034,1.0114585561354728,1.003619165446998,1.0067109560747636,1.006338668234071,0.5380228525888332,9.416012168311026,0.015647198300076343,0.0001387578398179497,0.017043788019817895,0.012881465703064738,0.014281302442592835,0.8379183328252533,0.07980179945234059,1.4352720450281424,-0.0004996523190835545,48.055211541249854,55131773.333333336,0.1121867807959331,0.8108108108108107,0.2,0.0,0.8,0.015070422535211268,0.015042253521126758,0.009355742296918823,0.0009444444444444144,0.026609686609686545,-0.026108108108108152,0.005020360350309616,0.8598005581900097,-0.05173684210526316,0.45233968804159447,1,0,47.80256624738686,49.39885531905276,51.80858679293648,44.8372292605846,-1452.493487392951,-1343.5816237150902,-1302.8883825512867,-1674.7636265207811,0.04983130028549183,0.11597960123484163,0.025049203793165144,1.2414998085603197,-0.0056022408963585235,-0.008333333333333304,0.0005002501250626068,-0.011267605633802802,14.936727075378498,15.904322796253592,17.053792150488317,19.289992457531213,-0.012044180496198043,0,1.0
2025-03-26,361000.0,361000.0,357390.0,359300.0,175340260,488,4,360340.0,358240.0,50.424659955395775,48.46535944272945,32.0,30.8125,-68.0,-1.8520547945205479,2.50071530758226,-1017.8121346619948,0.0026717703983777045,13.407271015218784,39.75740788209794,38.68990600984224,1.067501872255697,-0.9666291929700956,1.0011178180192264,0.9965186937660556,1.0048525988050827,0.9981126361953075,1.000781447899776,1.0037306106420578,0.4616951610774213,9.08842415701242,0.01533450214158976,0.010077043322912014,0.016032434821188487,0.012375167807370734,0.009457134655854018,0.5898751350827546,0.0888015431087819,1.171387421987518,-0.00122910776265317,26.035330624866887,43835065.0,0.09061678461123635,1.1764705882352942,0.7645429362880887,0.0,0.23545706371191136,0.0018316034855969361,-0.005827829272353924,0.009126760563380243,0.0034733893557423734,-0.004391084431104475,-0.018520547945205523,0.025007153075822686,-0.4481603214129354,-0.05726315789473684,0.44387570029422435,0,1,52.240215361324594,47.80256624738686,49.39885531905276,51.67725498332432,-1126.7219432973698,-1452.493487392951,-1343.5816237150902,-1481.1422206547322,0.07980179945234059,0.04983130028549183,0.11597960123484163,0.0004318138882141797,0.015042253521126758,-0.0056022408963585235,-0.008333333333333304,0.025128205128205128,14.333923531465206,14.936727075378498,15.904322796253592,18.291682224279562,0.016893960478708614,0,2.0
2025-04-06,367000.0,367000.0,362500.0,366980.0,101287500,276,2,364310.0,362500.0,52.99441432183084,53.086458297429395,75.20746887966806,69.86461083867722,-24.79253112033195,2.112676056338028,4.014232016297954,-78.30054188898566,0.0048766594981898325,12.544867332423564,42.52448692467941,34.68887781298945,7.835609111689955,32.86260123240385,1.0082075044013472,1.0011862330678694,1.013281960170891,1.0039000859797398,1.008839037960815,1.005033146199955,0.5165332254150475,7.174843613937173,0.01509939701186815,0.012413793103448275,0.01620553107933966,0.014137985615600628,0.014962830414404797,0.9233162641291544,0.057138716656142924,0.8955223880597015,-0.0001350803728218386,3.3044145157969496,50643750.0,0.11732913173370747,0.6666666666666666,1.0,0.0,0.0,0.007383821470725481,-0.004968296231231628,-0.013014593770420357,0.011891469405984845,0.021126760563380254,0.021126760563380254,0.04014232016297958,-0.43578677073197836,-0.046052631578947366,0.461045504010318,0,2,54.6220517692487,57.30371051974526,50.424659955395775,47.80256624738686,-99.84194891628317,-337.28771797082686,-1017.8121346619948,-1452.493487392951,0.010740362074129152,0.05313199105145414,0.0888015431087819,0.04983130028549183,-0.008086473535177552,0.025234479678427846,-0.005827829272353924,-0.0056022408963585235,12.729242055617652,13.256997155554044,13.407271015218784,14.936727075378498,0.02365251512343991,0,3.0
2025-04-08,364550.0,366680.0,364550.0,365370.0,830117090,2272,3,356000.0,366680.0,55.63097614461478,58.6183980143944,96.88796680497926,71.19640387275241,-3.112033195020747,1.906508809960536,2.4245810055865924,-60.17738203156159,0.00449379029867494,11.952287319539197,46.8387439259469,34.9754143239438,11.863329602003098,53.60633469171342,1.016480241728693,1.01177944378068,1.0227944704162808,1.0149226352315568,1.019572753104723,1.006211855802381,0.6622702194951394,7.259153168910815,0.016127152093906777,0.005808879677102651,0.017078485373440554,0.015880027942922013,0.02139378608337325,1.2526746731676568,0.48721907702864986,3.175845680738049,0.002225210942278011,12.071504411215983,276705696.6666667,0.6457218363113642,1.111111111111111,1.0,0.0,0.0,0.024016853932584268,0.030000000000000027,0.011531034482758606,0.0065054486563640435,0.023559624832514503,0.019065088099605276,0.024245810055866013,1.6783522598134852,-0.03505263157894737,0.4778928700979404,1,0,47.51832806421499,52.99441432183084,54.6220517692487,50.424659955395775,-492.3394229008859,-78.30054188898566,-99.84194891628317,-1017.8121346619948,0.1497441081695836,0.057138716656142924,0.010740362074129152,0.0888015431087819,-0.017931034482758568,-0.004968296231231628,-0.008086473535177552,-0.005827829272353924,11.756283409391601,12.544867332423564,12.729242055617652,13.407271015218784,0.03120124804992197,0,3.0
2025-04-09,369220.0,369220.0,362870.0,362910.0,197062080,543,3,365370.0,362870.0,52.51240748077699,52.3476084328205,70.07540056550424,69.48571443469781,-29.924599434495757,0.7972222222222223,-1.1388094265086501,-44.86843755109339,0.004552249736299011,12.371351842279363,46.316956180687015,32.30683325449046,14.010122926196551,41.312665441389505,1.0051188016242778,1.0018442747417187,1.0116664910252828,1.0037011652465058,1.0083082247072466,1.0065143437675466,0.5257234790819149,7.169616270978453,0.01638240253048486,0.017499379943230357,0.016290860385919658,0.016360702205462194,0.018665984819538076,1.1457949044650373,0.16081741448245224,0.7044628956927868,0.001023875591696255,13.612937814750396,65687360.0,0.18099638672968604,1.2,1.0,0.0,0.0,0.006927020835605978,-0.010390531253408941,0.01929775280898882,0.0010206896551723244,-0.012007187976475708,0.00797222222222227,-0.011388094265086468,-0.6103620959258965,-0.04507894736842105,0.4625367780419975,0,1,55.63097614461478,47.51832806421499,52.99441432183084,57.30371051974526,-60.17738203156159,-492.3394229008859,-78.30054188898566,-337.28771797082686,0.48721907702864986,0.1497441081695836,0.057138716656142924,0.05313199105145414,0.030000000000000027,-0.017931034482758568,-0.004968296231231628,0.025234479678427846,11.952287319539197,11.756283409391601,12.544867332423564,13.256997155554044,0.052905679093990354,1,4.0
2025-04-12,364980.0,365350.0,364150.0,365250.0,334572730,916,4,362910.0,364150.0,53.4563994171148,54.26524551121097,76.10744580584354,81.02360439210901,-23.892554194156457,2.0028011204481793,-1.8463611859838274,33.29671480980414,0.004773758596386574,12.760483184823803,44.876824223468745,31.302317698139763,13.574506525328982,39.43868770384253,1.0066705921705548,1.0063298047999292,1.0147173727193588,1.0061207350561236,1.0109764321206942,1.0079934594408424,0.592467356732541,6.845447976022524,0.015645215135262458,0.0032953453247288205,0.016108182157752705,0.016042684049630558,0.018483780780658824,1.1474777600377934,0.3172349304749866,0.9707503179313268,0.002460459028460038,16.580670243416293,83643182.5,0.2502981049209461,1.6666666666666667,0.6916666666666667,0.30833333333333335,0.0,0.005814754595309615,0.0035274340672968307,-0.00689974910003277,0.022893258426966323,-0.0004391864071806584,0.02002801120448172,-0.018463611859838247,0.2692013113081676,-0.041710526315789476,0.4676957800975374,1,0,52.51240748077699,55.63097614461478,47.51832806421499,54.6220517692487,-44.86843755109339,-60.17738203156159,-492.3394229008859,-99.84194891628317,0.16081741448245224,0.48721907702864986,0.1497441081695836,0.010740362074129152,-0.010390531253408941,0.030000000000000027,-0.017931034482758568,-0.008086473535177552,12.371351842279363,11.952287319539197,11.756283409391601,12.729242055617652,0.07742642026009583,1,4.0
2025-04-13,376200.0,376200.0,375000.0,375660.0,10045184800,26740,18,365250.0,376200.0,61.263208197329035,68.28343059200098,100.0,82.06094879044925,-0.0,5.971830985915493,-1.0,834.0017234624543,0.007303481213164367,14.068588842365886,51.19678265946804,26.922138483657008,24.274644175811034,209.48880721683943,1.033922667421542,1.0401761829515621,1.046941494838762,1.0331493290650697,1.0410043174130281,1.0125916839116094,1.1407397314862389,6.270281204252899,0.0163502821807503,0.003189792663476874,0.016931590521830964,0.01846231761857821,0.023149513720824313,1.3672379857625419,6.729752856495696,4.287730100699122,0.04256942733030278,88.24000725040149,558065822.2222222,1.687556781332456,5.714285714285714,0.0,0.0,1.0,0.03309075930248524,0.03309075930248517,0.0367349188414583,0.025962692265735887,0.03779310344827591,0.05971830985915494,-0.010000000000000009,1.9760735999357644,-0.01,0.5162629478860183,2,0,53.4563994171148,52.51240748077699,55.63097614461478,52.99441432183084,33.29671480980414,-44.86843755109339,-60.17738203156159,-78.30054188898566,0.3172349304749866,0.16081741448245224,0.48721907702864986,0.057138716656142924,0.0035274340672968307,-0.010390531253408941,0.030000000000000027,-0.004968296231231628,12.760483184823803,12.371351842279363,11.952287319539197,12.544867332423564,0.06825320768780285,1,4.0
2025-04-14,381000.0,386910.0,379200.0,383570.0,245868800,641,7,375660.0,380000.0,63.35086237035961,71.49760960599457,78.34534628643058,84.81759736409136,-21.654653713569413,5.455958261641783,2.7027027027027026,1517.209851335152,0.010026526902891898,16.003828905659237,56.961284633227024,23.74216943891203,33.219115194314995,250.09312350564701,1.038753714227919,1.049232472640573,1.0563407688604083,1.0366341215373207,1.04752189642898,1.0169309186495294,1.1628640947309807,7.427234787932462,0.01704373872804087,0.020289473684210527,0.015922260731250155,0.01825748944907637,0.01828617056328837,1.1484657155122853,0.2354713099698773,0.10301491385960401,0.044623709448021964,88.46239353672665,35124114.28571428,0.1469081954845993,2.1538461538461537,0.1297016861219196,0.7665369649805448,0.10376134889753567,0.012759170653907496,0.010101010101010166,0.04352601949745982,0.04720698872874585,0.0674157303370786,0.0545595826164178,0.027027027027026973,0.5431062837660295,0.0,0.5315787352384023,3,0,61.263208197329035,53.4563994171148,52.51240748077699,47.51832806421499,834.0017234624543,33.29671480980414,-44.86843755109339,-492.3394229008859,6.729752856495696,0.3172349304749866,0.16081741448245224,0.1497441081695836,0.03309075930248517,0.0035274340672968307,-0.010390531253408941,-0.017931034482758568,14.068588842365886,12.760483184823803,12.371351842279363,11.756283409391601,0.07010454415100242,1,4.0
2025-04-15,377000.0,377080.0,375990.0,376770.0,282199080,749,3,383570.0,375990.0,59.69477403319257,63.56673106298094,65.77875274208712,81.37469967617257,-34.22124725791288,4.954778919160339,3.010958904109589,1589.084329049615,0.011381222327923051,17.34599158881044,54.371724323847715,26.302016906877558,28.069707416970157,152.31891684325797,1.0228292863399693,1.036587551244903,1.0445553604061872,1.0216562330489614,1.033675498261046,1.0212411536865171,0.9511935751673821,8.10905856346247,0.016756917797305,0.0028990132716295645,0.01578898105251984,0.01863962768618936,0.01799938794893487,1.1399968046742486,0.2714850121425206,0.12656730541755382,0.03999893355926076,86.965574619259,94066360.0,0.38628023902498493,0.8955223880597015,0.926605504587156,0.07339449541284404,0.0,-0.007894736842105263,-0.010552631578947369,-0.0005582137161084244,0.032514073870657745,0.025389985818697447,0.04954778919160341,0.03010958904109584,-0.769790392511937,-0.010552631578947369,0.5154165491112813,0,1,63.35086237035961,61.263208197329035,53.4563994171148,55.63097614461478,1517.209851335152,834.0017234624543,33.29671480980414,-60.17738203156159,0.2354713099698773,6.729752856495696,0.3172349304749866,0.48721907702864986,0.010101010101010166,0.03309075930248517,0.0035274340672968307,0.030000000000000027,16.003828905659237,14.068588842365886,12.760483184823803,11.952287319539197,0.07325423998726022,1,4.0
2025-04-16,384000.0,388070.0,380620.0,382110.0,591881850,1549,7,376770.0,388070.0,66.05098831866965,73.7862132358262,100.0,81.37469967617257,-0.0,5.660531474624265,7.201657458563536,2297.223305658754,0.014331616940499434,19.256475108060137,59.07659095749579,22.92140894978453,36.15518200771126,205.47626862417727,1.0497542449219184,1.0660604770309527,1.0760813082344747,1.0457157378002166,1.0616261132558769,1.0250792634942043,1.154085752303199,10.09966610621579,0.01729909474982665,0.019197567449171542,0.01699937551157347,0.01957508830652876,0.01884295122284479,1.1084496139294164,0.5462592350960097,0.2531459388789018,0.04313222650459525,89.11559822301447,84554550.0,0.3416445333916702,1.9178082191780823,0.5463087248322148,0.0,0.45369127516778524,0.021303758078672304,0.032128514056224855,0.02123684210526311,0.031552365762892,0.0694463581999063,0.05660531474624264,0.07201657458563537,1.6770942607308608,0.0,0.564104631010439,1,0,59.69477403319257,63.35086237035961,61.263208197329035,52.51240748077699,1589.084329049615,1517.209851335152,834.0017234624543,-44.86843755109339,0.2714850121425206,0.2354713099698773,6.729752856495696,0.16081741448245224,-0.010552631578947369,0.010101010101010166,0.03309075930248517,-0.010390531253408941,17.34599158881044,16.003828905659237,14.068588842365886,12.371351842279363,0.0655832090235795,1,4.0
2025-04-19,393000.0,393570.0,388050.0,393530.0,4785313620,12160,6,382110.0,393570.0,68.48766648859888,77.18547580083901,100.0,88.59291758069571,-0.0,8.031621421317011,9.325,2941.8826638709024,0.017638032904640825,21.31550870038547,61.48947632357123,21.557867389401572,39.93160893416966,204.48668853059917,1.0562716886337469,1.0762070653347953,1.088701646454811,1.050750415735101,1.0705918774363001,1.030702288218111,1.124405609869354,12.204737454351244,0.01684078274228726,0.014025459257565364,0.017012331281258796,0.01909389422940864,0.017994289348752995,1.057720370668772,3.714508270584821,1.4531896077822128,0.0597187927451015,92.4814687571576,797552270.0,2.987437240918195,1.5789473684210527,0.10326086956521739,0.0,0.8967391304347826,0.012703893627438349,0.014172700801401872,0.046756562674539204,0.035710526315789526,0.0807908828779349,0.08031621421317015,0.09325000000000006,0.5624663404123912,0.0,0.5862722179678368,2,0,66.05098831866965,59.69477403319257,63.35086237035961,53.4563994171148,2297.223305658754,1589.084329049615,1517.209851335152,33.29671480980414,0.5462592350960097,0.2714850121425206,0.2354713099698773,0.3172349304749866,0.032128514056224855,-0.010552631578947369,0.010101010101010166,0.0035274340672968307,19.256475108060137,17.34599158881044,16.003828905659237,12.760483184823803,0.05033923716108046,1,4.0
2025-04-20,398000.0,405330.0,395000.0,401300.0,12906888230,32163,39,393530.0,400000.0,71.0993007325767,80.61420803367629,89.19521589296573,96.39840529765524,-10.804784107034259,10.344827586206897,12.676056338028168,3565.6053999476853,0.021142311740857987,23.750893987729054,66.11431198703647,18.968923266790657,47.14538872024582,206.34024317598178,1.0628319689227932,1.0871012716367126,1.1038618053328668,1.05687412068752,1.081029466983236,1.038604255056101,1.1099738892868105,14.279508216089784,0.017486490934011778,0.025825,0.01662114649120445,0.018680468917484035,0.015329410334844548,0.9222835706884925,6.943952674985966,3.4026279040243748,0.06516711854366508,95.581043668315,330945852.05128205,1.6991972191722446,6.842105263157895,0.1936108422071636,0.515972894482091,0.2904162633107454,0.011255939223009884,0.016337627359809037,0.030741876465586015,0.06385808133195026,0.06326422115895802,0.10344827586206895,0.12676056338028174,0.6150276377766516,0.0,0.612188142356213,3,0,68.48766648859888,66.05098831866965,59.69477403319257,61.263208197329035,2941.8826638709024,2297.223305658754,1589.084329049615,834.0017234624543,3.714508270584821,0.5462592350960097,0.2714850121425206,6.729752856495696,0.014172700801401872,0.032128514056224855,-0.010552631578947369,0.03309075930248517,21.31550870038547,19.256475108060137,17.34599158881044,14.068588842365886,0.024046847744829236,0,3.0
2025-04-21,410000.0,413330.0,407000.0,410460.0,2404859520,5859,23,401300.0,407370.0,73.78144279837207,83.85818538898576,89.60404674690389,92.9330875466232,-10.39595325309611,14.429775280898877,16.05982905982906,4195.370758435933,0.024880410301299616,26.31079687206624,65.3344921819167,16.54367412825847,48.79081805365823,205.27896418977764,1.0678392618417258,1.0987149698127812,1.1208980612043304,1.0638513514118606,1.092776105667903,1.049688001985517,1.1060871022731151,16.287257960539524,0.018280985845942305,0.015538699462405185,0.016309952740014535,0.015971442996653325,0.01546364627372061,0.948111041167053,1.3471443024004415,0.5582126524390244,0.07253125280090833,96.4084465372619,104559109.56521739,0.6543902980403852,3.484848484848485,0.4154818325434439,0.5260663507109005,0.05845181674565561,0.025,0.018424999999999914,0.035063648143913495,0.049733295539464484,0.0720263157894736,0.14429775280898882,0.16059829059829056,0.663717853428694,0.0,0.6418927088791262,4,0,71.0993007325767,68.48766648859888,66.05098831866965,63.35086237035961,3565.6053999476853,2941.8826638709024,2297.223305658754,1517.209851335152,6.943952674985966,3.714508270584821,0.5462592350960097,0.2354713099698773,0.016337627359809037,0.014172700801401872,0.032128514056224855,0.010101010101010166,23.750893987729054,21.31550870038547,19.256475108060137,16.003828905659237,0.0037762510354235612,0,1.0
2025-04-22,403760.0,410000.0,400870.0,404370.0,1175499830,2907,9,410460.0,410000.0,74.68433461604617,84.90950055617738,94.19152276295134,90.99692846760699,-5.808477237048666,11.814115850332715,13.945861819798788,4483.852349766306,0.02815848152003018,27.869597135240856,59.704046683411626,20.904114115750026,38.7999325676616,158.55778675277628,1.0626662035861096,1.0983756096319504,1.1244225678739859,1.0591956384703458,1.0917576834637317,1.0581145462982364,1.0367055185113416,18.329531975898913,0.01845690377226476,0.022268292682926828,0.015779578849145263,0.015005117808555499,0.009343980550437146,0.5921565232993075,0.6468121085362732,0.2660236465463597,0.07781550328420783,93.05564098047847,130611092.22222222,0.7856800160179338,1.2857142857142858,0.683461117196057,0.0,0.31653888280394304,-0.008861722758180524,0.006456047327981995,0.02499999999999991,0.04174606804380421,0.09045453336524911,0.11814115850332718,0.139458618197988,-0.013317082913923965,0.0,0.6524928459151182,5,0,73.78144279837207,71.0993007325767,68.48766648859888,59.69477403319257,4195.370758435933,3565.6053999476853,2941.8826638709024,1589.084329049615,1.3471443024004415,6.943952674985966,3.714508270584821,0.2714850121425206,0.018424999999999914,0.016337627359809037,0.014172700801401872,-0.010552631578947369,26.31079687206624,23.750893987729054,21.31550870038547,17.34599158881044,0.04001285950985478,0,3.0
2025-04-23,406750.0,416450.0,405590.0,407170.0,71219452210,174913,8,404370.0,408000.0,72.63583084627236,80.27117495895534,86.02150537634408,89.93902496206643,-13.978494623655914,12.436960895086395,13.333333333333334,4237.605815925781,0.03028954005723847,29.59572309667343,59.673049849152534,18.825859372362427,40.847190476790104,146.64270539357386,1.0452559980529545,1.0860350006721173,1.1155715745800612,1.0453398322335847,1.0795205429917676,1.067271153342422,0.9393286584125955,19.5832889625237,0.019123826524189633,0.02661764705882353,0.01593524947917699,0.01419807166889078,0.00951867654566431,0.597334642178186,13.219338553160615,3.8357777563354705,-0.17311996498492954,97.77866716665912,8902431526.25,14.585690911269749,1.103448275862069,0.1151012891344383,0.7780847145488029,0.10681399631675875,-0.007926829268292683,-0.004878048780487809,0.00154650563369918,0.020000000000000018,0.05135671399489783,0.12436960895086391,0.1333333333333333,-0.7075709192885188,-0.004878048780487805,0.6444319052033373,0,1,74.68433461604617,73.78144279837207,71.0993007325767,66.05098831866965,4483.852349766306,4195.370758435933,3565.6053999476853,2297.223305658754,0.6468121085362732,1.3471443024004415,6.943952674985966,0.5462592350960097,0.006456047327981995,0.018424999999999914,0.016337627359809037,0.032128514056224855,27.869597135240856,26.31079687206624,23.750893987729054,19.256475108060137,0.06174325220423893,1,4.0
2025-04-26,411710.0,418030.0,411710.0,413340.0,1728995490,4183,5,407170.0,417200.0,75.90923983400882,84.74374782931942,98.66193777204579,92.95832197044706,-1.3380622279542158,14.568172456405327,16.862745098039216,4374.210176764125,0.03257020433457016,31.26521583539119,55.720870708160106,17.13181003653945,38.58906067162066,143.55121842442352,1.05449398443029,1.1016970412357385,1.1367011146318935,1.0576977980996503,1.0954349100878833,1.0779588422650104,0.9826119020427381,21.072219894554685,0.019083477585998803,0.015148609779482262,0.015928976702224477,0.014228749057630911,0.011031033669254564,0.6925136419914585,0.31200701139351444,0.09505737984319963,-0.18132252670575266,97.90602272667851,345799098.0,0.5563337986171033,0.6756756756756757,0.8686708860759493,0.13132911392405064,0.0,0.00909313725490196,0.022549019607843057,0.017560975609756113,0.024130397427400085,0.06004014533628066,0.14568172456405337,0.16862745098039222,0.9170477106767909,0.0,0.6815122324775301,1,0,72.63583084627236,74.68433461604617,73.78144279837207,68.48766648859888,4237.605815925781,4483.852349766306,4195.370758435933,2941.8826638709024,13.219338553160615,0.6468121085362732,1.3471443024004415,3.714508270584821,-0.004878048780487809,0.006456047327981995,0.018424999999999914,0.014172700801401872,29.59572309667343,27.869597135240856,26.31079687206624,21.31550870038547,0.02390284027676981,0,3.0
2025-04-27,410900.0,411400.0,410900.0,410950.0,1007245000,2451,4,413340.0,411400.0,70.20726970573055,72.63285227605317,87.9804205946338,90.88795458100788,-12.019579405366207,9.35672514619883,15.887323943661972,3776.3823679402085,0.03387106716466653,32.69933338298265,52.52380387749041,16.886544726114217,35.63725915137619,110.80242621969659,1.030664395229983,1.078350810008165,1.1176881622859303,1.0361400429084302,1.0738261532164521,1.0844346301848613,0.8666189264477683,21.37118527058027,0.01906402337582872,0.0012153621779290229,0.016401511299927403,0.014888335576449177,0.015350274992163467,0.9359061315423665,0.1813553929366847,0.0643939194905235,-0.2198002727199807,97.2230979492471,251811250.0,0.4003064330582293,0.5298013245033113,1.0,0.0,0.0,-0.015100671140939598,-0.01390220517737295,0.008333333333333304,0.0034146341463414664,0.02849999999999997,0.0935672514619883,0.15887323943661968,-1.3065012462029177,-0.013902205177372963,0.658135504413365,0,1,75.90923983400882,72.63583084627236,74.68433461604617,71.0993007325767,4374.210176764125,4237.605815925781,4483.852349766306,3565.6053999476853,0.31200701139351444,13.219338553160615,0.6468121085362732,6.943952674985966,0.022549019607843057,-0.004878048780487809,0.006456047327981995,0.016337627359809037,31.26521583539119,29.59572309667343,27.869597135240856,23.750893987729054,0.03998053291154635,0,3.0
2025-04-28,411640.0,412230.0,411640.0,412010.0,89405970,217,5,410950.0,411840.0,70.3889856131023,72.9746828183854,88.77810007251631,91.80681947973197,-11.221899927483683,8.378947368421052,14.29205750124882,3139.1809080117346,0.034193256601151585,34.071302963040814,52.90716746452768,16.750188259345823,36.156979205181855,99.95114810939566,1.0236016940727337,1.0722668378100075,1.1159221585767007,1.0313381365853729,1.0690375418988327,1.0901917855729994,0.8336889769724969,21.656944878932517,0.01782734796776265,0.0014325951825951825,0.01636205976553316,0.015092302251205525,0.013627517984527378,0.8328730110883643,0.016070740883372337,0.005875313395173038,-0.22557598765849696,97.20392301513222,17881194.0,0.02851029794439409,0.6535947712418301,0.3389830508474576,0.6610169491525424,0.0,0.000583373845405931,0.0010695187165774556,-0.012847555129434363,0.009411764705882453,0.010972825686722087,0.08378947368421064,0.14292057501248823,-0.35192600450698125,-0.012847555129434324,0.6599089113699569,1,0,70.20726970573055,75.90923983400882,72.63583084627236,73.78144279837207,3776.3823679402085,4374.210176764125,4237.605815925781,4195.370758435933,0.1813553929366847,0.31200701139351444,13.219338553160615,1.3471443024004415,-0.01390220517737295,0.022549019607843057,-0.004878048780487809,0.018424999999999914,32.69933338298265,31.26521583539119,29.59572309667343,26.31079687206624,0.057741316958326294,1,4.0
2025-04-29,424000.0,424000.0,419000.0,420550.0,70280807900,167116,6,412010.0,420100.0,73.6394749950448,78.77973671266328,93.48370927318295,90.08074331344433,-6.516290726817043,11.731694991888082,17.26775346136668,3002.6032625940134,0.034982680240059634,35.86194981004741,57.86644525622271,14.85733855937377,43.00910669684894,116.90505427858214,1.0328084473454537,1.0850348613616787,1.1348122359825972,1.0436699451284126,1.083218661376415,1.0987635111809124,0.8861502675893744,22.021184108592493,0.018296017076132178,0.011901928112354201,0.016332007735156598,0.013930020645807645,0.015850685391500304,0.9705288932345905,7.653864121424188,2.39503554230681,-0.0077274156762942026,98.41991084736486,11713467983.333334,9.6752319497023,0.7741935483870968,0.78,0.0,0.22,0.029526029526029528,0.020056332556332546,0.02114730189596492,0.006951102588686586,0.024634146341463437,0.11731694991888086,0.17267753461366686,0.7307351075913396,0.0,0.6932005965096126,2,0,70.3889856131023,70.20726970573055,75.90923983400882,74.68433461604617,3139.1809080117346,3776.3823679402085,4374.210176764125,4483.852349766306,0.016070740883372337,0.1813553929366847,0.31200701139351444,0.6468121085362732,0.0010695187165774556,-0.01390220517737295,0.022549019607843057,0.006456047327981995,34.071302963040814,32.69933338298265,31.26521583539119,27.869597135240856,0.03440732374271782,0,3.0
2025-04-30,426120.0,433160.0,426120.0,432310.0,165144190,382,4,420550.0,433160.0,77.79071510999326,84.80172269165148,100.0,94.08726978189975,-0.0,11.619037802458319,17.93726856893923,3486.447797398443,0.03705716237187897,37.85141106677167,59.28496371754859,13.139894494450665,46.14506922309793,131.6775854763535,1.0532407407407407,1.1093283615535616,1.165507061224907,1.0636598653601204,1.1073056650054887,1.1065913196684831,0.9638329009423998,23.57063531531119,0.01863053541051816,0.016252654908117094,0.016703033281837084,0.013759483915250925,0.018239951770019837,1.0920143342978308,0.01749084249084249,0.010955038457347044,0.2912095938460799,98.60656897712876,41286047.5,0.03418158264451555,0.5063291139240506,1.0,0.0,0.0,0.014329921447274458,0.03108783622946909,0.051767676767676685,0.05289256198347103,0.06166666666666676,0.11619037802458321,0.17937268568939224,1.3574305272906104,0.0,0.7458385393575431,3,0,73.6394749950448,70.3889856131023,70.20726970573055,72.63583084627236,3002.6032625940134,3139.1809080117346,3776.3823679402085,4237.605815925781,7.653864121424188,0.016070740883372337,0.1813553929366847,13.219338553160615,0.020056332556332546,0.0010695187165774556,-0.01390220517737295,-0.004878048780487809,35.86194981004741,34.071302963040814,32.69933338298265,29.59572309667343,0.0188059494344337,0,2.0
2025-05-03,425200.0,425200.0,419420.0,423220.0,311909560,737,4,432310.0,420200.0,66.58484244205255,63.8304243787494,77.3307678852545,90.27149238614582,-22.669232114745498,6.766267754147928,15.34133018583075,2665.3150728597866,0.03783169085359206,38.75116075057072,52.41960037861766,17.265118471029908,35.15448190758775,91.78121026073032,1.0151548461443685,1.0684907123695218,1.1268636023056455,1.0268064588341432,1.0683056735598557,1.1100411002179174,0.7920596380567712,23.450933797366574,0.020168973165747704,0.013755354593050929,0.018459389328109997,0.01881478312622107,0.02471956080264526,1.3391321003778962,0.03369258374572842,0.021561938643558043,0.2807359706239676,98.34040986132159,77977390.0,0.06440173153089655,0.49689440993788814,0.8650519031141869,0.0,0.13494809688581316,-0.018376581401791485,-0.029919660171761064,0.0002380385622471337,0.020299145299145227,0.007190795781399917,0.06766267754147925,0.15341330185830748,-2.0175439789641954,-0.029919660171761012,0.6936036435452018,0,1,77.79071510999326,73.6394749950448,70.3889856131023,75.90923983400882,3486.447797398443,3002.6032625940134,3139.1809080117346,4374.210176764125,0.01749084249084249,7.653864121424188,0.016070740883372337,0.31200701139351444,0.03108783622946909,0.020056332556332546,0.0010695187165774556,0.022549019607843057,37.85141106677167,35.86194981004741,34.071302963040814,31.26521583539119,0.03827796417938667,0,3.0
2025-05-04,428450.0,428460.0,426290.0,427380.0,389768740,912,7,423220.0,426430.0,68.90380083786076,68.23584860157882,88.22809165646318,88.51961984723921,-11.77190834353682,6.6075,17.635862068965515,2287.8791945254216,0.037735174394335234,39.73081125455924,51.51627033192925,16.06099914952828,35.45527118240097,99.6705453316771,1.0236694913219866,1.075589937484472,1.1390237778525678,1.0353355058725344,1.0774291162726952,1.1126870415778536,0.8257332501089029,23.20608579541693,0.01983829749568903,0.005088760171657716,0.018295620891565615,0.018734915983428586,0.02350146275698355,1.2845403223138416,0.041632334446420054,0.026924257811577427,0.2876774530718551,98.34183932601444,55681248.571428575,0.04597772519413108,0.8433734939759036,0.9308755760368663,0.004608294930875576,0.06451612903225806,0.01963350785340314,0.014826273203236484,-0.015536984024378975,0.0150678409902405,0.036533787068546486,0.0660750000000001,0.17635862068965524,0.3560182596477329,-0.015536984024378982,0.7187134738623997,1,0,66.58484244205255,77.79071510999326,73.6394749950448,70.20726970573055,2665.3150728597866,3486.447797398443,3002.6032625940134,3776.3823679402085,0.03369258374572842,0.01749084249084249,7.653864121424188,0.1813553929366847,-0.029919660171761064,0.03108783622946909,0.020056332556332546,-0.01390220517737295,38.75116075057072,37.85141106677167,35.86194981004741,32.69933338298265,0.014226215545884324,0,2.0
2025-05-05,431690.0,436000.0,431690.0,435800.0,114180280,262,3,427380.0,436000.0,72.10613542749613,73.92706312500194,100.0,88.51961984723921,-0.0,7.028008935365884,22.47191011235955,2416.2661736573555,0.03858684389798773,40.95322587501919,53.69945241304731,14.775263267659048,38.92418914538826,116.27448447475237,1.0394985611527943,1.0887438617694836,1.1596916709667466,1.0491171888231101,1.093379510687792,1.1156260473132924,0.8936707827250683,22.54265890782664,0.019584762059981442,0.009885321100917431,0.017455617404499614,0.019057478249699,0.023995206070550616,1.3746409258698156,0.011972435979454936,0.007732765083319068,0.287647604920678,98.50826608402413,38060093.333333336,0.03170893448037123,0.35714285714285715,1.0,0.0,0.0,0.012334967052036676,0.02244213587224153,0.03760114231318412,0.006556468741342636,0.05866355866355866,0.07028008935365881,0.2247191011235956,0.6938041193044873,0.0,0.7572850751682721,2,0,68.90380083786076,66.58484244205255,77.79071510999326,70.3889856131023,2287.8791945254216,2665.3150728597866,3486.447797398443,3139.1809080117346,0.041632334446420054,0.03369258374572842,0.01749084249084249,0.016070740883372337,0.014826273203236484,-0.029919660171761064,0.03108783622946909,0.0010695187165774556,39.73081125455924,38.75116075057072,37.85141106677167,34.071302963040814,0.005598898577328981,0,2.0
2025-05-06,440550.0,440550.0,430000.0,435020.0,111372454000,256016,8,435800.0,436000.0,72.10613542749613,73.92706312500194,91.33333333333333,93.18714166326549,-8.666666666666666,6.341463414634147,18.904767099378205,2238.7206607313638,0.039463299522430044,42.26242235550164,52.781942387017025,13.492903660353495,39.289038726663534,111.42766698322272,1.0330945684342219,1.0794016252916674,1.1547411393481222,1.041249000550508,1.0858685570192206,1.1177496955562065,0.8573608757359523,22.21889151355671,0.019914225320441483,0.02419724770642202,0.016958392421938747,0.019186073219659244,0.02392505616758809,1.4108092071649847,7.40555613407847,4.9556151740744605,0.3420189150102937,99.10206856009997,13921556750.0,7.395099542130455,0.9248554913294798,0.4312796208530806,0.0,0.5687203791469194,0.010435779816513762,0.0,0.02244213587224153,0.03760114231318412,0.037848131397286267,0.06341463414634152,0.18904767099378206,-0.5207661429376783,0.0,0.7572850751682721,0,0,72.10613542749613,68.90380083786076,66.58484244205255,73.6394749950448,2416.2661736573555,2287.8791945254216,2665.3150728597866,3002.6032625940134,0.011972435979454936,0.041632334446420054,0.03369258374572842,7.653864121424188,0.02244213587224153,0.014826273203236484,-0.029919660171761064,0.020056332556332546,40.95322587501919,39.73081125455924,38.75116075057072,35.86194981004741,0.013332720334697346,0,2.0
2025-05-07,448070.0,448070.0,436010.0,440440.0,4628993160,10510,24,435020.0,445810.0,75.14866967591212,79.14144243536444,95.74147352553231,95.69160228628856,-4.2585264744676845,9.267156862745098,22.856670432937413,2499.6786026671452,0.04058203311810428,43.74376990335299,53.70173151347964,12.18944292325819,41.51228859022145,132.46019057840604,1.0469594705669611,1.092472085366765,1.1754732900912304,1.05418759540815,1.1013025013163398,1.1227495649422559,0.926333485217033,21.690082663736934,0.02001875063948805,0.027051883089208407,0.016586957279178454,0.019361102433774518,0.022060792949117846,1.3300084263682694,0.2996936053482904,0.19576287918580523,0.3553252941489644,99.10173199320994,192874715.0,0.10210967868445404,2.4742268041237114,0.18739635157545606,0.0,0.8126036484245439,0.02768348623853211,0.022499999999999964,0.022499999999999964,0.04544708392936703,0.029203989288022925,0.09267156862745107,0.2285667043293742,0.7249139563665937,0.0,0.7968239893595582,1,0,72.10613542749613,72.10613542749613,68.90380083786076,77.79071510999326,2238.7206607313638,2416.2661736573555,2287.8791945254216,3486.447797398443,7.40555613407847,0.011972435979454936,0.041632334446420054,0.01749084249084249,0.0,0.02244213587224153,0.014826273203236484,0.03108783622946909,42.26242235550164,40.95322587501919,39.73081125455924,37.85141106677167,-0.002406684224866007,0,1.0
2025-05-10,453650.0,453650.0,430000.0,439420.0,3789125440,8623,17,440440.0,430580.0,63.55790834406316,58.096763962703804,56.290261462675254,81.12168944051363,-43.709738537324746,3.207094918504314,18.24248249347796,1418.1105931950933,0.0403289419462325,44.27068770021523,44.608491924481626,14.428444533461896,30.18004739101973,107.51840009145417,1.0080252462823538,1.0466314694357748,1.131254768515502,1.015335017093141,1.0586854185977168,1.122248448327683,0.7375919083081276,19.62670773084556,0.023169623347523302,0.05492591388359887,0.01933186172818001,0.02294806607449581,0.02379949856442269,1.2311022548713049,0.24321313232452862,0.15603116642479997,0.34516768964924593,97.66926479392792,222889731.7647059,0.11756656826639406,1.642512077294686,0.9754756871035941,0.0,0.02452431289640592,0.01758596711603598,-0.03416253560934035,-0.012431192660550483,-0.012431192660550483,0.024702522608281763,0.03207094918504305,0.18242482493477952,-2.211578010505488,-0.0341625356093403,0.7354399258393455,0,1,75.14866967591212,72.10613542749613,72.10613542749613,66.58484244205255,2499.6786026671452,2238.7206607313638,2416.2661736573555,2665.3150728597866,0.2996936053482904,7.40555613407847,0.011972435979454936,0.03369258374572842,0.022499999999999964,0.0,0.02244213587224153,-0.029919660171761064,43.74376990335299,42.26242235550164,40.95322587501919,38.75116075057072,-0.0052569295890037004,0,1.0
2025-05-11,438390.0,438390.0,426890.0,433460.0,15062170410,34749,11,439420.0,429000.0,62.4812394416377,56.28526931548437,53.2967032967033,68.44281276163694,-46.7032967032967,4.27807486631016,14.035087719298245,419.6498589082785,0.03839460968216561,44.33863622642017,40.97518069465951,15.455924767135087,25.51925592752442,73.13474574771224,1.0002051702913417,1.0361417847723386,1.1231201481994997,1.0098057206403208,1.0505361594539937,1.1228897645793563,0.698815908271005,18.178517547536455,0.023508640271844083,0.026806526806526808,0.018614143093688966,0.022310108684083885,0.023347015398614796,1.2542621640493614,0.96915488656378,0.5601786174877482,0.29729539118690074,92.4572259642348,1369288219.090909,0.7071232282481145,1.1,0.8165217391304348,0.0,0.18347826086956523,0.01813832504993265,-0.003669469088206645,-0.03770664632915366,-0.016055045871559592,0.006026780479797322,0.04278074866310155,0.14035087719298245,-0.5599420992439371,-0.03770664632915367,0.7290717826770384,0,2,63.55790834406316,75.14866967591212,72.10613542749613,68.90380083786076,1418.1105931950933,2499.6786026671452,2238.7206607313638,2287.8791945254216,0.24321313232452862,0.2996936053482904,7.40555613407847,0.041632334446420054,-0.03416253560934035,0.022499999999999964,0.0,0.014826273203236484,44.27068770021523,43.74376990335299,42.26242235550164,39.73081125455924,0.01395745858902786,0,2.0
2025-05-12,435440.0,444000.0,434030.0,438240.0,19622138560,44775,33,433460.0,434030.0,64.54063202810755,60.82239381621476,59.176029962546814,56.254331573975115,-40.823970037453186,5.3880147630147635,14.21842105263158,-53.501592858636286,0.036828700098305356,44.6775048963627,40.6081382891419,13.869157470449206,26.738980818692692,89.97358176774013,1.0067241743228856,1.041494945859204,1.1318149980677028,1.0182547462649028,1.0579281067948627,1.1242553093839753,0.7460038951872883,16.86759708727901,0.02404502763075535,0.022970762389696565,0.018633046622069216,0.02238646996573485,0.021340489219113263,1.145303269613318,1.1763809503791873,0.631215232058826,0.35640373152494753,93.3130286336146,594610259.3939394,0.30269380020533176,2.9203539823008846,0.14142427281845538,0.8585757271815446,0.0,0.015011655011655013,0.011724941724941651,0.008012448325514399,-0.02642381283506423,-0.004518348623853252,0.05388014763014759,0.1421842105263158,0.2624569117243698,-0.026423812835064266,0.7493450485671678,1,0,62.4812394416377,63.55790834406316,75.14866967591212,72.10613542749613,419.6498589082785,1418.1105931950933,2499.6786026671452,2416.2661736573555,0.96915488656378,0.24321313232452862,0.2996936053482904,0.011972435979454936,-0.003669469088206645,-0.03416253560934035,0.022499999999999964,0.02244213587224153,44.33863622642017,44.27068770021523,43.74376990335299,40.95322587501919,-0.005658999634903239,0,1.0
2025-05-13,451380.0,451380.0,435950.0,440820.0,473442670,1074,14,438240.0,440000.0,66.86531901820172,65.74534592899582,68.0701754385965,60.180969565948864,-31.92982456140351,4.736967388716972,17.024388946514534,-112.48543738569242,0.03613103522680454,45.32235198001296,40.826727317208835,12.29663316523815,28.530094151970687,105.45741048483583,1.0158823977595175,1.0477737189775633,1.1419927877964573,1.0271626569727133,1.0667524542455458,1.1241387687345215,0.8219960309749078,14.836741568807168,0.024841140171022354,0.03506818181818182,0.01822758242683587,0.022016475205735846,0.02232077247394257,1.224560226982182,0.02820533695398118,0.05384484262666573,0.01288683066523899,91.23418701833795,33817333.571428575,0.01724157763506785,1.1814345991561181,0.7375243033052495,0.0,0.26247569669475046,0.0399741953321199,0.013754809575375004,0.02564102564102555,0.021877467601839395,0.00917431192660545,0.04736967388716962,0.17024388946514546,0.31297994059610634,-0.01303245777349095,0.7734069565918342,2,0,64.54063202810755,62.4812394416377,63.55790834406316,72.10613542749613,-53.501592858636286,419.6498589082785,1418.1105931950933,2238.7206607313638,1.1763809503791873,0.96915488656378,0.24321313232452862,7.40555613407847,0.011724941724941651,-0.003669469088206645,-0.03416253560934035,0.0,44.6775048963627,44.33863622642017,44.27068770021523,42.26242235550164,-0.018238736899414687,0,1.0
2025-05-14,445900.0,447400.0,433820.0,439380.0,23769429400,54098,20,440820.0,438000.0,65.32034106555142,62.667596850487044,63.39181286549707,63.54600608888012,-36.60818713450293,1.11737002493305,12.86623547298168,-417.1554224199717,0.035362321139622656,45.61983633719179,37.265204204062826,12.592202866443728,24.673001337619098,85.63736202878927,1.0101359532293217,1.0368471325140347,1.1312819077028933,1.0189675225361245,1.0570564993797271,1.1199303460947787,0.7738495583146611,13.455246282229277,0.025386712618761884,0.031004566210045662,0.017508295534658238,0.020099765069890297,0.019175293595134296,1.0952118986783255,1.3290144907241923,1.8873282677104921,-0.05069415869655092,82.53388745488861,1188471470.0,0.5893504232009453,1.6,0.5817378497790869,0.11045655375552282,0.3078055964653903,0.013409090909090909,-0.004545454545454519,0.009146833168214075,0.020979020979021046,-0.01751867387452055,0.011173700249330398,0.12866235472981669,-0.61466280394232,-0.017518673874520534,0.7653460158800532,0,1,66.86531901820172,64.54063202810755,62.4812394416377,75.14866967591212,-112.48543738569242,-53.501592858636286,419.6498589082785,2499.6786026671452,0.02820533695398118,1.1763809503791873,0.96915488656378,0.2996936053482904,0.013754809575375004,0.011724941724941651,-0.003669469088206645,0.022499999999999964,45.32235198001296,44.6775048963627,44.33863622642017,43.74376990335299,-0.020802039237106884,0,0.0
2025-05-17,441350.0,442800.0,430000.0,437110.0,33710202800,77120,15,439380.0,430000.0,59.407362415908565,51.431740086784345,43.703880028564626,58.38862277755273,-56.296119971435374,2.3322227510709186,9.25629494117946,-1241.8006178503565,0.03338046816107384,45.358600255823085,34.23381703991972,13.995552711406352,20.238264328513367,51.577126175729646,0.9894497048908729,1.0135389953235783,1.1060484387483236,1.0003014203603449,1.0348558038275635,1.1178420017521864,0.6135941992988005,11.918738286948054,0.02613819628757976,0.029767441860465118,0.01822039975729031,0.01835045089296085,0.013173833792915602,0.7230266058045469,1.7545875342835076,1.8204479359444048,-0.11896876176138504,73.08383894523891,2247346853.3333335,1.075765109199178,1.1583011583011584,0.88671875,0.11328125,0.0,0.007648401826484018,-0.0182648401826484,-0.022727272727272707,-0.009285072460428978,-0.0013470202982024393,0.023322227510709226,0.09256294941179455,-1.254594131746688,-0.03546353827863888,0.733102253032929,0,2,65.32034106555142,66.86531901820172,64.54063202810755,63.55790834406316,-417.1554224199717,-112.48543738569242,-53.501592858636286,1418.1105931950933,1.3290144907241923,0.02820533695398118,1.1763809503791873,0.24321313232452862,-0.004545454545454519,0.013754809575375004,0.011724941724941651,-0.03416253560934035,45.61983633719179,45.32235198001296,44.6775048963627,44.27068770021523,-0.003797671066779529,0,1.0
2025-05-18,440600.0,444250.0,439000.0,439510.0,53396131900,121489,10,437110.0,444250.0,65.41324980734288,64.61569015445835,72.87157287157287,59.98908858854485,-27.128427128427127,4.178880472762235,11.0625,-926.3536030156301,0.0324985029225494,45.19960419820545,32.095961346177056,12.751891501175102,19.344069845001954,92.1675911600819,1.0180650690817592,1.0416947558846668,1.1371018479792734,1.0281597266945746,1.0637018914009553,1.116924529200161,0.8685556688465652,11.313014398925132,0.025783827839467942,0.011817670230725942,0.019153787091421105,0.02050853902797711,0.019510936595418086,1.0186464171441556,2.509084638158268,2.0346099224266134,0.03704953580378101,77.36579527587733,5339613190.0,2.2823719797562796,0.8695652173913043,0.6952380952380952,0.0,0.3047619047619048,0.024651162790697675,0.0331395348837209,0.014269406392694028,0.009659090909091006,0.03554778554778548,0.04178880472762225,0.11062499999999997,1.4464540586340486,-0.0034992485588030775,0.790536455604369,1,0,59.407362415908565,65.32034106555142,66.86531901820172,62.4812394416377,-1241.8006178503565,-417.1554224199717,-112.48543738569242,419.6498589082785,1.7545875342835076,1.3290144907241923,0.02820533695398118,0.96915488656378,-0.0182648401826484,-0.004545454545454519,0.013754809575375004,-0.003669469088206645,45.358600255823085,45.61983633719179,45.32235198001296,44.33863622642017,-0.019658255784851364,0,0.0
2025-05-19,440000.0,441990.0,433700.0,435760.0,12974823760,29775,20,439510.0,441780.0,63.65520237114845,61.25327600126509,65.32281624306164,60.63275638106637,-34.677183756938355,1.3256880733944953,8.446866485013624,-977.7751236002696,0.03201049079147508,44.300239330217266,29.972440996365933,15.231964286814565,14.740476709551368,66.58619867504584,1.01106546590532,1.0317406565792209,1.1259431283776,1.018925079135752,1.0532791389446516,1.1136203998120113,0.7913473763117186,10.894437074065452,0.025781748467221442,0.018764996151930825,0.019048197058812794,0.019648630718482957,0.02002481814965035,1.051271051418786,0.6001154882198992,0.525028565785947,-0.03768807260274243,68.06767539523669,648741188.0,0.274110879672917,1.762114537444934,0.2147165259348613,0.025331724969843185,0.7599517490952955,-0.009566685424873381,-0.005559932470455831,0.0273953488372094,0.008630136986301329,0.017855908577748103,0.013256880733945042,0.08446866485013627,-0.5142296472370668,-0.009039725443574616,0.7805811938253194,0,1,65.41324980734288,59.407362415908565,65.32034106555142,64.54063202810755,-926.3536030156301,-1241.8006178503565,-417.1554224199717,-53.501592858636286,2.509084638158268,1.7545875342835076,1.3290144907241923,1.1763809503791873,0.0331395348837209,-0.0182648401826484,-0.004545454545454519,0.011724941724941651,45.19960419820545,45.358600255823085,45.61983633719179,44.6775048963627,0.004750321277767533,0,1.0
2025-05-20,435210.0,435210.0,430810.0,432780.0,9097115720,21020,6,435760.0,432610.0,57.47887652793794,49.98680784886525,38.53345018989191,58.90927976817546,-61.46654981010809,-0.7775229357798165,5.514634146341463,-1681.796933970185,0.030089742673529044,43.07306564158205,27.90502750896423,15.998480553544821,11.90654695541941,20.724949072273397,0.9908475834047173,1.0076644550270835,1.098394694921959,0.9981169293956765,1.0290216196287023,1.108540519569813,0.575357986478928,10.170726933138972,0.02625891860567884,0.010170823605556968,0.019836822090034,0.02088143805569272,0.021582034023065147,1.0879784032497795,0.4160637832509585,0.34629096348623734,-0.059293075747482216,65.90649904700126,1516185953.3333333,0.622410690532307,0.5357142857142857,0.5909090909090909,0.0,0.4090909090909091,-0.014871655575173164,-0.020756937842364986,-0.026201463140123837,0.006069767441860385,-0.016795454545454502,-0.007775229357798175,0.05514634146341457,-1.1912948384670792,-0.02960902626679527,0.7436217806618032,0,2,63.65520237114845,65.41324980734288,59.407362415908565,66.86531901820172,-977.7751236002696,-926.3536030156301,-1241.8006178503565,-112.48543738569242,0.6001154882198992,2.509084638158268,1.7545875342835076,0.02820533695398118,-0.005559932470455831,0.0331395348837209,-0.0182648401826484,0.013754809575375004,44.300239330217266,45.19960419820545,45.358600255823085,45.32235198001296,0.017399140440870653,0,2.0
2025-05-24,440000.0,440000.0,433500.0,435450.0,191161860,439,5,430240.0,433500.0,57.61831522960501,51.45385723906441,24.701046337817637,25.890543676877837,-75.29895366218236,0.6781550466812207,3.906999041227229,-2519.3153592286653,0.025305045296837234,41.45451002995106,32.21271728805766,15.070020219670987,17.142697068386674,34.069246588849545,0.9957711311362817,1.005225549656635,1.0936739978565502,1.0011021077421636,1.0271221249311262,1.0983186433699388,0.5606457497120737,8.616514234623374,0.02456592238639526,0.014994232987312572,0.019343249848184127,0.01610915130575492,0.020195913339257788,1.0440806740214703,0.010555231632033564,0.012704531379324317,0.07990966137630373,65.94913970232543,38232372.0,0.01934283311200245,0.4608294930875576,1.0,0.0,0.0,0.022685013015991073,0.007577166232800359,0.0020572802293057357,-0.01874236045090316,0.008139534883720989,0.006781550466812281,0.039069990412272215,0.28336548163154734,-0.027612660101837105,0.7472088992785458,1,0,55.96742129801433,57.47887652793794,63.65520237114845,59.407362415908565,-2320.1567070032506,-1681.796933970185,-977.7751236002696,-1241.8006178503565,0.001196803577006531,0.4160637832509585,0.6001154882198992,1.7545875342835076,-0.005478375442084071,-0.020756937842364986,-0.005559932470455831,-0.0182648401826484,41.85441693105088,43.07306564158205,44.300239330217266,45.358600255823085,0.01290618899988516,0,2.0
2025-05-25,433040.0,433040.0,428350.0,430870.0,199922140,464,8,435450.0,432000.0,56.567395425615544,49.39192183353543,19.095665171898357,19.41128200421332,-80.90433482810164,0.6993006993006993,5.007292173067574,-2730.7810824909466,0.02332309292197668,40.373304094732305,31.057385762607794,18.11609305539574,12.941292707212053,-21.431647568462196,0.9916422008029547,0.9993603631009319,1.0870374806497263,0.9980007314223636,1.0217842556556003,1.0961992942308505,0.4914634502087222,7.492920614387079,0.023741940411463373,0.01085648148148148,0.019027048595962114,0.01610284628345366,0.010098822756297024,0.5307613897848654,0.011183040340889919,0.04483265053721883,-0.05031497550520214,65.88999572533199,24990267.5,0.012716242418988749,0.7239819004524887,0.22174840085287847,0.0,0.7782515991471215,-0.0010611303344867358,-0.0034602076124568004,0.004090740052064001,-0.0014100459998612758,-0.02757456387169388,0.006993006993007089,0.05007292173067568,-0.3194538755339509,-0.030977322177609297,0.74116319374471,0,1,57.61831522960501,55.96742129801433,57.47887652793794,65.41324980734288,-2519.3153592286653,-2320.1567070032506,-1681.796933970185,-926.3536030156301,0.010555231632033564,0.001196803577006531,0.4160637832509585,2.509084638158268,0.007577166232800359,-0.005478375442084071,-0.020756937842364986,0.0331395348837209,41.45451002995106,41.85441693105088,43.07306564158205,45.19960419820545,0.004386473878432051,0,1.0
2025-05-26,436010.0,438000.0,436000.0,437830.0,2289425400,5229,5,430870.0,438000.0,59.73128600898999,57.3650641111833,41.517189835575486,28.437967115097155,-58.482810164424514,0.9146833168214179,6.351981351981352,-2454.0187757080603,0.02223478026289908,39.739472379570046,33.279772726540756,17.335982030044455,15.9437906964963,41.80615473108976,1.004499607832345,1.0101837127480342,1.0983764090815165,1.0100186692043662,1.0332223036950283,1.0934562846189184,0.6652652215656328,6.162042232212661,0.022722559907171935,0.0045662100456621,0.019187386015913785,0.016279348718638037,0.013319215105401605,0.6941651715535826,0.12526951272100043,0.9611425630468349,-0.016169073106304555,45.124916399444736,457885080.0,0.23041438013801296,0.4524886877828054,0.995,0.0,0.005,0.009282407407407408,0.01388888888888884,0.01038062283737018,0.01803644477500921,-0.008556294988455782,0.009146833168214075,0.06351981351981362,0.5540026958315674,-0.017518673874520534,0.7653460158800532,1,0,56.567395425615544,57.61831522960501,55.96742129801433,63.65520237114845,-2730.7810824909466,-2519.3153592286653,-2320.1567070032506,-977.7751236002696,0.011183040340889919,0.010555231632033564,0.001196803577006531,0.6001154882198992,-0.0034602076124568004,0.007577166232800359,-0.005478375442084071,-0.005559932470455831,40.373304094732305,41.45451002995106,41.85441693105088,44.300239330217266,0.0038827855560377156,0,1.0
2025-05-27,442000.0,445410.0,439000.0,440310.0,2295782490,5214,10,437830.0,439000.0,60.251000961132036,58.632325818567274,45.25411061285501,35.288988540109614,-54.74588938714499,-0.22727272727272727,4.498928826469888,-2199.248049592614,0.021512055737738248,39.64827162530344,36.893989832596255,16.396896457891717,20.497093374704537,88.6668771804343,1.007023934596204,1.0102881392402587,1.0968133948148457,1.0104088120788535,1.0328590051344824,1.0891631838469118,0.6860220537368938,5.530601901003668,0.0222571194454014,0.014601366742596811,0.01877563982957045,0.015675997129177253,0.007963074888049738,0.4241173648585012,0.1549622699267986,2.287644787644788,0.01079734565252699,44.393736336434586,229578249.0,0.1624723196996794,0.8888888888888888,0.46801872074882994,0.53198127925117,0.0,0.0091324200913242,0.0022831050228311334,0.01620370370370372,0.012687427912341454,0.014770809736252,-0.002272727272727315,0.044989288264698946,-0.00464745337030026,-0.015275565824005742,0.7693764862359437,2,0,59.73128600898999,56.567395425615544,57.61831522960501,57.47887652793794,-2454.0187757080603,-2730.7810824909466,-2519.3153592286653,-1681.796933970185,0.12526951272100043,0.011183040340889919,0.010555231632033564,0.4160637832509585,0.01388888888888884,-0.0034602076124568004,0.007577166232800359,-0.020756937842364986,39.739472379570046,40.373304094732305,41.45451002995106,43.07306564158205,-0.005609684086211986,0,1.0
2025-05-28,442000.0,442000.0,440000.0,440550.0,1494779440,3393,9,440310.0,440000.0,60.79589700665021,60.018773853019546,53.53205389955084,46.76778478266044,-46.46794610044916,0.45662100456621,1.5790931757318314,-1966.604191476259,0.02087451199798723,39.5635852106273,36.04273002417829,16.01856874108127,20.02416128309702,74.24282897665815,1.008854995437224,1.0117931388927535,1.0950438316180964,1.0107339866487568,1.0325186629503162,1.0854323332596667,0.7097005128525089,5.623800691917231,0.02110736699267951,0.004545454545454545,0.01751958767551671,0.015610217926854868,0.006535222459352248,0.3730237594852244,0.10039218935156352,1.1510278852025237,0.014383671496980721,44.97352277803461,166086604.44444445,0.11702256123277291,0.782608695652174,1.0,0.0,0.0,0.00683371298405467,0.002277904328018332,0.004566210045662045,0.0185185185185186,0.022685013015991018,0.004566210045662045,0.015790931757318383,0.07694456140301242,-0.01303245777349095,0.7734069565918342,3,0,60.251000961132036,59.73128600898999,56.567395425615544,55.96742129801433,-2199.248049592614,-2454.0187757080603,-2730.7810824909466,-2320.1567070032506,0.1549622699267986,0.12526951272100043,0.011183040340889919,0.001196803577006531,0.0022831050228311334,0.01388888888888884,-0.0034602076124568004,-0.005478375442084071,39.64827162530344,39.739472379570046,40.373304094732305,41.85441693105088,-0.023289070480081664,0,0.0
2025-05-31,442500.0,442500.0,439000.0,441070.0,1100465910,2495,6,440550.0,439000.0,59.91142961577852,57.76028170751417,46.244029526704296,48.34339801303671,-53.755970473295704,2.0930232558139537,4.47405997144217,-1883.177639901136,0.02003967521802784,39.33006453039743,35.02731217959994,16.37221558924385,18.655096590356088,60.547319573247066,1.0044893121421936,1.007316236492153,1.0882757745350409,1.007129630770802,1.0278747653386862,1.0834119998889413,0.6545910359602216,4.73263953935577,0.020213820240502247,0.007972665148063782,0.0159804629301747,0.014224536689763133,0.006857418352158247,0.4291126222138348,0.07363063978976166,0.7427805894611491,0.011322836694860117,48.85776765447593,183410985.0,0.12875087773743799,0.5172413793103449,1.0,0.0,0.0,0.005681818181818182,-0.002272727272727315,0.0,0.0022831050228311334,0.012687427912341454,0.020930232558139528,0.04474059971442168,-0.2869091637755801,-0.015275565824005742,0.7693764862359437,0,1,60.79589700665021,60.251000961132036,59.73128600898999,57.61831522960501,-1966.604191476259,-2199.248049592614,-2454.0187757080603,-2519.3153592286653,0.10039218935156352,0.1549622699267986,0.12526951272100043,0.010555231632033564,0.002277904328018332,0.0022831050228311334,0.01388888888888884,0.007577166232800359,39.5635852106273,39.64827162530344,39.739472379570046,41.45451002995106,-0.032579862606842425,0,0.0
2025-06-02,441000.0,443230.0,439000.0,439530.0,657103700,1495,5,432760.0,439000.0,58.55115427977181,56.30239041962229,55.90551181102362,40.432825835980225,-44.09448818897638,-0.629272488568971,0.6880733944954129,-2021.0332071550165,0.01730606539186503,37.92820858700437,38.895753196201795,18.910185078532102,19.985568117669693,59.79668292432131,1.0077798770003512,1.006239141098107,1.0794048569776271,1.0069670737584209,1.0248263516276583,1.0710720481842395,0.6420739394130611,4.391474695417361,0.020075583857829742,0.009635535307517084,0.015629466531259184,0.01128114527840542,0.010298962937728598,0.6589452632391839,0.044093336302382956,0.5896970653202903,0.007797884792674514,41.834464559909385,131420740.0,0.09207773699776038,0.4366812227074236,0.4728132387706856,0.5271867612293144,0.0,0.01904057676310195,0.014419077548756709,0.0,-0.002272727272727315,0.0022831050228311334,-0.00629272488568966,0.006880733944954143,0.893186998046184,-0.015275565824005742,0.7693764862359437,1,0,54.575897766543314,59.91142961577852,60.79589700665021,59.73128600898999,-2227.763378571366,-1883.177639901136,-1966.604191476259,-2454.0187757080603,0.002334260142951273,0.07363063978976166,0.10039218935156352,0.12526951272100043,-0.014214123006833668,-0.002272727272727315,0.002277904328018332,0.01388888888888884,38.18625882899615,39.33006453039743,39.5635852106273,39.739472379570046,-0.029872818692694425,0,0.0
2025-06-03,437020.0,439000.0,437010.0,437840.0,1589796000,3631,5,439530.0,439000.0,58.55115427977181,56.30239041962229,62.42672919109027,45.82705905744222,-37.57327080890973,1.477080973625205,0.6880733944954129,-1873.2019199816132,0.016576067230539292,37.40818977977364,38.23170334003317,20.29459534213382,17.93710799789935,17.407507293990722,1.0063037249283668,1.0058932974052994,1.0752182521604783,1.0058889041909937,1.0229451667088045,1.0684828303075369,0.6332491649902474,4.422764979976213,0.018965401411753062,0.004533029612756264,0.015629466531259184,0.008789235487459187,0.010250565795806464,0.6558487313245892,0.17058080155594496,1.6366176868295321,0.006125052029458011,49.61824149225012,317959200.0,0.42559097923026107,0.44247787610619466,0.9949748743718593,0.0,0.005025125628140704,-0.004510250569476082,0.0,0.014419077548756709,0.0,0.0,0.014770809736252,0.006880733944954143,-0.029370244705404717,-0.015275565824005742,0.7693764862359437,0,0,58.55115427977181,54.575897766543314,59.91142961577852,60.251000961132036,-2021.0332071550165,-2227.763378571366,-1883.177639901136,-2199.248049592614,0.044093336302382956,0.002334260142951273,0.07363063978976166,0.1549622699267986,0.014419077548756709,-0.014214123006833668,-0.002272727272727315,0.0022831050228311334,37.92820858700437,38.18625882899615,39.33006453039743,39.64827162530344,-0.02439247213594009,0,0.0
2025-06-07,429000.0,434180.0,429000.0,430290.0,1183304000,2750,3,437840.0,434180.0,54.29451745222779,46.497729209308105,34.17350527549824,50.83524875920404,-65.82649472450176,0.9157679434734102,-2.6087346627487045,-2073.3686062596626,0.015105220591376353,35.87776457360549,34.998182941061316,25.35275333760776,9.645429603453557,-86.22113808546649,0.994356958987184,0.9961764061429884,1.0595627625845347,0.9956344013632885,1.0108366540693743,1.0655758508129383,0.40391090365048593,3.979217208062465,0.01945137070485492,0.0119305357225114,0.014921402418358405,0.009423921455648401,0.0111984319829619,0.750494602919094,0.13159091017843727,1.3157894736842106,-0.00020328604708230724,68.04043906420277,394434666.6666667,0.5209269792803687,0.2926829268292683,1.0,0.0,0.0,-0.022779043280182234,-0.010979498861047876,-0.010979498861047876,0.003281264442185128,-0.013227272727272754,0.009157679434734112,-0.026087346627487018,-0.6543999619378779,-0.026087346627487046,0.7499496191205514,0,1,58.55115427977181,58.55115427977181,54.575897766543314,60.79589700665021,-1873.2019199816132,-2021.0332071550165,-2227.763378571366,-1966.604191476259,0.17058080155594496,0.044093336302382956,0.002334260142951273,0.10039218935156352,0.0,0.014419077548756709,-0.014214123006833668,0.002277904328018332,37.40818977977364,37.92820858700437,38.18625882899615,39.5635852106273,-0.03667294150456668,0,0.0
2025-06-08,427010.0,430700.0,425000.0,426700.0,706193980,1655,10,430290.0,426000.0,47.92658341716036,34.576116162343226,4.899559039686428,33.833264502091644,-95.10044096031358,-1.7301038062283738,-1.0636815458219147,-2690.8623359758603,0.012366608832520241,33.98500623434561,32.29764559988164,26.75866676389883,5.53897883598281,-155.17820044948493,0.9773018210849427,0.9779221450010617,1.0361111489451125,0.9803641394249027,0.9923957267155659,1.060175195207232,-0.010210909274705911,4.32720167240705,0.019948046566774114,0.013380281690140845,0.013462775915933175,0.01094094294973442,0.013323332372829193,0.9896422889324816,0.08053645552003191,0.8610822060353798,0.000660832401786049,16.014135036536103,70619398.0,0.0942138536204169,1.0101010101010102,0.17719298245614035,0.6473684210526316,0.17543859649122806,-0.016513888249113273,-0.01884011239578054,-0.029612756264236872,-0.029612756264236872,-0.029612756264236872,-0.01730103806228378,-0.010636815458219151,-1.3660852698497403,-0.044435970480698056,0.7169803716093668,0,2,54.29451745222779,58.55115427977181,58.55115427977181,59.91142961577852,-2073.3686062596626,-1873.2019199816132,-2021.0332071550165,-1883.177639901136,0.13159091017843727,0.17058080155594496,0.044093336302382956,0.07363063978976166,-0.010979498861047876,0.0,0.014419077548756709,-0.002272727272727315,35.87776457360549,37.40818977977364,37.92820858700437,39.33006453039743,-0.043637215842512345,0,0.0
2025-06-09,424720.0,424840.0,420000.0,424060.0,807831600,1905,6,426700.0,420000.0,43.86287702064871,28.354890107130842,0.0,13.02435477172822,-100.0,-2.7777777777777777,-2.097902097902098,-3392.303003187335,0.008853949868203129,31.671301599506798,30.633851626210312,29.673077011221466,0.9607746149888463,-213.035061839051,0.9661969109304476,0.9651456048533036,1.0182983361974995,0.9715550397163822,0.9799849680334404,1.0539242308453234,-0.17019975447880334,5.200598017795714,0.019808211205237253,0.011523809523809523,0.013791332627806413,0.01162633787255865,0.013303278173969698,0.96461150876365,0.10075366917889726,0.8328961175236097,-0.0012188305197632365,25.081217245733413,134638600.0,0.19574331739699813,0.6217616580310881,0.9752066115702479,0.024793388429752067,0.0,-0.003004694835680751,-0.014084507042253502,-0.03265926574231881,-0.0432801822323462,-0.02948516498752196,-0.02777777777777779,-0.020979020979020935,-0.9509554277860077,-0.057894618783786815,0.6927975494740236,0,3,47.92658341716036,54.29451745222779,58.55115427977181,54.575897766543314,-2690.8623359758603,-2073.3686062596626,-1873.2019199816132,-2227.763378571366,0.08053645552003191,0.13159091017843727,0.17058080155594496,0.002334260142951273,-0.01884011239578054,-0.010979498861047876,0.0,-0.014214123006833668,33.98500623434561,35.87776457360549,37.40818977977364,38.18625882899615,-0.06067537612601992,0,0.0
2025-06-10,425500.0,426470.0,425500.0,426400.0,1416507330,3322,5,424060.0,426470.0,48.89495477386143,41.57905289924944,25.46241637150728,10.120658470397899,-74.53758362849273,-2.632420091324201,-1.7418150819067808,-3306.0512931045496,0.006983839030768783,29.694241454516295,30.326748579964157,27.998150562661646,2.328598017302511,-124.45793042275986,0.9836901238867835,0.9808654532825655,1.0306799292563067,0.9885715135752737,0.9954440837398212,1.0477689103798824,0.15134244278634934,5.488063092723743,0.01919793942642011,0.002274485895842615,0.013992680943769561,0.01187464725959953,0.013681525822372595,0.9777630089153493,0.1973287555279673,1.252356178843399,0.0006608984518736705,48.970869630486675,283301466.0,0.4214121378140049,0.6060606060606061,1.0,0.0,0.0,0.013095238095238096,0.015404761904761921,0.0011032863849764762,-0.017757612050301685,-0.028542141230068374,-0.026324200913242057,-0.017418150819067835,1.1570574205380288,-0.0433817096969561,0.7188746926766354,1,0,43.86287702064871,47.92658341716036,54.29451745222779,58.55115427977181,-3392.303003187335,-2690.8623359758603,-2073.3686062596626,-2021.0332071550165,0.10075366917889726,0.08053645552003191,0.13159091017843727,0.044093336302382956,-0.014084507042253502,-0.01884011239578054,-0.010979498861047876,0.014419077548756709,31.671301599506798,33.98500623434561,35.87776457360549,37.92820858700437,-0.07734521575984987,0,0.0
2025-06-11,430530.0,430540.0,426000.0,427160.0,1910701110,4473,4,426400.0,426000.0,48.554464569868145,40.93864676466967,23.612750885478157,16.35838908566181,-76.38724911452184,-2.9612756264236904,-3.1818181818181817,-3165.970145489844,0.0054624094898925064,28.28034158971213,32.75355989972295,26.85274800471512,5.9008118950078305,-95.11866235167196,0.9855612956660752,0.9813644421254142,1.026183085515739,0.9893874402863916,0.9947635797135801,1.0412169086065928,0.17019167300785726,5.650420668435621,0.018607560019015763,0.010657276995305165,0.013568051422244024,0.011767725265889107,0.013575206471548848,1.0005273453852845,0.26304337598795635,1.58560794044665,-0.007640169617704751,55.1808687160807,477675277.5,0.6878371118589139,0.5161290322580645,0.9977973568281938,0.0022026431718061676,0.0,0.009520013131052595,-0.0011020704856145036,0.014285714285714235,0.0,-0.029612756264236872,-0.029612756264236872,-0.03181818181818186,0.031422856430490566,-0.044435970480698056,0.7169803716093668,0,1,48.89495477386143,43.86287702064871,47.92658341716036,58.55115427977181,-3306.0512931045496,-3392.303003187335,-2690.8623359758603,-1873.2019199816132,0.1973287555279673,0.10075366917889726,0.08053645552003191,0.17058080155594496,0.015404761904761921,-0.014084507042253502,-0.01884011239578054,0.0,29.694241454516295,31.671301599506798,33.98500623434561,37.40818977977364,-0.06217810656428502,0,0.0
2025-06-28,420360.0,420360.0,414350.0,414510.0,4676116850,11281,9,427160.0,414350.0,40.94352085987824,28.32329180804031,0.0,16.35838908566181,-100.0,-5.829545454545455,-5.399543378995434,-3705.7586296207255,0.0020773701005385413,26.80470956632833,29.42676462909901,34.28235054996728,-4.855585920868272,-204.15219387551394,0.9643312635567265,0.9571339802775192,0.9958612932377089,0.9679397949343845,0.9698900199032392,1.0326962641081352,-0.12600864907115672,6.847512376399825,0.01977256415130571,0.014504645830819356,0.014742116826212893,0.013852778887332712,0.016711444680195926,1.1335851477232484,0.7589503463076772,2.4918271779466337,-0.01642228016253866,42.04868690070167,519568538.8888889,0.7860165792930935,1.25,1.0,0.0,0.0,-0.01323943661971831,-0.027347417840375532,-0.02841934954393044,-0.013452380952380993,-0.045672301810309124,-0.058295454545454595,-0.053995433789954306,-1.6740406109284687,-0.0705681792691954,0.6700253919632421,0,2,48.554464569868145,48.89495477386143,43.86287702064871,54.29451745222779,-3165.970145489844,-3306.0512931045496,-3392.303003187335,-2073.3686062596626,0.26304337598795635,0.1973287555279673,0.10075366917889726,0.13159091017843727,-0.0011020704856145036,0.015404761904761921,-0.014084507042253502,-0.010979498861047876,28.28034158971213,29.694241454516295,31.671301599506798,35.87776457360549,-0.03498106197679185,0,0.0
2025-06-29,413810.0,413810.0,404900.0,408080.0,5525405960,13540,14,414510.0,409000.0,37.99787085969128,24.309802830737013,10.120957788200444,11.244569557892861,-89.87904221179956,-6.83371298405467,-4.883720930232558,-4232.882167803784,-0.001771603371579118,26.241107144676565,27.028586353243494,39.63810886175633,-12.609522508512836,-225.58373868462644,0.9585727812204108,0.9470727578805022,0.980895795290645,0.962036802206632,0.9603999468215321,1.0232877612504432,-0.13113822174134254,8.385998549330278,0.02025076937289832,0.02178484107579462,0.014490499110247987,0.01395130064797944,0.01605329759306709,1.1078498725909212,1.158755493177121,1.9611251122505142,-0.028675792886650564,33.32019662797677,394671854.28571427,0.6943790633674513,1.958041958041958,0.5398428731762065,0.0,0.4601571268237935,-0.0013032460480270304,-0.012911789549897468,-0.039906103286385,-0.040964194433371626,-0.039906103286385,-0.06833712984054674,-0.0488372093023256,-0.7253667675158425,-0.08256880733944955,0.6484623755592278,0,3,40.94352085987824,48.554464569868145,48.89495477386143,47.92658341716036,-3705.7586296207255,-3165.970145489844,-3306.0512931045496,-2690.8623359758603,0.7589503463076772,0.26304337598795635,0.1973287555279673,0.08053645552003191,-0.027347417840375532,-0.0011020704856145036,0.015404761904761921,-0.01884011239578054,26.80470956632833,28.28034158971213,29.694241454516295,33.98500623434561,-0.04663301313467949,0,0.0
2025-06-30,405210.0,405210.0,397620.0,398330.0,11414034850,28655,14,408080.0,397770.0,32.68262302703039,18.047134987596635,0.31387319522912743,3.4782769944765195,-99.68612680477088,-8.085312875496811,-10.4625773776027,-5090.0351448890915,-0.007175622953675339,26.25107058351586,24.444993836118194,41.96411102390882,-17.519117187790627,-242.7580089636103,0.9399612927923776,0.9260522474408253,0.9523519936256079,0.9449813459232093,0.9386167454902551,1.013182139443658,-0.20465916135359555,10.494116391976915,0.021378711451287422,0.01908137868617543,0.012917998881544174,0.01528098716833199,0.01827847140917879,1.4149615259135122,4.068434316544209,2.338381942517667,-0.056302622343566866,18.007119124251716,815288203.5714285,2.382735929340178,1.9047619047619049,0.9802371541501976,0.0,0.019762845849802372,-0.009266503667481663,-0.02745721271393642,-0.04001448051164469,-0.06626760563380285,-0.052928571428571436,-0.08085312875496808,-0.104625773776027,-1.7051025073950836,-0.10775891074673068,0.603200193462577,0,4,37.99787085969128,40.94352085987824,48.554464569868145,43.86287702064871,-4232.882167803784,-3705.7586296207255,-3165.970145489844,-3392.303003187335,1.158755493177121,0.7589503463076772,0.26304337598795635,0.10075366917889726,-0.012911789549897468,-0.027347417840375532,-0.0011020704856145036,-0.014084507042253502,26.241107144676565,26.80470956632833,28.28034158971213,31.671301599506798,-0.03429317400145604,0,0.0
2025-07-01,393200.0,394000.0,393110.0,393420.0,1587072160,4034,5,398330.0,394000.0,31.10935905484027,16.39309058401622,1.7757382282521947,4.070189737227251,-98.2242617717478,-10.250569476082005,-10.815337951016343,-5621.429813325409,-0.0121598976244952,26.56466601192083,23.45624166180837,44.18135162146462,-20.72510995965625,-226.87634071922488,0.9410595757588786,0.9224055587811136,0.9416123845449383,0.9453291907827364,0.9345860251875853,1.0005874322947237,-0.12296954800739232,12.455575311357855,0.02088642688573636,0.0022588832487309644,0.012949729395062184,0.013039195175078656,0.011548539394056062,0.8917977389133394,0.7008095618637296,0.32541180646306245,-0.06366627258076274,11.656340032049016,317414432.0,0.9748648533748753,0.7575757575757576,0.898876404494382,0.0,0.10112359550561797,-0.011489051461900093,-0.009477838952158257,-0.03667481662591687,-0.04911306866175935,-0.07613665674021619,-0.10250569476082005,-0.10815337951016346,-0.29739951161088196,-0.11621542809717145,0.5880053202208698,0,5,32.68262302703039,37.99787085969128,40.94352085987824,48.89495477386143,-5090.0351448890915,-4232.882167803784,-3705.7586296207255,-3306.0512931045496,4.068434316544209,1.158755493177121,0.7589503463076772,0.1973287555279673,-0.02745721271393642,-0.012911789549897468,-0.027347417840375532,0.015404761904761921,26.25107058351586,26.241107144676565,26.80470956632833,29.694241454516295,0.007091657770321724,0,2.0
2025-07-07,400000.0,400010.0,400000.0,400010.0,379206000,948,2,400600.0,400010.0,36.54858413599027,29.097446577596585,13.766959297685554,10.162277201383342,-86.23304070231444,-7.870007830853563,-7.026310896243956,-4769.2450046737795,-0.016106279702457354,25.66851252982707,27.74625111992217,41.944308173794546,-14.198057053872375,-125.5949952400378,0.9722667833357639,0.9433486151988529,0.9527395818149426,0.9706670658957718,0.9557254122457027,0.9799157989807846,0.11014406582101079,14.531363982044072,0.01894013390243868,2.499937501562461e-05,0.01335569718674439,0.015578866839014676,0.016234392917999028,1.215540655871695,0.19951804186090563,0.10041521904923312,-0.04922703634448278,12.492860687597656,189603000.0,0.732809234819572,0.3125,1.0,0.0,0.0,-0.0014977533699450823,-0.0014727908137793788,0.015253807106599071,0.005631395027277053,-0.03460842283094001,-0.07870007830853565,-0.07026310896243959,0.15559767014983802,-0.10273434871357753,0.6122284470597719,0,1,36.84134158171861,31.10935905484027,32.68262302703039,40.94352085987824,-5246.187348848165,-5621.429813325409,-5090.0351448890915,-3705.7586296207255,0.005736686107658475,0.7008095618637296,4.068434316544209,0.7589503463076772,0.016751269035532923,-0.009477838952158257,-0.02745721271393642,-0.027347417840375532,26.07585971274353,26.56466601192083,26.25107058351586,26.80470956632833,0.006174845628859282,0,2.0
2025-07-08,392450.0,393350.0,388020.0,389050.0,499546450,1284,8,400010.0,392310.0,32.876736814407224,23.34643326394348,7.770331461691723,12.160474945863184,-92.22966853830827,-7.908450704225352,-9.50173010380623,-4696.434767609695,-0.01922961790068646,26.13544608779416,24.73508105243783,48.23576789558857,-23.500686843150742,-142.0545478288067,0.961423939654602,0.9297051348132876,0.9331480563518576,0.9590671616650914,0.9416998665287125,0.9705895785027958,0.05594770793120215,15.830312429920188,0.020115498769211024,0.013586194591012209,0.013525311922779837,0.015610867560314287,0.017046879369505538,1.2603686677861046,0.2678515551661556,0.1837014993704933,-0.03695353115167643,12.312705575293364,62443306.25,0.24021737359728337,1.2213740458015268,0.02626641651031895,0.16885553470919323,0.8048780487804879,-0.018899527511812203,-0.01924951876203096,-0.02069395906140792,-0.0042893401015228205,-0.04080684596577022,-0.07908450704225356,-0.09501730103806227,-1.0615118094869793,-0.12000628070254143,0.5811938253194148,0,2,36.54858413599027,36.84134158171861,31.10935905484027,37.99787085969128,-4769.2450046737795,-5246.187348848165,-5621.429813325409,-4232.882167803784,0.19951804186090563,0.005736686107658475,0.7008095618637296,1.158755493177121,-0.0014727908137793788,0.016751269035532923,-0.009477838952158257,-0.012911789549897468,25.66851252982707,26.07585971274353,26.56466601192083,26.241107144676565,0.04282225934969808,0,3.0
2025-07-13,402000.0,402000.0,398000.0,399600.0,2003971500,5015,4,396210.0,399000.0,41.34694154518601,42.98383103396409,31.13187051922659,18.146764353375804,-68.8681294807734,-6.338028169014084,-9.111617312072893,-2935.16527042335,-0.021852257819105766,24.798011362589097,34.41102206740191,40.83940359684904,-6.42838152944713,-64.6092591270689,1.000521575156974,0.9602506759659364,0.9469126139676967,0.9897081152801016,0.9687564732824975,0.9464189853368564,0.27405892138984816,17.592783162130857,0.019969685853447158,0.010025062656641603,0.015628601215071845,0.019252677698019024,0.02061276466876772,1.3189129586907156,0.8663131164815423,0.7588596677057168,0.030402422101677873,37.32033510375813,500992875.0,1.3070542482432537,0.6837606837606838,0.75,0.0,0.25,0.014613462557734535,0.007041720299840959,0.03725271011516362,0.01705284086564207,-0.003994008986520248,-0.06338028169014087,-0.09111617312072895,0.7480641823613434,-0.10499988784459748,0.6081576720003224,2,0,39.266795503016844,29.689566773448703,32.876736814407224,36.84134158171861,-3944.020248914687,-4866.210354226921,-4696.434767609695,-5246.187348848165,4.373970701087284,0.09014836919096011,0.2678515551661556,0.005736686107658475,0.029999740036914746,-0.019474395248655352,-0.01924951876203096,0.016751269035532923,26.04842366863706,26.77644477446947,26.13544608779416,26.07585971274353,0.0335835835835836,0,3.0
2025-07-14,405000.0,410380.0,402090.0,402480.0,7050158550,17517,8,399600.0,410380.0,49.01726229392388,56.476180628456234,56.04970568999346,36.82999958337362,-43.95029431000654,-0.958127187160613,-6.7318181818181815,-1369.992705859344,-0.018266914766129027,23.16914971019997,38.294040996079794,36.796769117570804,1.4972718785089896,-27.885988223646514,1.0300832088756133,0.9911710469271354,0.9728895754448152,1.0151347520072747,0.996653428758422,0.9444766860210956,0.44751118158009234,16.820635972853083,0.020009809814219296,0.02020078951215946,0.017257624657500265,0.020548243691928737,0.024334986336941693,1.4101005682937695,2.6969561669566287,1.7653995001209386,0.05071064077912979,47.26075752839766,881269818.75,2.102976237808245,1.3793103448275863,0.6489746682750301,0.0,0.35102533172496986,0.015037593984962405,0.02852130325814528,0.035763862598117147,0.06683650921569129,0.02592435189120268,-0.009581271871606178,-0.06731818181818183,1.8460599551489405,-0.07947331822973913,0.6540244246503567,3,0,41.34694154518601,39.266795503016844,29.689566773448703,36.54858413599027,-2935.16527042335,-3944.020248914687,-4866.210354226921,-4769.2450046737795,0.8663131164815423,4.373970701087284,0.09014836919096011,0.19951804186090563,0.007041720299840959,0.029999740036914746,-0.019474395248655352,-0.0014727908137793788,24.798011362589097,26.04842366863706,26.77644477446947,25.66851252982707,0.031355595309083606,0,3.0
2025-07-15,402480.0,407000.0,402480.0,405710.0,28399600,70,2,402480.0,407000.0,47.04922006927132,52.19612837556534,48.6810551558753,45.287543788365106,-51.3189448441247,-0.4889975550122249,-7.289293849658314,-477.0062156181648,-0.016517546794563617,21.65663531869578,35.65540223801513,34.26129940375505,1.3941028342600816,-31.53286080441283,1.0221122816710406,0.9868209695819103,0.9642625807836446,1.0057257347668256,0.9892915037256483,0.9434018141404014,0.417589637328427,15.991957796146986,0.02012129427347685,0.011105651105651105,0.017289751875757313,0.02029295590645167,0.02192924345138769,1.2683376608854406,0.010982373290868156,0.007231703789412785,0.0521172280241442,48.04146046428767,14199800.0,0.034583232611610955,0.35714285714285715,1.0,0.0,0.0,-0.01925045080169599,-0.008236268824016735,0.020050125313283207,0.027233032987557193,0.03744487777522876,-0.004889975550122272,-0.07289293849658318,-0.2660989721805266,-0.08705502344047913,0.6404014348474467,0,1,49.01726229392388,41.34694154518601,39.266795503016844,32.876736814407224,-1369.992705859344,-2935.16527042335,-3944.020248914687,-4696.434767609695,2.6969561669566287,0.8663131164815423,4.373970701087284,0.2678515551661556,0.02852130325814528,0.007041720299840959,0.029999740036914746,-0.01924951876203096,23.16914971019997,24.798011362589097,26.04842366863706,26.13544608779416,0.027581277267013427,0,3.0
2025-07-16,410010.0,411000.0,410010.0,410980.0,342757170,834,3,405710.0,411000.0,49.62680414467591,56.724253332657284,57.40135164595596,54.04403749727491,-42.59864835404404,3.326042687985519,-5.028191145207506,419.9167908653171,-0.013919073822840832,20.609165225902537,37.98542464286121,33.02064209907837,4.964782543782839,-3.846265074177968,1.0287396312556631,0.9991552154808283,0.973232091937518,1.0131768313668101,0.9990872207099459,0.946043160356918,0.4945072599728972,15.380020081112972,0.019197387556650333,0.0024087591240875912,0.01735121975933077,0.018051416562836826,0.01601183445410841,0.9228074265786361,0.13007673591615196,0.08545081967213115,0.053534827893119585,46.8247823491879,114252390.0,0.27500496146098796,0.5309734513274336,1.0,0.0,0.0,0.007395577395577396,0.00982800982800991,0.0015107948730443965,0.03007518796992481,0.06844828034419104,0.03326042687985509,-0.050281911452075057,0.7066584930028015,-0.07808259123841996,0.6565233162710088,1,0,47.04922006927132,49.01726229392388,41.34694154518601,29.689566773448703,-477.0062156181648,-1369.992705859344,-2935.16527042335,-4866.210354226921,0.010982373290868156,2.6969561669566287,0.8663131164815423,0.09014836919096011,-0.008236268824016735,0.02852130325814528,0.007041720299840959,-0.019474395248655352,21.65663531869578,23.16914971019997,24.798011362589097,26.77644477446947,0.011825392963161319,0,2.0
2025-07-19,412000.0,412000.0,411050.0,411390.0,1829436780,4447,4,410980.0,411070.0,49.6729746334736,56.80778394340042,73.97029980386662,60.01756886856597,-26.02970019613337,4.332487309644669,-6.362186788154897,1020.5284492613855,-0.011834956504916843,19.72649460808615,38.58418483543144,32.70182275849313,5.882362076938307,7.443800131726947,1.0245373543522962,1.002729594512515,0.9732273114474185,1.0112724883957065,0.9993123524978503,0.9499188168328763,0.5193056431500448,14.138842675689759,0.017996872572134524,0.002311041915002311,0.016909751703544126,0.01753574128504763,0.013682773302512049,0.8091646490376477,0.6779790218319307,0.797439299931858,0.029693729563686322,46.72843243430621,457359195.0,1.05930833452448,0.7142857142857143,0.9789473684210527,0.0,0.021052631578947368,0.0024330900243309003,0.00017031630170305512,0.010000000000000009,0.001681368487743029,0.037505363317432705,0.043324873096446614,-0.063621867881549,0.1961076307371155,-0.07792557367488392,0.6568054491959212,2,0,49.62680414467591,47.04922006927132,49.01726229392388,39.266795503016844,419.9167908653171,-477.0062156181648,-1369.992705859344,-3944.020248914687,0.13007673591615196,0.010982373290868156,2.6969561669566287,4.373970701087284,0.00982800982800991,-0.008236268824016735,0.02852130325814528,0.029999740036914746,20.609165225902537,21.65663531869578,23.16914971019997,26.04842366863706,0.011084372493254557,0,2.0
2025-07-21,414500.0,420000.0,414500.0,415100.0,128682500,310,4,413020.0,420000.0,55.60007998677079,67.39475858570992,100.0,90.41974990030512,-0.0,4.997375065623359,-3.265926574231885,2251.508548616702,-0.006406529332781515,18.960679760438772,43.207585762053704,29.77126696592718,13.436318796126525,66.89116320017624,1.038406194834671,1.029555599679367,0.9936627972175549,1.025848961533493,1.0191509673950598,0.9569114689033228,0.7548229730147418,11.598483186073318,0.016682794885695094,0.013095238095238096,0.017430242806277918,0.017425856780697215,0.009526272322611844,0.5465369833620866,0.04926812987714753,0.24256651017214398,0.006531938041693719,60.67823483345752,32170625.0,0.07793345556981689,0.7339449541284403,1.0,0.0,0.0,0.003583361580553,0.016899907994770258,0.021723794001021757,0.021897810218978186,0.02344168819143233,0.04997375065623366,-0.03265926574231881,1.056472191301234,-0.057894618783786815,0.6927975494740236,4,0,51.01978638462741,49.6729746334736,49.62680414467591,49.01726229392388,1521.5840567937585,1020.5284492613855,419.9167908653171,-1369.992705859344,0.11365585195117008,0.6779790218319307,0.13007673591615196,2.6969561669566287,0.0047437176150046945,0.00017031630170305512,0.00982800982800991,0.02852130325814528,19.00294361206573,19.72649460808615,20.609165225902537,23.16914971019997,-0.011708022163334109,0,1.0
2025-07-22,416600.0,417000.0,415710.0,416900.0,161342210,387,6,415100.0,417000.0,53.29335296496309,61.314656089569326,91.50863288989527,96.26586092898133,-8.491367110104727,6.293492391221228,-2.112676056338028,2444.5878468654882,-0.004524019328064935,18.921434755356593,41.264156164078265,28.432188182182124,12.831967981896142,63.13160763780674,1.0247336798260165,1.0233304621183676,0.9865745422128512,1.015627482354139,1.010982303402772,0.9627618976867784,0.7104747252623376,11.084685863962235,0.016337454620742584,0.003093525179856115,0.017009467807987837,0.015906340316127785,0.0091611654937707,0.5385921298177545,0.062131744986915406,0.2885045474876994,0.006201091801870229,88.52953012601348,26890368.333333332,0.06548888879426702,1.1428571428571428,0.31007751937984496,0.0,0.689922480620155,-0.008095238095238095,-0.0071428571428571175,0.009636337223378977,0.01442576690101438,0.024570024570024662,0.06293492391221234,-0.021126760563380254,-0.36527075143966703,-0.06462394293533119,0.680706138406352,0,1,55.60007998677079,51.01978638462741,49.6729746334736,47.04922006927132,2251.508548616702,1521.5840567937585,1020.5284492613855,-477.0062156181648,0.04926812987714753,0.11365585195117008,0.6779790218319307,0.010982373290868156,0.016899907994770258,0.0047437176150046945,0.00017031630170305512,-0.008236268824016735,18.960679760438772,19.00294361206573,19.72649460808615,21.65663531869578,-0.030366994483089438,0,0.0
2025-07-26,415000.0,416000.0,415000.0,415840.0,34099000,82,2,416900.0,416000.0,52.511298547544094,59.23640042155134,88.67817718652704,93.39560335880742,-11.32182281347297,8.144643460628592,-0.9523809523809524,2413.1250597821695,-0.0031603307258193615,18.78881344425838,40.35289903363634,28.588270228062296,11.764628805574045,60.606060606060744,1.0144658934615722,1.0213777305281455,0.9839944782771393,1.0111397894413339,1.0079189480120634,0.969963095476322,0.6960527623421521,10.904070043571783,0.015550367702446008,0.002403846153846154,0.01673225489121064,0.013587158666965018,0.009148560490868176,0.5467619606771509,0.013360379956171436,0.0688497061293031,0.005239134044346283,94.4910540870829,17049500.0,0.042125596493775876,0.39603960396039606,1.0,0.0,0.0,-0.004796163069544364,-0.0023980815347721673,-0.00952380952380949,0.007215146966248698,0.012165450121654597,0.08144643460628598,-0.00952380952380949,-0.12267364849790109,-0.06686705098584599,0.6766756680504615,0,2,53.29335296496309,55.60007998677079,51.01978638462741,49.62680414467591,2444.5878468654882,2251.508548616702,1521.5840567937585,419.9167908653171,0.062131744986915406,0.04926812987714753,0.11365585195117008,0.13007673591615196,-0.0071428571428571175,0.016899907994770258,0.0047437176150046945,0.00982800982800991,18.921434755356593,18.960679760438772,19.00294361206573,20.609165225902537,-0.021258176221623737,0,0.0
2025-07-27,416000.0,419860.0,415010.0,415950.0,467109280,1123,3,415840.0,419860.0,55.241599228201935,64.63458284127725,99.60373620152845,93.26351542598358,-0.3962637984715539,5.969056813306075,-1.549933172321617,2547.226821022055,-0.001295167711726422,19.035450564855278,42.49226011111228,27.02943108581178,15.4628290253005,85.14647233838107,1.018007773383798,1.031692109223823,0.9927481574834428,1.0173101171857057,1.015971486143142,0.9751872072485323,0.8037631304414625,10.433165202690766,0.015131980819257441,0.01155146953746487,0.016482973634330617,0.011224164197263855,0.009480822021040112,0.5751888118836473,0.18630964231203131,2.1341695172938047,0.0017597874534327484,94.59845179864061,155703093.33333334,0.39086982178206875,0.6060606060606061,0.7958762886597938,0.0,0.20412371134020618,0.0,0.00927884615384622,0.006858513189448523,-0.0003333333333332966,0.02138321940302146,0.05969056813306084,-0.015499331723216159,0.6024772557045833,-0.05820865391085889,0.6922332836241989,1,0,52.511298547544094,53.29335296496309,55.60007998677079,49.6729746334736,2413.1250597821695,2444.5878468654882,2251.508548616702,1020.5284492613855,0.013360379956171436,0.062131744986915406,0.04926812987714753,0.6779790218319307,-0.0023980815347721673,-0.0071428571428571175,0.016899907994770258,0.00017031630170305512,18.78881344425838,18.921434755356593,18.960679760438772,19.72649460808615,-0.03397042913811754,0,0.0
2025-07-28,414920.0,414920.0,408500.0,408970.0,94881140,232,2,415950.0,408500.0,46.72700694601917,44.43194205225486,67.44975941126522,85.2438909331069,-32.55024058873479,2.380952380952381,-4.107981220657277,1800.9609092347368,-0.0020558501834127053,18.375337083328898,37.354460429633676,30.690255020284496,6.664205409349179,38.03013657755929,0.9881877097026245,1.005940837873611,0.9664178663102236,0.9913430402330613,0.9893267401288303,0.9779699310377459,0.5622392053062188,9.545169872240296,0.01642823484316394,0.015716034271725826,0.017510015552737245,0.015276716545278835,0.01687325074655386,0.9636342523931201,0.03989304536974147,0.5435801312089972,0.0007603006719105743,95.75353680301066,47440570.0,0.12589097844191266,0.4123711340206186,1.0,0.0,0.0,-0.011765826704139474,-0.02705663792692803,-0.018028846153846145,-0.020383693045563533,-0.010943779962229394,0.023809523809523725,-0.04107981220657275,-1.4338730260991228,-0.08369036136470694,0.6464471403812825,0,1,55.241599228201935,52.511298547544094,53.29335296496309,51.01978638462741,2547.226821022055,2413.1250597821695,2444.5878468654882,1521.5840567937585,0.18630964231203131,0.013360379956171436,0.062131744986915406,0.11365585195117008,0.00927884615384622,-0.0023980815347721673,-0.0071428571428571175,0.0047437176150046945,19.035450564855278,18.78881344425838,18.921434755356593,19.00294361206573,-0.009144925055627584,0,1.0
2025-07-29,410990.0,410990.0,408020.0,410240.0,1634003170,3983,2,408970.0,408020.0,46.40156179751988,43.75771293767086,66.09114067364845,77.71487876214736,-33.90885932635154,-0.5750767581266143,-1.5276939785205743,1232.2495159189903,-0.002697083021077616,17.69947131671572,36.124662011864345,30.21193738765827,5.912724624206074,28.920127280783017,0.9875903734022031,1.0055425350752025,0.9664318762876244,0.991676653792243,0.9890313566362858,0.9785756345095906,0.5590770692178237,9.381872101282774,0.015792667925000545,0.007279054948286848,0.016458413417960685,0.01223059162769981,0.013359749793843937,0.8117276832568048,0.7307385357709631,3.429481660065438,-0.0036974852739161124,91.32826348177474,817001585.0,2.085729814337461,0.4444444444444444,1.0,0.0,0.0,0.00609547123623011,-0.0011750305997552113,-0.028199876149192615,-0.019182692307692317,-0.028523809523809507,-0.005750767581266136,-0.015276939785205723,-0.03245458775032059,-0.08476705322895405,0.644512514610455,0,2,46.72700694601917,55.241599228201935,52.511298547544094,55.60007998677079,1800.9609092347368,2547.226821022055,2413.1250597821695,2251.508548616702,0.03989304536974147,0.18630964231203131,0.013360379956171436,0.04926812987714753,-0.02705663792692803,0.00927884615384622,-0.0023980815347721673,0.016899907994770258,18.375337083328898,19.035450564855278,18.78881344425838,18.960679760438772,-0.005460218408736339,0,1.0
2025-07-30,404310.0,404310.0,404000.0,404240.0,8893270,22,2,410240.0,404000.0,43.65901961292985,38.10761947884298,32.744850777637666,55.42858362085044,-67.25514922236233,-0.7371007371007371,-1.2224938875305624,575.9155701475024,-0.00399212590964035,16.54706015063565,34.47044443023921,33.40766666875096,1.062777761488249,-10.635080320811337,0.9785707538143671,0.9962492694583018,0.9576450654493512,0.984647125179932,0.9807917941731676,0.9786160701375453,0.45995163467719463,9.365502215797985,0.015521290093328038,0.0007673267326732674,0.016352237970904727,0.012354105419179886,0.013487319091698046,0.824799584967869,0.004607571077019739,0.020213156927600145,-0.0033198296457879195,91.92127942333887,4446635.0,0.011946931772931355,0.5128205128205129,1.0,0.0,0.0,-0.00909269153472869,-0.009852458212832649,-0.011015911872705009,-0.03777449626065832,-0.031175059952038398,-0.0073710073710073765,-0.012224938875305624,-0.5726766708689734,-0.0937843475920235,0.6283100237797751,0,3,46.40156179751988,46.72700694601917,55.241599228201935,53.29335296496309,1232.2495159189903,1800.9609092347368,2547.226821022055,2444.5878468654882,0.7307385357709631,0.03989304536974147,0.18630964231203131,0.062131744986915406,-0.0011750305997552113,-0.02705663792692803,0.00927884615384622,-0.0071428571428571175,17.69947131671572,18.375337083328898,19.035450564855278,18.921434755356593,0.005269147041361499,0,1.0
2025-08-04,401250.0,401850.0,400000.0,401820.0,228886068080,569626,5,407000.0,401850.0,42.63930403345218,36.89491917457573,9.25,27.634647228909518,-90.75,-2.242926995402243,1.9923857868020305,-126.12499400229672,-0.00562386943676432,15.107997794294866,33.44644632290624,37.772178890072546,-4.325732567166305,-45.10870581197592,0.9764898851831602,0.9888649646262688,0.954974446086304,0.983552645312463,0.978142177391598,0.9779665520111143,0.37396585194377197,8.834935250058937,0.015194160710947395,0.004603707851188255,0.015274191684625729,0.012687050343700655,0.012947805207972035,0.8476916798814746,18.008131109396935,4.961354415804537,-0.5952460256438192,4.274811599752127,45777213616.0,17.549285348788043,1.5384615384615385,0.32432432432432434,0.0,0.6756756756756757,-0.014127764127764128,-0.012653562653562656,-0.005321782178217771,-0.015121807754521877,-0.04289525079788503,-0.02242926995402239,0.01992385786802031,-0.9002775077351901,-0.09860702990063032,0.6196445125146105,0,1,46.21390048072376,43.65901961292985,46.40156179751988,55.241599228201935,345.75498792533153,575.9155701475024,1232.2495159189903,2547.226821022055,0.059665871121718374,0.004607571077019739,0.7307385357709631,0.18630964231203131,0.007425742574257432,-0.009852458212832649,-0.0011750305997552113,0.00927884615384622,15.802930069049259,16.54706015063565,17.69947131671572,19.035450564855278,0.013488626748295207,0,2.0
2025-08-06,407970.0,408310.0,407970.0,408000.0,1091403510,2675,3,405230.0,408310.0,48.24534861375683,50.150516587571374,41.55,25.649999999999995,-58.45,-2.7833333333333337,2.0749481262968423,11.899987505712488,-0.005299851195637912,13.401392616421747,38.624717359103435,34.83327376609504,3.7914435930083954,15.167487718018258,0.9969065645776007,1.0031656804370286,0.9734850435542229,1.000526516502351,0.9952490673410149,0.9765058011898018,0.5367799411178861,8.607084026812213,0.013981670069688968,0.0008327006441184394,0.015003198489880186,0.011743478886595366,0.010496043899028942,0.6995870851211249,0.06077252672855241,0.01634040827197281,-0.33430360407117676,31.07893026435886,363801170.0,0.04786232418749352,0.9090909090909092,1.0,0.0,0.0,0.006761592182217506,0.007600621869062074,0.016075650118203333,0.003218673218673196,0.0007107494730651531,-0.027833333333333377,0.020749481262968494,0.43100884046050214,-0.08411655189430475,0.6456813510136633,2,0,45.612656509946554,42.63930403345218,46.21390048072376,46.40156179751988,-180.12114764644002,-126.12499400229672,345.75498792533153,1232.2495159189903,5.599786024436464,18.008131109396935,0.059665871121718374,0.7307385357709631,0.008411098668657413,-0.012653562653562656,0.007425742574257432,-0.0011750305997552113,14.035239999342888,15.107997794294866,15.802930069049259,17.69947131671572,-0.009950980392156916,0,1.0
2025-08-09,410770.0,411880.0,406000.0,406370.0,4433059000,10909,8,408000.0,406000.0,46.43005303127315,45.81165228633096,30.0,32.56666666666666,-70.0,-2.6378896882494005,3.489587316153042,4.049597468058437,-0.005346847862959496,13.229158889460084,40.24637241071144,32.276068778720074,7.970303631991364,4.974480795916924,0.9939360110850795,0.9958156122303817,0.9691134473800043,0.9956524729190913,0.990380083233012,0.975025994200596,0.44728851538719094,7.938284797619763,0.01409133078466065,0.014482758620689656,0.01432373684196781,0.011691106342656852,0.00962446351219769,0.6719240669095866,0.2451579121238442,0.06576361509989029,-0.34565775650752883,30.60061468292686,554132375.0,0.07266759933112925,2.4242424242424243,0.8112244897959183,0.18877551020408162,0.0,0.006024834072151062,-0.005657466140922329,0.0019001554672655185,0.010327236531043837,0.004950495049504955,-0.026378896882493952,0.03489587316153053,-0.5215942975737762,-0.08929813149099392,0.6363709644915562,0,1,48.24534861375683,45.612656509946554,42.63930403345218,43.65901961292985,11.899987505712488,-180.12114764644002,-126.12499400229672,575.9155701475024,0.06077252672855241,5.599786024436464,18.008131109396935,0.004607571077019739,0.007600621869062074,0.008411098668657413,-0.012653562653562656,-0.009852458212832649,13.401392616421747,14.035239999342888,15.107997794294866,16.54706015063565,0.011073652090459518,0,2.0
2025-08-10,407000.0,407500.0,407000.0,407070.0,560947000,1378,6,406370.0,407000.0,47.35354628594803,48.08030289824988,35.0,35.51666666666666,-65.0,-2.1634615384615383,5.80497569345153,82.5623753990094,-0.00509009056653772,13.069227571567113,39.45071745553117,31.63798359192463,7.812733863606539,-21.9537651894191,0.9985843165831242,0.9955420751059445,0.9725218375358066,0.9983959175363871,0.993347797891334,0.9739005724258757,0.42580741289334445,6.008585315466894,0.013315908017100545,0.0012285012285012285,0.013419143431305175,0.01180133317102162,0.009037379016572917,0.6734691422620797,0.030934905371291822,0.008295328128988139,-0.34435826046364293,30.173259604848894,93491166.66666667,0.012266054779337917,1.6901408450704227,0.0,1.0,0.0,0.0024630541871921183,0.0024630541871921707,-0.0032083465993975047,0.0043678898403376465,0.0,-0.02163461538461542,0.058049756934515306,-0.03335023600326532,-0.08705502344047913,0.6404014348474467,1,0,46.43005303127315,48.24534861375683,45.612656509946554,46.21390048072376,4.049597468058437,11.899987505712488,-180.12114764644002,345.75498792533153,0.2451579121238442,0.06077252672855241,5.599786024436464,0.059665871121718374,-0.005657466140922329,0.007600621869062074,0.008411098668657413,0.007425742574257432,13.229158889460084,13.401392616421747,14.035239999342888,15.802930069049259,0.009850885597071812,0,2.0
2025-08-11,409900.0,409900.0,407000.0,407240.0,214617400,527,4,407070.0,407000.0,47.35354628594803,48.08030289824988,35.0,33.333333333333336,-65.0,-3.0629257371504788,2.7233032987557104,147.08430415290786,-0.0048412134048863055,13.211446565206332,41.162854715614536,30.387205639253885,10.77564907636065,-21.196451287812383,1.0017450546529458,0.994230045778553,0.9737797248055431,0.9986423644139528,0.9938375170043925,0.9720833861694568,0.39152716704637786,5.319262034867284,0.0128737222391153,0.007125307125307125,0.011812225624188195,0.01115230361270404,0.005782147369438947,0.48950532722628465,0.012169973189110297,0.010076905720699532,0.6144181420126231,30.15542986485346,53654350.0,0.007154860602863741,1.1267605633802817,1.0,0.0,0.0,0.007125307125307125,0.0,0.0024630541871921707,-0.0032083465993975047,0.012815727261415999,-0.030629257371504792,0.027233032987557193,-0.1194185440255738,-0.08705502344047913,0.6404014348474467,0,0,47.35354628594803,46.43005303127315,48.24534861375683,42.63930403345218,82.5623753990094,4.049597468058437,11.899987505712488,-126.12499400229672,0.030934905371291822,0.2451579121238442,0.06077252672855241,18.008131109396935,0.0024630541871921707,-0.005657466140922329,0.007600621869062074,-0.012653562653562656,13.069227571567113,13.229158889460084,13.401392616421747,15.107997794294866,0.01574010411550919,0,2.0
2025-08-12,410000.0,410000.0,404430.0,404910.0,6359952400,15707,12,407240.0,404450.0,45.056450858598346,41.98016554001532,22.406847935548843,30.802282645182945,-77.59315206445116,-0.9914320685434517,1.3659147869674184,36.384415951307346,-0.005122951267159105,12.931826373000959,38.05126451353954,31.577996527145437,6.473267986394106,-58.134257540124764,0.9964620607756858,0.9873435953270537,0.969327594140655,0.9935494169743065,0.9885179542544924,0.9727691924227319,0.2428145957293926,4.921120896747831,0.013013239207947135,0.013771788849054271,0.011853051243505485,0.0075287205588620365,0.005796689054168501,0.4890461481253292,0.3582972724514632,2.5174701884857034,-0.034643550004873624,29.56869671609637,529996033.3333333,0.07066183029317599,3.0379746835443036,0.9964093357271095,0.0,0.003590664272890485,0.007371007371007371,-0.006265356265356292,-0.006265356265356292,-0.0038177339901477314,-0.001924832810996202,-0.009914320685434519,0.013659147869674149,-0.5914596232493133,-0.09277494896929185,0.6301237354399258,0,1,47.35354628594803,47.35354628594803,46.43005303127315,45.612656509946554,147.08430415290786,82.5623753990094,4.049597468058437,-180.12114764644002,0.012169973189110297,0.030934905371291822,0.2451579121238442,5.599786024436464,0.0,0.0024630541871921707,-0.005657466140922329,0.008411098668657413,13.211446565206332,13.069227571567113,13.229158889460084,14.035239999342888,0.016448099577683895,0,2.0
2025-08-16,401170.0,409800.0,400490.0,403940.0,36089126150,89342,20,404910.0,407660.0,48.44670673596241,51.09302835881748,38.56998992950655,31.992279288351796,-61.43001007049345,-0.08823096907014362,-0.6628003314001657,189.1687747011756,-0.004591819377857377,12.0758560559299,33.493825815355045,32.86458751343037,0.6292383019246728,-61.11275268107002,1.0044597757792288,0.9955103620648184,0.9784438024852079,1.001213899136634,0.996631989820911,0.9740995369636992,0.4090639940312263,4.93714001110119,0.013619833714633489,0.02283765883334151,0.010074519804885022,0.008035516899877988,0.005913027490120939,0.5869289658107355,1.8836938886739483,3.790078311259683,0.10118308641994633,26.755396537817347,1804456307.5,0.23910799007662092,4.395604395604396,0.6970998925886144,0.22986036519871106,0.07303974221267455,-0.008109778711830882,0.007936704166151554,0.001621621621621605,0.001621621621621605,-0.0015919277019911249,-0.000882309690701466,-0.006628003314001707,0.815988188269068,-0.08557457212713937,0.6430615452823345,1,0,45.056450858598346,47.35354628594803,47.35354628594803,48.24534861375683,36.384415951307346,147.08430415290786,82.5623753990094,11.899987505712488,0.3582972724514632,0.012169973189110297,0.030934905371291822,0.06077252672855241,-0.006265356265356292,0.0,0.0024630541871921707,0.007600621869062074,12.931826373000959,13.211446565206332,13.069227571567113,13.401392616421747,0.025375055701341687,0,3.0
2025-08-17,410380.0,411030.0,408020.0,410870.0,691909800,1684,8,403940.0,411030.0,51.80867917775711,58.98358594904218,55.53877139979859,38.83853642161799,-44.46122860020141,1.7400990099009903,0.9901719901719902,508.8704186606112,-0.003466856042023088,11.45816707393519,33.62785477214978,31.398610777254454,2.2292439948953273,5.440552016985486,1.0110120943640803,1.0032462777642177,0.9874314674082513,1.0080188222002082,1.004508410710799,0.976676216746288,0.5660898109819459,4.911918669436838,0.013128933647074311,0.007323066442838722,0.010064740231929636,0.007613632785264487,0.006039316547024491,0.6000469369159882,0.035445281346920696,0.07750510870965961,0.12299870668510016,26.890820438538782,86488725.0,0.011455109838285044,1.6494845360824744,0.2159468438538206,0.0,0.7840531561461794,0.006672226855713094,0.008266692832262112,0.01626900729385583,0.009901719901719952,0.012389162561576406,0.017400990099009972,0.009901719901719952,0.7675836204949359,-0.07801529799690451,0.6566442303816855,2,0,48.44670673596241,45.056450858598346,47.35354628594803,46.43005303127315,189.1687747011756,36.384415951307346,147.08430415290786,4.049597468058437,1.8836938886739483,0.3582972724514632,0.012169973189110297,0.2451579121238442,0.007936704166151554,-0.006265356265356292,0.0,-0.005657466140922329,12.0758560559299,12.931826373000959,13.211446565206332,13.229158889460084,0.014189402974176701,0,2.0
2025-08-18,411030.0,412850.0,411030.0,411080.0,123735010,301,4,410870.0,411200.0,51.978806625987204,59.36938057665357,75.06702412868633,56.39192848599716,-24.932975871313673,1.0319410319410318,0.04866180048661801,711.0569519713808,-0.0025414179660728,11.14924577143113,35.30622420837607,30.604626064426498,4.701598143949575,34.15124632592689,1.0103864384123762,1.0036367186546582,0.9894109924716218,1.007128677017115,1.0045574770814871,0.9792401747061122,0.5739996921651201,4.914505112458219,0.012502260415585116,0.004426070038910506,0.009824834574047394,0.007351493790481024,0.006109909175056697,0.6218841782024719,0.0063390841392324026,0.013992060319260698,0.12101770122468691,26.82426930589324,30933752.5,0.004099322278200662,0.8163265306122448,0.09340659340659341,0.9065934065934066,0.0,0.0,0.00041359511471172894,0.008683707010744168,0.01668933119050564,0.010319410319410416,0.010319410319410416,0.00048661800486615725,0.03492707811962193,-0.07763396962831699,0.657329410342187,3,0,51.80867917775711,48.44670673596241,45.056450858598346,47.35354628594803,508.8704186606112,189.1687747011756,36.384415951307346,82.5623753990094,0.035445281346920696,1.8836938886739483,0.3582972724514632,0.030934905371291822,0.008266692832262112,0.007936704166151554,-0.006265356265356292,0.0024630541871921707,11.45816707393519,12.0758560559299,12.931826373000959,13.069227571567113,0.005692322662255611,0,2.0
2025-08-19,413000.0,415810.0,413000.0,413650.0,10754860,26,3,411080.0,413000.0,53.83706968933272,63.59883320489531,82.22643896268184,70.94407816372224,-17.773561037318153,2.774667164364813,0.46950641010046945,931.3904877972834,-0.001433050629234654,11.280064171514415,37.171207714447114,28.62977706409657,8.541430650350545,69.23953305967241,1.0120366195526456,1.0077927021655342,0.995120296309718,1.0097450456257338,1.0082860398224145,0.9832848704126882,0.6572451438452322,4.9557665025281485,0.012355946606287064,0.006803874092009685,0.009872010691821129,0.00558396962831337,0.006052438685545159,0.6130907749684216,0.0005501230900413968,0.0012142723706332896,0.12012087355438439,26.83307247092047,3584953.3333333335,0.0004765085754995678,0.6185567010309279,0.0,1.0,0.0,0.004377431906614786,0.0043774319066147704,0.004792837505778191,0.013099151253495478,0.014742014742014753,0.02774667164364808,0.00469506410100462,0.41497460894482163,-0.07359637513739037,0.6645842569827899,4,0,51.978806625987204,51.80867917775711,48.44670673596241,47.35354628594803,711.0569519713808,508.8704186606112,189.1687747011756,147.08430415290786,0.0063390841392324026,0.035445281346920696,1.8836938886739483,0.012169973189110297,0.00041359511471172894,0.008266692832262112,0.007936704166151554,0.0,11.14924577143113,11.45816707393519,12.0758560559299,13.211446565206332,0.01537531729723196,0,2.0
2025-08-20,412000.0,416000.0,410490.0,411570.0,1678779550,4079,7,413650.0,416000.0,56.83511548396574,69.72642669834896,100.0,85.76448769712272,-0.0,2.657749919798633,0.7215146966248608,1226.0063344604,2.227769327957783e-05,10.962737464621535,34.32060248882084,29.927635466741364,4.392967022079475,71.0005000035208,1.0167047523615167,1.0147442832209836,1.0031517291104504,1.0144142251172483,1.0144371501886131,0.9866696568304746,0.7899687128691008,5.084784173815223,0.012336723442506053,0.013245192307692309,0.009947769152562933,0.0054653753424714095,0.0033060624222238165,0.3323420931387462,0.0860010563012799,0.21371238159108055,0.15541607903042465,27.27360070217965,239825650.0,0.031890381323358336,1.3592233009708736,0.7259528130671506,0.0,0.27404718693284935,-0.002421307506053269,0.007263922518159882,0.011673151750972721,0.012091574824222073,0.02855730003708734,0.026577499197986354,0.007215146966248698,0.6893117479468513,-0.06686705098584599,0.6766756680504615,5,0,53.83706968933272,51.978806625987204,51.80867917775711,45.056450858598346,931.3904877972834,711.0569519713808,508.8704186606112,36.384415951307346,0.0005501230900413968,0.0063390841392324026,0.035445281346920696,0.3582972724514632,0.0043774319066147704,0.00041359511471172894,0.008266692832262112,-0.006265356265356292,11.280064171514415,11.14924577143113,11.45816707393519,12.931826373000959,0.009718881356755915,0,2.0
2025-08-23,418520.0,419140.0,414000.0,414190.0,431998220,1043,4,411570.0,419140.0,59.77944257748446,74.88828618232823,100.0,94.07547965422727,-0.0,2.652396463471382,-0.20476190476190476,1557.876801459865,0.0017431101488016784,11.122272114664465,36.23540693340727,27.786883055163308,8.448523878243961,128.1029901703365,1.0216746943312338,1.02251090171683,1.0112649618429275,1.0186123483734506,1.020424166095643,0.9898111086179733,0.9495769161842718,5.007130238778337,0.012245652727195267,0.012263205611490195,0.009332474865919932,0.005460098838742366,0.003242875509134495,0.3474829084165805,0.021973484345735816,0.7311089303238469,0.010140975626400373,27.357509833426363,107999555.0,0.01435380853978146,0.7766990291262136,0.12062256809338522,0.0,0.8793774319066148,0.006057692307692307,0.007548076923076907,0.014866828087167105,0.01930933852140071,0.02816072217043608,0.026523964634713737,-0.002047619047619076,0.8153100019601914,-0.05982369170722954,0.6893313449679578,6,0,56.83511548396574,53.83706968933272,51.978806625987204,48.44670673596241,1226.0063344604,931.3904877972834,711.0569519713808,189.1687747011756,0.0860010563012799,0.0005501230900413968,0.0063390841392324026,1.8836938886739483,0.007263922518159882,0.0043774319066147704,0.00041359511471172894,0.007936704166151554,10.962737464621535,11.280064171514415,11.14924577143113,12.0758560559299,0.018276636326323592,0,2.0
2025-08-25,417150.0,417150.0,415000.0,416700.0,202097300,485,4,414190.0,415000.0,54.50089453163977,59.32794030037896,78.36990595611286,92.78996865203762,-21.630094043887148,2.2167487684729066,-0.4796163069544364,1427.557235524888,0.0023064504354577847,11.27041143256147,34.11848115416279,26.163532469576396,7.954948684586391,100.84108662803293,1.0093688890618464,1.0126582278481013,1.0021709679522628,1.0072260731739926,1.0095714257310435,0.992868889473824,0.7588482684725251,4.89021152152109,0.0121969634239236,0.005180722891566265,0.009460839905667527,0.006274506539176522,0.007206173002658498,0.7616842769257338,0.010216720874972616,0.4086619480957196,0.007040455672360668,27.32746220684747,50524325.0,0.006713940688920364,0.7920792079207921,1.0,0.0,0.0,-0.004747816958534141,-0.009877367943885051,-0.0024038461538461453,0.004842615012106588,0.00965866238474078,0.022167487684729092,-0.004796163069544335,-1.0231500926133645,-0.06911015903636078,0.672645197694571,0,1,59.77944257748446,56.83511548396574,53.83706968933272,51.80867917775711,1557.876801459865,1226.0063344604,931.3904877972834,508.8704186606112,0.021973484345735816,0.0860010563012799,0.0005501230900413968,0.035445281346920696,0.007548076923076907,0.007263922518159882,0.0043774319066147704,0.008266692832262112,11.122272114664465,10.962737464621535,11.280064171514415,11.45816707393519,0.01519078473722102,0,2.0
2025-08-26,414140.0,419720.0,410000.0,413420.0,633772690,1533,6,416700.0,418930.0,58.26800739708855,66.93636791478639,95.89183567342694,91.42058054317994,-4.108164326573063,2.9312039312039313,0.704326923076923,1526.1323333483774,0.003430847902693921,10.502891951390266,29.727324597251588,29.416736247273846,0.310588349977742,108.1601792855453,1.0159794927014292,1.0218826760724853,1.0123004178430484,1.0141487553675486,1.0176896948475829,0.9963787902366038,0.9290620462661157,5.100119263150365,0.012876787747026918,0.023201966915713843,0.009685082920344338,0.006683475921424347,0.007835634710792606,0.8090415719965794,0.032243985802550286,1.0696343845939156,0.008784054870571323,68.60157979255875,105628781.66666667,0.01402825735262188,1.1428571428571428,0.492798353909465,0.08127572016460906,0.42592592592592593,-0.002072289156626506,0.009469879518072322,-0.0005010259101970727,0.007043269230769145,0.018798638132295764,0.029312039312039406,0.007043269230769145,0.9369037165980806,-0.06029474439783764,0.6884849461932208,1,0,54.50089453163977,59.77944257748446,56.83511548396574,51.978806625987204,1427.557235524888,1557.876801459865,1226.0063344604,711.0569519713808,0.010216720874972616,0.021973484345735816,0.0860010563012799,0.0063390841392324026,-0.009877367943885051,0.007548076923076907,0.007263922518159882,0.00041359511471172894,11.27041143256147,11.122272114664465,10.962737464621535,11.14924577143113,0.027816748101204603,0,3.0
2025-08-27,419020.0,421040.0,418540.0,420010.0,501068420,1193,11,413420.0,420000.0,59.25709259267431,68.79083412762567,94.93917274939173,89.73363812631051,-5.0608272506082725,3.194103194103194,0.03334444814938312,1577.0098196625152,0.004481940602631741,10.009349410106841,30.521530324029513,28.40415578216152,2.117374541867992,165.47547686017754,1.0153732342780333,1.0244752003824706,1.015769580893471,1.0141274039907122,1.0187579223904932,1.0003903457389434,0.9786820282567321,5.113039332519902,0.012351725336939767,0.005952380952380952,0.009474913588927034,0.006608148933999063,0.007841931154578811,0.827651997137301,0.025090830699987906,0.7158286331453259,0.010438123320976267,10.130672938033115,45551674.54545455,0.006054016210276092,1.9469026548672566,0.392,0.416,0.192,0.0002148330269973504,0.0025541259876351585,0.012048192771084265,0.0020518203941404245,0.016949152542372836,0.03194103194103204,0.00033344448149374983,0.26327128348904283,-0.057894618783786815,0.6927975494740236,2,0,58.26800739708855,54.50089453163977,59.77944257748446,53.83706968933272,1526.1323333483774,1427.557235524888,1557.876801459865,931.3904877972834,0.032243985802550286,0.010216720874972616,0.021973484345735816,0.0005501230900413968,0.009469879518072322,-0.009877367943885051,0.007548076923076907,0.0043774319066147704,10.502891951390266,11.27041143256147,11.122272114664465,11.280064171514415,0.010142615652008358,0,2.0
2025-08-30,421330.0,421330.0,415000.0,415570.0,258897250,623,7,420010.0,415000.0,52.942570158000976,52.682013460466905,69.62571976967371,86.81890939749746,-30.374280230326296,2.6084806527382867,1.591187270501836,1204.3567414867898,0.004363496771810369,9.642964483063023,27.90257700156056,30.76555881531909,-2.8629818137585303,103.88988263592721,1.0007330671142234,1.0114772198269033,1.0048435882262357,1.0017378388553742,1.0061357384841256,1.0041075100314867,0.7204569112526555,5.206105701875606,0.012697146357950282,0.01525301204819277,0.007616052216698217,0.007659685462556245,0.009892984060339834,1.298964841476459,0.013097370434841106,0.6387123231494771,0.003750665986350432,8.208806465022676,36985321.428571425,0.004915852061509945,1.1864406779661016,1.0,0.0,0.0,0.0031666666666666666,-0.011904761904761862,-0.009381042178884247,0.0,-0.0024038461538461453,0.026084806527382876,0.01591187270501826,-1.670420405483525,-0.06911015903636078,0.672645197694571,0,1,59.25709259267431,58.26800739708855,54.50089453163977,56.83511548396574,1577.0098196625152,1526.1323333483774,1427.557235524888,1226.0063344604,0.025090830699987906,0.032243985802550286,0.010216720874972616,0.0860010563012799,0.0025541259876351585,0.009469879518072322,-0.009877367943885051,0.007263922518159882,10.009349410106841,10.502891951390266,11.27041143256147,10.962737464621535,0.03489183531053741,0,3.0
2025-08-31,418000.0,423180.0,417000.0,421760.0,598476990,1419,10,415570.0,417500.0,55.49616668658917,58.36882266980842,74.9669457910974,79.84394610338761,-25.033054208902602,2.413776186037384,2.3234155188471153,1061.6655067796146,0.0046313204845246266,8.973071240835573,27.338643028554294,27.483625502057667,-0.14498247350337223,116.87644698569063,1.0043783679753657,1.0163962362908232,1.0119995268447721,1.0065687949990385,1.0112831367585855,1.0075879360930178,0.8042213959725414,5.389573681498432,0.013119094029280028,0.014802395209580838,0.007686733318796738,0.0075346143879038525,0.009604544177893772,1.2494962137436614,0.029912349858554007,1.3506567675613936,0.004274352337804821,10.085060280942571,59847699.0,0.007994801130743995,1.5873015873015874,0.08090614886731391,0.8381877022653722,0.08090614886731391,0.007228915662650603,0.006024096385542244,-0.005952380952380931,-0.003413458095624544,-0.0039127737748723135,0.024137761860373752,0.02323415518847116,0.6305530201218452,-0.0635023889100738,0.6827213735842973,1,0,52.942570158000976,59.25709259267431,58.26800739708855,59.77944257748446,1204.3567414867898,1577.0098196625152,1526.1323333483774,1557.876801459865,0.013097370434841106,0.025090830699987906,0.032243985802550286,0.021973484345735816,-0.011904761904761862,0.0025541259876351585,0.009469879518072322,0.007548076923076907,9.642964483063023,10.009349410106841,10.502891951390266,11.122272114664465,0.03762803490136579,0,3.0
2025-09-02,422090.0,428000.0,422090.0,423030.0,2798344450,6615,9,421760.0,428000.0,64.26678387493729,73.79867424234644,100.0,81.53088852025704,-0.0,4.128652409799772,5.9405940594059405,1578.7115708651413,0.00664789780161412,9.100367960792832,29.724628147075116,23.951626063287318,5.773002083787798,179.5269044339314,1.02545180975473,1.0389232094959524,1.0380045478180564,1.0268468257588579,1.0339046442542388,1.0122411779314413,1.1203680152177418,6.274212812582018,0.01363549446660837,0.013808411214953272,0.008927783771655746,0.010355367623773499,0.013331089915248543,1.4932137982074087,0.13848110408063935,2.905648774488272,0.014276821326362654,15.181429096036581,310927161.1111111,0.04145059280730711,1.3533834586466165,1.0,0.0,0.0,0.010994011976047904,0.025149700598802394,0.031325301204819356,0.01904761904761898,0.031325301204819356,0.04128652409799782,0.05940594059405946,2.489127173114267,-0.03994975437966847,0.7250413123211479,2,0,55.49616668658917,52.942570158000976,59.25709259267431,54.50089453163977,1061.6655067796146,1204.3567414867898,1577.0098196625152,1427.557235524888,0.029912349858554007,0.013097370434841106,0.025090830699987906,0.010216720874972616,0.006024096385542244,-0.011904761904761862,0.0025541259876351585,-0.009877367943885051,8.973071240835573,9.642964483063023,10.009349410106841,11.27041143256147,0.029974233505897896,0,3.0
2025-09-03,425000.0,425010.0,423000.0,424920.0,2216378050,5216,10,423030.0,423000.0,58.36787106517185,61.1976632628152,81.82479098509633,85.59724559206457,-18.175209014903672,2.869649805447471,3.9312039312039313,1489.3917913568332,0.007395575478538402,9.218572057896003,27.886777069385094,22.470715299491186,5.416061769893908,130.39444079405794,1.010615041678911,1.0247961915375576,1.026364215168644,1.0125375445348443,1.0201769332559325,1.0155837513199577,0.8773818755674505,6.570583576721292,0.013655503413071424,0.00475177304964539,0.009429373423104953,0.011479482502704004,0.015272125346911114,1.6196331040925334,0.10862355669260429,1.731050046462233,0.00476133592855188,14.201145839765758,221637805.0,0.02951957814141904,1.4084507042253522,0.9950248756218906,0.004975124378109453,0.0,-0.007009345794392523,-0.011682242990654235,0.013173652694610682,0.01927710843373487,0.00971522688754689,0.028696498054474606,0.039312039312039415,-1.448044797551144,-0.05116529463224243,0.7048889605416953,0,1,64.26678387493729,55.49616668658917,52.942570158000976,58.26800739708855,1578.7115708651413,1061.6655067796146,1204.3567414867898,1526.1323333483774,0.13848110408063935,0.029912349858554007,0.013097370434841106,0.032243985802550286,0.025149700598802394,0.006024096385542244,-0.011904761904761862,0.009469879518072322,9.100367960792832,8.973071240835573,9.642964483063023,10.502891951390266,0.013767297373623366,0,2.0
2025-09-06,428000.0,429610.0,422980.0,424270.0,1702179220,4012,8,424920.0,429610.0,63.179491205155095,69.28618030950118,100.0,93.94159699503211,-0.0,4.021791767554479,6.9080502675127535,1762.2243905357464,0.008942336361431517,10.01968746256112,31.253214141565227,20.64768664483621,10.605527496729017,158.24779986156477,1.0223503038898858,1.0373219558955264,1.0428778875708649,1.0238926269351916,1.0333540082448338,1.02007881604072,1.0344569236906447,6.983155094671259,0.013587342218769808,0.015432601661972486,0.009239227552732487,0.012171490083165818,0.016457604304231536,1.781274918308969,0.2032591376685488,1.1216102879507968,0.008708425580631785,19.13784808770744,212772402.5,0.04068351901290609,1.103448275862069,0.24283559577677225,0.0,0.7571644042232277,0.01182033096926714,0.015626477541371253,0.0037616822429906716,0.029005988023952156,0.022880952380952335,0.040217917675544834,0.06908050267512755,1.3248470527348917,-0.03633835041833965,0.7315303695941316,1,0,58.36787106517185,64.26678387493729,55.49616668658917,59.25709259267431,1489.3917913568332,1578.7115708651413,1061.6655067796146,1577.0098196625152,0.10862355669260429,0.13848110408063935,0.029912349858554007,0.025090830699987906,-0.011682242990654235,0.025149700598802394,0.006024096385542244,0.0025541259876351585,9.218572057896003,9.100367960792832,8.973071240835573,10.009349410106841,0.007094538854974353,0,2.0
2025-09-07,430000.0,436500.0,430000.0,430070.0,664024500,1544,3,424270.0,436500.0,67.40790462494388,75.49752387187107,100.0,93.94159699503211,-0.0,4.927884615384615,7.716605384596402,2261.5972289565134,0.011240525246035487,11.609783053757834,36.97558255261639,18.929007460895907,18.04657509172048,202.95569159407776,1.0337037142288783,1.0499944072462843,1.0597319812787966,1.0339012606133837,1.0460581226006422,1.0251796203221877,1.1174191292493705,8.097320746615887,0.013545140758938645,0.014891179839633447,0.009607597430966933,0.012734739296613257,0.013993623619388959,1.4565164412785565,0.20544071957474835,0.41050728490907157,0.011759006368174507,78.72900015015101,221341500.0,0.862327924950473,0.40816326530612246,1.0,0.0,0.0,0.0009078000977630875,0.01603780172714786,0.03191489361702127,0.01985981308411211,0.051807228915662584,0.049278846153846256,0.07716605384596398,1.27717179178289,-0.020883335950292726,0.7593003103462174,2,0,63.179491205155095,58.36787106517185,64.26678387493729,52.942570158000976,1762.2243905357464,1489.3917913568332,1578.7115708651413,1204.3567414867898,0.2032591376685488,0.10862355669260429,0.13848110408063935,0.013097370434841106,0.015626477541371253,-0.011682242990654235,0.025149700598802394,-0.011904761904761862,10.01968746256112,9.218572057896003,9.100367960792832,9.642964483063023,0.0035110563396656413,0,1.0
2025-09-08,440930.0,442060.0,434220.0,437630.0,5263396080,12027,20,430070.0,442040.0,70.35574167128209,79.40465604494948,99.93761696818466,99.97920565606155,-0.06238303181534623,5.46356825881567,8.260880213563224,2785.4746674429525,0.01386013794055214,13.6404829113726,40.1173235204692,17.17694031080645,22.94038320966275,210.63291616227752,1.0411769416663919,1.0590244919178826,1.0727725360135012,1.039503248034962,1.0546989908173046,1.0303460373378428,1.1162965817014112,9.577286921652831,0.013686851422075142,0.017735951497602025,0.009780406456555776,0.012955792621071254,0.013808962499608559,1.411900677231308,1.5065481670769059,2.0444346229686543,0.026602051141189076,84.42662710783215,263169804.0,1.0457876131327193,2.439024390243903,0.14158163265306123,0.002551020408163265,0.8558673469387755,0.010148911798396335,0.012691867124856815,0.028933218500500457,0.04501182033096929,0.05877844311377256,0.05463568258815665,0.08260880213563215,0.8864719067727941,-0.00845651735044077,0.7816291161178509,3,0,67.40790462494388,63.179491205155095,58.36787106517185,55.49616668658917,2261.5972289565134,1762.2243905357464,1489.3917913568332,1061.6655067796146,0.20544071957474835,0.2032591376685488,0.10862355669260429,0.029912349858554007,0.01603780172714786,0.015626477541371253,-0.011682242990654235,0.006024096385542244,11.609783053757834,10.01968746256112,9.218572057896003,8.973071240835573,-0.004638621666704701,0,1.0
2025-09-09,433400.0,439620.0,432210.0,435710.0,3947077500,9059,6,437630.0,438970.0,66.75266823338046,71.9837335315593,90.36182158452901,96.76647951757121,-9.638178415470993,5.775903614457832,8.120689655172415,2741.4298478450546,0.015418019494737758,15.099015236303817,35.66043583546513,17.540299660929776,18.120136174535354,155.98442726697397,1.028141138995913,1.047532343876588,1.064651822934604,1.0271820740246105,1.0437114504574316,1.035511353990122,0.9665539677520865,10.187962628547464,0.014397626494811435,0.016880424630384763,0.009851454337823796,0.012599662896991923,0.013367831438051871,1.3569398973639104,1.1480676496866544,1.421777889384142,0.0045933662793038454,68.41210103589319,657846250.0,2.5613758275913154,0.7407407407407408,0.7516869095816464,0.08771929824561403,0.16059379217273953,-0.019545742466745092,-0.0069450728440865195,0.005658648339060601,0.02178720234631415,0.025630841121495385,0.057759036144578335,0.08120689655172408,-1.1066898043033069,-0.015342859065521186,0.7692555721252671,0,1,70.35574167128209,67.40790462494388,63.179491205155095,64.26678387493729,2785.4746674429525,2261.5972289565134,1762.2243905357464,1578.7115708651413,1.5065481670769059,0.20544071957474835,0.2032591376685488,0.13848110408063935,0.012691867124856815,0.01603780172714786,0.015626477541371253,0.025149700598802394,13.6404829113726,11.609783053757834,10.01968746256112,9.100367960792832,0.012164054072663077,0,2.0
2025-09-13,431500.0,438000.0,429300.0,430770.0,3640887700,8452,12,435710.0,432000.0,59.32442384626907,57.70033761166266,68.62133499688085,86.30692451653151,-31.378665003119153,3.1198529587281887,6.142506142506143,2088.5940995398005,0.015364261097649837,15.85566271891299,31.905342085279802,18.86212407026358,13.043218015016222,107.71107540667917,1.0087283018339241,1.0278335908865421,1.0471376782436785,1.0091843578244155,1.0250785825445088,1.0380770286110979,0.7745479299194887,10.137971499076452,0.015183802799529742,0.02013888888888889,0.010805374672925243,0.014204944350832697,0.014748684714675102,1.3649396861388354,1.0251869462116479,1.2041944491935943,0.00010070592052913163,58.23378538640581,303407308.3333333,1.1349585892083043,1.4285714285714286,0.05747126436781609,0.6896551724137931,0.25287356321839083,-0.017017108230630795,-0.01587807822858056,-0.022712876662745463,-0.010309278350515427,0.02127659574468077,0.031198529587281865,0.06142506142506132,-1.7508372832584955,-0.030977322177609297,0.74116319374471,0,2,66.75266823338046,70.35574167128209,67.40790462494388,58.36787106517185,2741.4298478450546,2785.4746674429525,2261.5972289565134,1489.3917913568332,1.1480676496866544,1.5065481670769059,0.20544071957474835,0.10862355669260429,-0.0069450728440865195,0.012691867124856815,0.01603780172714786,-0.011682242990654235,15.099015236303817,13.6404829113726,11.609783053757834,9.218572057896003,0.005919632286370824,0,2.0
2025-09-14,427000.0,431000.0,425580.0,427280.0,3617752630,8467,14,430770.0,431000.0,58.321658483633136,55.8455272495925,65.50218340611353,74.8284466625078,-34.49781659388646,2.619047619047619,5.896805896805897,1464.633844606673,0.014801761021817334,15.847823879652408,29.671431078476274,21.59850801346739,8.072923065008883,66.7132537604354,1.0038149626655364,1.0225349138733788,1.044484371266453,1.0057886021670583,1.0209885099301306,1.040514845976118,0.7275392729731922,9.903746979113286,0.01519592915514734,0.012575406032482599,0.0108519524613416,0.014311346809698975,0.013429634041800352,1.2375315953181092,0.9798237543902283,1.0704442590204557,-0.01725675102404145,47.61834536066993,258410902.14285713,0.930986365326744,1.5730337078651684,0.7380073800738007,0.0,0.26199261992619927,-0.011574074074074073,-0.0023148148148147696,-0.01815613823268103,-0.024975115374174295,0.00323549265612999,0.026190476190476097,0.05896805896805901,-0.4828116139554407,-0.03322043022812409,0.7371327233888195,0,3,59.32442384626907,66.75266823338046,70.35574167128209,63.179491205155095,2088.5940995398005,2741.4298478450546,2785.4746674429525,1762.2243905357464,1.0251869462116479,1.1480676496866544,1.5065481670769059,0.2032591376685488,-0.01587807822858056,-0.0069450728440865195,0.012691867124856815,0.015626477541371253,15.85566271891299,15.099015236303817,13.6404829113726,10.01968746256112,0.021484740685264958,0,3.0
2025-09-15,431790.0,434000.0,430210.0,431580.0,837687730,1941,16,427280.0,434000.0,60.479851585549305,60.310925291773216,74.85963817841547,69.66105219380329,-25.14036182158453,4.578313253012048,7.306218321176907,1143.4136755906802,0.014617954493744121,16.22754212054437,31.78027388185547,20.678056237670148,11.102217644185323,84.60571427806023,1.0063488088447394,1.0260556670662138,1.0513469110507219,1.0108005917454363,1.0259600096705919,1.044714220169485,0.7755217777916497,9.456844854535259,0.014636733221904303,0.008732718894009216,0.010663807676319971,0.013388763645433632,0.01128295596623154,1.058060714212471,0.24405731134596162,0.24295298653181796,-0.016668771660034776,48.40362010244349,52355483.125,0.20638008156941562,1.7582417582417582,0.58311345646438,0.0,0.41688654353562005,0.0018329466357308584,0.006960556844547661,0.004629629629629539,-0.011321958220379513,-0.00572737686139746,0.04578313253012056,0.07306218321176905,0.31645613123095495,-0.026491106076579708,0.749224134456491,1,0,58.321658483633136,59.32442384626907,66.75266823338046,67.40790462494388,1464.633844606673,2088.5940995398005,2741.4298478450546,2261.5972289565134,0.9798237543902283,1.0251869462116479,1.1480676496866544,0.20544071957474835,-0.0023148148148147696,-0.01587807822858056,-0.0069450728440865195,0.01603780172714786,15.847823879652408,15.85566271891299,15.099015236303817,11.609783053757834,-0.9499976829324807,0,0.0
2025-09-16,435000.0,440780.0,435000.0,435600.0,589363860,1353,9,431580.0,439000.0,63.8405895013837,66.83301801196123,90.45539613225203,76.93907257226034,-9.544603867747973,5.149700598802395,7.6877790315458965,1153.8132760083072,0.015132221343290779,17.342192716188045,36.95627455699439,19.10916056574404,17.847113991250346,115.93539484127771,1.0128930440320065,1.0340457806692325,1.0621906581420422,1.0189272067162187,1.0348836976384996,1.0486701082611818,0.8638198355942882,9.357868191441469,0.014539610940121067,0.01316628701594533,0.010770351016127687,0.013566874011811886,0.010931837187219453,1.014993584781959,0.3807406573615489,0.23110822629133645,-0.030966396190767465,49.87759040233856,65484873.333333336,0.39274539521992186,1.0526315789473684,0.6920415224913494,0.3079584775086505,0.0,0.002304147465437788,0.011520737327188835,0.018561484918793614,0.01620370370370372,-0.006877205682743637,0.05149700598802398,0.07687779031545894,0.7200885221303489,-0.015275565824005742,0.7693764862359437,2,0,60.479851585549305,58.321658483633136,59.32442384626907,70.35574167128209,1143.4136755906802,1464.633844606673,2088.5940995398005,2785.4746674429525,0.24405731134596162,0.9798237543902283,1.0251869462116479,1.5065481670769059,0.006960556844547661,-0.0023148148148147696,-0.01587807822858056,0.012691867124856815,16.22754212054437,15.847823879652408,15.85566271891299,13.6404829113726,-0.9490817263544536,0,0.0
2025-09-17,435600.0,441480.0,435600.0,441010.0,2864366750,6495,12,435600.0,441190.0,65.23508169025058,69.40237588799823,96.78492239467849,87.36665223511534,-3.2150776053215075,3.081775700934579,7.33766391747561,1189.5631499499168,0.015812202976345207,18.44940335839804,35.29853271567946,17.844643909125455,17.453888806554,112.25512588796856,1.014857463580927,1.0355260131344852,1.065829251829852,1.0202415848993596,1.0369702661299016,1.0502255637644629,0.8763547178397052,9.439502535907183,0.014386020864880202,0.013327591287200525,0.010723079664412766,0.0116169832548078,0.01070006238548892,0.9978534824281652,1.7118458679809707,1.215927811891568,-0.009855185444734293,53.63076774824376,238697229.16666666,1.3690958105859072,1.3714285714285714,0.9506802721088435,0.04931972789115646,0.0,-0.007744874715261959,0.004988610478359856,0.016566820276497696,0.023642691415313166,0.0050572932091030864,0.030817757009345748,0.07337663917475612,0.12938292527089978,-0.010363159193378345,0.778203216315344,3,0,63.8405895013837,60.479851585549305,58.321658483633136,66.75266823338046,1153.8132760083072,1143.4136755906802,1464.633844606673,2741.4298478450546,0.3807406573615489,0.24405731134596162,0.9798237543902283,1.1480676496866544,0.011520737327188835,0.006960556844547661,-0.0023148148148147696,-0.0069450728440865195,17.342192716188045,16.22754212054437,15.847823879652408,15.099015236303817,-0.948844697399152,0,0.0
2025-09-20,429710.0,434000.0,427780.0,433320.0,5124873190,11827,10,441010.0,434000.0,57.407417062089046,53.52138621967395,70.21433850702144,85.81821901131731,-29.785661492978566,2.6004728132387704,5.544747081712062,638.0070751016747,0.015170809965578154,18.041410246278133,30.363686936514767,23.502483580694086,6.861203355820681,47.025116590334015,0.9957988302805445,1.015931871702318,1.0466274961101147,1.0030570424523884,1.0185566096414627,1.0510431065833352,0.677475523021777,8.976940273821876,0.015786799060219625,0.014331797235023041,0.011599714629545673,0.012338679432188073,0.010866089403337076,0.9367548901297987,2.706128659520187,1.9657281521124887,-0.014691793993217073,44.941251101660235,512487319.0,2.5827850686573464,1.1049723756906076,0.6897106109324759,0.0,0.3102893890675241,-0.026020535370248645,-0.016296833563770763,-0.011389521640091105,0.0,0.004629629629629539,0.026004728132387633,0.05544747081712065,-1.6433627724562823,-0.026491106076579708,0.749224134456491,0,1,65.23508169025058,63.8405895013837,60.479851585549305,59.32442384626907,1189.5631499499168,1153.8132760083072,1143.4136755906802,2088.5940995398005,1.7118458679809707,0.3807406573615489,0.24405731134596162,1.0251869462116479,0.004988610478359856,0.011520737327188835,0.006960556844547661,-0.01587807822858056,18.44940335839804,17.342192716188045,16.22754212054437,15.85566271891299,-0.947475306932521,0,0.0
2025-09-21,446310.0,446310.0,435000.0,436460.0,13676157920,31334,26,433320.0,440000.0,61.553300660742245,61.98932893952915,78.47151142954623,81.82359077708206,-21.52848857045377,2.4184725681431996,6.5375302663438255,587.5533289810282,0.015183104798148932,18.935259071079702,38.819303949789955,20.648685163222392,18.170618786567562,107.41680471387538,1.0071646027422345,1.026732377538829,1.058748001613147,1.014283279205797,1.0301475194029646,1.0512164533289443,0.8049245429825805,8.766882874480949,0.016457649398986873,0.025704545454545456,0.011858284410660959,0.012139524126714112,0.011985349058004349,1.0107152639406385,5.278772206170978,2.9588290840415485,0.04146297968461199,61.10149290848714,526006073.84615386,2.34253819997543,2.5490196078431375,0.5579133510167993,0.0,0.4420866489832007,0.02836405529953917,0.01382488479262678,-0.002697250617647695,0.002277904328018332,0.02088167053364276,0.02418472568143204,0.06537530266343827,0.8927772477161374,-0.01303245777349095,0.7734069565918342,1,0,57.407417062089046,65.23508169025058,63.8405895013837,58.321658483633136,638.0070751016747,1189.5631499499168,1153.8132760083072,1464.633844606673,2.706128659520187,1.7118458679809707,0.3807406573615489,0.9798237543902283,-0.016296833563770763,0.004988610478359856,0.011520737327188835,-0.0023148148148147696,18.041410246278133,18.44940335839804,17.342192716188045,15.847823879652408,-0.9473949502818128,0,0.0
2025-09-24,21610.0,21780.0,21460.0,21580.0,4467737030,207071,24,21820.0,21780.0,7.410077473852752,3.919456004981626,0.07532070142403201,49.58705687933056,-99.92467929857597,-95.01030927835052,-94.76442307692308,-26220.242814331883,-1.2250822192704478,23.613718140354113,7.127990385775459,84.45426093607081,-77.32627055029535,-666.666666666667,0.05508373841041179,0.05327358603635225,0.05338120158192666,0.05879882385864798,0.05484794056640388,0.9690918431171093,-0.5842424562893407,87.31685505137649,1.6813516809727302,0.014692378328741965,0.21354233984682128,0.3010819722404833,0.42681147396870434,1.9987206016140209,12.873186637613495,4.0117599194048355,-0.2536573798975016,55.342655443569775,186155709.58333334,0.8390613443672851,2.171945701357466,0.53125,0.0,0.46875,-0.9508863636363636,-0.9505,-0.949815668202765,-0.9506335139055736,-0.949815668202765,-0.9501030927835051,-0.9476442307692308,-4.242015343644358,-0.9511451066597878,0.0,0,1,61.553300660742245,57.407417062089046,65.23508169025058,60.479851585549305,587.5533289810282,638.0070751016747,1189.5631499499168,1143.4136755906802,5.278772206170978,2.706128659520187,1.7118458679809707,0.24405731134596162,0.01382488479262678,-0.016296833563770763,0.004988610478359856,0.006960556844547661,18.935259071079702,18.041410246278133,18.44940335839804,16.22754212054437,0.06719184430027814,1,4.0
2025-09-27,21990.0,22220.0,21910.0,22180.0,133134929840,6002170,72,21580.0,22220.0,7.5022616621987055,4.02980413815753,0.17888666588207602,26.241906265617445,-99.82111333411792,-94.97330558320513,-94.69866870258147,-41616.04945363876,-2.3619311313423457,27.944719799385332,7.213748755231222,84.37627554799153,-77.1625267927603,-333.1316413346065,0.06287208275799624,0.05712273160799718,0.05548716079040487,0.07012847966710176,0.06016313915953112,0.8825405228578634,-0.2476891254441903,126.1055211725668,1.5317536162743308,0.01395139513951395,0.2137238047225078,0.3013874248854854,0.4278388532025917,2.001830604494825,18.98568933307775,4.794910349219679,8.20044319097502,87.29991964887017,1849096247.7777777,5.985744009687516,4.982698961937716,0.7419354838709677,0.0,0.25806451612903225,0.009641873278236915,0.02020202020202011,-0.9495,-0.9488018433179723,-0.9493849658314351,-0.9497330558320514,-0.9469866870258148,0.3004786526869092,-0.9501581391175613,0.020202020202020204,1,0,7.410077473852752,61.553300660742245,57.407417062089046,63.8405895013837,-26220.242814331883,587.5533289810282,638.0070751016747,1153.8132760083072,12.873186637613495,5.278772206170978,2.706128659520187,0.3807406573615489,-0.9505,0.01382488479262678,-0.016296833563770763,0.011520737327188835,23.613718140354113,18.935259071079702,18.041410246278133,17.342192716188045,0.06943192064923354,1,4.0
2025-09-28,22290.0,22790.0,22290.0,22560.0,68777575630,3048926,99,22180.0,22540.0,7.574333781105835,4.123234279044041,0.25420736730610805,0.16947157820407202,-99.74579263269389,-94.86525275075746,-94.56867469879519,-48964.77525930612,-3.197516830475635,31.947879425986827,7.333126410754708,84.26771806429547,-76.93459165354076,-221.94642579590257,0.07229618985608119,0.061023813907148505,0.057345284762335094,0.08299915820568789,0.06559169832973005,0.7931992664688331,-0.09362258196939584,158.1773023151704,1.4039559817372391,0.022182786157941437,0.21399670145879707,0.30214279507265906,0.42890626925231434,2.0042657962879673,6.506959510427448,1.6389734885169085,12.37323810946371,91.59577097573332,694722986.1616162,2.036554557802252,5.15625,0.5,0.5,0.0,0.0031503150315031502,0.014401440144014455,0.03489439853076215,-0.9487727272727273,-0.9489109000657313,-0.9486525275075746,-0.9456867469879519,0.2673168326323611,-0.9494403445413966,0.03489439853076217,2,0,7.5022616621987055,7.410077473852752,61.553300660742245,65.23508169025058,-41616.04945363876,-26220.242814331883,587.5533289810282,1189.5631499499168,18.98568933307775,12.873186637613495,5.278772206170978,1.7118458679809707,0.02020202020202011,-0.9505,0.01382488479262678,0.004988610478359856,27.944719799385332,23.613718140354113,18.935259071079702,18.44940335839804,0.06914893617021267,1,4.0
2025-09-29,21890.0,22990.0,21890.0,22760.0,18135779470,796924,56,22560.0,22990.0,7.6832678731699815,4.276124680180956,0.360127103683653,0.26440704562394574,-99.63987289631635,-94.67824074074073,-94.51220967703435,-50764.61742271589,-3.7652468846459137,35.66631174375994,7.31357079930947,84.13996987670046,-76.82639907739099,-166.47023609084445,0.08487403644525827,0.06576707755594778,0.059586754582400266,0.09853162874337086,0.07186865267544465,0.7020610433772912,0.0014480084497678475,187.3892669727551,1.2815732982310502,0.04784688995215311,0.2141444404035863,0.3033472393408512,0.43273342782510865,2.0207549026701774,1.567719138659785,0.39504779939373963,13.728897689206836,92.11435469641931,323853204.8214286,0.9199386000595243,2.5806451612903225,1.0,0.0,0.0,-0.02883762200532387,0.01996450754214729,0.034653465346534684,0.05555555555555558,-0.9470276497695853,-0.9467824074074074,-0.9451220967703435,0.2906601558619091,-0.948430945918665,0.05555555555555555,3,0,7.574333781105835,7.5022616621987055,7.410077473852752,57.407417062089046,-48964.77525930612,-41616.04945363876,-26220.242814331883,638.0070751016747,6.506959510427448,18.98568933307775,12.873186637613495,2.706128659520187,0.014401440144014455,0.02020202020202011,-0.9505,-0.016296833563770763,31.947879425986827,27.944719799385332,23.613718140354113,18.041410246278133,0.06151142355008776,1,4.0
2025-09-30,23440.0,23440.0,22700.0,22960.0,34477885570,1501717,61,22760.0,23010.0,7.688475373635569,4.2840390343348105,0.36483464752265504,0.32638970617080537,-99.63516535247734,-94.66125290023201,-94.52142857142857,-48903.914882303434,-4.212442505787613,39.102278846159486,7.416727888155049,83.97772535069932,-76.56099746254426,-133.05100881557584,0.10001173540571906,0.06978701464132174,0.0608150967332699,0.11449483102656724,0.07724118435865078,0.6080796067237552,0.0680307823963123,215.34242428637742,1.1912951252322406,0.03215993046501521,0.21412621301677462,0.3034485271817138,0.43134611478221935,2.0144479683504595,2.5742560849260046,0.6497109755565723,15.142495658106093,93.01156413796986,565211238.8524591,1.4951854502150879,2.5206611570247937,0.581081081081081,0.0,0.4189189189189189,0.019573727707699,0.0008699434536754147,0.020851818988465,0.035553555355535504,-0.9477045454545454,-0.9466125290023202,-0.9452142857142857,0.2019038251029403,-0.9483860837576547,0.05647382920110193,4,0,7.6832678731699815,7.574333781105835,7.5022616621987055,61.553300660742245,-50764.61742271589,-48964.77525930612,-41616.04945363876,587.5533289810282,1.567719138659785,6.506959510427448,18.98568933307775,5.278772206170978,0.01996450754214729,0.014401440144014455,0.02020202020202011,0.01382488479262678,35.66631174375994,31.947879425986827,27.944719799385332,18.935259071079702,0.056184668989547104,1,4.0
2025-10-01,22990.0,23390.0,22960.0,23030.0,9942366680,431706,28,22960.0,23360.0,7.786506975703716,4.4453381276756545,0.44721666470519006,0.39072613863716604,-99.5527833352948,-94.61751152073732,-94.3710843373494,-44713.87319658295,-4.4484900972430745,42.29281972695906,7.407789118817523,83.87651393675506,-76.46872481793754,-110.84123668342406,0.12359199826463291,0.07532191574327995,0.06299090299185217,0.13452719225003634,0.08416140089832573,0.5096681328590319,0.11924062123558239,242.85103291673192,1.090943342743151,0.018407534246575343,0.21441486319889363,0.3037446724002425,0.007873718427956675,0.03672188723527494,0.7136653779154466,0.18321439911902132,22.280298345446052,93.12100285391459,355084524.28571427,0.9013995448212069,1.108910891089109,0.8604651162790697,0.06976744186046512,0.06976744186046512,-0.000869187309865276,0.015210777922642249,0.01609395389299695,0.03637976929902398,0.07254361799816356,-0.9461751152073733,-0.943710843373494,0.262192452993998,-0.9476009959399744,0.07254361799816346,5,0,7.688475373635569,7.6832678731699815,7.574333781105835,7.410077473852752,-48903.914882303434,-50764.61742271589,-48964.77525930612,-26220.242814331883,2.5742560849260046,1.567719138659785,6.506959510427448,12.873186637613495,0.0008699434536754147,0.01996450754214729,0.014401440144014455,-0.9505,39.102278846159486,35.66631174375994,31.947879425986827,23.613718140354113,0.05775075987841949,1,4.0
2025-10-04,23720.0,23720.0,23710.0,23720.0,52169147240,2199537,74,23030.0,23710.0,7.891846883487418,4.63283465393819,0.5295986818877251,0.44721666470519006,-99.47040131811228,-94.5990888382688,-94.32095808383234,-39181.583808561016,-4.562624851780537,45.24115705766018,7.4992484706407385,83.78546962402386,-76.28622115338312,-94.87920434909488,0.1607675617032818,0.0816330746507096,0.06529633409691397,0.15745967161757468,0.09162999109596719,0.4061536631215889,0.16055111359769073,270.54645401336114,0.9991494677479067,0.00042176296921130323,0.2145276169406673,0.3038708622566974,0.007183124472745351,0.033483448775418104,3.077051673103838,1.3783615601825334,1.22169153567634,95.19166232307605,704988476.2162162,1.654192602148314,2.601054481546573,1.0,0.0,0.0,0.015410958904109588,0.014982876712328785,0.03042155584528472,0.03131796433231848,0.0670567056705671,-0.945990888382688,-0.9432095808383234,0.2589042823759103,-0.9468159081222942,0.08861340679522497,6,0,7.786506975703716,7.688475373635569,7.6832678731699815,7.5022616621987055,-44713.87319658295,-48903.914882303434,-50764.61742271589,-41616.04945363876,0.7136653779154466,2.5742560849260046,1.567719138659785,18.98568933307775,0.015210777922642249,0.0008699434536754147,0.01996450754214729,0.02020202020202011,42.29281972695906,39.102278846159486,35.66631174375994,27.944719799385332,0.013912310286677831,0,2.0
2025-10-05,23640.0,24430.0,23640.0,24120.0,64619116630,2678843,128,23720.0,24160.0,8.037305449277298,4.9127038518945625,0.6355184182652701,0.5374445882860618,-99.36448158173474,-94.52390126702781,-94.35514018691589,-33002.32679428969,-4.563375824504042,47.945867079600475,7.71001427215842,83.57109281365435,-75.86107854149593,-82.9285476543268,0.22840504079336718,0.08939738172237968,0.06796884011286879,0.1842456560498328,0.10009096067614999,0.29758029803886266,0.19535128032551916,298.90249309125767,0.9128365670646207,0.03269867549668874,0.21443256127349214,0.30436933853693565,0.007668107933440971,0.03575999786553355,3.157408018011599,1.7603752901109477,0.7942404074205949,96.78969603663005,504836848.671875,1.1582059438453411,3.7209302325581395,0.6582278481012658,0.34177215189873417,0.0,-0.0029523407844791226,0.018979333614508542,0.03424657534246567,0.049978270317253326,0.07187222715173025,-0.9452390126702781,-0.9435514018691589,0.2790951785018403,-0.9458065094995626,0.10927456382001836,7,0,7.891846883487418,7.786506975703716,7.688475373635569,7.574333781105835,-39181.583808561016,-44713.87319658295,-48903.914882303434,-48964.77525930612,3.077051673103838,0.7136653779154466,2.5742560849260046,6.506959510427448,0.014982876712328785,0.015210777922642249,0.0008699434536754147,0.014401440144014455,45.24115705766018,42.29281972695906,39.102278846159486,31.947879425986827,-0.004145936981757914,0,1.0
2025-10-06,24000.0,24340.0,24000.0,24160.0,24258903230,1004295,49,24120.0,24040.0,8.033662037982594,4.908222634583893,0.6072731552312581,0.5907967517947511,-99.39272684476875,-94.46082949308756,-94.31678486997636,-26702.646959084697,-4.6017945850492445,50.45738352854504,7.700881848172782,83.47210380720419,-75.77122195903141,-73.71130365317748,0.3710964634692271,0.09604244404848465,0.06913652392831199,0.20967431509105383,0.10671110443107208,0.1863033758985016,0.22480147224921623,328.47470636548167,0.8528752941040408,0.014143094841930116,0.2144859174380598,0.3046737547664086,0.010429840393959377,0.04862715705785837,1.1178893236196064,0.642452922161416,0.5596625473182828,97.7823064111526,495079657.75510204,1.1012773107888838,1.3480055020632737,0.11764705882352941,0.8823529411764706,0.0,-0.006622516556291391,-0.004966887417218513,0.01391817798397299,0.02910958904109595,0.04567203131796438,-0.9446082949308756,-0.9431678486997636,0.1658155723212173,-0.9460756824656243,0.10376492194674013,0,1,8.037305449277298,7.891846883487418,7.786506975703716,7.6832678731699815,-33002.32679428969,-39181.583808561016,-44713.87319658295,-50764.61742271589,3.157408018011599,3.077051673103838,0.7136653779154466,1.567719138659785,0.018979333614508542,0.014982876712328785,0.015210777922642249,0.01996450754214729,47.945867079600475,45.24115705766018,42.29281972695906,35.66631174375994,0.007864238410596025,0,2.0
2025-10-07,24050.0,24340.0,23960.0,24250.0,42879058050,1768284,45,24160.0,24300.0,8.130834740748469,5.126977161971965,0.668471225138284,0.6370875995449374,-99.33152877486171,-94.47727272727273,-94.34370708316845,-20572.61661332441,-4.51194508774299,52.78970452529527,7.689918530818744,83.36825494424983,-75.67833641343108,-66.32259190772373,1.0469174098487786,0.10563357321862889,0.07147428808079477,0.24118295423993275,0.11549777984822804,0.06827118109643322,0.2513374496789008,359.6707367580969,0.7845990209094499,0.015637860082304528,0.21442230600408452,0.30456818017444454,0.009384018806996195,0.043764191244251606,1.7923033744422505,1.0938743595088996,0.5113494778810828,97.97831235712877,952867956.6666666,1.9583964911845981,1.1780104712041883,0.6578947368421053,0.10526315789473684,0.23684210526315788,0.00041597337770382697,0.010815307820299491,0.005794701986755024,0.024884015183466834,0.05606258148631027,-0.9447727272727273,-0.9434370708316846,0.24058998263651798,-0.9454924743724905,0.11570247933884298,1,0,8.033662037982594,8.037305449277298,7.891846883487418,7.688475373635569,-26702.646959084697,-33002.32679428969,-39181.583808561016,-48903.914882303434,1.1178893236196064,3.157408018011599,3.077051673103838,2.5742560849260046,-0.004966887417218513,0.018979333614508542,0.014982876712328785,0.0008699434536754147,50.45738352854504,47.945867079600475,45.24115705766018,39.102278846159486,0.009484536082474238,0,2.0
2025-10-08,24410.0,24490.0,24100.0,24360.0,14746793120,605397,36,24250.0,24490.0,8.207163660263788,5.3126861503011895,0.7131928916088031,0.6629790906594484,-99.2868071083912,12.442607897153351,-94.38946162657503,-14827.843682803941,-4.393730241826671,54.946744159020405,7.738261659416125,83.23728094032079,-75.49901928090466,-60.24263252342449,1.0429264968912357,0.11693086325439267,0.07371803168942223,0.27510498731488336,0.12455307017328222,0.07068382279015978,0.27529873350641637,392.9969557028836,0.724041389212201,0.015924867292772562,0.21431554690877275,0.008397969352575625,0.009134593696904619,0.04262217010692613,0.595399498176248,0.36662481608108954,0.5075265068244887,98.03685294276418,409633142.2222222,0.8259236223134633,0.9033877038895859,0.20512820512820512,0.0,0.7948717948717948,0.004526748971193415,0.007818930041152194,0.018718801996672196,0.01365894039735105,0.048373287671232834,0.12442607897153346,-0.9438946162657503,0.22864614998937097,-0.9450662838428927,0.12442607897153352,2,0,8.130834740748469,8.033662037982594,8.037305449277298,7.786506975703716,-20572.61661332441,-26702.646959084697,-33002.32679428969,-44713.87319658295,1.7923033744422505,1.1178893236196064,3.157408018011599,0.7136653779154466,0.010815307820299491,-0.004966887417218513,0.018979333614508542,0.015210777922642249,52.78970452529527,50.45738352854504,47.945867079600475,42.29281972695906,-0.0053366174055828886,0,1.0
2025-10-11,24570.0,24570.0,24000.0,24050.0,56187059520,2336400,63,24360.0,24010.0,8.188653756011234,5.2822113836577245,0.6002118394727551,0.6606253187399475,-99.39978816052725,8.055805580558056,-94.56836485385938,-9634.655305924738,-4.36559471353341,56.950288686431136,7.719174110540564,83.07523855342724,-75.35606444288668,-55.26306058866058,1.0147500105659102,0.12734799523704707,0.0740382124751767,0.3038512213656588,0.1306049256380266,0.0729620218815142,0.2966639832787881,429.1674533781298,0.6874607517209746,0.023740108288213244,0.21400972448006464,0.012444923084055207,0.015108782026923496,0.07059857706760846,2.0621179038241415,1.391837863399013,0.1179777367831576,87.81155516446105,891858087.6190476,1.6910334203620174,1.5,0.9824561403508771,0.0,0.017543859649122806,0.0032666394446712946,-0.01959983666802778,-0.011934156378600846,-0.0012479201331114798,0.012652889076339102,0.08055805580558051,-0.9456836485385938,0.10839807966848972,-0.9461429757071398,0.10238751147842057,0,1,8.207163660263788,8.130834740748469,8.033662037982594,7.891846883487418,-14827.843682803941,-20572.61661332441,-26702.646959084697,-39181.583808561016,0.595399498176248,1.7923033744422505,1.1178893236196064,3.077051673103838,0.007818930041152194,0.010815307820299491,-0.004966887417218513,0.014982876712328785,54.946744159020405,52.78970452529527,50.45738352854504,45.24115705766018,0.018295218295218296,0,2.0
2025-10-12,24210.0,24390.0,23910.0,24020.0,24796722590,1032338,123,24050.0,24020.0,8.193299217937863,5.295415300620121,0.6025656113922561,0.6386567808246048,-99.39743438860775,6.566104702750665,-94.52809987015058,-5006.194973749036,-4.223189737019098,58.81128369698272,7.701945183188159,82.9316668647864,-75.22972168159824,-51.02548960770516,1.0088621949682892,0.1431542812188973,0.07590878810134487,0.34043127036233894,0.13965231726367033,0.07524197901352705,0.31730896541136144,469.01355652752414,0.6395180338844648,0.019983347210657785,0.21408095281949832,0.01241234488187562,0.012052161101059158,0.05629721347148945,0.8717790888559142,0.7650672608917467,0.0038004245370450995,84.72279794564501,201599370.6504065,0.39952959572636865,2.5705329153605017,0.3958333333333333,0.375,0.22916666666666666,0.008329862557267805,0.0004164931278634043,-0.019191506737443853,-0.011522633744855959,-0.005794701986754913,0.06566104702750675,-0.9452809987015058,0.20014155438406125,-0.9461205446266346,0.10284664830119375,1,0,8.188653756011234,8.207163660263788,8.130834740748469,8.037305449277298,-9634.655305924738,-14827.843682803941,-20572.61661332441,-33002.32679428969,2.0621179038241415,0.595399498176248,1.7923033744422505,3.157408018011599,-0.01959983666802778,0.007818930041152194,0.010815307820299491,0.018979333614508542,56.950288686431136,54.946744159020405,52.78970452529527,47.945867079600475,0.02456286427976684,0,3.0
2025-10-13,24420.0,24420.0,23970.0,24350.0,30596488180,1256593,41,24020.0,24370.0,8.368055252350828,5.831448831253624,93.56913183279742,31.59063642788748,-6.430868167202572,6.002609830361026,-94.3587962962963,-941.2186414815806,-4.005389651674258,60.53718416604933,7.6996175045819255,82.74520663822908,-75.04558913364716,-47.308634705459355,1.0176640080177057,0.1653217736984387,0.07896959103667599,0.3840711671661318,0.1513071323023602,0.07759888373226424,0.33749624575040515,513.6362726854613,0.5866284696077232,0.018465326220763235,0.21438777044670565,0.01186493695097032,0.013559401151234881,0.06324708318474534,1.0080316488083525,0.8976931315448524,0.14373253207998782,85.16284000075652,746255809.2682927,1.4167595884800857,0.8316430020283976,0.1111111111111111,0.0,0.8888888888888888,0.01665278934221482,0.014571190674437906,0.014993752603082111,-0.004899959167006918,0.013727121464226277,0.060026098303610276,-0.943587962962963,0.2587774883200729,-0.9453354568089545,0.11891643709825528,2,0,8.193299217937863,8.188653756011234,8.207163660263788,8.033662037982594,-5006.194973749036,-9634.655305924738,-14827.843682803941,-26702.646959084697,0.8717790888559142,2.0621179038241415,0.595399498176248,1.1178893236196064,0.0004164931278634043,-0.01959983666802778,0.007818930041152194,-0.004966887417218513,58.81128369698272,56.950288686431136,54.946744159020405,50.45738352854504,0.015605749486653053,0,2.0
2025-10-14,24680.0,24680.0,24000.0,24480.0,7595513350,310288,22,24350.0,24150.0,8.35728657376248,5.807344230156119,81.00358422939068,58.391760557860124,-18.996415770609318,4.954367666232073,-94.39675174013921,2523.2532190470083,-3.8723006478679647,62.11962155505569,7.810936253353956,82.44355644109837,-74.63262018774441,-44.11150701828101,1.003698931881468,0.1900572139107715,0.0803164501392817,0.4206924666572975,0.16001705289206836,0.08002045990895475,0.3565145942289516,564.4774684483303,0.5516999865614398,0.028157349896480333,0.21432941839724007,0.012714460069992354,0.013532385313343042,0.06313825425617493,0.24593397673618725,0.2799919725913082,0.01379410608884113,86.01159373541526,345250606.8181818,0.6500961242930261,0.44265593561368205,0.7794117647058824,0.0,0.22058823529411764,0.01272055806319245,-0.009027492819039806,0.005412156536219737,0.005830903790087438,-0.006172839506172867,0.049543676662320735,-0.9439675174013921,0.1503091801880578,-0.9458289405800677,0.10881542699724518,0,1,8.368055252350828,8.193299217937863,8.188653756011234,8.130834740748469,-941.2186414815806,-5006.194973749036,-9634.655305924738,-20572.61661332441,1.0080316488083525,0.8717790888559142,2.0621179038241415,1.7923033744422505,0.014571190674437906,0.0004164931278634043,-0.01959983666802778,0.010815307820299491,60.53718416604933,58.81128369698272,56.950288686431136,52.78970452529527,0.004084967320261423,0,1.0
2025-10-15,24000.0,24560.0,23950.0,24230.0,3532299930,145805,25,24480.0,24560.0,8.593367794981646,6.646345788864224,95.6989247311828,90.09054693112364,-4.301075268817204,5.136986301369863,-94.34101382488478,5464.181294414535,-3.6322918260195514,63.58942300949008,7.7835241317014265,82.18299058690712,-74.3994664552057,-41.2639417677201,1.0156734626359538,0.23040480322716825,0.08382058027322233,0.46913003399148473,0.1734937322539218,0.08252709493431552,0.3764402383345338,622.8526070295314,0.5055148056682294,0.0248371335504886,0.21445965032920872,0.012884451249118412,0.015525306693587976,0.07239266999529131,0.11490976799228823,0.14346864186102162,-0.011421063227099126,82.02027191075008,141291997.2,0.26383923614865007,0.4985044865403789,0.9180327868852459,0.0,0.08196721311475409,-0.006211180124223602,0.016977225672877738,0.0077964710709890195,0.02248126561198993,0.002858309514087276,0.051369863013698724,-0.9434101382488479,0.2691395054098538,-0.9449092662793567,0.12764003673094582,1,0,8.35728657376248,8.368055252350828,8.193299217937863,8.207163660263788,2523.2532190470083,-941.2186414815806,-5006.194973749036,-14827.843682803941,0.24593397673618725,1.0080316488083525,0.8717790888559142,0.595399498176248,-0.009027492819039806,0.014571190674437906,0.0004164931278634043,0.007818930041152194,62.11962155505569,60.53718416604933,58.81128369698272,54.946744159020405,0.014857614527445273,0,2.0
2025-10-18,24300.0,24870.0,24300.0,24490.0,2916824130,119087,31,24230.0,24800.0,8.74156792157693,7.2107852901737175,97.6510067114094,91.45117189066094,-2.348993288590604,4.597216364403205,-94.3507972665148,7899.490981298528,-3.4193106780174016,64.92643818297026,7.947525276567563,81.89377602391384,-73.94625074734628,-38.56121449538621,1.020996294771511,0.28875822320544914,0.08691312612496424,0.5154487131061485,0.1865891683661455,0.08512579974094281,0.3968797232157616,689.7205854894116,0.4665056657654156,0.022983870967741935,0.21443757597903054,0.012540992268446854,0.010767144405233936,0.0502110898991268,0.09341975067539615,0.20789522473116442,0.13830547581273156,78.96395743910224,94091100.96774194,0.1752314159505162,0.6048780487804878,0.8771929824561403,0.12280701754385964,0.0,-0.010586319218241042,0.009771986970684043,0.0269151138716357,0.01764464505539598,0.03290295710120783,0.045972163644032005,-0.9435079726651481,0.23597432868087087,-0.9443709203472331,0.1386593204775023,2,0,8.593367794981646,8.35728657376248,8.368055252350828,8.188653756011234,5464.181294414535,2523.2532190470083,-941.2186414815806,-9634.655305924738,0.11490976799228823,0.24593397673618725,1.0080316488083525,2.0621179038241415,0.016977225672877738,-0.009027492819039806,0.014571190674437906,-0.01959983666802778,63.58942300949008,62.11962155505569,60.53718416604933,56.950288686431136,0.0008166598611678566,0,1.0
2025-10-19,24800.0,25020.0,24540.0,24610.0,45908372020,1865392,66,24490.0,24550.0,8.725697645670593,7.158187835994553,79.74137931034483,91.03043691764567,-20.25862068965517,1.6142384105960264,-94.43550397787801,9840.950706672345,-3.274835332496524,66.1535125700556,8.021657581102595,81.63324685627038,-73.61158927516777,-36.11938395565974,1.0090838094455177,0.3773845941001952,0.08838775690954638,0.5518307570302523,0.19658009066745472,0.08759208708156227,0.41833322580875243,762.3852075285378,0.438991639926593,0.019551934826883912,0.2142945386029668,0.012194623524566467,0.013042963675419142,0.06086465740307284,1.363893032716976,2.522732958902294,-0.03791570963832591,80.38569631945347,695581394.2424242,1.242558756256225,1.2233549582947172,0.5208333333333334,0.4583333333333333,0.020833333333333332,0.0,-0.01008064516129037,-0.0004071661237784463,0.016563146997929712,0.02206494587843455,0.01614238410596025,-0.9443550397787801,0.14700605013541365,-0.9449316973598618,0.12718089990817263,0,1,8.74156792157693,8.593367794981646,8.35728657376248,8.193299217937863,7899.490981298528,5464.181294414535,2523.2532190470083,-5006.194973749036,0.09341975067539615,0.11490976799228823,0.24593397673618725,0.8717790888559142,0.009771986970684043,0.016977225672877738,-0.009027492819039806,0.0004164931278634043,64.92643818297026,63.58942300949008,62.11962155505569,58.81128369698272,0.00772043884599749,0,2.0
2025-10-20,25320.0,25320.0,24510.0,24730.0,17366305190,702281,37,24610.0,24700.0,8.832645094453028,7.629829264643874,73.72881355932203,83.70706652702542,-26.271186440677965,2.7454242928452577,-94.30875576036867,11374.197864967893,-3.0777494246255923,67.26194639605477,8.188443188115793,81.16400430681281,-72.97556111869702,-33.23373289990234,1.01250256200041,0.5539607069166592,0.09144510665016951,0.595985988388494,0.21027658600926133,0.09031592618343666,0.4451925555469915,813.8297589586973,0.4075019718987049,0.03279352226720648,0.21449217551169977,0.012026744690804718,0.011899017886315059,0.05547530047624516,0.5008353186384384,1.1172667000333774,-0.06528756642910627,79.53941655491104,469359599.7297297,0.8416874476382789,0.6690777576853526,0.7654320987654321,0.0,0.2345679012345679,0.03136456211812627,0.006109979633401208,-0.0040322580645161255,0.005700325732898914,0.013541239228559654,0.027454242928452555,-0.9430875576036867,0.2171308939794201,-0.9445952311522846,0.13406795224977044,1,0,8.725697645670593,8.74156792157693,8.593367794981646,8.368055252350828,9840.950706672345,7899.490981298528,5464.181294414535,-941.2186414815806,1.363893032716976,0.09341975067539615,0.11490976799228823,1.0080316488083525,-0.01008064516129037,0.009771986970684043,0.016977225672877738,0.014571190674437906,66.1535125700556,64.92643818297026,63.58942300949008,60.53718416604933,0.0012131014961584974,0,1.0
2025-10-21,24700.0,24900.0,24360.0,24580.0,13566530120,552032,51,24730.0,24850.0,8.947539339859048,8.174056817120231,72.02380952380952,75.16466746449213,-27.976190476190474,2.263374485596708,-94.35227272727272,12545.285847303865,-2.8858350641484996,68.29288384750866,8.154789204497167,80.94459029223239,-72.78980108773523,80.2826088549795,1.016359918200409,1.042781309666184,0.09464236611247244,0.6389650595760703,0.2246753845085339,0.09311894774446484,0.7930033715950422,14.600961563442974,0.3776627857909575,0.021730382293762576,0.21439589349883081,0.011765229359701587,0.00991297228044357,0.046236763767574816,0.3865082009555301,0.8155062478634827,-0.019021018135205403,76.32664048541702,266010394.50980392,0.488413818458145,0.9018567639257294,0.2777777777777778,0.09259259259259259,0.6296296296296297,0.0,0.006072874493927127,0.012219959266802416,0.002016129032258007,0.02898550724637672,0.02263374485596703,-0.9435227272727272,0.21886320875900006,-0.9442587649447074,0.14095500459136823,2,0,8.832645094453028,8.725697645670593,8.74156792157693,8.35728657376248,11374.197864967893,9840.950706672345,7899.490981298528,2523.2532190470083,0.5008353186384384,1.363893032716976,0.09341975067539615,0.24593397673618725,0.006109979633401208,-0.01008064516129037,0.009771986970684043,-0.009027492819039806,67.26194639605477,66.1535125700556,64.92643818297026,62.11962155505569,0.006916192026037438,0,2.0
2025-10-22,24510.0,24730.0,24450.0,24590.0,9628653770,391585,29,24580.0,24710.0,8.936219658078926,8.121950225228105,63.69047619047619,69.81436642453592,-36.30952380952381,0.898325847284606,13.452708907254362,13380.888740568771,-2.7329897315128737,69.250182909573,8.128140429379357,80.6800740515782,-72.55193362219885,72.61592300962349,1.009725400457666,1.030570963840347,0.09691830387084881,0.6731260477816042,0.23704571312790976,0.09598481312535055,0.744081570994574,12.524896376149025,0.35383003685543396,0.0113314447592068,0.01143811210600444,0.011833367366205955,0.008591769679237705,0.7511527776273021,0.2724107465843003,0.5393172664987685,-0.04816172863462631,70.83642279120217,332022543.79310346,0.60156121376941,0.5105633802816901,0.7142857142857143,0.07142857142857142,0.21428571428571427,-0.013682092555331992,-0.005633802816901401,0.00040485829959524544,0.006517311608961407,0.006107491856677472,0.008983258472845979,0.13452708907254363,-1.0514509617162373,-0.9445728000717795,0.13452708907254363,0,1,8.947539339859048,8.832645094453028,8.725697645670593,8.593367794981646,12545.285847303865,11374.197864967893,9840.950706672345,5464.181294414535,0.3865082009555301,0.5008353186384384,1.363893032716976,0.11490976799228823,0.006072874493927127,0.006109979633401208,-0.01008064516129037,0.016977225672877738,68.29288384750866,67.26194639605477,66.1535125700556,63.58942300949008,0.012200081333875623,0,2.0
2025-10-25,23860.0,24790.0,23860.0,24510.0,20427107940,833374,29,24590.0,24590.0,8.925796112793122,8.070503745902087,50.0,61.904761904761905,-50.0,2.4156601416076633,10.666066606660667,13933.190996158002,-2.582211316024985,70.14670142742462,8.06217379767618,80.5401634681075,-72.47798967043131,47.05754259894392,1.0024459845087648,1.0205225042020294,0.09944088261770137,0.7057005071619328,0.2500473195104777,0.0991982452465317,0.6921221415560415,10.682008869885033,0.3328612756029485,0.037820252135014235,0.011216131963820526,0.009716583546016571,0.0073668736007823825,0.656810531879033,0.7068240760577968,0.9590776179699971,-0.09943273068200398,60.28427240804091,704383032.4137931,1.4238615642226935,0.5306495882891126,0.7849462365591398,0.21505376344086022,0.0,-0.03439902873330635,-0.004856333468231444,-0.01046277665995976,-0.00445344129554659,-0.00846774193548383,0.024156601416076562,0.10666066606660674,-0.8912365665934069,-0.9448419730378412,0.1290174471992654,0,2,8.936219658078926,8.947539339859048,8.832645094453028,8.74156792157693,13380.888740568771,12545.285847303865,11374.197864967893,7899.490981298528,0.2724107465843003,0.3865082009555301,0.5008353186384384,0.09341975067539615,-0.005633802816901401,0.006072874493927127,0.006109979633401208,0.009771986970684043,69.250182909573,68.29288384750866,67.26194639605477,64.92643818297026,0.018767849857201035,0,2.0
2025-10-26,24470.0,25230.0,24470.0,24800.0,7184559830,289712,39,24510.0,24700.0,9.030545944262286,8.689056005159486,57.534246575342465,57.074907588606216,-42.465753424657535,2.8309741881765196,9.582963620230702,14261.894805626383,-2.4130525809789236,70.91885899961598,8.41557722162778,79.96898735762178,-71.553410135994,99.89886651693686,1.0041466785917554,1.0205135620881278,0.1030641342654448,0.7420967471573374,0.26591601942362264,0.10263852528993568,0.7267401287233904,9.04716875818355,0.3099067784036858,0.03076923076923077,0.011002321259075612,0.009707762304021837,0.005956975566981499,0.5414289790954522,0.27828038108521014,0.5231377284953614,0.01922115021715709,58.0109444835582,184219482.82051283,0.392646465633855,0.755082284607938,0.3026315789473684,0.6973684210526315,0.0,-0.004880032533550223,0.004473363155754306,-0.00040469445568591667,-0.006036217303822977,0.006109979633401208,0.02830974188176527,0.095829636202307,-0.015462779579798084,-0.9445952311522846,0.13406795224977044,1,0,8.925796112793122,8.936219658078926,8.947539339859048,8.725697645670593,13933.190996158002,13380.888740568771,12545.285847303865,9840.950706672345,0.7068240760577968,0.2724107465843003,0.3865082009555301,1.363893032716976,-0.004856333468231444,-0.005633802816901401,0.006072874493927127,-0.01008064516129037,70.14670142742462,69.250182909573,68.29288384750866,66.1535125700556,0.0092741935483871,0,2.0
2025-10-27,24560.0,25050.0,24550.0,24760.0,10026003200,404877,67,24800.0,24800.0,9.13286506097917,9.33606480428584,64.38356164383562,57.305936073059364,-35.61643835616438,1.764464505539598,7.872988255763376,14400.076324253445,-2.252588635100363,71.63586245950795,8.373503991567976,79.56918666491349,-71.19568267334552,99.47891994315484,1.0064526602004789,1.0208281880299663,0.1068907464508393,0.7755130898501355,0.2823217844600744,0.10620543884254562,0.7605872228849122,7.992789438937678,0.2880503068704594,0.020161290322580645,0.01039464659741551,0.00882476050000489,0.005595440755914052,0.5383002397893242,0.3963642260622276,0.8190651324254121,0.001251992831355686,50.964509860612345,149641838.80597016,0.3249809938707239,1.2835249042145593,0.48,0.5,0.02,-0.005668016194331984,0.004048582995951344,0.008540056933712847,0.003642250101173694,0.004048582995951344,0.01764464505539598,0.07872988255763369,0.019326255792243154,-0.9443709203472331,0.1386593204775023,2,0,9.030545944262286,8.925796112793122,8.936219658078926,8.832645094453028,14261.894805626383,13933.190996158002,13380.888740568771,11374.197864967893,0.27828038108521014,0.7068240760577968,0.2724107465843003,0.5008353186384384,0.004473363155754306,-0.004856333468231444,-0.005633802816901401,0.006109979633401208,70.91885899961598,70.14670142742462,69.250182909573,67.26194639605477,0.021809369951534707,0,3.0
2025-10-28,24810.0,25190.0,24550.0,24750.0,6945810220,280666,71,24760.0,24870.0,9.209845905395369,9.857692754358311,69.17808219178082,63.6986301369863,-30.82191780821918,2.981366459627329,8.083441981747066,14376.86324177729,-2.102661657519937,72.27953224819528,8.465913316355083,79.02458517712489,-70.5586718607698,107.48560460652605,1.006352931655404,1.0198056341493418,0.1108436956812408,0.8052410287872522,0.29899604453278,0.11014395863974685,0.8007856844537289,6.584633236555726,0.26856056905921105,0.025733815842380377,0.010374356293657438,0.007965189045416642,0.004988654026934106,0.4808639577940865,0.29223116525753295,0.6378152307002865,-0.013985847915273908,49.423939879218906,97828312.95774648,0.22381516609029575,1.3472485768500948,0.09375,0.5,0.40625,0.0004032258064516129,0.0028225806451613877,0.006882591093117396,0.01138674257828387,0.0008048289738431524,0.029813664596273215,0.08083441981747064,-0.10822306267223965,-0.9442139027836971,0.1418732782369146,3,0,9.13286506097917,9.030545944262286,8.925796112793122,8.947539339859048,14400.076324253445,14261.894805626383,13933.190996158002,12545.285847303865,0.3963642260622276,0.27828038108521014,0.7068240760577968,0.3865082009555301,0.004048582995951344,0.004473363155754306,-0.004856333468231444,0.006072874493927127,71.63586245950795,70.91885899961598,70.14670142742462,68.29288384750866,0.02020202020202011,0,2.0
2025-10-29,24910.0,25160.0,24640.0,24890.0,4284421310,172160,55,24750.0,24970.0,9.328023612995864,10.713860931769162,76.02739726027397,69.86301369863014,-23.972602739726028,1.6693811074918568,6.892123287671232,14222.854768649915,-1.958009219202472,72.87722562340494,8.415514235447324,78.55413782983754,-70.13862359439022,109.6049125246197,1.008725862486871,1.0205374476346174,0.11518569021922646,0.8330237024784373,0.3166104692906394,0.1141892901756801,0.8642624378454247,5.638090975312818,0.24986646141808322,0.020824989987985584,0.010030880561920124,0.006316896325763238,0.00393803251106528,0.39259090832115906,0.18170931512496788,0.4345743034720003,0.0179837746828726,64.86393196699191,77898569.27272727,0.18405515996950852,1.0175763182238668,0.11538461538461539,0.36538461538461536,0.5192307692307693,0.0016083634901487736,0.004020908725371974,0.006854838709677402,0.01093117408906874,0.010522055847834944,0.01669381107491863,0.06892123287671237,0.06331218129865761,-0.9439895919786456,0.14646464646464646,4,0,9.209845905395369,9.13286506097917,9.030545944262286,8.936219658078926,14376.86324177729,14400.076324253445,14261.894805626383,13380.888740568771,0.29223116525753295,0.3963642260622276,0.27828038108521014,0.2724107465843003,0.0028225806451613877,0.004048582995951344,0.004473363155754306,-0.005633802816901401,72.27953224819528,71.63586245950795,70.91885899961598,69.250182909573,-0.003214142225793526,0,1.0
2025-11-01,24900.0,25240.0,24790.0,24970.0,30992654610,1241267,37,24890.0,24920.0,9.321490249142158,10.654828095055606,72.6027397260274,72.6027397260274,-27.397260273972602,0.4838709677419355,5.10333192745677,13952.95024466033,-1.8327912185517752,73.41760944017035,8.467170223636177,78.12071789911495,-69.65354767547878,112.79279279279207,1.0062182023742228,1.0159817351598173,0.11916283802652568,0.8534999521438289,0.33284101187177256,0.11842643846568761,0.8149416367608288,5.074506922675999,0.23377422621223345,0.018057784911717497,0.009711277676649869,0.005707946626609981,0.002684779307557135,0.2764599465642416,1.3799003439337132,2.598225716106204,-0.00564384495145831,78.30780334619553,837639313.7837838,1.9485990575036751,0.7088122605363985,0.044444444444444446,0.7111111111111111,0.24444444444444444,-0.002803364036844213,-0.002002402883460097,0.002010454362685987,0.004838709677419395,0.013420089467263141,0.004838709677419395,0.05103331927456778,-0.4673917121363771,-0.9441017473811714,0.14416896235078053,0,1,9.328023612995864,9.209845905395369,9.13286506097917,8.925796112793122,14222.854768649915,14376.86324177729,14400.076324253445,13933.190996158002,0.18170931512496788,0.29223116525753295,0.3963642260622276,0.7068240760577968,0.004020908725371974,0.0028225806451613877,0.004048582995951344,-0.004856333468231444,72.87722562340494,72.27953224819528,71.63586245950795,70.14670142742462,0.00800961153384061,0,2.0
2025-11-02,25030.0,25350.0,24910.0,25030.0,8436155070,337097,49,24970.0,25200.0,9.702901687805138,13.759348326027165,89.93288590604027,79.52100763078055,-10.06711409395973,2.6476578411405294,4.304635761589404,13613.811395474135,-1.6908271097868215,73.89781047590543,8.562668595937433,77.66947019964147,-69.10680160370403,138.3410101964493,1.0148604566872055,1.0252237591537836,0.1251185398864996,0.8816603406257998,0.35397594198685695,0.12328644698101872,0.9674913550177471,5.395556277789567,0.21591127642776403,0.01746031746031746,0.009159941863282011,0.0052831278685143155,0.0047374529935606926,0.5171924739556437,0.430824343900829,0.6918877846955769,-0.0027464712186164864,75.64384582561856,172166430.0,0.4166318799996554,1.0155440414507773,0.38636363636363635,0.3409090909090909,0.2727272727272727,0.004414125200642055,0.011235955056179803,0.009211053263916691,0.013268998793727338,0.020242914979757165,0.026476578411405383,0.04304635761589415,0.9919884102822744,-0.9434736771270272,0.15702479338842976,1,0,9.321490249142158,9.328023612995864,9.209845905395369,9.030545944262286,13952.95024466033,14222.854768649915,14376.86324177729,14261.894805626383,1.3799003439337132,0.18170931512496788,0.29223116525753295,0.27828038108521014,-0.002002402883460097,0.004020908725371974,0.0028225806451613877,0.004473363155754306,73.41760944017035,72.87722562340494,72.27953224819528,70.91885899961598,-0.01877746703955252,0,1.0
2025-11-03,25170.0,25570.0,25130.0,25300.0,21018950550,830881,64,25030.0,25320.0,9.877857648987785,15.232084364344743,85.38011695906432,82.63858086371066,-14.619883040935672,2.5101214574898787,5.324459234608985,13207.81657524917,-1.5684393302938615,74.29746760611226,8.818840812306604,77.18930510089888,-68.37046428859227,165.50387596899256,1.017153416623147,1.0274306119136505,0.13072340847347896,0.9016926227763069,0.3734876495865076,0.12851887073974375,0.9906616531099883,5.5905350947614085,0.20078011215790878,0.017377567140600316,0.009019386576519078,0.0052010015429006596,0.004749062332394908,0.5265393929071117,1.073800705579058,1.4515380645693277,0.021908569300352898,77.35341784175365,328421102.34375,0.8111145659123427,1.3061224489795917,0.3409090909090909,0.5681818181818182,0.09090909090909091,-0.0011904761904761906,0.004761904761904745,0.01605136436597121,0.014016820184221013,0.020967741935483897,0.025101214574898778,0.0532445923460898,0.23572182497853256,-0.9432045041609655,0.162534435261708,2,0,9.702901687805138,9.321490249142158,9.328023612995864,9.13286506097917,13613.811395474135,13952.95024466033,14222.854768649915,14400.076324253445,0.430824343900829,1.3799003439337132,0.18170931512496788,0.3963642260622276,0.011235955056179803,-0.002002402883460097,0.004020908725371974,0.004048582995951344,73.89781047590543,73.41760944017035,72.87722562340494,71.63586245950795,-0.015019762845849827,0,1.0
2025-11-04,25010.0,25480.0,24900.0,25250.0,26911114140,1065969,52,25300.0,25230.0,9.862423434140354,15.007831050346894,80.11695906432749,85.14332064314402,-19.883040935672515,1.529175050301811,3.8271604938271606,12737.695651900038,-1.4664518768693897,74.67448090513096,8.742119331279094,76.86276850610977,-68.12064917483067,122.34590205334399,1.0119931009586458,1.0218505093051984,0.13569185095946992,0.9127421211491104,0.39031220390281296,0.13408377075983133,0.8773930752243077,5.789854329524003,0.18874577237386683,0.022988505747126436,0.008905141564916915,0.00535379557931501,0.005914075084103352,0.6641191541976942,1.4431117535055535,1.461282829783839,-0.054935190996040495,67.35796985930925,517521425.7692308,1.3507594236969998,1.0536980749746707,0.3793103448275862,0.43103448275862066,0.1896551724137931,-0.012243285939968405,-0.0035545023696682554,0.0011904761904761862,0.012439807383627599,0.014475271411338975,0.01529175050301812,0.03827160493827164,-0.614459671211494,-0.9434063838855118,0.1584022038567493,0,1,9.877857648987785,9.702901687805138,9.321490249142158,9.209845905395369,13207.81657524917,13613.811395474135,13952.95024466033,14376.86324177729,1.073800705579058,0.430824343900829,1.3799003439337132,0.29223116525753295,0.004761904761904745,0.011235955056179803,-0.002002402883460097,0.0028225806451613877,74.29746760611226,73.89781047590543,73.41760944017035,72.27953224819528,-0.008316831683168324,0,1.0
2025-11-05,24710.0,25400.0,24710.0,24810.0,69777507100,2812472,41,25250.0,25400.0,10.148011835083437,17.678654585486342,90.05847953216374,85.18518518518518,-9.941520467836257,2.792391744233104,3.7158023683135974,12239.587052712683,-1.3557792397410982,75.02977642671581,8.645755467924467,76.31904501588042,-67.67328954795596,103.79746835443046,1.016,1.0268434670116429,0.1425972917742696,0.9305031213041641,0.41144361945197705,0.14035166513215513,0.930314710490401,6.238101175079801,0.17603128762909048,0.02716535433070866,0.008870652603436993,0.004926403361166938,0.006163277201708956,0.6947941123656397,3.312634023145442,2.236492089458666,0.09412503155851115,50.219467473666256,1701890417.0731707,3.801012982398836,0.8266129032258064,1.0,0.0,0.0,-0.020610384462940945,0.006738010305192166,0.003159557661927437,0.007936507936507908,0.0172206647977573,0.027923917442331136,0.03715802368313592,0.5495320943691367,-0.9430250555169243,0.16620752984389348,1,0,9.862423434140354,9.877857648987785,9.702901687805138,9.328023612995864,12737.695651900038,13207.81657524917,13613.811395474135,14222.854768649915,1.4431117535055535,1.073800705579058,0.430824343900829,0.18170931512496788,-0.0035545023696682554,0.004761904761904745,0.011235955056179803,0.004020908725371974,74.67448090513096,74.29746760611226,73.89781047590543,72.87722562340494,0.023377670294236097,0,3.0
2025-11-08,24940.0,25540.0,24920.0,25170.0,16798334640,667272,49,24810.0,25150.0,10.097345710840585,16.77428059703763,75.43859649122807,81.87134502923976,-24.56140350877193,2.277348515656771,4.748021657642649,11695.34808286569,-1.2746399458669768,75.32342027635629,8.792824214056921,75.51357425123882,-66.7207500371819,102.36143062191536,1.0037515964240102,1.0143992255878675,0.14772896815280637,0.9326302227790779,0.42609830506501783,0.14717682012074418,0.749675014350393,5.767187247523185,0.16684331489669324,0.024652087475149104,0.007836086404640088,0.005933348650940545,0.008461531629313847,1.0798160194230892,0.8716158971228023,0.5839237718665571,0.1359042510246451,44.49648609801967,342823155.9183673,0.8156730943720579,1.0020449897750512,0.3387096774193548,0.6290322580645161,0.03225806451612903,-0.01811023622047244,-0.009842519685039353,-0.0031708283789140257,-0.006714060031595581,0.009229534510433401,0.02277348515656774,0.04748021657642654,-1.556094063558661,-0.943585832529553,0.15472910927456382,0,1,10.148011835083437,9.862423434140354,9.877857648987785,9.321490249142158,12239.587052712683,12737.695651900038,13207.81657524917,13952.95024466033,3.312634023145442,1.4431117535055535,1.073800705579058,1.3799003439337132,0.006738010305192166,-0.0035545023696682554,0.004761904761904745,-0.002002402883460097,75.02977642671581,74.67448090513096,74.29746760611226,73.41760944017035,-0.0015891934843067501,0,1.0
2025-11-09,24820.0,25130.0,24430.0,24560.0,6683107880,272150,48,25170.0,24950.0,10.05409885485092,16.00987548438556,63.74269005847953,76.41325536062378,-36.25730994152047,1.0121457489878543,3.871773522064946,11127.260215679016,-1.1961309599928411,75.61179725675666,8.678279259035117,75.41641793430904,-66.73813867527392,8.288288288288625,0.9947769227702244,1.0044485597536181,0.1535921479015434,0.9359827113799856,0.44159336802149946,0.15439858362800044,0.5887100762134219,5.01471754225047,0.15822909191375278,0.028056112224448898,0.008161517951003823,0.006675385639880734,0.007440143618224791,0.9116127248497559,0.3740646665237208,0.2408942589715519,0.0970797519774087,39.29213431305023,139231414.16666666,0.3337471034721834,1.06312292358804,0.18571428571428572,0.2571428571428571,0.5571428571428572,-0.013121272365805169,-0.007952286282306154,-0.017716535433070835,-0.011097899326198979,-0.009920634920634885,0.010121457489878471,0.03871773522064936,-1.2111736103374855,-0.9440344541396559,0.1455463728191001,0,2,10.097345710840585,10.148011835083437,9.862423434140354,9.702901687805138,11695.34808286569,12239.587052712683,12737.695651900038,13613.811395474135,0.8716158971228023,3.312634023145442,1.4431117535055535,0.430824343900829,-0.009842519685039353,0.006738010305192166,-0.0035545023696682554,0.011235955056179803,75.32342027635629,75.02977642671581,74.67448090513096,73.89781047590543,0.0329804560260587,0,3.0
2025-11-10,24980.0,25030.0,24760.0,24920.0,13363277800,536349,16,24560.0,24980.0,10.116286521714102,16.674377488598424,65.49707602339181,68.2261208576998,-34.50292397660819,0.7258064516129032,2.5030775543701274,10563.321212221574,-1.1115522879192732,75.87957588141414,8.6328622700408,75.02173293730951,-66.3888706672687,25.194089656899266,0.9952587752500099,1.004422999597909,0.16161569108499899,0.9462638790307096,0.46118229584420944,0.16238559769985544,0.5937687701632381,4.716921838912155,0.14752260654874103,0.010808646917534028,0.007600081595740989,0.006592430322807592,0.006775607254560311,0.8915176987517205,0.7755910829200744,0.5008664206796444,0.07588621614774493,44.82332128071895,835204862.5,1.9809241412378433,0.36446469248291574,0.0,0.18518518518518517,0.8148148148148148,0.0012024048096192384,0.0012024048096193063,-0.006759443339960258,-0.016535433070866135,-0.013428120063191162,0.007258064516129092,0.025030775543701367,-0.008142646444715377,-0.9439671608981405,0.14692378328741965,1,0,10.05409885485092,10.097345710840585,10.148011835083437,9.877857648987785,11127.260215679016,11695.34808286569,12239.587052712683,13207.81657524917,0.3740646665237208,0.8716158971228023,3.312634023145442,1.073800705579058,-0.007952286282306154,-0.009842519685039353,0.006738010305192166,0.004761904761904745,75.61179725675666,75.32342027635629,75.02977642671581,74.29746760611226,0.024879614767255198,0,3.0
2025-11-11,25220.0,25300.0,24860.0,25040.0,3785696650,151181,33,24920.0,25090.0,10.361010178582191,19.40215971110358,71.9298245614035,67.05653021442494,-28.07017543859649,0.8845999195818254,3.8923395445134576,10012.574717921609,-1.028863250978199,76.04249155760951,9.112763499755992,74.33896234440913,-65.22619884465314,65.70344660586021,0.9987659726921699,1.0069430509290846,0.17106895940436093,0.957734490192872,0.48239407128880507,0.17128032400147272,0.6761261552045508,3.9420896464928705,0.13763733772885658,0.01753686727779992,0.007227061556585552,0.006666383786441801,0.007423092883201912,1.0271246238988694,0.2211605086131413,0.17027096307989503,0.15390648187807043,47.52186012652844,114718080.3030303,0.2797338624825134,0.7424071991001124,0.29545454545454547,0.18181818181818182,0.5227272727272727,0.009607686148919135,0.004403522818254624,0.005611222444889874,-0.0023856858846919016,-0.0055489496630994894,0.0088459991958183,0.03892339544513468,0.3414503156039746,-0.9437204190125839,0.1519742883379247,2,0,10.116286521714102,10.05409885485092,10.097345710840585,9.862423434140354,10563.321212221574,11127.260215679016,11695.34808286569,12737.695651900038,0.7755910829200744,0.3740646665237208,0.8716158971228023,1.4431117535055535,0.0012024048096193063,-0.007952286282306154,-0.009842519685039353,-0.0035545023696682554,75.87957588141414,75.61179725675666,75.32342027635629,74.67448090513096,0.019169329073482455,0,2.0
2025-11-12,25010.0,25500.0,25000.0,25390.0,14072369180,554225,42,25040.0,25400.0,11.095645276165854,27.234188955484782,85.08771929824562,74.17153996101364,-14.912280701754385,1.7220664797757308,3.420195439739414,9488.910923722564,-0.9435281507996621,76.1261955266241,9.452982482030771,73.52012812749956,-64.06714564546878,123.06169580996375,1.009378477189636,1.017668977122481,0.18289960683785303,0.9741285482386325,0.5075918711496099,0.181200224664084,0.9363847627479568,4.048944562412679,0.12765233534032944,0.01968503937007874,0.006780919059014043,0.007560790833517328,0.009132417055852247,1.3467816053212285,0.7872497989883402,1.270472318385899,0.015544338483467923,54.87962772933211,335056409.04761904,0.7981610935297001,0.9271523178807948,0.78,0.2,0.02,-0.0031885213232363493,0.012355520127540931,0.016813450760608584,0.018036072144288484,0.0,0.0172206647977573,0.03420195439739415,1.5706963824881988,-0.9430250555169243,0.16620752984389348,3,0,10.361010178582191,10.116286521714102,10.05409885485092,10.148011835083437,10012.574717921609,10563.321212221574,11127.260215679016,12239.587052712683,0.2211605086131413,0.7755910829200744,0.3740646665237208,3.312634023145442,0.004403522818254624,0.0012024048096193063,-0.007952286282306154,0.006738010305192166,76.04249155760951,75.87957588141414,75.61179725675666,75.02977642671581,0.008664828672705793,0,2.0
2025-11-15,25230.0,25550.0,25100.0,25130.0,9815401370,390530,39,25390.0,25160.0,11.020343695955845,25.036711080780307,64.03508771929825,73.6842105263158,-35.96491228070175,0.9630818619582664,1.4516129032258065,8952.94650016879,-0.8848705416861288,76.18584984812586,9.470497595910816,72.74352166039891,-63.2730240644881,99.73920911171518,0.9988883595362871,1.0073267406013533,0.19202119865188297,0.9701594353636562,0.5220217608050537,0.19223489473941288,0.6804751280502477,4.0596954718953535,0.12094254238410397,0.017885532591414944,0.006937641097832261,0.008300255638632936,0.009027069112879104,1.3011726876012233,0.5442368559824386,1.0253172200678942,0.03083064900066801,51.181298253898,251676958.2051282,0.5884912561170152,0.8533916849015317,0.15555555555555556,0.7111111111111111,0.13333333333333333,-0.0066929133858267716,-0.009448818897637823,0.00278995615783173,0.007205764611689425,0.00039761431411533543,0.009630818619582593,0.014516129032257963,-1.4691641657578378,-0.9435634014490478,0.155188246097337,0,1,11.095645276165854,10.361010178582191,10.116286521714102,10.097345710840585,9488.910923722564,10012.574717921609,10563.321212221574,11695.34808286569,0.7872497989883402,0.2211605086131413,0.7755910829200744,0.8716158971228023,0.012355520127540931,0.004403522818254624,0.0012024048096193063,-0.009842519685039353,76.1261955266241,76.04249155760951,75.87957588141414,75.32342027635629,0.029844807003581275,0,3.0
2025-11-16,25300.0,25610.0,25280.0,25370.0,6056131740,238690,52,25130.0,25480.0,11.879068534604471,33.39645435318616,88.98305084745763,79.36861928833383,-11.016949152542374,1.1111111111111112,3.7881873727087574,8452.70073682929,-0.8104557852415689,76.21796640437336,9.513945931293105,71.92531836602362,-62.41137243473051,138.41384138413784,1.0104695431472082,1.0182428517193838,0.207193551954515,0.9851510622872803,0.547786561295305,0.20504680557633634,0.9454720800135141,4.095172859953503,0.11215487430755978,0.012951334379905808,0.0069385546226676965,0.008514100033566742,0.009143107145284629,1.3177250367698825,0.3751580578666648,0.6378759737569983,0.058881554352237186,52.41637658848656,116464071.92307693,0.2921030367322268,1.1555555555555554,0.5454545454545454,0.3939393939393939,0.06060606060606061,0.005564387917329093,0.012718600953895098,0.0031496062992126816,0.015544041450777257,0.021242484969939968,0.011111111111111072,0.03788187372708762,1.5615534414837358,-0.9428456068728831,0.16988062442607896,1,0,11.020343695955845,11.095645276165854,10.361010178582191,10.05409885485092,8952.94650016879,9488.910923722564,10012.574717921609,11127.260215679016,0.5442368559824386,0.7872497989883402,0.2211605086131413,0.3740646665237208,-0.009448818897637823,0.012355520127540931,0.004403522818254624,-0.007952286282306154,76.18584984812586,76.1261955266241,76.04249155760951,75.61179725675666,0.027591643673630317,0,3.0
2025-11-17,25500.0,25880.0,25420.0,25540.0,29522230090,1155931,43,25370.0,25640.0,12.334629037577798,37.46451680863368,83.44827586206897,78.82213814294163,-16.551724137931036,1.263823064770932,3.8056680161943324,7971.590206262234,-0.746436286542772,76.1361899041294,10.115474148749353,71.04561914751227,-60.93014499876291,164.84603281636348,1.0155259822560203,1.0227159410462496,0.222899149436319,0.9926602023546509,0.5701805747975713,0.21949133092699616,1.0124362620225302,4.432930049991433,0.10477540830631854,0.01794071762870515,0.006944088292735019,0.008598965789739448,0.00900137870503952,1.2962650135737561,1.7542785857485192,2.320627474095152,0.08975318225335749,56.51967222024857,686563490.4651163,1.6763069983230776,0.9492273730684327,0.30434782608695654,0.5217391304347826,0.17391304347826086,0.0007849293563579278,0.006279434850863463,0.019077901430842648,0.009448818897637823,0.02642113690952752,0.012638230647709303,0.0380566801619433,0.6318014404619396,-0.9424867095848007,0.17722681359044995,2,0,11.879068534604471,11.020343695955845,11.095645276165854,10.116286521714102,8452.70073682929,8952.94650016879,9488.910923722564,10563.321212221574,0.3751580578666648,0.5442368559824386,0.7872497989883402,0.7755910829200744,0.012718600953895098,-0.009448818897637823,0.012355520127540931,0.0012024048096193063,76.21796640437336,76.18584984812586,76.1261955266241,75.87957588141414,0.03563038371182459,0,3.0
2025-11-18,25750.0,25880.0,25420.0,25520.0,4115365520,161234,39,25540.0,25550.0,12.296121801166109,36.02070117106747,77.24137931034483,83.22423533995715,-22.75862068965517,1.2683313515655965,2.8169014084507045,7493.570595374265,-0.6944521858708838,76.06025458247429,9.9839697281405,70.12200322547011,-60.13803349732961,139.972554401099,1.0106803797468353,1.0177052837027742,0.23890025470226764,0.9908258058622402,0.5869538960257796,0.23637567275433763,0.8810777166716309,4.64610837322474,0.0989201540303665,0.018003913894324854,0.006970998022416077,0.008596199854218584,0.009846090811726532,1.4124363226133834,0.2521719831881174,0.3223893370017716,0.07277292751793873,54.920740019044366,105522192.82051282,0.262790679564439,0.87248322147651,0.43478260869565216,0.2826086956521739,0.2826086956521739,0.004290171606864275,-0.0035101404056162577,0.0027472527472527375,0.015500794912559623,0.018333997608608987,0.01268331351565588,0.028169014084507005,-0.706231662902031,-0.9426885893093471,0.17309458218549129,0,1,12.334629037577798,11.879068534604471,11.020343695955845,10.361010178582191,7971.590206262234,8452.70073682929,8952.94650016879,10012.574717921609,1.7542785857485192,0.3751580578666648,0.5442368559824386,0.2211605086131413,0.006279434850863463,0.012718600953895098,-0.009448818897637823,0.004403522818254624,76.1361899041294,76.21796640437336,76.18584984812586,76.04249155760951,0.03409090909090917,0,3.0
2025-11-19,25770.0,25890.0,25530.0,25610.0,8919389860,348339,69,25520.0,25610.0,12.492257281869229,37.882618009990374,80.82191780821918,80.503857660211,-19.17808219178082,0.8267716535433071,3.6422501011736137,7035.040177345094,-0.6420548115069886,75.98499377177623,9.905868710722423,69.36201794711137,-59.456149236388946,140.99984857334493,1.0122129560096438,1.018270014512634,0.25939273133152235,0.9941999347093443,0.6068370950164409,0.25626300255442586,0.8874312534882158,4.71567906516082,0.0926433010575842,0.014057008980866849,0.006771974625807982,0.008397106610083365,0.00857671734364417,1.2665016952305634,0.5466552462042865,0.7589997751363563,0.060307458703908745,50.78648843044246,129266519.71014492,0.33026125726757266,1.4775160599571733,0.4444444444444444,0.3333333333333333,0.2222222222222222,0.008610567514677104,0.0023483365949119595,-0.001170046801872049,0.005102040816326481,0.008267716535433012,0.008267716535433012,0.03642250101173605,0.07918377343534333,-0.9425540028263162,0.1758494031221304,1,0,12.296121801166109,12.334629037577798,11.879068534604471,11.095645276165854,7493.570595374265,7971.590206262234,8452.70073682929,9488.910923722564,0.2521719831881174,1.7542785857485192,0.3751580578666648,0.7872497989883402,-0.0035101404056162577,0.006279434850863463,0.012718600953895098,0.012355520127540931,76.06025458247429,76.1361899041294,76.21796640437336,76.1261955266241,0.03826630222569305,0,3.0
2025-11-22,25850.0,26160.0,25660.0,25880.0,22851597840,882919,57,25610.0,25900.0,13.499163686946204,46.63923557962319,84.97109826589596,81.01146512815332,-15.028901734104046,2.982107355864811,5.327368849125661,6611.405913101673,-0.5874056567050958,75.7785699056949,10.592367871968174,68.14683565608885,-57.55446778412068,182.757718472003,1.0206494325346784,1.0271256345177664,0.2864797063970144,1.0046143976610344,0.6317867903621718,0.28068374631392423,1.0518886292759297,4.915055878820144,0.08657952074214426,0.019305019305019305,0.006898687342509602,0.00806185341402403,0.00665574481280358,0.9647842382696468,1.3802164324760173,1.583931114382517,0.12729604249583493,53.56443722385971,400905225.2631579,1.0655770865099778,1.185031185031185,0.1,0.52,0.38,0.009371339320577899,0.011323701679031739,0.013698630136986356,0.010140405616224646,0.02941176470588225,0.02982107355864816,0.05327368849125658,1.2614854680558212,-0.9419035014916669,0.1891643709825528,2,0,12.492257281869229,12.296121801166109,12.334629037577798,11.020343695955845,7035.040177345094,7493.570595374265,7971.590206262234,8952.94650016879,0.5466552462042865,0.2521719831881174,1.7542785857485192,0.5442368559824386,0.0023483365949119595,-0.0035101404056162577,0.006279434850863463,-0.009448818897637823,75.98499377177623,76.06025458247429,76.1361899041294,76.18584984812586,0.023183925811437467,0,3.0
2025-11-23,25720.0,26490.0,25720.0,26070.0,12694694760,486873,43,25880.0,26490.0,15.62626699807771,60.01736643377325,100.0,88.59767202470505,-0.0,6.1723446893787575,7.246963562753036,6235.928057873814,-0.529645237803752,75.41165516934852,11.42267458615563,66.39313443790653,-54.970459851750896,216.36033582936076,1.037602820211516,1.0468080061646678,0.32242673281547063,1.0231707256093838,0.6635703428341408,0.31074195880630295,1.2501410282404033,6.239894153565328,0.08068091634007434,0.029067572668931674,0.008241219625575951,0.009210540658339749,0.009959377458780677,1.2084834419255814,0.7495495756242628,0.8020189793680749,0.1384081018311487,52.005660178889826,295225459.53488374,0.7732802575129623,0.8902691511387164,1.0,0.0,0.0,-0.0069498069498069494,0.0227799227799228,0.034361577508785546,0.03679060665362033,0.03963893249607531,0.061723446893787504,0.07246963562753028,2.335029015753754,-0.9405800677418631,0.2162534435261708,3,0,13.499163686946204,12.492257281869229,12.296121801166109,11.879068534604471,6611.405913101673,7035.040177345094,7493.570595374265,8452.70073682929,1.3802164324760173,0.5466552462042865,0.2521719831881174,0.3751580578666648,0.011323701679031739,0.0023483365949119595,-0.0035101404056162577,0.012718600953895098,75.7785699056949,75.98499377177623,76.06025458247429,76.21796640437336,0.029919447640966546,0,3.0
2025-11-25,26110.0,26770.0,26100.0,26450.0,15332026560,579679,87,26070.0,26560.0,15.890534562315707,61.35834529113249,91.02564102564102,91.998913097179,-8.974358974358974,6.325060048038431,7.096774193548387,5862.918749863373,-0.4871077548932977,74.91511433453748,12.137749644254926,64.82979487873351,-52.692045234478584,213.97673747957256,1.0339458112737465,1.0459369523697009,0.3586794761335001,1.02180696800276,0.6822370527818239,0.3469035535736954,1.1303983600712717,7.286972060731148,0.07652239447082455,0.025225903614457833,0.008242618003933343,0.009137375388712817,0.010231334760648789,1.2412724641329294,0.8805774074874122,1.1786674008273135,0.10293704870587228,61.0776513517001,176230190.3448276,0.45999571278236023,1.7647058823529413,0.6716417910447762,0.31343283582089554,0.014925373134328358,-0.014345035862589657,0.002642506606266526,0.025482625482625476,0.037094884810620954,0.03588143525741039,0.06325060048038433,0.07096774193548394,-0.09992279186781103,-0.9404230501783271,0.2194674012855831,4,0,15.62626699807771,13.499163686946204,12.492257281869229,12.334629037577798,6235.928057873814,6611.405913101673,7035.040177345094,7971.590206262234,0.7495495756242628,1.3802164324760173,0.5466552462042865,1.7542785857485192,0.0227799227799228,0.011323701679031739,0.0023483365949119595,0.006279434850863463,75.41165516934852,75.7785699056949,75.98499377177623,76.1361899041294,0.018147448015122913,0,2.0
2025-11-26,26560.0,26570.0,26160.0,26390.0,7947566230,301185,60,26450.0,26550.0,15.882881195513065,61.01726859598228,90.5982905982906,93.87464387464388,-9.401709401709402,5.819051414906337,6.7551266586248495,5492.542252836796,-0.449522519916511,74.45404070221294,11.952279242086453,63.83916576863735,-51.886886526550896,168.05982031161142,1.027715413795773,1.042095967029732,0.40251423581421586,1.0180669766251689,0.6984331933813005,0.3916592379670227,1.0257163456293943,8.007353657481259,0.07218631251785392,0.01544256120527307,0.008286686470476248,0.009363405169123172,0.009486493999869878,1.14478736871104,0.456811459501124,0.5794258934703607,0.09694750760722015,83.34021210894505,132459437.16666667,0.3441897388066621,1.2307692307692308,0.024390243902439025,0.024390243902439025,0.9512195121951219,0.0,-0.0003765060240963347,0.0022650056625141968,0.025096525096525157,0.03913894324853229,0.05819051414906329,0.06755126658624855,-0.44440968211763765,-0.9404454812588322,0.2190082644628099,0,1,15.890534562315707,15.62626699807771,13.499163686946204,12.296121801166109,5862.918749863373,6235.928057873814,6611.405913101673,7493.570595374265,0.8805774074874122,0.7495495756242628,1.3802164324760173,0.2521719831881174,0.002642506606266526,0.0227799227799228,0.011323701679031739,-0.0035101404056162577,74.91511433453748,75.41165516934852,75.7785699056949,76.06025458247429,0.040924592648730496,0,3.0
2025-11-29,26840.0,26840.0,26260.0,26590.0,4532429810,170425,54,26390.0,26410.0,15.768379006333475,55.938439710611995,82.15767634854772,87.92720265749313,-17.842323651452283,3.976377952755906,5.766920304365239,5122.41678760357,-0.41743067671774703,73.85627812324212,12.73939808073306,62.386858942003464,-49.6474608612704,151.57824388237677,1.0183150183150182,1.033679719759682,0.45685244064032,1.0107240509240845,0.7108227832813996,0.4486356701252063,0.9025885308260048,8.365792162677945,0.06895414552263017,0.021961378265808407,0.008502284595549456,0.009629195467248884,0.011053074372164073,1.3000122788114898,0.25851997183395137,0.3519605498535571,0.07056503702601602,82.06003158144443,83933885.37037037,0.2179274480739462,1.108829568788501,0.7413793103448276,0.0,0.25862068965517243,0.010922787193973634,-0.005273069679849307,-0.005647590361445798,-0.003020007550018855,0.031237797735259587,0.03976377952755916,0.057669203043652306,-0.9543962383819015,-0.9407595163859043,0.2125803489439853,0,2,15.882881195513065,15.890534562315707,15.62626699807771,12.492257281869229,5492.542252836796,5862.918749863373,6235.928057873814,7035.040177345094,0.456811459501124,0.8805774074874122,0.7495495756242628,0.5466552462042865,-0.0003765060240963347,0.002642506606266526,0.0227799227799228,0.0023483365949119595,74.45404070221294,74.91511433453748,75.41165516934852,75.98499377177623,0.05791650996615272,1,4.0
2025-11-30,26350.0,26810.0,26350.0,26480.0,12360464690,466844,73,26590.0,26800.0,17.55153095785083,65.31996929501304,98.07692307692308,90.27763000792045,-1.9230769230769231,6.518282988871224,7.54414125200642,4793.99959053203,-0.37889035341620275,73.30121287134065,12.496582276702348,61.19775132334261,-48.70116904664026,148.71504157218413,1.0268592666385685,1.0450991479322245,0.5407084895267994,1.021618156689986,0.7365236506881906,0.5265653309014902,0.9994776857061006,9.029261811459879,0.06432309909990569,0.017164179104477612,0.00882038670631149,0.008903252145494412,0.01154687008558284,1.3091115469257597,0.7523525925555862,1.1641960173685266,0.04864738955985226,86.75293693646873,169321434.10958904,0.48139590614915334,1.4455445544554455,0.9782608695652174,0.021739130434782608,0.0,-0.002271866717152594,0.01476713366149185,0.009416195856873921,0.009036144578313143,0.03474903474903468,0.06518282988871227,0.0754414125200642,1.2569945567709935,-0.9398847042462035,0.23048668503213957,1,0,15.768379006333475,15.882881195513065,15.890534562315707,13.499163686946204,5122.41678760357,5492.542252836796,5862.918749863373,6611.405913101673,0.25851997183395137,0.456811459501124,0.8805774074874122,1.3802164324760173,-0.005273069679849307,-0.0003765060240963347,0.002642506606266526,0.011323701679031739,73.85627812324212,74.45404070221294,74.91511433453748,75.7785699056949,0.0679758308157099,1,4.0
2025-12-01,26800.0,27270.0,26800.0,26850.0,17263539210,642915,74,26480.0,27010.0,18.55138423303245,69.41139715733605,89.2116182572614,89.81540589424407,-10.78838174273859,6.004709576138147,7.182539682539682,4486.526825794557,-0.3458016486428385,72.46431749904097,14.250354662164543,59.94063889880442,-45.69028423663988,165.82444319670586,1.0288739905531008,1.049584207663014,0.654296165306073,1.0249522132319036,0.7567405390327634,0.6359342070201788,0.9979429633844568,9.957808686761267,0.06050713420005062,0.01740096260644206,0.008699017652254754,0.008646584132739409,0.007707114279916613,0.8859752431838044,1.0111856161769566,1.4875074500890308,0.05457920814820438,87.06570199382368,233291070.4054054,0.657553699291693,1.429951690821256,0.44680851063829785,0.5531914893617021,0.0,0.0,0.007835820895522483,0.02271866717152604,0.017325800376647882,0.01963004907512267,0.06004709576138145,0.07182539682539679,0.49728281898485654,-0.9394136515555954,0.2401285583103765,2,0,17.55153095785083,15.768379006333475,15.882881195513065,15.62626699807771,4793.99959053203,5122.41678760357,5492.542252836796,6235.928057873814,0.7523525925555862,0.25851997183395137,0.456811459501124,0.7495495756242628,0.01476713366149185,-0.005273069679849307,-0.0003765060240963347,0.0227799227799228,73.30121287134065,73.85627812324212,74.45404070221294,75.41165516934852,0.05288640595903171,1,4.0
2025-12-02,27050.0,27300.0,26820.0,26930.0,42906914540,1593134,108,26850.0,27300.0,19.99429025702493,74.2968730922949,100.0,95.76284711139482,-0.0,6.4742589703588145,7.819905213270142,4203.179566823555,-0.31401666289773567,71.66527525146331,14.073599014056676,58.61634179899418,-44.5427427849375,148.64072689968492,1.0333863275039745,1.056787829520381,0.8236039460584669,1.030257674943231,0.7784235764050647,0.7969952031858086,1.0112219502258597,11.108253371220043,0.05684424393423279,0.017582417582417582,0.008845634583672922,0.008783173973019079,0.008205861425577098,0.9276735714047352,2.3639956208179123,2.5092652298643285,0.0974669324979236,89.50436126542823,397286245.7407407,1.1090268608292355,2.0018535681186282,0.5208333333333334,0.0,0.4791666666666667,0.001480932987782303,0.010736764161421775,0.018656716417910557,0.033699356304430106,0.027861445783132543,0.06474258970358804,0.0781990521327014,0.7832193666719397,-0.9387631502209461,0.2534435261707989,3,0,18.55138423303245,17.55153095785083,15.768379006333475,15.890534562315707,4486.526825794557,4793.99959053203,5122.41678760357,5862.918749863373,1.0111856161769566,0.7523525925555862,0.25851997183395137,0.8805774074874122,0.007835820895522483,0.01476713366149185,-0.005273069679849307,0.002642506606266526,72.46431749904097,73.30121287134065,73.85627812324212,74.91511433453748,0.043817304121797296,0,4.0
2025-12-03,27310.0,27730.0,27300.0,27470.0,17952271340,653456,87,26930.0,27510.0,21.08453113127024,77.35271863946745,91.63498098859316,93.61553308195153,-8.365019011406844,7.671232876712329,9.036860879904875,3935.121929448642,-0.2856027645263881,70.59513923304567,15.866858219371935,57.39303565202606,-41.52617743265412,158.99347470109544,1.0336664913203577,1.060238177824026,1.1049435277862572,1.0321197870174899,0.7971414176490017,1.06895554520187,0.9946198568983969,12.17868166509939,0.05349748707550298,0.015630679752817157,0.008709344886680714,0.008074875569510993,0.007516360397929336,0.8630224770894283,1.0002538688207683,0.9264217100386926,0.14102292217177115,89.69918097800928,206347946.43678162,0.6021752427500725,1.5619389587073609,0.46511627906976744,0.5116279069767442,0.023255813953488372,0.0003663003663003663,0.007692307692307665,0.018511662347278746,0.026492537313432818,0.0361581920903955,0.0767123287671232,0.09036860879904873,0.38134617326982484,-0.938292097530338,0.2630853994490358,4,0,19.99429025702493,18.55138423303245,17.55153095785083,15.882881195513065,4203.179566823555,4486.526825794557,4793.99959053203,5492.542252836796,2.3639956208179123,1.0111856161769566,0.7523525925555862,0.456811459501124,0.010736764161421775,0.007835820895522483,0.01476713366149185,-0.0003765060240963347,71.66527525146331,72.46431749904097,73.30121287134065,74.45404070221294,0.02511831088460137,0,3.0
2025-12-06,28120.0,28290.0,28000.0,28130.0,38030962430,1351952,129,27470.0,28290.0,25.163718633482887,85.05317526380696,100.0,97.21166032953106,-0.0,10.464662241311988,11.377952755905511,3718.106684481936,-0.25254226320138423,69.17147424627389,18.057656709956422,55.14484967440711,-37.08719296445069,185.7335127860027,1.0523770552786251,1.0842611578483414,1.1303611242078682,1.0514542353849756,0.8308366653203402,1.074102783349449,1.091733040278252,14.239725030178995,0.050275984201414256,0.010250972074938141,0.010227382780331128,0.010166659617350738,0.008587253624340353,0.8396335415210036,2.3298906196427955,1.4357110983346222,0.20999412696286024,94.99224934370814,294813662.248062,1.0826116973740696,2.146422628951747,0.5862068965517241,0.0,0.41379310344827586,0.022173754998182478,0.028353326063249806,0.03626373626373636,0.04738985560903375,0.071185157137448,0.10464662241311995,0.11377952755905518,2.239236412594757,-0.9365424732509365,0.2988980716253444,5,0,21.08453113127024,19.99429025702493,18.55138423303245,15.768379006333475,3935.121929448642,4203.179566823555,4486.526825794557,5122.41678760357,1.0002538688207683,2.3639956208179123,1.0111856161769566,0.25851997183395137,0.007692307692307665,0.010736764161421775,0.007835820895522483,-0.005273069679849307,70.59513923304567,71.66527525146331,72.46431749904097,73.85627812324212,0.02523995734091722,0,3.0
2025-12-07,28970.0,28970.0,27710.0,28280.0,31823514340,1125170,158,28130.0,28400.0,25.746640571556966,85.84504503980273,83.94366197183099,91.8595476534747,-16.056338028169016,9.652509652509652,12.922465208747516,3493.2279679756575,-0.22873212501688459,67.33469946954305,20.348662051965764,51.62674764230635,-31.278085590340584,170.3615572741096,1.046734483266991,1.0817399253447093,1.129179754284124,1.0465993959431708,0.8444465686092613,1.078764263846368,1.021470360615415,15.674893822966993,0.049673034984291056,0.044366197183098595,0.009587517684429841,0.010333535047835598,0.009621294381366005,1.0035229866632756,1.8654615229598228,1.0483027793807917,0.23447388390188872,95.47631853339439,201414647.721519,0.7593484780892891,2.410373760488177,0.4523809523809524,0.0,0.5476190476190477,0.024036762106751503,0.003888299752562663,0.03235187204652856,0.04029304029304037,0.05970149253731338,0.09652509652509655,0.12922465208747513,-0.23468424563735085,-0.9362957313653799,0.3039485766758494,6,0,25.163718633482887,21.08453113127024,19.99429025702493,17.55153095785083,3718.106684481936,3935.121929448642,4203.179566823555,4793.99959053203,2.3298906196427955,1.0002538688207683,2.3639956208179123,0.7523525925555862,0.028353326063249806,0.007692307692307665,0.010736764161421775,0.01476713366149185,69.17147424627389,70.59513923304567,71.66527525146331,73.30121287134065,0.040311173974540315,0,3.0
2025-12-08,28550.0,28550.0,28040.0,28270.0,8413202200,297632,80,28280.0,28400.0,25.746640571556966,85.84504503980273,83.94366197183099,89.29577464788731,-16.056338028169016,7.2102680256700635,13.827655310621243,3260.227377596524,-0.2082371864950537,65.62912289115015,19.79809379892079,50.2298966755337,-30.431802876612913,147.96624151278647,1.0394173407019727,1.074678826178268,1.1239423465066762,1.0391495893037632,0.854290106196073,1.081319603295842,0.9553548650235081,16.40013798346322,0.04740765723390407,0.01795774647887324,0.009126194087400058,0.009511037991765538,0.01095417449699126,1.200300409139334,0.4924150834546384,0.29636686910914684,0.21339392211940167,91.65918978911643,105165027.5,0.39904262867910956,1.1913626209977661,0.29411764705882354,0.0,0.7058823529411765,0.00528169014084507,0.0,0.003888299752562663,0.03235187204652856,0.051462421325435104,0.07210268025670064,0.13827655310621245,-0.7161751502750653,-0.9362957313653799,0.3039485766758494,0,0,25.746640571556966,25.163718633482887,21.08453113127024,18.55138423303245,3493.2279679756575,3718.106684481936,3935.121929448642,4486.526825794557,1.8654615229598228,2.3298906196427955,1.0002538688207683,1.0111856161769566,0.003888299752562663,0.028353326063249806,0.007692307692307665,0.007835820895522483,67.33469946954305,69.17147424627389,70.59513923304567,72.46431749904097,0.04633887513264945,0,4.0
2025-12-09,28690.0,28690.0,27920.0,28110.0,24679654160,878081,121,28270.0,28200.0,25.33058617266228,75.89451723454215,77.61627906976744,81.83453433780981,-22.38372093023256,6.174698795180722,12.890312249799841,3014.1561795503476,-0.19171873225596156,63.92965377088279,19.729985740263466,48.11326464017498,-28.383278899911517,126.35002454590088,1.0259395350529341,1.0606488011283497,1.1114439312008324,1.0268031999705802,0.8579160669437473,1.0833425296779178,0.867895530116252,16.48533242825355,0.046283959095130146,0.027304964539007093,0.00955588326727228,0.010453455724524541,0.013336251193928473,1.3956063318190046,1.4127966166803227,1.019532818381294,0.10150170747087617,84.5482263217777,203964083.96694216,0.8792263957652866,1.671270718232044,0.6363636363636364,0.0,0.36363636363636365,0.010211267605633803,-0.007042253521126751,-0.007042253521126751,-0.0031813361611876534,0.03296703296703307,0.06174698795180733,0.1289031224979984,-1.3777872393716268,-0.9367443529754829,0.29476584022038566,0,1,25.746640571556966,25.746640571556966,25.163718633482887,19.99429025702493,3260.227377596524,3493.2279679756575,3718.106684481936,4203.179566823555,0.4924150834546384,1.8654615229598228,2.3298906196427955,2.3639956208179123,0.0,0.003888299752562663,0.028353326063249806,0.010736764161421775,65.62912289115015,67.33469946954305,69.17147424627389,71.66527525146331,0.06759160441124146,1,4.0
2025-12-10,28010.0,28500.0,27760.0,28160.0,36075385230,1281177,106,28110.0,28350.0,26.292611528208525,78.11424851084394,81.26888217522658,80.942941072275,-18.731117824773413,6.779661016949152,12.993224392188123,2788.2583473550603,-0.1740847088174476,62.40852844171551,18.905474937622866,47.00618599673121,-28.100711059108345,106.4039525879473,1.0246864495608488,1.059793274892058,1.112672297403372,1.0271662367270316,0.871355695781277,1.0858661182454707,0.8624288916545823,16.497932772160144,0.044615014875975585,0.026102292768959437,0.009549399353127236,0.010216378664791243,0.013328921807970583,1.395786406566569,1.8895871070384327,1.2983115971343402,0.123280197887635,73.68395381017268,340333822.9245283,1.399041767092679,1.393819855358317,0.4594594594594595,0.20270270270270271,0.33783783783783783,-0.00673758865248227,0.005319148936170137,-0.0017605633802817433,-0.0017605633802817433,0.03053435114503822,0.06779661016949157,0.1299322439218813,-0.08904778653884769,-0.9364078867679057,0.30165289256198347,1,0,25.33058617266228,25.746640571556966,25.746640571556966,21.08453113127024,3014.1561795503476,3260.227377596524,3493.2279679756575,3935.121929448642,1.4127966166803227,0.4924150834546384,1.8654615229598228,1.0002538688207683,-0.007042253521126751,0.0,0.003888299752562663,0.007692307692307665,63.92965377088279,65.62912289115015,67.33469946954305,70.59513923304567,0.06356534090909083,1,4.0
2025-12-13,28500.0,29000.0,28500.0,28840.0,146034854670,5063402,128,28160.0,28980.0,30.351344570719377,84.91898400346827,99.39024390243902,86.09180171581102,-0.6097560975609756,9.731162438470276,14.094488188976378,2611.124201546396,-0.1538873219598587,60.546754022418945,21.111743113802856,45.21865516644652,-24.10691205264366,130.85141659219806,1.0378169316716803,1.076143262964407,1.132402819675206,1.0419781941132569,0.8979882605240279,1.0911392800762751,0.9424091242401927,17.211051669691006,0.04212970455619837,0.01725327812284334,0.010123409430816431,0.01035657925910222,0.010815307324936949,1.0683463312285215,5.6043420628539655,2.9283582531506127,0.25394213342428507,81.4516293881012,1140897302.109375,4.023560817925217,1.5930304915992535,0.96,0.04,0.0,0.005291005291005291,0.022222222222222143,0.027659574468085202,0.02042253521126769,0.024390243902439046,0.09731162438470276,0.14094488188976384,1.5369708607045474,-0.9349947286960812,0.3305785123966942,2,0,26.292611528208525,25.33058617266228,25.746640571556966,25.163718633482887,2788.2583473550603,3014.1561795503476,3260.227377596524,3718.106684481936,1.8895871070384327,1.4127966166803227,0.4924150834546384,2.3298906196427955,0.005319148936170137,-0.007042253521126751,0.0,0.028353326063249806,62.40852844171551,63.92965377088279,65.62912289115015,69.17147424627389,0.0554785020804438,1,4.0
2025-12-14,29680.0,29680.0,28750.0,29420.0,47679898900,1620754,104,28840.0,29480.0,33.48198288438407,88.29013326556375,94.41340782122904,91.69084463296487,-5.58659217877095,10.0,17.170111287758345,2459.592277751117,-0.13555930952354836,58.227095147579924,23.99034313366278,42.71576936534968,-18.7254262316869,142.73211016070908,1.0456867196367763,1.0859995210992615,1.1467693624304665,1.050268103734988,0.9193735624724657,1.0966662776675613,0.9822433579789519,17.83322044282359,0.04071027547611498,0.03154681139755767,0.009635752624593345,0.010528750865266442,0.01208657074414934,1.2543463095244651,1.67955592474779,0.8865254589026245,0.2613694580266086,82.87731251476393,458460566.34615386,1.5599557538139361,1.244019138755981,0.21505376344086022,0.0,0.7849462365591398,0.024154589371980676,0.017253278122843385,0.03985890652557322,0.04539007092198588,0.038028169014084456,0.10000000000000009,0.17170111287758338,0.9605203367426883,-0.9338731746708239,0.35353535353535354,3,0,30.351344570719377,26.292611528208525,25.33058617266228,25.746640571556966,2611.124201546396,2788.2583473550603,3014.1561795503476,3493.2279679756575,5.6043420628539655,1.8895871070384327,1.4127966166803227,1.8654615229598228,0.022222222222222143,0.005319148936170137,-0.007042253521126751,0.003888299752562663,60.546754022418945,62.40852844171551,63.92965377088279,67.33469946954305,0.04316791298436429,0,3.0
2025-12-15,29440.0,30000.0,28890.0,29580.0,56820954470,1920670,135,29420.0,30000.0,36.67018888319776,90.78850759354626,100.0,97.93455057455601,-0.0,11.069974083672713,17.739403453689167,2327.7213295073416,-0.1182076353540382,55.800239878199854,24.311715888376156,39.878583242352875,-15.566867353976718,141.93953957607752,1.0529640939243972,1.0960305427177903,1.1617190343791386,1.0576005671785638,0.9400756368621008,1.1032845669498679,1.0066373499518444,18.954493332739492,0.03979001422253882,0.037,0.009823610553418198,0.010796541448396537,0.011904657045804026,1.2118413063170255,1.8307986570438377,0.8921660217441634,0.3154894729518496,84.31996182427446,420895959.037037,1.361616497672148,1.5384615384615385,0.5045045045045045,0.0,0.4954954954954955,-0.0013568521031207597,0.01763907734056991,0.035196687370600444,0.05820105820105814,0.05633802816901401,0.11069974083672718,0.17739403453689162,0.95638072204189,-0.9327067584845562,0.3774104683195592,4,0,33.48198288438407,30.351344570719377,26.292611528208525,25.746640571556966,2459.592277751117,2611.124201546396,2788.2583473550603,3260.227377596524,1.67955592474779,5.6043420628539655,1.8895871070384327,0.4924150834546384,0.017253278122843385,0.022222222222222143,0.005319148936170137,0.0,58.227095147579924,60.546754022418945,62.40852844171551,65.62912289115015,0.06254225828262339,1,4.0
2025-12-16,30000.0,30460.0,28900.0,30010.0,76331849710,2543228,146,29580.0,29480.0,34.87029309305518,72.69386177987786,76.66666666666667,90.36002482929858,-23.333333333333332,7.9853479853479845,14.97659906396256,2143.410674726276,-0.10836794595388882,53.15497529888261,24.784468746848347,36.2358730078528,-11.451404261004456,125.0578105781059,1.026855689853356,1.06953035717525,1.1367930712693677,1.0330279329218899,0.9290261369423248,1.1070621534285032,0.8655618961622539,19.020132542585614,0.04137939897942949,0.052917232021709636,0.011369450895765956,0.013947903715363813,0.016004440874325617,1.4076705217387198,2.273879167702509,1.0230834071713688,0.2653299308776824,74.19000682070141,522820888.4246575,1.737363334403866,1.571582346609257,0.3333333333333333,0.2948717948717949,0.3717948717948718,0.0,-0.01733333333333331,0.0,0.017253278122843385,0.04539007092198588,0.07985347985347979,0.1497659906396256,-2.145808160325702,-0.9338731746708239,0.35353535353535354,0,1,36.67018888319776,33.48198288438407,30.351344570719377,25.33058617266228,2327.7213295073416,2459.592277751117,2611.124201546396,3014.1561795503476,1.8307986570438377,1.67955592474779,5.6043420628539655,1.4127966166803227,0.01763907734056991,0.017253278122843385,0.022222222222222143,-0.007042253521126751,55.800239878199854,58.227095147579924,60.546754022418945,63.92965377088279,0.053648783738753814,1,4.0
2025-12-17,29540.0,30550.0,29510.0,29950.0,29990299310,1001233,99,30010.0,30550.0,41.25936755636705,81.53069951291724,100.0,92.22222222222223,-0.0,11.050527081061432,19.569471624266143,2032.4785158710984,-0.09157118090370038,50.620484903434146,23.749548361452955,33.94547647878074,-10.195928117327785,141.3850468178145,1.0529762520249544,1.0983874737088104,1.172402677146015,1.059032407144058,0.9654099892282716,1.1134179663514676,0.9965042648055251,19.81603798455743,0.03957970742313901,0.03404255319148936,0.012813514916349128,0.01660362822346511,0.019766927931302317,1.5426624201358778,0.8627946628447123,0.4120542217827269,0.24392181371104105,75.322281951742,302932316.2626263,0.974691082093929,1.0323253388946818,0.9711538461538461,0.0,0.028846153846153848,0.0020352781546811396,0.036295793758480244,0.018333333333333313,0.036295793758480244,0.07760141093474426,0.11050527081061423,0.19569471624266144,2.126049725691794,-0.9314730490567731,0.40266299357208446,1,0,34.87029309305518,36.67018888319776,33.48198288438407,26.292611528208525,2143.410674726276,2327.7213295073416,2459.592277751117,2788.2583473550603,2.273879167702509,1.8307986570438377,1.67955592474779,1.8895871070384327,-0.01733333333333331,0.01763907734056991,0.017253278122843385,0.005319148936170137,53.15497529888261,55.800239878199854,58.227095147579924,62.40852844171551,0.08447412353923212,1,4.0
2025-12-20,30550.0,30840.0,29970.0,30440.0,40068946160,1316324,148,29950.0,30840.0,42.89443679748856,83.2451972823761,100.0,92.22222222222223,-0.0,9.013785790031813,20.421710269426004,1918.9436163148757,-0.07883588106632783,48.006589267300775,24.252161678300872,32.16523531362076,-7.91307363531989,145.45335042229448,1.053710537105371,1.0984861976847728,1.1777915263169956,1.0578421134653604,0.9764132380195405,1.1177562383996702,0.9833331127649776,20.376463992166453,0.03842199556026416,0.02821011673151751,0.012715959571896161,0.015397849301589175,0.019456181258695103,1.5300600122774581,1.0889035979695292,0.7833201959151457,0.09746851357586794,76.43818447804668,270736122.7027027,0.851714913951445,1.4822233350025038,0.3333333333333333,0.0,0.6666666666666666,0.0,0.00949263502454989,0.046132971506105847,0.028000000000000025,0.06418219461697716,0.09013785790031803,0.20421710269426008,0.006432563518077137,-0.9308225477221238,0.41597796143250687,2,0,41.25936755636705,34.87029309305518,36.67018888319776,30.351344570719377,2032.4785158710984,2143.410674726276,2327.7213295073416,2611.124201546396,0.8627946628447123,2.273879167702509,1.8307986570438377,5.6043420628539655,0.036295793758480244,-0.01733333333333331,0.01763907734056991,0.022222222222222143,50.620484903434146,53.15497529888261,55.800239878199854,60.546754022418945,0.09724047306176087,1,4.0
2025-12-21,30570.0,31200.0,30450.0,30690.0,42063033090,1370603,119,30440.0,31100.0,44.38901334928363,84.72806585082738,97.71689497716895,99.23896499238965,-2.2831050228310503,9.507042253521126,20.077220077220076,1803.4408657744739,-0.06739360470039658,45.25543412048377,25.35471938917116,30.67187715038174,-5.317157761210581,152.21438645980274,1.052881034599499,1.0975824951473443,1.1813236902880757,1.0559152458489953,0.9857662148613529,1.1219916129816458,0.9661683389706381,20.932887755273004,0.03710185222788495,0.024115755627009645,0.012709507909420813,0.015304440612554874,0.019336242250209072,1.5213997574112408,1.1113866732088,0.840648459566897,0.08601706484746985,77.35975981453463,353470866.302521,1.1203512327905074,1.1559009227780475,0.7066666666666667,0.13333333333333333,0.16,-0.008754863813229572,0.008430609597924743,0.018003273322422242,0.0549525101763908,0.0549525101763908,0.09507042253521125,0.20077220077220082,-0.06574405640921081,-0.93023933962899,0.4279155188246097,3,0,42.89443679748856,41.25936755636705,34.87029309305518,33.48198288438407,1918.9436163148757,2032.4785158710984,2143.410674726276,2459.592277751117,1.0889035979695292,0.8627946628447123,2.273879167702509,1.67955592474779,0.00949263502454989,0.036295793758480244,-0.01733333333333331,0.017253278122843385,48.006589267300775,50.620484903434146,53.15497529888261,58.227095147579924,0.11208862821766052,1,4.0
2025-12-22,31190.0,31610.0,31100.0,31430.0,44440202840,1414029,152,30690.0,31500.0,46.70020831909665,86.82151435394776,97.4477958236659,98.38823026694494,-2.5522041763341066,10.915492957746478,18.912797281993203,1697.5836158061652,-0.05642547467298734,42.33699926069976,27.164428510054496,29.66334226246457,-2.4989137524100755,154.4640343468467,1.0553470919324577,1.101957286036627,1.1897567608400061,1.058182364772075,0.9985599081879799,1.12736062849373,0.9639225504033212,21.977221402147446,0.03517070035313807,0.01619047619047619,0.012342670056557833,0.014979786419430834,0.01903599920958001,1.5422918316985974,1.1050601063391443,0.9247559681832921,0.06812971082929864,77.40104328923873,292369755.5263158,0.9271064636522794,1.4022140221402213,0.6078431372549019,0.21568627450980393,0.17647058823529413,0.0028938906752411574,0.012861736334405238,0.021400778210116655,0.03109656301145658,0.050000000000000044,0.10915492957746475,0.189127972819932,0.33148917009672885,-0.929342096408784,0.4462809917355372,4,0,44.38901334928363,42.89443679748856,41.25936755636705,36.67018888319776,1803.4408657744739,1918.9436163148757,2032.4785158710984,2327.7213295073416,1.1113866732088,1.0889035979695292,0.8627946628447123,1.8307986570438377,0.008430609597924743,0.00949263502454989,0.036295793758480244,0.01763907734056991,45.25543412048377,48.006589267300775,50.620484903434146,55.800239878199854,0.06458797327394206,1,4.0
2025-12-23,31880.0,32050.0,31290.0,31620.0,39775869860,1257833,165,31430.0,31960.0,49.30928546148426,88.86870608830228,97.92626728110599,97.6969860273136,-2.0737327188940093,13.333333333333334,20.33132530120482,1603.2811140789681,-0.04602267444951678,39.379263662300026,28.704754023758017,28.176497340022326,0.528256683735691,148.9597439369693,1.0574377977766014,1.1075878082168045,1.2002493634472244,1.0616087620990537,1.0121567330783914,1.135054341703032,0.9673387643660754,23.021374732896934,0.03388700561999383,0.023779724655819776,0.012319878832665235,0.013667469753688617,0.011432337875866982,0.9279586293945518,0.9576176243613115,0.9888590008021986,0.18162718835373948,78.15100821288613,241065877.93939394,0.7566434395598474,1.4692787177203919,0.10526315789473684,0.11842105263157894,0.7763157894736842,0.012063492063492064,0.014603174603174507,0.027652733118971096,0.03631647211413758,0.08412483039348717,0.1333333333333333,0.20331325301204828,0.4249121597584316,-0.9283102667055472,0.4674012855831038,5,0,46.70020831909665,44.38901334928363,42.89443679748856,34.87029309305518,1697.5836158061652,1803.4408657744739,1918.9436163148757,2143.410674726276,1.1050601063391443,1.1113866732088,1.0889035979695292,2.273879167702509,0.012861736334405238,0.008430609597924743,0.00949263502454989,-0.01733333333333331,42.33699926069976,45.25543412048377,48.006589267300775,53.15497529888261,0.026565464895635715,0,3.0
2025-12-24,32100.0,32560.0,32100.0,32480.0,88780910000,2733100,178,31620.0,32560.0,52.57056103720151,90.99695587496183,100.0,98.45802103492396,-0.0,14.850088183421517,22.63653483992467,1526.4446686297342,-0.03581418776714854,37.056462897018996,31.005747899205915,27.02482020127554,3.980927697930376,155.5380989787903,1.0624898025779084,1.116751269035533,1.2151067323481117,1.0681396289509768,1.0287839582548826,1.143640841916704,0.984263226880845,24.109051143018164,0.032202906930052295,0.014127764127764128,0.01226670376334755,0.013523995299630009,0.004152185185019947,0.338492333810695,1.9044691091152584,1.6887898486991109,0.22466150249077277,79.69769595072887,498769157.3033708,1.480402624554718,1.505922165820643,1.0,0.0,0.0,0.004380475594493116,0.018773466833541974,0.03365079365079371,0.04694533762057884,0.06579378068739761,0.14850088183421506,0.2263653483992467,0.688665844811286,-0.9269644018752383,0.494949494949495,6,0,49.30928546148426,46.70020831909665,44.38901334928363,41.25936755636705,1603.2811140789681,1697.5836158061652,1803.4408657744739,2032.4785158710984,0.9576176243613115,1.1050601063391443,1.1113866732088,0.8627946628447123,0.014603174603174507,0.012861736334405238,0.008430609597924743,0.036295793758480244,39.379263662300026,42.33699926069976,45.25543412048377,50.620484903434146,-0.011391625615763568,0,1.0
2025-12-27,33450.0,33450.0,33180.0,33400.0,94199329950,2820074,247,32480.0,33450.0,56.99078283840494,93.2352387344047,100.0,99.30875576036867,-0.0,15.424430641821946,26.656569481257097,1479.6115486577442,-0.025202995112284313,35.57241746257971,35.23448791122484,25.368436734203563,9.866051177021276,172.1596259375913,1.075839444230027,1.1335908906059373,1.2400922376528336,1.081146349915479,1.0524685539643808,1.1526740763259162,1.0260864878447322,25.393332406850387,0.031007573020184784,0.008071748878923767,0.012251242083318516,0.013957966796651417,0.007149267528204411,0.5835545065213401,1.7989978250240473,1.4694560727013595,0.2570182744296676,81.32647569655448,381373805.465587,1.0841057720901177,1.931951505670708,0.0,0.0,1.0,0.027334152334152335,0.027334152334152373,0.04662077596996239,0.06190476190476191,0.08463035019455245,0.1542443064182195,0.266565694812571,1.2552183856594217,-0.9249680357102802,0.5358126721763086,7,0,52.57056103720151,49.30928546148426,46.70020831909665,42.89443679748856,1526.4446686297342,1603.2811140789681,1697.5836158061652,1918.9436163148757,1.9044691091152584,0.9576176243613115,1.1050601063391443,1.0889035979695292,0.018773466833541974,0.014603174603174507,0.012861736334405238,0.00949263502454989,37.056462897018996,39.379263662300026,42.33699926069976,48.006589267300775,-0.031736526946107735,0,0.0
2025-12-28,34400.0,34400.0,33520.0,34130.0,135299253780,3964093,291,33400.0,34400.0,61.15254215900685,94.83449697930098,100.0,100.0,-0.0,16.689280868385346,28.35820895522388,1454.4957271858996,-0.014666630121548837,34.81719201525171,39.49725344737118,23.698725581943343,15.798527865427836,174.04784765562474,1.089159067882472,1.1509635974304069,1.2662980659505703,1.093042551671021,1.0757961930767048,1.162638317296012,1.0507587962545701,27.410111006312267,0.02997018921891062,0.02558139534883721,0.012783603598076902,0.014628213655075202,0.007161810262809902,0.5602340692015267,2.2750201871739852,1.6260772201196658,0.3149233569301588,84.88699725622445,464945889.27835053,1.268376414491418,2.097297297297297,0.0,0.0,1.0,0.028400597907324365,0.0284005979073243,0.05651105651105648,0.07634543178973718,0.1061093247588425,0.16689280868385348,0.28358208955223874,1.2330448570383867,-0.9228370830622911,0.5794306703397613,8,0,56.99078283840494,52.57056103720151,49.30928546148426,44.38901334928363,1479.6115486577442,1526.4446686297342,1603.2811140789681,1803.4408657744739,1.7989978250240473,1.9044691091152584,0.9576176243613115,1.1113866732088,0.027334152334152373,0.018773466833541974,0.014603174603174507,0.008430609597924743,35.57241746257971,37.056462897018996,39.379263662300026,45.25543412048377,-0.024904775857017336,0,0.0
2025-12-29,34420.0,34420.0,33110.0,33460.0,85015747570,2540766,283,34130.0,33460.0,55.436443508780705,74.50220681855605,85.58558558558559,95.1951951951952,-14.414414414414415,11.533333333333333,23.88004442798963,1320.3780259515663,-0.009221615987080744,33.70366864919796,35.980460990573995,24.375330876736626,11.605130113837369,135.5473834527556,1.047917319135609,1.1075619403849655,1.22366881217086,1.0529408299300325,1.042815285396509,1.167715038033938,0.8911052004687184,27.50204810778747,0.031407797409906985,0.03915122534369396,0.015588777063934427,0.01990702007696279,0.022927253100258543,1.4707537997513687,1.3828535566081002,0.9540370862848875,0.2052472570791355,79.53230921286952,300409002.0141343,0.8120838022580639,1.8967828418230563,0.732824427480916,0.0,0.26717557251908397,0.0005813953488372093,-0.027325581395348797,0.0002989536621824662,0.02764127764127755,0.06222222222222218,0.11533333333333329,0.23880044427989633,-2.4508242282516037,-0.924945604629775,0.5362718089990818,0,1,61.15254215900685,56.99078283840494,52.57056103720151,46.70020831909665,1454.4957271858996,1479.6115486577442,1526.4446686297342,1697.5836158061652,2.2750201871739852,1.7989978250240473,1.9044691091152584,1.1050601063391443,0.0284005979073243,0.027334152334152373,0.018773466833541974,0.012861736334405238,34.81719201525171,35.57241746257971,37.056462897018996,42.33699926069976,0.024208009563658095,0,3.0
2025-12-31,31490.0,33430.0,31490.0,32110.0,201980781930,6290596,277,32460.0,33110.0,53.24023402259075,64.5017224538579,76.89594356261023,76.45780701336257,-23.104056437389772,8.379705400981997,20.35623409669211,986.5378991909613,-0.0035103551063155945,30.509444734242273,29.344917812833494,23.760380990442428,5.584536822391065,79.7851270011497,1.019271025735747,1.076800494333057,1.196845042726392,1.03238194469142,1.028654074314603,1.1742166828125677,0.7985581118613725,25.72380092245397,0.033555884886756183,0.058592570220477196,0.018227368727074103,0.020555750314497287,0.029689313684278792,1.6288315734886978,2.956836764560654,1.8103153448971498,0.19893925705373072,79.10375074131406,729172497.9422382,1.7557588787573795,1.7648932781140492,0.8350515463917526,0.16494845360824742,0.0,-0.02988293284041898,0.0200246457178066,-0.010460251046025104,-0.03749999999999998,0.016891891891891886,0.08379705400982007,0.20356234096692116,0.5793166111336332,-0.9257306924474552,0.5202020202020202,1,0,50.07409385991735,55.436443508780705,61.15254215900685,52.57056103720151,1118.132261281909,1320.3780259515663,1454.4957271858996,1526.4446686297342,0.9529496869314066,1.3828535566081002,2.2750201871739852,1.9044691091152584,-0.029886431560071758,-0.027325581395348797,0.0284005979073243,0.018773466833541974,32.047404396998715,33.70366864919796,34.81719201525171,37.056462897018996,0.06758019308626606,1,4.0
2026-01-04,33070.0,33070.0,31150.0,32340.0,102300522520,3163076,232,32110.0,32200.0,48.59401495309682,52.67451836799125,59.85533453887884,67.88105666446032,-40.14466546112116,4.409857328145266,13.821138211382115,804.3207864174949,-0.0030237507372423,28.746273409319862,25.838581920526543,22.994058086596407,2.844523833930136,52.78191014578993,0.9871244635193133,1.0405894519131333,1.1576820472995808,1.0033891349177664,1.000354062057518,1.1727822479165317,0.6637928091244624,24.78097306597288,0.036387443504450896,0.05962732919254658,0.019419343508094055,0.023435614350648525,0.02889519388529631,1.4879593572899459,1.426073782283756,0.8926512102964603,0.059494140019004105,70.8691263812066,440950528.1034483,1.0433978227593417,1.431215299198026,0.453125,0.0,0.546875,-0.0012080942313500453,-0.02748414376321351,-0.00800985828712264,-0.03765690376569042,-0.03736920777279518,0.044098573281452724,0.1382113821138211,-1.7589419794035899,-0.9277719207734236,0.47842056932966026,0,1,53.24023402259075,50.07409385991735,55.436443508780705,56.99078283840494,986.5378991909613,1118.132261281909,1320.3780259515663,1479.6115486577442,2.956836764560654,0.9529496869314066,1.3828535566081002,1.7989978250240473,0.0200246457178066,-0.029886431560071758,-0.027325581395348797,0.027334152334152373,30.509444734242273,32.047404396998715,33.70366864919796,35.57241746257971,0.08688930117501537,1,4.0
2026-01-05,32690.0,33310.0,32610.0,33280.0,133265698780,4004096,137,32340.0,33310.0,53.880975937440255,62.468067052459624,79.8913043478261,72.21419414977171,-20.108695652173914,7.106109324758843,17.288732394366196,727.0049075350314,0.00021226581393251644,27.319307350381546,25.552148935329427,21.43220873713729,4.119940198192136,81.54690218118556,1.0142809293261472,1.0679876240401418,1.1901274090165281,1.0319485752643098,1.0321746704466193,1.1733705865959714,0.7805273224844012,24.23565142889861,0.035042638098732995,0.021014710297208045,0.020369416916281,0.025285694118356884,0.030830875358968272,1.513586544263109,1.6952304454733564,1.1274497298718866,0.05564620986040181,72.74552778121773,972742326.8613138,2.1092623310613603,0.8506674945669046,0.8857142857142857,0.0,0.11428571428571428,0.015217391304347827,0.034472049689441064,0.006040471156750327,0.026186075169439382,-0.031686046511627874,0.07106109324758836,0.1728873239436619,1.2896543654113428,-0.9252820708373523,0.529384756657484,1,0,48.59401495309682,53.24023402259075,50.07409385991735,61.15254215900685,804.3207864174949,986.5378991909613,1118.132261281909,1454.4957271858996,1.426073782283756,2.956836764560654,0.9529496869314066,2.2750201871739852,-0.02748414376321351,0.0200246457178066,-0.029886431560071758,0.0284005979073243,28.746273409319862,30.509444734242273,32.047404396998715,34.81719201525171,0.08443509615384626,1,4.0
2026-01-07,35290.0,35290.0,34600.0,35200.0,135864548360,3859515,307,34270.0,35290.0,61.73959810479003,74.42693550689408,100.0,92.27877151037517,-0.0,10.419274092615769,25.141843971631207,729.4300397903303,0.010453919955761485,26.94188331363969,34.444869839495944,18.87215296744636,15.572716872049583,136.60334886792901,1.0549759349496277,1.108441303494307,1.2430520820858195,1.0693541394007493,1.0814435345747393,1.1782752960570346,0.9529926424959344,23.93886640118671,0.03238887649369171,0.019552281099461603,0.020848189334093943,0.026974379964619887,0.025474575474971138,1.2219082946120154,1.4541554274930009,0.9424255553854961,0.3036903788540344,81.36193588577945,442555532.11726385,0.8727618479347815,1.772005772005772,0.0,0.0,1.0,0.029763641669098336,0.029763641669098284,0.05944160912638852,0.09596273291925472,0.08718422674060378,0.1041927409261576,0.25141843971631195,0.8768049669965057,-0.9208407168973329,0.6202938475665748,3,0,57.91257819798753,53.880975937440255,48.59401495309682,50.07409385991735,708.2624750953973,727.0049075350314,804.3207864174949,1118.132261281909,1.261135202716282,1.6952304454733564,1.426073782283756,0.9529496869314066,0.028820174121885422,0.034472049689441064,-0.02748414376321351,-0.029886431560071758,26.767583835725215,27.319307350381546,28.746273409319862,32.047404396998715,-0.006249999999999978,0,1.0
2026-01-10,34150.0,35400.0,34150.0,34280.0,171627444630,5006618,228,35200.0,34150.0,55.64906088607924,60.51175416357665,74.74747474747475,90.56416164359138,-25.252525252525253,4.883292383292384,20.458553791887123,634.9941063296708,0.012686132602066795,26.60768546689416,31.772080257607648,20.20120810169725,11.570872155910397,108.38963963963948,1.0160666468313002,1.062952299431951,1.1950838833402158,1.0292976901946433,1.0429158845160467,1.1761865100750994,0.7824042636932863,22.29155417438107,0.033693881759069115,0.036603221083455345,0.02301815127070824,0.029869810501283532,0.033475212129022,1.4542962957942194,1.7626452158873522,1.304314910183759,0.05394949211068201,71.08824690562078,752751950.1315789,1.4264887000360802,1.2712573180931142,0.0,1.0,0.0,-0.03230376877302352,-0.032303768773023545,-0.0035016049022468243,0.025217652356649634,0.03141045001510112,0.048832923832923925,0.20458553791887124,-1.8205835952157068,-0.9233978600749199,0.5679522497704316,0,1,61.73959810479003,57.91257819798753,53.880975937440255,53.24023402259075,729.4300397903303,708.2624750953973,727.0049075350314,986.5378991909613,1.4541554274930009,1.261135202716282,1.6952304454733564,2.956836764560654,0.029763641669098284,0.028820174121885422,0.034472049689441064,0.0200246457178066,26.94188331363969,26.767583835725215,27.319307350381546,30.509444734242273,0.04900816802800456,0,4.0
2026-01-11,34690.0,35300.0,34690.0,35150.0,116510779210,3315077,134,34280.0,35300.0,59.942035792502,67.63360457276528,97.67441860465117,90.80729778404198,-2.3255813953488373,5.5306427503736915,21.808143547273982,617.7457976450262,0.016159194591705183,26.29735889491616,29.503829220697842,18.759017006497125,10.744812214200717,121.31184459530625,1.0445332149726292,1.08804537118375,1.2264609825585435,1.0535920278877422,1.0718403222401984,1.1741713570981864,0.9047035898499366,21.75552018611874,0.03259489843573196,0.017280453257790367,0.023486315987323855,0.03045391171885666,0.028718642518167296,1.2227819183590758,1.2041758832565703,0.8568516635795738,0.18766851010335084,72.49762528873431,869483426.9402986,1.6911907024808088,0.7458947954355691,1.0,0.0,0.0,0.01581259150805271,0.033674963396779,0.00028336639274573194,0.0300554420776189,0.09627329192546585,0.05530642750373693,0.21808143547273984,1.000566735460471,-0.9208182858168278,0.620752984389348,1,0,55.64906088607924,61.73959810479003,57.91257819798753,48.59401495309682,634.9941063296708,729.4300397903303,708.2624750953973,804.3207864174949,1.7626452158873522,1.4541554274930009,1.261135202716282,1.426073782283756,-0.032303768773023545,0.029763641669098284,0.028820174121885422,-0.02748414376321351,26.60768546689416,26.94188331363969,26.767583835725215,28.746273409319862,0.050355618776671385,1,4.0
2026-01-12,35600.0,36200.0,35600.0,36090.0,117998954190,3269136,256,35150.0,36200.0,62.96348306150937,72.20983233299285,100.0,90.80729778404198,-0.0,5.232558139534884,22.795115332428765,632.4189980555516,0.020530318204740508,26.624709612469093,33.50479771157997,17.694360087784695,15.810437623795274,145.1566334632598,1.0654893303899926,1.104348754556964,1.2479488134144157,1.0672442663926052,1.0911523577330597,1.1712447772307948,0.9730852782885931,22.057070753596523,0.03129005306266258,0.016574585635359115,0.023688498924210825,0.030227561234974408,0.027765447175466848,1.172106652443443,1.1529704338517082,0.8783485005369014,0.16000228789409743,73.76460818867548,460933414.8046875,0.8963240212137313,1.3671562082777036,1.0,0.0,0.0,0.0084985835694051,0.025495750708215192,0.06002928257686668,0.0257863417398696,0.08676073251275884,0.05232558139534893,0.22795115332428773,0.6293471884940876,-0.9187994885713645,0.6620752984389348,2,0,59.942035792502,55.64906088607924,61.73959810479003,53.880975937440255,617.7457976450262,634.9941063296708,729.4300397903303,727.0049075350314,1.2041758832565703,1.7626452158873522,1.4541554274930009,1.6952304454733564,0.033674963396779,-0.032303768773023545,0.029763641669098284,0.034472049689441064,26.29735889491616,26.60768546689416,26.94188331363969,27.319307350381546,0.008866722083679779,0,2.0
2026-01-13,37170.0,37170.0,35600.0,35950.0,97953706060,2725000,256,36090.0,35940.0,61.51984962545042,68.92532853337684,79.56810631229236,92.41417497231451,-20.431893687707642,7.411835026897788,19.8,590.8608876824369,0.023632571801867022,27.49148676833432,36.2293879501303,15.989544094514374,20.23984385561593,138.78594249201282,1.0501709376734945,1.0865720375493175,1.2298784494086727,1.0499550915757077,1.0766706706818905,1.1711221528690319,0.8945438049930785,21.94231323714138,0.03238552144703277,0.043683917640511966,0.023948397781982888,0.028411820869446942,0.028618192728092805,1.1949940446380571,0.9476218456081283,0.7496418500093478,0.047676667145171825,74.69959956886188,382631664.296875,0.746838185525849,1.3243662700465597,0.7834394904458599,0.0,0.21656050955414013,0.02679558011049724,-0.007182320441988965,0.018130311614730887,0.05241581259150796,0.04873066822293559,0.07411835026897795,0.19799999999999995,-0.6901802456243635,-0.9193826966644983,0.650137741046832,0,1,62.96348306150937,59.942035792502,55.64906088607924,57.91257819798753,632.4189980555516,617.7457976450262,634.9941063296708,708.2624750953973,1.1529704338517082,1.2041758832565703,1.7626452158873522,1.261135202716282,0.025495750708215192,0.033674963396779,-0.032303768773023545,0.028820174121885422,26.624709612469093,26.29735889491616,26.60768546689416,26.767583835725215,0.007510431154380992,0,2.0
2026-01-14,35400.0,35470.0,34880.0,34980.0,38076661310,1088650,184,35950.0,35400.0,58.518829463001346,62.082866525523734,70.59800664451828,83.38870431893689,-29.40199335548173,9.057301293900185,20.081411126187245,497.02098855808174,0.02485225928175893,27.468612869646446,33.85752927365736,19.389613758244323,14.46791551541304,88.39275796956572,1.0255815974737086,1.060753614502959,1.2030995106035889,1.0287698095164004,1.0557627643256438,1.1730899945622622,0.8014252946393525,20.155446667357186,0.03266982108652674,0.016666666666666666,0.023818261464366858,0.026565343947548,0.027841359539200642,1.1689081329824391,0.3884025804430658,0.3533549750880928,-0.03681052362620241,71.50615600919116,206938376.6847826,0.4167596412992976,0.9426229508196722,0.0,0.11864406779661017,0.8813559322033898,-0.015025041736227046,-0.015025041736227096,-0.02209944751381221,0.0028328611898016387,0.0031170303202039396,0.09057301293900188,0.20081411126187243,-1.02807028859792,-0.9205939750117763,0.6253443526170799,0,2,61.51984962545042,62.96348306150937,59.942035792502,61.73959810479003,590.8608876824369,632.4189980555516,617.7457976450262,729.4300397903303,0.9476218456081283,1.1529704338517082,1.2041758832565703,1.4541554274930009,-0.007182320441988965,0.025495750708215192,0.033674963396779,0.029763641669098284,27.49148676833432,26.624709612469093,26.29735889491616,26.94188331363969,0.006003430531732468,0,2.0
2026-01-18,36020.0,36020.0,35720.0,35960.0,99383821820,2763854,179,34980.0,36020.0,60.8785019949668,66.53319911857633,80.8970099667774,77.02104097452934,-19.102990033222593,8.788885533071578,17.905073649754502,448.2267983447506,0.026180801997421507,27.781791833435342,36.02993991431607,18.62169117598213,17.40824873833394,107.60048352976754,1.0348195817053552,1.0705581644177613,1.215257862738615,1.0393067520226953,1.0683771712291592,1.1743668985620686,0.860852353995746,19.553194994148008,0.031043570365708748,0.00832870627429206,0.02306286756945925,0.026461509222214054,0.02106276060231826,0.9132758768562843,0.9560128533102034,1.049959515160522,0.09929275835544193,71.59849728264871,555216881.6759777,1.0904661621602523,0.8985943775100402,0.0,0.0,1.0,0.01751412429378531,0.017514124293785294,0.0022259321090707385,-0.004972375690607711,0.05475841874084919,0.08788885533071578,0.1790507364975451,0.3898649003032715,-0.9192032480204572,0.6538108356290174,1,0,58.518829463001346,61.51984962545042,62.96348306150937,55.64906088607924,497.02098855808174,590.8608876824369,632.4189980555516,634.9941063296708,0.3884025804430658,0.9476218456081283,1.1529704338517082,1.7626452158873522,-0.015025041736227096,-0.007182320441988965,0.025495750708215192,-0.032303768773023545,27.468612869646446,27.49148676833432,26.624709612469093,26.60768546689416,-0.050611790878754226,0,0.0
2026-01-19,37020.0,37030.0,36050.0,36920.0,165470813360,4482372,272,35960.0,36360.0,62.150064713856246,68.87074285650728,86.54485049833887,79.34662236987819,-13.455149501661129,12.919254658385093,17.898832684824903,411.3337124666764,0.027749527782885523,28.62163857446502,40.18585394858275,17.41190416630315,22.773949782279605,120.76321312726608,1.032250738133091,1.0718707623371264,1.217723299507686,1.0412488238089392,1.072230012747883,1.1796778190830235,0.8777398037981038,19.026526094014756,0.030540747798693185,0.02695269526952695,0.023062752390487273,0.023217137607100376,0.01688417691811967,0.7320972203250082,1.4699558675984665,1.564089694390653,0.11348552494441821,72.09099486696701,608348578.5294118,1.1564767365672493,1.3242453748782863,0.673469387755102,0.01020408163265306,0.3163265306122449,0.0277623542476402,0.00943920044419766,0.027118644067796627,0.011686143572620988,0.03002832861189808,0.12919254658385104,0.17898832684824906,0.03985432569114709,-0.9184405912832821,0.6694214876033058,2,0,60.8785019949668,58.518829463001346,61.51984962545042,59.942035792502,448.2267983447506,497.02098855808174,590.8608876824369,617.7457976450262,0.9560128533102034,0.3884025804430658,0.9476218456081283,1.2041758832565703,0.017514124293785294,-0.015025041736227096,-0.007182320441988965,0.033674963396779,27.781791833435342,27.468612869646446,27.49148676833432,26.29735889491616,-0.1029252437703142,0,0.0
2026-01-20,36260.0,37990.0,36000.0,36410.0,48403372360,1329233,186,36920.0,36250.0,61.45412471330193,67.10169494960235,74.56140350877193,80.66775465796275,-25.43859649122807,8.826178324827378,16.559485530546624,354.17854329498687,0.028699649567938617,29.848497506099555,41.16175495851328,15.302462556719142,25.859292401794136,121.92921042395938,1.0206092685398953,1.0605772465951813,1.205079618363751,1.0320495345374754,1.063551351219446,1.1807453209667231,0.8334305533894906,18.167875133032343,0.032366503782239,0.05489655172413793,0.02320690196560258,0.022277278390646846,0.013055085044942225,0.5625518246378839,0.4362065841734253,0.5364522178309998,0.03374928846022884,76.80798291076057,260233184.73118278,0.49912931667147026,0.8910179640718563,0.005025125628140704,0.8693467336683417,0.12562814070351758,-0.0027502750275027505,-0.0030253025302530157,0.00638534147695724,0.024011299435028333,0.0013812154696133394,0.08826178324827372,0.16559485530546625,-0.47281437820526934,-0.9186873331688388,0.6643709825528007,0,1,62.150064713856246,60.8785019949668,58.518829463001346,62.96348306150937,411.3337124666764,448.2267983447506,497.02098855808174,632.4189980555516,1.4699558675984665,0.9560128533102034,0.3884025804430658,1.1529704338517082,0.00943920044419766,0.017514124293785294,-0.015025041736227096,0.025495750708215192,28.62163857446502,27.781791833435342,27.468612869646446,26.624709612469093,-0.11755012359241968,0,0.0
2026-01-21,36000.0,36740.0,35760.0,36220.0,81196822760,2241801,167,36410.0,36740.0,63.419166924408565,70.9761453187127,81.72514619883042,80.94380006864706,-18.27485380116959,7.207470090458126,16.634920634920636,324.8030150165341,0.029727477471787035,30.705381085622673,38.67674120142698,15.85711941762424,22.819621783802738,97.13875254399655,1.027261288969663,1.0667363500428262,1.211869326578003,1.0386495546546768,1.0717410948745212,1.179708940257547,0.8780597200991982,17.652330172946076,0.03155905378991393,0.026673924877517692,0.023214669608849957,0.021244568650943797,0.01335037391159251,0.5750835198836104,0.7258203866337085,0.9414656250551197,0.118631378169197,75.64494108161927,486208519.52095807,0.9155327698311022,0.7971360381861575,0.7551020408163265,0.0,0.24489795918367346,-0.006896551724137931,0.013517241379310319,0.010451045104510559,0.019988895058300926,0.02225932109070672,0.07207470090458123,0.16634920634920625,0.23852209950341668,-0.9175882102240865,0.6868686868686869,1,0,61.45412471330193,62.150064713856246,60.8785019949668,61.51984962545042,354.17854329498687,411.3337124666764,448.2267983447506,590.8608876824369,0.4362065841734253,1.4699558675984665,0.9560128533102034,0.9476218456081283,-0.0030253025302530157,0.00943920044419766,0.017514124293785294,-0.007182320441988965,29.848497506099555,28.62163857446502,27.781791833435342,27.49148676833432,-0.116510215350635,0,0.0
2026-01-24,37190.0,37190.0,35140.0,35190.0,91994787760,2614496,209,36220.0,35140.0,53.778421618135525,48.99469548816221,58.333333333333336,71.53996101364523,-41.666666666666664,-0.42504958911873053,9.949937421777221,180.25993205096893,0.028250125849761887,30.790460378496082,34.04634757498528,17.57951035176098,16.466837223224303,62.64469792986892,0.982937062937063,1.0155922602274534,1.151376146788991,0.9944242322463632,1.023167682621113,1.1713630406290956,0.5953373134574887,16.35483491404024,0.034806153490403065,0.05833807626636312,0.02583532228325322,0.024919757285585025,0.024883719823846056,0.9631666116267493,0.8282954785563255,0.973251747574926,0.0947598467775983,67.63132089917268,440166448.61244017,0.8135844142385652,0.9872461029759093,1.0,0.0,0.0,0.012248230811105062,-0.043549265106151314,-0.030620689655172395,-0.03355335533553361,-0.007344632768361614,-0.004250495891187311,0.09949937421777211,-1.8819843713399875,-0.9211771831049101,0.6134067952249771,0,1,63.419166924408565,61.45412471330193,62.150064713856246,58.518829463001346,324.8030150165341,354.17854329498687,411.3337124666764,497.02098855808174,0.7258203866337085,0.4362065841734253,1.4699558675984665,0.3884025804430658,0.013517241379310319,-0.0030253025302530157,0.00943920044419766,-0.015025041736227096,30.705381085622673,29.848497506099555,28.62163857446502,27.468612869646446,-0.08553566354077868,0,0.0
2026-01-28,31170.0,33050.0,31170.0,32000.0,130302118130,4072569,203,32130.0,33050.0,45.204310529758196,38.51336884751154,27.565982404692082,9.188660801564028,-72.43401759530792,-8.041179744017807,-1.225343693962941,-384.26864182307327,0.006206271995186167,25.602607311229182,25.184728441527586,33.68626635596682,-8.501537914439236,-98.42017814928397,0.9487584326108799,0.9571664398042226,1.0611246315762437,0.9660375040303271,0.9718643082368646,1.1184349936749909,0.25074060178529745,17.184331063369683,0.037194681742980094,0.05688350983358548,0.02710403659804524,0.02466273805811802,0.028216803854809288,1.0410554071065674,1.3550365305503822,1.7474218616384565,-0.052618274159978884,58.475025374217864,641882355.320197,1.0064359258124642,1.1243422874549986,1.0,0.0,0.0,-0.029878618113912233,0.028633675692499194,-0.002113526570048263,-0.0319273579379028,-0.10043549265106155,-0.08041179744017812,-0.012253436939629436,1.0662622119707077,-0.9258652789304861,0.5174471992653811,1,0,40.368417119588244,44.27257912510287,48.78663886590414,63.419166924408565,-345.62160594522356,-171.35298208606662,8.988993671612093,324.8030150165341,0.547286660574763,0.531485745855233,0.5611952413647326,0.7258203866337085,-0.029891304347826053,-0.02987697715289983,-0.02845759817871374,0.013517241379310319,26.461195421669174,28.074710390630685,29.846376451386988,30.705381085622673,0.06718749999999996,1,4.0
2026-01-31,32960.0,32960.0,31970.0,32180.0,16760838300,520826,78,32000.0,32100.0,41.46491327411267,32.454066149142506,13.636363636363637,13.734115347018573,-86.36363636363636,-9.322033898305085,-1.1090573012939002,-454.347957673861,0.0006682549586183771,24.805346922963476,23.59044950390726,31.55381116340535,-7.963361659498091,-101.4701144819241,0.9302999565280394,0.9301382168004404,1.0263657699022235,0.947265601401654,0.9478656144922519,1.1032632676160816,0.10091523223158343,17.50549979399349,0.03796327327741744,0.0308411214953271,0.027039471997338138,0.025461148706881737,0.025891185302957153,0.9575329468528814,0.17693461274316763,0.27241537630621304,-0.022079618272525692,66.27156990658447,214882542.30769232,0.352602283782163,0.43141592920353977,0.8686868686868687,0.0,0.13131313131313133,-0.0027231467473524964,-0.02874432677760963,-0.0009337068160597539,-0.030797101449275388,-0.08651109846328975,-0.09322033898305082,-0.011090573012939031,-1.0553126812414937,-0.9279962315784751,0.4738292011019284,0,1,45.204310529758196,40.368417119588244,44.27257912510287,53.778421618135525,-384.26864182307327,-345.62160594522356,-171.35298208606662,180.25993205096893,1.3550365305503822,0.547286660574763,0.531485745855233,0.8282954785563255,0.028633675692499194,-0.029891304347826053,-0.02987697715289983,-0.043549265106151314,25.602607311229182,26.461195421669174,28.074710390630685,30.790460378496082,0.06898694841516462,1,4.0
2026-02-01,32490.0,33140.0,32290.0,33020.0,91749934210,2778929,93,32180.0,33140.0,46.66628626582361,43.75580718342185,28.885630498533725,23.362658846529815,-71.11436950146627,-7.995558023320378,0.0906070673512534,-412.42204223191953,-0.00119881143465264,23.90000626077214,23.203407751345623,29.60997631649435,-6.406568565148728,-78.24146607795699,0.9685244176871146,0.9602318000724375,1.0545005600244375,0.9812837633457973,0.9801307628075894,1.0887702372467163,0.2726072113531567,17.48876917522885,0.03638691684340524,0.025648762824381412,0.02766124289246788,0.027560746631561585,0.032904766959642257,1.1895621280489237,1.0039396878751605,1.311471054117426,0.04988467266681207,65.53494127938058,986558432.3655914,1.5853719048429322,0.541958041958042,0.7647058823529411,0.0,0.23529411764705882,0.012149532710280374,0.03239875389408109,0.002723146747352523,0.031434796140678456,-0.029291154071470427,-0.07995558023320382,0.0009060706735124491,1.1564656618782099,-0.9256633992059398,0.5215794306703397,1,0,41.46491327411267,45.204310529758196,40.368417119588244,48.78663886590414,-454.347957673861,-384.26864182307327,-345.62160594522356,8.988993671612093,0.17693461274316763,1.3550365305503822,0.547286660574763,0.5611952413647326,-0.02874432677760963,0.028633675692499194,-0.029891304347826053,-0.02845759817871374,24.805346922963476,25.602607311229182,26.461195421669174,29.846376451386988,0.010902483343428138,0,2.0
2026-02-02,34010.0,34010.0,33170.0,33450.0,30009111730,897049,112,33020.0,33650.0,49.056895852993996,48.66947170482556,36.36363636363637,26.29521016617791,-63.63636363636363,-7.453245324532453,4.503105590062112,-335.37461204908914,-0.0013826102161613766,22.297718456874463,27.241373493424803,28.053083406420278,-0.8117099129954752,-48.731177383499244,0.9912802686619926,0.9729651583056238,1.0652779536532861,0.996939444977294,0.9955671764251999,1.0746486007344562,0.3364021999630328,16.52518657846699,0.03512250374543801,0.024962852897474,0.027040102955925356,0.02803810038413001,0.03067105120769887,1.134280119335783,0.33790688103935534,0.4543249115786153,0.09267998851478065,62.686162944095436,267938497.5892857,0.43663954464928306,0.6763285024154589,0.42857142857142855,0.0,0.5714285714285714,0.02625226312613156,0.015389257694628844,0.04828660436137078,0.018154311649016597,0.016002415458937103,-0.07453245324532454,0.045031055900621064,0.4747064505852641,-0.9245194141001772,0.5449954086317723,2,0,46.66628626582361,41.46491327411267,45.204310529758196,44.27257912510287,-412.42204223191953,-454.347957673861,-384.26864182307327,-171.35298208606662,1.0039396878751605,0.17693461274316763,1.3550365305503822,0.531485745855233,0.03239875389408109,-0.02874432677760963,0.028633675692499194,-0.02987697715289983,23.90000626077214,24.805346922963476,25.602607311229182,28.074710390630685,-0.008669656203288523,0,1.0
2026-02-03,34350.0,34440.0,32450.0,33170.0,75486587480,2276044,129,33450.0,32750.0,45.206015072361026,41.250030314781526,23.167155425219942,29.472140762463344,-76.83284457478005,-9.655172413793103,-1.6811768237766436,-329.57116985123616,-0.003759211726375155,21.359745858123382,24.117639859477517,28.985090311192778,-4.867450451715261,-69.39876886752664,0.9748184307655673,0.9477095812715224,1.0323089046493301,0.9747328585822436,0.9711742554671269,1.058975571315997,0.19030536819784938,16.8845092419566,0.037850249211432624,0.06076335877862595,0.026699509929266556,0.028627774468840763,0.029834338545442003,1.1174114665205603,0.8861995735032852,1.079162635294555,0.08380283980857994,54.55488047702662,585167344.8062016,0.984700891048342,0.7808716707021792,0.8040201005025126,0.04522613065326633,0.1507537688442211,0.020802377414561663,-0.026745913818722156,-0.011768255884127887,0.02024922118380057,0.019296607531901655,-0.096551724137931,-0.016811768237766422,-0.9827207356909031,-0.9265382113456405,0.5036730945821855,0,1,49.056895852993996,46.66628626582361,41.46491327411267,40.368417119588244,-335.37461204908914,-412.42204223191953,-454.347957673861,-345.62160594522356,0.33790688103935534,1.0039396878751605,0.17693461274316763,0.547286660574763,0.015389257694628844,0.03239875389408109,-0.02874432677760963,-0.029891304347826053,22.297718456874463,23.90000626077214,24.805346922963476,26.461195421669174,0.0018088634308108809,0,1.0
2026-02-07,34140.0,34160.0,34000.0,34150.0,96023846750,2812009,132,33170.0,34160.0,51.614254540238505,54.05264062384197,43.841642228739005,34.457478005865106,-56.158357771260995,-7.022318998366902,-0.32098044937262915,-220.55634234642875,-0.0020268864789398746,20.488771302140236,22.177190802147724,26.65301754210419,-4.475826739956467,-23.64131573433923,1.0246565480832683,0.9886690881727277,1.0715719734992972,1.014093257676585,1.012013113387331,1.0457864886568962,0.4329611139986637,16.901998978691964,0.03664424473437488,0.00468384074941452,0.027693561154345545,0.03254828830150659,0.03328567805638739,1.2019284147269862,1.1023338041104218,1.5142984970043158,0.05844093119307514,60.45557465801867,727453384.469697,1.2300432358766664,0.8004851425106124,0.125,0.0,0.875,0.042442748091603054,0.04305343511450377,0.015156017830609159,0.030778515389257688,0.03358547655068089,-0.07022318998366905,-0.0032098044937263204,1.5472738809033901,-0.9233754289944147,0.5684113865932048,1,0,45.206015072361026,49.056895852993996,46.66628626582361,45.204310529758196,-329.57116985123616,-335.37461204908914,-412.42204223191953,-384.26864182307327,0.8861995735032852,0.33790688103935534,1.0039396878751605,1.3550365305503822,-0.026745913818722156,0.015389257694628844,0.03239875389408109,0.028633675692499194,21.359745858123382,22.297718456874463,23.90000626077214,25.602607311229182,-0.055929721815519806,0,0.0
2026-02-08,35170.0,35170.0,33520.0,34400.0,44765686870,1301462,187,34150.0,33530.0,48.8644310767826,48.53886917445286,34.604105571847505,33.87096774193549,-65.39589442815249,-4.581673306772909,-4.987248512326438,-182.25069713414604,-0.002281403853022365,19.249914183926926,25.770770041001295,24.19932467045932,1.5714453705419764,-22.83679027865062,1.0106399011363294,0.9729133721183281,1.0472299783245569,0.9960970707360496,0.9938385728821352,1.0362048610460433,0.34079079184895716,17.01322944585881,0.03818110903165863,0.049209662988368624,0.027076360478668057,0.030286546920103543,0.030735742189110328,1.1351504281133091,0.5371157289555245,0.646496897866801,0.04646438522731011,54.09381120034162,239388699.8395722,0.4118540875926944,1.1768407803650094,0.9939393939393939,0.0,0.006060606060606061,0.02956674473067916,-0.018442622950819665,0.02381679389312974,-0.0035661218424962726,0.04454828660436139,-0.04581673306772904,-0.049872485123264365,-0.5996456209023934,-0.924788587066239,0.539485766758494,0,1,51.614254540238505,45.206015072361026,49.056895852993996,41.46491327411267,-220.55634234642875,-329.57116985123616,-335.37461204908914,-454.347957673861,1.1023338041104218,0.8861995735032852,0.33790688103935534,0.17693461274316763,0.04305343511450377,-0.026745913818722156,0.015389257694628844,-0.02874432677760963,20.488771302140236,21.359745858123382,22.297718456874463,24.805346922963476,-0.07180232558139532,0,0.0
2026-02-09,33520.0,34130.0,33370.0,33380.0,50566620390,1514830,138,34400.0,33400.0,48.292683960066896,47.37545374307617,32.697947214076244,37.04789833822092,-67.30205278592375,-2.1675454012888107,-2.1961932650073206,-157.94802462430357,-0.002744904336469261,17.96901653594814,24.645328952240284,24.004442591702613,0.6408863605376709,-41.42481823180755,1.008971996495786,0.9701969441701039,1.0387251670046151,0.993421823002478,0.9907202795186033,1.0294885989028077,0.3270250366421532,17.229693391083483,0.037217201915760646,0.022754491017964073,0.02614332234453228,0.02907860663851024,0.028032784960061546,1.0722732402037047,0.6737166386946524,0.8605625427063031,-0.02114525423273328,43.01061577347,366424785.4347826,0.6520825859808091,0.8937823834196891,0.15789473684210525,0.8026315789473685,0.039473684210526314,-0.00029824038174768865,-0.003877124962719969,-0.022248243559718994,0.01984732824427482,0.00784550392275185,-0.021675454012888062,-0.02196193265007318,-0.11827323064278018,-0.9250801911128059,0.5335169880624426,0,2,48.8644310767826,51.614254540238505,45.206015072361026,46.66628626582361,-182.25069713414604,-220.55634234642875,-329.57116985123616,-412.42204223191953,0.5371157289555245,1.1023338041104218,0.8861995735032852,1.0039396878751605,-0.018442622950819665,0.04305343511450377,-0.026745913818722156,0.03239875389408109,19.249914183926926,20.488771302140236,21.359745858123382,23.90000626077214,-0.04463750748951467,0,0.0
2026-02-10,32890.0,33700.0,32890.0,33160.0,20425279740,616043,38,33380.0,33700.0,49.753774619289494,50.565520859664915,42.0265780730897,36.442876953004486,-57.9734219269103,1.7512077294685993,-4.53257790368272,-115.89453943360695,-0.0023323428636729507,17.00785146991329,23.468955428870615,25.687229337188334,-2.2182739083177196,-47.114682249817385,1.0162540333524321,0.9811914051126769,1.043324272614131,1.001983323669521,0.9996471795453843,1.0266372760877507,0.39063530304210764,17.198049654510378,0.03596801414121084,0.024035608308605343,0.024987795121388948,0.02746274907778853,0.027399897976024885,1.0965312402682235,0.29147782355168994,0.3615111189772109,-0.025096666372766085,38.923027383265705,537507361.5789474,0.9856530082115829,0.2540106951871658,1.0,0.0,0.0,-0.01526946107784431,0.008982035928143617,0.005070086489710635,-0.013466042154566704,0.0014858841010401136,0.017512077294685957,-0.04532577903682722,0.4402850278476434,-0.9244072586976515,0.5472910927456383,1,0,48.292683960066896,48.8644310767826,51.614254540238505,49.056895852993996,-157.94802462430357,-182.25069713414604,-220.55634234642875,-335.37461204908914,0.6737166386946524,0.5371157289555245,1.1023338041104218,0.33790688103935534,-0.003877124962719969,-0.018442622950819665,0.04305343511450377,0.015389257694628844,17.96901653594814,19.249914183926926,20.488771302140236,22.297718456874463,-0.05277442702050661,0,0.0
2026-02-14,34090.0,34090.0,32660.0,33230.0,16484693760,496092,52,33160.0,32700.0,45.171768247672226,40.91915646836522,25.41528239202658,33.37993589306418,-74.58471760797342,1.7740429505135387,-9.668508287292818,-147.6185177932515,-0.0045024025172396296,15.828521170599233,23.785427644442798,23.55006267368818,0.23536497075461682,-56.29856069290537,0.9844060449154073,0.9569518012349654,1.0086802021061982,0.9764193078665444,0.9721455298508178,1.02465868359522,0.2470490894067316,17.018400394001283,0.03754387722862488,0.0437308868501529,0.02483509956348736,0.027434663135483782,0.028151195810524752,1.133524580344857,0.25120316534257947,0.3679969663683477,0.0018062146883568442,41.97072008641192,317013341.53846157,0.5890960662963736,0.3730272596843615,0.972027972027972,0.0,0.027972027972027972,0.011572700296735905,-0.029673590504451064,-0.020958083832335328,-0.024753951685058118,-0.0015267175572518665,0.017740429505135324,-0.09668508287292821,-1.0024283267899894,-0.9266503667481663,0.5013774104683195,0,1,49.753774619289494,48.292683960066896,48.8644310767826,45.206015072361026,-115.89453943360695,-157.94802462430357,-182.25069713414604,-329.57116985123616,0.29147782355168994,0.6737166386946524,0.5371157289555245,0.8861995735032852,0.008982035928143617,-0.003877124962719969,-0.018442622950819665,-0.026745913818722156,17.00785146991329,17.96901653594814,19.249914183926926,21.359745858123382,-0.08185374661450495,0,0.0
2026-02-15,32370.0,32620.0,32240.0,32240.0,62726907990,1945401,66,33230.0,32240.0,43.200868008388596,37.118931827899495,26.75,31.397286821705425,-73.25,-2.4508320726172466,-10.294936004451865,-189.1237667085271,-0.0073205568519275205,15.040456595500933,23.119084046495793,25.448184280735486,-2.329100234239693,-91.12129643319572,0.9729305610043154,0.948625904784323,0.9912923697545136,0.9682423886858268,0.9614277183982423,1.0188726816549416,0.19945784588403487,17.09380681282207,0.036378726980433436,0.011786600496277916,0.02491775789908503,0.02613794353227878,0.014685510068000649,0.5893592082993909,1.0049162560746805,1.6559907780752177,-0.06943424014524979,43.57737344035556,950407696.8181819,1.6776123512526437,0.5080831408775981,0.34210526315789475,0.6578947368421053,0.0,-0.010091743119266056,-0.014067278287461793,-0.043323442136498524,-0.03473053892215572,-0.05620608899297419,-0.024508320726172483,-0.1029493600445186,-0.3589748013465917,-0.927682196451403,0.480257116620753,0,2,45.171768247672226,49.753774619289494,48.292683960066896,51.614254540238505,-147.6185177932515,-115.89453943360695,-157.94802462430357,-220.55634234642875,0.25120316534257947,0.29147782355168994,0.6737166386946524,1.1023338041104218,-0.029673590504451064,0.008982035928143617,-0.003877124962719969,0.04305343511450377,15.828521170599233,17.00785146991329,17.96901653594814,20.488771302140236,-0.07202233250620349,0,0.0
2026-02-16,32600.0,32600.0,31310.0,31930.0,23815290650,745807,48,32240.0,32040.0,42.335971920507795,35.448975039642846,21.75,24.63842746400886,-78.25,-0.1869158878504673,-9.491525423728813,-217.56030886833113,-0.009951353691730027,15.067438551814542,21.31564179293035,29.08679182025706,-7.7711500273267085,-101.97759670518921,0.9670701156017023,0.9474244485185405,0.9822797228524128,0.9678590459869382,0.958626031987673,1.015727512416457,0.19829169276141692,17.425954214739026,0.03686697889254338,0.040262172284644196,0.024811090971643645,0.02451330092985271,0.014234531252377707,0.5737164588468203,0.3886959137357504,0.7011872310284001,-0.06233595017721427,45.60649229750055,496151888.5416667,0.8539844344961817,0.3899268887083672,0.43410852713178294,0.0,0.5658914728682171,0.011166253101736972,-0.006203473945409432,-0.020183486238532056,-0.049258160237388715,-0.0444378168804056,-0.0018691588785046953,-0.09491525423728808,-0.061348420392100304,-0.928130818061506,0.47107438016528924,0,3,43.200868008388596,45.171768247672226,49.753774619289494,48.8644310767826,-189.1237667085271,-147.6185177932515,-115.89453943360695,-182.25069713414604,1.0049162560746805,0.25120316534257947,0.29147782355168994,0.5371157289555245,-0.014067278287461793,-0.029673590504451064,0.008982035928143617,-0.018442622950819665,15.040456595500933,15.828521170599233,17.00785146991329,19.249914183926926,-0.047071719386157174,0,0.0
2026-02-17,32160.0,32250.0,31600.0,31890.0,9353159760,293303,57,31930.0,32120.0,42.82902281368628,36.77635744892483,23.75,24.083333333333332,-76.25,-3.0778515389257697,-10.827318156579677,-217.95013846677324,-0.011635078969432302,15.092493225534323,20.45000947888719,27.90557160854325,-7.455562129656062,-96.12054845804703,0.9724787308123164,0.9552984564137644,0.9819566985221735,0.9747331013752968,0.9638025238407855,1.0097461953763658,0.23655025190998577,16.96776858217464,0.035593831276290185,0.020236612702366128,0.024326535647594273,0.021807555123827874,0.01506558101825551,0.6193064740702358,0.16338052176509318,0.35797943000200655,-0.03557379027618435,49.70196068608058,164090522.10526314,0.292273294374573,0.48717948717948717,0.06153846153846154,0.13846153846153847,0.8,0.003745318352059925,0.0024968789013732895,-0.003722084367245637,-0.017737003058103995,-0.03832335329341319,-0.030778515389257688,-0.1082731815657968,0.325944227815785,-0.9279513694174648,0.47474747474747475,1,0,42.335971920507795,43.200868008388596,45.171768247672226,48.292683960066896,-217.56030886833113,-189.1237667085271,-147.6185177932515,-157.94802462430357,0.3886959137357504,1.0049162560746805,0.25120316534257947,0.6737166386946524,-0.006203473945409432,-0.014067278287461793,-0.029673590504451064,-0.003877124962719969,15.067438551814542,15.040456595500933,15.828521170599233,17.96901653594814,-0.06776418940106621,0,0.0
2026-02-18,32110.0,32200.0,31000.0,31410.0,15510830950,493877,47,31890.0,31670.0,40.71990546202625,32.40359905883143,16.06714628297362,20.522382094324538,-83.93285371702638,-5.88410104011887,-12.898789878987898,-234.06700584616516,-0.014157005220685151,15.581276606908554,18.922232394293186,29.5561997624578,-10.633967368164615,-112.51072698295957,0.9646370808077731,0.9485301825478832,0.9662027347778068,0.9668668556240003,0.9538111467131649,1.0016230497470848,0.17936671679320138,16.05254979687193,0.036227525345590074,0.03789074834227976,0.02413640185061643,0.02103464943569192,0.011874381925466044,0.49196984699534985,0.30948760934440434,0.6213102091342767,-0.05240277597170351,52.30187164325737,330017679.78723407,0.6027589885783748,0.4444444444444444,0.36666666666666664,0.075,0.5583333333333333,-0.00031133250311332503,-0.014009962640099571,-0.011548064918851408,-0.017679900744416832,-0.06023738872403561,-0.05884101040118872,-0.12898789878987904,-0.3068100024188398,-0.9289607680401964,0.4540863177226814,0,1,42.82902281368628,42.335971920507795,43.200868008388596,49.753774619289494,-217.95013846677324,-217.56030886833113,-189.1237667085271,-115.89453943360695,0.16338052176509318,0.3886959137357504,1.0049162560746805,0.29147782355168994,0.0024968789013732895,-0.006203473945409432,-0.014067278287461793,0.008982035928143617,15.092493225534323,15.067438551814542,15.040456595500933,17.00785146991329,-0.025437758675581068,0,0.0
2026-02-21,31140.0,31140.0,30470.0,30510.0,38073732780,1247901,63,31410.0,30470.0,35.67472577926276,23.65372451384627,0.0,13.272382094324541,-100.0,-6.961832061068702,-15.944827586206896,-306.5261648134616,-0.019607583049220893,16.415951604786365,17.513212939471366,30.64414920114397,-13.130936261672606,-163.57004887066128,0.934576572708033,0.9205577123521503,0.928419949297972,0.9403246229694254,0.9233012622817071,0.9934123927457099,-3.078157854709904e-05,15.887479446176958,0.037777754372058915,0.021988841483426322,0.025103971833277467,0.022508481115714053,0.015030669769748563,0.5987367206102471,0.7839939954363281,1.3201700107632013,-0.06452670781801084,38.28501223475951,604344964.7619047,1.0701723362430045,0.6325301204819277,1.0,0.0,0.0,-0.01673508051784023,-0.03789074834227979,-0.05136986301369861,-0.04900124843945064,-0.0681957186544343,-0.06961832061068707,-0.159448275862069,-1.1768178803717058,-0.9316524977008143,0.398989898989899,0,2,40.71990546202625,42.82902281368628,42.335971920507795,45.171768247672226,-234.06700584616516,-217.95013846677324,-217.56030886833113,-147.6185177932515,0.30948760934440434,0.16338052176509318,0.3886959137357504,0.25120316534257947,-0.014009962640099571,0.0024968789013732895,-0.006203473945409432,-0.029673590504451064,15.581276606908554,15.092493225534323,15.067438551814542,15.828521170599233,-0.026778105539167485,0,0.0
2026-02-22,31425.0,31425.0,29596.0,29918.0,2927935144,97864,38,30510.0,29992.0,33.874314494837535,21.016417424114707,7.104413347685684,7.723853210219768,-92.89558665231432,-12.201405152224824,-18.366902558519325,-363.7261633604908,-0.024859115594055497,17.75294314247382,15.605787974307406,32.511092451703824,-16.90530447739642,-171.411108668597,0.9318279262541089,0.9154480329405014,0.9129695741748206,0.9362940454315045,0.9149970839601722,0.9797619801382239,-0.07817280856669447,14.623995768515158,0.03999434678846801,0.06098292878100827,0.02460970730549166,0.014099174207404723,0.01505168856932248,0.6116159116595301,0.06592273438427274,0.1699764342326119,-0.036845792145806966,39.2035249730497,77050924.84210527,0.14157018591582224,0.40794417606011807,0.7834882449425916,0.0,0.2165117550574084,0.0313423039054808,-0.015687561535936978,-0.05298389643195456,-0.06625155666251559,-0.06972704714640199,-0.1220140515222482,-0.18366902558519327,-0.23890474992896135,-0.9327247033489603,0.37704315886134065,0,3,35.67472577926276,40.71990546202625,42.82902281368628,43.200868008388596,-306.5261648134616,-234.06700584616516,-217.95013846677324,-189.1237667085271,0.7839939954363281,0.30948760934440434,0.16338052176509318,1.0049162560746805,-0.03789074834227979,-0.014009962640099571,0.0024968789013732895,-0.014067278287461793,16.415951604786365,15.581276606908554,15.092493225534323,15.040456595500933,-0.0371014105220937,0,0.0
2026-02-23,30507.0,30810.0,30223.0,30427.0,8402805579,276165,39,29918.0,30676.0,38.64594944681744,33.41116241944846,19.3756727664155,8.826695371367062,-80.6243272335845,-8.511780495079034,-12.703471826977802,-333.3783664761522,-0.02603244848192763,18.994435284612177,14.827953595637899,30.890652302275214,-16.062698706637313,-142.7131536496049,0.9616059785334538,0.9427485256108842,0.932385345416613,0.9639280143357202,0.94033188423858,0.9696126752857702,0.09459753672146062,14.122132837111076,0.03821422944748925,0.019135480505932976,0.024292293074258238,0.017819993652022123,0.022620950969950104,0.9311986686806771,0.2019326792356808,0.5731680994226084,-0.02066554807068066,29.036755871973966,215456553.30769232,0.40421544503290874,0.46072061429415234,0.2879045996592845,0.2282793867120954,0.4838160136286201,0.017171245665510804,0.022806081621765895,0.0067607482769938,-0.03138616987685505,-0.04257178526841443,-0.08511780495079035,-0.12703471826977808,1.2059997696433258,-0.9311904174424082,0.40844811753902666,1,0,33.874314494837535,35.67472577926276,40.71990546202625,42.335971920507795,-363.7261633604908,-306.5261648134616,-234.06700584616516,-217.56030886833113,0.06592273438427274,0.7839939954363281,0.30948760934440434,0.3886959137357504,-0.015687561535936978,-0.03789074834227979,-0.014009962640099571,-0.006203473945409432,17.75294314247382,16.415951604786365,15.581276606908554,15.067438551814542,-0.02481348802050809,0,0.0
2026-02-24,30617.0,30617.0,29569.0,29729.0,31040293827,1044106,46,30427.0,30014.0,35.94265270206181,28.382031686375555,7.945009819675058,11.475031977925417,-92.05499018032494,-10.137724550898204,-12.085530169888694,-334.8869279239807,-0.029446314488586513,20.544846199112555,13.823783344265989,32.79957986198192,-18.975796517715928,-158.4862254717732,0.9509476525717472,0.9282890952165925,0.9113422546535722,0.9514511133720664,0.925521041443301,0.9583516528895508,0.021547092615131477,14.988080054809453,0.03890178900538164,0.03491703871526621,0.02401203641476601,0.018162328599734767,0.022266115451855563,0.9272897586546718,0.7834911756446028,1.6521119410566052,-0.042223509424780814,22.894853115581114,674788996.2391304,1.3091349191364086,0.5472932778108269,0.575381679389313,0.0,0.42461832061068705,-0.0019233276828791238,-0.02158038857738953,0.0007335289410510537,-0.014965539875287148,-0.06556662515566625,-0.10137724550898208,-0.12085530169888692,-0.6427539322765282,-0.932675354971849,0.37805325987144167,0,1,38.64594944681744,33.874314494837535,35.67472577926276,42.82902281368628,-333.3783664761522,-363.7261633604908,-306.5261648134616,-217.95013846677324,0.2019326792356808,0.06592273438427274,0.7839939954363281,0.16338052176509318,0.022806081621765895,-0.015687561535936978,-0.03789074834227979,0.0024968789013732895,18.994435284612177,17.75294314247382,16.415951604786365,15.092493225534323,0.02801977866729466,0,3.0
2026-02-25,30600.0,30620.0,30160.0,30611.0,48154186546,1573105,111,29729.0,30620.0,40.07500255195848,38.300496034937815,18.7645063381539,15.36172964141482,-81.23549366184609,-9.13946587537092,-7.548309178743962,-274.59928356011505,-0.02913663813150225,21.98025491041299,13.312074355410394,31.540357489594523,-18.22828313418413,-114.31624273406933,0.9797083272008242,0.9507072864789677,0.9288177381741057,0.9750625240883445,0.9481262166321673,0.9480553674866471,0.1830150289001654,15.550489144643862,0.03682182009353788,0.015022860875244938,0.02401770603507196,0.01977159792558487,0.026778811606380792,1.1149612526390704,1.1825039582673873,1.8554525551285037,-0.008824296838610857,34.46216026347348,433821500.4144144,0.9059873367959327,1.2714776632302407,0.043478260869565216,0.0,0.9565217391304348,0.019524222029719464,0.020190577730392567,-0.0018255313600208378,0.020938917044545313,-0.03315440479949483,-0.09139465875370922,-0.07548309178743962,0.9923411378778676,-0.931316031493237,0.40587695133149676,1,0,35.94265270206181,38.64594944681744,33.874314494837535,40.71990546202625,-334.8869279239807,-333.3783664761522,-363.7261633604908,-234.06700584616516,0.7834911756446028,0.2019326792356808,0.06592273438427274,0.30948760934440434,-0.02158038857738953,0.022806081621765895,-0.015687561535936978,-0.014009962640099571,20.544846199112555,18.994435284612177,17.75294314247382,15.581276606908554,0.028257815817843257,0,3.0
2026-05-20,28803.0,29346.0,28803.0,28808.0,46242289512,1605185,194,29693.0,29346.0,34.87473509250772,28.26403423064329,10.19335460859771,10.39058377449002,-89.80664539140228,-8.976426799007445,-11.207261724659606,-278.21006786851285,-0.03524547303969128,25.567458096349423,11.794829868459018,36.562375990167695,-24.767546121708676,-142.31327600735,0.9570148805932671,0.9199214433606945,0.8904108342117288,0.9508159668893771,0.9199854525580765,0.9304043774739955,0.06579525939632308,18.44257999762325,0.037389203372228515,0.01850337354324269,0.022850160802077465,0.01979325084334087,0.024301130860670987,1.063499336882636,1.3703481030015916,1.4890487290462577,-0.028229508076336285,16.351161001120786,238362317.07216495,0.5047456647960743,2.290436835891381,1.0,0.0,0.0,-0.02997339440272118,-0.011686256019937336,-0.04160679294578706,-0.022256280402478845,-0.021539077087223246,-0.08976426799007442,-0.11207261724659612,-0.2629271703132504,-0.9341737511495929,0.34738292011019284,0,2,36.225262007335665,40.07500255195848,35.94265270206181,33.874314494837535,-275.9459638426207,-274.59928356011505,-334.8869279239807,-363.7261633604908,0.6884836945379242,1.1825039582673873,0.7834911756446028,0.06592273438427274,-0.030274330502939262,0.020190577730392567,-0.02158038857738953,-0.015687561535936978,23.59434705625053,21.98025491041299,20.544846199112555,17.75294314247382,0.15256178839211332,1,4.0
2026-05-23,29670.0,29672.0,29670.0,29672.0,9145743672,308230,33,28808.0,29672.0,37.24193041219174,34.02404410349446,16.436542462644223,9.614595815986794,-83.56345753735577,-7.390761548064918,-7.563862928348909,-237.34712247894777,-0.035480840086713136,26.912174314140724,13.765705133570385,35.745418408596684,-21.9797132750263,-101.37831400570073,0.9751768970628351,0.9336939471320032,0.9001973808357951,0.9671248721426607,0.9350395483237715,0.9231118821078792,0.1595989388249079,19.478803220854527,0.0351218712882237,6.740361283364789e-05,0.022467312001445125,0.02081371438226574,0.02145914121602659,0.9551272183626733,0.26554601418430795,0.28423840282786916,-0.027567290217322737,20.786320965272452,277143747.6363636,0.5830241910654966,0.4002425712553062,1.0,0.0,0.0,0.011040686976078512,0.011108839364819767,-0.0007072373960193001,-0.030960156760287405,-0.03272916938323123,-0.07390761548064917,-0.07563862928348908,0.6584903862015647,-0.933442497925125,0.3623507805325987,1,0,34.87473509250772,36.225262007335665,40.07500255195848,38.64594944681744,-278.21006786851285,-275.9459638426207,-274.59928356011505,-333.3783664761522,1.3703481030015916,0.6884836945379242,1.1825039582673873,0.2019326792356808,-0.011686256019937336,-0.030274330502939262,0.020190577730392567,0.022806081621765895,25.567458096349423,23.59434705625053,21.98025491041299,18.994435284612177,0.15256807764896196,1,4.0
2026-05-25,31478.0,31478.0,31002.0,31476.0,57330193552,1821384,65,30562.0,31478.0,48.7821199064783,57.784260845768706,70.08121561435682,39.92934789440165,-29.918784385643175,-0.6062519734764762,-6.4546805349182765,2.3291744516386643,-0.026885257502762574,25.943866660886552,24.256687177456506,31.39674781000668,-7.140060632550174,-14.12995214366756,1.040515927714587,0.9979820332798062,0.9546118140414487,1.0224160088590561,0.9950637776592524,0.9174408470019099,0.4891465305533286,18.5928262857247,0.032500024614217984,0.015121672279052036,0.023152422020662925,0.025924824295777898,0.026480962479756183,1.14376640405581,1.643041831721775,1.6750302425899906,0.007306802403549861,38.68591796356235,882002977.7230769,1.8317580289903317,0.8338678640153945,0.0,0.0,1.0,0.029971860480335056,0.029971860480334955,0.0608654623887841,0.07265044639814633,0.028020901371652585,-0.006062519734764793,-0.06454680534918278,1.4274362834537533,-0.9293914447858953,0.4452708907254362,3,0,43.30114041008084,37.24193041219174,34.87473509250772,40.07500255195848,-135.0609566500159,-237.34712247894777,-278.21006786851285,-274.59928356011505,0.7631010842563895,0.26554601418430795,1.3703481030015916,1.1825039582673873,0.029994607710973398,0.011108839364819767,-0.011686256019937336,0.020190577730392567,26.95266365530866,26.912174314140724,25.567458096349423,21.98025491041299,0.10166476045240813,1,4.0
2026-05-26,32400.0,32420.0,30572.0,32236.0,161907822199,5022650,185,31476.0,32420.0,53.73519283416522,65.83791574215006,95.25941532789044,66.20363884948371,-4.74058467210956,6.399737446668855,-1.0076335877862597,156.17352381018543,-0.02015442336091509,24.0972309186408,27.51621884561719,27.566325381216295,-0.05010653559910594,13.987785411895167,1.0647906382503538,1.0283852733452497,0.9823926867803641,1.0444938368310173,1.02295934475354,0.9226158190070258,0.653834861799152,18.45178200394511,0.03337328164378822,0.05700185070943862,0.023567377569789764,0.02378171606203814,0.018426105451067328,0.7818479335047925,4.03142628685946,2.624681859911339,0.10626206642778513,63.05488763940501,875177417.2918919,1.7644465000265246,2.291021671826625,0.010822510822510822,0.0,0.9891774891774892,0.02929029798589491,0.0299256623673676,0.06079445062495914,0.0926125640334321,0.09183982756878728,0.06399737446668863,-0.010076335877862608,1.2801097716755934,-0.9272784370023104,0.4885215794306703,4,0,48.7821199064783,43.30114041008084,37.24193041219174,36.225262007335665,2.3291744516386643,-135.0609566500159,-237.34712247894777,-275.9459638426207,1.643041831721775,0.7631010842563895,0.26554601418430795,0.6884836945379242,0.029971860480334955,0.029994607710973398,0.011108839364819767,-0.030274330502939262,25.943866660886552,26.95266365530866,26.912174314140724,23.59434705625053,0.04873433428465068,0,4.0
2026-06-02,36280.0,36280.0,34168.0,34676.0,94476684788,2724562,255,35224.0,34301.0,59.69347072326016,67.78610351073318,73.53216530694128,91.17738843564707,-26.467834693058713,12.021554539516655,1.7833827893175076,588.1792087936471,0.007566763981378277,23.498236228934747,35.01502885998221,19.63438692311201,15.380641936870198,155.7030481223302,1.071578079213241,1.0843765806777947,1.0347147226864395,1.0510370712335173,1.0594629263347297,0.9655990009110051,0.905279076799704,20.81937743840031,0.03292516363487486,0.06157254890527973,0.02439326429121297,0.02487797137996251,0.024598572171417844,1.0084165808132055,1.7561266444983148,0.7838783386357921,0.19503697396991115,75.83949189239287,370496803.0901961,0.7105610953925452,2.7127659574468086,0.9370265151515151,0.0,0.06297348484848485,0.029979559391324098,-0.02620372473313648,0.0029825433492207676,0.03306930096678018,0.08968168244488206,0.12021554539516655,0.017833827893175114,-1.1220564115336438,-0.9230591507592921,0.5748852157943067,0,1,65.3856088059589,61.61079826814585,57.42108992990231,48.7821199064783,586.3979772311927,447.4526569923729,301.76332379343444,2.3291744516386643,1.72209518711182,3.313519998571496,2.040417413815558,1.643041831721775,0.029971636597561302,0.0299972894015601,0.024151758173966753,0.029971860480334955,23.14085425118218,22.755981352064033,23.025719043170874,25.943866660886552,0.01191025493136455,0,2.0
2026-06-03,33700.0,34365.0,33636.0,33807.0,147375680521,4359347,308,34676.0,33636.0,55.916546891959555,59.654614361785384,64.63822388658554,79.3901297311756,-35.36177611341447,13.279224059542653,2.862385321100917,519.0196496535782,0.009517865519044532,23.26092694833499,33.35865639445216,22.157723587785217,11.200932806666945,101.60039546451625,1.038016794171108,1.0617826432819426,1.0151224146610283,1.0258216286050457,1.0359361280535087,0.9779441145474321,0.7897244856821622,21.324619193463732,0.032725902714604155,0.02167320727791652,0.023810258617653617,0.02300490284210208,0.028049213391014842,1.178030606111029,2.4987318898988966,1.3039891233409713,0.03849019495359918,64.68558566684163,478492469.22402596,0.9036883309476755,2.8838951310861423,0.0877914951989026,0.9122085048010974,0.0,-0.01752135506253462,-0.019387189877846156,-0.0450828980240745,-0.016462469662855694,0.03750771128932762,0.1327922405954265,0.028623853211009243,-0.8848456503790091,-0.9245508176128844,0.5443526170798898,0,2,59.69347072326016,65.3856088059589,61.61079826814585,53.73519283416522,588.1792087936471,586.3979772311927,447.4526569923729,156.17352381018543,1.7561266444983148,1.72209518711182,3.313519998571496,4.03142628685946,-0.02620372473313648,0.029971636597561302,0.0299972894015601,0.0299256623673676,23.498236228934747,23.14085425118218,22.755981352064033,24.0972309186408,0.06859526133640959,1,4.0
2026-06-06,33949.0,34821.0,33786.0,34206.0,56195755257,1642877,150,33807.0,34821.0,60.68963901312929,67.70784206551802,80.48682626721947,72.88573848691543,-19.513173732780526,18.65671641791045,8.005583126550867,525.9009629177796,0.013167326572821806,23.350076014112467,33.75039541212998,20.463182164800017,13.287213247329966,115.09750609681114,1.056731691329101,1.0947297601063888,1.0500227066166419,1.0519338481940455,1.0667090015271452,0.9936511938011238,0.9138273829131554,22.89112901121592,0.031784986129489864,0.029723442750064617,0.024631646022413457,0.02223087899732232,0.030039982657551163,1.219568624452317,0.9499157717800757,0.5183602561137487,0.02444029150643723,66.33453964086702,374638368.38,0.7482293469127012,1.3513513513513513,0.842512077294686,0.0,0.157487922705314,0.009305506005470329,0.035230110595790176,0.01515990787440602,-0.011441062911651145,0.048730536397313395,0.18656716417910446,0.08005583126550864,1.2619549350846808,-0.9218927345730243,0.5987603305785124,1,0,55.916546891959555,59.69347072326016,65.3856088059589,57.42108992990231,519.0196496535782,588.1792087936471,586.3979772311927,301.76332379343444,2.4987318898988966,1.7561266444983148,1.72209518711182,2.040417413815558,-0.019387189877846156,-0.02620372473313648,0.029971636597561302,0.024151758173966753,23.26092694833499,23.498236228934747,23.14085425118218,23.025719043170874,0.08779161550605163,1,4.0
2026-06-07,34800.0,35232.0,34800.0,35123.0,59777756228,1701964,189,34206.0,35232.0,62.217632602282016,70.12113717840201,85.98368329543935,77.03624448308146,-14.016316704560653,18.73820436775411,9.962546816479401,529.4889855681465,0.016872722174007482,23.702751615997563,35.53983281431869,19.866692799128305,15.673140015190388,120.35568023013691,1.0514629516885723,1.102121063769553,1.0606431895399966,1.0539162767332162,1.0729967737616564,1.0087309189892821,0.9147832966773873,24.620341413839878,0.030046153306642023,0.01226158038147139,0.024562431854866566,0.022209855589160575,0.028035270200384817,1.1413882129439954,0.9576091987342187,0.6587078216822406,-0.017030696117693034,70.19379050435754,316284424.4867725,0.6432381905414591,1.6010165184243965,1.0,0.0,0.0,-0.0006030843456534849,0.011803222193503826,0.04744916161255808,0.027142065828984485,0.030205561566127637,0.18738204367754108,0.09962546816479412,0.2750869330828442,-0.9209708171642628,0.6176308539944904,2,0,60.68963901312929,55.916546891959555,59.69347072326016,61.61079826814585,525.9009629177796,519.0196496535782,588.1792087936471,447.4526569923729,0.9499157717800757,2.4987318898988966,1.7561266444983148,3.313519998571496,0.035230110595790176,-0.019387189877846156,-0.02620372473313648,0.0299972894015601,23.350076014112467,23.26092694833499,23.498236228934747,22.755981352064033,0.09116533325740961,1,4.0
2026-06-09,35089.0,35092.0,34901.0,35089.0,235794245419,6719845,92,34070.0,35092.0,59.675385688892554,63.633645397971165,84.11127457536445,80.17921626320717,-15.888725424635549,11.481034373213038,10.805178402273445,407.54401145423043,0.0194263354556333,23.479656660967276,37.39006573932133,21.617123717728983,15.772942021592346,93.14219612001104,1.0254881676690102,1.0885949115974196,1.053984097130407,1.0391865662838393,1.060597469805291,1.027787672602961,0.8364652978930083,26.331069549285825,0.030287013260135227,0.00544283597401117,0.026316208300582154,0.026753679685154356,0.030092748703956198,1.143506251365646,3.084364666695384,2.033990644274738,0.04939434349390304,72.07756471065083,2562980928.4673915,3.942738272924926,0.7622203811101905,0.015706806282722512,0.0,0.9842931937172775,0.02990901085999413,0.029997064866451373,-0.00397366030881019,0.007782659889147281,0.023060552170490745,0.1148103437321304,0.10805178402273441,0.9319050844537498,-0.9212848522913348,0.6112029384756658,1,0,55.63348232430768,62.217632602282016,60.68963901312929,59.69347072326016,429.23274969924216,529.4889855681465,525.9009629177796,588.1792087936471,1.1218036501957378,0.9576091987342187,0.9499157717800757,1.7561266444983148,-0.032981380563124385,0.011803222193503826,0.035230110595790176,-0.02620372473313648,23.229588497899595,23.702751615997563,23.350076014112467,23.498236228934747,0.14334976773347763,1,4.0
2026-06-10,36141.0,36141.0,35752.0,36126.0,332357917241,9200065,201,35089.0,36141.0,63.3646533480085,69.74519896792789,97.89712556732223,84.15036368716812,-2.102874432677761,11.47748303516348,18.611749261568754,437.03101979555333,0.022701467228336103,24.30847520010192,41.808109696327726,20.09172037819932,21.716389318128407,110.70827344439292,1.0447821599854301,1.1113605333398935,1.083647864367262,1.0588074196339683,1.0848842195827242,1.037199816258706,0.903712890300843,27.584091569855186,0.029380589321231228,0.010763398909825406,0.024756197243520874,0.02675113687638738,0.028143270702274605,1.1368171947183927,3.5710536550320167,2.153614908378144,0.24979462037780187,80.08143672773039,1653521976.323383,2.353734957634903,1.5752351097178685,0.0,0.0,1.0,0.029892853071925227,0.02989285307192513,0.060786615791018406,0.02580040871934597,0.0744737780948983,0.11477483035163472,0.18611749261568766,0.849517243975107,-0.9189318319463449,0.659366391184573,2,0,59.675385688892554,55.63348232430768,62.217632602282016,55.916546891959555,407.54401145423043,429.23274969924216,529.4889855681465,519.0196496535782,3.084364666695384,1.1218036501957378,0.9576091987342187,2.4987318898988966,0.029997064866451373,-0.032981380563124385,0.011803222193503826,-0.019387189877846156,23.479656660967276,23.229588497899595,23.702751615997563,23.26092694833499,0.1082322980678736,1,4.0
2026-06-16,40658.0,40658.0,38326.0,40119.0,539355388796,13443903,807,39474.0,40000.0,73.83301560296529,84.00392584269049,91.17370892018779,97.05790297339593,-8.826291079812206,16.614675956969187,30.633572828216852,707.3221802532701,0.04253080182826925,31.33027074099954,53.41002350352628,13.64956756865239,39.76045593487389,153.28856702629426,1.098901098901099,1.1694230943519788,1.1879588491054671,1.096500534672311,1.1501372387964774,1.081042552685975,0.9774967771053132,35.48151578719704,0.02905093907380309,0.0583,0.02368781976586369,0.02359172531233024,0.007394172946818676,0.31215084460725057,3.5612865439138885,1.8586490515678462,0.47148596423606004,86.7877862631676,668346206.6864932,0.46851269983958604,5.012422360248447,0.28216123499142365,0.0,0.7178387650085764,0.029994426711252978,0.01332522673151959,0.04370515329419433,0.07500873444596734,0.13986093696569024,0.16614675956969194,0.3063357282821686,-0.01658408217198579,-0.9102756779794082,0.8365472910927456,6,0,72.62658808444836,69.80257236526883,66.70456573207345,59.675385688892554,661.8197656319135,575.542105937705,497.26469047214346,407.54401145423043,0.4938963651775022,3.258145628721638,0.6292783732391884,3.084364666695384,0.029980430528375734,0.029992743691042545,0.029550925541628636,0.029997064866451373,29.17942777209776,27.24435880919037,25.593271785005538,23.479656660967276,0.0013709215085122572,0,1.0
2026-06-17,40041.0,40416.0,39325.0,40036.0,184669840178,4612568,477,40119.0,40415.0,74.77752658308745,85.13343112251742,96.53944745086869,95.90438545701882,-3.4605525491313016,20.154001664882866,36.10952076246927,716.1862584379662,0.04674360301682439,33.327482069265486,49.81253144197908,12.730185629632329,37.08234581234675,147.61584956346536,1.090002400351692,1.163322874989206,1.197286368147413,1.0897901136636687,1.1482845513941293,1.0984254417798582,0.9524590749254489,36.096717701179124,0.028627080324450976,0.02699492762588148,0.021342285573147515,0.020317990496820985,0.009910862218513663,0.46437679715912594,1.1644749467445175,0.7303383542398346,0.3675910785461274,87.32788644327117,387148511.9035639,0.277529042218735,2.5987469354399346,0.34280476626947753,0.0009165902841429881,0.6562786434463794,0.001025,0.010375000000000023,0.023838475958859018,0.054533594259621676,0.11825904097839013,0.2015400166488286,0.3610952076246927,-0.251872461724634,-0.9093447881384447,0.8556014692378329,7,0,73.83301560296529,72.62658808444836,69.80257236526883,63.3646533480085,707.3221802532701,661.8197656319135,575.542105937705,437.03101979555333,3.5612865439138885,0.4938963651775022,3.258145628721638,3.5710536550320167,0.01332522673151959,0.029980430528375734,0.029992743691042545,0.02989285307192513,31.33027074099954,29.17942777209776,27.24435880919037,24.30847520010192,-0.00539514437006694,0,1.0
2026-06-20,40997.0,41000.0,38836.0,39741.0,249012267978,6265893,417,40036.0,40864.0,75.7954908718304,86.35004074077663,98.15317762085823,95.2887779973049,-1.8468223791417708,17.35447000373338,39.2489606760717,702.1589347383031,0.050182437497794406,35.35200634812561,46.94152405164921,11.12897188409794,35.812552167551274,136.81365966907933,1.0844377451422689,1.1570664469418324,1.207066347885832,1.0848900909949715,1.1473548776707092,1.113080352738437,0.9403817557052505,35.6659750107717,0.03007279349456196,0.05295614722004698,0.020387233630806408,0.019557256921873503,0.010127324394575025,0.49674833662925183,1.493975671504475,0.8660888974574702,0.413049182823479,87.78963208715265,597151721.7697842,0.4226356402494099,2.14175654853621,0.06146025878003697,0.0013863216266173752,0.9371534195933456,0.014400593838921193,0.011109736483978727,0.021600000000000064,0.03521305162892041,0.0982289231100002,0.1735447000373338,0.39248960676071687,-0.28354004530664,-0.9083376326237634,0.8762167125803489,8,0,74.77752658308745,73.83301560296529,72.62658808444836,66.70456573207345,716.1862584379662,707.3221802532701,661.8197656319135,497.26469047214346,1.1644749467445175,3.5612865439138885,0.4938963651775022,0.6292783732391884,0.010375000000000023,0.01332522673151959,0.029980430528375734,0.029550925541628636,33.327482069265486,31.33027074099954,29.17942777209776,25.593271785005538,-0.018972849198560682,0,1.0
2026-06-21,40250.0,40931.0,38549.0,40170.0,485935103344,12096869,505,39741.0,40450.0,72.87495947439459,79.3635014127099,92.5312330255296,95.74128603241884,-7.468766974470396,14.810399636693914,36.32380695605285,617.8440531859915,0.05243019178378385,36.88539230652062,40.850612051157206,11.248311305591308,29.6023007455659,112.83378118321043,1.058789655533452,1.1281298980918009,1.1912832815687124,1.061826914862515,1.1244257052313038,1.1251368724116462,0.8756127496843114,34.11223346371746,0.03241679363182613,0.05888751545117429,0.021239642086873185,0.021272965441977414,0.014252798623838605,0.6710470244998767,2.5288537455871576,1.592089175016177,0.1409901855418998,73.12988149608779,962247729.3940594,0.6649129766765225,2.313330279431974,0.08396305625524769,0.2019311502938707,0.7141057934508817,-0.015025450274079874,-0.010131166797180846,0.0008660150934058919,0.011249999999999982,0.05544683626875413,0.14810399636693905,0.3632380695605284,-1.2222192828973937,-0.9092662793566766,0.857208448117539,0,1,75.7954908718304,74.77752658308745,73.83301560296529,69.80257236526883,702.1589347383031,716.1862584379662,707.3221802532701,575.542105937705,1.493975671504475,1.1644749467445175,3.5612865439138885,3.258145628721638,0.011109736483978727,0.010375000000000023,0.01332522673151959,0.029992743691042545,35.35200634812561,33.327482069265486,31.33027074099954,27.24435880919037,-0.031167537963654457,0,0.0
2026-06-22,40300.0,40579.0,38967.0,39652.0,67455478670,1701207,149,40170.0,39790.0,68.35321776050645,68.9827155586002,83.56871265616513,91.41770776751765,-16.43128734383487,16.788963897857354,30.19435900791833,476.7868806092729,0.05275046004598283,38.30925069645885,37.32130143401064,10.276507395625934,27.04479403838471,94.99973480428534,1.0261501959975243,1.0956241119910126,1.1692493589551454,1.0373992169500987,1.097455593188603,1.1394524539543784,0.7976159460369437,32.13003646623914,0.03349436493608547,0.04051269163106308,0.0221201182440803,0.01749035139367327,0.013815837768129812,0.6245824554679835,0.35235788842637106,0.22313580325935378,0.10584847405003672,73.81255598778705,452721333.3557047,0.31329349825692,0.6674132138857782,0.3163771712158809,0.17307692307692307,0.510545905707196,-0.003708281829419036,-0.01631644004944377,-0.026282302270947522,-0.015464555239391276,0.008005269291178951,0.16788963897857356,0.30194359007918337,-1.348510919133097,-0.9107467306700163,0.8269054178145088,0,2,72.87495947439459,75.7954908718304,74.77752658308745,72.62658808444836,617.8440531859915,702.1589347383031,716.1862584379662,661.8197656319135,2.5288537455871576,1.493975671504475,1.1644749467445175,0.4938963651775022,-0.010131166797180846,0.011109736483978727,0.010375000000000023,0.029980430528375734,36.88539230652062,35.35200634812561,33.327482069265486,29.17942777209776,0.010617371128820663,0,2.0
2026-06-23,40540.0,40841.0,39691.0,40174.0,101034293219,2514942,145,39652.0,40300.0,69.90704654515878,72.25443473393469,90.29664541169947,88.79886369779808,-9.703354588300527,14.840989399293287,28.02592286676409,381.1391622933902,0.05207389274161592,39.726378468719005,36.416352779327084,9.636854869097105,26.779497910229978,96.15549610745839,1.0255287962378616,1.096351028203154,1.181500112286487,1.0425645244080188,1.1024150721679318,1.1520886752481299,0.8142725623476974,30.658428302931345,0.03274659721816542,0.028535980148883373,0.02177826226153509,0.016767258432172735,0.013710198623162848,0.6295359316788967,0.517185823188083,0.46245038749087536,-0.0035852454515420407,78.49413721554862,696788229.0965518,0.48530349837660963,0.6380638063806381,0.20869565217391303,0.2617391304347826,0.5295652173913044,0.018848957024377985,0.012817290776577117,-0.003708281829419069,-0.01380187940485511,0.007500000000000062,0.1484098939929328,0.28025922866764086,0.00744955334833182,-0.9096027455642538,0.8503213957759412,1,0,68.35321776050645,72.87495947439459,75.7954908718304,73.83301560296529,476.7868806092729,617.8440531859915,702.1589347383031,707.3221802532701,0.35235788842637106,2.5288537455871576,1.493975671504475,3.5612865439138885,-0.01631644004944377,-0.010131166797180846,0.011109736483978727,0.01332522673151959,38.30925069645885,36.88539230652062,35.35200634812561,31.33027074099954,0.013466421068352608,0,2.0
2026-06-27,39769.0,40487.0,38969.0,39820.0,82124771940,2062383,143,40174.0,39600.0,65.17684663175959,61.81368810409628,79.79797979797979,84.55444595528147,-20.2020202020202,9.570847513903876,22.146822948797038,240.87915515859663,0.05097317321065599,40.09642840630193,33.456076760344864,12.719827571780016,20.736249188564848,72.65204174757962,0.9989228786132126,1.066887947129775,1.158701762455605,1.0206155208360195,1.0766259203392503,1.1599511706691619,0.7301724172446612,29.059931650575038,0.033683157075391164,0.03833333333333333,0.022364130302380446,0.018390848621386437,0.014825303557210632,0.6629054363733796,0.4374339430645887,0.418481066781639,-0.0602601514424842,75.87718062965428,574299104.4755244,0.4042269358150847,0.6351321341328003,0.11133069828722003,0.47299077733860345,0.4156785243741766,-0.013176178660049628,-0.017369727047146455,-0.004775069112842423,-0.021013597033374576,-0.02016578003216629,0.09570847513903868,0.2214682294879704,-1.2368023997562945,-0.9111729211996142,0.8181818181818182,0,1,69.90704654515878,68.35321776050645,72.87495947439459,74.77752658308745,381.1391622933902,476.7868806092729,617.8440531859915,716.1862584379662,0.517185823188083,0.35235788842637106,2.5288537455871576,1.1644749467445175,0.012817290776577117,-0.01631644004944377,-0.010131166797180846,0.010375000000000023,39.726378468719005,38.30925069645885,36.88539230652062,33.327482069265486,0.05306378704168768,1,4.0
2026-06-28,40000.0,40000.0,38626.0,38987.0,72122673213,1849899,153,39820.0,38626.0,59.176787545028155,50.06895213854274,65.74314574314575,78.61259031760834,-34.256854256854254,3.8082184417748395,16.33286148841972,61.97463881295994,0.04802792943870918,40.01486684931793,30.999710926873398,13.61877363752138,17.38093728935202,50.281804698339776,0.9708830596917384,1.0330997941877773,1.1289563598420524,0.9962002636411286,1.0462589807096416,1.1628139440402878,0.6209277254246264,27.3715511240706,0.034606758701413866,0.035571894578781134,0.023406054757053856,0.019701310217998685,0.01433209023496634,0.6123240496413473,0.3951379866746429,0.4573230063336514,-0.12279101119415281,73.51555061421814,471390021.0,0.335428254410409,0.6726753132556607,1.0,0.0,0.0,0.010101010101010102,-0.024595959595959616,-0.041538461538461524,-0.02925358130183464,-0.05476703210649958,0.038082184417748355,0.16332861488419725,-1.3863445601392677,-0.9133577084408155,0.7734618916437098,0,2,65.17684663175959,69.90704654515878,68.35321776050645,75.7954908718304,240.87915515859663,381.1391622933902,476.7868806092729,702.1589347383031,0.4374339430645887,0.517185823188083,0.35235788842637106,1.493975671504475,-0.017369727047146455,0.012817290776577117,-0.01631644004944377,0.011109736483978727,40.09642840630193,39.726378468719005,38.30925069645885,35.35200634812561,0.06886911021622599,1,4.0
2026-06-29,37818.0,39997.0,37818.0,38918.0,59775366259,1535923,142,38987.0,39730.0,63.30074546317397,60.09524076205213,79.17691424823741,74.90601326312098,-20.823085751762584,3.666014350945858,16.172987514254803,0.6988158101239605,0.045155441315108874,39.00242070444067,27.54567651545058,16.23299580153451,11.31268071391607,47.766816973474604,0.9951183346733492,1.0548254347537502,1.1581165812095366,1.020798580484736,1.0701256032404896,1.1637978528349517,0.7067532525123541,26.51732637215668,0.03515941282372183,0.054845205134658945,0.023337610324490693,0.019497827652326483,0.022896990586427142,0.9811197576813955,0.33928384788643345,0.7946330401390512,-0.01399531525078479,75.85682923493759,420953283.5140845,0.3017652321391653,0.6397837350754675,0.877466727856815,0.12253327214318495,0.0,-0.02091855227049138,0.02858178429037439,0.0032828282828283317,-0.014143920595533488,-0.017799752781211375,0.036660143509458676,0.161729875142548,0.891250739297095,-0.9108813171530472,0.8241505968778696,1,0,59.176787545028155,65.17684663175959,69.90704654515878,72.87495947439459,61.97463881295994,240.87915515859663,381.1391622933902,617.8440531859915,0.3951379866746429,0.4374339430645887,0.517185823188083,2.5288537455871576,-0.024595959595959616,-0.017369727047146455,0.012817290776577117,-0.010131166797180846,40.01486684931793,40.09642840630193,39.726378468719005,36.88539230652062,0.06264453466262387,1,4.0
2026-06-30,40082.0,40085.0,39583.0,40073.0,131793674904,3288812,183,38918.0,40085.0,64.54118397475796,62.890731064362825,82.56478658536585,75.82828219224967,-17.435213414634145,1.547854283832396,13.800249829661595,-31.438464098644317,0.043757734502079246,38.12028489359416,27.27624835494173,15.796322951764019,11.47992540317771,64.11058230113687,1.0024758665532936,1.0574271164040354,1.1644289258262988,1.025200699690606,1.073351753107297,1.1615530754169983,0.7190925219654417,26.211353947120873,0.033253417076790553,0.012523387800923038,0.02275159450520782,0.017375628750212393,0.022100355049291125,0.971376096046032,0.7201432302026285,1.461439736849379,0.0311716946339069,74.96482603665447,720184015.8688525,0.5140722758047065,0.8176943699731903,0.00597609561752988,0.0,0.9940239043824701,0.008859803674804934,0.008935313365215247,0.037772484854761146,0.012247474747474785,0.007413923096255326,0.01547854283832395,0.13800249829661593,0.0969166223089675,-0.9100850137951145,0.8404499540863177,2,0,63.30074546317397,59.176787545028155,65.17684663175959,68.35321776050645,0.6988158101239605,61.97463881295994,240.87915515859663,476.7868806092729,0.33928384788643345,0.3951379866746429,0.4374339430645887,0.35235788842637106,0.02858178429037439,-0.024595959595959616,-0.017369727047146455,-0.01631644004944377,39.00242070444067,40.01486684931793,40.09642840630193,38.30925069645885,0.013525316297756662,0,2.0
2026-07-01,40478.0,41274.0,40100.0,40715.0,55564855772,1364737,165,40073.0,41000.0,67.58258574101393,69.34778837500036,93.25953259532595,85.0004111429764,-6.740467404674047,2.5,19.530042855893413,-7.818034029354749,0.04330962705067799,38.02107233585769,31.94580085477702,14.782049655088908,17.16375119968811,85.08792807087144,1.0228009778975202,1.07209162461104,1.1855810214503415,1.0408199163248626,1.0899522639198533,1.1591512396550827,0.7841019100729916,25.375269244940355,0.03226049112508874,0.028634146341463416,0.021630028824772714,0.01831780785030727,0.023753558694647518,1.0981750827554488,0.3033493982421949,0.6754950674902596,0.0202476107300964,72.2502321569057,336756701.6484848,0.24066904933549293,0.7523939808481531,0.444633730834753,0.23339011925042588,0.3219761499148211,0.009804166146937757,0.02282649370088552,0.03196576894034742,0.061461191943250615,0.017369727047146455,0.02499999999999991,0.19530042855893415,0.630821032005747,-0.9080325699288935,0.8824609733700642,3,0,64.54118397475796,63.30074546317397,59.176787545028155,69.90704654515878,-31.438464098644317,0.6988158101239605,61.97463881295994,381.1391622933902,0.7201432302026285,0.33928384788643345,0.3951379866746429,0.517185823188083,0.008935313365215247,0.02858178429037439,-0.024595959595959616,0.012817290776577117,38.12028489359416,39.00242070444067,40.01486684931793,39.726378468719005,-0.0310696303573621,0,0.0
2026-07-07,41400.0,41936.0,41400.0,41933.0,298156318924,7110318,212,40715.0,41936.0,70.38127900344982,74.61851824747151,100.0,91.94143972689727,-0.0,3.7634541630582703,24.675942442621,50.87001629383872,0.044045694951222125,38.27294787688475,33.94784416093235,14.018930178732944,19.928913982199404,112.26565791195276,1.0421963263672986,1.0847948678152,1.2058086762097766,1.0541079316320305,1.105431938702513,1.1569880316242993,0.8548230353956883,23.897791111740872,0.030881822930302467,0.012781381152231973,0.020736768935996918,0.019300437136271286,0.021550482060092288,1.039240111446815,1.5335716661688892,2.3466877768909975,0.10370835252559951,74.59613153341687,1406397730.7735848,0.9728497070767426,0.9883449883449883,1.0,0.0,0.0,0.00975609756097561,0.022829268292682947,0.04617687414244731,0.05552479234835128,0.058989898989898926,0.037634541630582774,0.2467594244262099,0.5563368538481297,-0.9059330207936116,0.9254361799816345,4,0,67.58258574101393,64.54118397475796,63.30074546317397,65.17684663175959,-7.818034029354749,-31.438464098644317,0.6988158101239605,240.87915515859663,0.3033493982421949,0.7201432302026285,0.33928384788643345,0.4374339430645887,0.02282649370088552,0.008935313365215247,0.02858178429037439,-0.017369727047146455,38.02107233585769,38.12028489359416,39.00242070444067,40.09642840630193,-0.07232966875730329,0,0.0
2026-07-08,43000.0,43000.0,40676.0,41672.0,171883024302,4124692,258,41933.0,40676.0,62.55238866580916,58.752245963078146,55.15245079120031,82.80399446217541,-44.84754920879969,-0.4600626468285043,16.81456592286264,-11.798285756535051,0.04379689227025625,38.99289427694557,35.38341428809307,12.318493590154791,23.06492069793828,99.63114725284267,1.01135524487,1.0442931137397868,1.1644724260853734,1.0189193684307165,1.0665130484039766,1.1513980196296456,0.6986108622378941,22.301455842195043,0.03364529038405788,0.05713442816402793,0.021876536037364048,0.02180963204219555,0.023860188759736212,1.0906749002211402,0.8664347319019253,1.1835909957036312,0.0845204148705887,65.68299458840264,666213272.4883721,0.4562397657513419,1.1732605729877217,1.0,0.0,0.0,0.025371995421594812,-0.030045784051888624,-0.007902439024390251,0.014743669701883455,0.053073059597162464,-0.004600626468285074,0.16814565922862634,-1.7404322493437665,-0.9087593369372603,0.867584940312213,0,1,70.38127900344982,67.58258574101393,64.54118397475796,59.176787545028155,50.87001629383872,-7.818034029354749,-31.438464098644317,61.97463881295994,1.5335716661688892,0.3033493982421949,0.7201432302026285,0.3951379866746429,0.022829268292682947,0.02282649370088552,0.008935313365215247,-0.024595959595959616,38.27294787688475,38.02107233585769,38.12028489359416,40.01486684931793,-0.05874448070646954,0,0.0
2026-07-11,40422.0,42127.0,40422.0,41356.0,134577489832,3254151,269,41672.0,41300.0,64.64957227999209,63.2652544709775,67.19413353917406,74.11552811012479,-32.80586646082594,2.1013597033374536,17.22297910990009,-26.985853151225,0.0426040764964273,39.35348681494274,32.289034794124824,12.544022801360851,19.74501199276397,92.72368725978477,1.0247045600593485,1.0521180563074222,1.1761409136422094,1.029080334319357,1.0762671328264009,1.1477853807677896,0.7493163199444547,20.904390181530697,0.03371882706953511,0.041283292978208236,0.021922910339294624,0.022013465834511362,0.022033908507028067,1.0050631127900245,0.6726032621584064,0.8499713467946806,0.0989486145510261,61.51237210917352,500288066.2899628,0.3404648661847997,1.2014292094685126,0.5149560117302053,0.4850439882697947,0.0,-0.006244468482643328,0.015340741469171082,-0.015165967188096152,0.007317073170731714,0.03951673798137434,0.021013597033374465,0.17222979109900094,0.325459559131985,-0.907359637513739,0.8962350780532599,1,0,62.55238866580916,70.38127900344982,67.58258574101393,63.30074546317397,-11.798285756535051,50.87001629383872,-7.818034029354749,0.6988158101239605,0.8664347319019253,1.5335716661688892,0.3033493982421949,0.33928384788643345,-0.030045784051888624,0.022829268292682947,0.02282649370088552,0.02858178429037439,38.99289427694557,38.27294787688475,38.02107233585769,39.00242070444067,-0.059556049908114916,0,0.0
2026-07-12,40116.0,41300.0,40116.0,40615.0,83451984126,2054686,119,41356.0,40116.0,58.01100281142767,50.92987854995327,44.345812427634115,55.5641322526695,-55.654187572365885,0.8193013319929631,17.74581743469328,-126.93808850365144,0.040578861347694395,39.314519145715416,30.306924973652315,13.360497934091208,16.946427039561108,56.64617895423412,0.9945236247703715,1.0141456071007384,1.1379018084571666,0.9996432132267321,1.041907550517746,1.1441677001085824,0.5834428748107467,16.952444570997145,0.03434261757623143,0.0295144082161731,0.021513827251141794,0.023472317619382076,0.027391331733654364,1.27319660113942,0.4248611006243756,0.5736595366780534,0.04894910942934594,49.729186774351405,701277177.5294118,0.48377640747565576,0.5251544571932921,0.0,1.0,0.0,-0.028668280871670702,-0.028668280871670726,-0.013767332087717521,-0.043399465852727914,0.0007733566171885808,0.00819301331992972,0.17745817434693278,-1.7239915594064827,-0.9100154774455486,0.8418732782369146,0,1,64.64957227999209,62.55238866580916,70.38127900344982,64.54118397475796,-26.985853151225,-11.798285756535051,50.87001629383872,-31.438464098644317,0.6726032621584064,0.8664347319019253,1.5335716661688892,0.7201432302026285,0.015340741469171082,-0.030045784051888624,0.022829268292682947,0.008935313365215247,39.35348681494274,38.99289427694557,38.27294787688475,38.12028489359416,-0.031023021051335697,0,0.0
2026-07-13,39447.0,40021.0,39397.0,39450.0,38804870147,983658,114,40615.0,39819.0,56.445241302606384,48.180647149836744,38.61443458124276,50.05146018268365,-61.38556541875724,-1.1935483870967742,13.470306622592043,-217.88392884015911,0.03722958334658231,38.443564993876166,29.13720369135361,16.704422451090572,12.432781240263036,1.8521087511526144,0.9883391910406861,1.0006584105667355,1.1255382621953804,0.9934279697723108,1.0315808957394528,1.138817798988856,0.5049351570731775,13.341228191379628,0.033417194603698346,0.015670910871694418,0.021162314499231623,0.02321700373296832,0.024391248734752465,1.1525794466214023,0.21622057682604226,0.2806041133635392,0.02790058732945888,44.19782097068846,340393597.78070176,0.25431733184326355,0.5006587615283268,0.5961538461538461,0.32371794871794873,0.08012820512820513,-0.01667663775052348,-0.0074035297636853015,-0.03585956416464886,-0.021068934998524913,-0.028804878048780513,-0.011935483870967767,0.13470306622592054,-0.659421054937637,-0.9106816805365514,0.8282369146005509,0,2,58.01100281142767,64.64957227999209,62.55238866580916,67.58258574101393,-126.93808850365144,-26.985853151225,-11.798285756535051,-7.818034029354749,0.4248611006243756,0.6726032621584064,0.8664347319019253,0.3033493982421949,-0.028668280871670726,0.015340741469171082,-0.030045784051888624,0.02282649370088552,39.314519145715416,39.35348681494274,38.99289427694557,38.02107233585769,0.016375158428390435,0,2.0
2026-07-14,38267.0,39549.0,38267.0,38900.0,38313637795,984936,75,39450.0,39548.0,54.98685804715199,45.56243284277558,33.384793516016984,38.78168017496462,-66.61520648398302,-0.13131313131313133,9.426966603027033,-296.2613432257681,0.03363007052405963,36.50229538332714,26.73825434540133,21.323695761954387,5.414558583446944,-67.13531470605687,0.9817394671777101,0.9896116797599789,1.1135984141331374,0.9886949579532646,1.022699598053744,1.1343115473746752,0.3996032157435012,10.34726392578526,0.03404598848238784,0.03241630423788813,0.020615879542048573,0.022619887587260672,0.018694495366732736,0.9068007663026483,0.23798944758709595,0.4319090400971819,-0.0401611494288624,35.517964441253895,510848503.93333334,0.39868725026377116,0.33875338753387535,0.999219968798752,0.00078003120124805,0.0,-0.03897636806549637,-0.006805796227931427,-0.014158939076677646,-0.04242130750605322,-0.056943914536436435,-0.001313131313131266,0.09426966603027043,-0.558899741714038,-0.9112895628182409,0.8157943067033976,0,3,56.445241302606384,58.01100281142767,64.64957227999209,70.38127900344982,-217.88392884015911,-126.93808850365144,-26.985853151225,50.87001629383872,0.21622057682604226,0.4248611006243756,0.6726032621584064,1.5335716661688892,-0.0074035297636853015,-0.028668280871670726,0.015340741469171082,0.022829268292682947,38.443564993876166,39.314519145715416,39.35348681494274,38.27294787688475,0.0455784061696658,0,4.0
2026-07-15,38901.0,39654.0,38900.0,39224.0,5468005187,139406,57,38900.0,39654.0,55.47148085044754,46.87970764160836,35.43033577769201,35.80985462498392,-64.56966422230799,2.6614197690674675,6.570990889300976,-337.91793935362125,0.03035925626971432,34.777820113230725,26.209131880254404,20.443085066285178,5.766046813969226,-60.03653457221234,0.981865182338609,0.9892379769192773,1.1131391061763023,0.9926667268505645,1.023511920292245,1.1336985221586375,0.369140810474531,8.224124816719954,0.032887800514664646,0.01901447521057144,0.0197704811317841,0.020889479787795758,0.01613965486380724,0.81635114270741,0.03431949759501208,0.09397941467501579,-0.00534887849615584,48.61185834369048,95929915.56140351,0.08048257588984764,0.2560646900269542,0.9986737400530504,0.0,0.001326259946949602,-0.016359866491352282,0.002680287245878432,-0.00414375047088078,-0.011516601854621555,-0.02512538106008455,0.026614197690674635,0.06570990889300976,-0.03503174040351728,-0.9110517933648864,0.8206611570247934,1,0,54.98685804715199,56.445241302606384,58.01100281142767,62.55238866580916,-296.2613432257681,-217.88392884015911,-126.93808850365144,-11.798285756535051,0.23798944758709595,0.21622057682604226,0.4248611006243756,0.8664347319019253,-0.006805796227931427,-0.0074035297636853015,-0.028668280871670726,-0.030045784051888624,36.50229538332714,38.443564993876166,39.314519145715416,38.99289427694557,0.03834387109932691,0,3.0
2026-07-18,40000.0,40000.0,38832.0,38893.0,31512267882,810226,76,39224.0,38894.0,51.21406406448131,38.988118460329666,20.76418371285218,29.859771002187056,-79.23581628714781,-2.1042033727661718,1.4846705805609917,-408.87084392323436,0.026500111394272382,33.4388951075621,26.429184526277925,19.12546652831248,7.303717997965446,-86.1952861952857,0.9650446122850025,0.9695903035983832,1.088526836465733,0.9776058341981803,1.0036059149288143,1.127954938672061,0.10446658898065862,7.688275011521048,0.03328043058589767,0.030030338869748548,0.01933787245227289,0.019775767017570573,0.01217289043013792,0.6294844719956343,0.22578237442787621,0.8146393903612209,-0.03879932484331161,49.95039365461105,414635103.7105263,0.623062006754023,0.3383793410507569,0.946917808219178,0.0,0.053082191780821915,0.008725475361880264,-0.019165784031875743,-0.016536866592495203,-0.02323011627614957,-0.058256658595641664,-0.02104203372766167,0.014846705805609872,-1.038415125750266,-0.9127565554832776,0.7857667584940312,0,1,55.47148085044754,54.98685804715199,56.445241302606384,64.64957227999209,-337.91793935362125,-296.2613432257681,-217.88392884015911,-26.985853151225,0.03431949759501208,0.23798944758709595,0.21622057682604226,0.6726032621584064,0.002680287245878432,-0.006805796227931427,-0.0074035297636853015,0.015340741469171082,34.777820113230725,36.50229538332714,38.443564993876166,39.35348681494274,0.0403671611858174,0,3.0
2026-07-19,39280.0,40058.0,39200.0,39355.0,45282405545,1150624,82,38893.0,39849.0,55.804260544803405,51.064574660761195,39.193361636433806,31.79596037565933,-60.806638363566194,-0.5887489085692903,0.9499924000607994,-384.08744575201877,0.024077313591358403,32.240646529206956,25.041650218684048,17.888089522623687,7.15356069606036,-37.73811503427339,0.9893195495441817,0.992933425693825,1.111243106494619,1.0013618735131857,1.0261012819792525,1.123239813674573,0.4066742165566683,7.5719421208672575,0.032249093674519086,0.021531280584205375,0.018942626890256338,0.021289617855883482,0.016363029704603276,0.8638205144092265,0.32253025735883645,1.4139425144696904,-0.012518269455676467,47.718920118771,552224457.8658537,0.9623825197121525,0.3605980650835532,0.6631701631701632,0.24358974358974358,0.09324009324009325,0.009924409934694298,0.024553915771070134,0.004917536692389257,0.0076110043491453006,-0.006655698474424154,-0.005887489085692921,0.009499924000607951,1.2622476505009192,-0.910614387295036,0.8296143250688706,1,0,51.21406406448131,55.47148085044754,54.98685804715199,58.01100281142767,-408.87084392323436,-337.91793935362125,-296.2613432257681,-126.93808850365144,0.22578237442787621,0.03431949759501208,0.23798944758709595,0.4248611006243756,-0.019165784031875743,0.002680287245878432,-0.006805796227931427,-0.028668280871670726,33.4388951075621,34.777820113230725,36.50229538332714,39.314519145715416,0.05897598780332869,1,4.0
2026-07-20,40099.0,40535.0,39369.0,40096.0,20140167105,502296,107,39355.0,40535.0,58.80279996219881,58.02702868629358,52.43149363180239,37.463012993696125,-47.56850636819761,-1.1341463414634145,1.3375,-316.88911301317876,0.023373206458309766,31.499201591813307,26.07685636394651,16.721054424643416,9.355801939303095,8.942997783038628,1.0075137885351966,1.0093539860580414,1.1260804510655746,1.0156938102027084,1.0403927562127633,1.1176824216994188,0.6229267297627488,7.609399579810436,0.0314934602193287,0.02876526458616011,0.019099007430873248,0.020674885833998267,0.017690366111944158,0.9262453127981906,0.17199495153302552,0.7000664531839549,-2.4044958986224607e-05,51.90217103440126,188225860.79439253,0.34235101545469976,0.5561330561330561,0.37392795883361923,0.0,0.6260720411663808,0.006273683153905995,0.01721498657431808,0.042191597675734105,0.02221717859484551,0.017981365679700545,-0.011341463414634156,0.013374999999999915,0.8574722616829117,-0.9090756151723829,0.8611111111111112,2,0,55.804260544803405,51.21406406448131,55.47148085044754,56.445241302606384,-384.08744575201877,-408.87084392323436,-337.91793935362125,-217.88392884015911,0.32253025735883645,0.22578237442787621,0.03431949759501208,0.21622057682604226,0.024553915771070134,-0.019165784031875743,0.002680287245878432,-0.0074035297636853015,32.240646529206956,33.4388951075621,34.777820113230725,38.443564993876166,0.04763567438148453,0,4.0
2026-07-21,40496.0,41297.0,40488.0,40673.0,38220610673,939714,138,40096.0,40700.0,59.5143009573745,59.63846542640353,55.61559243535314,49.08014923452978,-44.38440756464686,-2.9473483403281193,0.705183718916244,-259.1553171037092,0.023105107872755,31.351498944250633,29.242899144569357,15.94382858819679,13.299070556372566,76.14275163193794,1.014732317603736,1.0131031324053608,1.1256608071458165,1.0167267243262181,1.0411858251005732,1.1093179823069352,0.6706364113996868,7.67897794959419,0.030545167304100306,0.019877149877149877,0.018985006333360935,0.019066358504705803,0.016718254790144934,0.8806030662611469,0.34336626048691143,1.3264305955566296,0.01643126810777873,56.76270572322693,276960946.9057971,0.5088440706061587,0.786548874323169,0.2521631644004944,0.7379480840543882,0.009888751545117428,-0.0009621314913038115,0.004070556309362372,0.02135561745589598,0.046433897259217316,0.029129159502376822,-0.029473483403281153,0.007051837189162358,0.1868664647739282,-0.9087055023440479,0.8686868686868687,3,0,58.80279996219881,55.804260544803405,51.21406406448131,54.98685804715199,-316.88911301317876,-384.08744575201877,-408.87084392323436,-296.2613432257681,0.17199495153302552,0.32253025735883645,0.22578237442787621,0.23798944758709595,0.01721498657431808,0.024553915771070134,-0.019165784031875743,-0.006805796227931427,31.499201591813307,32.240646529206956,33.4388951075621,36.50229538332714,0.03147050869126944,0,3.0
