date,open,high,low,adjClose,value,volume,count,yesterday,close,rsi,macd,macd_signal,bb_upper,bb_lower,sma_20,sma_50,volume_ratio,momentum_5,momentum_10,prev_day_change,high_52w,low_52w,dist_from_high,dist_from_low,price_to_sma20,price_to_sma50,future_return,signal
2022-03-05,15140.0,15695.0,14810.0,15091.0,10889857336,721622,348,15548.0,15020.0,34.23178821191787,-727.3790662775355,-726.7805271766454,17672.144770455292,14478.75522954471,16075.45,17827.38,0.7784851223363508,-0.02568759730150494,-0.07864065758802596,-0.030154322980564308,21450.0,8320.0,-0.29976689976689974,0.8052884615384616,0.9343439841497438,0.842524252021329,0.0302263648468708,0
2022-03-06,15010.0,15600.0,14811.0,15291.0,38145300279,2494581,632,15091.0,15500.0,40.77385913984832,-683.0112435454848,-718.0266704504133,17492.470883202855,14476.629116797143,15984.55,17751.22,2.6211777243168517,0.024590163934426146,0.007278398752274429,0.031957390146471365,21450.0,8320.0,-0.2773892773892774,0.8629807692307693,0.9696863533849874,0.873179420907408,0.03219354838709676,0
2022-03-07,15600.0,15920.0,15520.0,15625.0,8445806293,540533,240,15291.0,15520.0,41.037038571212534,-638.8710833588866,-702.195553032108,17373.259240815354,14456.840759184646,15915.05,17674.7,0.5977810571707007,0.027814569536423805,0.03466666666666662,0.001290322580645098,21450.0,8320.0,-0.27645687645687644,0.8653846153846154,0.9751775834823014,0.8780912830203624,0.04832474226804129,0
2022-03-08,16120.0,16120.0,15470.0,15588.0,8294534413,532100,186,15625.0,15544.0,41.37370274567368,-595.0932247128767,-680.7750873682619,17311.464410877208,14425.435589122793,15868.45,17594.32,0.60285876965487,0.0009014810045073762,0.00536834616130899,0.001546391752577314,21450.0,8320.0,-0.27533799533799536,0.8682692307692308,0.9795537686415497,0.8834669370569593,0.028692743180648517,0
2022-03-09,15610.0,15898.0,15500.0,15702.0,13363265171,851037,245,15588.0,15527.0,41.194280247828296,-555.3687687969086,-655.6938236539912,17161.88626890473,14434.513731095272,15798.2,17496.66,0.9859819962417299,0.0025828113901982253,-0.016469246848673014,-0.0010936695831188503,21450.0,8320.0,-0.2761305361305361,0.8662259615384615,0.9828334873593194,0.8874265145462048,0.01339601983641403,0
2022-03-12,15750.0,15750.0,15351.0,15637.0,10394991567,664756,280,15702.0,15474.0,40.6030954144922,-522.1445509847199,-628.983969120137,17025.501547267875,14440.298452732124,15732.9,17403.58,0.7735959171727433,0.0302263648468708,0.0037623248572911105,-0.0034134089006246926,21450.0,8320.0,-0.2786013986013986,0.8598557692307692,0.9835440382891902,0.8891274094180621,0.014605144112705082,0
2022-03-13,15231.0,16150.0,15231.0,15889.0,39550759619,2489149,328,15637.0,15999.0,48.489046372390305,-448.283473770216,-592.8438700501529,16733.70486194463,14596.695138055373,15665.2,17321.06,2.7498977411920023,0.03219354838709676,0.05757535695399252,0.033927879022877194,21450.0,8320.0,-0.2541258741258741,0.9229567307692308,1.0213083778055818,0.9236732624908637,6.250390649409354e-05,0
2022-03-14,16190.0,16450.0,16010.0,16283.0,29580713544,1816613,400,15889.0,16270.0,52.02950201009297,-363.6882312372545,-547.0127422875732,16572.95685824069,14690.543141759308,15631.75,17230.46,1.9008485324614701,0.04832474226804129,0.07748344370860938,0.016938558659916225,21450.0,8320.0,-0.2414918414918415,0.9555288461538461,1.0408303612839254,0.9442580174876353,-0.03552550706822377,0
2022-03-15,16320.0,16359.0,15900.0,16123.0,12207651701,757180,343,16283.0,15990.0,48.333112303280146,-315.601494423825,-500.73049271482364,16419.819274560017,14772.680725439981,15596.25,17134.5,0.7814323387059946,0.028692743180648517,0.02962009014810052,-0.017209588199139536,21450.0,8320.0,-0.2545454545454545,0.921875,1.0252464534743928,0.933204937406986,-0.02001250781738584,0
2022-03-16,16100.0,16100.0,15705.0,15873.0,8011985214,504759,255,16123.0,15735.0,45.184735798405036,-294.67198273895883,-459.5187907196507,16279.750858360672,14838.049141639327,15558.9,17033.42,0.5195062498909674,0.01339601983641403,0.016013430619228997,-0.015947467166979368,21450.0,8320.0,-0.2664335664335664,0.8912259615384616,1.0113182808553305,0.9237722078126414,-0.007308547823323797,0
2022-03-19,15735.0,15801.0,15607.0,15707.0,4039167385,257152,159,15873.0,15700.0,44.75382772172053,-277.7081546925383,-423.1566635142283,16168.756436016796,14888.843563983202,15528.8,16935.62,0.26957023825148346,0.014605144112705082,0.045272969374167804,-0.0022243406418811507,21450.0,8320.0,-0.2680652680652681,0.8870192307692307,1.0110246767296893,0.9270401674104639,-0.0041401273885350864,0
2022-03-26,15977.0,16000.0,15584.0,15897.0,12223980539,768972,151,15707.0,16000.0,49.22366895621799,-237.3210169958511,-385.9895342105529,16227.411796302518,14891.388203697481,15559.4,16847.56,0.8168142394282305,6.250390649409354e-05,0.032258064516129004,0.019108280254777066,21450.0,8320.0,-0.2540792540792541,0.9230769230769231,1.028317287298996,0.949692418368001,0.07499999999999996,1
2022-03-27,15990.0,15990.0,15510.0,15692.0,7522166352,479365,149,15897.0,15692.0,45.1819251528115,-227.54396020219974,-354.3004194088823,16212.37043913767,14975.62956086233,15594.0,16761.38,0.5272859318828611,-0.03552550706822377,0.011082474226804084,-0.01924999999999999,21450.0,8320.0,-0.26843822843822845,0.8860576923076923,1.0062844683852763,0.9361997639812473,0.1733367320927861,1
2022-03-28,15690.0,16050.0,15455.0,15817.0,12060045558,762487,209,15692.0,15670.0,44.8983411404612,-219.04576516213456,-327.2494885595328,16220.536511781678,14988.363488218323,15604.45,16692.78,0.8431952458238039,-0.02001250781738584,0.008106021616057557,-0.0014019882742798417,21450.0,8320.0,-0.26946386946386947,0.8834134615384616,1.004200724793248,0.9387291990908645,0.1933631142310146,1
2022-03-29,15750.0,15850.0,15550.0,15630.0,11943207745,764130,178,15817.0,15620.0,44.21904618644864,-213.87999109755583,-304.5755890671374,16206.564708234077,14985.635291765924,15596.1,16621.6,0.8374859376441068,-0.007308547823323797,0.005989566561473536,-0.0031908104658583403,21450.0,8320.0,-0.2717948717948718,0.8774038461538461,1.0015324343906489,0.9397410598257689,0.19718309859154926,1
2022-03-30,15770.0,15770.0,15500.0,15637.0,13141217281,840393,209,15630.0,15635.0,44.4903789845466,-206.19877220254602,-284.90022569421916,16212.031809643326,15002.068190356673,15607.05,16552.3,0.9079701787005859,-0.0041401273885350864,0.01040454956701553,0.0009603072983355165,21450.0,8320.0,-0.2710955710955711,0.8792067307692307,1.0017908573369088,0.944581719761,0.1646945954589063,1
2022-04-03,15760.0,17200.0,15638.0,16739.0,96977209028,5793327,832,15637.0,17200.0,64.10728274217391,-72.9875748095601,-242.51769551728736,16596.466747414106,14824.833252585893,15710.65,16518.82,4.9375696477204984,0.07499999999999996,0.07506719169948117,0.10009593859929655,21450.0,8320.0,-0.19813519813519814,1.0673076923076923,1.0947987511656105,1.0412366016458803,0.052790697674418574,1
2022-04-04,17478.0,18412.0,17478.0,18300.0,59955579710,3276193,768,16739.0,18412.0,72.27799327740601,128.89570035371435,-168.23501634308704,17311.47038377362,14441.02961622638,15876.25,16518.66,2.4884369693109334,0.1733367320927861,0.13165334972341736,0.0704651162790697,21450.0,8320.0,-0.14163170163170163,1.2129807692307693,1.1597197071096763,1.1146182559602291,0.0009776232891591796,0
2022-04-05,19194.0,19200.0,18474.0,18873.0,55305116828,2930397,956,18300.0,18700.0,73.80402182588045,308.571819637149,-72.87364914703983,17913.606979655262,14155.89302034474,16034.75,16531.46,2.1010356559107497,0.1933631142310146,0.1694809255784866,0.015641972626547984,21450.0,8320.0,-0.1282051282051282,1.2475961538461537,1.1662171221877484,1.1311765566985614,-0.03743315508021394,0
2022-04-06,18700.0,19300.0,18050.0,18852.0,27530302157,1460356,529,18873.0,18700.0,73.80402182588045,445.82721999155183,30.866524680678502,18383.452869562178,14007.347130437822,16195.4,16552.32,1.0174888073904074,0.19718309859154926,0.18843342866221802,0.0,21450.0,8320.0,-0.1282051282051282,1.2475961538461537,1.1546488509082826,1.129750995630824,-0.006684491978609652,0
2022-04-09,18700.0,18980.0,18172.0,18680.0,31660594423,1694909,430,18852.0,18210.0,66.57285869352583,509.1945311525087,126.53212597504455,18639.89977242871,14069.900227571286,16354.9,16553.12,1.142183964230673,0.1646945954589063,0.15987261146496823,-0.02620320855614977,21450.0,8320.0,-0.15104895104895105,1.1887019230769231,1.1134277800536843,1.1000947253448292,0.02976386600768799,0
2022-04-10,18400.0,18400.0,17987.0,18151.0,12160433480,669941,329,18680.0,18108.0,65.14206045466642,544.9017460945361,210.2060499989429,18856.31422180451,14114.285778195486,16485.3,16541.1,0.4810418877544994,0.052790697674418574,0.13175000000000003,-0.005601317957166341,21450.0,8320.0,-0.1558041958041958,1.1764423076923076,1.0984331495332205,1.0947276783285271,0.031422575657167995,0
2022-04-11,18108.0,18600.0,17725.0,18394.0,25538587299,1388403,381,18151.0,18430.0,67.51559975362733,592.3543874753886,286.63571749423204,19102.04224632051,14159.557753679488,16630.8,16539.9,0.9674736466956795,0.0009776232891591796,0.17448381340810615,0.01778219571460138,21450.0,8320.0,-0.1407925407925408,1.2151442307692308,1.1081848137191237,1.1142751769962334,0.009224091155724423,0
2022-04-12,18430.0,18699.0,17800.0,18030.0,10377790405,575596,258,18394.0,18000.0,61.493837847354584,588.4799112071123,347.0045562368081,19240.65322821994,14266.546771780057,16753.6,16538.2,0.40048265592258026,-0.03743315508021394,0.14869176770899806,-0.023331524688008698,21450.0,8320.0,-0.16083916083916083,1.1634615384615385,1.0743959507210392,1.0883893047610984,0.034777777777777796,0
2022-04-13,18000.0,18800.0,18000.0,18630.0,25715536145,1380350,290,18030.0,18575.0,65.87667080221445,624.6069749717681,402.5250399838002,19446.692976335242,14365.307023664758,16906.0,16548.72,0.9430414831674936,-0.006684491978609652,0.189180537772087,0.03194444444444455,21450.0,8320.0,-0.13403263403263405,1.2325721153846154,1.0987223470957057,1.1224433067935162,5.3835800807533474e-05,0
2022-04-16,18620.0,18880.0,18470.0,18673.0,20253704747,1084678,388,18630.0,18752.0,67.117410833723,659.9132844743108,454.0026888819024,19642.6585117922,14497.1414882078,17069.9,16570.7,0.7305618745653635,0.02976386600768799,0.19936040933802368,0.009528936742934091,21450.0,8320.0,-0.12578088578088578,1.2538461538461538,1.0985418778083058,1.1316359598568557,-0.010238907849829393,0
2022-04-17,18700.0,18870.0,18600.0,18758.0,17440839865,929758,246,18673.0,18677.0,66.02196594992338,674.071637680303,498.0164786415825,19818.098804650916,14589.501195349083,17203.8,16588.04,0.6609272115875484,0.031422575657167995,0.08587209302325571,-0.003999573378839605,21450.0,8320.0,-0.12927738927738927,1.2448317307692307,1.0856322440391077,1.125931695366059,0.0045510520961611345,0
2022-04-18,18700.0,18710.0,18540.0,18624.0,9474325990,508712,215,18758.0,18600.0,64.85168338270384,671.3401863439103,532.6812201820482,19965.247568478284,14675.352431521713,17320.3,16603.44,0.37925291696167357,0.009224091155724423,0.010210732131218814,-0.004122717781228302,21450.0,8320.0,-0.13286713286713286,1.2355769230769231,1.073884401540389,1.1202497795637532,0.016129032258064502,0
2022-04-19,18600.0,18899.0,18283.0,18683.0,40392288704,2161923,237,18624.0,18626.0,65.07678767386207,663.6236340280011,558.8697029512388,20081.414275623814,14822.785724376183,17452.1,16617.52,1.5315516002680807,0.034777777777777796,-0.003957219251336852,0.0013978494623656523,21450.0,8320.0,-0.13165501165501164,1.2387019230769232,1.0672641114822858,1.1208652073233552,0.03398475249651023,0
2022-04-20,18651.0,18720.0,18565.0,18612.0,6683734321,359111,165,18683.0,18576.0,64.22493545231717,646.0266356719148,576.3010894953741,20142.78188985761,15045.518110142391,17594.15,16640.24,0.2557210309293694,5.3835800807533474e-05,-0.006631016042780713,-0.00268441962847632,21450.0,8320.0,-0.13398601398601398,1.2326923076923078,1.0558054807990156,1.1163300529319287,0.04651162790697683,0
2022-04-24,18576.0,18710.0,18541.0,18562.0,45414878780,2446650,221,18612.0,18560.0,63.93651782848222,623.6013334194613,585.7611382801915,20162.58623086635,15311.713769133652,17737.15,16670.22,1.6162493087266727,-0.010238907849829393,0.019220208676551387,-0.0008613264427217437,21450.0,8320.0,-0.13473193473193473,1.2307692307692308,1.0463913311890578,1.1133626310870521,0.042025862068965525,0
2022-04-25,18650.0,18901.0,18560.0,18850.0,78435259715,4161007,367,18562.0,18762.0,66.01173334090375,615.0390443792821,591.6167195000096,20201.831172020255,15548.668827979744,17875.25,16699.1,2.4718105069650465,0.0045510520961611345,0.03611663353214056,0.010883620689655205,21450.0,8320.0,-0.12531468531468531,1.255048076923077,1.0496076977944364,1.1235336036073802,0.03240592687346755,0
2022-04-26,18780.0,19150.0,18780.0,18999.0,15942743528,839130,334,18850.0,18900.0,67.39221074519153,612.3302533149908,595.7594262630059,20172.65110201168,15898.648897988323,18035.65,16738.9,0.49320767517966596,0.016129032258064502,0.025501899077590817,0.007355292612727826,21450.0,8320.0,-0.11888111888111888,1.2716346153846154,1.0479245272557407,1.1291064526342829,0.02783068783068776,0
2022-04-27,18900.0,19401.0,18890.0,19077.0,152179630028,7976982,494,18999.0,19259.0,70.72354919237827,631.8680352068986,602.9811480517844,20117.209765497013,16312.990234502984,18215.1,16794.56,3.868382932269976,0.03398475249651023,0.06994444444444436,0.018994708994708898,21450.0,8320.0,-0.10214452214452215,1.314783653846154,1.057309594786743,1.1467403730731855,0.007477023729165477,0
2022-04-30,19300.0,19520.0,19280.0,19410.0,12075760763,622147,352,19077.0,19440.0,72.26219380534926,654.4133852907944,613.2675954995864,19963.42615723203,16848.77384276797,18406.1,16844.72,0.3027482044205247,0.04651162790697683,0.04656796769851956,0.00939820343735387,21450.0,8320.0,-0.0937062937062937,1.3365384615384615,1.0561715952863453,1.1540708305035643,-0.007870370370370416,0
2022-05-01,19600.0,19600.0,19312.0,19346.0,17072591655,882496,280,19410.0,19340.0,70.07108059039804,656.6422107378276,621.9425185472346,19553.965868349907,17628.73413165009,18591.35,16895.92,0.42899936041131237,0.042025862068965525,0.03135665529010234,-0.005144032921810648,21450.0,8320.0,-0.09836829836829837,1.3245192307692308,1.0402687271230977,1.1446550409803078,0.002895553257497463,0
2022-05-02,19390.0,19400.0,19340.0,19364.0,4313342192,222754,125,19346.0,19370.0,70.3614272940166,653.2985017776591,628.2137151933196,19483.194438927752,17916.505561072245,18699.85,16936.26,0.12524298600567596,0.03240592687346755,0.037104460031054165,0.0015511892450879028,21450.0,8320.0,-0.09696969696969697,1.328125,1.0358371858597797,1.143699966816759,0.0036138358286008643,0
2022-05-07,19370.0,19650.0,19370.0,19448.0,8244527783,423935,219,19364.0,19426.0,70.92837964066942,647.70102607636,632.1111773699276,19582.555883392077,17918.54411660792,18750.55,16986.0,0.25913503173286295,0.02783068783068776,0.04440860215053766,0.0028910686628806914,21450.0,8320.0,-0.09435897435897436,1.3348557692307692,1.0360229433269958,1.1436477098787237,-0.0008236384227324756,0
2022-05-08,19730.0,19730.0,19400.0,19433.0,8445376926,434593,180,19448.0,19403.0,70.333300453003,634.0995733066666,632.5088565572755,19664.289118985107,17907.110881014894,18785.7,17040.06,0.2875868064085775,0.007477023729165477,0.04171588102652213,-0.0011839802326778504,21450.0,8320.0,-0.09543123543123543,1.3320913461538462,1.0328601010342973,1.1386696995198373,0.015719218677524127,0
2022-05-09,19403.0,19403.0,19220.0,19284.0,5756207939,298491,198,19433.0,19287.0,67.26796607386741,606.96339722435,627.3997646906905,19719.07687459999,17911.02312540001,18815.05,17096.16,0.20541976299556602,-0.007870370370370416,0.03827519379844957,-0.005978456939648491,21450.0,8320.0,-0.10083916083916084,1.3181490384615384,1.025083643147374,1.1281480753572732,0.02623528801783581,0
2022-05-10,19415.0,19415.0,19370.0,19394.0,3992141536,205839,105,19284.0,19396.0,68.65057583479549,587.4810553111492,619.4160228147823,19767.368538440838,17981.33146155916,18874.35,17158.04,0.14930748380560105,0.002895553257497463,0.04504310344827589,0.005651475086846158,21450.0,8320.0,-0.09575757575757576,1.33125,1.0276380378662047,1.1304321472615753,0.0243349144153433,0
2022-05-11,19350.0,19460.0,19200.0,19344.0,12288085908,635255,222,19394.0,19440.0,69.21585705154786,569.0321429254655,609.339246836919,19793.166750597524,18088.733249402478,18940.95,17239.08,0.46136929552495276,0.0036138358286008643,0.036136872401662856,0.00226850897092179,21450.0,8320.0,-0.0937062937062937,1.3365384615384615,1.0263476752749994,1.127670386122693,0.021141975308641925,0
2022-05-14,19440.0,19480.0,19405.0,19462.0,33718152938,1732536,263,19344.0,19410.0,68.31141338972266,545.7000076611766,596.6113990017706,19831.648871330475,18148.251128669526,18989.95,17327.28,1.2427656135729135,-0.0008236384227324756,0.026984126984126888,-0.0015432098765432167,21450.0,8320.0,-0.0951048951048951,1.3329326923076923,1.0221195948383224,1.1201989002313115,0.028078310149407537,0
2022-05-15,19489.0,19800.0,19489.0,19702.0,159924105520,8117068,388,19462.0,19708.0,72.19771185930391,544.973120970797,586.2837433955759,19841.119749989495,18309.580250010502,19075.35,17412.22,4.582882819174831,0.015719218677524127,0.023313775377745483,0.015352910870685132,21450.0,8320.0,-0.08121212121212121,1.36875,1.0331658396831513,1.1318487820622527,0.03151004668155055,0
2022-05-16,19301.0,19860.0,19300.0,19736.0,7523021803,381179,223,19702.0,19793.0,73.20706002630945,544.973729735073,578.0217406634754,19926.504610868524,18345.995389131476,19136.25,17492.34,0.221459620144454,0.02623528801783581,0.018158436213991713,0.0043129693525472135,21450.0,8320.0,-0.07724941724941725,1.3789663461538462,1.0343196812332616,1.1315238555847873,0.02814126206234535,0
2022-05-17,19895.0,20032.0,19790.0,19827.0,3654158460,184299,131,19736.0,19868.0,74.1005268073165,544.746585835459,571.3667096978721,20022.47747425585,18361.622525744147,19192.05,17581.38,0.10995092600450455,0.0243349144153433,0.027300930713547,0.0037892184105492444,21450.0,8320.0,-0.07375291375291375,1.3879807692307693,1.0352203125773434,1.1300591876178092,0.05934165492248833,1
2022-05-18,19868.0,19900.0,19802.0,19851.0,20632881697,1039366,246,19827.0,19851.0,73.50221058096953,537.0045604345032,564.4942798451984,20093.13634248125,18408.36365751875,19250.75,17675.84,0.6180545196744922,0.021141975308641925,0.02483221476510078,-0.0008556472719951635,21450.0,8320.0,-0.07454545454545454,1.3859375,1.0311806033531161,1.1230583666745115,0.057931590348093254,1
2022-05-21,20330.0,20330.0,19838.0,19871.0,14085274358,708820,156,19851.0,19955.0,74.8405893845738,533.1154572236737,558.2185153208935,20158.59106649156,18478.40893350844,19318.5,17772.94,0.4190038293611309,0.028078310149407537,0.027231545351590558,0.0052390307793057644,21450.0,8320.0,-0.0696969696969697,1.3984375,1.032947692626239,1.1227742849522928,0.0758707090954649,1
2022-05-22,19955.0,20329.0,19805.0,19891.0,7454206534,374753,149,19871.0,20329.0,78.95685189490058,553.8278070474007,557.340373666195,20289.68708161618,18517.612918383824,19403.65,17868.92,0.2338814165492666,0.03151004668155055,0.047724578673401075,0.018742169882234982,21450.0,8320.0,-0.05226107226107226,1.443389423076923,1.0476894811027821,1.137673681453608,0.0563726695853215,1
2022-05-23,19901.0,20480.0,19900.0,20296.0,16589431396,817389,273,19891.0,20350.0,79.1629956857125,565.4192172278381,558.9561423785236,20384.373379737826,18600.32662026217,19492.35,17966.18,0.5029360533183381,0.02814126206234535,0.05511484419557222,0.0010330070342861042,21450.0,8320.0,-0.05128205128205128,1.4459134615384615,1.0439993125508213,1.1326837424538772,0.05896805896805901,1
2022-05-24,20194.0,21269.0,20194.0,20847.0,31204816895,1496831,441,20296.0,21047.0,84.56692979324421,623.6584221586381,571.8965983345465,20638.162696332503,18595.237303667498,19616.7,18086.72,0.9487163154213597,0.05934165492248833,0.08512064343163539,0.034250614250614264,21450.0,8320.0,-0.018787878787878787,1.5296875,1.0729123654845105,1.163671467242264,0.023043664180168122,0
2022-05-25,21195.0,21287.0,20950.0,21031.0,25620604360,1218214,291,20847.0,21001.0,83.03636115842369,658.5106947151507,589.2194176106674,20837.888346794254,18619.41165320575,19728.65,18196.74,0.8515383206888475,0.057931590348093254,0.08029835390946505,-0.002185584643892291,21450.0,8320.0,-0.02093240093240093,1.5241586538461538,1.0644925020211722,1.1541078237090818,0.025665444502642742,0
2022-05-28,21400.0,21573.0,21101.0,21394.0,54988516679,2570273,438,21031.0,21469.0,85.84359143126467,715.6455442142396,614.5046429313818,21134.927672262114,18579.272327737883,19857.1,18315.72,1.6941333187446816,0.0758707090954649,0.10607934054611023,0.022284653111756647,21469.0,8320.0,0.0,1.580408653846154,1.0811749953417167,1.1721624921106022,0.004098933345754396,0
2022-05-29,21470.0,21884.0,21150.0,21515.0,81064507695,3767755,576,21394.0,21475.0,85.87586232874675,752.7324428905667,642.1502029232188,21394.68392197235,18541.11607802765,19967.9,18434.34,2.883413185271765,0.0563726695853215,0.08965902171706919,0.0002794727281196785,21475.0,8320.0,0.0,1.5811298076923077,1.0754761392034213,1.1649454225103801,-0.006752037252619303,0
2022-05-30,21500.0,21640.0,21472.0,21518.0,23410229493,1087923,294,21515.0,21550.0,86.29638348367826,779.1938883732691,669.558940013229,21634.1894669041,18512.610533095904,20073.4,18554.8,0.8179943216800116,0.05896805896805901,0.08876875663113215,0.0034924330616996624,21550.0,8320.0,0.0,1.5901442307692308,1.073560034672751,1.1614245370470175,-0.03990719257540598,0
2022-05-31,21560.0,21898.0,21504.0,21566.0,7629107061,353754,185,21518.0,21532.0,85.6373837749831,789.610190237232,693.5691900580297,21827.97501500745,18538.02498499255,20183.0,18675.96,0.2713771114578647,0.023043664180168122,0.08375276827058586,-0.0008352668213457148,21550.0,8320.0,-0.0008352668213457077,1.5879807692307693,1.06683842838032,1.1529260075519545,-0.01755526657997397,0
2022-06-01,21897.0,21897.0,21509.0,21557.0,8551650774,396702,165,21566.0,21540.0,85.68968885476178,789.4108804128446,712.7375281289926,21992.95520070284,18590.04479929716,20291.5,18786.78,0.30230701305678515,0.025665444502642742,0.08508387486776492,0.00037154003343853326,21550.0,8320.0,-0.0004640371229698376,1.5889423076923077,1.0615282261045265,1.1465509257041389,-0.00603528319405755,0
2022-06-06,21600.0,21780.0,21487.0,21516.0,18503799395,859996,210,21557.0,21557.0,85.80796538950412,781.6147159588327,726.5129656949606,22135.86995327442,18660.230046725577,20398.05,18892.52,0.64464963054658,0.004098933345754396,0.08028063142069652,0.0007892293407614215,21557.0,8320.0,0.0,1.590985576923077,1.0568167055184197,1.1410335942478822,-0.0077469035580089995,0
2022-06-07,19833.0,21600.0,19833.0,21467.0,15517218859,722825,177,21516.0,21330.0,76.69277794999161,748.4910575864997,730.9085840732685,22214.44830164699,18774.351698353013,20494.4,18999.32,0.536036054074586,-0.006752037252619303,0.04924000196763245,-0.010530222201605044,21557.0,8320.0,-0.010530222201605047,1.5637019230769231,1.0407721133577952,1.1226717587787352,0.005907172995780696,0
2022-06-08,20100.0,21340.0,20100.0,20777.0,18731727418,901549,383,21467.0,20690.0,57.9892253084156,662.9555297154511,717.3179732017051,22193.958171698752,18935.141828301246,20564.55,19098.42,0.6539520822436236,-0.03990719257540598,0.01670761670761678,-0.030004688232536325,21557.0,8320.0,-0.04021895439996289,1.4867788461538463,1.0061003036779312,1.083335689549188,0.03914934751087484,0
2022-06-11,20652.0,21210.0,20644.0,20998.0,20674628776,984585,213,20777.0,21154.0,64.70902053873212,625.3997112442266,698.9343208102094,22208.23076540323,19096.66923459677,20652.45,19207.5,0.6945663289204725,-0.01755526657997397,0.00508385993253202,0.022426292895118438,21557.0,8320.0,-0.018694623556153454,1.5425480769230768,1.0242852542918637,1.1013406221528048,0.01588352084712108,0
2022-06-12,21479.0,21479.0,21216.0,21336.0,23593566402,1105813,335,20998.0,21410.0,67.7719438861422,609.2702271286616,681.0015020738999,22235.003297559975,19266.896702440026,20750.95,19315.7,0.7673493830848568,-0.00603528319405755,0.019475263082710415,0.012101730169235214,21557.0,8320.0,-0.006819130676810317,1.5733173076923077,1.0317599917112228,1.1084247529211988,0.0036898645492760007,0
2022-06-13,21449.0,21454.0,21017.0,21324.0,41774126958,1959034,312,21336.0,21390.0,67.28065454937227,588.0944748771071,662.4200966345414,22222.996900145296,19476.903099854706,20849.95,19429.66,1.3488194488815253,-0.0077469035580089995,-0.0036797242535748786,-0.0009341429238673982,21557.0,8320.0,-0.0077469035580089995,1.5709134615384615,1.0259017407715605,1.1008941998985058,-0.0031790556334735376,0
2022-06-14,21290.0,21503.0,21290.0,21449.0,8410187099,392106,151,21324.0,21456.0,68.10241239214776,570.066811718465,643.9494396513262,22228.60989250754,19646.09010749246,20937.35,19545.38,0.3677746541015532,0.005907172995780696,-0.0008847497089639056,0.003085553997195012,21557.0,8320.0,-0.004685253050053347,1.5788461538461538,1.0247715207511936,1.0977530239882776,-0.01659209545115581,0
2022-06-15,21640.0,21640.0,21443.0,21469.0,8980633352,418301,165,21449.0,21500.0,68.66738746021323,552.9560578281489,625.7507632866908,22222.54217295383,19822.857827046173,21022.7,19662.98,0.391662322155956,0.03914934751087484,-0.002320185614849146,0.0020507084265473097,21557.0,8320.0,-0.0026441527114162452,1.5841346153846154,1.022704029453876,1.0934253098970756,-0.013116279069767423,0
2022-06-18,20214.0,21520.0,20214.0,21444.0,7172381733,334463,121,21469.0,21490.0,68.37098942806541,532.4509821838474,607.0908070661221,22194.817800037443,20012.782199962556,21103.8,19780.08,0.3109771937846773,0.01588352084712108,-0.0019505851755526882,-0.00046511627906975495,21557.0,8320.0,-0.0031080391520155867,1.5829326923076923,1.0183000217970224,1.086446566444625,-0.023033969288040912,0
2022-06-19,21649.0,21650.0,21488.0,21527.0,7233601626,336028,143,21444.0,21489.0,68.33922218643512,510.2381624376394,587.7202781404255,22123.3905886264,20248.0094113736,21185.7,19865.86,0.322993376207772,0.0036898645492760007,-0.0023676880222841534,-4.653327128900653e-05,21557.0,8347.0,-0.0031544277960755206,1.5744578890619385,1.0143162604964668,1.0817049954041758,-0.013495276653171406,0
2022-06-20,21598.0,21598.0,21322.0,21493.0,6006264894,279449,117,21527.0,21322.0,63.06904685567811,473.6983388480148,564.9158902819435,22003.29481312753,20504.80518687247,21254.05,19924.06,0.2742688432178186,-0.0031790556334735376,-0.010901331354084554,-0.00777141793475733,21557.0,8347.0,-0.01090133135408452,1.554450700850605,1.0031970377410424,1.0701634104695528,-0.014210674420786051,0
2022-06-21,20973.0,21420.0,20900.0,21066.0,4024642587,191045,159,21493.0,21100.0,56.79840029181742,421.96259855588505,536.3252319367318,21916.319616493256,20668.88038350674,21292.6,19972.06,0.18920933830212733,-0.01659209545115581,-0.010782934833567737,-0.010411781258793718,21557.0,8347.0,-0.021199610335389897,1.5278543189169762,0.9909546039469112,1.0564758968278685,-0.019905213270142164,0
2022-06-22,21000.0,21300.0,21000.0,21177.0,4766666861,225090,92,21066.0,21218.0,59.124725637227606,386.0333137280759,506.26684829500067,21788.66543936829,20883.33456063171,21336.0,20022.42,0.22966333185999444,-0.013116279069767423,0.02551957467375554,0.005592417061611288,21557.0,8347.0,-0.01572575033631767,1.5419911345393555,0.9944694413198351,1.0597120627776264,-0.016825336978037564,0
2022-06-25,21004.0,21199.0,20980.0,20999.0,9503169434,452553,86,21177.0,20995.0,53.285112826799065,335.6951753162284,472.15251369924624,21793.21622415753,20873.58377584247,21333.4,20078.12,0.48773167100795806,-0.023033969288040912,-0.00751630897229838,-0.010509944386841386,21557.0,8347.0,-0.02607041796168298,1.5152749490835031,0.9841375495701575,1.0456656300490286,0.022957847106453988,0
2022-06-26,21180.0,21219.0,21177.0,21182.0,4090499244,193113,78,20999.0,21199.0,57.42752927404423,308.70438111530893,439.4628871824588,21782.109343563334,20904.490656436665,21343.3,20139.94,0.22029325549325743,-0.013495276653171406,-0.009855207846800607,0.009716599190283448,21557.0,8347.0,-0.016607134573456417,1.539714867617108,0.9932390961097862,1.0525850623189543,4.7172036416798235e-05,0
2022-06-27,20450.0,21365.0,20450.0,20994.0,3860640477,183890,85,21182.0,21019.0,52.964683720017696,269.6807744779471,405.5064646415565,21777.31137992222,20864.28862007778,21320.8,20191.72,0.24282360447733506,-0.014210674420786051,-0.01734455352968678,-0.008490966555026236,21557.0,8347.0,-0.02495709050424456,1.5181502336168684,0.9858448088251849,1.0409712496013217,0.008611256482230267,0
2022-06-28,20819.0,20998.0,20600.0,20685.0,6489024598,313701,125,20994.0,20680.0,45.75319356175752,208.990703471718,366.2033124075888,21809.681998651708,20752.41800134829,21281.05,20245.32,0.5366116087007096,-0.019905213270142164,-0.03616703952274425,-0.016128264903182865,21557.0,8347.0,-0.04068284084056223,1.4775368395830837,0.9717565627635855,1.0214706411160703,0.02562862669245658,0
2022-06-29,20709.0,20965.0,20709.0,20830.0,4170579725,200224,62,20685.0,20861.0,49.691786410844486,173.49858854123522,327.66236763431806,21790.223178312426,20702.97682168757,21246.6,20291.04,0.37064032659087587,-0.016825336978037564,-0.029720930232558174,0.008752417794970935,21557.0,8347.0,-0.03228649626571415,1.4992212771055469,0.9818512138412735,1.02808924530236,0.02775514117252298,0
2022-07-02,21460.0,21688.0,21288.0,21392.0,18680619839,873270,205,20830.0,21477.0,60.26538352158827,192.85378523625332,300.7006511547051,21782.201288656863,20705.498711343134,21243.85,20345.54,1.5423706855784447,0.022957847106453988,-0.0006049325267566408,0.02952878577249418,21557.0,8347.0,-0.0037110915247947304,1.5730202467952559,1.0109749409829198,1.055612188224053,0.02295478884387947,0
2022-07-03,21588.0,21588.0,21102.0,21209.0,6487422071,305881,109,21392.0,21200.0,54.698140670090226,183.7234831000278,277.3052175437697,21747.91593632525,20705.784063674746,21226.85,20396.0,0.5446154854180338,4.7172036416798235e-05,-0.013448741216436355,-0.01289751827536434,21557.0,8347.0,-0.016560745929396485,1.5398346711393316,0.9987350925832142,1.039419494018435,0.07490566037735857,1
2022-07-04,21200.0,21250.0,21192.0,21199.0,5803718549,273768,66,21209.0,21200.0,54.698140670090226,174.47639757335492,256.73945354968674,21707.5775767105,20710.4224232895,21209.0,20448.0,0.5142782431494188,0.008611256482230267,-0.0057217897007785234,0.0,21557.0,8347.0,-0.016560745929396485,1.5398346711393316,0.9995756518459145,1.0367762128325508,0.08962264150943389,1
2022-07-05,21200.0,21250.0,21198.0,21212.0,4099050036,193241,80,21199.0,21210.0,54.87268323383823,166.04091577811778,238.59974599537298,21698.48723495012,20707.51276504988,21203.0,20499.68,0.382008527341421,0.02562862669245658,0.005213270142180093,0.0004716981132075748,21557.0,8600.0,-0.016096859488797143,1.466279069767442,1.0003301419610433,1.0346502969802456,0.08981612446958986,1
2022-07-06,21200.0,21440.0,21197.0,21297.0,7907190358,371287,85,21212.0,21440.0,58.80412274841053,175.8872942487651,226.05725564605143,21686.013860613235,20794.986139386765,21240.5,20556.96,0.774576236888018,0.02775514117252298,0.010462814591384761,0.010843941537010737,21557.0,8663.0,-0.005427471355012293,1.4748932240563315,1.00939243426473,1.0429557677788934,0.0797108208955224,1
2022-07-09,21470.0,22014.0,21449.0,21730.0,21535626335,991068,252,21297.0,21970.0,66.127231696938,223.8764820049837,225.6211009178379,21826.058331738484,20736.541668261514,21281.3,20625.16,2.0661616280069737,0.02295478884387947,0.04643962848297223,0.02472014925373145,21970.0,8663.0,0.0,1.5360729539420523,1.0323617448182207,1.065203857812497,0.05575785161583968,1
2022-07-11,22022.0,23300.0,22020.0,22911.0,72786296140,3176894,841,21730.0,22788.0,73.85278090777538,324.1771107939858,245.3323028930675,22203.715694055172,20496.68430594483,21350.2,20705.68,5.447159503878723,0.07490566037735857,0.07495636586631438,0.03723258989531186,22788.0,8663.0,0.0,1.6304975181807688,1.0673436314413915,1.1005675737285614,0.019088994207477672,0
2022-07-12,23000.0,23250.0,22921.0,23064.0,45178560260,1958830,673,22911.0,23100.0,76.09252479304024,423.9547873575175,281.05679978595754,22580.816256106104,20290.583743893898,21435.7,20789.68,3.3587038358903594,0.08962264150943389,0.09900566154431711,0.013691416535018375,23100.0,8799.0,0.0,1.6252983293556087,1.0776415045928054,1.1111282136136775,0.02190476190476187,0
2022-07-13,23100.0,23120.0,23001.0,23095.0,12652899149,547872,241,23064.0,23115.0,76.19808642023425,498.4933682849878,324.5441134857636,22877.949713087015,20159.350286912988,21518.65,20866.8,0.927027890430837,0.08981612446958986,0.11774661508704054,0.0006493506493505663,23115.0,8799.0,0.0,1.6270030685305148,1.074184486480332,1.1077405256196446,0.021371403850313664,0
2022-07-16,23180.0,23180.0,23066.0,23085.0,17495615819,757869,216,23095.0,23149.0,76.45189174374268,553.9239559827474,370.42008198516044,23134.736971384824,20067.463028615173,21601.1,20940.98,1.2465426312319812,0.0797108208955224,0.10967834715497826,0.0014709063378759435,23149.0,8799.0,0.0,1.6308671439936357,1.0716583877672896,1.105440146545195,-0.006177372672685699,0
2022-07-17,23116.0,23203.0,23113.0,23170.0,19630028077,847230,270,23085.0,23195.0,76.81214917563501,594.709471062386,415.2779598006056,23368.196280133354,20004.503719866643,21686.35,21018.08,1.3371365883533561,0.05575785161583968,0.07999255016994922,0.0019871268737310377,23195.0,8799.0,0.0,1.6360950107966814,1.0695668012367228,1.1035736851320386,0.001077818495365479,0
2022-07-19,23200.0,23226.0,23170.0,23208.0,13138055781,566106,169,23170.0,23223.0,77.0423827307018,622.1202367679434,456.64641519407314,23579.42996833401,19966.670031665988,21773.05,21095.14,0.8775217535430088,0.019088994207477672,0.09542452830188686,0.0012071567148093099,23223.0,9091.0,0.0,1.5545044549554505,1.0665937937036842,1.100869678987672,-0.01911897687637254,0
2022-07-20,23024.0,23842.0,23024.0,23454.0,36314725759,1548316,465,23208.0,23606.0,79.97176604600864,667.0589251495876,498.7289171851761,23847.37600360241,19927.12399639759,21887.25,21178.74,2.1851512301527714,0.02190476190476187,0.11349056603773588,0.016492270593807756,23606.0,9240.0,0.0,1.5547619047619048,1.0785274531976379,1.1146083289185287,-0.027577734474286242,0
2022-07-23,23900.0,23900.0,23577.0,23648.0,17605713032,744486,306,23454.0,23609.0,79.99330040791173,694.9048043642724,537.9640946209954,24073.785937072575,19951.614062927427,22012.7,21262.86,1.0112077749146349,0.021371403850313664,0.11310702498821312,0.00012708633398283986,23609.0,9240.0,0.0,1.55508658008658,1.0725172286907103,1.1103398131765905,-0.028379008005421702,0
2022-07-24,23660.0,23660.0,23001.0,23148.0,18346794214,792593,259,23648.0,23006.0,64.89067687592089,660.6996692263237,562.5112095420611,24172.6374085001,20031.562591499896,22102.1,21337.24,1.0365982849286748,-0.006177372672685699,0.07304104477611939,-0.025541107204879454,23609.0,9240.0,-0.025541107204879496,1.4898268398268397,1.0408965663896192,1.0782088030129482,-0.004433626010605929,0
2022-07-25,22800.0,23225.0,22690.0,22789.0,44080410086,1934294,233,23148.0,23220.0,67.25356902366197,643.4426582866072,578.6974992909704,24273.064764232728,20153.63523576727,22213.35,21413.72,2.306309438579491,0.001077818495365479,0.05689576695493859,0.009301921237937938,23609.0,9240.0,-0.016476767334491084,1.5129870129870129,1.0453173429491724,1.0843515278989357,-0.01279069767441865,0
2022-07-26,23189.0,23233.0,22777.0,22955.0,6893000072,300281,171,22789.0,22779.0,58.513987525342195,587.410041074163,580.440007647609,24311.179291940818,20273.52070805918,22292.35,21480.5,0.35575997086919864,-0.01911897687637254,-0.0003949447077409296,-0.018992248062015493,23609.0,9240.0,-0.03515608454402982,1.4652597402597403,1.0218303588450748,1.0604501757407883,0.002019403836867273,0
2022-07-27,23454.0,23454.0,22761.0,22778.0,30792107095,1351815,128,22955.0,22955.0,60.708474237146795,550.8555969211193,574.5231255023111,24338.951966866956,20439.348033133047,22389.15,21551.4,1.4979367861733923,-0.027577734474286242,-0.006277056277056325,0.007726414680187865,23609.0,9240.0,-0.027701300351560845,1.4843073593073592,1.0252734025186305,1.0651280195254136,-0.004356349379220248,0
2022-07-30,23400.0,23400.0,22800.0,22989.0,1596112184,69430,93,22778.0,22939.0,60.3957012139197,514.6621652123649,562.5509334443219,24298.464428505034,20705.735571494963,22502.1,21616.02,0.07799040200216178,-0.028379008005421702,-0.0076141033960631654,-0.0006970159006752796,23609.0,9240.0,-0.02837900800542166,1.4825757575757577,1.0194159656209865,1.0612036813437442,-0.020227560050568916,0
2022-07-31,23000.0,23000.0,22797.0,22854.0,6013237775,263113,90,22989.0,22904.0,59.67146635376909,477.64836925579584,545.5704206066167,24240.969142063845,20967.530857936155,22604.25,21678.24,0.2945133672911773,-0.004433626010605929,-0.010583610523132725,-0.0015257857796765473,23609.0,9250.0,-0.029861493498242197,1.4761081081081082,1.013260780605417,1.0565433356213418,-0.02353300733496333,0
2022-08-01,22901.0,23149.0,22893.0,22965.0,14309386578,623087,168,22854.0,22923.0,59.952217867724286,444.72133972565643,525.4006044304247,24233.509276923513,21119.590723076486,22676.55,21739.34,0.7073516439173613,-0.01279069767441865,-0.011726665229575328,0.0008295494236814083,23609.0,9250.0,-0.029056715659282476,1.4781621621621621,1.0108680553258764,1.0544478351228694,0.0033590716747371463,0
2022-08-02,23000.0,23000.0,22806.0,22828.0,8117190430,355583,113,22965.0,22825.0,57.720214873399414,406.0380961937699,501.52810278309374,24159.970973882348,21355.62902611765,22757.8,21798.82,0.402535483484247,0.002019403836867273,-0.017138181974766353,-0.004275182131483701,23609.0,9295.0,-0.03320767503917997,1.455621301775148,1.0029528337537021,1.0470750251619125,-0.006790799561883887,0
2022-08-03,23190.0,23190.0,22806.0,22824.0,6588663930,288678,91,22828.0,22855.0,58.23284517464578,373.4966592819619,475.9218140828674,24046.88104494502,21634.218955054977,22840.55,21856.82,0.3265205386268906,-0.004356349379220248,-0.03181394560704909,0.00131434830230015,23609.0,9295.0,-0.03193697318819094,1.4588488434642282,1.0006326467620088,1.0456690406015148,-0.01680157514767011,0
2022-08-06,22812.0,22853.0,22456.0,22683.0,10019946517,441730,150,22824.0,22475.0,49.96839562776409,313.43146900311694,443.4237450669173,23870.350071128305,21937.249928871694,22903.8,21899.74,0.49271182911054323,-0.020227560050568916,-0.048032529967385273,-0.016626558739881836,23609.0,9295.0,-0.04803252996738532,1.4179666487358795,0.9812782158419128,1.026267891764925,-0.017931034482758568,0
2022-08-09,22266.0,22500.0,22131.0,22320.0,9441609279,423009,167,22683.0,22365.0,47.851332860974004,254.02504962221792,405.54400597797746,23695.155220756187,22204.94477924381,22950.05,21940.04,0.470473050030797,-0.02353300733496333,-0.02786229679214114,-0.004894327030033341,23609.0,9295.0,-0.052691770087678426,1.4061323292092522,0.9745076808111529,1.0193691533834943,-0.002906326849988816,0
2022-08-10,22171.0,23300.0,22103.0,22453.0,16494820095,734652,168,22320.0,23000.0,58.72331763736148,255.24195694917944,375.4835961722179,23595.664626985494,22407.435373014505,23001.55,21979.1,0.8289038370363584,0.0033590716747371463,-0.009474590869939736,0.02839257768835224,23609.0,9295.0,-0.025795247575077302,1.4744486282947822,0.999932613236934,1.0464486716926535,-0.049869565217391276,0
2022-08-13,23100.0,23100.0,22546.0,22962.0,28989292959,1262466,179,22453.0,22670.0,52.58749237984447,226.96184779567193,345.77924649690874,23600.37912117585,22390.920878824152,22995.65,22012.48,1.5969019899515793,-0.006790799561883887,-0.0047851090917072625,-0.014347826086956506,23609.0,9297.0,-0.039772967935956624,1.4384209960202217,0.9858386260010045,1.0298703281047843,-0.04984561093956774,0
2022-08-14,22579.0,22579.0,22252.0,22456.0,8008733551,356644,143,22962.0,22471.0,49.24587963641076,186.3439634412607,313.89218988577915,23608.105769502123,22320.29423049788,22964.2,22032.52,0.5019883520978653,-0.01680157514767011,-0.02108473099542585,-0.008778120864578742,23609.0,9309.0,-0.04820195688085052,1.4139005263723279,0.9785230924656639,1.0199014910686566,-0.03942859685817279,0
2022-08-15,22472.0,22518.0,22000.0,22237.0,5023414612,225906,138,22456.0,22072.0,43.30421266702708,120.56819691354758,275.2273912913328,23659.30644192481,22164.793558075187,22912.05,22044.46,0.3253421402364522,-0.017931034482758568,-0.03779589345655865,-0.01775621912687464,23609.0,9314.0,-0.06510229149900462,1.3697659437406056,0.9633358865749683,1.0012492934732808,-0.016853932584269704,0
2022-08-16,21633.0,22673.0,21620.0,22260.0,6205410255,278764,148,22237.0,22300.0,47.22281559614892,85.84851434153825,237.35161590137392,23653.74039559134,22085.459604408657,22869.6,22059.46,0.41581174719945274,-0.002906326849988816,-0.026370939573873597,0.010329829648423328,23609.0,9314.0,-0.055444957431487994,1.3942452222460813,0.9750935740021689,1.0109041653784816,-0.04587443946188341,0
2022-08-17,21411.0,22195.0,21411.0,21963.0,9770903453,444890,166,22260.0,21853.0,41.20924413390408,22.010033530514193,194.283299427202,23687.025070305055,21917.974929694945,22802.5,22065.88,0.684138659831585,-0.049869565217391276,-0.046678008986607344,-0.0200448430493273,23609.0,9314.0,-0.07437841501122454,1.3462529525445566,0.9583598289661222,0.9903525261625641,-0.051800668100489666,0
2022-08-20,21900.0,21922.0,21516.0,21616.0,8994431865,416107,186,21963.0,21540.0,37.598682800679676,-53.22535780040562,144.78156798168047,23736.91610487399,21699.783895126006,22718.35,22065.88,0.647342951579064,-0.04984561093956774,-0.05629791894852132,-0.014322976250400354,23609.0,9314.0,-0.08763607098987675,1.3126476272278291,0.9481322367161348,0.9761677304508136,-0.02739090064995353,0
2022-08-21,21750.0,22000.0,21433.0,21889.0,31422688431,1435531,261,21616.0,21585.0,38.43385285448816,-107.97416459471424,94.23042146640154,23664.173650446035,21570.426349553964,22617.3,22066.44,2.25303987056797,-0.03942859685817279,-0.055567709472763016,0.002089136490250665,23609.0,9314.0,-0.0857300182133932,1.3174790637749625,0.9543579472350812,0.9781822532316042,-0.03724808895066023,0
2022-08-22,21500.0,21993.0,21500.0,21717.0,9233615533,425181,225,21889.0,21700.0,40.62102935568845,-140.46426490826343,47.291484191468555,23537.27883059239,21506.421169407608,22521.85,22073.84,0.684464615123577,-0.016853932584269704,-0.03448275862068961,0.005327773917072065,23609.0,9314.0,-0.08085899445126858,1.3298260682843033,0.9635087703718833,0.9830641157134418,-0.06405529953917055,0
2022-08-23,21800.0,21879.0,21212.0,21614.0,7945699451,367618,258,21717.0,21277.0,35.60985745451298,-198.06232908658785,-1.7792784641427275,23559.789327589988,21311.010672410015,22435.4,22085.58,0.6127590148964325,-0.04587443946188341,-0.04864744019673595,-0.019493087557603705,23609.0,9314.0,-0.09877589055021391,1.2844105647412498,0.9483673123724113,0.9633887812771953,-0.0365183061521831,0
2022-08-24,21299.0,21300.0,20721.0,20928.0,9240491401,441528,302,21614.0,20721.0,30.31592591159854,-285.2851733392781,-58.480457439169804,23601.385858204543,21019.51414179546,22310.45,22076.92,0.8405243739942069,-0.051800668100489666,-0.09908695652173916,-0.02613150350143345,23609.0,9314.0,-0.12232623152187724,1.2247154820700021,0.9287576001380519,0.9385820123459251,-0.03479561797210562,0
2022-08-27,21150.0,21150.0,20853.0,20953.0,5237949521,249982,133,20928.0,20950.0,34.62668700690642,-332.10324022284476,-113.20501399590479,23618.75712178875,20819.24287821125,22219.0,22067.72,0.47817298751668225,-0.02739090064995353,-0.07587119541243936,0.011051590174219417,23609.0,9314.0,-0.11262654072599432,1.2493021258320807,0.9428867185741933,0.9493504539662456,-0.043389021479713574,0
2022-08-28,20862.0,20998.0,20500.0,20691.0,4529085095,218891,117,20953.0,20781.0,33.00404221404979,-378.4808910265165,-166.26018940202715,23599.355687339583,20621.244312660416,22110.3,22055.54,0.46958260349101505,-0.03724808895066023,-0.07520804592585995,-0.008066825775656317,23609.0,9314.0,-0.11978482781989919,1.23115739746618,0.9398786990678553,0.9422122514343335,-0.05187430826235506,0
2022-08-29,20690.0,20690.0,20310.0,20399.0,4302732424,210931,128,20691.0,20310.0,28.93448497380038,-448.0761343510276,-222.62337839182726,23609.50560741635,20348.194392583646,21978.85,22032.62,0.44574073219008165,-0.06405529953917055,-0.07982964842334184,-0.022664934314999274,23609.0,9314.0,-0.13973484688042695,1.1805883616061843,0.9240701856557555,0.9218150179143471,-0.03323485967503692,0
2022-08-30,20310.0,20579.0,20000.0,20287.0,7419883038,365753,132,20399.0,20500.0,32.54770284230703,-482.3393462508502,-274.5665719636319,23552.00894304735,20165.291056952654,21858.65,22012.62,0.7646192911812576,-0.0365183061521831,-0.08071748878923768,0.009354997538158605,23609.0,9314.0,-0.13168706849082976,1.2009877603607473,0.937843828415753,0.931283963471863,-0.049756097560975654,0
2022-08-31,20244.0,20498.0,19810.0,20233.0,5293695135,261641,98,20287.0,20000.0,28.448530595904188,-543.5730382378788,-328.36786521848126,23514.269408109285,19910.730591890715,21712.5,21982.82,0.5684458776479457,-0.03479561797210562,-0.08479384981467075,-0.024390243902439046,23609.0,9314.0,-0.15286543267398026,1.1473051320592655,0.9211283822682786,0.9098013812604571,-0.020000000000000018,0
2022-09-03,20360.0,20420.0,20000.0,20138.0,2579654145,128096,88,20233.0,20041.0,29.23555727050386,-582.0829332335525,-379.1108788214955,23438.807341180545,19707.792658819453,21573.3,21953.86,0.2853553765549959,-0.043389021479713574,-0.06959145775301767,0.0020500000000001073,23609.0,9314.0,-0.1511288068109619,1.1517071075799872,0.9289723871637626,0.9128690808814486,-0.021006935781647584,0
2022-09-04,19810.0,20277.0,19661.0,19819.0,4859286173,245179,131,20138.0,19703.0,26.63459245180246,-632.5840426092691,-429.80551157905023,23352.66154840476,19478.73845159524,21415.7,21921.48,0.5488365939713016,-0.05187430826235506,-0.08719017836460508,-0.016865425876952278,23609.0,9314.0,-0.16544538099877165,1.1154176508481854,0.9200259622613316,0.8987988037304051,-0.022991422625996072,0
2022-09-05,19756.0,19820.0,19501.0,19636.0,2683510697,136666,75,19819.0,19635.0,26.130912604610586,-670.3660053097956,-477.91761032519935,23293.828520663625,19253.571479336377,21273.7,21892.18,0.3167437960886199,-0.03323485967503692,-0.0951612903225807,-0.00345125107851596,23609.0,9314.0,-0.16832563852768012,1.108116813399184,0.9229706163008785,0.8968956038183498,-0.03738222561751969,0
2022-09-06,19701.0,19710.0,19300.0,19491.0,5947719836,305157,137,19636.0,19480.0,24.971697444928253,-704.6924318665042,-523.2725746334603,23227.775949417453,19031.124050582548,21129.45,21857.42,0.7170393568387925,-0.049756097560975654,-0.08445739530948915,-0.007894066717596182,23609.0,9314.0,-0.17489093142445677,1.0914751986257247,0.9219359708842397,0.891230529495247,-0.07340862422997951,0
2022-09-07,19220.0,19987.0,19220.0,19447.0,4392323982,225856,113,19491.0,19600.0,27.647756588617654,-713.9830232500608,-561.4146643567803,22973.25828034813,18945.64171965187,20959.45,21829.52,0.564443362043748,-0.020000000000000018,-0.05409970561266353,0.006160164271047153,23609.0,9314.0,-0.16980812402050066,1.1043590294180803,0.9351390422935716,0.8978667419164508,-0.074234693877551,0
2022-09-10,19860.0,19860.0,19601.0,19675.0,5594128600,284326,94,19447.0,19620.0,28.10799684630952,-711.5299763482872,-591.4377267550817,22739.830697300986,18874.069302699016,20806.95,21797.94,0.8095097162889466,-0.021006935781647584,-0.06348448687350838,0.0010204081632652073,23609.0,9314.0,-0.16896098945317464,1.1065063345501396,0.942954157144608,0.9000850539087639,-0.07614678899082572,0
2022-09-11,19665.0,19760.0,18820.0,19341.0,12679058222,655567,175,19675.0,19250.0,24.946461984958475,-731.015139301624,-619.3532092643902,22533.56669727439,18758.233302725614,20645.9,21762.56,1.7902935317065312,-0.022991422625996072,-0.07367306674366003,-0.01885830784913356,23609.0,9314.0,-0.184632978948706,1.0667811896070432,0.9323885129735201,0.8845466709798847,-0.0025974025974025983,0
2022-09-12,19331.0,19331.0,18825.0,18977.0,2628539950,138511,126,19341.0,18901.0,22.388461007162334,-765.7910915949578,-648.6407857305038,22401.74706174002,18572.952938259976,20487.35,21726.98,0.38282932626698496,-0.03738222561751969,-0.06937469226981785,-0.018129870129870107,23609.0,9314.0,-0.19941547714854505,1.029310715052609,0.9225692927587024,0.8699322225178097,-0.010793079731231114,0
2022-09-13,18731.0,18830.0,17903.0,18146.0,10872735239,599188,280,18977.0,18050.0,17.638912153447507,-852.1962839433545,-689.351885373074,22278.66788344123,18271.032116558767,20274.85,21670.76,1.5858668694739524,-0.07340862422997951,-0.11951219512195121,-0.0450240728003809,23609.0,9314.0,-0.2354610529882672,0.9379428816834873,0.8902655260088238,0.8329195653498078,0.004432132963988922,0
2022-09-14,18050.0,18200.0,17932.0,18079.0,2925165536,161802,112,18146.0,18145.0,19.687202878463268,-902.6026735730848,-732.0020430130761,22159.9412919399,18018.9587080601,20089.45,21604.12,0.4449075556495343,-0.074234693877551,-0.09275,0.0052631578947368585,23609.0,9314.0,-0.2314371637934686,0.9481425810607688,0.9032103915239093,0.8398860958002455,-0.04045191512813451,0
2022-09-18,17886.0,18870.0,17886.0,18332.0,11173379345,609498,243,18079.0,18126.0,19.5823094904041,-933.3244583419873,-772.2665260788583,22044.917526325007,17792.582473674993,19918.75,21542.64,1.6325324746461116,-0.07614678899082572,-0.09555411406616432,-0.0010471204188481353,23609.0,9314.0,-0.2322419416324283,0.9461026411853124,0.9099968622529024,0.8414010539098272,-0.024550369634778746,0
2022-09-19,18077.0,19449.0,18077.0,18924.0,25851373155,1366061,580,18332.0,19200.0,39.277120515607756,-861.0828428949208,-790.0297894420709,21802.43499644872,17796.56500355128,19799.5,21502.64,3.693338445017136,-0.0025974025974025983,-0.025529107242551863,0.05925190334326391,23609.0,9314.0,-0.18675081536702104,1.061412926776895,0.969721457612566,0.8929136143282872,-0.07687500000000003,0
2022-09-20,19298.0,19790.0,18505.0,19091.0,10814111944,566465,303,18924.0,18697.0,34.95888627361573,-834.7957328677912,-798.9829781272149,21504.69086086602,17794.009139133977,19649.35,21452.38,1.502815598836725,-0.010793079731231114,-0.047771836007130086,-0.02619791666666671,23609.0,9314.0,-0.20805624973527045,1.0074082027056044,0.9515327479026024,0.8715583072833877,-0.05514253623575971,0
2022-09-21,18499.0,18570.0,18000.0,18151.0,13882311179,764807,375,19091.0,18130.0,30.84250196626408,-849.917846289638,-809.1699517596995,21301.720862453407,17682.279137546593,19492.0,21386.18,1.9274600691414527,0.004432132963988922,-0.0693018480492813,-0.030325720703856196,23609.0,9314.0,-0.23207251471896312,0.9465321022117242,0.9301251795608455,0.8477437298292636,-0.01147269718698285,0
2022-09-24,18011.0,18012.0,17411.0,17517.0,8002984110,456877,260,18151.0,17411.0,26.570015902854294,-909.4361078447619,-829.223182976712,21257.70496063964,17395.29503936036,19326.5,21295.0,1.1491948314064675,-0.04045191512813451,-0.11168367346938779,-0.03965802537231111,23609.0,9314.0,-0.2625270024143335,0.8693364827141937,0.9008873826093705,0.8176097675510683,0.04187008213198551,0
2022-09-26,17412.0,18094.0,17412.0,17675.0,3611167962,204307,129,17517.0,17681.0,30.465410910820324,-924.1648186603743,-848.2115101134445,21070.1610586432,17255.9389413568,19163.05,21192.86,0.5168678979743293,-0.024550369634778746,-0.09882772680937824,0.015507437826661308,23609.0,9640.0,-0.25109068575543225,0.8341286307053942,0.9226610586519369,0.8342904166780698,0.025677280696793092,0
2022-09-28,17682.0,18200.0,17682.0,17943.0,10201369988,568542,219,17675.0,17724.0,31.09236363993037,-921.7424146707817,-862.917691024912,20863.370429291175,17157.029570708826,19010.2,21085.34,1.3774104416230681,-0.07687500000000003,-0.07927272727272727,0.0024319891408857153,23609.0,9640.0,-0.2492693464356813,0.8385892116182573,0.9323415850438186,0.8405840266270309,0.016926201760324888,0
2022-10-01,17725.0,17725.0,17480.0,17568.0,3837365643,218430,133,17943.0,17666.0,30.690405568730327,-913.9671133721422,-873.1275754943581,20718.60098880753,17037.39901119247,18878.0,20976.36,0.5287115189182654,-0.05514253623575971,-0.065340458176816,-0.003272399006996163,23609.0,9640.0,-0.25172603668092675,0.8325726141078839,0.9357982837164954,0.842186156225389,0.03560511717423309,0
2022-10-02,17302.0,17922.0,17302.0,17681.0,2844349730,160868,117,17568.0,17922.0,34.70292716896118,-877.0381210342093,-873.9096846023284,20474.77713086756,17023.42286913244,18749.1,20871.82,0.39928298438143006,-0.01147269718698285,-0.00709141274238223,0.014491112872183853,23609.0,9640.0,-0.24088271421915372,0.8591286307053941,0.9558858825223612,0.8586697278914824,0.0183015288472268,0
2022-10-03,17922.0,18299.0,17902.0,18040.0,15198266205,842470,211,17681.0,18140.0,37.994874140882466,-820.7201000169225,-863.2717676852473,20300.67166459821,17011.52833540179,18656.1,20770.72,1.9504616044617036,0.04187008213198551,-0.00027555800496004146,0.012163821002120212,23609.0,9640.0,-0.2316489474353001,0.8817427385892116,0.9723361259856026,0.8733447853516874,-0.015104740904079428,0
2022-10-04,18150.0,18200.0,18050.0,18113.0,2250027550,124223,78,18040.0,18135.0,37.947619784484004,-767.642219162728,-844.1458579807435,20090.18126051006,17031.418739489938,18560.8,20668.96,0.2877264094130727,0.025677280696793092,0.0004965243296921606,-0.0002756339581035938,23609.0,9640.0,-0.2318607310771316,0.8812240663900415,0.9770591784836861,0.8774026366106471,-0.01571546732837059,0
2022-10-08,18131.0,18300.0,18010.0,18119.0,2385191164,131641,71,18113.0,18024.0,36.85186353973609,-726.163626252317,-820.5494116350583,19928.581142463838,17025.11885753616,18476.85,20557.32,0.3089706665515038,0.016926201760324888,-0.06125000000000003,-0.0061207609594706724,23609.0,9940.0,-0.23656232792579102,0.8132796780684105,0.9754909521915263,0.8767679833752648,0.006990679094540653,0
2022-10-09,17951.0,18380.0,17900.0,18206.0,14023875311,770276,276,18119.0,18295.0,41.30781724854644,-663.7725505959897,-789.1940394272447,19761.85551404178,17057.844485958216,18409.85,20451.04,1.6827673833124046,0.03560511717423309,-0.02150077552548535,0.015035508211273862,23609.0,10200.0,-0.22508365453852344,0.7936274509803921,0.9937614918100909,0.8945755325890516,-0.006340530199508088,0
2022-10-10,18300.0,18697.0,18250.0,18404.0,7750370505,421122,186,18206.0,18250.0,40.79306953800905,-610.9160377530388,-753.5384390924036,19608.848357793217,17087.85164220678,18348.35,20355.92,0.9084875508004294,0.0183015288472268,0.006618863761720828,-0.0024596884394643137,23609.0,10410.0,-0.22698970731500698,0.7531219980787704,0.9946398449996867,0.8965450836906415,-0.01726027397260277,0
2022-10-11,18110.0,18170.0,17850.0,17935.0,3996235092,222823,153,18404.0,17866.0,36.60160582817877,-593.1747124458525,-721.4656937630933,19398.309716009775,17124.990283990228,18261.65,20248.84,0.4808539326036675,-0.015104740904079428,0.02613290448566996,-0.02104109589041092,23609.0,10450.0,-0.24325469100766656,0.7096650717703349,0.9783343783283547,0.8823221478366168,-0.0017351393708719964,0
2022-10-12,17810.0,18041.0,17801.0,17928.0,2589247361,144428,93,17935.0,17850.0,36.433626758678656,-573.7913411943991,-691.9308232493545,19135.1970414691,17211.102958530904,18173.15,20150.26,0.31645374086893535,-0.01571546732837059,0.009558282902550674,-0.000895555804321102,23609.0,10450.0,-0.24393239866152738,0.7081339712918661,0.9822182725614436,0.8858446491509291,0.0006722689075631116,0
2022-10-15,17940.0,18200.0,17735.0,18018.0,13583089992,753857,231,17928.0,18150.0,41.8247498330904,-528.13438262196,-659.1715351238756,18943.75311893758,17292.546881062422,18118.15,20054.16,1.6341664538667942,0.006990679094540653,0.0240352064996614,0.01680672268907557,23609.0,10450.0,-0.2312253801516371,0.7368421052631579,1.0017579057464476,0.905049126964181,-0.017079889807162574,0
2022-10-16,18120.0,18279.0,17941.0,18148.0,4934500418,271906,180,18018.0,18179.0,42.33388597329652,-484.03124547691914,-624.1434771944844,18826.749530011577,17337.35046998842,18082.05,19958.96,0.5810211151320608,-0.006340530199508088,0.029038831654024655,0.0015977961432507293,23609.0,10530.0,-0.22999703502901436,0.726400759734093,1.0053616708282525,0.9108190005892091,-0.022333461686561362,0
2022-10-17,18178.0,18260.0,17924.0,17996.0,3517945856,195489,103,18148.0,17935.0,39.22347188109988,-463.42586742337517,-591.9999552402626,18823.671687983606,17328.928312016393,18076.3,19859.58,0.4365595297486839,-0.01726027397260277,0.0007253654726036007,-0.01342208042246551,23609.0,10839.0,-0.2403320767503918,0.6546729403081465,0.992183134822945,0.9030905990962548,-0.0500139392249791,0
2022-10-18,17935.0,18200.0,17810.0,17910.0,3567925302,199219,117,17996.0,17835.0,37.99147093618652,-449.9780542199005,-563.5955750361902,18814.659827819116,17306.940172180883,18060.8,19757.82,0.44303826322435935,-0.0017351393708719964,-0.016813671444321887,-0.00557568999163649,23609.0,10839.0,-0.2445677495870219,0.6454469969554387,0.9874977852586818,0.9026805588875696,-0.06419960751331655,0
2022-10-19,17835.0,17998.0,17780.0,17868.0,4532201858,253644,82,17910.0,17862.0,38.55266940396552,-432.16021704658124,-537.3085034382684,18805.664482745018,17289.53551725498,18047.6,19658.56,0.587311887587258,0.0006722689075631116,-0.01505376344086018,0.0015138772077376572,23609.0,10839.0,-0.24342411792113178,0.6479380016606698,0.9897160841330704,0.9086118210082529,-0.09472623446422568,0
2022-10-22,17862.0,17940.0,17802.0,17860.0,6580677482,368463,130,17868.0,17840.0,38.248911402630874,-415.0304561039957,-512.8528939714139,18526.573637389854,17432.626362610143,17979.6,19558.26,0.9645808815531496,-0.017079889807162574,-0.010208610741233914,-0.0012316649871234597,23609.0,10839.0,-0.2443559659451904,0.645908294123074,0.992235644841932,0.9121465815466203,-0.040302690582959655,0
2022-10-23,17854.0,17966.0,17423.0,17779.0,9872982507,555307,127,17860.0,17773.0,37.28541724596739,-402.2247407660252,-490.7272633303362,18376.397246040542,17490.40275395946,17933.4,19464.22,1.4558367029555104,-0.022333461686561362,-0.028532385897786283,-0.0037556053811659273,23609.0,10839.0,-0.24719386674573257,0.6397269120767598,0.9910557953316158,0.9131113396786513,-0.02380014628931526,0
2022-10-24,17770.0,17990.0,17038.0,17442.0,5795555054,332271,210,17779.0,17038.0,28.73422434015083,-446.24049381159057,-481.8299094265871,18459.265192754498,17298.3348072455,17878.8,19357.68,0.9234671310252421,-0.0500139392249791,-0.06641095890410964,-0.041354864119732215,23609.0,10839.0,-0.2783260620949638,0.5719162284343574,0.9529722352730609,0.8801674580838199,0.0051062331259537075,0
2022-10-25,16900.0,17087.0,16450.0,16798.0,10840610927,645359,305,17442.0,16690.0,25.725836716471505,-503.40109242208564,-486.14414602568684,18598.146021964323,17087.353978035677,17842.75,19231.48,1.7478402820988688,-0.06419960751331655,-0.06582335161759767,-0.020424932503815052,23609.0,10855.0,-0.29306620356643653,0.5375403040073699,0.9353939275055695,0.8678479243407163,0.023247453565008902,0
2022-10-26,16157.0,16430.0,15127.0,15952.0,9198302085,576606,276,16798.0,16170.0,22.016535674255195,-583.929754097866,-505.7012676401227,18817.04657926744,16717.35342073256,17767.2,19101.48,1.4866834155306523,-0.09472623446422568,-0.09411764705882353,-0.031156381066506866,23609.0,10855.0,-0.315091702316913,0.4896361123906034,0.9101040118870728,0.8465312635460708,0.05782312925170063,1
2022-10-29,16230.0,17161.0,16204.0,16963.0,11902302495,701672,373,15952.0,17121.0,39.264165802264024,-564.5042924011359,-517.4618725923253,18824.102616021668,16649.99738397833,17737.05,18994.48,1.7786195668126814,-0.040302690582959655,-0.0566942148760331,0.05881261595547316,23609.0,10855.0,-0.2748104536405608,0.577245508982036,0.9652676177831151,0.9013671340305184,-0.0023947199345832892,0
2022-10-30,17190.0,17800.0,17170.0,17424.0,11403793103,654492,337,16963.0,17350.0,42.55867700575559,-524.5840099618072,-518.8863000662217,18821.084873969525,16621.415126030475,17721.25,18900.04,1.57213862468737,-0.02380014628931526,-0.04560206832058966,0.013375386951696822,23609.0,10855.0,-0.2651107628446779,0.5983417779824965,0.9790505748747972,0.9179874751587827,-0.02017291066282423,0
2022-10-31,17352.0,17500.0,17050.0,17226.0,8933892057,518622,266,17424.0,17125.0,40.248589796217644,-505.2779879941045,-516.1646376517983,18806.71211670344,16556.087883296565,17681.4,18796.54,1.194446267744064,0.0051062331259537075,-0.0451630889322554,-0.012968299711815567,23609.0,10855.0,-0.2746410267270956,0.5776140027637033,0.9685319035822955,0.9110719313235308,-0.010686131386861364,0
2022-11-01,17125.0,17130.0,16953.0,17037.0,6867531720,403091,222,17226.0,17078.0,39.76305537071936,-488.14332134711003,-510.5603743908607,18762.2331726339,16494.3668273661,17628.3,18701.04,0.9778408931712264,0.023247453565008902,-0.042444631342865136,-0.002744525547445309,23609.0,10860.0,-0.27663179296031176,0.5725598526703499,0.9687831498215937,0.9132112438666512,-0.00046843892727488345,0
2022-11-02,17078.0,17269.0,16901.0,17083.0,10191343612,596578,240,17037.0,17105.0,40.20928019864257,-467.00199196445465,-501.84869790557957,18707.558612613495,16446.041387386504,17576.8,18612.34,1.3687901133274276,0.05782312925170063,-0.04238047251147692,0.0015809813795526484,23609.0,11140.0,-0.2754881612944216,0.5354578096947935,0.9731577989167539,0.9190139445120817,-0.0119847997661503,0
2022-11-05,17100.0,17170.0,16956.0,17066.0,16515667101,967739,412,17083.0,17080.0,39.91444332322563,-447.1106143345787,-490.90108119137943,18660.558955930588,16398.64104406941,17529.6,18522.24,2.026049716088117,-0.0023947199345832892,-0.04260089686098656,-0.0014615609470914892,23609.0,11400.0,-0.27654707950357915,0.4982456140350877,0.974351953267616,0.922134687813137,-0.018793911007025765,0
2022-11-06,17080.0,17150.0,16985.0,17010.0,23798466248,1399090,408,17066.0,17000.0,38.9306987231172,-432.8126903871271,-479.283403030529,18560.8544297354,16368.845570264597,17464.85,18428.24,2.7482233456671317,-0.02017291066282423,-0.04349293872728299,-0.004683840749414525,23609.0,11470.0,-0.2799356177728832,0.48212728857890147,0.973383682081438,0.9224972108025508,-0.08823529411764708,0
2022-11-07,17000.0,17010.0,16760.0,16885.0,33896594894,2007554,493,17010.0,16942.0,38.19569524484422,-421.3050554951151,-467.68773352344624,18455.622045643908,16343.277954356092,17399.45,18341.54,3.411825587748689,-0.010686131386861364,-0.005634464138983497,-0.0034117647058823364,23609.0,11650.0,-0.2823923080181287,0.4542489270386266,0.9737089390756604,0.9236956111646023,-0.054420965647503206,0
2022-11-08,16826.0,17880.0,16826.0,17195.0,33639159130,1956384,390,16885.0,17070.0,40.84981177171314,-397.27707880769594,-453.6056025802962,18402.404482128775,16316.895517871228,17359.65,18268.52,2.8979664963951763,-0.00046843892727488345,0.022768124625524244,0.007555188289458226,23609.0,11915.0,-0.27697064678724215,0.4326479227864037,0.9833147557698455,0.9343942475909378,-0.09197422378441711,0
2022-11-09,16910.0,17120.0,16700.0,16890.0,7752464363,458995,254,17195.0,16900.0,38.48592420573795,-387.4856203909658,-440.38160614243014,18347.755576462227,16276.544423537776,17312.15,18187.52,0.6644235252495994,-0.0119847997661503,0.045145330859616584,-0.00995899238429998,23609.0,12698.0,-0.2841712906095133,0.3309182548432824,0.9761930205087178,0.9292086001829826,-0.10076923076923072,0
2022-11-12,16900.0,16900.0,16660.0,16755.0,6574871727,392408,266,16890.0,16759.0,36.59442336209494,-386.6463225386469,-429.63454942167357,18229.477175741577,16255.722824258419,17242.6,18107.08,0.5832942954787662,-0.018793911007025765,-0.021143624788271698,-0.008343195266272141,23609.0,12698.0,-0.2901435893091618,0.31981414395967867,0.9719531857144516,0.9255495640379342,-0.11695208544662572,0
2022-11-13,16643.0,16695.0,15500.0,15593.0,115998299039,7439311,589,16755.0,15500.0,24.850172347022024,-482.0155755314081,-440.1107546436205,18263.69030665588,15953.609693344122,17108.65,18010.88,7.214823918231406,-0.08823529411764708,-0.10662824207492794,-0.07512381407005186,23609.0,12698.0,-0.3434707103223347,0.22066467160182707,0.9059744632101304,0.8605909317035036,-0.055419354838709634,0
2022-11-14,15668.0,16345.0,15600.0,15855.0,49128599571,3098621,697,15593.0,16020.0,34.23767121994149,-509.7605392661135,-454.0407115681191,18195.231070385846,15830.568929614159,17012.9,17921.28,2.6342740828582656,-0.054420965647503206,-0.06452554744525552,0.0335483870967741,23609.0,12850.0,-0.3214452115718582,0.24669260700389106,0.9416384037994697,0.8939093636168846,-0.08801498127340823,0
2022-11-15,16018.0,16159.0,15488.0,15549.0,76135505017,4896346,797,15855.0,15500.0,30.1779490503216,-567.1702910324384,-476.66662746098297,18186.881618114225,15605.418381885778,16896.15,17831.28,3.4698108282408047,-0.09197422378441711,-0.09239957840496549,-0.03245942571785265,23609.0,12980.0,-0.3434707103223347,0.1941448382126348,0.9173687496855791,0.869258965144398,-0.07974193548387098,0
2022-11-16,15500.0,15670.0,15100.0,15285.0,17631570587,1153508,492,15549.0,15197.0,28.08799470565272,-629.8569023475684,-507.30468243830006,18172.089398200183,15353.71060179982,16762.9,17734.4,0.7921787535698015,-0.10076923076923072,-0.11154633148202275,-0.0195483870967742,23609.0,13180.0,-0.3563047990173239,0.1530349013657056,0.9065853760387521,0.8569221400216528,-0.07113246035401721,0
2022-11-19,15200.0,15347.0,14600.0,14874.0,24715792365,1661647,685,15285.0,14799.0,25.581860462193333,-703.541775573407,-546.5521010653215,18170.55821309623,15051.14178690377,16610.85,17636.32,1.0926280891178182,-0.11695208544662572,-0.13354800936768152,-0.026189379482792652,23609.0,13820.0,-0.3731627769071117,0.07083936324167872,0.8909237034829646,0.8391206328757927,-0.04250287181566326,0
2022-11-20,14800.0,15158.0,14607.0,14784.0,18372210818,1242746,492,14874.0,14641.0,24.641885616738037,-765.85850786632,-590.4133824255213,18139.63979170988,14768.86020829012,16454.25,17536.44,0.7991154562383612,-0.055419354838709634,-0.1387647058823529,-0.010676397053855036,23609.0,14641.0,-0.37985513998898723,0.0,0.8898005074676755,0.8348900917175892,-0.0402977938665392,0
2022-11-21,14642.0,14913.0,14610.0,14733.0,17652113031,1198135,393,14784.0,14610.0,24.45204524010846,-808.4273607127179,-634.0161780829607,18175.045893492304,14490.654106507698,16332.85,17439.04,0.7495627626145708,-0.08801498127340823,-0.1376460866485657,-0.002117341711631693,23609.0,14610.0,-0.3811681985683426,0.0,0.8945162662976761,0.8377754738792961,-0.03969883641341543,0
2022-11-22,14610.0,14674.0,14210.0,14397.0,19516822566,1355659,627,14733.0,14264.0,22.37967427440752,-860.1673182338254,-679.2464061131336,18252.468369264174,14170.631630735825,16211.55,17332.32,0.8296768795225244,-0.07974193548387098,-0.16438195664909194,-0.023682409308692698,23609.0,14264.0,-0.39582362658308273,0.0,0.8798665149230025,0.8229711890849004,-0.01948962422882783,0
2022-11-23,14262.0,14262.0,14009.0,14144.0,12405202793,877056,389,14397.0,14116.0,21.53877568903971,-902.7081132348776,-723.9387475374824,18345.159305529978,13872.540694470023,16108.85,17222.24,0.5318770172664637,-0.07113246035401721,-0.16473372781065088,-0.010375771172181691,23609.0,14116.0,-0.4020924223812953,0.0,0.8762884997997995,0.8196378635996246,-0.01367242844998584,0
2022-11-26,14116.0,14339.0,13900.0,14064.0,19919390159,1416355,445,14144.0,14170.0,22.680330004468175,-921.4428316746216,-763.4395643649103,18298.164061086994,13624.435938913002,15961.3,17120.64,0.8407080394548199,-0.04250287181566326,-0.15448415776597646,0.0038254463020686025,23609.0,14116.0,-0.399805159049515,0.0038254463020685747,0.8877722992488081,0.8276559754775523,-0.016725476358503855,0
2022-11-27,14169.0,14348.0,14000.0,14108.0,31599751092,2239906,623,14064.0,14051.0,21.923346808931583,-935.1131343647394,-797.7742783648762,18183.032071412123,13409.667928587878,15796.35,17023.64,1.2697969438616503,-0.0402977938665392,-0.09348387096774191,-0.008398023994354298,23609.0,14051.0,-0.40484560972510486,0.0,0.8895092853728868,0.8253816457584865,-0.019571560743007588,0
2022-11-28,14053.0,14119.0,13902.0,13989.0,20010663739,1430435,490,14108.0,14030.0,21.78516377773046,-936.8421392146629,-825.5878505348335,18064.696646855034,13218.503353144966,15641.6,16943.24,0.7904797924731852,-0.03969883641341543,-0.12421972534332082,-0.00149455554764788,23609.0,14030.0,-0.40573510102079713,0.0,0.896967062193126,0.8280588600527408,-0.018959372772630045,0
2022-11-29,14000.0,14250.0,13857.0,14046.0,44350064444,3157496,739,13989.0,13986.0,21.47967612957413,-931.0304804593088,-846.6763765197286,17918.32597567668,13055.674024323322,15487.0,16860.06,1.621475126219096,-0.01948962422882783,-0.09767741935483876,-0.0031361368496080066,23609.0,13986.0,-0.4075987970689144,0.0,0.9030800025828114,0.8295344144682758,-0.040111540111540056,0
2022-11-30,13991.0,14099.0,13923.0,14019.0,29152743056,2079574,462,14046.0,13923.0,21.025062268839008,-920.8927936229557,-861.5196599403741,17731.174674272625,12924.625325727373,15327.9,16776.0,1.0287545080612377,-0.01367242844998584,-0.08383233532934131,-0.0045045045045044585,23609.0,13923.0,-0.41026727095599136,0.0,0.9083436087135224,0.8299356223175965,-0.054083171730230584,0
2022-12-03,13924.0,14100.0,13924.0,14004.0,6937772687,495402,239,14019.0,13933.0,21.309757349207274,-901.6579359178595,-869.5473151358713,17505.474279286213,12835.625720713786,15170.55,16670.66,0.24796987373408988,-0.016725476358503855,-0.0585174673964457,0.0007182360123536569,23609.0,13923.0,-0.40984370367232836,0.0007182360123536595,0.9184241836980203,0.8357797471725774,-0.06646092011770621,0
2022-12-04,13934.0,13951.0,13615.0,13723.0,14705754985,1071633,537,14004.0,13776.0,20.08554003074208,-888.8368031185055,-873.4052127323982,17260.462194005508,12758.237805994493,15009.35,16572.24,0.5408303898156235,-0.019571560743007588,-0.05908066388907862,-0.011268212158185631,23609.0,13776.0,-0.4164937100258376,0.0,0.9178278872835932,0.8312696412796338,-0.017857142857142905,0
2022-12-05,13650.0,14140.0,13643.0,13799.0,17438191064,1263756,567,13723.0,13764.0,19.99100756737998,-869.6198266732172,-872.648135520562,16978.75011746472,12722.149882535283,14850.45,16484.92,0.6499904218483388,-0.018959372772630045,-0.05790554414784399,-0.0008710801393728707,23609.0,13764.0,-0.41700199076623323,0.0,0.926840600789875,0.8349449072242996,-0.03719848881139198,0
2022-12-06,13610.0,13900.0,13306.0,13605.0,17018548431,1250912,511,13799.0,13425.0,17.487099503078156,-871.6963285844795,-872.4577741333455,16622.14530117923,12714.25469882077,14668.2,16405.2,0.6552725215290631,-0.040111540111540056,-0.05881940549635445,-0.024629468177855274,23609.0,13425.0,-0.43136092168240925,0.0,0.9152452243629075,0.8183380879233414,-0.010353817504655471,0
2022-12-07,13425.0,13488.0,13120.0,13226.0,16683454720,1261413,642,13605.0,13170.0,15.876243862791412,-883.7312365937651,-874.7124666254296,16251.306634255321,12712.09336574468,14481.7,16314.98,0.647171862710374,-0.054083171730230584,-0.06701615188438648,-0.018994413407821265,23609.0,13170.0,-0.442161887415816,0.0,0.9094236173929856,0.8072335975894546,0.016704631738800213,0
2022-12-10,13170.0,13330.0,12961.0,13078.0,9173289196,701447,373,13226.0,13007.0,14.929533387542776,-896.0921333350143,-878.9883999673466,15839.564836222586,12748.635163777415,14294.1,16220.64,0.3570489978992327,-0.06646092011770621,-0.08207480592801697,-0.012376613515565626,23609.0,13007.0,-0.44906603413952306,0.0,0.9099558559125793,0.8018795805837501,0.044975782271084785,0
2022-12-11,13416.0,13800.0,13060.0,13305.0,19947899680,1499239,563,13078.0,13530.0,29.463442765522814,-853.8439227096678,-873.9595045158109,15670.585884678403,12720.614115321598,14195.6,16137.92,0.8990591847043019,-0.017857142857142905,-0.03707921144402537,0.04020911816714068,23609.0,13007.0,-0.42691346520394763,0.04020911816714077,0.9531122319591986,0.8383980091610319,0.013747228381374654,0
2022-12-12,13520.0,13520.0,13200.0,13336.0,16094973534,1206862,550,13305.0,13252.0,26.8386661315605,-833.1896958925481,-865.8055427911584,15326.591287192634,12787.808712807368,14057.2,16044.52,0.7672473905917275,-0.03719848881139198,-0.055452601568068416,-0.020546932742054658,23609.0,13007.0,-0.43868863568977934,0.018836011378488508,0.9427197450416868,0.8259517891466993,0.09251433745849691,1
2022-12-13,13150.0,13650.0,13110.0,13403.0,40878097413,3049979,775,13336.0,13286.0,27.68714913493085,-804.8003193732366,-853.604498107574,15071.200760202732,12821.799239797268,13946.5,15947.44,2.0598808097480985,-0.010353817504655471,-0.05005005005005003,0.0025656504678539527,23609.0,13007.0,-0.4372485069253251,0.021449988467748135,0.9526404474240849,0.8331117721715836,0.10492247478548844,1
2022-12-14,13305.0,13450.0,13300.0,13382.0,45710347042,3415745,660,13403.0,13390.0,30.348080821753413,-765.0901204549937,-835.9016225770581,14846.850615726382,12865.449384273617,13856.15,15852.54,2.1431858558498895,0.016704631738800213,-0.03828197945845002,0.007827788649706457,23609.0,13007.0,-0.4328434071752298,0.029445683093718766,0.9663578988391437,0.8446595939830462,0.058028379387602635,1
2022-12-17,13355.0,13960.0,13355.0,13658.0,98964146940,7245876,1411,13382.0,13592.0,35.326030187739065,-709.1452053999001,-810.5503391416265,14691.947889581095,12899.652110418903,13795.8,15763.9,3.8686323243056404,0.044975782271084785,-0.024474269719371278,0.015085884988797593,23609.0,13007.0,-0.424287348045237,0.0449757822710848,0.9852273880456371,0.862223180811855,0.050618010594467355,1
2022-12-18,13713.0,14060.0,13691.0,13836.0,63586723740,4595787,1142,13658.0,13716.0,38.2438123482508,-647.3405545117257,-777.9083822156465,14557.588235481877,12941.511764518122,13749.55,15672.32,2.25213755327482,0.013747228381374654,-0.004355400696864131,0.009123013537374991,23609.0,13007.0,-0.41903511372781566,0.05450911047897286,0.9975599201428411,0.8751735543939889,0.03849518810148722,0
2022-12-19,13889.0,14669.0,13700.0,14364.0,190911152513,13290745,2636,13836.0,14478.0,52.4428052894283,-530.754682112025,-728.4776421949223,14524.489883819546,12961.410116180456,13742.95,15596.88,5.024355131908675,0.09251433745849691,0.05187445510026145,0.05555555555555558,23609.0,13007.0,-0.38675928671269433,0.1130929499500269,1.0534856053467414,0.9282625755920415,-0.012294515817101836,0
2022-12-20,14534.0,14972.0,14534.0,14796.0,172888883089,11685142,2115,14364.0,14680.0,55.372109687001235,-417.2500278716652,-666.232119330271,14618.377374942238,12909.122625057762,13763.75,15533.16,3.6957970584532935,0.10492247478548844,0.09348230912476718,0.013952203343003067,23609.0,13007.0,-0.37820322758270153,0.12862304912739295,1.0665697938425212,0.9450749235828383,-0.004087193460490468,0
2022-12-21,14750.0,14750.0,14020.0,14321.0,80453593589,5617850,1721,14796.0,14167.0,47.388930751984226,-364.48997081301786,-605.8836896268203,14625.408863882021,12907.191136117977,13766.3,15459.5,1.6529030421730728,0.058028379387602635,0.07570235383447232,-0.034945504087193435,23609.0,13007.0,-0.3999322292346139,0.08918274775121089,1.0291073127855705,0.9163944500145541,-0.0008470388932024786,0
2022-12-24,14250.0,14650.0,14150.0,14323.0,88265737925,6162505,1919,14321.0,14280.0,49.12874547882228,-309.98576689740366,-546.7041050809371,14642.506517720327,12901.093482279672,13771.8,15382.1,1.694818647263821,0.050618010594467355,0.09787037748904437,0.007976282910990395,23609.0,13007.0,-0.3951459189292219,0.09787037748904436,1.0369014943580361,0.928351785516932,0.003851540616246485,0
2022-12-25,14410.0,14418.0,14050.0,14228.0,42387650696,2979249,1026,14323.0,14244.0,48.57759445327351,-266.6222365715257,-490.6877313790548,14668.445710249298,12894.454289750704,13781.45,15303.4,0.811109866158047,0.03849518810148722,0.05277161862527713,-0.0025210084033613356,23609.0,13007.0,-0.3966707611504087,0.09510263704159298,1.0335632317354124,0.9307735535893985,0.020008424599831542,0
2022-12-26,14299.0,14305.0,14100.0,14218.0,55458182877,3900565,935,14228.0,14300.0,49.526168908555455,-225.1422941615474,-437.5786439355533,14704.595969595122,12885.304030404879,13794.95,15230.7,1.0273948473102161,-0.012294515817101836,0.07908240265620292,0.003931479921370329,23609.0,13007.0,-0.39429878436189586,0.0994080110709618,1.0366112236724307,0.9388931565850551,0.01118881118881121,0
2022-12-28,14380.0,14745.0,14211.0,14437.0,215261076775,14910147,2872,14218.0,14620.0,54.67175208853637,-164.55097410630333,-382.9731099697034,14802.497175535513,12850.802824464487,13826.65,15166.4,3.400888702076282,-0.004087193460490468,0.10040644287219624,0.02237762237762242,23609.0,13007.0,-0.38074463128467956,0.12401014838164065,1.0573783237443632,0.9639729929317439,-0.0068399452804377425,0
2022-12-31,14490.0,14500.0,14125.0,14343.0,64948236717,4528286,1071,14437.0,14155.0,47.14972108661131,-152.29793447206794,-336.8380748701763,14823.869373795298,12852.630626204702,13838.25,15092.26,1.004806033425886,-0.0008470388932024786,0.057132188200149425,-0.03180574555403559,23609.0,13007.0,-0.4004405099750095,0.08826016760206043,1.0228894549527578,0.9378979688926642,0.016884493111974486,0
2023-01-01,14100.0,14560.0,14078.0,14330.0,72278886979,5043881,1045,14343.0,14335.0,50.016555092158946,-126.6034112888683,-294.79114215391473,14867.005595335013,12849.694404664988,13858.35,15022.16,1.065447130432764,0.003851540616246485,0.054664508534431944,0.01271635464500176,23609.0,13007.0,-0.3928162988690754,0.10209886983931729,1.034394426464911,0.9542569111233005,0.012626438786187633,0
2023-01-02,14335.0,14575.0,14335.0,14453.0,292085259417,20209199,1570,14330.0,14529.0,52.977144431617766,-89.55381721326921,-253.74367716578564,14944.958531115799,12847.041468884201,13896.0,14957.28,3.5511246252094946,0.020008424599831542,0.05927384076990383,0.013533310080223293,23609.0,13007.0,-0.38459909356601296,0.11701391558391636,1.045552677029361,0.9713664516543115,-0.009567072751049621,0
2023-01-03,14670.0,14748.0,14411.0,14560.0,64704339106,4443902,1001,14453.0,14460.0,51.80189598492749,-65.01007465018301,-215.99695666266513,15005.79034414296,12855.809655857038,13930.8,14905.72,0.7596496067978721,0.01118881118881121,-0.001243265644426006,-0.004749122444765663,23609.0,13007.0,-0.3875217078232877,0.11170907972630122,1.0379877681109484,0.9700973854332431,-0.00594744121715074,0
2023-01-04,14548.0,14560.0,14352.0,14443.0,22029443409,1525285,428,14560.0,14520.0,52.782803763792174,-40.25346637824623,-180.84825860578135,15063.454722134838,12907.64527786516,13985.55,14862.32,0.2601252884037247,-0.0068399452804377425,-0.010899182561307952,0.004149377593360981,23609.0,13007.0,-0.3849803041213097,0.11632198047205351,1.0382144427641387,0.9769672567943632,-0.015151515151515138,0
2023-01-07,14519.0,14580.0,14321.0,14431.0,32074825187,2222687,662,14443.0,14394.0,50.46032247500742,-30.449816405895035,-150.76857016580408,15070.096837587611,13023.403162412389,14046.75,14826.8,0.3759798186615402,0.016884493111974486,0.016023152396414275,-0.008677685950413183,23609.0,13007.0,-0.39031725189546357,0.10663488890597371,1.0247210208767152,0.9708096150214477,-0.020425177157148866,0
2023-01-08,14377.0,14740.0,14377.0,14536.0,64136428314,4412303,1053,14431.0,14516.0,52.63354701750759,-12.689693875921876,-123.15279490782764,15045.396100511987,13199.003899488014,14122.2,14774.7,0.7236532097679192,0.012626438786187633,0.016526610644257644,0.008475753786299833,23609.0,13007.0,-0.3851497310347749,0.11601445375567003,1.027885173698149,0.982490338213297,-0.02039129236704329,0
2023-01-09,14548.0,14599.0,14370.0,14416.0,54113727482,3753670,952,14536.0,14390.0,50.18493385575016,-8.681738117385976,-100.25858354973931,15053.512017255493,13276.887982744509,14165.2,14715.5,0.6044573469662741,-0.009567072751049621,0.010249929795001389,-0.008680077156241417,23609.0,13007.0,-0.3904866788089288,0.10632736218959023,1.015869878293282,0.9778804661751215,-0.013203613620569876,0
2023-01-10,14500.0,14589.0,14374.0,14454.0,84906601635,5874259,1022,14416.0,14374.0,49.867677156709064,-6.719017929162874,-81.55067042562403,15007.710859538765,13434.889140461233,14221.3,14660.48,0.9116773376892848,-0.00594744121715074,0.005174825174825148,-0.0011118832522585276,23609.0,13007.0,-0.3911643864627896,0.10509725532405628,1.0107374150042543,0.9804590299908326,-0.015583692778628033,0
2023-01-11,14448.0,14500.0,14222.0,14377.0,52232723666,3633091,874,14454.0,14300.0,48.34541599503116,-11.007838090194127,-67.44210395853806,14931.121840026928,13612.878159973072,14272.0,14604.92,0.5613111033748012,-0.015151515151515138,-0.02188782489740082,-0.005148184221511087,23609.0,13007.0,-0.39429878436189586,0.0994080110709618,1.0019618834080717,0.9791221040580845,0.010699300699300807,0
2023-01-14,14200.0,14390.0,14094.0,14177.0,46497762948,3279819,995,14377.0,14100.0,44.400474235101974,-30.196995332138613,-59.993082233258164,14836.397532609551,13778.602467390449,14307.5,14544.82,0.5072633604921865,-0.020425177157148866,-0.0038855528081950252,-0.013986013986013957,23609.0,13007.0,-0.4027701300351561,0.0840316752517875,0.9854971168967325,0.9694172908293125,0.08375886524822684,1
2023-01-16,14170.0,14389.0,14150.0,14255.0,80662874208,5658514,1217,14177.0,14220.0,47.18516610263114,-35.314460460931514,-55.057357878792835,14757.148682006842,13920.651317993157,14338.9,14487.62,0.8860333446162619,-0.02039129236704329,-0.008022322985699382,0.008510638297872353,23609.0,13007.0,-0.3976873226312,0.09325747674329207,0.9917078715940554,0.9815276767336525,0.08544303797468356,1
2023-01-17,14222.0,14415.0,14115.0,14267.0,52378643476,3671188,969,14255.0,14200.0,46.76477037054564,-40.51686806370708,-52.14925991577569,14677.4996819344,14048.700318065601,14363.1,14431.62,0.5790412912663003,-0.013203613620569876,-0.022644366439534713,-0.0014064697609000865,23609.0,13007.0,-0.398534457198526,0.09171984316137465,0.9886445126748403,0.9839505197614682,0.07373239436619716,1
2023-01-18,14190.0,14252.0,14060.0,14161.0,64405567216,4547954,925,14267.0,14150.0,45.66929699082596,-48.11970173467125,-51.3433482795548,14669.520755219453,14023.879244780548,14346.7,14375.78,0.7704511969117673,-0.015583692778628033,-0.021438450899031847,-0.0035211267605633756,23609.0,13007.0,-0.400652293616841,0.08787575920658107,0.9862895299964451,0.9842944174159592,0.05307420494699655,1
2023-01-21,14230.0,14540.0,14172.0,14366.0,156221707524,10874703,1844,14161.0,14453.0,52.87378165191415,-29.357024961384013,-46.94608361592065,14624.728834748608,14045.971165251392,14335.35,14323.44,1.8549749189027593,0.010699300699300807,-0.004614325068870495,0.021413427561837395,23609.0,13007.0,-0.3878182049218518,0.11117090797263013,1.0082069848312039,1.0090453131370676,0.034594893793675974,0
2023-01-22,14620.0,15679.0,14366.0,14889.0,1067179880609,71675134,7866,14366.0,15281.0,66.10205934337158,51.72891296596572,-27.21108429954338,14885.53214325741,13896.56785674259,14391.05,14291.06,7.8202569108070294,0.08375886524822684,0.06162289842990143,0.05728914412232755,23609.0,13007.0,-0.35274683383455463,0.1748289382640117,1.0618405189336428,1.0692698792111992,-0.022773378705582048,0
2023-01-23,15690.0,15940.0,15377.0,15645.0,358191173234,22895009,4653,14889.0,15435.0,67.90646167782413,126.95317871569932,3.6217683035051635,15117.135424768447,13780.464575231552,14448.8,14264.58,2.289056308038571,0.08544303797468356,0.06330945163957002,0.010077874484654137,23609.0,13007.0,-0.34622389766614425,0.1866687168447759,1.0682548031670451,1.0820507859327089,-0.03206997084548102,0
2023-01-24,15699.0,15699.0,15180.0,15348.0,115641136852,7534375,1931,15645.0,15247.0,63.4650932638771,169.44565839181087,36.786546321166306,15244.368130984485,13753.531869015516,14498.95,14259.52,0.7365197481796762,0.07373239436619716,0.05955524669909651,-0.012180110139293765,23609.0,13007.0,-0.35418696259900884,0.17221496117475205,1.0515933912455728,1.0692505778595633,-0.008985374171968208,0
2023-01-25,15203.0,15273.0,14552.0,14823.0,122905499663,8291389,1829,15348.0,14901.0,56.18214912433856,173.20534294270328,64.0703056454737,15288.242253829692,13769.757746170308,14529.0,14237.14,0.7934920815650727,0.05307420494699655,0.03666342006400436,-0.022692988784678958,23609.0,13007.0,-0.368842390613749,0.14561390020758053,1.0256039644848234,1.0466287470657731,0.012213945372793855,0
2023-01-28,15100.0,15480.0,14801.0,15074.0,206679183774,13711402,2636,14823.0,14953.0,56.981141918460544,178.32526282795698,86.92129708197035,15326.443769186451,13764.856230813548,14545.65,14226.2,1.3197615528087665,0.034594893793675974,0.04566433566433559,0.003489698677941133,23609.0,13007.0,-0.3666398407387013,0.14961174752056586,1.02800493618367,1.0510888360911557,0.003477563030829911,0
2023-01-29,15000.0,15219.0,14600.0,14870.0,167880907450,11290062,1983,15074.0,14933.0,56.55400560452676,178.708957748564,105.27882921528908,15361.127484865721,13807.972515134277,14584.55,14220.92,1.0524517736199293,-0.022773378705582048,0.059078014184397176,-0.0013375242426268974,23609.0,13007.0,-0.36748697530602736,0.14807411393864842,1.0238917210335596,1.0500727097824893,0.013393156097234238,0
2023-01-30,14811.0,15080.0,14740.0,14932.0,57701578478,3864365,950,14870.0,14940.0,56.67641435600965,177.53140866643662,119.72934510551859,15397.24887372937,13832.351126270629,14614.8,14223.74,0.3622248308570284,-0.03206997084548102,0.05063291139240511,0.0004687604634032727,23609.0,13007.0,-0.36719047820746326,0.14861228569231952,1.0222514163724443,1.050356657250484,0.008701472556894352,0
2023-01-31,14931.0,15250.0,14931.0,15071.0,114027079494,7566223,1532,14932.0,15110.0,59.649753723374154,188.14693108167558,133.41286230075,15454.04930264124,13833.65069735876,14643.85,14233.12,0.7538881962951424,-0.008985374171968208,0.06408450704225355,0.011378848728246238,23609.0,13007.0,-0.3599898343851921,0.16168217113861766,1.0318324757492052,1.0616084175500522,-0.0065519523494375065,0
2023-02-01,15279.0,15279.0,15000.0,15091.0,52948169470,3508502,730,15071.0,15083.0,58.95766796798986,192.16596509838018,145.16348286027602,15502.255704120764,13847.744295879236,14675.0,14242.58,0.3512190959530524,0.012213945372793855,0.06593639575971721,-0.0017868960953011381,23609.0,13007.0,-0.3611334660510822,0.15960636580302914,1.0278023850085178,1.059007567449156,0.04342637406351524,0
2023-02-05,15091.0,15153.0,14881.0,15065.0,89587290180,5946911,1301,15091.0,15005.0,56.90363784085179,186.90263317302743,153.5113129228263,15535.29709795581,13863.20290204419,14699.25,14257.4,0.5824264796762729,0.003477563030829911,0.03819276274821837,-0.005171385002983531,23609.0,13007.0,-0.3644372908636537,0.15360959483355116,1.0208003809718182,1.0524359280093145,0.06624458513828735,1
2023-02-06,15060.0,15170.0,14889.0,15022.0,48747355026,3245004,833,15065.0,15133.0,59.40316976626522,190.85982174235687,160.9810146867324,15580.300610117254,13892.099389882747,14736.2,14277.74,0.31622498657957915,0.013393156097234238,-0.009685230024213065,0.008530489836721111,23609.0,13007.0,-0.3590156296327672,0.16345044975782272,1.0269268875286708,1.059901637093826,0.06390008590497587,1
2023-02-07,15139.0,15200.0,15026.0,15069.0,36883988420,2447630,631,15022.0,15070.0,57.631458488384375,186.7595014278195,166.13671203494982,15613.619694958466,13914.180305041533,14763.9,14295.74,0.24082644609559253,0.008701472556894352,-0.02364755425979914,-0.004163087292671674,23609.0,13007.0,-0.36168410351984415,0.1586069039747828,1.0207330041520195,1.0541601903783924,0.09528865295288647,1
2023-02-08,15120.0,15120.0,14950.0,14989.0,29984307166,2000466,704,15069.0,15011.0,55.94852061872088,176.7121336437467,168.25179635670924,15633.054164170719,13956.845835829283,14794.95,14314.94,0.19854165426070386,-0.0065519523494375065,-0.015478454777989148,-0.003915063039150679,23609.0,13007.0,-0.3641831504934559,0.1540708849081264,1.0146029557382754,1.0486247235405806,0.15142229032043164,1
2023-02-12,15001.0,15849.0,15001.0,15536.0,205877382795,13251920,2080,14989.0,15738.0,68.25126460158775,224.82075280273602,179.5655876459146,15772.128828136427,13954.171171863572,14863.15,14349.1,1.2687718657006064,0.04342637406351524,0.056170726796859194,0.04843115048964086,23609.0,13007.0,-0.33338980897115505,0.20996386561082495,1.0588603357969206,1.0967935271201679,0.06620917524463077,1
2023-02-13,15800.0,16203.0,15800.0,15959.0,208814758642,13084055,2009,15536.0,15999.0,71.34531836644848,280.7711438497754,199.80669888668677,15944.081907466316,13952.118092533685,14948.1,14389.36,1.198477406989066,0.06624458513828735,0.06995251788938672,0.016584064048799085,23609.0,13007.0,-0.3223347028675505,0.23002998385484738,1.0703032492423785,1.1118632100385284,0.040627539221201214,0
2023-02-14,16000.0,16198.0,15801.0,15997.0,126533237439,7909674,1398,15959.0,16100.0,72.4636567752951,329.4642292131266,225.73820495197475,16084.198431617482,14012.001568382519,15048.1,14432.9,0.7094689939404725,0.06390008590497587,0.07814906582736225,0.006312894555909665,23609.0,13007.0,-0.3180566733025541,0.2377950334435304,1.0699025126095654,1.1155069320787923,0.06267080745341613,1
2023-02-15,16187.0,16640.0,16052.0,16437.0,162227320194,9869461,2228,15997.0,16506.0,76.44359247292479,396.2469686948061,259.83995770054105,16306.596906131179,14018.20309386882,15162.4,14484.36,0.8688463102873232,0.09528865295288647,0.10481927710843375,0.025217391304347858,23609.0,13007.0,-0.3008598415858359,0.2690089951564542,1.0886139397456867,1.1395739956753352,0.133406034169393,1
2023-02-19,16770.0,17682.0,16770.0,17248.0,301326822548,17470511,3186,16437.0,17284.0,81.85552566386775,506.1166709246718,309.0953003453672,16705.509845886372,13927.690154113629,15316.6,14554.52,1.44992668623222,0.15142229032043164,0.1438782263401721,0.04713437537865017,23609.0,13007.0,-0.26790630691685374,0.3288229414930422,1.1284488724651685,1.1875348688929623,0.04026845637583887,0
2023-02-20,17500.0,17898.0,16072.0,16920.0,448049410904,26480533,5755,17248.0,16780.0,70.54808718700392,546.2240824047694,356.52105675724766,16867.965613359258,14028.234386640745,15448.1,14614.84,2.0143619365614356,0.06620917524463077,0.11251077371875629,-0.029159916685952303,23609.0,13007.0,-0.28925409801346946,0.290074575228723,1.0862177225678238,1.1481480467798484,0.055542312276519734,1
2023-02-21,16800.0,16848.0,16238.0,16542.0,219399791788,13263374,2747,16920.0,16649.0,67.92174966139544,560.9723497193208,397.41131534966235,16992.536385987758,14123.263614012241,15557.9,14679.32,0.9998548091637581,0.040627539221201214,0.10956347884038653,-0.0078069129916567,23609.0,13007.0,-0.29480282942945485,0.28000307526716384,1.070131573027208,1.134180602371227,0.011952669830019857,0
2023-02-22,16550.0,17190.0,16522.0,17008.0,134939277359,7933921,2032,16542.0,17109.0,71.88038810343267,602.8295694134049,438.4949661624109,17227.467684373238,14071.132315626763,15649.3,14758.1,0.7872328414188735,0.06267080745341613,0.1305755633383996,0.027629287044266926,23609.0,13007.0,-0.27531873438095644,0.3153686476512647,1.0932757375729267,1.159295573278403,-0.06663159740487468,0
2023-02-25,17460.0,18708.0,17460.0,18302.0,348470405488,19040472,3198,17008.0,18708.0,80.76589857064616,756.309390320017,502.0578509939321,17873.39465832012,13752.505341679878,15812.95,14872.12,1.926098621593974,0.133406034169393,0.24140676841406772,0.09345958267578469,23609.0,13007.0,-0.20759032572324113,0.43830245252556316,1.1830809557988864,1.2579242233118075,-0.10995296129997867,0
2023-02-26,19490.0,19494.0,17700.0,18523.0,345762417497,18666710,4363,18302.0,17980.0,69.93131218061635,809.8641287474748,563.6191065446407,18195.908206813987,13703.291793186012,15949.6,14961.12,1.7876344520443472,0.04026845637583887,0.1977882885883686,-0.038913833654051766,23609.0,13007.0,-0.23842602397390825,0.38233259014376875,1.127300998144154,1.2017816847936518,-0.09710789766407124,0
2023-02-27,17990.0,18250.0,17525.0,17976.0,382462433196,21276497,2141,18523.0,17712.0,66.39996624116529,821.2148311764249,615.1382514709976,18407.08368700958,13773.216312990417,16090.15,15050.32,1.91829042733632,0.055542312276519734,0.1254288982081586,-0.014905450500556139,23609.0,13007.0,-0.24977762717607693,0.3617283001460752,1.1007976929985115,1.176852053644042,-0.10919150858175253,0
2023-02-28,17879.0,17879.0,16800.0,17299.0,213435782419,12337949,3357,17976.0,16848.0,56.49520895022703,751.8261811572083,642.4758374082398,18462.731591667784,13907.068408332218,16184.9,15121.56,1.1193206354298288,0.011952669830019857,0.053065816613538264,-0.04878048780487809,23609.0,13007.0,-0.286373840484561,0.2953025294072423,1.0409702871194755,1.1141707601596662,-0.029558404558404527,0
2023-03-01,16910.0,17047.0,15599.0,16130.0,241085228708,14946115,3594,17299.0,15969.0,48.55911880328783,618.7743763711314,637.7355452008181,18444.335757999892,14029.064242000108,16236.7,15173.14,1.3338178090731423,-0.06663159740487468,-0.008136645962732891,-0.052172364672364635,23609.0,13007.0,-0.32360540471853955,0.22772353348197125,0.9835126595921585,1.0524518985523101,-0.045901434028430055,0
2023-03-04,16100.0,16740.0,16000.0,16365.0,369995052779,22608704,2392,16130.0,16651.0,53.962736963305105,561.884507933366,622.5653377473277,18453.54611973553,14190.95388026447,16322.25,15234.32,1.8619125205732128,-0.10995296129997867,0.008784684357203476,0.04270774625837559,23609.0,13007.0,-0.2947181159727223,0.28015683862535556,1.0201412182756666,1.0929926639324894,-0.07891417932856881,0
2023-03-05,16790.0,16790.0,16091.0,16478.0,140812318460,8545391,1646,16365.0,16234.0,50.47165411887628,477.6444741666455,593.5811650311913,18436.953580273715,14319.946419726284,16378.45,15284.68,0.7009193147135467,-0.09710789766407124,-0.060749826429067344,-0.02504354092847272,23609.0,13007.0,-0.3123808717014698,0.2480971784423772,0.9911804841117443,1.062109249261352,-0.041517802143649085,0
2023-03-06,16149.0,16149.0,15611.0,15783.0,92694632725,5873224,1643,16478.0,15778.0,46.898600447710045,369.8251374643223,548.8299595178175,18405.454160492503,14420.945839507496,16413.2,15310.68,0.4771128561039859,-0.10919150858175253,-0.0597139451728248,-0.02808919551558453,23609.0,13007.0,-0.331695539836503,0.2130391327746598,0.9612994419126069,1.0305224849582122,0.03308404106984408,0
2023-03-07,15590.0,16380.0,15590.0,16001.0,127582466406,7973514,1568,15783.0,16350.0,51.533589644252295,326.76639631618673,504.41724687749144,18365.968440641638,14594.931559358363,16480.45,15344.08,0.642442137958436,-0.029558404558404527,-0.017959036578773513,0.036253010520978624,23609.0,13007.0,-0.3074674912109789,0.25701545321749825,0.9920845607977937,1.065557530982633,-0.004954128440367023,0
2023-03-11,16160.0,16170.0,15092.0,15510.0,120303590807,7756636,2287,16001.0,15236.0,43.55921479566294,200.44098491732075,443.6219944854573,18356.877788036738,14614.322211963261,16485.6,15365.46,0.6138114686657944,-0.045901434028430055,-0.10947454556081593,-0.06813455657492351,23609.0,13007.0,-0.35465288661103817,0.17136926270469746,0.9242005143883147,0.9915746095463462,0.09989498556051446,1
2023-03-12,15195.0,15435.0,14850.0,15120.0,85730951393,5670139,1338,15510.0,15337.0,44.39926959000758,107.2408365573283,376.3457628998316,18333.08178097967,14664.81821902033,16498.95,15386.6,0.44305010626182995,-0.07891417932856881,-0.18019029292281374,0.00662903649251767,23609.0,13007.0,-0.35037485704604177,0.17913431229338048,0.9295743062437306,0.9967764158423563,0.07256960292104053,1
2023-03-13,15335.0,15780.0,15150.0,15533.0,64210251348,4133882,1141,15120.0,15560.0,46.29973161771711,50.78783329457292,311.23417697877983,18285.533809577788,14767.266190422217,16526.4,15412.92,0.3203408921140972,-0.041517802143649085,-0.1345939933259177,0.014540001304035988,23609.0,13007.0,-0.34092930662035664,0.1962789267317598,0.9415238648465485,1.0095426434445907,0.06169665809768632,1
2023-03-14,15581.0,16400.0,15581.0,16052.0,122772964254,7648602,1741,15533.0,16300.0,52.14515717419608,65.01083263805776,261.9895081106354,18279.994074171118,14829.005925828884,16554.5,15452.92,0.6058553816944147,0.03308404106984408,-0.07971996386630531,0.04755784061696655,23609.0,13007.0,-0.3095853276292939,0.25317136926270467,0.9846265365912592,1.0548168242636342,0.009509202453987786,0
2023-03-15,16450.0,16650.0,16220.0,16442.0,84513316931,5140132,1463,16052.0,16269.0,51.890332902191126,72.94040952953037,224.17968839441443,18280.070909746333,14855.929090253667,16568.0,15485.9,0.42038256603606033,-0.004954128440367023,-0.03436609686609682,-0.0019018404907975572,23609.0,13007.0,-0.31089838620864924,0.2507880372107327,0.9819531627233221,1.0505685817421009,0.024156371012354683,0
2023-03-18,16256.0,16900.0,16256.0,16712.0,120009106195,7180973,1768,16442.0,16758.0,55.5780396669154,117.3303582675253,202.8098223690366,18300.980103994993,14900.81989600501,16600.9,15537.96,0.589046757002821,0.09989498556051446,0.049408228442607616,0.03005716393140334,23609.0,13007.0,-0.29018594603752806,0.2883831782886138,1.0094633423489088,1.0785199601492088,0.018617973505191454,0
2023-03-19,16615.0,16750.0,16219.0,16393.0,69884568101,4263114,1358,16712.0,16450.0,52.83115350162631,126.20190946375988,187.48823978798126,18298.98034852532,14897.219651474676,16598.1,15580.26,0.3579284636837822,0.07256960292104053,-0.012071347066242244,-0.018379281537176273,23609.0,13007.0,-0.30323181837434876,0.2647036211270854,0.9910772919792026,1.0558232019234595,0.06322188449848021,1
2023-03-25,16820.0,16820.0,16422.0,16591.0,55856623855,3366733,1112,16393.0,16520.0,53.39492440938194,137.29840217347555,177.45027226508012,18231.51154578438,14888.288454215624,16559.9,15620.08,0.3004581547046257,0.06169665809768632,0.017617346310213167,0.004255319148936065,23609.0,13007.0,-0.3002668473887077,0.2700853386637964,0.9975905651604176,1.0576130211881116,0.05145278450363189,1
2023-03-26,16600.0,17099.0,16303.0,16668.0,119276479733,7156066,1808,16591.0,16455.0,52.76427587930668,139.2423961520435,169.8086970424728,18212.703896673098,14874.596103326907,16543.65,15659.98,0.6988954916128725,0.009509202453987786,0.04290784636836098,-0.0039346246973365195,23609.0,13007.0,-0.30302003473251726,0.26508802952256477,0.9946414485316117,1.0507676255014375,0.022424794895168576,0
2023-03-27,16600.0,16663.0,16337.0,16495.0,62952313401,3816409,1080,16668.0,16662.0,54.603161403094326,155.6914809369373,166.9852538213657,18213.527617792024,14875.072382207973,16544.3,15702.82,0.3907549005137492,0.024156371012354683,0.019082568807339495,0.012579762989972654,23609.0,13007.0,-0.29425219196069297,0.2810025370954102,1.0071142326964575,1.0610832958666023,0.021546032889208977,0
2023-03-28,16698.0,17142.0,16560.0,16833.0,71631211222,4255351,1460,16495.0,17070.0,58.06815612643838,199.35168718223213,173.45854049353898,18209.023486319275,14875.676513680724,16542.35,15756.34,0.4440599187673216,0.018617973505191454,0.12037280126017325,0.024486856319769545,23609.0,13007.0,-0.27697064678724215,0.3123702621665257,1.031896919119714,1.083373423015751,0.006209724663151839,0
2023-03-29,17150.0,17799.0,17140.0,17362.0,87183423409,5021466,1557,16833.0,17490.0,61.339444764872795,264.7908608823109,191.72500457129337,17897.27675140699,15065.623248593012,16481.45,15815.82,0.5653606896427061,0.06322188449848021,0.1403794744734954,0.024604569420035194,23609.0,13007.0,-0.2591808208733957,0.34466056738679174,1.0611930382338932,1.1058547707295607,-0.01715265866209259,0
2023-04-03,17340.0,17600.0,17000.0,17354.0,48410299654,2789529,1033,17362.0,17370.0,59.90154191054967,303.4706595261632,214.07413556226734,17758.473686209807,15143.426313790194,16450.95,15875.42,0.3448963468976028,0.05145278450363189,0.11632390745501286,-0.006861063464837058,23609.0,13007.0,-0.26426362827735184,0.33543476589528715,1.0558660746035944,1.0941442809072137,-0.024179620034542326,0
2023-04-04,17370.0,17699.0,16636.0,16977.0,119183243406,7020137,1934,17354.0,16824.0,53.729886003917045,286.761434423468,228.61159533450748,17594.622636668188,15218.477363331813,16406.55,15924.42,0.9518567440710415,0.022424794895168576,0.032147239263803584,-0.031433506044905024,23609.0,13007.0,-0.2873904019653522,0.2934573691089413,1.025444106164916,1.0564905974597505,0.003922967189728954,0
2023-04-05,16817.0,17300.0,16601.0,16870.0,74155492836,4395609,1582,16977.0,17021.0,55.51093256048764,286.11732433533325,240.11274113467266,17618.42543191195,15211.974568088051,16415.2,15978.84,0.6299161132472667,0.021546032889208977,0.046222877865879974,0.011709462672372828,23609.0,13007.0,-0.2790461264771909,0.30860305989082804,1.0369048199229982,1.0652212551098827,-0.01327771576288117,0
2023-04-08,16910.0,17450.0,16900.0,17177.0,118340138938,6889559,1810,16870.0,17176.0,56.91613694047741,294.7167557553403,251.03354405880617,17704.01546145981,15247.084538540188,16475.55,16040.36,1.0478004781104804,0.006209724663151839,0.024943310657596474,0.009106397978967173,23609.0,13007.0,-0.27248083358041425,0.3205197201506881,1.0425145139312497,1.0707989097501551,-0.007626921285514676,0
2023-04-09,17200.0,17398.0,17050.0,17113.0,82981507010,4848940,1243,17177.0,17190.0,57.04809915702204,299.21241563420335,260.66931837388563,17768.261983944714,15236.738016055286,16502.5,16099.76,0.8525953127284983,-0.01715265866209259,0.04498480243161085,0.0008150908244062283,23609.0,13007.0,-0.27188783938328603,0.3215960636580303,1.0416603544917438,1.0677177796439201,0.023792902850494402,0
2023-04-10,17290.0,17300.0,16800.0,17037.0,148979239031,8744209,1309,17113.0,16950.0,53.99489692815951,280.1795290363407,264.57136050637666,17812.13658292563,15264.46341707437,16538.3,16154.76,1.5348226865804098,-0.024179620034542326,0.026029055690072633,-0.013961605584642212,23609.0,13007.0,-0.28205345419119826,0.30314446067502115,1.0248937315201683,1.0492263580517445,0.04955752212389375,0
2023-04-11,17020.0,17020.0,16763.0,16877.0,60991692656,3613858,1108,17037.0,16890.0,53.22792647617152,257.28846940512085,263.11478228612555,17826.54818987399,15361.251810126014,16593.9,16209.56,0.6471527232456167,0.003922967189728954,0.026435733819507812,-0.0035398230088495852,23609.0,13007.0,-0.28459485789317635,0.29853155992926883,1.0178439064957605,1.0419776971120747,0.06749555950266428,1
2023-04-15,16811.0,17098.0,16767.0,16834.0,236052057352,14022607,2915,16877.0,16795.0,51.96920673831524,228.84346861820814,256.26051955254206,17846.44756969589,15385.852430304114,16616.15,16256.4,2.382083822193311,-0.01327771576288117,0.007982235025807194,-0.005624629958555394,23609.0,13007.0,-0.2886187470879749,0.29122780041516105,1.0107636245459988,1.0331315666445215,0.04864543018755585,0
2023-04-16,16959.0,17060.0,16800.0,16885.0,144905790660,8581713,2170,16834.0,17045.0,54.985952073228034,223.89261650745902,249.78693894352548,17772.77398204963,15640.426017950367,16706.6,16291.68,1.447669257207473,-0.007626921285514676,-0.0014645577035735657,0.014885382554331583,23609.0,13007.0,-0.2780295649963997,0.31044822018912893,1.0202554678989142,1.0462395529497264,0.032678204752126794,0
2023-04-17,17120.0,17814.0,17120.0,17478.0,225548700034,12904718,2995,16885.0,17599.0,60.853613066536944,261.65599315564396,252.16074978594918,17752.263799425822,15887.136200574181,16819.7,16334.96,2.051728749617618,0.023792902850494402,0.0062321326472269956,0.03250220005866833,23609.0,13007.0,-0.25456393748146894,0.3530406704082417,1.046332574302752,1.077382497416584,-0.011307460651173384,0
2023-04-18,17851.0,18080.0,17565.0,17778.0,220294005429,12391671,2168,17478.0,17790.0,62.660749046416605,303.4973168184042,262.42806319244016,17762.388209733195,16100.011790266806,16931.2,16385.82,1.848794025240886,0.04955752212389375,0.024179620034542326,0.010852889368714091,23609.0,13007.0,-0.24647380236350544,0.36772507111555314,1.0507229257229256,1.0856948263803703,0.010623946037099596,0
2023-04-19,18040.0,18281.0,17800.0,18087.0,147927149472,8178815,1592,17778.0,18030.0,64.85613665046363,351.9656209209279,280.3355747381377,17924.74709910756,16110.65290089244,17017.7,16448.4,1.2154431888238162,0.06749555950266428,0.07168330955777469,0.013490725126475533,23609.0,13007.0,-0.2363081875555932,0.3861766740985623,1.059485124311746,1.0961552491427737,0.011647254575707144,0
2023-04-24,18180.0,18180.0,17200.0,17491.0,235239589445,13449013,2255,18087.0,17612.0,58.41423589481747,352.5836298796494,294.78518576644007,17958.478130270203,16211.221869729796,17084.85,16501.58,1.8824224061377353,0.04864543018755585,0.034721814229481174,-0.02318358291736,23609.0,13007.0,-0.254013300012707,0.35404013223648806,1.0308548216694908,1.0672917381244704,0.01794231205995911,0
2023-04-25,17557.0,17850.0,17557.0,17679.0,105839919952,5986650,1298,17491.0,17602.0,58.26513504674109,348.2520570709021,305.4785600273325,18014.87058435215,16239.22941564785,17127.05,16554.96,0.8449981572190305,0.032678204752126794,0.02480204937121555,-0.0005677946854417693,23609.0,13007.0,-0.25443686729637005,0.3532713154455293,1.027730986947548,1.0632463020146228,0.018406999204635843,0
2023-04-26,17699.0,17699.0,17249.0,17359.0,169984014825,9792430,1868,17679.0,17400.0,55.200087389048264,324.7757301458587,309.33799405103775,18012.655834605255,16336.444165394742,17174.55,16604.16,1.330262913791901,-0.011307460651173384,0.01221640488656206,-0.011475968639927281,23609.0,13007.0,-0.26299292642636285,0.3377412162681633,1.0131269814929649,1.0479301572617947,0.02499999999999991,0
2023-04-29,17520.0,18020.0,17400.0,17702.0,205430404184,11604730,1994,17359.0,17979.0,61.45855916737185,348.8694827812724,317.2442917970847,18098.896147512627,16396.103852487373,17247.5,16661.54,1.4929203951950645,0.010623946037099596,0.06070796460176986,0.03327586206896549,23609.0,13007.0,-0.23846838070227455,0.3822557084646729,1.0424119437599653,1.079071922523368,-0.014461315979754197,0
2023-04-30,18000.0,18300.0,17988.0,18147.0,137428433401,7572926,1698,17702.0,18240.0,63.90631968720592,384.591146723189,330.7136627823056,18211.057240047405,16462.442759952595,17336.75,16724.68,0.9716332412413266,0.011647254575707144,0.07992895204262873,0.014516936425830185,23609.0,13007.0,-0.22741327459867,0.4023218267086953,1.0521003071509942,1.090603826201757,-0.10285087719298247,0
2023-05-01,18300.0,18300.0,17665.0,17931.0,89038159186,4965695,1631,18147.0,17928.0,59.076257479739496,383.3065113873927,341.2322325033231,18252.835664747763,16547.264335252235,17400.05,16783.14,0.6324532671306241,0.01794231205995911,0.06746055373623094,-0.017105263157894735,23609.0,13007.0,-0.24062857384895592,0.37833474283078344,1.030341866833716,1.0682148870831085,-0.07686300758589915,0
2023-05-02,17810.0,18050.0,17550.0,17764.0,112616457568,6339760,1873,17931.0,17926.0,59.045450051979785,377.7723211797165,348.5402502386018,18310.867344296334,16574.832655703663,17442.85,16839.0,0.7968825628738533,0.018406999204635843,0.05168671164564387,-0.0001115573404729675,23609.0,13007.0,-0.2407132873056885,0.37818097947259166,1.0276990285417809,1.064552526872142,-0.06080553386143028,0
2023-05-03,17970.0,17988.0,17550.0,17698.0,94325910572,5329779,1595,17764.0,17835.0,57.574266179329136,361.87206023433464,351.2066122377484,18344.73300865345,16575.466991346548,17460.1,16894.3,0.66863636960108,0.02499999999999991,0.013409852832547253,-0.005076425304027632,23609.0,13007.0,-0.2445677495870219,0.3711847466748674,1.021471812876215,1.0556815020450685,-0.06419960751331655,0
2023-05-06,17902.0,17998.0,17655.0,17766.0,89974785041,5064309,1348,17698.0,17719.0,55.67010443980774,336.03713145679285,348.17271608155727,18368.133960106654,16586.966039893345,17477.55,16948.46,0.6263944279826664,-0.014461315979754197,-0.003991006183248991,-0.006504065040650375,23609.0,13007.0,-0.24948113007751282,0.3622664718997463,1.0138148653558423,1.0454637176475032,-0.06885264405440483,0
2023-05-07,17702.0,17894.0,16195.0,16682.0,147804904478,8860238,2147,17766.0,16364.0,39.31376672467835,203.8754393210329,319.3132607294524,18431.07290807705,16478.027091922948,17454.55,16960.98,1.08357443185001,-0.10285087719298247,-0.09240155296727681,-0.07647158417517919,23609.0,13007.0,-0.30687449701385067,0.25809179672484045,0.9375205891873466,0.9648027413510305,0.026032754827670423,0
2023-05-08,16030.0,16853.0,15901.0,16327.0,158641326742,9716746,1721,16682.0,16550.0,41.83985122508842,112.84419403722131,278.01944739100617,18468.992100162264,16393.007899837736,17431.0,16972.0,1.1508752844380834,-0.07686300758589915,-0.060299795593913186,0.011366414079687193,23609.0,13007.0,-0.2989961455377187,0.27239178903667255,0.9494578624290058,0.975135517322649,-0.008459214501510548,0
2023-05-09,16760.0,16961.0,16411.0,16771.0,61708822708,3679464,880,16327.0,16836.0,45.59020755861332,63.052258911306126,235.0260096950662,18478.92797878508,16349.072021214919,17414.0,16986.72,0.4442502149630044,-0.06080553386143028,-0.04351778207021928,0.017280966767371675,23609.0,13007.0,-0.2868821212249566,0.2943799492580918,0.9668083151487309,0.9911271864138573,-0.016452839154193377,0
2023-05-10,16990.0,17040.0,16313.0,16582.0,52756765109,3181611,743,16771.0,16690.0,44.02935856325047,11.676215619932918,190.35605088003953,18496.416633430836,16281.583366569164,17389.0,16990.4,0.38804643529856053,-0.06419960751331655,-0.040804597701149414,-0.008671893561416066,23609.0,13007.0,-0.29306620356643653,0.2831552241100946,0.9598021737880269,0.9823194274413786,-0.002696225284601561,0
2023-05-13,16670.0,16699.0,15909.0,16249.0,74110669182,4560818,882,16582.0,16499.0,42.0033626073329,-43.9451996723983,143.49580076955198,18525.85216922313,16207.047830776872,17366.45,16974.7,0.5708245178300636,-0.06885264405440483,-0.0823182601924467,-0.011443978430197732,23609.0,13007.0,-0.3011563386844,0.2684708234027831,0.9500502405500261,0.9719759406646361,0.008788411418873876,0
2023-05-14,16846.0,16939.0,16174.0,16690.0,91974669095,5510804,955,16249.0,16790.0,46.074665104662216,-63.808756386646564,102.03488933831228,18529.85549040104,16193.04450959896,17361.45,16974.9,0.6816316080317811,0.026032754827670423,-0.07949561403508776,0.017637432571671052,23609.0,13007.0,-0.2888305307298064,0.29084339201968173,0.9670851224984088,0.9891074468774483,-0.002203692674210833,0
2023-05-15,16730.0,16730.0,16280.0,16447.0,48376498330,2941413,730,16690.0,16410.0,41.93485002135485,-108.95759704439843,59.83639206177015,18558.985700112928,16125.414299887074,17342.2,16970.12,0.3905913941745239,-0.008459214501510548,-0.08467202141900942,-0.022632519356760028,23609.0,13007.0,-0.3049260875090008,0.26162835396325057,0.9462467276354787,0.9669937513700552,0.007800121876904376,0
2023-05-17,16580.0,16581.0,16301.0,16485.0,48255825179,2927301,781,16447.0,16559.0,44.05735683206598,-131.2028984481185,21.62853395979242,18576.160847360086,16059.639152639917,17317.9,16959.12,0.4038801593756674,-0.016452839154193377,-0.07625794934731678,0.00907982937233398,23609.0,13007.0,-0.298614934982422,0.2730837241485354,0.9561782895154723,0.9764067946921775,-0.0005435110815870114,0
2023-05-20,16559.0,16760.0,16440.0,16516.0,67027946687,4058458,870,16485.0,16645.0,45.30019948425615,-140.2759648077481,-10.752365793715686,18554.285137364084,15986.114862635917,17270.2,16917.86,0.5963381899509386,-0.002696225284601561,-0.06672273619287916,0.00519355033516522,23609.0,13007.0,-0.29497225634292007,0.2796955485507803,0.9637989137357992,0.9838714825633975,-0.018984680084109362,0
2023-05-21,16645.0,16698.0,16503.0,16604.0,26437020477,1592170,658,16516.0,16644.0,45.287600407866115,-145.86567816862225,-37.775028268697,18501.359685050087,15924.440314949918,17212.9,16891.14,0.25411064267567174,0.008788411418873876,-0.0606693379987584,-6.0078101531968464e-05,23609.0,13007.0,-0.29501461307128635,0.27961866687168446,0.9669492066996264,0.9853686607298264,-0.051550108147080054,0
2023-05-22,16710.0,16771.0,16542.0,16643.0,69681432969,4186855,948,16604.0,16753.0,47.017350830921224,-139.8876395975858,-58.19755053447476,18395.080573460935,15903.019426539064,17149.05,16871.96,0.6902101257348573,-0.002203692674210833,0.023771693962356455,0.006548906512857444,23609.0,13007.0,-0.29039772967935956,0.28799876989313444,0.9769054262481013,0.9929492483386637,-0.03563540858353731,0
2023-05-23,16760.0,16785.0,16470.0,16625.0,42001550883,2526398,832,16643.0,16538.0,44.05849384235259,-150.76082716047677,-76.71020585967517,18349.49086529361,15841.209134706385,17095.35,16865.76,0.45768678765768267,0.007800121876904376,-0.0007250755287009358,-0.012833522354205207,23609.0,13007.0,-0.2995044262781143,0.27146920888752213,0.9673975671746996,0.9805665442885468,-0.025456524368121847,0
2023-05-24,16502.0,16650.0,16433.0,16518.0,35587456349,2154428,606,16625.0,16550.0,44.26930217338434,-156.60436924353417,-92.68903853644697,18295.72436126979,15789.77563873021,17042.75,16877.38,0.40433557941793863,-0.0005435110815870114,-0.016987407935376564,0.0007256016446970381,23609.0,13007.0,-0.2989961455377187,0.27239178903667255,0.9710874125361224,0.9806024394781654,-0.04543806646525683,0
2023-05-27,16550.0,16568.0,16200.0,16357.0,35730216687,2184434,717,16518.0,16329.0,41.19073346175396,-177.02760740839585,-109.55675231083676,18267.807304843616,15710.592695156385,16989.2,16870.94,0.44148559206284965,-0.018984680084109362,-0.0216297183942481,-0.013353474320241698,23609.0,13007.0,-0.3083569825066712,0.255400937956485,0.961140018364608,0.9678773085554214,-0.03790801641251762,0
2023-05-28,16328.0,16329.0,15714.0,15899.0,36505097113,2296124,778,16357.0,15786.0,34.78921448658117,-234.32755061552962,-134.51091197177533,18175.829827043337,15583.270172956663,16879.55,16861.98,0.5122433663520977,-0.051550108147080054,-0.04321474028729011,-0.03325372037479335,23609.0,13007.0,-0.33135668600957263,0.21365418620742677,0.9352145051260253,0.9361889884817798,-0.005447865197010016,0
2023-05-29,15801.0,16240.0,15801.0,16121.0,36596147523,2270033,686,15899.0,16156.0,41.464770097324916,-247.03459955997096,-157.01564948941444,17946.439625092604,15604.260374907391,16775.35,16869.54,0.5382615528515722,-0.03563540858353731,-0.03776057176891001,0.023438489801089535,23609.0,13007.0,-0.31568469651404124,0.2421004074728992,0.9630797569052212,0.9577024625449182,-0.024820500123793,0
2023-05-30,16020.0,16340.0,15970.0,16117.0,56716842104,3519152,664,16121.0,16117.0,40.988473696803666,-257.2861666866993,-177.06975292887142,17761.65571921199,15607.944280788006,16684.8,16864.88,0.8490083177629223,-0.025456524368121847,-0.01785496648385132,-0.0024139638524387497,23609.0,13007.0,-0.317336608920327,0.23910202198816022,0.9659690257000384,0.955654591079213,-0.03809641992926727,0
2023-05-31,16120.0,16198.0,15668.0,15825.0,33314084308,2105210,605,16117.0,15798.0,37.222208204387314,-287.83327863286104,-199.22245806966936,17559.98125491455,15596.818745085453,16578.4,16876.12,0.5352291521551089,-0.04543806646525683,-0.045956881454194076,-0.019792765402990686,23609.0,13007.0,-0.330848405269177,0.21457676635657721,0.9529266998021522,0.9361156474355481,-0.023230788707431338,0
2023-06-03,15798.0,15979.0,15500.0,15656.0,38371703894,2450888,841,15825.0,15710.0,36.23312761139333,-315.5059927942966,-222.47916501459483,17340.113426648648,15604.186573351355,16472.15,16883.58,0.646784467395889,-0.03790801641251762,-0.05617302493241216,-0.005570325357640238,23609.0,13007.0,-0.3345757973654115,0.20781117859614054,0.9537309944360632,0.9304898605627479,-0.029280712921705865,0
2023-06-06,15840.0,15840.0,15544.0,15692.0,39023516502,2486867,644,15656.0,15700.0,36.11568453779493,-334.389105111155,-244.86115303390687,17092.94305677277,15649.456943227233,16371.2,16886.38,0.6793845031838256,-0.005447865197010016,-0.056717135304013455,-0.0006365372374284028,23609.0,13007.0,-0.3349993646490745,0.20704236180518182,0.9590011727912431,0.9297433789835358,-0.019108280254777066,0
2023-06-07,15780.0,15830.0,15550.0,15751.0,28605792780,1816121,523,15692.0,15755.0,37.31906899090482,-340.9853998880535,-264.08600240473623,17110.902160290232,15570.597839709768,16340.75,16875.48,0.5489648311852913,-0.024820500123793,-0.05957142004417115,0.00350318471337574,23609.0,13007.0,-0.33266974458892795,0.21127085415545477,0.9641540320976699,0.9336030738088635,-0.019676293240241227,0
2023-06-10,15800.0,16281.0,15152.0,15688.0,49699889893,3168085,880,15751.0,15503.0,34.14537819173354,-362.3701277059863,-283.74282746498625,17133.255111838553,15443.544888161448,16288.4,16860.16,1.06281914540831,-0.03809641992926727,-0.0625831418551216,-0.015994922246905796,23609.0,13007.0,-0.3433436401372358,0.19189667102329516,0.9517816360109035,0.9195049157303371,0.0029671676449718465,0
2023-06-11,15800.0,15975.0,15328.0,15774.0,45563530478,2888506,924,15688.0,15431.0,33.27468645483617,-380.7385597262364,-303.14197391723627,17101.94506108586,15334.35493891414,16218.15,16833.62,0.9820562028050474,-0.023230788707431338,-0.06761329305135955,-0.004644262400825605,23609.0,13007.0,-0.3463933245796095,0.18636119012839242,0.951464871147449,0.9166774585620918,0.036938630030458164,0
2023-06-12,15431.0,15550.0,14739.0,15127.0,39459179653,2608600,673,15774.0,15250.0,31.12593740728002,-405.229626867731,-323.5595045073352,17096.56680856337,15195.733191436628,16146.15,16809.62,0.895615676982332,-0.029280712921705865,-0.0660787555882173,-0.011729635150022677,23609.0,13007.0,-0.35405989241390995,0.17244560621203966,0.9444976046921403,0.9072186045847557,0.06996721311475418,1
2023-06-13,15443.0,15443.0,15140.0,15349.0,35741478613,2328603,581,15127.0,15400.0,34.8790355134652,-407.8339714729718,-340.4143979004626,17079.96763701074,15102.432362989259,16091.2,16787.22,0.8313403408933702,-0.019108280254777066,-0.024452046116812398,0.009836065573770592,23609.0,13007.0,-0.3477063831589648,0.1839778580764204,0.9570448443869941,0.917364518961448,0.058376623376623415,1
2023-06-14,15512.0,15720.0,15250.0,15478.0,33379612724,2156546,554,15349.0,15445.0,36.00566645579466,-401.63698822667175,-352.65891596570447,16996.278025925323,15051.62197407468,16023.95,16767.02,0.8189488998938825,-0.019676293240241227,-0.044008417925229026,0.0029220779220779924,23609.0,13007.0,-0.34580033038248126,0.1874375336357346,0.9638697075315387,0.9211535502432752,0.05801230171576566,1
2023-06-17,15620.0,15840.0,15460.0,15605.0,38066963205,2439331,444,15478.0,15549.0,38.6474601878286,-383.90844593140537,-358.90882195884467,16957.27961879581,15004.520381204191,15980.9,16744.76,0.9352526095048875,0.0029671676449718465,-0.03524229074889873,0.00673357073486569,23609.0,13007.0,-0.34139523063238597,0.19543322826170523,0.9729739876978143,0.9285890033658292,0.06071129976204248,1
2023-06-18,15602.0,16001.0,15372.0,15664.0,23873697929,1524095,392,15605.0,16001.0,48.582279693038565,-329.58655728489794,-353.0443690240553,16892.91723039843,15013.082769601568,15953.0,16723.38,0.600499549811012,0.036938630030458164,0.012849727813647238,0.029069393530130494,23609.0,13007.0,-0.3222499894108179,0.23018374721303914,1.003008838462985,0.9568041867134514,0.036747703268545706,0
2023-06-19,16140.0,16335.0,15925.0,16061.0,27741052342,1727255,527,15664.0,16317.0,54.169724365804726,-258.0627236469227,-334.0480399486288,16838.317782900984,15034.882217099017,15936.6,16699.92,0.7133040115197078,0.06996721311475418,0.038637810311903165,0.019748765702143567,23609.0,13007.0,-0.3088652632470668,0.2544783578073345,1.0238695832235232,0.9770705488409527,0.01734387448673158,0
2023-06-20,16399.0,16639.0,16111.0,16342.0,30499417805,1866330,464,16061.0,16299.0,53.81101582717572,-200.520543746552,-307.34254070821345,16778.470777306586,15060.229222693415,15919.35,16678.5,0.7663991977966593,0.058376623376623415,0.038152866242038286,-0.0011031439602867676,23609.0,13007.0,-0.3096276843576602,0.2530944875836088,1.0238483355162113,0.9772461552297869,0.013620467513344447,0
2023-06-21,16368.0,16449.0,16262.0,16371.0,38958848590,2379789,777,16342.0,16341.0,54.56700902194023,-149.8020775141049,-275.8344480693918,16694.334282147327,15103.165717852671,15898.75,16668.84,1.0149047498874924,0.05801230171576566,0.037194541415423776,0.002576845205227274,23609.0,13007.0,-0.30784870176627555,0.2563235181056354,1.0278166522525356,0.9803321646857249,0.018725904167431695,0
2023-06-24,16312.0,16501.0,16275.0,16386.0,15105687721,921884,287,16371.0,16493.0,57.29142569910856,-96.23288513809712,-239.91413548313287,16685.06363091375,15107.936369086248,15896.5,16658.28,0.4070821692552866,0.06071129976204248,0.06385860801135257,0.00930175631846275,23609.0,13007.0,-0.30141047905459784,0.26800953332820787,1.0375239832667569,0.9900782073539406,0.00648760080033961,0
2023-06-25,16400.0,16620.0,16400.0,16515.0,18276432841,1106626,346,16386.0,16589.0,58.9650887502871,-45.50792945731337,-201.03289427796898,16693.633117275436,15103.266882724565,15898.45,16646.54,0.5002323566743774,0.036747703268545706,0.07504374311450968,0.005820651185351355,23609.0,13007.0,-0.29734423313143293,0.27539017452141157,1.0434350518446767,0.9965434258410456,-0.0029537645427692993,0
2023-06-26,16589.0,16640.0,16357.0,16538.0,17816088665,1077295,313,16515.0,16600.0,59.1625662106058,-4.370053303338864,-161.70032608304297,16744.431138293057,15079.568861706943,15912.0,16634.74,0.49947215104130205,0.01734387448673158,0.08852459016393444,0.0006630899993971262,23609.0,13007.0,-0.2968783091194036,0.2762358729914661,1.0432378079436904,0.9979115994599254,0.024698795180722932,0
2023-06-27,16630.0,16630.0,16412.0,16507.0,18735938677,1135037,263,16538.0,16521.0,57.0395221713068,21.608283322177158,-125.03860420199894,16819.69221966779,15077.807780332207,15948.75,16626.16,0.5407995801816804,0.013620467513344447,0.07279220779220785,-0.004759036144578288,23609.0,13007.0,-0.3002244906603414,0.2701622203428923,1.035880554902422,0.9936750277875348,0.05604987591550148,1
2023-06-28,16521.0,16674.0,16492.0,16597.0,21275179397,1281859,321,16507.0,16647.0,59.53373364397804,51.766714771545594,-89.67754040729002,16892.565815746377,15054.034184253622,15973.3,16621.3,0.6254789349849745,0.018725904167431695,0.07782453868565886,0.007626656982022917,23609.0,13007.0,-0.29488754288618746,0.2798493119089721,1.0421766322550756,1.0015462087803,0.06205322280290737,1
2023-07-01,16590.0,16685.0,16118.0,16434.0,33996461371,2068614,382,16597.0,16600.0,58.17689957997041,71.0558936589805,-57.53085359403593,16955.12290344869,15039.777096551312,15997.45,16617.4,1.0464049850748178,0.00648760080033961,0.06759277123930807,-0.0028233315312068408,23609.0,13007.0,-0.2968783091194036,0.2762358729914661,1.037665377919606,0.998952904786549,0.07524096385542167,1
2023-07-02,16501.0,16600.0,16410.0,16535.0,18741580743,1133443,323,16434.0,16540.0,56.409424248769454,80.5724196402025,-29.91019894718825,17015.645199254297,15053.454800745702,16034.55,16607.3,0.5877973562776155,-0.0029537645427692993,0.03368539466283349,-0.0036144578313253017,23609.0,13007.0,-0.2994197128213817,0.27162297224571386,1.0315225559806793,0.9959475652273398,0.08216444981862159,1
2023-07-03,16601.0,17030.0,16577.0,16774.0,38375987952,2287836,444,16535.0,17010.0,65.30217844938146,124.60306056975969,0.9924529562013404,17155.429628556118,15043.67037144388,16099.55,16595.52,1.1914967902535658,0.024698795180722932,0.042471042471042386,0.02841596130592494,23609.0,13007.0,-0.27951205048922023,0.3077573614207734,1.0565512700665547,1.024975415051773,0.04350382128159902,0
2023-07-04,17020.0,17455.0,17020.0,17352.0,90187561744,5197462,762,16774.0,17447.0,71.18775535870833,192.5404224311569,39.30204685119246,17376.67223030283,14997.127769697168,16186.9,16588.66,2.528359363463668,0.05604987591550148,0.07043376894288,0.02569077013521448,23609.0,13007.0,-0.2610021601931467,0.34135465518566926,1.0778469008889906,1.051742575952488,0.012265719034791012,0
2023-07-05,17490.0,17796.0,17192.0,17659.0,101171219266,5729217,708,17352.0,17680.0,73.74492350223714,262.16040198146584,83.87371787724715,17619.96102254572,14946.338977454277,16283.15,16581.66,2.5448249675140677,0.06205322280290737,0.08194112967382661,0.013354731472459358,23609.0,13007.0,-0.25113304248379853,0.3592680864150073,1.0857849986028503,1.0662382415270848,-0.0037330316742081315,0
2023-07-08,17642.0,17930.0,17642.0,17785.0,410343869009,23072600,1025,17659.0,17849.0,75.44708484018692,327.19986855813113,132.53894801342395,17849.821239537923,14951.078760462078,16400.45,16586.4,7.10681356656415,0.07524096385542167,0.08221669799308806,0.00955882352941173,23609.0,13007.0,-0.2439747553898937,0.3722610901822096,1.0883237959934027,1.0761226064727727,0.0005602554764971845,0
2023-07-09,17981.0,18343.0,17660.0,17948.0,70821751499,3945924,786,17785.0,17899.0,75.94399617257099,378.41654614887375,181.71446764051393,18040.731837850148,15006.96816214985,16523.85,16592.34,1.195945720476158,0.08216444981862159,0.07896799083730177,0.002801277382486367,23609.0,13007.0,-0.24185691897157863,0.3761051741370032,1.0832221304357037,1.0787507970545445,-0.012291189451924645,0
2023-07-10,17901.0,17970.0,17670.0,17801.0,52068623489,2924964,506,17948.0,17750.0,71.31228832097145,402.3450935929177,225.8405928309947,18136.996669518696,15160.7033304813,16648.85,16599.34,0.882279403680372,0.04350382128159902,0.06927710843373491,-0.0083244874015308,23609.0,13007.0,-0.24816807149815748,0.3646498039517183,1.0661397033428737,1.0693196235512978,0.0033802816901409294,0
2023-07-11,17840.0,18039.0,17400.0,17873.0,89618815237,5014305,842,17801.0,17661.0,68.62020710204598,409.40768667764496,262.55401160032477,18195.92355629172,15327.876443708283,16761.9,16592.98,1.4536237296278214,0.012265719034791012,0.06900308698020696,-0.005014084507042216,23609.0,13007.0,-0.25193782032275824,0.35780733451218577,1.053639503874859,1.0643657739598313,0.02785799218617302,0
2023-07-12,17849.0,17873.0,17174.0,17615.0,68733754905,3902049,555,17873.0,17614.0,67.17794876185474,406.5261549157949,291.3484402634188,18214.875087158845,15525.824912841152,16870.35,16580.46,1.1032723617132825,-0.0037330316742081315,0.058088544482489235,-0.002661230960874228,23609.0,13007.0,-0.2539285865559744,0.3541938955946798,1.0440802947182484,1.062334820626207,0.04456682184625871,0
2023-07-15,17700.0,17888.0,17440.0,17699.0,63557047050,3591081,692,17615.0,17859.0,70.64190085597878,419.1799274110308,316.91473769294123,18251.02955642646,15720.67044357354,16985.85,16579.08,0.9990812749308243,0.0005602554764971845,0.07584337349397585,0.013909390257749621,23609.0,13007.0,-0.24355118810623066,0.3730299069731683,1.0514045514354595,1.077200906202274,0.039811859566605046,0
2023-07-16,17859.0,17899.0,17590.0,17667.0,37129191654,2101655,455,17699.0,17679.0,65.1977532441665,409.9578981419254,335.5233697827381,18284.092599927804,15855.407400072196,17069.75,16574.14,0.5800451181928987,-0.012291189451924645,0.06886336154776296,-0.010078951789013968,23609.0,13007.0,-0.25117539921216486,0.35919120473591143,1.0356917939630048,1.0666616789770087,0.03376887833022235,0
2023-07-17,17652.0,17936.0,17420.0,17680.0,42024015994,2376912,417,17667.0,17810.0,67.18013709755287,408.5109191061092,350.1208796474123,18347.980059655107,15940.819940344896,17144.4,16573.64,0.6501855531955861,0.0033802816901409294,0.047031158142269325,0.007409921375643336,23609.0,13007.0,-0.24562666779617942,0.3692627046974706,1.0388231725811343,1.0745979760631943,0.021841661987647365,0
2023-07-18,18022.0,18247.0,17772.0,17950.0,31852501024,1774529,437,17680.0,18153.0,71.72202385057032,430.0836743446489,366.1134385868597,18451.491353723894,16022.708646276104,17237.1,16582.32,0.48601866031919416,0.02785799218617302,0.04046540952599309,0.019258843346434684,23609.0,13007.0,-0.23109830996653818,0.3956331206273545,1.053135388203352,1.094720159784638,0.019115297746928883,0
2023-07-19,18289.0,18700.0,18200.0,18498.0,75121875094,4061146,515,17950.0,18399.0,74.45270011401111,461.7080988267553,385.23237063483884,18581.69078276329,16098.30921723671,17340.0,16623.02,1.0872569578797984,0.04456682184625871,0.040667420814479716,0.013551479094364494,23609.0,13007.0,-0.22067855478842816,0.4145460136849389,1.0610726643598616,1.1068385888966024,0.010924506766672115,0
2023-07-22,18220.0,18848.0,18056.0,18607.0,70545274361,3791386,689,18498.0,18570.0,76.17496935726622,494.8644644600099,407.1587893998731,18731.388313992742,16156.311686007257,17443.85,16663.42,0.9774896054009891,0.039811859566605046,0.040394419855454,0.009293983368661385,23609.0,13007.0,-0.21343555423779068,0.4276927808103329,1.0645585693525226,1.11441708844883,0.025309639203015655,0
2023-07-23,18700.0,18799.0,18100.0,18422.0,39747667350,2157628,553,18607.0,18276.0,67.72178501244562,491.74920147227385,424.0768718143533,18801.634819690134,16254.765180309867,17528.2,16692.22,0.5488405956471166,0.03376887833022235,0.021062629197161842,-0.01583198707592892,23609.0,13007.0,-0.22588843237748316,0.4050895671561467,1.0426626807088006,1.09488132794799,0.04568833442766462,0
2023-07-24,18223.0,18348.0,17814.0,18108.0,39438938919,2177991,486,18422.0,18199.0,65.66646354646107,477.562038715816,434.77390519464586,18838.496174862674,16377.80382513733,17608.15,16722.4,0.5463715448724287,0.021841661987647365,0.025295774647887237,-0.004213175749616993,23609.0,13007.0,-0.22914990046168834,0.39916967786576457,1.0335554842501908,1.0883007223843466,0.03192483103467225,0
2023-07-25,18259.0,18688.0,18154.0,18321.0,77797513247,4246349,804,18108.0,18500.0,69.55612454078465,485.01583383579054,444.82229092287486,18889.16918579209,16525.03081420791,17707.1,16762.42,1.0252306488831373,0.019115297746928883,0.04750580374837221,0.016539370295071132,23609.0,13007.0,-0.21640052522343176,0.4223110632736219,1.044778648112904,1.1036592568376167,0.012594594594594666,0
2023-07-26,18450.0,18700.0,18400.0,18547.0,47261874829,2548186,497,18321.0,18600.0,70.742044491896,493.30566381485187,454.5189655012703,18942.219625967715,16667.280374032285,17804.75,16798.62,0.6059659244906712,0.010924506766672115,0.05597819915975921,0.00540540540540535,23609.0,13007.0,-0.21216485238680163,0.42999923118320904,1.0446650472486274,1.107233808491412,0.016666666666666607,0
2023-07-29,18598.0,19120.0,18590.0,18863.0,67292360007,3567392,690,18548.0,19040.0,75.30106039182428,529.2785429857431,469.4708809981649,19044.419517343602,16809.080482656398,17926.75,16851.22,0.8334827943090852,0.025309639203015655,0.06612912257125259,0.023655913978494647,23609.0,13007.0,-0.19352789190562922,0.4638271699853925,1.0620999344554924,1.1298885184574172,0.00997899159663862,0
2023-07-30,19267.0,19400.0,19030.0,19225.0,87862979668,4570150,816,18863.0,19111.0,75.95222733456815,557.0945760343202,486.99562000539595,19094.029627958607,17016.57037204139,18055.3,16902.26,1.0265529073730832,0.04568833442766462,0.08100005656428522,0.0037289915966387532,23609.0,13007.0,-0.19052056419162183,0.46928576920119935,1.058470366042104,1.130677199380438,-0.01365705614567525,0
2023-07-31,19180.0,19288.0,18700.0,18945.0,52480809817,2770104,767,19225.0,18780.0,67.07406660923752,546.1345497785405,498.8234059600249,19110.30806514948,17177.29193485052,18143.8,16944.96,0.6188722359427723,0.03192483103467225,0.05446378439079158,-0.01731986813876829,23609.0,13007.0,-0.20454064128086746,0.4438379334204659,1.035064319492058,1.1082941476403603,0.013844515441959526,0
2023-08-01,18750.0,18990.0,18603.0,18738.0,31508401478,1681488,614,18945.0,18733.0,65.89619654416555,527.5745913185601,504.573643031732,19151.458447250545,17264.741552749452,18208.1,16986.74,0.3910207325485609,0.012594594594594666,0.03195064176720108,-0.0025026624068157366,23609.0,13007.0,-0.2065314075140836,0.4402244945029599,1.0288278293726418,1.1028013615325836,0.024715742272994223,0
2023-08-05,18777.0,19199.0,18717.0,18928.0,64764905739,3421615,638,18738.0,18910.0,68.16359018889659,521.140725387595,507.8870595029046,19227.488803566957,17311.71119643304,18269.6,17029.88,0.8176150734525329,0.016666666666666607,0.027773248546116625,0.009448566700475114,23609.0,13007.0,-0.19903426659324833,0.4538325517029292,1.0350527652493762,1.1104012476893554,-0.020465362242199858,0
2023-08-06,19209.0,19319.0,18943.0,19224.0,65162809019,3389662,622,18928.0,19230.0,71.81234329138496,535.6880871181747,513.4472650259587,19362.159701956418,17315.140298043585,18338.65,17083.72,1.0590291739454845,0.00997899159663862,0.035541195476575194,0.01692226335272351,23609.0,13007.0,-0.18548011351603202,0.4784346890136081,1.0486049954604073,1.1256330588419852,-0.0026001040041602197,0
2023-08-07,19390.0,19390.0,18805.0,19093.0,52391955270,2744089,845,19224.0,18850.0,62.63244152122782,510.6674948886539,512.8913109984978,19411.951158906923,17360.44884109308,18386.2,17129.72,0.8737372633401845,-0.01365705614567525,0.03140731013350839,-0.01976079043161727,23609.0,13007.0,-0.20157567029522638,0.4492196509571769,1.0252254408197452,1.1004266269384437,0.007957559681697646,0
2023-08-08,18840.0,19189.0,18840.0,18999.0,56421885362,2969655,329,19093.0,19040.0,65.03890175914916,500.40158935397267,510.3933666695928,19470.535888758022,17430.86411124198,18450.7,17183.94,0.9448867827309102,0.013844515441959526,0.046211330292873276,0.010079575596817048,23609.0,13007.0,-0.19352789190562922,0.4638271699853925,1.0319391676196568,1.1080113175441721,-0.0021008403361344463,0
2023-08-09,19100.0,19280.0,19056.0,19145.0,32676203447,1706749,342,18999.0,19196.0,66.92243455095081,499.10036320168365,508.134765976011,19528.88506529322,17526.01493470678,18527.45,17252.14,0.5732172203521166,0.024715742272994223,0.03762162162162164,0.00819327731092434,23609.0,13007.0,-0.18692024228048626,0.47582071192434844,1.0360842965437769,1.1126735581788694,-0.017607834965617797,0
2023-08-12,19200.0,19265.0,18400.0,18797.0,73241932554,3896431,588,19145.0,18523.0,53.52504194685579,438.70652090913063,494.24911696263496,19482.699516376448,17663.100483623555,18572.9,17299.48,1.3087525337061388,-0.020465362242199858,-0.004139784946236569,-0.035059387372369244,23609.0,13007.0,-0.21542632047100682,0.4240793418928269,0.9973132897931932,1.0707258252849219,0.02040706149111915,0
2023-08-13,18400.0,19180.0,18400.0,18758.0,83207103352,4435779,606,18797.0,19180.0,61.605754816655775,438.80015990032916,483.15932555017383,19523.296193523096,17754.603806476905,18638.95,17360.74,1.4690710689594326,-0.0026001040041602197,0.007352941176470562,0.0354694164012308,23220.0,13007.0,-0.1739879414298019,0.4745906050588145,1.0290279227102386,1.104791616025584,-0.012513034410844615,0
2023-08-14,19180.0,19440.0,19000.0,19199.0,44391807969,2312237,693,18758.0,19000.0,58.59956183537868,419.5139778005505,470.4302560002492,19483.70944517115,17926.29055482885,18705.0,17424.78,0.7631210948714773,0.007957559681697646,-0.005808173303333164,-0.009384775808133461,23220.0,13007.0,-0.181739879414298,0.46075190282155765,1.0157711841753543,1.0904011413630474,-0.008421052631578996,0
2023-08-15,19000.0,19001.0,18844.0,18913.0,25587406702,1352874,253,19199.0,19000.0,58.59956183537868,399.6229350978683,456.268791819773,19434.89346655433,18094.10653344567,18764.5,17490.58,0.4541717190842401,-0.0021008403361344463,0.011714589989350266,0.0,23000.0,13007.0,-0.17391304347826086,0.46075190282155765,1.0125502944389673,1.0862990249608646,-0.009368421052631581,0
2023-08-16,19001.0,19300.0,18855.0,19199.0,56080340864,2920954,395,18913.0,18858.0,56.09514809222257,368.1570419821146,438.6464418522413,19409.19167071076,18190.30832928924,18799.75,17553.74,0.9620765106605339,-0.017607834965617797,0.00667271659638069,-0.007473684210526299,23000.0,13007.0,-0.18008695652173912,0.4498347043899439,1.0030984454580514,1.0743009751767998,0.00641637501325687,0
2023-08-19,18405.0,18920.0,18405.0,18671.0,18756315552,1004561,291,19199.0,18901.0,56.69864903159614,342.7389543047393,419.464944342741,19406.94046547655,18242.759534523448,18824.85,17616.66,0.3484110369359171,0.02040706149111915,-0.0004759386567952939,0.002280199384876447,23000.0,13007.0,-0.17821739130434783,0.45314061659106636,1.0040451849549932,1.0729048525656963,0.007036664726734143,0
2023-08-20,19040.0,19158.0,18660.0,18980.0,75846495151,3996023,466,18671.0,18940.0,57.27231049657981,322.0297522292458,399.97790592004196,19415.296247473223,18271.403752526774,18843.35,17685.4,1.381036368170357,-0.012513034410844615,-0.015080603224128963,0.0020633828897942408,23000.0,13007.0,-0.17652173913043478,0.4561390020758053,1.0051291304359364,1.0709398713062752,0.0031678986272438703,0
2023-08-21,19000.0,19023.0,18770.0,18877.0,17760693049,940846,170,18980.0,18840.0,55.25108342513282,294.1575312045243,378.81383097693845,19381.026780627624,18362.073219372374,18871.55,17753.58,0.3321426078186141,-0.008421052631578996,-0.0005305039787798504,-0.0052798310454065245,23000.0,13007.0,-0.1808695652173913,0.44845083416621817,0.9983281712418959,1.061194418252544,0.008439490445859787,0
2023-08-22,18800.0,18940.0,18710.0,18795.0,9127684713,485649,302,18877.0,18822.0,54.875672037021275,267.53220098624297,356.5575049787994,19309.77694604175,18495.62305395825,18902.7,17825.02,0.17672561602231612,-0.009368421052631581,-0.011449579831932732,-0.0009554140127389088,23000.0,13007.0,-0.18165217391304347,0.4470669639424925,0.9957307686203558,1.0559314940460094,0.007119328445436279,0
2023-08-23,19000.0,19018.0,18701.0,18883.0,8565132755,453598,214,18795.0,18979.0,57.58286847985769,256.1473160461537,336.4754671922703,19290.17181502445,18563.128184975554,18926.65,17896.6,0.17729738417584945,0.00641637501325687,-0.01130443842467177,0.008341302730846989,23000.0,13007.0,-0.17482608695652174,0.45913738756054434,1.0027659411464787,1.060480761708928,-0.002634490752937424,0
2023-08-26,18999.0,19138.0,18826.0,19009.0,42374386125,2229167,393,18883.0,19034.0,58.521678925706595,248.6959410526797,318.91956196435217,19281.860584537673,18614.839415462324,18948.35,17968.38,0.876778694450039,0.007036664726734143,0.02758732386762408,0.0028979398282311664,23000.0,13007.0,-0.17243478260869566,0.46336587991081724,1.0045201824961014,1.0593052907385083,-0.005726594515078287,0
2023-08-27,19130.0,19130.0,18940.0,18981.0,19030753942,1002639,272,19009.0,19000.0,57.67190803833708,237.31157670106404,302.59796491169453,19278.113334319303,18614.586665680694,18946.35,18037.4,0.41530668269397053,0.0031678986272438703,-0.009384775808133461,-0.0017862771881895778,23000.0,13007.0,-0.17391304347826086,0.46075190282155765,1.0028316799805768,1.0533668932329492,-0.001052631578947416,0
2023-08-28,19010.0,19080.0,18850.0,18943.0,43368352332,2289372,678,18981.0,18999.0,57.64539524669171,225.60802540904842,287.1999770111653,19264.90112216166,18616.59887783834,18940.75,18097.36,0.9953035739113022,0.008439490445859787,-5.2631578947415214e-05,-5.2631578947415214e-05,23000.0,13007.0,-0.17395652173913043,0.4606750211424617,1.003075379802806,1.049821631442376,-0.000473709142586487,0
2023-08-29,19000.0,19000.0,18684.0,18831.0,43765266814,2324143,1160,18943.0,18956.0,56.44379371356217,210.43734533229144,271.8474506753905,19265.212145336845,18633.887854663153,18949.55,18150.14,1.0203112192361785,0.007119328445436279,-0.00231578947368416,-0.0022632770145797343,22670.0,13007.0,-0.16382884869872077,0.45736910894133925,1.0003403774759823,1.044399657523303,0.015509601181683985,0
2023-08-30,18851.0,19040.0,18830.0,18899.0,53364093331,2823634,1598,18831.0,18929.0,55.659257040613156,193.9994923338927,256.27785900709097,19259.290177366514,18659.409822633483,18959.35,18202.74,1.2092734602853892,-0.002634490752937424,0.003764980379679761,-0.0014243511289301347,22471.0,13007.0,-0.15762538382804503,0.45529330360575077,0.9983992067238593,1.0398983889238653,0.013260077130329062,0
2023-09-02,19011.0,19011.0,18870.0,18912.0,32048119444,1694621,866,18899.0,18925.0,55.53610167004343,178.59092383277311,240.74047197222743,19259.61754539368,18660.582454606316,18960.1,18254.42,0.7536223711625122,-0.005726594515078287,0.0012697740860272422,-0.0002113159702044065,22300.0,13007.0,-0.15134529147982062,0.45498577688936725,0.998148743941224,1.0367352126224774,0.011889035667107084,0
2023-09-03,18931.0,19096.0,18751.0,18967.0,34400003967,1813633,797,18912.0,18980.0,56.94672016575005,168.8709237383555,226.36656232545306,19220.722243690736,18674.47775630926,18947.6,18304.16,0.8358400166058885,-0.001052631578947416,0.002111932418162654,0.0029062087186262353,22300.0,13007.0,-0.14887892376681613,0.4592142692396402,1.0017099791002555,1.0369227541717292,0.007850368809272812,0
2023-09-04,18993.0,19320.0,18923.0,19180.0,41564720565,2167126,317,18967.0,18990.0,57.2125115058055,160.1288048753413,213.11901083543071,19224.515097759755,18684.684902240242,18954.6,18352.18,1.0122100133791252,-0.000473709142586487,0.0079617834394905,0.0005268703898841931,21853.0,13007.0,-0.13101176039902987,0.4599830860305989,1.0018676205248331,1.034754454239224,0.007109004739336511,0
2023-09-05,19007.0,19299.0,18944.0,19068.0,44529530846,2335280,924,19180.0,19250.0,63.51865015911951,172.19547750545462,204.9343041694355,19262.432742897003,18667.767257102994,18965.1,18405.18,1.107153019785368,0.015509601181683985,0.022739347571990143,0.013691416535018375,21700.0,13007.0,-0.11290322580645161,0.47997232259552547,1.0150223304912709,1.0459012082468087,-0.006077922077922127,0
2023-09-09,19020.0,19400.0,19020.0,19234.0,11252657940,585052,187,19068.0,19180.0,60.91558801580824,174.10303609023686,198.7680505535958,19259.219717887183,18669.380282112816,18964.3,18458.36,0.2849490689069563,0.013260077130329062,0.010590652826808489,-0.0036363636363636598,21700.0,13007.0,-0.11612903225806452,0.4745906050588145,1.0113740027314482,1.039095564286318,0.003076120959332629,0
2023-09-10,19151.0,19244.0,19004.0,19108.0,19059794280,997480,202,19234.0,19150.0,59.78479806407745,171.22031947044889,193.25850433696644,19221.468754753998,18769.831245246005,18995.65,18508.42,0.522724316637577,0.011889035667107084,0.006094357465587841,-0.0015641293013556323,21700.0,13007.0,-0.1175115207373272,0.4722841546859383,1.0081255445325639,1.0346642230941379,0.007832898172323688,0
2023-09-11,19104.0,19223.0,19084.0,19109.0,20776120521,1087266,171,19108.0,19129.0,58.95972638004544,165.33533842109318,187.6738711537918,19211.566381850036,18774.63361814996,18993.1,18559.0,0.624575574183881,0.007850368809272812,0.006789473684210456,-0.0010966057441252897,21277.0,13007.0,-0.10095408187244442,0.47066963942492507,1.0071552300572313,1.030712861684358,0.002613832401066496,0
2023-09-12,19142.0,19142.0,19064.0,19088.0,24468968576,1281873,152,19109.0,19125.0,58.793287784272586,158.52134656281123,181.84336623559568,19225.273239173493,18773.426760826504,18999.35,18610.7,0.7588237315503431,0.007109004739336511,0.006631927996210374,-0.00020910659208528415,20950.0,13007.0,-0.08711217183770883,0.47036211270854156,1.0066133841420892,1.0276346402875765,-0.006379084967320314,0
2023-09-13,19211.0,19211.0,19072.0,19106.0,13594498984,711532,128,19088.0,19133.0,59.042316055148866,152.01441451928258,175.87757589233308,19239.316951802997,18772.683048197003,19006.0,18653.16,0.4293521367635347,-0.006077922077922127,0.009337412956319957,0.00041830065359471647,20950.0,13007.0,-0.08673031026252984,0.4709771661413085,1.0066821003893507,1.0257243276742385,-0.012125646788271549,0
2023-09-17,19111.0,19240.0,19010.0,19149.0,26232199218,1369899,210,19106.0,19239.0,62.29388548826518,153.6398732940761,171.4300353726817,19268.898703089915,18781.201296910083,19025.05,18689.0,0.867205973501929,0.003076120959332629,0.016376987690844835,0.005540166204986097,20781.0,13007.0,-0.07420239641980655,0.4791266241254709,1.0112456997484895,1.029429075927016,-0.01559332605644781,0
2023-09-18,19220.0,19450.0,19220.0,19429.0,115225832918,5930746,298,19149.0,19300.0,64.06203806912045,158.0285960003239,168.74974749821013,19309.40877443577,18780.59122556423,19045.0,18721.4,3.2479815827011587,0.007832898172323688,0.01981505944517825,0.0031706429648110657,20500.0,13007.0,-0.05853658536585366,0.48381640655031904,1.0133893410343922,1.0309058083263003,-0.01968911917098448,0
2023-09-19,19390.0,19390.0,19179.0,19248.0,29708371844,1543439,208,19429.0,19179.0,58.22908915821717,150.01373662771948,165.00254532411202,19322.895464331734,18791.004535668268,19056.95,18748.0,0.9061198382774882,0.002613832401066496,0.010484720758693333,-0.006269430051813463,20500.0,13007.0,-0.0644390243902439,0.4745137233797186,1.006404487601636,1.022989118839343,-0.01313937118723607,0
2023-09-20,19111.0,19175.0,18974.0,19011.0,13181540854,693351,153,19248.0,19003.0,50.96074957655814,127.9848441092654,157.5990050811427,19313.353821720066,18816.84617827993,19065.1,18770.08,0.4100303079584264,-0.006379084967320314,0.0006845708267508854,-0.009176703686323617,20041.0,13007.0,-0.05179382266353974,0.46098254785884524,0.9967427393509607,1.0124091106697466,-0.0030521496605798726,0
2023-09-23,19059.0,19090.0,18859.0,18935.0,10193871272,538361,289,19011.0,18901.0,47.277572732086796,101.13047140552953,146.30529834602007,19303.85585597173,18834.244144028267,19069.05,18793.1,0.31787767506887354,-0.012125646788271549,-0.018129870129870107,-0.005367573541019799,20041.0,13007.0,-0.056883389052442494,0.45314061659106636,0.9911872903998888,1.0057414689433888,0.014761123750066218,0
2023-09-25,19095.0,19095.0,18854.0,18912.0,14875367272,786552,236,18935.0,18939.0,48.7632897892424,81.96957573843247,133.43815382450256,19305.542326917697,18828.5576730823,19067.05,18818.66,0.45990246034765625,-0.01559332605644781,-0.01256517205422314,0.0020104756362098186,19703.0,13007.0,-0.038775820940973454,0.45606212039670946,0.9932842259290242,1.006394716733285,0.01953640635725229,0
2023-09-26,19000.0,19014.0,18891.0,18921.0,4780856089,252672,117,18912.0,18920.0,48.03442330270228,64.50768225864886,119.65205951133183,19308.037879715685,18814.662120284313,19061.35,18844.78,0.15679951556178037,-0.01968911917098448,-0.01201044386422978,-0.0010032208669940035,19635.0,13007.0,-0.036414565826330535,0.4546013684938879,0.992584470669706,1.0039915562824295,0.04281183932346733,0
2023-09-27,18900.0,18999.0,18810.0,18876.0,8830214322,467808,186,18921.0,18927.0,48.340783206386,50.649985859858134,105.8516447810371,19310.00703517465,18805.39296482535,19057.7,18866.14,0.29520436778881953,-0.01313937118723607,-0.010559882900308404,0.0003699788583508834,19620.0,13007.0,-0.035321100917431195,0.455139540247559,0.9931418796601899,1.0032258851042133,0.04348285518043005,0
2023-09-30,18900.0,19170.0,18590.0,18890.0,12890432819,682393,227,18876.0,18945.0,49.17061520015796,40.651505936479225,92.81161701212552,19310.892164785528,18799.107835214472,19055.0,18891.46,0.45361528409361146,-0.0030521496605798726,-0.009411764705882342,0.0009510223490252212,19620.0,13007.0,-0.034403669724770644,0.4565234104712847,0.9942272369456836,1.0028340848192783,0.047242016363156614,0
2023-10-01,18970.0,19249.0,18880.0,19057.0,16335576030,857186,244,18890.0,19180.0,58.53543652064907,51.10111276646421,84.46951616299326,19323.384447427557,18809.015552572444,19066.2,18918.86,0.5990138890752394,0.014761123750066218,0.002456488789003286,0.012404328318817548,19620.0,13007.0,-0.022426095820591234,0.4745906050588145,1.005968677555045,1.0138031572726898,0.03488008342022941,0
2023-10-02,19060.0,19344.0,18953.0,19155.0,25558757359,1334332,325,19057.0,19309.0,62.60801696507254,68.99637609176352,81.37488814874732,19354.876546994008,18815.523453005993,19085.2,18941.98,0.9836361168838051,0.01953640635725229,0.0036384427465046,0.006725755995828919,19309.0,13007.0,0.0,0.48450834166218193,1.0117263638840568,1.0193760103220466,0.024082034284530485,0
2023-10-04,19220.0,19889.0,19177.0,19476.0,51776754024,2658446,429,19155.0,19730.0,72.20338364811016,115.81464364187559,88.26283924737298,19505.273366841215,18745.626633158787,19125.45,18968.6,1.8925077204813607,0.04281183932346733,0.022279792746114024,0.02180330415868248,19730.0,13007.0,0.0,0.5168755285615437,1.031609713758369,1.0401400208766067,-0.011657374556512945,0
2023-10-07,19490.0,20208.0,19490.0,19896.0,45227195855,2273210,838,19476.0,19750.0,72.56358310552162,152.77123908835347,101.16451921556909,19624.512905582484,18703.387094417518,19163.95,18992.2,1.5922180300878295,0.04348285518043005,0.029772146618697537,0.0010136847440445074,19750.0,13007.0,0.0,0.5184131621434612,1.0305808562431023,1.039900590768842,-0.03200000000000003,0
2023-10-08,19854.0,20235.0,19270.0,19790.0,38152576948,1927884,617,19896.0,19840.0,74.18473920709116,187.16434105822918,118.36448358410111,19745.198726215258,18667.701273784744,19206.45,19023.48,1.3617518663939325,0.047242016363156614,0.04404567699836859,0.004556962025316524,19840.0,13007.0,0.0,0.5253325132620896,1.0329863144933082,1.0429216946636473,-0.0473790322580645,0
2023-10-09,19740.0,20270.0,19740.0,20008.0,69914083404,3494352,1517,19790.0,19849.0,74.34797066260535,212.69552532456873,137.23069193219465,19843.735953158175,18629.064046841828,19236.4,19056.48,2.371155378021061,0.03488008342022941,0.05015607639807418,0.00045362903225809603,19849.0,13007.0,0.0,0.5260244483739525,1.0318458755276454,1.0415879532841323,-0.05672829865484408,0
2023-10-10,20090.0,20090.0,19525.0,19726.0,29552316797,1498129,358,20008.0,19774.0,70.35561227208856,224.2918033073147,154.64291420721867,19916.09627691129,18616.10372308871,19266.1,19081.96,0.9860357309764062,0.024082034284530485,0.04408891704947471,-0.0037785278855357873,19849.0,13007.0,-0.003778527885535795,0.5202583224417622,1.0263623670592388,1.0362667147399953,-0.04050773743299285,0
2023-10-11,19779.0,19820.0,19500.0,19561.0,14342721301,733232,198,19726.0,19500.0,58.08425016160471,208.96362448117725,165.5070562620104,19938.97482404997,18628.22517595003,19283.6,19099.96,0.48683079580314664,-0.011657374556512945,0.030655391120507414,-0.01385657934661677,19849.0,13007.0,-0.017582749760693232,0.49919274236949335,1.0112219710012653,1.0209445464807256,-0.03543589743589748,0
2023-10-14,19436.0,19569.0,18851.0,19164.0,26732178424,1394918,657,19561.0,19118.0,46.03016973835023,164.10008124723754,165.22566125905584,19938.96111440387,18627.138885596127,19283.05,19101.52,0.9167949789543749,-0.03200000000000003,0.01009140381465623,-0.019589743589743636,19849.0,13007.0,-0.03682805179102222,0.46982394095487046,0.9914406693961796,1.0008627585658105,-0.019196568678732095,0
2023-10-15,19350.0,19350.0,18680.0,18954.0,35278511758,1861260,752,19164.0,18900.0,40.82346048127291,109.69018177623366,154.1185653624914,19945.64170247806,18597.95829752194,19271.8,19097.3,1.2004372051043894,-0.0473790322580645,-0.002375296912114022,-0.011402866408620094,19849.0,13007.0,-0.04781097284497959,0.4530637349119705,0.9807075623449808,0.9896686966220356,-0.022222222222222254,0
2023-10-16,18752.0,18999.0,18700.0,18766.0,6493243950,346012,224,18954.0,18723.0,37.149186672449744,51.69165447814157,133.63318318562145,19964.57753364209,18538.02246635791,19251.3,19096.16,0.22582557432924788,-0.05672829865484408,-0.02382690302398327,-0.009365079365079354,19849.0,13007.0,-0.05672829865484407,0.4394556777120012,0.9725576974022534,0.9804588985429531,-0.01901404689419428,0
2023-10-17,18849.0,19079.0,18750.0,18912.0,6126149880,323934,206,18766.0,18973.0,44.71752602751273,25.60515412233144,112.02757737296345,19961.544884577692,18514.455115422308,19238.0,19100.96,0.21888750933882267,-0.04050773743299285,-0.017401211870112343,0.013352561021203968,19849.0,13007.0,-0.044133205703058086,0.4586760974859691,0.9862251793325709,0.9933008602708975,-0.05918937437411054,0
2023-10-18,18899.0,18971.0,18635.0,18778.0,8514039529,453415,194,18912.0,18809.0,41.21163760738063,-8.207404892869818,87.9805809197968,19959.87199190442,18467.02800809558,19213.45,19098.94,0.37595219346420355,-0.03543589743589748,-0.046680182463253894,-0.008643862330680485,19849.0,13007.0,-0.052395586679429694,0.4460675021142462,0.978949642047628,0.9848190527851285,-0.03753522249986707,0
2023-10-21,18970.0,18970.0,18614.0,18758.0,5946468128,317013,163,18778.0,18751.0,40.01673956073865,-39.231975005717686,62.538069734693906,19965.25669293441,18418.84330706559,19192.05,19089.36,0.27693424522788485,-0.019196568678732095,-0.05058227848101271,-0.0030836301770429397,19849.0,13007.0,-0.055317648244244046,0.44160836472668563,0.9770191303169803,0.9822749426905878,0.036158071569516226,0
2023-10-22,18910.0,18910.0,18400.0,18600.0,10533353665,566321,330,18758.0,18480.0,34.921855858694116,-84.71011996586458,33.08843179458221,19996.182096638593,18335.61790336141,19165.9,19081.96,0.49748346651334824,-0.022222222222222254,-0.06854838709677424,-0.01445256252999838,19849.0,13007.0,-0.06897072900398005,0.42077342969170445,0.9642124815427399,0.968453974329681,0.056764069264069184,1
2023-10-23,18451.0,18518.0,18287.0,18344.0,7433530583,405232,163,18600.0,18367.0,33.033264883202634,-128.3900327412921,0.7927388874073529,20033.700217998066,18244.699782001935,19139.2,19068.5,0.3580689326345885,-0.01901404689419428,-0.07466371101818736,-0.006114718614718573,19849.0,13007.0,-0.07466371101818732,0.412085799953871,0.9596534860391238,0.9632115793061856,0.08509827407851045,1
2023-10-24,18508.0,18530.0,17709.0,17957.0,33057898492,1840977,489,18344.0,17850.0,26.083081344934484,-202.3912175910882,-39.844052408291766,20139.57830356348,18029.92169643652,19084.75,19041.58,1.55430646629118,-0.05918937437411054,-0.09729948417113377,-0.028148309468067678,19849.0,13007.0,-0.10071036324248073,0.37233797186130546,0.9353017461585821,0.937422209711589,0.12605042016806722,1
2023-10-25,18135.0,18360.0,17937.0,18073.0,29997126887,1659781,651,17957.0,18103.0,33.46102817076381,-237.88056506495923,-79.45135493962526,20181.144898866834,17906.65510113317,19043.9,19033.18,1.322754154225193,-0.03753522249986707,-0.07164102564102559,0.014173669467787198,19849.0,13007.0,-0.08796412917527331,0.39178903667256093,0.95059310330342,0.9511285029616701,0.19223333149201793,1
2023-10-28,18477.0,19429.0,18155.0,19053.0,213422163568,11201503,2375,18073.0,19429.0,57.43895517167631,-157.19694197395074,-95.00047234649037,20216.925607345103,17921.074392654897,19069.0,19038.16,6.252665329408452,0.036158071569516226,0.016267391986609425,0.07324752803402745,19849.0,13007.0,-0.021159756159000453,0.49373414315368647,1.0188788085374167,1.0205292948478215,0.1693344999742652,1
2023-10-29,19700.0,19980.0,19307.0,19752.0,107329213042,5433893,1118,19053.0,19529.0,58.64916585366543,-84.2146510396924,-92.84330808513077,20261.629172746932,17934.77082725307,19098.2,19048.74,2.67804587512934,0.056764069264069184,0.033280423280423355,0.005146945287971549,19849.0,13007.0,-0.01612171897828606,0.5014223110632736,1.022557099621954,1.0252121662640152,0.1232013928004505,1
2023-10-30,19530.0,19975.0,19315.0,19621.0,40758846357,2077315,528,19752.0,19930.0,63.17149201842118,5.913521641443367,-73.09194213981594,20354.298555718247,17917.101444281754,19135.7,19067.34,0.9939030637882553,0.08509827407851045,0.06446616461037236,0.020533565466741788,19930.0,13007.0,0.0,0.532251864380718,1.0415088029181059,1.0452428078588833,0.12945308580030113,1
2023-10-31,19740.0,20200.0,19740.0,20031.0,82290198155,4108195,702,19621.0,20100.0,64.92291227411815,90.02062534727156,-40.46942864239844,20463.152927242023,17887.347072757977,19175.25,19092.18,1.8432722254180827,0.12605042016806722,0.05940020028461501,0.008529854490717526,20100.0,13007.0,0.0,0.5453217498270162,1.0482262291234794,1.0527870573187557,0.12726368159203982,1
2023-11-01,20278.0,21934.0,20200.0,21363.0,248516780949,11633043,1496,20031.0,21583.0,75.75488236139522,273.19262254873684,22.262981595828613,20917.82738021967,17617.972619780332,19267.9,19145.82,4.344771528626562,0.19223333149201793,0.14748258812270731,0.07378109452736314,21583.0,13007.0,0.0,0.6593372799261936,1.1201532081856351,1.1272956708043844,0.06755316684427548,1
2023-11-04,21324.0,22830.0,21324.0,22674.0,324887944761,14328896,1196,21363.0,22719.0,80.67725609657238,504.21122294818633,118.65262986630017,21645.62003972118,17187.079960278817,19416.35,19221.4,4.368212601099866,0.1693344999742652,0.2116153805130394,0.05263401751378405,22719.0,13007.0,0.0,0.7466748673791036,1.1700963363350991,1.1819638527890788,-0.005193890576169702,0
2023-11-05,22990.0,22990.0,21800.0,22224.0,95927147704,4316387,1030,22674.0,21935.0,70.09962538292592,616.9213945096017,218.30638279496048,22002.748315132187,17039.45168486781,19521.1,19283.3,1.2696412002692952,0.1232013928004505,0.18695887445887438,-0.03450856111624634,22719.0,13007.0,-0.03450856111624631,0.6863996309679403,1.123655941519689,1.1375127701171481,0.03332573512651016,0
2023-11-06,22148.0,22900.0,21619.0,22450.0,86893348303,3870601,742,22224.0,22510.0,72.90542171397345,744.0655871060408,323.4582236571765,22456.46513395592,16851.834866044082,19654.15,19357.06,1.13225033584512,0.12945308580030113,0.2255675940545543,0.026213813540004516,22719.0,13007.0,-0.009199348562876887,0.7306065964480665,1.145305189998041,1.162883206437341,0.010217681030653125,0
2023-11-07,22750.0,22788.0,22453.0,22582.0,45875901505,2031558,436,22450.0,22658.0,73.59231365426035,847.0068709111656,428.1679531079743,22892.141478105514,16704.558521894483,19798.35,19430.64,0.5896822114341211,0.12726368159203982,0.26935574229691883,0.0065748556197244845,22719.0,13007.0,-0.0026849773317487564,0.7419850849542554,1.144438804243788,1.1660964332621055,0.001853649924971279,0
2023-11-08,22700.0,23198.0,22094.0,22820.0,75491049051,3308131,674,22582.0,23041.0,75.33496124005448,948.5590804916865,532.2461785847167,23371.17857935382,16579.621420646185,19975.4,19510.78,0.9256311540894495,0.06755316684427548,0.27277246865160465,0.016903521934857446,23041.0,13007.0,0.0,0.7714307680479742,1.1534687665828969,1.1809368974484875,-0.0149733084501541,0
2023-11-11,23299.0,23999.0,22430.0,23124.0,159430111863,6894484,1514,22820.0,22601.0,69.64865148165174,982.2132722656934,622.239597320912,23705.07069182534,16594.029308174657,20149.55,19582.8,1.791288001417445,-0.005193890576169702,0.16326110453445875,-0.01909639338570379,23041.0,13007.0,-0.019096393385703746,0.7376028292457907,1.121662766662283,1.1541250485119596,-0.019954869253572816,0
2023-11-12,22652.0,22725.0,22300.0,22539.0,82797926328,3673592,670,23124.0,22666.0,70.00879305034422,1002.572388074208,698.3061554715712,24005.837037872145,16669.862962127852,20337.85,19656.14,0.9324987448008024,0.03332573512651016,0.16063290491064564,0.0028759789389849466,23041.0,13007.0,-0.0162753352719066,0.7426001383870223,1.1144737521419423,1.1531256899879632,-0.018353480984734882,0
2023-11-13,22799.0,22799.0,21912.0,22466.0,69766283275,3105381,728,22539.0,22740.0,70.43884381357648,1013.0010698264741,761.2451383425519,24270.359528949284,16807.040471050717,20538.7,19731.82,0.7615927042827847,0.010217681030653125,0.14099347717009536,0.0032648019059384747,23041.0,13007.0,-0.013063669111583699,0.7482893826401169,1.1071781563584842,1.1524532455698462,-0.04573438874230429,0
2023-11-14,22800.0,22850.0,22610.0,22730.0,53238999673,2342273,402,22466.0,22700.0,69.85574672426449,1006.4366345061535,810.2834375752722,24497.361995315063,16952.738004684936,20725.05,19807.24,0.5605670238022116,0.001853649924971279,0.12935323383084585,-0.0017590149516271136,23041.0,13007.0,-0.014799704873920403,0.745214115476282,1.0952928943476614,1.1460455873710824,-0.04008810572687227,0
2023-11-15,22721.0,22894.0,22501.0,22771.0,29326748921,1287898,359,22730.0,22696.0,69.79352694248857,989.5051067252061,846.1277714052591,24677.31556051993,17161.48443948007,20919.4,19882.66,0.3051801538424099,-0.0149733084501541,0.05156836399017739,-0.00017621145374446812,23041.0,13007.0,-0.014973308450154073,0.7449065887598986,1.0849259538992513,1.1414971638603688,-0.039478322171307756,0
2023-11-18,22794.0,22850.0,22115.0,22265.0,40829832796,1833776,420,22771.0,22150.0,61.713318254516125,921.4076977033765,861.1837566648826,24745.698029112893,17433.001970887104,21089.35,19946.06,0.42686040147214066,-0.019954869253572816,-0.025045116422377722,-0.024057102573140643,23041.0,13007.0,-0.03867019660605008,0.7029291919735527,1.0502931574467682,1.110495005028562,0.023024830699774235,0
2023-11-19,22300.0,22300.0,22156.0,22213.0,22963693189,1033798,253,22265.0,22250.0,62.56807326407383,865.531862171134,862.0533777661329,24761.301178070058,17794.39882192994,21277.85,20011.26,0.23934189694957025,-0.018353480984734882,0.014360610895828518,0.004514672686230181,23041.0,13007.0,-0.03433010720020833,0.7106173598831399,1.0456883566713744,1.1118740149295947,0.030112359550561907,0
2023-11-20,22299.0,22300.0,21653.0,21863.0,133931704574,6125840,811,22213.0,21700.0,55.260753655494845,768.0162433105907,843.2459508750246,24663.875063579515,18225.124936420485,21444.5,20060.26,1.3301526669074148,-0.04573438874230429,-0.03598400710795202,-0.024719101123595544,23041.0,13007.0,-0.058200598932338005,0.6683324363804105,1.0119144769055002,1.0817407152250271,0.05354838709677412,1
2023-11-21,22085.0,22085.0,21667.0,21728.0,78484905936,3612197,398,21863.0,21790.0,56.16297052316814,690.0422827410985,812.6052172482395,24407.16950303132,18875.83049696868,21641.5,20112.46,0.7695468896395942,-0.04008810572687227,-0.03830876511607384,0.004147465437787989,23041.0,13007.0,-0.05429451846708042,0.675251787499039,1.0068618164175311,1.0834079968338035,0.04268012849931169,0
2023-11-22,21700.0,21855.0,21698.0,21793.0,42009606277,1927687,177,21728.0,21800.0,56.268496373973306,621.8855639730791,774.4612865932074,24065.340332716383,19587.359667283614,21826.35,20165.46,0.4095081739037037,-0.039478322171307756,-0.053860509526496236,0.00045892611289577445,23041.0,13007.0,-0.05386050952649624,0.6760206042899977,0.998792743633269,1.0810564202353927,0.04798165137614685,0
2023-11-25,21899.0,22740.0,21790.0,22287.0,144964407618,6504445,789,21793.0,22660.0,64.24087270018836,630.0033989671028,745.5697090679865,23962.29133912134,20013.508660878662,21987.9,20236.08,1.4543296494252225,0.023024830699774235,0.002610503960001731,0.03944954128440359,23041.0,13007.0,-0.016535740636257106,0.7421388483124471,1.0305668117464606,1.1197820921838617,0.016990291262136026,0
2023-11-26,22730.0,23360.0,22698.0,22893.0,312902399391,13668247,1374,22287.0,22920.0,66.24441536556475,649.9247409257623,726.4407154395417,23815.085843602956,20499.814156397046,22157.45,20311.98,2.79846910863695,0.030112359550561907,0.011206211947410116,0.011473962930273585,23041.0,13007.0,-0.00525150818106853,0.7621280848773737,1.0344150612999239,1.1283981177610454,-0.009598603839441555,0
2023-11-27,23087.0,23144.0,22848.0,22988.0,31808311395,1383698,381,22893.0,22862.0,65.36459584578994,653.4992995437897,711.8524322603913,23633.998040337367,20974.101959662632,22304.05,20386.56,0.28532759834410776,0.05354838709677412,0.005364995602462619,-0.002530541012216392,23041.0,13007.0,-0.007768760036456751,0.7576689474898132,1.0250156361736995,1.1214250957493563,0.0003499256408012741,0
2023-11-28,23099.0,23150.0,22601.0,22954.0,35227931307,1534721,456,22988.0,22720.0,63.15311032491854,637.5249588651095,696.986937581335,23308.636509738524,21561.463490261474,22435.05,20456.18,0.3250954045151335,0.04268012849931169,0.0008810572687225626,-0.006211180124223614,23041.0,13007.0,-0.013931686992752051,0.7467517490581994,1.012701108310434,1.1106668009374183,0.008714788732394396,0
2023-11-29,22685.0,22899.0,22650.0,22773.0,34294041832,1505911,362,22954.0,22846.0,64.30706992704955,627.7954901411795,683.1486480933039,23295.558037519597,21700.841962480405,22498.2,20527.1,0.35731867547331303,0.04798165137614685,0.006609094113500191,0.005545774647887303,23041.0,13007.0,-0.008463174341391433,0.7564388406242792,1.0154590144989377,1.1129677353352398,0.0036767924363128035,0
2023-12-02,22851.0,23190.0,22816.0,22968.0,32714437885,1424339,281,22773.0,23045.0,66.11216787672979,628.8929663245326,672.2975117395497,23342.005045300084,21686.994954699916,22514.5,20604.42,0.39905854683907943,0.016990291262136026,0.04040632054176063,0.008710496366978848,23045.0,13007.0,0.0,0.7717382947643576,1.0235625929956251,1.1184493424226454,-0.008461705359080085,0
2023-12-03,23187.0,23187.0,22401.0,22750.0,64822938876,2849344,588,22968.0,22700.0,60.40834283187836,595.064573404652,656.8509240725701,23339.280577916128,21766.219422083872,22552.75,20678.36,0.815053983083965,-0.009598603839441555,0.020224719101123556,-0.014970709481449296,23045.0,13007.0,-0.014970709481449337,0.745214115476282,1.0065291372449037,1.0977659737039107,-0.012202643171806193,0
2023-12-04,22410.0,23084.0,22410.0,22809.0,31788872074,1393703,354,22750.0,22870.0,62.14159449605883,575.3407376593968,640.5488867899355,23368.934408515393,21772.565591484607,22570.75,20757.74,0.41331015990074765,0.0003499256408012741,0.053917050691244306,0.007488986784141005,23045.0,13007.0,-0.007593838142764157,0.7582840009225802,1.013258309980838,1.1017577058003423,-0.010494097070397945,0
2023-12-05,22900.0,22930.0,22838.0,22871.0,28999272536,1267974,278,22809.0,22918.0,62.6389354097092,557.1600602218386,623.8711214763161,23395.548220001165,21771.951779998835,22583.75,20837.32,0.3803307442566893,0.008714788732394396,0.05176686553464882,0.0020988194140796335,23045.0,13007.0,-0.005510956823605988,0.761974321519182,1.0148004649360713,1.099853532028111,-0.03036914215900166,0
2023-12-06,22950.0,22990.0,22770.0,22888.0,19352643967,845521,236,22871.0,22930.0,62.77061015284681,537.5238022839003,606.601657637833,23378.85937826086,21777.540621739143,22578.2,20917.52,0.26334135375490914,0.0036767924363128035,0.05183486238532109,0.0005236058992932335,23045.0,13007.0,-0.004990236493816446,0.7628969016683325,1.0155814015289084,1.0962102581950441,-0.017008286088094238,0
2023-12-09,22612.0,22958.0,22612.0,22806.0,13546361853,593990,188,22888.0,22850.0,61.22150581965867,509.63187595322233,587.2077013009109,23400.036502233055,21781.263497766948,22590.65,20995.98,0.20512710713159357,-0.008461705359080085,0.00838481906443067,-0.0034888791975578037,23045.0,13007.0,-0.00846170535908006,0.7567463673406627,1.0114804133568533,1.0883035704930182,-0.01868708971553612,0
2023-12-10,22403.0,22979.0,22403.0,22498.0,14017280615,623037,222,22806.0,22423.0,53.61579759055264,447.90877838983215,559.3479167186952,23390.289258365163,21766.710741634837,22578.5,21065.54,0.22712142692319048,-0.012202643171806193,-0.0216841186736475,-0.01868708971553612,23045.0,13007.0,-0.026990670427424604,0.7239178903667256,0.9931129171557013,1.064439838712893,0.016144137715738305,0
2023-12-11,22575.0,22997.0,22401.0,22792.0,29883566498,1311148,212,22498.0,22630.0,56.44094587633068,410.9586731377203,529.6700680025002,23381.823095613043,21764.176904386957,22573.0,21134.54,0.4941244363740282,-0.010494097070397945,-0.010147843583238614,0.009231592561209423,23045.0,13007.0,-0.018008244738555,0.739832397939571,1.0025251406547646,1.070759051297071,-0.015289438798055666,0
2023-12-12,22567.0,22715.0,21971.0,22261.0,17787067471,799031,225,22792.0,22222.0,49.97939655128615,344.7788622064327,492.6918268432868,23369.663440568173,21728.536559431825,22549.1,21192.8,0.31014488618968505,-0.03036914215900166,-0.021919014084507027,-0.018029164825452915,23045.0,13007.0,-0.035712735951399434,0.7084646728684555,0.9854938778044358,1.0485636631308746,0.015390153901539083,0
2023-12-13,22549.0,22998.0,22250.0,22636.0,23250396216,1027121,284,22261.0,22540.0,54.36465651997924,314.36700051147636,457.0268615769247,23359.090706719682,21723.509293280316,22541.3,21249.0,0.40070629917241857,-0.017008286088094238,-0.013394029589424816,0.014310143101430972,23045.0,13007.0,-0.021913647211976566,0.7329130468209426,0.9999423280822313,1.060755800272954,-0.0018633540372671176,0
2023-12-16,22320.0,22739.0,22320.0,22558.0,15530203382,688465,226,22636.0,22423.0,52.539598837323624,277.6241800893695,421.1463252794137,23355.08260775766,21754.81739224234,22554.95,21302.46,0.274725466571703,-0.01868708971553612,-0.026990670427424646,-0.005190771960958296,23045.0,13007.0,-0.026990670427424604,0.7239178903667256,0.9941498429391331,1.05260143664159,-0.008161262988895301,0
2023-12-18,22320.0,22800.0,22314.0,22427.0,15881868384,708164,386,22558.0,22785.0,57.31433511734488,274.5507546294393,391.8272111494189,23375.006775463982,21788.39322453602,22581.7,21361.36,0.28443415220486934,0.016144137715738305,0.0037444933920705026,0.016144137715738305,23045.0,13007.0,-0.011282273812106747,0.751749058199431,1.0090028651518708,1.0666455693832229,-0.01470265525565062,0
2023-12-19,22500.0,22800.0,22253.0,22447.0,26634519695,1186565,322,22427.0,22284.0,49.84093844458007,229.04820471490893,359.2714098625169,23309.592464534326,21912.207535465677,22610.9,21410.06,0.5290633607955607,-0.015289438798055666,-0.02562308701355487,-0.021988150098749215,23045.0,13007.0,-0.033022347580820136,0.7132313369723995,0.9855423711572736,1.0408191289515303,0.0013462574044156295,0
2023-12-20,22490.0,22600.0,22300.0,22431.0,19486761175,868754,239,22447.0,22564.0,53.49097333021042,213.12400515549234,330.041928921112,23239.383824801112,22059.816175198885,22649.6,21465.86,0.4125934579245065,0.015390153901539083,-0.015446374029147392,0.012565069107880023,23045.0,13007.0,-0.020872206552397483,0.7347582071192434,0.9962206838089857,1.051157512440685,-0.0049636589257223696,0
2023-12-23,22748.0,22748.0,22394.0,22443.0,10156872123,452571,211,22431.0,22498.0,52.520799558708866,192.954059572985,302.6243550514866,23135.28309639672,22233.71690360328,22684.5,21525.82,0.2227397669040897,-0.0018633540372671176,-0.018839947666812074,-0.0029250132955149777,23045.0,13007.0,-0.023736168366239964,0.729684016298916,0.9917785271881682,1.0451634362825668,0.013423415414703488,0
2023-12-24,22411.0,22700.0,22240.0,22484.0,33870267211,1506445,331,22443.0,22240.0,48.79511701860559,154.37129241206276,272.9737425236018,23154.251872127887,22172.748127872113,22663.5,21588.26,0.8453972388312508,-0.008161262988895301,-0.02669584245076584,-0.011467686016534806,23045.0,13007.0,-0.03493165545671512,0.7098485430921812,0.9813135658658195,1.0301895567312975,0.0993705035971224,1
2023-12-25,22234.0,22536.0,22234.0,22425.0,12680789021,565477,159,22484.0,22450.0,51.792702491436906,139.1355484265914,246.20610370419973,23124.341202043597,22155.658797956403,22640.0,21659.26,0.5018437406247139,-0.01470265525565062,0.001204120768853345,0.009442446043165464,23045.0,13007.0,-0.025819049685398134,0.7259936957023141,0.9916077738515902,1.0365081724860408,0.08440979955456562,1
2023-12-26,22480.0,22520.0,22200.0,22386.0,7310202103,326552,154,22425.0,22314.0,49.761029302198686,114.76411882627872,219.91770672861554,23105.531800553632,22119.668199446365,22612.6,21731.08,0.3040686614584694,0.0013462574044156295,-0.013963764913831223,-0.006057906458797335,23045.0,13007.0,-0.03172054675634628,0.7155377873452756,0.9867949727143275,1.0268242535575773,0.053643452541005665,1
2023-12-27,22400.0,22800.0,22260.0,22495.0,29593959103,1315551,275,22386.0,22452.0,51.82604082109106,105.37038772829692,197.00824292855182,23094.290941138144,22104.109058861857,22599.2,21800.66,1.2376028726325532,-0.0049636589257223696,0.010350103501034935,0.006184458187684871,23045.0,13007.0,-0.025732262963766545,0.7261474590605059,0.9934864950971716,1.029877077116014,0.0353197933368965,0
2023-12-30,22785.0,22849.0,22400.0,22591.0,79823912437,3533440,571,22495.0,22800.0,56.66353112894725,124.57050851787062,182.5206960464156,23087.793022966365,22106.006977033638,22596.9,21880.48,3.0346638615767842,0.013423415414703488,0.011535048802129522,0.015499732763228247,23045.0,13252.0,-0.010631373399869819,0.7204950196196801,1.0089879585252843,1.0420246722192565,0.05039473684210516,1
2023-12-31,22850.0,24636.0,22750.0,24066.0,223038366986,9267670,1214,22591.0,24450.0,71.3523338525085,269.817662885569,199.98008941424627,23598.746967576124,21735.55303242388,22667.15,21994.46,5.954072792159644,0.0993705035971224,0.09039825179503191,0.07236842105263164,24450.0,13252.0,0.0,0.8450045276184727,1.078653469889245,1.1116435684258672,0.0011451942740285936,0
2024-01-01,24729.0,25276.0,24202.0,24766.0,133476398062,5389434,1379,24066.0,24345.0,69.73254490909821,372.1643774142758,234.4169470142522,23934.15016775563,21564.649832244373,22749.4,22111.76,3.201268714650369,0.08440979955456562,0.06846609611586563,-0.004294478527607337,24450.0,13286.0,-0.004294478527607362,0.832379948818305,1.0701381135326646,1.100997840063387,-0.014212363935099614,0
2024-01-02,24064.0,24388.0,23400.0,23827.0,35971417993,1509665,817,24766.0,23511.0,58.39350626055276,381.57944574970315,263.8494467613424,24011.33706391968,21551.56293608032,22781.45,22214.64,0.8936478468148962,0.053643452541005665,0.05506192784060304,-0.034257547751078254,24450.0,13390.0,-0.038404907975460124,0.7558625840179238,1.0320238615189112,1.0583561111051092,0.022627706180085916,0
2024-01-03,23490.0,23689.0,23100.0,23225.0,20521648473,883605,552,23827.0,23245.0,55.30461673011591,363.3880668586644,283.7571707808068,24043.110981240014,21552.489018759985,22797.8,22322.54,0.5290698464646317,0.0353197933368965,0.030180819003722714,-0.011313853090042958,24450.0,13592.0,-0.049284253578732104,0.710197174808711,1.0196159278526875,1.0413241503879038,0.041944504194450394,0
2024-01-06,23300.0,23949.0,23300.0,23689.0,20752974698,876048,384,23225.0,23949.0,61.160438468601306,401.1539316379494,307.23652295223536,24191.125785686312,21506.374214313688,22848.75,22439.46,0.5240660403084606,0.05039473684210516,0.0644946217441551,0.030286083028608246,24450.0,13716.0,-0.020490797546012268,0.7460629921259843,1.0481536189069425,1.06727167231297,0.06054532548331881,1
2024-01-07,23610.0,24479.0,23610.0,24264.0,41124595915,1694878,537,23689.0,24478.0,64.88353013698841,468.3704475574632,339.46330787328094,24448.82037568951,21411.479624310494,22930.15,22540.44,0.9815813986028282,0.0011451942740285936,0.10062949640287777,0.022088604952190005,24478.0,14100.0,0.0,0.7360283687943262,1.0675028292444664,1.085959280297989,0.03868780129095506,0
2024-01-08,24478.0,24949.0,23520.0,24248.0,56018372221,2310193,828,24264.0,23999.0,59.33702167941375,477.48457886127653,367.06756207088006,24576.932713551676,21440.967286448325,23008.95,22629.84,1.2756175826929388,-0.014212363935099614,0.06899777282850783,-0.01956859220524554,24478.0,14100.0,-0.019568592205245528,0.7020567375886525,1.0430289083161117,1.0605024162786834,0.04033501395891492,0
2024-01-09,24000.0,24299.0,23301.0,23992.0,43950376054,1831904,494,24248.0,24043.0,59.678001832119726,482.69383183307946,390.19281602331995,24699.39485120704,21459.80514879296,23079.6,22712.1,0.9971843036598391,0.022627706180085916,0.0774849870036749,0.001833409725405133,24478.0,14100.0,-0.017771059727101888,0.705177304964539,1.0417424912043538,1.0585987205058098,0.04471155845776309,0
2024-01-10,24043.0,24366.0,23665.0,24161.0,87624709601,3626754,728,23992.0,24220.0,61.09145109381534,495.39402909779164,411.23305863821435,24821.700414077644,21537.299585922356,23179.5,22794.5,1.8331171048553452,0.041944504194450394,0.0787457687511135,0.00736181009025505,24478.0,14100.0,-0.01054007680366043,0.7177304964539007,1.0448888026057508,1.062537015508127,0.05573905862923212,1
2024-01-13,24400.0,25481.0,24380.0,25117.0,133024212017,5296284,891,24161.0,25399.0,68.90939533090955,593.7500921502251,447.7364653406165,25198.223810990206,21446.676189009795,23322.45,22870.82,2.4162750942272804,0.06054532548331881,0.11399122807017537,0.04867877786952923,25399.0,14100.0,0.0,0.8013475177304965,1.0890365291811108,1.110541729592555,0.010039765345092322,0
2024-01-14,25520.0,26199.0,25005.0,25590.0,71781418847,2805076,965,25117.0,25425.0,69.05705212888235,666.1173769673696,491.41264766596714,25509.888604649863,21435.211395350136,23472.55,22924.94,1.2207917174681422,0.03868780129095506,0.039877300613496924,0.0010236623489112695,25425.0,14100.0,0.0,0.8031914893617021,1.0831801402063261,1.1090541567393415,0.026548672566371723,0
2024-01-15,25425.0,25739.0,24755.0,25291.0,159225197644,6295756,734,25590.0,24967.0,63.34956756297901,678.6886983828845,528.8678578093507,25692.40069821062,21470.899301789384,23581.65,22985.58,2.4429319874336235,0.04033501395891492,0.02554939412610402,-0.01801376597836779,25425.0,14100.0,-0.01801376597836775,0.770709219858156,1.058746949428899,1.0862027410228499,0.047422597829134494,0
2024-01-16,24737.0,25328.0,24670.0,25175.0,209130946180,8307035,872,25291.0,25118.0,64.39441057515148,692.8492641826997,561.6641390840205,25847.08447257338,21599.615527426617,23723.35,23037.74,2.8321163159964358,0.04471155845776309,0.06835098464548506,0.006047983338006269,25425.0,14100.0,-0.012074729596853491,0.7814184397163121,1.0587880716677873,1.0902979198480405,0.05374631738195723,1
2024-01-17,25118.0,25590.0,24832.0,25229.0,34358809113,1361866,489,25175.0,25570.0,67.39117914431898,732.1049865138084,595.7523085699781,26072.079555386408,21675.220444613595,23873.65,23095.98,0.4604304900970319,0.05573905862923212,0.10002151000215109,0.01799506330121825,25570.0,14100.0,0.0,0.8134751773049645,1.0710553266886293,1.1071190744016923,0.07575283535393029,1
2024-01-20,25572.0,25939.0,25400.0,25629.0,42991485743,1677457,545,25229.0,25654.0,67.93136234113409,761.2186722545484,628.8455813068922,26265.042574754047,21797.857425245955,24031.45,23148.24,0.555623291994232,0.010039765345092322,0.07119295168900575,0.0032850997262416914,25654.0,14100.0,0.0,0.8194326241134752,1.067517773584199,1.108248402470339,0.1149528338660637,1
2024-01-21,25506.0,26462.0,25200.0,25982.0,92854933763,3573872,799,25629.0,26100.0,70.70610874305821,810.9320309146242,665.2628712284386,26472.52940028735,21976.370599712653,24224.45,23218.22,1.1445818641297758,0.026548672566371723,0.06626358362611318,0.0173852030872379,26100.0,14100.0,0.0,0.851063829787234,1.0774238424401792,1.1241171803867824,0.09616858237547898,1
2024-01-22,26448.0,26469.0,25750.0,26108.0,73752737269,2824870,757,25982.0,26151.0,71.01495107630606,844.7082289427162,701.1519427712942,26652.148300558125,22166.851699441875,24409.5,23287.92,0.8731142761371832,0.047422597829134494,0.08967040293345563,0.001954022988505777,26151.0,14100.0,0.0,0.8546808510638297,1.0713451729859276,1.1229427102119898,0.1391533784558907,1
2024-01-23,26200.0,26500.0,26000.0,26358.0,85197784027,3232272,819,26108.0,26468.0,72.92564716101467,886.8325068400263,738.2880555850406,26814.055625660494,22420.344374339507,24617.2,23362.48,0.9561007151960337,0.05374631738195723,0.10086095745123314,0.012121907384038844,26468.0,14100.0,0.0,0.8771631205673759,1.0751832052386137,1.1329276686379186,0.08697294846607218,1
2024-01-24,26500.0,27890.0,26460.0,27367.0,1097572709807,40106392,2450,26358.0,27507.0,78.03618226452085,992.6126959978574,789.1529836676041,27172.821031993768,22567.078968006233,24869.95,23458.62,7.538478716744901,0.07575283535393029,0.13571428571428568,0.039254949372827586,27507.0,14100.0,0.0,0.9508510638297872,1.1060335867181075,1.1725753688835916,0.05373177736576151,1
2024-01-27,27890.0,28603.0,27890.0,28343.0,156536980060,5522869,1626,27367.0,28603.0,81.91431701655488,1151.6072864092894,861.6438442159412,27786.249416921266,22533.95058307873,25160.1,23576.76,1.0190368646206105,0.1149528338660637,0.1261466986889248,0.03984440324281091,28603.0,14100.0,0.0,1.0285815602836879,1.1368396786976205,1.213186205398876,0.01912386812572109,0
2024-01-28,28970.0,28980.0,28101.0,28454.0,231802676663,8146501,2238,28343.0,28610.0,81.93625491538128,1263.6103724990498,942.037149872563,28368.619681654465,22367.580318345532,25368.1,23705.96,1.518839116718302,0.09616858237547898,0.12527040314650928,0.0002447295738208233,28610.0,14100.0,0.0,1.0290780141843971,1.1277943559036743,1.2068694961098392,0.016497728067109474,0
2024-01-29,28639.0,29900.0,28600.0,29022.0,382307459830,13172846,2097,28454.0,29790.0,85.19614888521191,1431.093014050868,1039.848322708224,29162.839362651885,22117.860637348113,25640.35,23856.76,2.289811852983808,0.1391533784558907,0.1931749909881042,0.04124432016777346,29790.0,14100.0,0.0,1.1127659574468085,1.161840614500192,1.2487026737914118,-0.04105404498153742,0
2024-01-30,29980.0,30168.0,28138.0,29413.0,418321765909,14222240,3378,29022.0,28770.0,72.94216811235358,1464.635334194878,1124.805725005555,29534.20567765063,22272.39432234937,25903.3,23998.16,2.2262475858918767,0.08697294846607218,0.14539374153993156,-0.03423967774420944,29790.0,14100.0,-0.03423967774420947,1.0404255319148936,1.1106692969621632,1.198841911213193,0.0010427528675704956,0
2024-01-31,28980.0,29180.0,28255.0,28703.0,172740162278,6018183,1894,29413.0,28985.0,73.79766836347446,1491.3749259408141,1198.1195651926068,29842.70513086862,22537.894869131378,26190.3,24142.06,0.9056484197352036,0.05373177736576151,0.1335549472037545,0.007473062217587811,29790.0,14150.0,-0.027022490768714335,1.048409893992933,1.1067074451228127,1.2006017713484267,0.005658099016732754,0
2024-02-03,28985.0,29285.0,28411.0,28982.0,203682141814,7027819,1525,28703.0,29150.0,74.46492732183255,1508.4914160444314,1260.1939353629718,30167.450874336788,22733.24912566321,26450.35,24289.06,1.0107965357350122,0.01912386812572109,0.13627504482731734,0.005692599620493288,29790.0,14150.0,-0.021483719368915744,1.0600706713780919,1.1020648119968168,1.20012878225835,0.00857632933104635,0
2024-02-04,29290.0,29520.0,28950.0,29232.0,110710734565,3787346,1074,28982.0,29082.0,73.6327134872169,1499.286484746186,1308.0124452396146,30450.424558920393,22910.675441079606,26680.55,24417.5,0.536650675479384,0.016497728067109474,0.11425287356321845,-0.0023327615780446287,29790.0,14150.0,-0.023766364551863043,1.0552650176678444,1.0900075148375876,1.1910310228319854,0.007152190358297172,0
2024-02-05,29050.0,29050.0,27925.0,28285.0,59684501568,2110097,1293,29232.0,28567.0,67.48162865556661,1433.9061370367817,1333.1911835990481,30552.695955743227,23265.204044256774,26908.95,24530.44,0.29941615327966337,-0.04105404498153742,0.09238652441589235,-0.017708548242899358,29790.0,14453.0,-0.041054044981537426,0.9765446620078876,1.0616170456297997,1.1645531021865079,0.02390870584940674,0
2024-02-06,28230.0,29133.0,28150.0,28659.0,86282893607,3010659,915,28285.0,28800.0,68.75342256523803,1384.9283017996495,1343.5386072391684,30628.620535294,23664.979464705997,27146.8,24649.2,0.42365997642911624,0.0010427528675704956,0.0881063926250567,0.008156264220954279,29790.0,14901.0,-0.03323262839879154,0.9327561908596739,1.0608985221094198,1.1683949174821089,0.023958333333333304,0
2024-02-07,28900.0,29179.0,28410.0,28892.0,58768407103,2034090,802,28659.0,29149.0,70.60770402616058,1358.6131510947744,1346.5535160102897,30705.14570336913,24081.35429663087,27393.25,24777.78,0.2894810939424919,0.005658099016732754,0.05969389609917486,0.012118055555555562,29790.0,14901.0,-0.021517287680429674,0.9561774377558553,1.0640942567968386,1.1764169348504991,0.02144155888709731,0
2024-02-10,29300.0,29646.0,28910.0,29309.0,105990263343,3616299,986,28892.0,29400.0,71.89929043466977,1342.5358888491319,1345.7499905780583,30882.460324458938,24304.13967554106,27593.3,24908.86,0.5208796073589623,0.00857632933104635,0.027864210047896965,0.008610930049058219,29790.0,14901.0,-0.013091641490433032,0.9730219448359171,1.0654760394733505,1.18030291229707,0.03394557823129252,0
2024-02-12,29550.0,29570.0,29050.0,29334.0,55001652476,1875027,876,29309.0,29290.0,70.43844798789024,1305.865260151273,1337.7730444927013,30996.63513749943,24576.46486250057,27786.55,25033.76,0.2718937750823834,0.007152190358297172,0.023767913317022105,-0.0037414965986394266,29790.0,14901.0,-0.016784155756965426,0.9656398899402725,1.054107112973723,1.170020004985268,0.058518265619665444,1
2024-02-13,29390.0,29400.0,29020.0,29085.0,152250866140,5234723,692,29334.0,29250.0,69.88241739859932,1259.062172024449,1322.030869999051,30993.95415559632,25007.445844403683,28000.7,25164.76,0.7649610982084986,0.02390870584940674,-0.01812688821752262,-0.0013656538067600144,29790.0,14933.0,-0.01812688821752266,0.9587490792205183,1.044616741724314,1.1623397163334759,0.04957264957264962,0
2024-02-14,29380.0,29799.0,29159.0,29391.0,54796491917,1864398,621,29085.0,29490.0,71.3440545767058,1227.19009816982,1303.0627156332048,30967.03318209657,25471.56681790343,28219.3,25297.16,0.2859071442098075,0.023958333333333304,0.02502606882168923,0.00820512820512831,29790.0,14933.0,-0.010070493454179255,0.9748208665371995,1.045029465649396,1.1657435063856971,0.013903017972193954,0
2024-02-17,29677.0,29846.0,29500.0,29682.0,105727159535,3561997,1007,29391.0,29774.0,73.01308587149933,1210.8892984470222,1284.6280321959682,30969.76805672048,25889.23194327952,28429.5,25434.28,0.5371736020092361,0.02144155888709731,0.027220976367086314,0.009630383180739166,29790.0,14940.0,-0.0005370929842228936,0.992904953145917,1.0472924251217925,1.1706248417490097,0.011285013770403696,0
2024-02-18,29890.0,30400.0,29525.0,29979.0,75576444498,2520994,943,29682.0,30398.0,76.28183610536719,1234.0964861462926,1274.5217229860332,31003.840312431912,26329.55968756809,28666.7,25583.64,0.37778030897347853,0.03394557823129252,0.04281303602058317,0.020957882716464038,30398.0,15005.0,0.0,1.025858047317561,1.0603941158207955,1.1881811970462375,0.01552733732482392,0
2024-02-19,30499.0,31500.0,30488.0,30997.0,156341184989,5043736,1546,29979.0,31004.0,78.94858716423299,1286.556858433225,1276.9287500754717,31147.238265228378,26676.561734771625,28911.9,25746.72,0.747589191399209,0.058518265619665444,0.06608898975311184,0.019935522073820655,31004.0,15005.0,0.0,1.0662445851382873,1.0723612076688145,1.2041922233200966,-0.006870081279834905,0
2024-02-20,31490.0,31700.0,30578.0,31088.0,197816012101,6363146,2144,30997.0,30700.0,74.4277197844438,1288.74596084113,1279.2921922286034,31115.393954469157,27163.30604553084,29139.35,25912.26,0.9190540786136747,0.04957264957264962,0.0746665733188645,-0.009805186427557788,31004.0,15005.0,-0.009805186427557734,1.0459846717760746,1.0535581610434002,1.1847673649461685,0.011368078175895802,0
2024-02-21,30970.0,31000.0,29850.0,29942.0,527337419639,17611832,2170,31088.0,29900.0,64.03568583764296,1211.9568420912947,1265.8251222011418,30884.309142088678,27737.590857911324,29310.95,26057.66,2.3044415341629585,0.013903017972193954,0.03819444444444442,-0.026058631921824116,31004.0,15011.0,-0.03560830860534125,0.9918726267403903,1.020096585064626,1.1474552972139478,0.03953177257525087,0
2024-02-24,29999.0,30190.0,29620.0,29952.0,201074831889,6713190,1162,29942.0,30110.0,65.40133509997594,1154.7350898845398,1243.6071157378215,30813.88984553134,28068.310154468658,29441.1,26215.42,1.123941544237576,0.011285013770403696,0.03296854094480084,0.00702341137123752,31004.0,15011.0,-0.028834989033673073,1.0058623675970955,1.022719939132709,1.1485606562854993,0.03553636665559612,0
2024-02-26,30200.0,31089.0,30199.0,30763.0,100625797795,3270950,1292,29952.0,30870.0,69.86165289465333,1157.37063912558,1226.3598204153732,31003.942252478057,28104.957747521945,29554.45,26382.02,0.5581536717811542,0.01552733732482392,0.050000000000000044,0.025240783792759958,31004.0,15011.0,-0.004322022964778738,1.0564919059356472,1.0445127552703568,1.17011510111811,0.04525429219306765,0
2024-02-27,30999.0,31399.0,30510.0,30957.0,113521084309,3667080,1524,30763.0,30791.0,68.86780282547365,1139.9441248372168,1209.076681299742,31140.278317823584,28186.721682176416,29663.5,26549.38,0.6506145503194755,-0.006870081279834905,0.05124615909866859,-0.002559118885649525,31004.0,15236.0,-0.00687008127983486,1.0209372538724075,1.0380096751900483,1.159763429503815,0.1012958331980125,1
2024-02-28,31350.0,31350.0,30320.0,30799.0,88455894667,2872063,1682,30957.0,31049.0,70.35122923321941,1133.8812532456213,1194.037595688918,31321.989090713174,28130.910909286828,29726.45,26714.66,0.5608081294384722,0.011368078175895802,0.061504273504273455,0.008379071806696725,31049.0,15236.0,0.0,1.037870832239433,1.0444906808582928,1.1622457482146507,0.09890817739701752,1
2024-03-02,31300.0,31300.0,30601.0,31039.0,100562001060,3239878,1602,30799.0,31082.0,70.54455986379,1118.8418951240528,1178.998455575945,31478.153722260227,28205.94627773977,29842.05,26890.62,0.708607555919744,0.03953177257525087,0.05398440149203121,0.0010628361621951576,31082.0,15236.0,0.0,1.0400367550538199,1.0415504296789262,1.1558677338045757,0.15459108165497715,1
2024-03-03,31360.0,31360.0,30600.0,30995.0,133264472564,4299540,1479,31039.0,31180.0,71.14627737004317,1102.1262510672823,1163.6240146742125,31636.96178451617,28266.63821548383,29951.8,27062.94,0.9583831745902673,0.03553636665559612,0.04722240881305839,0.0031529502606009174,31180.0,15236.0,0.0,1.0464688894723024,1.041005882785008,1.1521290739291445,0.09018601667735737,1
2024-03-04,30995.0,32300.0,30995.0,31819.0,161417645032,5072965,1280,30995.0,32267.0,76.80595586662204,1163.1823561388446,1163.5356829671389,32027.563255851328,28187.736744148675,30107.65,27258.32,1.155967738866613,0.04525429219306765,0.06148430817816952,0.03486209108402827,32267.0,15236.0,0.0,1.117813074297716,1.0717209745695861,1.1837486682965055,0.040381814237456126,0
2024-03-05,32150.0,34000.0,32150.0,33435.0,225185966311,6735132,2101,31819.0,33910.0,82.41927165292263,1328.8282235750994,1196.594191088731,32825.77214630417,27872.32785369583,30349.05,27491.72,1.4848535341400932,0.1012958331980125,0.09372984131079853,0.05091889546595585,33910.0,15236.0,0.0,1.2256497768443162,1.1173331619935385,1.2334622933741504,-0.005455617811854885,0
2024-03-06,34094.0,34697.0,33672.0,33984.0,224706530612,6612063,2230,33435.0,34120.0,82.98605165727716,1460.216544517174,1249.3186617744195,33461.24878948897,27792.15121051103,30626.7,27725.12,1.3888005727214485,0.09890817739701752,0.11140065146579814,0.006192863462105569,34120.0,15236.0,0.0,1.2394329220267786,1.1140606072479242,1.2306529241352246,-0.022860492379835895,0
2024-03-09,34550.0,36299.0,34501.0,35457.0,256281126553,7227983,2776,33984.0,35887.0,86.83265777645683,1687.4727327821347,1336.9494759759627,34502.29918033263,27459.80081966737,30981.05,27996.58,1.4537801318916366,0.15459108165497715,0.20023411371237465,0.05178780773739744,35887.0,15236.0,0.0,1.3554082436334995,1.1583532514230472,1.281835138434766,-0.06545545740797498,0
2024-03-10,36400.0,36400.0,33120.0,34241.0,474914788837,13869722,4602,35457.0,33992.0,68.85393874868085,1695.123903271411,1408.5843614350524,34871.01192497545,27575.38807502455,31223.2,28227.38,2.4929240966325636,0.09018601667735737,0.12892726668880772,-0.052804636776548564,35887.0,15236.0,-0.05280463677654861,1.2310317668679442,1.0886776499525994,1.2042208664070133,0.011120263591433366,0
2024-03-11,33855.0,34149.0,33067.0,33401.0,220935752627,6614713,3220,34241.0,33570.0,65.59672879315357,1648.1369410818515,1456.4948773644123,35115.356504072144,27748.043495927857,31431.7,28442.78,1.1577224946016988,0.040381814237456126,0.08746355685131202,-0.01241468580842553,35887.0,15236.0,-0.06456376961016524,1.2033342084536625,1.0680300460999563,1.1802643764076508,0.03661006851355375,0
2024-03-12,34200.0,34320.0,33455.0,33729.0,143366663209,4250500,1648,33401.0,33725.0,66.22865912247838,1604.9062790691605,1486.177157705362,35328.65097273508,27978.24902726492,31653.45,28628.28,0.7287824622071084,-0.005455617811854885,0.09528758403429571,0.004617217753946967,35887.0,15236.0,-0.06024465683952406,1.2135074822788134,1.0654446829650481,1.1780309540077154,0.05485544848035584,1
2024-03-13,33800.0,33949.0,33000.0,33170.0,76384750613,2302816,1238,33729.0,33340.0,63.12697100272766,1522.0343213205342,1493.3485904283966,35429.13985633539,28286.76014366461,31857.95,28808.18,0.4050164210083027,-0.022860492379835895,0.07378659538149379,-0.011415863602668663,35887.0,15236.0,-0.07097277565692311,1.188238382777632,1.0465205702187366,1.1573101806500792,0.07768446310737853,1
2024-03-16,33350.0,33650.0,33350.0,33520.0,90044013292,2686255,1551,33170.0,33538.0,64.05921347530156,1455.5559006192416,1485.7900524665656,35529.155285684494,28591.544714315503,32060.35,29008.72,0.4690650945455798,-0.06545545740797498,0.07901679428608199,0.005938812237552549,35887.0,15236.0,-0.06545545740797504,1.2012339196639539,1.046089640318961,1.1561351207498987,0.06983123620967269,1
2024-03-17,33890.0,34380.0,33635.0,33932.0,167287653386,4930029,1329,33520.0,34370.0,67.74903685822353,1453.2545066154416,1479.282943296341,35731.486268078515,28848.813731921484,32290.15,29231.22,0.8507047266386446,0.011120263591433366,0.10230917254650418,0.024807680839644686,35887.0,15236.0,-0.042271574664920444,1.255841428196377,1.0644112833170487,1.1757976574361249,0.04637765493162638,0
2024-03-18,34230.0,34999.0,34086.0,34623.0,143112471089,4133420,1538,33932.0,34799.0,69.4884430834248,1469.112337448758,1477.2488221268245,36001.893949932106,29018.506050067896,32510.2,29448.22,0.7034589961880667,0.03661006851355375,0.07847026373694477,0.012481815536805385,35887.0,15236.0,-0.030317385125532923,1.2839984247834078,1.0704025198245473,1.1817013048666438,0.031322739159171276,0
2024-03-24,35190.0,35900.0,34500.0,35197.0,188809809793,5364423,2210,34623.0,35575.0,72.38929125275817,1526.6976768486675,1487.138593071193,36400.424255035854,29077.07574496415,32738.75,29670.16,0.9104765283097005,0.05485544848035584,0.049100560306694296,0.022299491364694335,35887.0,15236.0,-0.00869395602864547,1.334930427933841,1.0866328127982894,1.1990161158551218,0.013352073085031613,0
2024-03-25,35895.0,36350.0,34990.0,35739.0,177482203770,4966092,2407,35197.0,35930.0,73.62469641489528,1582.7352199471825,1506.2579184463912,36787.04869414684,29213.451305853156,33000.25,29908.78,0.8529825573107865,0.07768446310737853,0.05304806565064468,0.009978917779339458,35930.0,15236.0,0.0,1.3582305066946705,1.088779630457345,1.201319478761755,-0.006373504035624866,0
2024-03-26,36200.0,36200.0,35400.0,35807.0,114409027494,3195173,2022,35739.0,35880.0,73.12839645290506,1604.6138053383547,1525.9290958247839,37003.102366117215,29595.397633882785,33299.25,30145.52,0.6263572114663585,0.06983123620967269,-0.00019505670577091294,-0.0013915947676036433,35930.0,15236.0,-0.0013915947676036739,1.3549488054607508,1.0775017455348093,1.1902266074693686,0.004933110367892901,0
2024-03-27,35960.0,35970.0,35384.0,35754.0,91702767483,2564853,1742,35807.0,35964.0,73.45217173437494,1610.1698046580714,1542.7772375914415,37164.3084072699,30019.591592730096,33591.95,30380.4,0.5241044120779785,0.04637765493162638,0.05801365027065186,0.00234113712374584,35964.0,15250.0,0.0,1.358295081967213,1.0706136440426948,1.1837895485247067,0.0565843621399178,1
2024-03-30,36000.0,36290.0,35800.0,35975.0,146005806585,4058497,2010,35754.0,35889.0,72.6109339140021,1590.1903761517751,1552.2598653035084,37319.00793273049,30366.79206726951,33842.9,30590.2,0.822697241404006,0.031322739159171276,0.0690795352993745,-0.002085418752085455,35964.0,15250.0,-0.0020854187520854186,1.3533770491803279,1.0604587668314476,1.1732188740184766,0.03792248321212632,0
2024-04-02,36290.0,36400.0,35902.0,36098.0,228639824352,6333851,2615,35975.0,36050.0,73.31740043096212,1569.2584549442545,1555.6595832316575,37410.11919454086,30801.58080545914,34105.85,30802.7,1.250143688982513,0.013352073085031613,0.06893995552260934,0.004486054222742286,36050.0,15250.0,0.0,1.3639344262295081,1.0570034173023104,1.17035194966675,0.03883495145631066,0
2024-04-03,35930.0,36180.0,35579.0,35875.0,130655749221,3641996,2126,36098.0,35701.0,69.15338765235343,1507.135058500251,1545.9546782853763,37394.88880848146,31282.011191518533,34338.45,31017.38,0.7134181256453912,-0.006373504035624866,0.07081583683263348,-0.009680998613037395,36050.0,15250.0,-0.009680998613037449,1.3410491803278688,1.0396800088530496,1.1509998587888468,0.07139856026441826,1
2024-04-06,36240.0,36260.0,35150.0,35645.0,318282802419,8929349,2439,35875.0,36057.0,70.96488538455492,1469.6864138959718,1530.7010254074955,37337.49115549453,31836.908844505462,34587.2,31236.16,1.6568143657057397,0.004933110367892901,0.07510883177291428,0.009971709475925072,36057.0,15250.0,0.0,1.364393442622951,1.042495489660915,1.1543352319875426,0.058878997143411826,1
2024-04-07,36100.0,38200.0,36099.0,37393.0,325461494371,8703692,3001,35645.0,37999.0,78.4124921588942,1578.5151235205922,1540.263845030115,37593.74323790996,32262.556762090044,34928.15,31484.74,1.5515498024645344,0.0565843621399178,0.10558626709339536,0.05385916742934804,37999.0,15250.0,0.0,1.4917377049180327,1.087919056692095,1.206902137352889,0.020579488933919254,0
2024-04-08,38120.0,38470.0,37220.0,37742.0,319355531457,8461570,3356,37393.0,37250.0,70.86280731833315,1586.0417179726937,1549.4194196186309,37730.521110673966,32624.078889326043,35177.3,31716.66,1.4641657967729595,0.03792248321212632,0.07043305842121894,-0.019711045027500762,37999.0,15250.0,-0.019711045027500724,1.4426229508196722,1.0589215204123112,1.1744616236388068,0.04953020134228181,0
2024-04-09,37336.0,37664.0,36818.0,37001.0,332189823644,8977798,2650,37742.0,37450.0,71.6477957482355,1589.818488919802,1557.4992334788653,38019.904104136825,32688.695895863177,35354.3,31943.66,1.5239233813222421,0.03883495145631066,0.05270555165144053,0.005369127516778427,37999.0,15250.0,-0.014447748624963815,1.455737704918033,1.0592770893498102,1.1723766155788033,0.044993324432576864,0
2024-04-13,37600.0,38460.0,37600.0,38078.0,210511377080,5528437,2390,37001.0,38250.0,74.59602895511952,1638.4775716969452,1573.6949011224815,38443.02008874947,32678.579911250534,35560.8,32185.64,0.9471272298121325,0.07139856026441826,0.06456999721681056,0.021361815754339153,38250.0,15250.0,0.0,1.5081967213114753,1.075622595667139,1.188418188981173,-0.014718954248366,0
2024-04-14,38389.0,41000.0,36281.0,38986.0,411960412345,10566947,4818,38078.0,38180.0,73.87217883708948,1652.3446300357682,1589.424846905139,38774.70387633716,32576.196123662834,35675.45,32419.88,1.7599825609786757,0.058878997143411826,0.0641025641025641,-0.001830065359477162,38250.0,15250.0,-0.0018300653594771241,1.5036065573770492,1.0702037395463828,1.177672465166435,-0.009952854897852248,0
2024-04-15,38170.0,39471.0,37620.0,38866.0,247416944619,6365849,3148,38986.0,38781.0,76.02338451079025,1692.3220161412755,1610.0042807523664,39191.80658395854,32637.993416041463,35914.9,32645.36,1.1309398624541267,0.020579488933919254,0.07832832832832826,0.01574122577265591,38781.0,15250.0,0.0,1.5430163934426229,1.0798025332104502,1.1879483026071698,-0.025295892318403346,0
2024-04-16,38900.0,39380.0,38794.0,39056.0,254472874281,6515661,2082,38866.0,39095.0,77.08493275264715,1729.4060421083632,1633.8846330235658,39560.98033845781,32821.31966154219,36191.15,32855.2,1.1585744553687711,0.04953020134228181,0.08933099278330414,0.008096748407725451,39095.0,15250.0,0.0,1.5636065573770492,1.080236466649996,1.1899181864666781,-0.05634991686916491,0
2024-04-17,39200.0,39200.0,38900.0,39051.0,88093411739,2255862,1333,39056.0,39135.0,77.22327605600928,1741.943030634051,1655.496312545663,39864.58210481646,33058.717895183545,36461.65,33065.7,0.40836522901304706,0.044993324432576864,0.08557558945908461,0.0010231487402481143,39135.0,15250.0,0.0,1.5662295081967212,1.0733195014487824,1.183552744989521,-0.06199054554746386,0
2024-04-20,39001.0,39135.0,37687.0,38097.0,274137791663,7195758,4193,39051.0,37687.0,62.510812414979185,1616.4042834033608,1647.6779067172024,39800.27211245518,33557.72788754482,36679.0,33223.64,1.2473631319616594,-0.014718954248366,0.05562869387412128,-0.03700012776287209,39135.0,15250.0,-0.037000127762872106,1.47127868852459,1.0274816652580496,1.1343428956008432,-0.021678562899673626,0
2024-04-21,37700.0,37880.0,37200.0,37549.0,176157613639,4691383,1958,38097.0,37800.0,63.101610604128204,1508.6413984402461,1619.8706050618114,39691.89377097499,34092.30622902501,36892.1,33404.24,0.7993452753367165,-0.009952854897852248,0.04834012813046007,0.002998381404728523,39135.0,15250.0,-0.03411268685320046,1.478688524590164,1.0246096047663322,1.1315928756349494,-0.0272486772486773,0
2024-04-22,38293.0,38293.0,37700.0,37933.0,79778988240,2103139,1145,37549.0,37800.0,63.101610604128204,1407.0192931450438,1577.3003426784578,39635.341619990286,34491.85838000971,37063.6,33580.54,0.36718815403249566,-0.025295892318403346,-0.005236979920524187,0.0,39135.0,15250.0,-0.03411268685320046,1.478688524590164,1.0198685502757423,1.125651940081964,-0.044629629629629575,0
2024-04-23,37800.0,37800.0,36801.0,36995.0,235482598804,6365252,2208,37933.0,36892.0,55.02109412130842,1238.9333782482863,1509.6269497924236,39524.14794982512,34812.35205017488,37168.25,33735.38,1.090074971754647,-0.05634991686916491,-0.009610738255033557,-0.024021164021164054,39135.0,15250.0,-0.057314424428261145,1.4191475409836065,0.9925675812016976,1.0935700146255949,-0.01740214680689578,0
2024-04-24,36817.0,37090.0,36420.0,36709.0,125035127182,3406134,1651,36995.0,36709.0,53.5332007419089,1078.5249448876057,1423.4065488114602,39477.035386922566,34972.86461307743,37224.95,33887.92,0.5932620914437128,-0.06199054554746386,-0.019786381842456624,-0.004960425024395532,39135.0,15250.0,-0.06199054554746391,1.4071475409836065,0.9861396724508698,1.0832473636623317,-0.021956468440981758,0
2024-04-27,36800.0,37760.0,36411.0,36889.0,153790198873,4169015,2729,36709.0,36870.0,54.69400171346474,953.4012441647064,1329.4054878821096,39452.05811428932,35091.84188571067,37271.95,34053.98,0.7312123305984092,-0.021678562899673626,-0.03607843137254907,0.004385845433000135,39135.0,15250.0,-0.05787658106554235,1.417704918032787,0.989215750718704,1.0826928306177426,-0.03417412530512609,0
2024-04-28,36990.0,37200.0,36490.0,36684.0,80275392513,2188282,1039,36889.0,36770.0,53.795091199553084,836.5276752887585,1230.8299253634395,39415.934743928876,35216.96525607112,37316.45,34213.38,0.38722661893020754,-0.0272486772486773,-0.036930330015714996,-0.002712232167073503,39135.0,15250.0,-0.06043183850772965,1.4111475409836065,0.9853563240876344,1.074725735954764,-0.03725863475659508,0
2024-04-29,36886.0,36886.0,35888.0,36128.0,167462245880,4635226,1856,36684.0,36113.0,48.19114383283224,683.0167290151367,1121.2672860937791,39405.11319426678,35242.686805733225,37323.9,34352.66,0.8054699919364828,-0.044629629629629575,-0.06879657564271169,-0.017867827032907235,39135.0,15250.0,-0.07721987990290022,1.3680655737704919,0.9675569809157135,1.0512431933946307,-0.034779719214687255,0
2024-04-30,36120.0,36250.0,35010.0,35498.0,192823960129,5432043,2459,36128.0,36250.0,49.375419265187794,565.8897286125502,1010.1917745975334,39378.86182675885,35305.03817324114,37341.95,34489.66,0.9328018442679041,-0.01740214680689578,-0.07277145415014707,0.003793647716888726,39135.0,15250.0,-0.07371917720710361,1.3770491803278688,0.9707580884233417,1.0510396449254644,-0.0675862068965517,0
2024-05-01,36200.0,36220.0,35420.0,35775.0,148234964508,4143489,1654,35498.0,35903.0,46.47750763508292,439.9937627289037,896.1521722238074,39391.07323347281,35278.12676652719,37334.6,34621.92,0.7251666176891316,-0.021956468440981758,-0.0825859205314935,-0.009572413793103474,39135.0,15250.0,-0.08258592053149355,1.354295081967213,0.9616548724239714,1.0370019918017257,-0.10870957858674768,0
2024-05-05,36188.0,36188.0,35361.0,35662.0,59551877115,1669876,984,35775.0,35610.0,44.12268036026899,312.9699289143173,779.5157235619095,39401.31014541634,35258.789854583665,37330.05,34749.12,0.29738293733261284,-0.03417412530512609,-0.055111842279831236,-0.008160877921065124,39135.0,15250.0,-0.09007282483710234,1.3350819672131147,0.953923179851085,1.024774152554079,-0.10699241786015168,0
2024-05-06,35599.0,35610.0,35081.0,35252.0,51014648297,1447130,1191,35662.0,35400.0,42.462121504819336,193.13108556769294,662.2387959630662,39466.69059458438,35127.70940541561,37297.2,34867.32,0.2761104545994462,-0.03725863475659508,-0.06349206349206349,-0.005897219882055604,39135.0,15250.0,-0.09543886546569567,1.321311475409836,0.9491329107815064,1.0152773427954886,-0.09802259887005649,0
2024-05-07,35085.0,35476.0,34770.0,34992.0,35572252567,1016588,1055,35252.0,34857.0,38.434246579699774,53.72309051756747,540.5356548739665,39527.64651472808,34752.553485271914,37140.1,34968.98,0.2093135132688287,-0.034779719214687255,-0.07785714285714285,-0.015338983050847466,39135.0,15250.0,-0.10931391337677271,1.2857049180327869,0.938527359915563,0.9967977333053465,-0.08612330378403188,0
2024-05-08,35539.0,35539.0,33714.0,34292.0,62976314723,1836466,1495,34992.0,33800.0,32.05915779225042,-140.43101489797118,404.3423209195789,39762.271959280784,34172.92804071921,36967.6,35037.02,0.4058024975821822,-0.0675862068965517,-0.08381220860891248,-0.030323894770060478,39135.0,15250.0,-0.13632298454069247,1.2163934426229508,0.9143141561800063,0.9646939151788595,-0.05065088757396452,0
2024-05-11,33800.0,34010.0,31925.0,32557.0,186721414264,5735255,2662,34292.0,32000.0,24.581594245412674,-434.5354448970684,236.56676775624948,40216.752220193026,33173.44777980697,36695.1,35056.94,1.3144036003569337,-0.10870957858674768,-0.1282791685962571,-0.053254437869822535,39135.0,15250.0,-0.1823176185000639,1.098360655737705,0.872051036786928,0.9128007179177646,0.04212499999999997,0
2024-05-12,32000.0,32168.0,30501.0,31148.0,168958490633,5424395,2842,32557.0,31800.0,23.914164751629613,-675.9615886867032,54.061096467658956,40409.29014911854,32335.90985088146,36372.6,35078.94,1.2446447060848116,-0.10699241786015168,-0.13751017087062656,-0.006249999999999978,39135.0,15250.0,-0.18742813338443848,1.0852459016393443,0.8742844888734927,0.9065268220761517,0.06606918238993709,1
2024-05-13,31150.0,32600.0,31150.0,32146.0,104975361813,3265553,1856,31148.0,31930.0,25.33328896528201,-847.0394895055142,-126.15902072697568,40441.67989314252,31678.520106857475,36060.1,35119.54,0.817795307716692,-0.09802259887005649,-0.1316290454174599,0.004088050314465352,39135.0,15250.0,-0.184106298709595,1.0937704918032787,0.8854662078030844,0.9091804733205503,0.08227372377074849,1
2024-05-14,32000.0,32421.0,31492.0,31809.0,65959779102,2073606,1095,32146.0,31855.0,25.043082570789622,-977.4049161925577,-296.40819982009214,40271.70099058668,31155.899009413326,35713.8,35154.44,0.5487899693890891,-0.08612330378403188,-0.1179076786752693,-0.002348888192922005,39135.0,15250.0,-0.18602274179123546,1.0888524590163935,0.8919521305489754,0.9061444301203488,0.0706325537592214,1
2024-05-15,32000.0,32200.0,31667.0,32019.0,21276996410,664514,620,31809.0,32088.0,27.80985019257561,-1049.817658854001,-447.0900916268739,39905.064623676386,30821.83537632361,35363.45,35178.8,0.1906264645405097,-0.05065088757396452,-0.1148137931034483,0.00731439334484385,39135.0,15250.0,-0.18006899195093906,1.1041311475409836,0.9073775324522919,0.9121402662967468,0.044471453502867186,0
2024-05-18,32399.0,33349.0,32190.0,32815.0,105375023678,3211156,1214,32019.0,33348.0,40.58234613900226,-994.0747346274511,-556.4870202269894,39347.138679908174,30801.061320091823,35074.1,35229.94,0.9087200913033967,0.04212499999999997,-0.07116396958471438,0.03926701570680624,39135.0,15250.0,-0.14787274817937907,1.1867540983606557,0.9507870479926784,0.946581231759123,0.019551397385150437,0
2024-05-19,33200.0,33998.0,32868.0,33390.0,98915167614,2962392,1207,32815.0,33901.0,45.167706884342486,-894.9590562775629,-624.1814274371042,39010.97317135279,30758.62682864722,34884.8,35286.98,0.8917375494676516,0.06606918238993709,-0.04799213704015726,0.016582703610411365,39135.0,15250.0,-0.1337421745240833,1.223016393442623,0.9717986056964637,0.9607226234718867,-2.9497654936427864e-05,0
2024-05-21,34938.0,34938.0,33390.0,34494.0,176384702534,5113528,1154,33390.0,34557.0,50.088365060020095,-754.774874592862,-650.3001168682558,38626.743609276244,30818.55639072376,34722.65,35356.48,1.529552971709826,0.08227372377074849,-0.023813559322033884,0.019350461638299787,39135.0,15250.0,-0.11697968570333461,1.266032786885246,0.9952293387745462,0.9773880205269302,-0.02459704256735251,0
2024-05-25,34268.0,34930.0,33700.0,34070.0,95214891241,2794685,925,34494.0,34105.0,46.96123748250934,-672.3995200012287,-654.7199974948504,38183.12953460982,30892.670465390187,34537.9,35414.98,0.8273857355500001,0.0706325537592214,-0.02157385890925778,-0.013079839106403868,39135.0,15250.0,-0.1285294493420212,1.2363934426229508,0.9874659432102125,0.9630105678444544,-0.0027855153203342198,0
2024-05-26,34070.0,34435.0,33200.0,33588.0,99870716623,2973417,898,34070.0,33515.0,43.172342103461204,-647.2632789963754,-653.2286537951555,37872.557469664054,30865.54253033595,34369.05,35439.94,0.9268358977755785,0.044471453502867186,-0.008431952662721898,-0.01729951619997072,39135.0,15250.0,-0.1436054682509263,1.1977049180327868,0.9751506078870378,0.9456844452896929,0.028494703863941595,0
2024-05-27,34000.0,34143.0,33100.0,33465.0,87422524586,2612360,752,33588.0,34000.0,46.96065337972974,-581.5039644883364,-638.8837159337918,37570.266624041404,30896.933375958593,34233.6,35441.74,0.8244917828560147,0.019551397385150437,0.0625,0.014471132328808034,39135.0,15250.0,-0.1312124696563179,1.2295081967213115,0.9931762946345112,0.9593208459855527,0.01405882352941168,0
2024-05-28,33650.0,34419.0,33590.0,34084.0,157443799794,4619304,1082,33465.0,33900.0,46.27566762898955,-531.333516204395,-617.3736759879125,37195.93139369397,30974.26860630603,34085.1,35437.34,1.4476205578362584,-2.9497654936427864e-05,0.0660377358490567,-0.002941176470588225,39135.0,15250.0,-0.13376772709850518,1.222950819672131,0.9945694746384784,0.9566180757359328,0.010766961651917484,0
2024-05-29,33900.0,34135.0,33652.0,33840.0,46262330696,1367086,728,34084.0,33707.0,44.913999937722444,-501.36711351807025,-594.1723634939441,36790.32481621848,31073.57518378151,33931.95,35393.74,0.43400885827151303,-0.02459704256735251,0.05565299091763243,-0.00569321533923306,39135.0,15250.0,-0.13869937396192666,1.2102950819672131,0.9933705548900079,0.9523435500176021,0.015812739193639347,0
2024-06-01,33950.0,34095.0,33205.0,33759.0,205700901755,6093221,980,33840.0,34010.0,47.52462208261738,-448.00463718527317,-564.93881823221,36505.58760636079,31148.01239363922,33826.8,35394.1,1.8906587284014114,-0.0027855153203342198,0.06765029037827652,0.008989230723588593,39135.0,15250.0,-0.13095694391209914,1.2301639344262294,1.0054158241394398,0.9608946123788994,-0.006174654513378397,0
2024-06-02,34100.0,34701.0,34100.0,34559.0,512716986696,14836099,1450,33759.0,34470.0,51.2981544942918,-364.3958065862389,-524.8302159030158,36197.99930899758,31277.60069100242,33737.8,35412.1,4.017350364445657,0.028494703863941595,0.07423335826477184,0.013525433695971811,39135.0,15250.0,-0.11920275967803756,1.260327868852459,1.0217026599244763,0.9733960990734806,-0.024078909196402654,0
2024-06-05,34599.0,34910.0,34010.0,34448.0,60645064776,1760465,699,34559.0,34478.0,51.36365885979661,-294.0994771244732,-478.68406814730724,35947.82933186452,31385.270668135483,33666.55,35427.16,0.49259555816313527,0.01405882352941168,0.03388509056015354,0.00023208587177259155,39135.0,15250.0,-0.11899833908266258,1.2608524590163934,1.0241025587712431,0.9732081261947048,-0.03387667498114744,0
2024-06-08,34890.0,35100.0,34050.0,34554.0,188046419526,5442067,1056,34448.0,34265.0,49.456349321319394,-252.6638973225272,-433.48003398235124,35721.179836369694,31477.42016363031,33599.3,35445.66,1.446410249707748,0.010766961651917484,0.010737146396861519,-0.006177852543650997,39135.0,15250.0,-0.12444103743452153,1.2468852459016393,1.0198129127690159,0.9666909855818737,-0.037326718225594635,0
2024-06-09,34666.0,34666.0,34022.0,34234.0,184102176901,5377755,548,34554.0,34240.0,49.225303181973615,-219.31506531447667,-390.64704024877636,35521.83357456831,31560.7664254317,33541.3,35459.7,1.358363469764907,0.015812739193639347,-0.009173249992765586,-0.00072960747118056,39135.0,15250.0,-0.12507985179506836,1.2452459016393442,1.0208310351715646,0.965603205892887,-0.04786799065420566,0
2024-06-10,34240.0,34240.0,33611.0,34003.0,47213773205,1388520,649,34234.0,33800.0,45.221108233394766,-225.78746114503883,-357.6751244280289,35380.14569169894,31596.754308301057,33488.45,35448.3,0.34908555985201295,-0.006174654513378397,-0.00894297023896784,-0.012850467289719614,39135.0,15250.0,-0.13632298454069247,1.2163934426229508,1.0093032075237882,0.9535012962539811,-0.047337278106508895,0
2024-06-11,34100.0,34100.0,33200.0,33672.0,23032031281,684007,759,34003.0,33640.0,43.825057198593065,-241.04888282260072,-334.34987610694327,35368.15691316007,31592.74308683992,33480.45,35425.12,0.1744929504230167,-0.024078909196402654,0.0037296732806206823,-0.004733727810650845,39135.0,15250.0,-0.14041139644819214,1.2059016393442623,1.004765467608709,0.9496086392932472,-0.0465219976218787,0
2024-06-12,33429.0,33650.0,33202.0,33314.0,36008412821,1080870,528,33672.0,33310.0,41.01278111029269,-276.58362763752666,-322.79662641306,35310.52943714424,31781.37056285575,33545.95,35379.82,0.29313716184148075,-0.03387667498114744,-0.020294117647058796,-0.009809750297265163,39135.0,15250.0,-0.14884374600741024,1.1842622950819672,0.9929663640469267,0.9414971585497043,-0.033323326328429936,0
2024-06-15,33002.0,33665.0,32646.0,33091.0,36793848341,1111889,586,33314.0,32986.0,38.40686699792874,-327.1184433456583,-323.6609897995796,35202.9718625256,32007.528137474405,33605.25,35320.94,0.32027914768552024,-0.037326718225594635,-0.026961651917404184,-0.009726808766136297,39135.0,15250.0,-0.1571227801200971,1.163016393442623,0.9815728197231087,0.9338936053230745,-0.028375674528587913,0
2024-06-16,32926.0,33180.0,32400.0,32816.0,30594331662,932307,404,33091.0,32601.0,35.51884734680931,-393.6956528794326,-337.6679224155502,35118.19982425045,32159.40017574956,33638.8,35255.36,0.2778889563710163,-0.04786799065420566,-0.032812175512504815,-0.011671618262293126,39135.0,15250.0,-0.1669605212725182,1.1377704918032787,0.9691487211196593,0.9247104553747288,-0.01398730100303669,0
2024-06-18,32997.0,32997.0,32145.0,32518.0,45093408500,1386714,859,32816.0,32200.0,32.7560377730137,-473.3593281223657,-364.8062035569133,35057.86103933171,32254.2389606683,33656.05,35180.08,0.4176072295944448,-0.047337278106508895,-0.05321964128197587,-0.012300236189073943,39135.0,15250.0,-0.17720710361568928,1.1114754098360655,0.9567373473714235,0.9152906985998894,-0.010217391304347845,0
2024-06-19,32050.0,32205.0,31582.0,31963.0,34804573978,1088888,731,32518.0,32075.0,31.92247377083592,-540.350990171697,-399.9151608798701,35060.127788574086,32250.67221142592,33655.4,35103.8,0.325835210669343,-0.0465219976218787,-0.06948070786190885,-0.0038819875776398005,39135.0,15250.0,-0.1804011754184234,1.1032786885245902,0.9530417109884297,0.9137187427002205,-0.007669524551831675,0
2024-06-22,31800.0,32602.0,31799.0,32209.0,41574417304,1290785,749,31963.0,32200.0,33.73838367260788,-576.7079790688003,-435.27372451765615,35135.79712575888,32060.202874241124,33598.0,35026.8,0.39767633917977435,-0.033323326328429936,-0.06607111781425834,0.0038971161340608518,39135.0,15250.0,-0.17720710361568928,1.1114754098360655,0.9583903803797845,0.9192960818573206,-0.0006211180124223725,0
2024-06-23,32440.0,32440.0,31800.0,32005.0,19540378680,610541,657,32209.0,32050.0,32.61413514742884,-610.5864406939509,-470.3362677529151,35176.21539046998,31834.684609530013,33505.45,34953.78,0.19517167784648767,-0.028375674528587913,-0.06464322194659278,-0.004658385093167738,39135.0,15250.0,-0.18103998977897023,1.1016393442622952,0.9565607983178857,0.9169251508706641,0.013166926677067092,0
2024-06-24,32050.0,32440.0,32005.0,32169.0,26655367785,828593,571,32005.0,32145.0,34.11162497287194,-622.5927973439175,-500.7875736711156,35082.581695525645,31687.118304474352,33384.85,34875.54,0.2843510881591394,-0.01398730100303669,-0.06118574766355145,0.002964118564742657,39135.0,15250.0,-0.1786124952088923,1.1078688524590163,0.962861896938282,0.9217061585282981,-0.0042308290558407124,0
2024-06-26,32005.0,32170.0,31750.0,31850.0,48345247330,1517885,907,32169.0,31871.0,31.909097967890546,-646.7619622708917,-529.9824513910709,35058.370017250665,31487.929982749338,33273.15,34752.98,0.5325653192345573,-0.010217391304347845,-0.057071005917159745,-0.008523876186032009,39135.0,15250.0,-0.1856139006004855,1.0899016393442622,0.9578594151740968,0.9170724352271372,-0.006589062156819647,0
2024-06-29,31750.0,31999.0,31455.0,31778.0,35192410881,1107443,452,31850.0,31829.0,31.57257688783288,-661.6778383558812,-556.321528784033,35076.70595583787,31300.994044162133,33188.85,34644.56,0.40170739690564916,-0.007669524551831675,-0.05383472057074912,-0.0013178124313639739,39135.0,15400.0,-0.18668710872620417,1.0668181818181819,0.9590269021071837,0.9187300978854979,0.0015080586886173641,0
2024-06-30,31554.0,32180.0,31552.0,31881.0,28645887136,898528,640,31778.0,32180.0,37.50441879006566,-637.8235778714079,-572.621938601508,34995.964567140916,31199.73543285908,33097.85,34539.16,0.3363826647816097,-0.0006211180124223725,-0.033923746622635864,0.011027679160513948,39135.0,15445.0,-0.17771815510412675,1.0835221754613142,0.9722685914644003,0.9316960806226902,-0.009633312616531997,0
2024-07-01,31870.0,32880.0,31870.0,32424.0,43331708955,1336418,587,31881.0,32472.0,42.008287616502585,-588.5722503935831,-575.812000959923,34905.837078276476,31147.06292172352,33026.45,34423.6,0.533073729976623,0.013166926677067092,-0.015582368277451075,0.009073958980733376,39135.0,15549.0,-0.17025680337293983,1.0883658113061934,0.9832119407323525,0.9433063363506432,-0.014443212613944323,0
2024-07-02,32000.0,32989.0,32000.0,32118.0,35287066368,1098665,486,32424.0,32009.0,37.40518126942245,-580.212124872287,-576.6920257423958,34843.568661841324,31039.531338158682,32941.55,34300.18,0.4405969241849981,-0.0042308290558407124,-0.018158952179381016,-0.014258438038925791,39135.0,16001.0,-0.18208764533026703,1.0004374726579588,0.9716907674350478,0.9332020998140534,0.0013121309631665135,0
2024-07-03,32000.0,32000.0,31650.0,31753.0,67042535530,2111385,508,32118.0,31661.0,34.357815986371605,-594.8107487530724,-580.3157703445312,34737.77227079056,30910.427729209434,32824.1,34157.78,0.920197471230223,-0.006589062156819647,-0.01673913043478259,-0.010871942266237666,39135.0,16299.0,-0.19097994122907883,0.9425118105405239,0.9645656697365655,0.9269045002339146,0.009664887400903321,0
2024-07-06,31869.0,34000.0,31208.0,32151.0,126606528287,3937887,1851,31753.0,31877.0,37.747866596726716,-582.2391777337034,-580.7004518223657,34492.367514791156,30896.532485208845,32694.45,34013.42,2.2507605537006983,0.0015080586886173641,-0.006173031956352326,0.006822273459461181,39135.0,16299.0,-0.18546058515395425,0.9557641573102644,0.974997285471999,0.937188909553935,0.0007215233553972134,0
2024-07-07,31709.0,32295.0,31511.0,31603.0,44983899389,1423405,830,32151.0,31870.0,37.679952102007,-566.3128565335282,-577.8229327645982,34196.29513783711,30931.804862162888,32564.05,33868.12,0.8214822687651538,-0.009633312616531997,-0.01024844720496898,-0.00021959406468619047,39135.0,16341.0,-0.18563945317490738,0.9503090386145279,0.9786866191398184,0.9410029254650095,0.004392845936617595,0
2024-07-08,31987.0,32400.0,31739.0,32150.0,68174414399,2120524,766,31603.0,32003.0,39.892717837699564,-536.7715751768847,-569.6126612470555,33899.178914913995,31002.721085086006,32450.95,33754.44,1.3535399680254137,-0.014443212613944323,-0.0014664586583463812,0.004173203639786571,39135.0,16493.0,-0.18224096077679827,0.9403989571333293,0.9861960897908998,0.9481123075956822,0.0044058369527857355,0
2024-07-09,32170.0,32200.0,32005.0,32126.0,23160336559,720931,368,32150.0,32051.0,40.71091261805392,-503.6805818042776,-556.4262453585,33542.04229412921,31140.957705870784,32341.5,33639.46,0.5405053233811357,0.0013121309631665135,-0.002924249494478115,0.001499859388182312,39135.0,16521.0,-0.18101443720454835,0.9400157375461534,0.9910177326345407,0.9527798603188042,0.005272846401048303,0
2024-07-10,32000.0,32075.0,31516.0,31814.0,39471602220,1240682,604,32126.0,31967.0,39.69264396561068,-478.7154948963507,-540.8840952660701,33254.99103985117,31244.708960148822,32249.85,33522.8,0.9353632173161788,0.009664887400903321,0.0030121427002605117,-0.0026208230632429608,39135.0,16521.0,-0.18316085345598568,0.9349312995581381,0.9912294165709298,0.9535897956017992,0.002440016266775036,0
2024-07-13,31751.0,31997.0,31690.0,31790.0,34915374331,1098300,579,31814.0,31900.0,38.85779128246641,-459.04523598106243,-524.5163234090686,32948.98491844159,31376.71508155841,32162.85,33422.96,0.8152875887440875,0.0007215233553972134,0.002230670143579694,-0.002095911408640183,39135.0,16521.0,-0.18487287594225119,0.9308758549724593,0.9918275277222013,0.9544337186173816,0.011818181818181728,0
2024-07-14,31680.0,32040.0,31670.0,31962.0,15902680506,497557,288,31790.0,32010.0,41.05002089539691,-429.62785095077925,-505.53862891741073,32683.161976635714,31512.538023364283,32097.85,33328.98,0.3775187431758026,0.004392845936617595,-0.005282784338098145,0.0034482758620688614,39135.0,16540.0,-0.18206209275584515,0.9353083434099153,0.9972630565598631,0.9604254315613618,0.008434864104967188,0
2024-07-17,32010.0,32190.0,31770.0,32115.0,22636865237,704859,296,31962.0,32144.0,43.69829690024506,-390.99453959143284,-482.6298110522152,32477.845190677694,31633.654809322306,32055.75,33234.46,0.5431958489069387,0.0044058369527857355,-0.010101010101010055,0.00418619181505786,39135.0,16540.0,-0.17863804778331416,0.943409915356711,1.0027530162295375,0.9671888756429321,0.0007155301144847748,0
2024-07-20,32000.0,32341.0,32000.0,32274.0,47646884596,1476307,381,32115.0,32220.0,45.201918046763794,-350.20781941426685,-456.14541272462554,32386.912564013986,31686.487435986015,32036.7,33143.46,1.1143496768623933,0.005272846401048303,0.006591896029241706,0.0023643603782976808,39135.0,16540.0,-0.1766960521272518,0.9480048367593712,1.00572156308234,0.9721374895680777,0.0007759155803848117,0
2024-07-21,32342.0,32390.0,31890.0,32031.0,23388252520,730186,387,32274.0,32045.0,42.394327430861004,-328.2215535271498,-430.56064088513045,32371.13268511609,31686.767314883913,32028.95,33062.1,0.565164495085076,0.002440016266775036,0.012128486150153162,-0.005431409062694015,39135.0,17010.0,-0.1811677526510796,0.8838918283362728,1.0005011091528133,0.9692366788558501,0.013699485099079478,0
2024-07-22,32050.0,32277.0,32000.0,32128.0,21065453237,655665,239,32031.0,32277.0,47.08654020369531,-288.74830756400115,-402.1981742209046,32397.60625778007,31680.49374221993,32039.05,32982.64,0.5161386360822128,0.011818181818181728,0.012548232267779236,0.007239819004524861,39135.0,17447.0,-0.17523955538520505,0.8500028658222044,1.0074268743923431,0.9786057150064398,0.029029959413824136,0
2024-07-23,32390.0,32390.0,32100.0,32186.0,22610082337,702474,358,32128.0,32280.0,47.14649227805306,-254.29208001379084,-372.6169553794819,32410.37681632743,31675.72318367257,32043.05,32910.18,0.5660950506754409,0.008434864104967188,0.012864763100094212,9.294544102611546e-05,39135.0,17614.0,-0.17516289766193943,0.8326331327353241,1.0073947392648328,0.9808515176762934,0.02778810408921939,0
2024-07-24,32290.0,32344.0,32155.0,32209.0,18630911297,578441,483,32186.0,32167.0,45.074852499349035,-233.41278971076827,-344.7761222457392,32420.188513144756,31677.611486855247,32048.9,32841.32,0.46674562209880643,0.0007155301144847748,0.005124519576289677,-0.0035006195786865257,39135.0,17614.0,-0.1780503385716111,0.8262177813103213,1.0036849938687442,0.9794673295714058,0.022787328628718795,0
2024-07-27,32420.0,32420.0,32003.0,32098.0,34869889553,1086370,496,32209.0,32245.0,46.81216525491683,-208.17217434844497,-317.4553326662804,32432.84479808178,31674.955201918223,32053.9,32778.22,0.8675721269105241,0.0007759155803848117,0.0060528532651087374,0.00242484533839038,39135.0,17614.0,-0.17605723776670498,0.8306460769842171,1.0059618330374775,0.9837324906599565,0.031787874089006074,0
2024-07-29,32120.0,32485.0,32120.0,32398.0,36444334823,1124882,480,32098.0,32484.0,51.83895436398309,-166.95890391530702,-287.35604691608575,32497.040230179115,31672.059769820884,32084.55,32730.76,0.9126495091925414,0.013699485099079478,0.01617292833234263,0.007412001860753525,39135.0,17614.0,-0.16995017247987734,0.8442148291132054,1.0124499174836488,0.9924609144425611,0.012129048146779953,0
2024-07-30,32730.0,33798.0,32653.0,33024.0,106069257788,3211872,914,32398.0,33214.0,63.260426963259704,-74.53302076780164,-244.79144168642893,32780.726024338735,31526.873975661263,32153.8,32719.04,2.400920519112859,0.029029959413824136,0.04119122257053287,0.022472601896318167,39135.0,17614.0,-0.15129679315191005,0.8856591347791529,1.032972774602069,1.0151275832053752,-0.016137773228156793,0
2024-07-31,33356.0,33500.0,32700.0,33204.0,50875202914,1532221,856,33024.0,33177.0,62.4520086313034,-4.221767352883035,-196.67750681971975,32973.29050698566,31434.009493014346,32203.65,32742.58,1.1188573995188074,0.02778810408921939,0.03645735707591369,-0.0011139880773167743,39135.0,17614.0,-0.15224223840551934,0.8835585329851254,1.0302248347625191,1.013267738828156,-0.02779033667902464,0
2024-08-03,33301.0,33377.0,32770.0,32859.0,66739126577,2031083,939,33204.0,32900.0,56.61855750988199,28.81664221553001,-151.57867701266983,33045.472446056374,31404.627553943625,32225.05,32764.58,1.4464499259641608,0.022787328628718795,0.023519163763066286,-0.008349157548904307,39135.0,17679.0,-0.15932030152037818,0.860964986707393,1.0209448860436214,1.0041331218040945,-0.015197568389057725,0
2024-08-04,32990.0,33500.0,32990.0,33389.0,83106579199,2489055,687,32859.0,33270.0,61.75706512511822,83.88871076952273,-104.48519945623133,33218.82034467561,31357.379655324392,32288.1,32791.38,1.6889785827455344,0.031787874089006074,0.03258845437616387,0.011246200607902823,39135.0,17679.0,-0.14986584898428518,0.8818937722721873,1.0304105847045817,1.0145959090468288,-0.03339344755034568,0
2024-08-05,33056.0,33599.0,32614.0,33046.0,23982389467,725730,566,33389.0,32878.0,54.404530046433734,94.80969085291508,-64.62622139440205,33266.759887718064,31431.14011228194,32348.95,32811.84,0.5167465566161384,0.012129048146779953,0.025994694960212117,-0.011782386534415434,39135.0,17810.0,-0.1598824581576594,0.8460415496911847,1.0163544720926028,1.0020163453192508,-0.03582943001399108,0
2024-08-06,33170.0,33170.0,32530.0,32684.0,34855586324,1066434,657,33046.0,32678.0,51.06415509183842,86.33114600824774,-34.4347479138721,33290.70194631763,31487.298053682363,32389.0,32823.64,0.8458063452329617,-0.016137773228156793,0.01242370728382447,-0.006083095078776135,39135.0,17850.0,-0.16499297304203397,0.8307002801120448,1.0089227824261324,0.9955629540172876,-0.02897974172225959,0
2024-08-10,32550.0,32800.0,32255.0,32441.0,40909979130,1261042,579,32684.0,32255.0,44.799104991155815,44.960990976003814,-18.555600135896917,33280.77687637287,31535.72312362713,32408.25,32801.78,1.0066345062576296,-0.02779033667902464,-0.0007744733581165342,-0.012944488646795982,39135.0,17850.0,-0.17580171202248626,0.8070028011204482,0.995271265804232,0.983330782658746,-0.014478375445667324,0
2024-08-11,32500.0,32674.0,32301.0,32469.0,40785274557,1256126,483,32441.0,32400.0,47.19092911972173,23.603051951016823,-10.123869718514168,33280.681468243936,31575.518531756064,32428.1,32771.76,1.0385404975904102,-0.015197568389057725,0.007243448254422136,0.004495427065571267,39135.0,17850.0,-0.17209658873131467,0.8151260504201681,0.9991334675790442,0.9886560868259745,-0.02376543209876547,0
2024-08-12,32593.0,32593.0,32011.0,32171.0,64017364317,1989930,659,32469.0,32159.0,43.79439937920944,-12.624427934100822,-10.6239813616315,33277.78703649469,31589.212963505313,32433.5,32723.8,1.563229598271997,-0.03339344755034568,-0.0026670801674678613,-0.0074382716049382624,39135.0,17850.0,-0.17825475916698608,0.801624649859944,0.9915365285892672,0.9827403907859112,-0.027706085388227275,0
2024-08-13,32013.0,32449.0,31601.0,31822.0,110490560627,3472094,771,32171.0,31700.0,38.160927377076916,-77.47929761122214,-23.99504461154963,33301.16515877594,31539.134841224062,32420.15,32675.7,2.50777555496394,-0.03582943001399108,-0.024134958748922575,-0.014272831866662505,39135.0,17850.0,-0.18998339082662577,0.7759103641456583,0.9777869627376801,0.9701398898875923,-0.01829652996845421,0
2024-08-14,31700.0,31988.0,31671.0,31793.0,28735651530,903826,559,31822.0,31731.0,38.734132214296395,-124.93562801225926,-44.18316129169156,33315.45684782634,31507.943152173662,32411.7,32640.02,0.6574199431673244,-0.02897974172225959,-0.04464984645029202,0.0009779179810724958,39135.0,17850.0,-0.18919126101954772,0.7776470588235294,0.978998324679051,0.9721501396138851,-0.028237370394881944,0
2024-08-17,31601.0,32096.0,31601.0,31838.0,41178032652,1293346,610,31793.0,31788.0,39.83837427995201,-156.14573726649542,-66.57567648665233,33328.93795569986,31472.262044300132,32400.6,32595.78,0.9142857385228014,-0.014478375445667324,-0.04186635319649157,0.0017963505719957862,39135.0,17850.0,-0.18773476427750097,0.7808403361344538,0.981092942723283,0.9752182644501834,0.004152510381275842,0
2024-08-18,31697.0,31790.0,31470.0,31603.0,50865736645,1609542,722,31838.0,31630.0,37.80435775437643,-191.42265206948287,-91.54507160321845,33357.124801149424,31392.67519885058,32374.9,32550.38,1.102553425180019,-0.02376543209876547,-0.03860182370820664,-0.00497042909273937,39135.0,17850.0,-0.1917720710361569,0.7719887955182073,0.9769914347225782,0.9717244468420952,0.036926968068289545,0
2024-08-19,31760.0,31760.0,31253.0,31325.0,20038346683,639685,546,31603.0,31268.0,33.57473503215917,-245.75729868641793,-122.38751701985835,33420.89464153454,31233.70535846546,32327.3,32501.6,0.4511177078818466,-0.027706085388227275,-0.06017433122933569,-0.011444830856781496,39135.0,17850.0,-0.20102210297687492,0.7517086834733894,0.9672320298942381,0.9620449454796072,0.042759370602532876,0
2024-08-20,31500.0,31500.0,30601.0,31011.0,52227461239,1684173,667,31325.0,31120.0,31.99847841871076,-297.33279334428516,-157.3765722847437,33490.582550199906,31071.517449800092,32281.05,32443.8,1.149057458603982,-0.01829652996845421,-0.05347040574244177,-0.004733273634386581,39135.0,17850.0,-0.20480388399131214,0.7434173669467787,0.9640330782301072,0.9591971347376078,0.04530848329048842,0
2024-08-21,30661.0,31100.0,30661.0,30860.0,9103128732,294984,334,31011.0,30835.0,29.159499181054002,-357.0875792631887,-197.31877368043268,33572.909013311306,30844.990986688696,32208.95,32371.1,0.20376530351797428,-0.028237370394881944,-0.05639880041618217,-0.009158097686375322,39135.0,17850.0,-0.21208636770154593,0.7274509803921568,0.9573426019786425,0.9525471794285644,0.06064537052051233,1
2024-08-24,30924.0,31997.0,30924.0,31619.0,61187865704,1935151,888,30860.0,31920.0,48.05461058848483,-313.2819263020683,-220.51140420475983,33560.17495960056,30821.72504039944,32190.95,32319.94,1.2821518806060572,0.004152510381275842,-0.010385986668733582,0.03518728717366626,39135.0,17850.0,-0.18436182445381372,0.788235294117647,0.9915830380898979,0.9876255958395963,0.018922305764411007,0
2024-08-26,31763.0,32920.0,31763.0,32521.0,69289427474,2130606,900,31619.0,32798.0,57.85170523757612,-205.351207585496,-217.4793648809071,33616.9112019032,30828.088798096796,32222.5,32290.6,1.3426150331626112,0.036926968068289545,0.012283950617284045,0.02750626566416048,39135.0,17850.0,-0.1619266641114092,0.8374229691876751,1.0178601908604237,1.0157135513121467,-0.021403744130739644,0
2024-08-27,32720.0,33414.0,32401.0,32907.0,52659475018,1600265,810,32521.0,32605.0,55.37916059001105,-133.84592987210635,-200.75267787914697,33644.86697482999,30836.133025170013,32240.5,32257.9,0.9923494158370785,0.042759370602532876,0.013868590441244999,-0.005884505152753183,39135.0,17850.0,-0.16685831097483073,0.826610644257703,1.0113056559296536,1.0107601548767897,-0.013525532893727932,0
2024-08-28,32605.0,32745.0,32301.0,32556.0,32740935335,1005676,504,32907.0,32530.0,54.40604644929084,-82.28087263373163,-177.05831683006392,33648.9042066622,30836.695793337803,32242.8,32232.5,0.6259490096129378,0.04530848329048842,0.026182965299684557,-0.002300260696212253,39135.0,17850.0,-0.1687747540564712,0.8224089635854341,1.0089074149887727,1.0092298146280927,-0.014140793114048589,0
2024-08-31,32700.0,32900.0,32507.0,32785.0,52378646386,1597645,736,32556.0,32705.0,56.33410938517005,-26.983111291599926,-147.0432757223711,33569.61406814392,30865.08593185608,32217.35,32213.8,1.046997088399886,0.06064537052051233,0.030695534335507757,0.005379649554257515,39135.0,17850.0,-0.1643030535326434,0.8322128851540617,1.015136254223268,1.0152481234750326,-0.014707231310197244,0
2024-09-01,32820.0,33400.0,32500.0,32752.0,23273417771,710592,530,32785.0,32524.0,53.800021835916674,2.2100990054168506,-117.19260077681352,33472.71212726945,30896.687872730556,32184.7,32198.08,0.478561712577893,0.018922305764411007,0.02315339121681137,-0.00553432196911785,39135.0,17850.0,-0.16892806950300243,0.8220728291316527,1.0105422762989869,1.010122342698695,-0.014850571885376973,0
2024-09-03,32671.0,32671.0,32004.0,32173.0,21586927079,670974,670,32752.0,32096.0,48.270565344268924,-9.085364140861202,-95.57115344962307,33390.1941037001,30898.805896299902,32144.5,32180.28,0.47356949298151285,-0.021403744130739644,0.014732848561492151,-0.013159512975033816,39135.0,17850.0,-0.17986457135556408,0.7980952380952381,0.9984911882281572,0.9973810047644085,-0.0012462612163509634,0
2024-09-07,32559.0,32559.0,31830.0,32113.0,10588217400,329717,403,32173.0,32164.0,49.164522545521905,-12.407047641321697,-78.9383322879628,33223.328493599045,30955.07150640096,32089.2,32171.54,0.25190833454238515,-0.013525532893727932,0.02865549443520532,0.0021186440677967155,39135.0,17850.0,-0.17812699629487672,0.8019047619047619,1.0023310023310024,0.9997656313623781,-0.0077104837706752916,0
2024-09-08,32051.0,32415.0,31830.0,32072.0,12341765278,384819,342,32113.0,32070.0,47.93140970114067,-22.366690866569115,-67.62400400368406,33123.67275525676,30973.927244743238,32048.8,32168.94,0.29788640754073664,-0.014140793114048589,0.030526992287917665,-0.0029225220743688274,39135.0,17850.0,-0.18052893829053276,0.7966386554621848,1.0006614912258807,0.9969243624440222,-0.002494543186778886,0
2024-09-09,32419.0,32549.0,32050.0,32386.0,63148961475,1949877,518,32072.0,32224.0,50.137885837949185,-17.630038796702138,-57.62521096228768,33065.45112449704,30986.74887550295,32026.1,32171.92,1.4594849489541009,-0.014707231310197244,0.0450462137181773,0.004801995634549527,39135.0,17850.0,-0.17659384182956434,0.805266106442577,1.006179334979907,1.0016188029809847,-0.010054617676266142,0
2024-09-10,32224.0,32224.0,32020.0,32048.0,16324945992,509398,411,32386.0,32041.0,47.5587799536553,-28.31636508046722,-51.76344178592359,33049.49775166243,30981.302248337575,32015.4,32168.74,0.3923210440247707,-0.014850571885376973,0.0037907268170425112,-0.00567899702085406,39135.0,17850.0,-0.1812699629487671,0.7950140056022409,1.0007996151851921,0.9960290642406261,-0.007490402921257133,0
2024-09-11,32053.0,32194.0,31975.0,32102.0,79398737461,2473338,438,32048.0,32056.0,47.79582628266641,-35.16956812237913,-48.4446670532147,33017.47476177589,30978.925238224114,31998.2,32168.86,1.8195916535046925,-0.0012462612163509634,-0.022623330690895838,0.0004681501825785084,39135.0,17850.0,-0.180886674332439,0.7958543417366947,1.001806351607278,0.9964916381867434,-0.0021836785625155564,0
2024-09-14,32025.0,32100.0,31732.0,31900.0,34465405625,1080422,611,32102.0,31916.0,45.718641079737395,-51.3061851139355,-49.01697066535886,33003.15893713176,30968.941062868238,31986.05,32164.28,0.8223600659610072,-0.0077104837706752916,-0.021131728262536398,-0.004367357125031224,39135.0,17850.0,-0.18446403475150122,0.7880112044817927,0.9978099827893723,0.9922808780423501,-0.0005013159543802992,0
2024-09-15,31825.0,32090.0,31825.0,31997.0,28934193485,904273,336,31900.0,31990.0,47.02906335228869,-57.461013980664575,-50.70577932842001,33009.16677062861,30991.933229371385,32000.55,32166.66,0.7628321361932646,-0.002494543186778886,-0.016600061481709227,0.002318586289008717,39135.0,17850.0,-0.18257314424428261,0.792156862745098,0.9996703181664065,0.9945079781363685,0.0028133791809941133,0
2024-09-16,32072.0,32072.0,31845.0,31902.0,7207935438,225940,296,31997.0,31900.0,45.58760273134893,-68.8078341585242,-54.32619029444085,33011.25386005407,31006.746139945928,32009.0,32168.08,0.19621003053222255,-0.010054617676266142,-0.02461397339856286,-0.0028133791809941133,39135.0,17850.0,-0.18487287594225119,0.7871148459383753,0.9965947077384486,0.9916662729015844,0.00940438871473348,0
2024-09-17,31826.0,32000.0,31772.0,31823.0,17904586552,562627,429,31902.0,31801.0,43.9903585188049,-84.8110940225597,-60.423171040064624,33011.34641608288,31007.953583917122,32009.65,32160.5,0.5046049041727191,-0.007490402921257133,-0.022229738039601488,-0.003103448275862064,39135.0,17850.0,-0.18740258081001662,0.7815686274509804,0.9934816531889602,0.9888216912050497,0.013112795195119542,0
2024-09-18,31801.0,32198.0,31300.0,31799.0,75766017706,2382687,877,31823.0,31986.0,47.67943937641989,-81.62491763087746,-64.6635203582272,33014.067144587134,31040.832855412864,32027.45,32150.78,2.065360025543443,-0.0021836785625155564,-0.003427218344965066,0.005817427124933161,39135.0,17850.0,-0.1826753545419701,0.7919327731092437,0.9987057976829251,0.9948747744222691,0.045082223472769245,0
2024-09-22,32001.0,32145.0,31750.0,31915.0,25805924421,808572,500,31799.0,31900.0,46.15746026416468,-85.05882595499133,-68.74258147758003,32984.9630574699,31133.1369425301,32059.05,32148.6,0.6957931197566309,-0.0005013159543802992,-0.008207934336525335,-0.002688676295879433,39135.0,17850.0,-0.18487287594225119,0.7871148459383753,0.9950388423861594,0.9922671593786355,0.02971786833855794,0
2024-09-23,32079.0,32576.0,31850.0,32134.0,29178618280,908034,518,31915.0,32080.0,49.77145012033743,-72.42090426072173,-69.47824603420837,32926.69857713121,31287.401422868785,32107.05,32156.98,0.8083773602811445,0.0028133791809941133,0.000311817898347444,0.005642633228840177,39135.0,17850.0,-0.18027341254631404,0.7971988795518208,0.9991575059060238,0.997606118485007,0.043640897755610863,0
2024-09-24,32150.0,32450.0,31950.0,32094.0,65272044582,2033753,814,32134.0,32200.0,52.080671348863774,-52.12143963688504,-66.00688475474371,32750.884259681567,31599.715740318432,32175.3,32163.44,1.6804844216948298,0.00940438871473348,-0.000744786494538241,0.0037406483790523026,39135.0,17850.0,-0.17720710361568928,0.803921568627451,1.0007676696099181,1.0011366943336908,0.06046583850931686,1
2024-09-25,32498.0,32750.0,32155.0,32320.0,76252576971,2359282,720,32094.0,32218.0,52.4339262116354,-34.18742673061206,-59.64299314991738,32753.88274764549,31626.51725235451,32190.2,32170.4,1.91589604513828,0.013112795195119542,0.005524172154427243,0.000559006211180213,39135.0,17850.0,-0.17674715727609558,0.8049299719887956,1.0008636168771863,1.0014796210180787,0.08318331367558507,1
2024-09-28,32140.0,34000.0,32140.0,33524.0,186886880976,5574749,1889,32320.0,33428.0,68.98551148312124,76.77725491083402,-32.358943537767104,32960.831138562804,31482.568861437194,32221.7,32198.9,3.9716599507563237,0.045082223472769245,0.04280009982530575,0.037556645353528983,39135.0,17850.0,-0.14582854222562924,0.8727170868347339,1.0374375032974672,1.0381721114696465,0.01666267799449561,0
2024-09-29,33620.0,33995.0,32600.0,33137.0,49675192943,1499095,1241,33524.0,32848.0,58.4808251516532,116.5726350582845,-2.572627818556782,33005.076886197014,31462.623113802983,32233.85,32214.84,1.0718743062127232,0.02971786833855794,0.02920165434264943,-0.017350723943999058,39135.0,17850.0,-0.16064903539031558,0.8402240896358544,1.0190529520984928,1.0196542959704284,0.04648684851436924,0
2024-09-30,32625.0,33620.0,32625.0,33317.0,73690446310,2211818,984,33137.0,33480.0,64.7751373083754,196.83884303639206,37.30966635243299,33218.794883709495,31343.9051162905,32281.35,32245.1,1.516106252972313,0.043640897755610863,0.04657705532979062,0.019240136385776818,39135.0,17850.0,-0.14449980835569184,0.8756302521008403,1.0371313467373577,1.038297291681527,0.0031959378733572574,0
2024-10-01,33499.0,35440.0,33400.0,34049.0,1108427589333,32553818,4801,33317.0,34147.0,69.95242634078252,310.6902727282213,91.98578762759067,33585.620195221854,31121.279804778143,32353.45,32290.04,10.827130871605704,0.06046583850931686,0.07043887147335415,0.019922341696535284,39135.0,17850.0,-0.12745624121630253,0.9129971988795518,1.0554361281408937,1.0575087550216722,-0.00784842006618447,0
2024-10-02,34750.0,36396.0,34199.0,35225.0,999755668187,28382198,6115,34049.0,34898.0,74.49744420875845,456.2583128260594,164.84029266728442,34130.768132661346,30813.53186733866,32472.15,32347.8,6.464796221908516,0.08318331367558507,0.09738687462658402,0.021993147275016778,39135.0,17850.0,-0.10826625782547591,0.9550700280112044,1.0747055553759144,1.0788368915351276,-0.041062525073070066,0
2024-10-05,34949.0,34949.0,33900.0,34357.0,363068352658,10567498,3877,35225.0,33985.0,62.18303395243064,492.27591332634984,230.3274167990975,34339.951674088625,30793.248325911372,32566.6,32384.62,2.1632120516778,0.01666267799449561,0.062496092040267515,-0.0261619577053126,39135.0,17850.0,-0.13159575827264597,0.903921568627451,1.043553825084596,1.049417902695786,-0.02162718846549949,0
2024-10-06,33990.0,35002.0,33990.0,34626.0,339667666032,9809507,3379,34357.0,34375.0,64.85547672442489,545.9959602900999,293.461125497298,34605.2412089403,30749.058791059702,32677.15,32427.72,1.8304442908423597,0.04648684851436924,0.07758620689655182,0.011475651022510025,39135.0,17850.0,-0.1216302542481155,0.9257703081232493,1.0519583256189722,1.0600498585777847,-0.022167272727272702,0
2024-10-07,34450.0,34450.0,33200.0,33660.0,155829435691,4629494,2418,34626.0,33587.0,56.21185173803848,519.0017411273366,338.5692486233057,34698.85765152357,30807.14234847643,32753.0,32458.56,0.8309511625523507,0.0031959378733572574,0.04697630922693263,-0.022923636363636368,39135.0,17850.0,-0.14176568289255143,0.8816246498599439,1.0254633163374347,1.0347655595319076,0.029832971090005156,0
2024-10-08,33519.0,34225.0,33519.0,33998.0,114619465026,3371373,1554,33660.0,33879.0,58.423125032825105,515.2313216564798,373.90166322994054,34824.8650670569,30846.634932943103,32835.75,32490.6,0.5975075685075366,-0.00784842006618447,0.052142857142857046,0.008693839878524345,39135.0,17850.0,-0.1343043311613645,0.8979831932773109,1.0317717731436011,1.0427323595132132,0.010714601965819526,0
2024-10-09,33990.0,34329.0,33000.0,33285.0,286669966821,8612684,1428,33998.0,33465.0,54.24083290917649,473.3800662687063,393.7973438376937,34879.04700319044,30934.852996809557,32906.95,32514.3,1.4241589510318224,-0.041062525073070066,0.03870507169905024,-0.012219959266802416,39135.0,17850.0,-0.14488309697201993,0.8747899159663866,1.0169584236764575,1.0292394423376792,0.018855520693261685,0
2024-10-12,33255.0,33850.0,33000.0,33136.0,185809236755,5607538,1086,33285.0,33250.0,52.15283386908092,418.04497938347777,398.6468709468505,34904.077085077704,31029.2229149223,32966.65,32535.96,0.9038194206984705,-0.02162718846549949,-0.005324877348330759,-0.0064246227401763,39135.0,17850.0,-0.15037690047272262,0.8627450980392157,1.008595049845829,1.0219461789355533,0.03882706766917288,0
2024-10-13,33102.0,33749.0,33102.0,33507.0,48034588511,1433565,856,33136.0,33613.0,55.28274448118328,398.88449844053685,398.6943964455878,34945.59772714943,31157.402272850573,33051.5,32563.32,0.23040537171352227,-0.022167272727272702,0.023289089137846997,0.01091729323308277,39135.0,17850.0,-0.14110131595758274,0.8830812324929972,1.0169886389422569,1.0322350423728293,0.03230892809329733,0
2024-10-14,33850.0,34799.0,33713.0,34361.0,230148266912,6698043,2161,33507.0,34589.0,62.40384369290568,457.18458318962803,410.39243379439586,35122.450512620366,31240.44948737963,33181.45,32605.42,1.0286302684952713,0.029832971090005156,0.03312425328554358,0.029036384732097797,39135.0,17850.0,-0.11616200332183467,0.9377591036414565,1.0424197857537871,1.0608358978353907,-0.013963976986903326,0
2024-10-15,34589.0,35200.0,33340.0,34053.0,465201911123,13661241,2411,34361.0,34242.0,58.817570908803276,469.9702953641099,422.3080061083387,35198.32993199014,31398.770068009864,33298.55,32625.98,1.901784853668026,0.010714601965819526,0.0027820892025653965,-0.01003209112723702,39135.0,17850.0,-0.1250287466462246,0.9183193277310925,1.0283330655539054,1.0495316922280955,-0.01577010688628,0
2024-10-16,34350.0,34773.0,33601.0,34045.0,91106524444,2676083,1201,34053.0,34096.0,57.32483541020832,462.9850807388211,430.44342103443523,35211.95161718227,31614.64838281774,33413.3,32644.36,0.36713733786711017,0.018855520693261685,-0.022981259671041365,-0.004263769639623827,39135.0,17850.0,-0.12875942251181807,0.910140056022409,1.0204319836711728,1.0444683246968236,-0.023844439230408243,0
2024-10-19,34110.0,34775.0,34100.0,34546.0,144534632644,4183788,1347,34045.0,34541.0,60.60648599471899,487.73472647981544,441.9016821235113,35277.93565829541,31804.16434170459,33541.05,32677.18,0.5669775758018079,0.03882706766917288,0.016360158893629517,0.01305138432660713,39135.0,17850.0,-0.11738852689408458,0.9350700280112045,1.0298127220227153,1.0570373575687988,-0.07776265886917,0
2024-10-20,34541.0,35499.0,34541.0,35059.0,413869036182,11804807,3856,34546.0,34699.0,61.731707381637136,514.1712326702836,456.3555922328658,35314.39780824886,32047.602191751135,33681.0,32705.76,1.4888294221819711,0.03230892809329733,0.009425454545454626,0.004574274051127647,39135.0,17850.0,-0.11335122013542864,0.943921568627451,1.030224755797037,1.0609446164834575,-0.05616876567048046,0
2024-10-21,34910.0,34910.0,34099.0,34340.0,247349751462,7203010,2987,35059.0,34106.0,55.34240326869992,481.71925053837185,461.428323893967,35248.73323748207,32315.86676251794,33782.3,32730.32,0.8737628321531465,-0.013963976986903326,0.015452407181349992,-0.017089829678088697,39135.0,17850.0,-0.12850389676759932,0.9107002801120448,1.0095819408388416,1.0420307531365414,-0.028704626751891116,0
2024-10-22,34382.0,34680.0,33700.0,34174.0,253964856196,7431477,2591,34340.0,33702.0,51.43644523388498,418.5763101154953,452.8579211382727,35133.496140575655,32581.303859424348,33857.4,32750.8,0.8728995580153406,-0.01577010688628,-0.005224475338705403,-0.011845423092710972,39135.0,17850.0,-0.13882713683403602,0.8880672268907563,0.9954101614418118,1.029043565348022,-0.023381401697228688,0
2024-10-23,33986.0,34218.0,32962.0,33356.0,219033400498,6566488,2979,34174.0,33283.0,47.67802645150917,330.91074357203615,428.4684856250254,34980.9488881579,32840.3511118421,33910.65,32771.36,0.7526997888573795,-0.023844439230408243,-0.0054385178544748,-0.012432496587739594,39135.0,17850.0,-0.1495336655168008,0.864593837535014,0.9814910654912247,1.0156124127897042,-0.019319171949643943,0
2024-10-26,33000.0,33002.0,31841.0,32300.0,393172947820,12172571,3717,33356.0,31855.0,37.595507583467636,144.54130262121907,371.68304902426416,35217.40448966794,32446.59551033206,33832.0,32760.46,1.344470227588737,-0.07776265886917,-0.04195488721804508,-0.04290478622720306,39135.0,17850.0,-0.18602274179123546,0.784593837535014,0.9415641995743674,0.9723611939514891,0.013938157275153129,0
2024-10-27,32051.0,32899.0,32000.0,32501.0,171055627314,5263148,2146,32300.0,32750.0,45.39022965446103,68.27417592048005,311.00127440350735,35227.008268420504,32427.191731579496,33827.1,32772.28,0.5694810384512295,-0.05616876567048046,-0.025674590188319968,0.028096060273112622,39135.0,17850.0,-0.16315318768365913,0.834733893557423,0.9681586656852051,0.9993201571572072,-0.013740458015267132,0
2024-10-28,33000.0,33485.0,32655.0,32976.0,283809749025,8606466,2198,32501.0,33127.0,48.31857477658078,37.81674986239523,256.3643694952849,35235.08297871229,32383.817021287698,33809.45,32800.82,0.9000941392480993,-0.028704626751891116,-0.04226777299141349,0.011511450381679333,39135.0,17850.0,-0.153519867126613,0.8558543417366947,0.979814815088681,1.0099442635885323,-0.04123524617381591,0
2024-10-29,33050.0,33400.0,32800.0,33064.0,210808268569,6375816,2420,32976.0,32914.0,46.79190341851282,-3.468318984967482,204.39783179923444,35215.72528419949,32279.874715800517,33747.8,32824.48,0.7725602572132823,-0.023381401697228688,-0.038782781379592346,-0.006429800464877622,39135.0,17850.0,-0.15896256547847196,0.8439215686274509,0.9752932042977616,1.0027272328457297,-0.04359846873670781,0
2024-10-30,33140.0,33140.0,32574.0,32868.0,128838081016,3919842,2113,33064.0,32640.0,44.82966151985738,-57.632195500867965,151.99182633921396,35078.739035347164,32191.06096465284,33634.9,32841.52,0.5576098212533143,-0.019319171949643943,-0.042702956358517175,-0.008324725041016001,39135.0,17850.0,-0.16596397087006515,0.8285714285714286,0.9704206047884786,0.9938638650099022,-0.029105392156862697,0
2024-11-02,32600.0,32601.0,32054.0,32205.0,102149116653,3171869,1704,32868.0,32299.0,42.44411539080539,-126.61378313582827,96.2707044442055,35096.12805215314,32005.071947846856,33550.6,32854.9,0.4762608614896785,0.013938157275153129,-0.06490836976346948,-0.010447303921568674,39135.0,17850.0,-0.17467739874792385,0.8094677871148459,0.9626951529927931,0.98308014938411,-0.009876466763676928,0
2024-11-03,32501.0,32698.0,32191.0,32485.0,100825993716,3103804,1478,32205.0,32300.0,42.45378634702526,-179.1365223582543,41.18925908371355,35035.079740935595,31858.6202590644,33446.85,32875.54,0.49074674084810016,-0.013740458015267132,-0.06913743911928294,3.096071085795238e-05,39135.0,17850.0,-0.174651846173502,0.8095238095238095,0.9657112702690986,0.9824933674093261,-0.018637770897832806,0
2024-11-04,32451.0,32451.0,31600.0,31834.0,98714295839,3100919,1847,32485.0,31761.0,38.681090121361756,-261.24252576775325,-19.297097886579813,35103.0111841161,31608.088815883908,33355.55,32888.36,0.4962878587021796,-0.04123524617381591,-0.06875623057526536,-0.016687306501548038,39135.0,17850.0,-0.18842468378689153,0.779327731092437,0.952195361791366,0.9657216109286082,-0.0239287176096471,0
2024-11-05,31890.0,31990.0,31245.0,31447.0,98211835407,3123106,1804,31834.0,31479.0,36.83666617315485,-345.08919481202975,-84.4555172716698,35144.87149990318,31326.228500096826,33235.55,32901.24,0.5008337926091677,-0.04359846873670781,-0.06596047712301945,-0.008878813639369043,39135.0,17850.0,-0.1956305097738597,0.7635294117647059,0.9471484600074317,0.9567724499137419,-0.02477842371104544,0
2024-11-06,31605.0,32500.0,31371.0,31746.0,289445171267,9117517,2302,31447.0,31690.0,39.17373357477709,-390.01648030470096,-145.56770987827605,35167.00242549914,31126.59757450087,33146.8,32896.64,1.456226969036799,-0.029105392156862697,-0.04786227203076643,0.006702881285936657,39135.0,17850.0,-0.19023891657084452,0.7753501400560224,0.956050056114014,0.9633202661426821,-0.023572104764910118,0
2024-11-09,31420.0,32152.0,31420.0,31950.0,171683995210,5373542,1690,31746.0,31980.0,42.33194860524536,-397.6373851174212,-195.9816449261051,35165.42469367054,31001.175306329467,33083.3,32880.28,0.859855443324064,-0.009876466763676928,0.003924030764401287,0.009151151782896827,39135.0,17850.0,-0.18282866998850134,0.7915966386554621,0.9666508480109299,0.972619454578854,-0.04971857410881797,0
2024-11-10,32000.0,32420.0,31610.0,31968.0,138457363698,4331183,1780,31950.0,31698.0,40.14891632522362,-421.5724258098089,-241.09980110284587,35138.42558682335,30836.674413176654,32987.55,32862.14,0.6773573887482414,-0.018637770897832806,-0.03212213740458014,-0.00881801125703563,39135.0,17850.0,-0.19003449597546954,0.7757983193277311,0.9609079789193194,0.9645750398482874,-0.05618651018991738,0
2024-11-11,31710.0,31745.0,30999.0,31193.0,159498379260,5113239,2579,31968.0,31001.0,35.30303971265309,-491.12184600117325,-291.1042100825114,34993.070161011114,30623.22983898889,32808.15,32831.56,0.8096979256898318,-0.0239287176096471,-0.06417725722220546,-0.021988769007508346,39135.0,17850.0,-0.20784464034751501,0.736750700280112,0.9449176500351284,0.9442438921574242,-0.023773426663656005,0
2024-11-12,31002.0,31002.0,30077.0,30184.0,903985596391,29949628,2381,31193.0,30699.0,33.42080294702343,-564.1064704131968,-345.7046621486485,34895.258200822725,30366.741799177275,32631.0,32791.44,4.200853417829091,-0.02477842371104544,-0.06729659111624231,-0.009741621238024578,39135.0,17850.0,-0.21556151782292066,0.7198319327731092,0.940792497931415,0.9361894445623613,-0.0017590149516271136,0
2024-11-13,30990.0,31188.0,30600.0,30847.0,122581903956,3973895,1415,30184.0,30943.0,36.372518158540345,-595.3952049763102,-395.64277071418087,34746.690033957326,30200.009966042675,32473.35,32759.82,0.5523667102972375,-0.023572104764910118,-0.05199142156862746,0.00794814163327806,39135.0,18103.0,-0.20932668966398366,0.7092747058498592,0.9528736640968671,0.944541209322884,-0.015577028730245912,0
2024-11-16,31297.0,31298.0,30320.0,30600.0,128816886964,4209675,2653,30847.0,30390.0,32.82104679763461,-657.2380003750295,-447.9618166463506,34503.83508462071,30027.764915379285,32265.8,32725.7,0.5850345963500668,-0.04971857410881797,-0.059103997027771804,-0.017871570306692952,39135.0,19429.0,-0.22345726331927943,0.5641566730145658,0.9418641409789933,0.9286279590658106,0.016485686080947692,0
2024-11-17,30361.0,30555.0,29800.0,29999.0,102794409155,3426617,2098,30600.0,29917.0,30.11269391341598,-735.9326349424045,-505.55598030556143,34194.51125562016,29858.888744379845,32026.7,32680.76,0.5056475501478553,-0.05618651018991738,-0.07377708978328168,-0.015564330371832802,39135.0,19529.0,-0.23554363102082534,0.5319268779763429,0.9341268379196108,0.9154315872703084,0.021526222549052454,0
2024-11-18,30287.0,30398.0,29872.0,29935.0,284064266214,9489342,2013,29999.0,30264.0,34.39005128896831,-761.5203670400078,-556.7488576524507,33910.29760803292,29758.90239196708,31834.6,32644.64,1.3770616870056382,-0.023773426663656005,-0.047133276660054735,0.01159875655981546,39135.0,19930.0,-0.2266768876964354,0.5185148018063221,0.9506637432227828,0.9270740924084322,0.02600449378799885,0
2024-11-19,30301.0,30997.0,30100.0,30290.0,520488096690,17183220,2774,29935.0,30645.0,38.81779567789449,-742.4962783183037,-593.8983417856214,33631.27844298146,29732.221557018544,31681.75,32613.06,2.328793152858444,-0.0017590149516271136,-0.02649385304488705,0.012589214908802493,39135.0,20100.0,-0.2169413568417018,0.5246268656716417,0.9672761132197558,0.9396542366769631,0.014194811551639708,0
2024-11-20,30880.0,31484.0,30070.0,30400.0,1272351299751,41853474,5157,30290.0,30461.0,37.50154228795426,-733.8079321309997,-621.8802598546971,33413.153700929266,29668.146299070733,31540.65,32581.46,4.577680406025471,-0.015577028730245912,-0.03878195014200059,-0.006004242127590098,39135.0,21583.0,-0.22164303053532644,0.41134226011212527,0.9657695703798114,0.9349182019467513,0.009224910541347997,0
2024-11-23,30922.0,31094.0,30600.0,30728.0,1265011580133,41167731,3129,30400.0,30891.0,42.4156890575873,-684.3363454357532,-634.3714769709084,33379.676268891424,29605.223731108577,31492.45,32558.16,3.886424102202482,0.016485686080947692,-0.03405253283302068,0.014116411148682007,39135.0,21700.0,-0.21065542353392105,0.42354838709677417,0.9809017716944854,0.9487944036149463,-0.0013272474183418925,0
2024-11-24,30884.0,31150.0,30418.0,30740.0,1153510348346,37524192,4546,30728.0,30561.0,39.827522158340855,-664.1026368233979,-640.3177089414063,33219.01176466653,29546.988235333465,31383.0,32531.06,3.0743035179265066,0.021526222549052454,-0.03586977096346777,-0.010682723123239812,39135.0,21700.0,-0.21908777309313912,0.4083410138248848,0.9738074753847624,0.9394406453401764,0.0012434148097248965,0
2024-11-25,30819.0,31072.0,30433.0,30718.0,535522097033,17433440,3800,30740.0,31051.0,45.176820213248696,-601.5935758100313,-632.5728823151313,32934.971433499806,29623.428566500195,31279.2,32512.28,1.3784532805895529,0.02600449378799885,0.0016128511983484195,0.0160335067569779,39135.0,21700.0,-0.20656701162642135,0.4309216589861751,0.9927044169927619,0.9550545209379349,-0.017745000161025426,0
2024-11-26,31119.0,31599.0,30680.0,30930.0,654921146039,21174498,3329,30718.0,31080.0,45.48570456399525,-543.4500826991607,-614.7483223919372,32664.444616427463,29710.555383572537,31187.5,32495.88,1.5817165929698116,0.014194811551639708,0.012410827714257833,0.000933947376896116,39135.0,21700.0,-0.20582598696818705,0.432258064516129,0.9965531062124249,0.9564289380684566,-0.017117117117117164,0
2024-11-27,30904.0,31110.0,30680.0,30805.0,305710124626,9924125,1981,30930.0,30742.0,42.48146503688963,-518.6658635074637,-595.5318306150425,32420.411793890285,29764.78820610971,31092.6,32474.7,0.7250634291000205,0.009224910541347997,-0.006495814885434492,-0.010875160875160828,39135.0,21700.0,-0.21446275712278012,0.4166820276497696,0.9887240050687303,0.9466446187339682,-0.013564504586559112,0
2024-11-30,31000.0,31325.0,30500.0,30897.0,634713228438,20542640,3223,30805.0,30850.0,43.75966634242328,-484.72192125177753,-573.3698487423895,32229.603971837787,29810.696028162216,31020.15,32451.98,1.411303743551359,-0.0013272474183418925,0.015136558078315154,0.003513109101554779,39135.0,21700.0,-0.21170307908521785,0.4216589861751152,0.9945148556663974,0.9506353695521814,-0.024700162074554277,0
2024-12-01,30901.0,30948.0,30500.0,30638.0,212066137576,6921731,1619,30897.0,30599.0,41.454019746791076,-472.6265599830549,-553.2211909905227,32003.610720579938,29866.58927942006,30935.1,32425.96,0.4693753661543082,0.0012434148097248965,0.022796403382692176,-0.0081361426256078,39135.0,21700.0,-0.21811677526510795,0.4100921658986175,0.9891353187802853,0.9436574892462706,-0.023889669597045637,0
2024-12-02,30596.0,30648.0,30300.0,30473.0,394456424668,12944441,3756,30638.0,30500.0,40.54657729105931,-465.66151557043486,-535.7092559065052,31885.585490249014,29858.514509750985,30872.05,32394.36,0.8494362092055983,-0.017745000161025426,0.00779804388051808,-0.0032353998496682523,39135.0,21700.0,-0.22064648013287338,0.4055299539170507,0.9879486461054579,0.9415219192476715,0.004491803278688478,0
2024-12-03,30750.0,30750.0,30454.0,30566.0,172940829912,5657976,1629,30473.0,30548.0,41.21844572278086,-451.0688281751245,-518.781170360229,31808.30750912595,29842.69249087405,30825.5,32361.32,0.36822343731554785,-0.017117117117117164,-0.003165279817262223,0.0015737704918032946,39135.0,21700.0,-0.2194199565606235,0.40774193548387094,0.9909977129324747,0.9439664389462482,-0.002160534241194223,0
2024-12-04,30698.0,30698.0,30283.0,30342.0,556809240892,18351158,2646,30566.0,30325.0,39.0126699770581,-452.2845992679722,-505.48185614177766,31678.068304550037,29836.431695449963,30757.25,32323.46,1.1594632481351899,-0.013564504586559112,-0.004464725386559842,-0.007299986905853095,39135.0,21700.0,-0.22511818065670117,0.39746543778801846,0.9859464028806216,0.9381730792433731,0.06545754328112108,1
2024-12-07,30327.0,30469.0,29970.0,30124.0,143951683116,4778622,2795,30342.0,30088.0,36.76109530379544,-466.98886893595045,-497.78325870061224,31438.96521303816,29886.334786961845,30662.65,32256.66,0.30249150131200636,-0.024700162074554277,-0.025994626266550136,-0.007815333882934872,39135.0,21700.0,-0.23117414079468507,0.3865437788018433,0.9812589583744392,0.9327686127453989,0.11360010635469298,1
2024-12-08,30063.0,30190.0,29600.0,29837.0,148191745146,4966629,2835,30124.0,29868.0,34.755849539555385,-490.73735521216804,-496.3740780029234,31264.749387250704,29877.5506127493,30571.15,32197.06,0.31376148769406687,-0.023889669597045637,-0.0226759595562972,-0.007311885136931706,39135.0,21700.0,-0.23679570716749712,0.3764055299539171,0.9769995567716622,0.9276623393564505,0.09247355028793347,1
2024-12-09,29910.0,31100.0,29910.0,30451.0,1105267027189,36296890,6025,29837.0,30637.0,45.87062131015244,-442.40654126660957,-485.58057065566067,31219.03422139739,29886.865778602612,30552.95,32140.2,2.0874082256750874,0.004491803278688478,-0.013332903932240514,0.025746618454533188,39135.0,21700.0,-0.21714577743707678,0.41184331797235024,1.0027509618547472,0.9532299114504577,0.06466037797434465,1
2024-12-10,30790.0,31149.0,30199.0,30333.0,1103105683720,36366763,3869,30451.0,30482.0,44.23488275243259,-411.8635213233247,-470.8371607891935,31205.37819200888,29878.821807991117,30542.1,32066.9,2.0535342597031474,-0.002160534241194223,-0.01924066924066925,-0.005059242092894212,39135.0,21790.0,-0.2211064264724671,0.39889857732905004,0.99803222437226,0.9505752037147338,0.054884850075454406,1
2024-12-11,30700.0,32820.0,30570.0,31859.0,1167195961377,36636172,7406,30333.0,32310.0,61.61823104566515,-237.416841637576,-424.15309695887004,31617.52546390254,29603.37453609746,30610.45,32015.14,1.8940796113968255,0.06545754328112108,0.0510051395485005,0.059969818253395424,39135.0,21800.0,-0.17439632042928324,0.48211009174311925,1.0555218887667446,1.0092100175104655,-0.02274837511606309,0
2024-12-14,33080.0,34999.0,33080.0,33680.0,1729835608166,51360660,11819,31859.0,33506.0,68.5302350740351,-2.6290801557224768,-339.8482935982405,32373.80365384624,29158.69634615376,30766.25,32005.56,2.3668489406485946,0.11360010635469298,0.08609400324149119,0.03701640359021985,39135.0,22222.0,-0.14383544142072313,0.5077850778507785,1.0890505017673586,1.046880604494969,-0.0456933086611353,0
2024-12-15,34011.0,34011.0,32100.0,32883.0,814039476069,24755277,8313,33680.0,32630.0,60.00641477483518,111.47106436887407,-249.5844220048176,32651.497885228,29152.302114772003,30901.9,31970.66,1.0873578459966289,0.09247355028793347,0.06637471812804341,-0.026144571121590188,39135.0,22222.0,-0.1662194966142839,0.4683646836468365,1.0559221277656066,1.0206232839734932,-0.03322096230462768,0
2024-12-16,32800.0,32800.0,31514.0,32079.0,710534403724,22149202,6991,32883.0,32618.0,59.89651029197279,198.638174017844,-159.9399028002853,32893.978873118824,29145.221126881173,31019.6,31951.28,0.946569664040344,0.06466037797434465,0.0694426229508196,-0.0003677597303095581,39135.0,22222.0,-0.16652612750734636,0.4678246782467825,1.051528710879573,1.0208667696568026,-0.052670304739714235,0
2024-12-17,32699.0,33336.0,31803.0,32538.0,437335416818,13440672,3999,32079.0,32155.0,55.660570222266365,227.73333771412945,-82.40525469740234,33023.89671297785,29166.303287022154,31095.1,31916.8,0.5790319579353109,0.054884850075454406,0.05260573523634937,-0.014194616469434096,39135.0,22222.0,-0.17835696946467355,0.44698946989469895,1.0340857562767125,1.0074631542009225,-0.042295132949774494,0
2024-12-18,32121.0,32375.0,31485.0,31747.0,268171290653,8447113,3813,32538.0,31575.0,50.812687160612704,201.66563590678197,-25.591076576565477,33067.435343510624,29234.164656489374,31150.8,31879.0,0.3921230309729043,-0.02274837511606309,0.0412201154163232,-0.018037630228580293,39135.0,22222.0,-0.19317746262935992,0.4208892088920889,1.013617627797681,0.9904639417798551,-0.026223277909738663,0
2024-12-21,31747.0,32393.0,31073.0,31935.0,509581872837,15957085,4422,31747.0,31975.0,53.80117889373082,210.8528708337144,21.697712905490498,33150.27694686234,29259.723053137663,31205.0,31853.5,0.7867817019503862,-0.0456933086611353,0.06271603296995476,0.012668250197941378,39135.0,22222.0,-0.1829564328606107,0.43888938889388895,1.0246755327671848,1.003814337513931,-0.033682564503518364,0
2024-12-22,32109.0,32109.0,31503.0,31585.0,194796644443,6167432,2188,31935.0,31546.0,50.273264540271704,181.4257429749414,53.643318919380675,33181.60807518842,29326.891924811578,31254.25,31812.16,0.3295690477692183,-0.03322096230462768,0.056180527655015355,-0.01341673182173575,39135.0,22222.0,-0.19391848728759423,0.41958419584195844,1.0093347304766551,0.9916333879874866,-0.022063019083243485,0
2024-12-23,32000.0,32150.0,30500.0,31137.0,416326723425,13370952,4252,31585.0,30900.0,45.441167660671304,104.77000755311019,63.86865664612658,33178.36188552604,29315.03811447396,31246.7,31738.38,0.7223441088866424,-0.052670304739714235,0.008584391422136628,-0.020478032080136988,39135.0,22222.0,-0.2104254503641242,0.3905139051390514,0.9889044283076293,0.9735846631113497,0.01404530744336574,0
2024-12-24,30990.0,31300.0,30606.0,30847.0,302665504509,9811846,3700,31137.0,30795.0,44.689296328103254,35.142066609478206,58.12333863879691,33173.00512418329,29291.89487581671,31232.45,31669.44,0.5468534191858374,-0.042295132949774494,0.010268355094809944,-0.0033980582524272274,39135.0,22222.0,-0.21310847067842084,0.38578885788857886,0.98599373408106,0.9723885234472097,0.010228933268387808,0
2024-12-25,30721.0,31140.0,30300.0,30370.0,1825605779040,60111410,5338,30847.0,30747.0,44.328210152484225,-23.639278193764767,41.77081527228457,33173.00359480006,29292.396405199943,31232.7,31602.46,2.939184096694825,-0.026223277909738663,-0.04837511606313838,-0.001558694593278176,39135.0,22222.0,-0.21433499425067076,0.38362883628836286,0.9844489909613962,0.9729305883149603,0.0012684164308713886,0
2024-12-28,31140.0,31720.0,30500.0,30737.0,2084777538910,67825322,7100,30370.0,30898.0,45.81152940029449,-57.378060837971134,21.941040050233433,33173.62210717186,29296.577892828136,31235.1,31529.6,2.972725957235293,-0.033682564503518364,-0.07783680534829585,0.004911048232347781,39135.0,22222.0,-0.21047655551296793,0.3904239042390424,0.9892076542095272,0.9799680300416117,-0.010712667486568739,0
2024-12-29,31000.0,31098.0,30560.0,30719.0,514168490189,16737635,3680,30737.0,30850.0,45.39745353847603,-86.98675879752773,0.1554802806811999,33172.7405718937,29322.5594281063,31247.65,31452.62,0.7181480724084014,-0.022063019083243485,-0.05455102666258049,-0.0015534986083242108,39135.0,22222.0,-0.21170307908521785,0.3882638826388264,0.9872742430230753,0.9808403878595806,-0.006515397082658025,0
2024-12-30,31110.0,31680.0,31047.0,31309.0,1158851242009,37013827,9197,30719.0,31334.0,50.27773464458349,-70.58346792484372,-13.992309360423784,33183.73995721419,29394.960042785806,31289.35,31397.18,1.510143918175488,0.01404530744336574,-0.03936476791955357,0.01568881685575363,39135.0,22222.0,-0.1993356330650313,0.4100441004410044,1.0014270031176742,0.9979877173682478,-0.017680474883513098,0
2024-12-31,31500.0,31600.0,30949.0,31143.0,382169381251,12271597,3834,31309.0,31110.0,48.13352639913065,-74.79646262088863,-26.153140012516754,33183.48006138539,29451.41993861461,31317.45,31345.34,0.49400947147736696,0.010228933268387808,-0.03249883377390761,-0.007148784068424119,39135.0,22222.0,-0.20505940973553086,0.3999639996399964,0.993375897462916,0.992492025927937,-0.006107360977177789,0
2025-01-01,31000.0,31286.0,30511.0,30741.0,459905867013,14960837,4822,31143.0,30786.0,45.13513915756396,-103.09101444690168,-41.54071489939375,33167.913308475654,29513.086691524342,31340.5,31295.4,0.6064065828820842,0.0012684164308713886,-0.024988123515439442,-0.010414657666345195,39135.0,22240.0,-0.2133384438482177,0.38426258992805756,0.9823072382380625,0.9837228474472286,0.025985837718443427,0
2025-01-04,30882.0,30882.0,30496.0,30653.0,396569694732,12937341,4736,30741.0,30567.0,43.17729008281597,-141.55436970150186,-61.54344585981538,33137.31609477251,29591.583905227493,31364.45,31269.64,0.5158587165889056,-0.010712667486568739,-0.04403440187646601,-0.007113623075423847,39135.0,22240.0,-0.2189344576466079,0.3744154676258993,0.9745747175544286,0.9775296421704887,0.05538652795498411,1
2025-01-05,30470.0,30688.0,30310.0,30490.0,242242343635,7945025,2972,30653.0,30649.0,44.15410017561312,-163.5350113431232,-81.94175895647695,33074.26503434621,29732.734965653788,31403.5,31227.62,0.3149269402120993,-0.006515397082658025,-0.028434666835731925,0.0026826315961658853,39135.0,22240.0,-0.21683914654401432,0.3781025179856115,0.9759740156351999,0.9814708901927205,0.08581030376194976,1
2025-01-06,30600.0,30788.0,30468.0,30596.0,238089650312,7781645,2247,30490.0,30780.0,45.75831848079328,-168.4425224715378,-99.24191165948912,33069.41378969216,29751.886210307843,31410.65,31180.68,0.3269270349531046,-0.017680474883513098,-0.003883495145631022,0.004274201442135084,39135.0,22240.0,-0.21349175929474895,0.3839928057553957,0.9799224148497404,0.987149735028229,0.09964262508122168,1
2025-01-07,30750.0,30990.0,30596.0,30807.0,458053750351,14868343,3126,30596.0,30920.0,47.49420308938724,-159.1997745240369,-111.23348423239868,33052.81176588657,29812.28823411343,31432.55,31140.8,0.654201423606345,-0.006107360977177789,0.004059100503328361,0.004548408057180042,39135.0,22240.0,-0.20991439887568672,0.3902877697841727,0.9836936551441102,0.992909623387967,0.10802069857697294,1
2025-01-08,30998.0,31749.0,30998.0,31406.0,558880204335,17795345,4797,30807.0,31586.0,54.890094151143586,-97.0158577614784,-108.38995893821462,32968.206262510634,29824.493737489363,31396.35,31119.72,0.8168462311112791,0.025985837718443427,0.0272872150128467,0.021539456662354572,39135.0,22240.0,-0.19289638431071932,0.4202338129496403,1.006040511078517,1.0149834253007417,0.05458114354460841,1
2025-01-11,32010.0,32260.0,31498.0,31892.0,438289169704,13742867,3808,31406.0,32260.0,60.893558080201124,6.575710730685387,-85.39682500443462,32643.347746883403,30024.752253116596,31334.05,31118.94,0.6904388612895582,0.05538652795498411,0.044080523011198025,0.021338567719875856,39135.0,22240.0,-0.1756739491503769,0.4505395683453237,1.0295509198459822,1.036667701406282,0.01584004959702412,0
2025-01-12,32350.0,33525.0,32142.0,32797.0,866034326292,26405506,6704,31892.0,33279.0,67.85820471408086,168.95000842989248,-34.5274583175692,32826.19770842936,29906.80229157064,31366.5,31138.52,1.321130725539133,0.08581030376194976,0.07873581847649924,0.031587104773713515,39135.0,22314.0,-0.1496358758144883,0.49139553643452544,1.0609726937975228,1.0687405824040448,-0.008984644971303246,0
2025-01-13,33322.0,33847.0,33000.0,33416.0,734274044694,21973534,6004,32797.0,33847.0,70.96253755265907,339.55152362522495,40.28833807098964,33169.483401917365,29686.416598082633,31427.95,31180.24,1.0998718922898352,0.09964262508122168,0.0802004212676326,0.01706782054749234,39135.0,22314.0,-0.13512201354286443,0.5168504078157211,1.0769712946596899,1.0855272441777228,-0.010695187165775444,0
2025-01-15,33847.0,34405.0,33575.0,34182.0,561367079200,16423039,4765,33416.0,34260.0,73.00418605278887,502.2900153181472,132.68867352042116,33651.45622623747,29414.943773762534,31533.2,31235.86,0.8159549270410564,0.10802069857697294,0.1012536162005786,0.012201967678080683,39135.0,22452.0,-0.1245688003066309,0.5259219668626403,1.0864739385790214,1.096816287433738,-5.8377116170516e-05,0
2025-01-18,34300.0,34300.0,33001.0,33411.0,658716215137,19715755,5316,34182.0,33310.0,62.174988775996646,548.2841040767853,215.807759631694,33875.60099028944,29364.299009710565,31619.95,31268.26,0.9528746427494287,0.05458114354460841,0.08198531800168918,-0.02772913018096901,39135.0,22800.0,-0.14884374600741024,0.46096491228070174,1.0534488511208904,1.0652975253499875,0.04578204743320313,0
2025-01-19,33308.0,33598.0,32550.0,33055.0,584327694137,17677662,5400,33411.0,32771.0,57.00803673745832,535.0739559067515,279.6609988867055,33966.56519632451,29352.934803675493,31659.75,31284.08,0.8508347224597997,0.01584004959702412,0.07210390290182223,-0.016181326928850215,39135.0,23245.0,-0.1626165836207998,0.4098085609808561,1.0350997717922599,1.0475296061127577,0.09087302798205732,1
2025-01-20,32810.0,33094.0,32400.0,32719.0,492310171471,15046490,3622,33055.0,32980.0,58.44992860836604,535.2987804925433,330.78855520787306,34107.761635706396,29355.1383642936,31731.45,31309.72,0.7090444648622537,-0.008984644971303246,0.07605468367646573,0.0063775899423270666,39135.0,23245.0,-0.15727609556662833,0.4187997418799742,1.0393473982436983,1.0533470117267099,0.06437234687689508,1
2025-01-21,33034.0,33490.0,32810.0,33213.0,290540868762,8747842,2844,32719.0,33485.0,61.78502768450521,569.6595543931799,378.5627550449344,34321.748646409396,29399.651353590605,31860.7,31359.4,0.41676944354376216,-0.010695187165775444,0.0878817413905133,0.015312310491206738,39135.0,23245.0,-0.14437204548358248,0.44052484405248443,1.0509813029845547,1.0677819090926484,0.028311184112289167,0
2025-01-22,33510.0,34300.0,33500.0,34055.0,423033639181,12421941,3602,33213.0,34258.0,66.25058814499846,651.7523595359235,433.2006759431323,34652.83890986452,29414.861090135473,32033.85,31430.58,0.5881559595025853,-5.8377116170516e-05,0.10795601552393275,0.023084963416455162,39135.0,23245.0,-0.12461990545547463,0.4737793073779307,1.0694312422640426,1.089957614526999,0.016258976005604442,0
2025-01-25,34258.0,34920.0,33851.0,34501.0,766502251926,22217075,5101,34055.0,34835.0,69.14858869045467,754.6711970746983,497.4947801694455,35054.28926641537,29422.21073358463,32238.25,31508.42,1.1556086590597912,0.04578204743320313,0.10286202748052942,0.01684278124817551,39135.0,23949.0,-0.10987607001405392,0.4545492504906259,1.0805487270555938,1.1055774932541842,0.010219606717381868,0
2025-01-26,34836.0,35771.0,34803.0,35398.0,940386090056,26565969,6709,34501.0,35749.0,73.09038995341974,899.617053299382,577.9192347954328,35611.38688427473,29350.213115725262,32480.8,31615.6,1.5479111499944174,0.09087302798205732,0.10815251084934907,0.026237979044064774,39135.0,23999.0,-0.086521016992462,0.48960373348889535,1.1006194428708653,1.1307392553043434,-0.013035329659570882,0
2025-01-27,35810.0,36220.0,34407.0,35471.0,1281984525054,36141296,9048,35398.0,35103.0,66.61232516000265,951.3938118423757,652.6141502048214,35928.102839176536,29458.797160823466,32693.45,31719.32,1.9931616381564328,0.06437234687689508,0.054809339222933406,-0.018070435536658325,39135.0,23999.0,-0.10302798006899196,0.46268594524771867,1.073701307142562,1.1066756790498662,0.0018801811810955638,0
2025-01-29,35000.0,35490.0,34276.0,34956.0,892421960629,25530129,9344,35471.0,34433.0,60.61205273090656,927.6702601385405,707.6253721915652,36104.55217089016,29592.247829109845,32848.4,31802.7,1.4540071417075549,0.028311184112289167,0.017313203533547927,-0.01908668774748601,39135.0,24043.0,-0.12014820493164687,0.4321424115127064,1.048239792501309,1.0827068142013099,0.018209275985246798,0
2025-02-01,34650.0,35220.0,34632.0,34892.0,524196856508,15023508,4605,34956.0,34815.0,62.6763567085759,928.9846254971999,751.8972228526923,36294.685557916004,29772.614442084,33033.65,31886.1,0.8489748658676513,0.016258976005604442,0.016199649737302924,0.011094008654488396,39135.0,24220.0,-0.11038712150249137,0.43744838976052847,1.0539253155494472,1.0918550716456388,0.07123366365072537,1
2025-02-02,34995.0,35385.0,34206.0,34593.0,675688834335,19532255,5470,34892.0,35191.0,64.64072458650347,949.4219815417746,791.4021745905087,36472.71319122318,30035.086808776825,33253.9,31980.7,1.0896881440780333,0.010219606717381868,0.05646952867006916,0.010799942553497033,39135.0,24967.0,-0.10077935351986712,0.40950054071374214,1.0582518140729358,1.1003824181459443,0.039583984541502026,0
2025-02-03,35010.0,35551.0,35010.0,35255.0,1127625133181,31984639,4289,34593.0,35283.0,65.12439026299364,961.9535626987272,825.5124522121524,36574.81180348332,30404.588196516674,33489.7,32068.54,1.6943714804792867,-0.013035329659570882,0.07665313844557686,0.002614304793839395,39135.0,24967.0,-0.09842851667305481,0.4131854047342492,1.0535478072362547,1.1002371794911774,0.05107275458436078,1
2025-02-04,35420.0,35420.0,34880.0,35064.0,533828951782,15224285,3715,35255.0,35169.0,63.95695872060934,951.7153022068887,850.7530222110997,36590.3661093059,30841.0338906941,33715.7,32160.7,0.791243678442437,0.0018801811810955638,0.0663735597331716,-0.003231017770597755,39135.0,24967.0,-0.10134151015714833,0.4086193775784035,1.0431045477329555,1.093539630667243,0.03813017145781794,0
2025-02-05,34923.0,35300.0,34922.0,35048.0,261104540921,7449822,2647,35064.0,35060.0,62.79781151670817,924.1529579217531,865.4330093532304,36521.66505377517,31337.734946224828,33929.7,32240.88,0.3875197938266372,0.018209275985246798,0.0470359862625056,-0.0030993204242372174,39135.0,25118.0,-0.10412674076913249,0.3958117684529023,1.0333129971676733,1.0874393006642498,0.028722190530519054,0
2025-02-09,36000.0,38300.0,35830.0,36863.0,1904420261313,51662085,11180,35048.0,37295.0,73.43096848044925,1070.317469288988,906.409901340382,36849.46260857986,31647.437391420135,34248.45,32365.18,2.452618542219526,0.07123366365072537,0.08865082608441832,0.06374786081003991,39135.0,25570.0,-0.04701673693624633,0.4585451701212358,1.0889543906366566,1.1523186337910063,-0.022013674755329116,0
2025-02-11,37295.0,38200.0,35990.0,37082.0,1572988744087,42419034,9652,36863.0,36584.0,66.88190599883656,1115.918525553483,948.3116261830023,36986.05924948861,32010.640750511386,34498.35,32482.02,1.9026052365315442,0.039583984541502026,0.05020812401320507,-0.019064217723555488,39135.0,25654.0,-0.06518461735019804,0.4260544164652686,1.0604565145869296,1.126284633775855,0.01000437349661043,0
2025-02-15,36900.0,37649.0,36500.0,37132.0,833336222213,22442707,5521,37082.0,37085.0,68.98121998422644,1178.894640569204,994.4282290602428,37247.98604684186,32231.21395315813,34739.6,32606.72,0.9873506925765132,0.05107275458436078,0.03737167473216041,0.013694511261753695,39135.0,26100.0,-0.05238277756483966,0.42088122605363987,1.0675137307280453,1.1373422411085812,0.0013212889308344966,0
2025-02-16,37086.0,37290.0,36301.0,36664.0,537187256709,14651752,4226,37132.0,36510.0,63.96936061256041,1168.931258993849,1029.328835046964,37428.559683844476,32373.740316155527,34901.15,32724.94,0.6617014746900581,0.03813017145781794,0.04008204426972051,-0.015504921127140303,39135.0,26151.0,-0.06707550785741663,0.3961225192153264,1.0460973349015719,1.1156628553024086,-0.001068200493015592,0
2025-02-17,36332.0,36748.0,36000.0,36251.0,530543663539,14635325,3976,36664.0,36067.0,60.332395462296226,1112.4650055203456,1045.9560691416405,37539.62116897319,32484.67883102681,35012.15,32836.28,0.6720964979636296,0.028722190530519054,0.047454476810036894,-0.012133662010408108,39135.0,26468.0,-0.07839529832630637,0.36266434940305275,1.030128112669459,1.098388733437527,0.0033548673302465915,0
2025-02-18,36000.0,36650.0,35400.0,36020.0,846088847677,23489311,5086,36251.0,36474.0,62.44496340665573,1088.0146359269056,1054.3677824986935,37702.25840310149,32543.441596898505,35122.85,32954.8,1.061474550880175,-0.022013674755329116,0.04765187419215855,0.011284553747192616,39135.0,27507.0,-0.06799540053660406,0.3259897480641291,1.0384692586165416,1.1067886923907897,-0.009952294785326554,0
2025-02-19,36733.0,37478.0,36501.0,36955.0,441882210581,11957154,3305,36020.0,36950.0,64.8056833792462,1094.4308462348781,1062.3803952459305,37860.483406807485,32749.216593192512,35304.85,33087.3,0.5499814301440092,0.01000437349661043,0.04998437100394981,0.013050392060097504,39135.0,28567.0,-0.055832375111792516,0.2934504848251479,1.0465984135324184,1.116742677704134,-0.021677943166441116,0
2025-02-22,37400.0,37999.0,36953.0,37516.0,842506539494,22457308,5169,36955.0,37134.0,65.70316564248148,1101.6637079150823,1070.2370577797608,37915.902672485914,33130.097327514086,35523.0,33228.22,1.0217157292658057,0.0013212889308344966,0.052461525380494756,0.004979702300405897,39135.0,28567.0,-0.05113070141816788,0.2998914831798929,1.0453508994172789,1.1175440634496823,-0.04130985081057792,0
2025-02-23,37134.0,37134.0,36136.0,36648.0,720971862024,19672747,4349,37516.0,36471.0,59.78699797545139,1041.8870188278888,1064.5670499893865,37816.62606989226,33578.47393010774,35697.55,33360.28,0.885708574080811,-0.001068200493015592,0.03702124029685239,-0.017854257553724384,39135.0,28567.0,-0.06807205825986969,0.2766828858473063,1.0216667530404746,1.0932462197559494,-0.040305996545200284,0
2025-02-24,36473.0,36980.0,36080.0,36169.0,929741956216,25705239,5224,36648.0,36188.0,57.41068048865319,960.6045755962987,1043.7745551107691,37699.904873598476,33965.49512640152,35832.7,33471.3,1.1147508306458984,0.0033548673302465915,0.03217341699942944,-0.007759589811082823,39135.0,28567.0,-0.07530343682125974,0.2667763503343018,1.0099155240883328,1.0811650578256595,-0.03835525588592903,0
2025-02-25,36120.0,36611.0,35883.0,36144.0,585822245125,16207836,4144,36169.0,36111.0,56.749757738037516,879.832238869596,1010.9860918625345,37649.20385401136,34201.49614598864,35925.35,33583.88,0.6971569892901959,-0.009952294785326554,-0.031746882960182354,-0.002127777163700717,39135.0,28567.0,-0.07727098505174396,0.2640809325445444,1.0051676601619748,1.0752480058885394,-0.048600149538921666,0
2025-02-26,36010.0,36490.0,36010.0,36213.0,389031814241,10742841,2539,36144.0,36149.0,57.01276941408875,809.5538298800748,970.6996394660426,37642.30327857048,34339.79672142953,35991.05,33660.66,0.4737796565459886,-0.021677943166441116,-0.011890443909906012,0.0010523109301874278,39135.0,28567.0,-0.07629998722371278,0.2654111387265026,1.0043885910524977,1.07392427837125,-0.06691748042822765,0
2025-03-01,36049.0,36223.0,35576.0,35874.0,434737166189,12118586,2870,36213.0,35600.0,52.08476980544274,701.4718418697084,916.8540799467759,37640.48918156579,34326.71081843421,35983.6,33702.54,0.5520394076218466,-0.04130985081057792,-0.04004314412835375,-0.015187142106282359,39135.0,28567.0,-0.09032835058132106,0.24619315993979066,0.9893395880345491,1.0563002076401362,-0.03929775280898873,0
2025-03-02,35551.0,35900.0,34880.0,35514.0,455751794093,12832894,3362,35874.0,35001.0,47.28258468720968,561.0147647462727,845.6862169066753,37646.788644087035,34310.211355912965,35978.5,33749.96,0.6173527089587746,-0.040305996545200284,-0.04133114215283484,-0.016825842696629234,39135.0,28567.0,-0.105634342660023,0.22522490986102847,0.9728309962894507,1.0370678957841728,-0.024027884917573794,0
2025-03-03,34860.0,35490.0,34475.0,34809.0,458009175851,13157962,3286,35514.0,34800.0,45.75800833219997,428.54252751569584,762.2574790284796,37603.6787120878,34390.0212879122,35996.85,33793.6,0.6524059995048186,-0.03835525588592903,-0.035129065350597455,-0.005742693065912352,39135.0,28800.0,-0.11077041011881947,0.20833333333333334,0.9667512574016893,1.0297807868945599,-0.01117816091954027,0
2025-03-04,34509.0,35189.0,34320.0,34576.0,353218422405,10215794,3029,34809.0,34356.0,42.49821368167572,284.45125871663186,666.6962349661101,37658.80817553651,34288.99182446349,35973.9,33837.62,0.512635732029181,-0.048600149538921666,-0.05806876130942584,-0.012758620689655165,39135.0,29149.0,-0.12211575316213108,0.17863391540018525,0.9550257269853977,1.0153196353644256,0.03213412504366042,0
2025-03-05,34475.0,34710.0,33550.0,34022.0,601717778338,17686195,3365,34576.0,33730.0,38.34997047997438,118.38030727900332,557.0330494286887,37824.908551601235,33976.79144839876,35900.85,33880.72,0.8916356154600994,-0.06691748042822765,-0.0871447902571042,-0.01822098032366981,39135.0,29250.0,-0.13811166475022357,0.15316239316239316,0.9395320723604038,0.9955514522713803,0.03468722205751562,0
2025-03-08,33555.0,34790.0,33351.0,34126.0,1159412407142,33974342,3367,34022.0,34201.0,42.86853176359583,24.491324730668566,450.52470448908474,37894.14941144612,33799.35058855388,35846.75,33925.24,1.7042421721706742,-0.03929775280898873,-0.07898421931383637,0.013963830418025402,39135.0,29250.0,-0.1260764021975214,0.16926495726495727,0.9540892828499097,1.0081284612872305,0.019619309376918803,0
2025-03-09,34750.0,34898.0,33950.0,34491.0,505938389112,14668680,3753,34126.0,34160.0,42.57599575279221,-52.618178117518255,349.8961279677642,37954.72990156965,33637.87009843036,35796.3,33977.52,0.7368463094695326,-0.024027884917573794,-0.06336541361629788,-0.00119879535686096,39135.0,29250.0,-0.1271240577488182,0.16786324786324786,0.9542885717238931,1.0053706097443251,0.037177985948477765,0
2025-03-10,34090.0,34581.0,33523.0,34406.0,329118708065,9565859,2053,34491.0,34411.0,45.04826998995621,-92.40917689466733,261.4350669952779,37984.208374224756,33543.49162577524,35763.85,34047.74,0.4779779016206495,-0.01117816091954027,-0.04910467558306619,0.007347775175644111,39135.0,29490.0,-0.12071036156892807,0.16687012546625976,0.9621726967314761,1.0106691369236256,0.05838249396995154,1
2025-03-11,34990.0,35619.0,34705.0,35206.0,512614923131,14560432,4220,34406.0,35460.0,53.96796138883847,-38.85045312298462,201.3779629716254,37780.63028434265,33563.569715657344,35672.1,34141.04,0.8018698035690398,0.03213412504366042,-0.018027747777685454,0.03048443811571877,39135.0,29774.0,-0.0939057110003833,0.19097198898367704,0.9940541767936287,1.03863268371438,0.03950930626057536,0
2025-03-12,35635.0,35635.0,34771.0,35164.0,328086580022,9330169,3089,35206.0,34900.0,49.3616300465002,-41.11811451983522,152.87874747333328,37678.46374214952,33497.33625785048,35587.9,34224.1,0.5653395000798201,0.03468722205751562,-0.03455143987385545,-0.015792442188381273,39135.0,29868.0,-0.10821515267663218,0.1684746216686755,0.980670396398776,1.0197492410319045,0.069484240687679,1
2025-03-15,35050.0,35380.0,34740.0,34840.0,420584229144,12071768,3819,35164.0,34872.0,49.135805095132675,-44.659808041367796,113.37103637039307,37471.17175122053,33483.32824877947,35477.25,34303.58,0.7551883112819676,0.019619309376918803,-0.020449438202247205,-0.0008022922636102825,39135.0,29868.0,-0.10893062476044461,0.16753716351948575,0.982939771261865,1.0165702821687999,0.08591420050470289,1
2025-03-16,34630.0,35451.0,34630.0,35066.0,356840176417,10176183,1964,34840.0,35430.0,53.68338268089948,-2.4128749537703698,90.21425410556039,37360.0494088161,33486.4505911839,35423.25,34395.18,0.6456423533386496,0.037177985948477765,0.012256792663066784,0.016001376462491335,39135.0,29868.0,-0.09467228823303948,0.1862193652069104,1.0001905528148884,1.0300861923095037,0.07815410668924638,1
2025-03-17,35550.0,36790.0,35550.0,36348.0,695107327179,19123835,4657,35066.0,36420.0,60.441070861241755,109.68843017130712,94.10908931870975,37407.05491759688,33474.745082403126,35440.9,34496.9,1.1963046416304315,0.05838249396995154,0.04655172413793096,0.02794242167654537,39135.0,29868.0,-0.0693752395553852,0.21936520691040579,1.0276262735991466,1.055747038139659,0.03163097199341025,0
2025-03-18,37090.0,37800.0,36562.0,37381.0,1014991824962,27152724,6474,36348.0,36861.0,63.028767276716174,231.4465646120807,121.57658437738395,37473.74078716302,33446.75921283698,35460.25,34611.92,1.679315104105174,0.03950930626057536,0.07291302829200141,0.012108731466227374,39135.0,29868.0,-0.05810655423533921,0.23413017276014464,1.03950197756643,1.0649799259908148,0.004286373131493937,0
2025-03-25,36880.0,37683.0,36712.0,37191.0,420092322380,11295580,3154,37381.0,37325.0,65.57996533309384,361.21779171397793,169.50482584470276,37553.68706073719,33404.31293926281,35479.0,34742.7,0.700030113693369,0.069484240687679,0.10658167803142593,0.012587829955779783,39135.0,29868.0,-0.04625015970359014,0.2496651935181465,1.0520307787705403,1.0743264052592345,-0.011520428667113225,0
2025-03-26,37320.0,38091.0,37191.0,37587.0,507354750396,13498239,2989,37191.0,37868.0,68.33382837476742,502.09020278567186,236.0219012328966,37727.62179789211,33303.77820210788,35515.7,34888.72,0.8604238353771517,0.08591420050470289,0.10721908716119422,0.014547890154052334,39135.0,29868.0,-0.032375111792513095,0.26784518548279096,1.0662326801949562,1.085393789167387,-0.019752825604732238,0
2025-03-29,38052.0,38690.0,37916.0,38291.0,571247443562,14918700,3764,37587.0,38199.0,69.91401408332169,633.1430581519817,315.4461326167136,38076.01155055919,33128.18844944081,35602.1,35039.72,0.965599594552635,0.07815410668924638,0.11823770491803276,0.00874088940530271,39135.0,29868.0,-0.02391720965887313,0.2789272800321414,1.0729423264358002,1.0901628209357836,-0.0850284038849185,0
2025-03-30,38442.0,38499.0,37528.0,38088.0,616795987517,16194016,3714,38291.0,37572.0,63.454508426787115,678.5873971637338,388.0743855261177,38280.61585669311,33061.984143306894,35671.3,35175.56,1.0814299991049863,0.03163097199341025,0.09186016099503069,-0.01641404225241494,39135.0,29868.0,-0.03993867382138751,0.2579349136199277,1.0532837323001965,1.0681279843163833,-0.06781645906526135,0
2025-04-05,37100.0,37220.0,36490.0,36923.0,625197010265,16932637,4337,38088.0,37019.0,58.33523560249382,662.3447864502814,442.9284657109505,38385.94641799704,33047.453582002956,35716.7,35297.54,1.1280248892672575,0.004286373131493937,0.04396503102086857,-0.014718407324603389,39135.0,29868.0,-0.05406924747668328,0.23942011517342976,1.0364619351731823,1.0487699709384846,-0.059320889273075994,0
2025-04-06,37000.0,37020.0,36307.0,36865.0,333745950196,9053136,2295,36923.0,36895.0,57.22048286678103,632.1792676696568,480.7786261026918,38466.860630402894,33041.139369597106,35754.0,35403.72,0.6065189300621455,-0.011520428667113225,0.057163323782234876,-0.0033496312704286435,39135.0,29868.0,-0.05723776670499553,0.2352685147984465,1.031912513285227,1.0421221272792802,-0.1305054885485838,0
2025-04-07,37030.0,37640.0,37000.0,37237.0,205810947000,5527093,2110,36865.0,37120.0,58.76043486608471,619.2897100190894,508.48084288597136,38605.780394770074,33054.219605229926,35830.0,35500.92,0.37865069700596743,-0.019752825604732238,0.06446432668043123,0.006098387315354392,39135.0,29868.0,-0.0514884374600741,0.24280166064015,1.0360033491487581,1.045606705403691,-0.11850754310344824,0
2025-04-08,36400.0,37000.0,34600.0,35470.0,703157549835,19824091,5468,37237.0,34951.0,42.775037888424876,429.10798012169107,492.6062703331153,38606.35080563709,33048.64919436291,35827.5,35534.36,1.3263480483148025,-0.0850284038849185,-0.01351961614451025,-0.05843211206896548,39135.0,29868.0,-0.10691197138111665,0.1701821347261283,0.9755355522992115,0.9835832135431735,-0.07301650882664301,0
2025-04-09,35563.0,36000.0,34800.0,35450.0,251785158404,7102453,2067,35470.0,35024.0,43.33377905067649,281.03844267933164,450.29270480235857,38602.66115023165,33074.73884976834,35838.7,35557.9,0.48502108734040966,-0.06781645906526135,-0.038330587589236687,0.0020886383794456176,39135.0,29868.0,-0.10504663344831992,0.17262622204365877,0.9772675906213116,0.9849850525480975,-0.07209342165372312,0
2025-04-12,34730.0,35850.0,34730.0,35133.0,273662171828,7789429,1787,35450.0,34823.0,42.11446842887976,145.7926404930986,389.3926919405066,38583.069990736905,33141.0300092631,35862.05,35569.16,0.536377899746934,-0.059320889273075994,-0.055288787607498446,-0.005738921882137982,39135.0,29868.0,-0.11018270090711639,0.16589661175840364,0.9710264750620781,0.9790222766014153,-0.042385779513539945,0
2025-04-13,34584.0,34584.0,31631.0,32474.0,638179152714,19652135,7408,35133.0,32080.0,29.79392334830648,-180.64543974390108,275.3850656036251,38833.78931445949,32725.310685540517,35779.55,35544.56,1.3441424111427136,-0.1305054885485838,-0.14052243804420628,-0.07876977859460699,39135.0,29868.0,-0.18027341254631404,0.0740591937859917,0.8966015503269325,0.9025291071263789,-0.0029613466334164062,0
2025-04-14,32040.0,33217.0,32040.0,32871.0,393474307528,11970097,3300,32474.0,32721.0,34.60828004932601,-383.20922979005263,143.66620652488956,38973.432401493366,32437.667598506636,35705.55,35543.56,0.8853384466872442,-0.11850754310344824,-0.13591950987641277,0.019981296758104783,39135.0,29868.0,-0.16389421234189344,0.09552028927280032,0.9164121544129693,0.9205887086155692,-0.016228110387824346,0
2025-04-15,33517.0,34000.0,32110.0,33461.0,606994364923,18140539,3747,32871.0,32399.0,33.370320473320675,-563.2326068371476,2.2864438524821225,39132.745908893165,32102.25409110683,35617.5,35531.94,1.3247113785948958,-0.07301650882664301,-0.151836435508783,-0.009840775037437743,39135.0,29868.0,-0.17212214130573655,0.08473952055711799,0.9096371165859479,0.9118274994272758,-0.015710361430908315,0
2025-04-16,32790.0,33230.0,32000.0,32516.0,321688236970,9893126,3117,33461.0,32499.0,34.15801562114015,-689.8807500297553,-136.14699492396537,39260.11834033143,31783.68165966857,35521.9,35512.22,0.7215824757864315,-0.07209342165372312,-0.13502076014053022,0.00308651501589563,39135.0,29868.0,-0.16956688386354926,0.08808758537565287,0.9149003853960515,0.9151497709802429,-0.02396996830671716,0
2025-04-19,32500.0,33548.0,31624.0,32746.0,707753924086,21613551,2791,32516.0,33347.0,40.57378909201337,-713.5978907073804,-251.63717408064838,39273.049236412284,31559.450763587713,35416.25,35494.0,1.5369117077399634,-0.042385779513539945,-0.09919230665334022,0.026093110557247945,39135.0,29868.0,-0.14789830075380095,0.11647917503682871,0.9415734302756503,0.9395109032512537,-0.05511740186523528,0
2025-04-20,32746.0,33551.0,31754.0,32713.0,694588209509,21232936,5679,32746.0,31985.0,34.72167578484766,-832.6970990364862,-367.84915907181596,39404.66504266467,31136.33495733533,35270.5,35437.0,1.4485449403058923,-0.0029613466334164062,-0.13308036319284455,-0.04084325426575108,39135.0,29868.0,-0.18270090711639198,0.07087853220838355,0.9068484994542181,0.9025876908316167,0.0005002344849147633,0
2025-04-21,32300.0,32500.0,32005.0,32198.0,396581790151,12316839,3274,32713.0,32190.0,36.21296209435993,-900.1657426101592,-474.31247577948466,39482.14791721641,30790.652082783596,35136.4,35365.82,0.8395726597690865,-0.016228110387824346,-0.1328125,0.006409254337971015,39135.0,29868.0,-0.177462629359908,0.07774206508638007,0.9161439418950148,0.9102008662601347,-0.012923268095681895,0
2025-04-22,32500.0,32500.0,31597.0,31891.0,253907645582,7961847,2648,32198.0,31890.0,34.95448023513703,-966.6991158646342,-572.7898037965147,39525.66667639889,30393.133323601112,34959.4,35301.56,0.5468432907366253,-0.015710361430908315,-0.08757975451346167,-0.009319664492078328,39135.0,29868.0,-0.1851284016864699,0.06769787063077541,0.9122010103148223,0.9033595115909893,0.020288491690185095,0
2025-04-23,31525.0,32000.0,31515.0,31863.0,255682732636,8024511,1396,31891.0,31720.0,34.228568207198734,-1021.3711420228137,-662.5060714417746,39446.89545896989,30001.90454103011,34724.4,35247.3,0.5729876538913254,-0.02396996830671716,-0.09433531292827779,-0.005330824709940396,39135.0,29868.0,-0.18947233933818833,0.06200616043926611,0.913478706615521,0.8999270866137263,0.02522068095838592,0
2025-04-26,31889.0,31980.0,31110.0,31644.0,284625972422,8994669,2110,31863.0,31509.0,33.304089472565934,-1069.3977022091567,-743.8843975952511,39270.35085565652,29643.24914434349,34456.8,35181.18,0.6867847040156707,-0.05511740186523528,-0.09516698733595608,-0.006651954602774235,39135.0,29868.0,-0.19486393254120352,0.05494174367215749,0.9144493975064427,0.8956208973093001,0.05360373226697135,1
2025-04-27,32620.0,32900.0,31800.0,32189.0,554819281209,17236125,3133,31644.0,32001.0,37.54028065758629,-1055.5906174296979,-806.2256415621405,38928.50022689291,29452.699773107088,34190.6,35117.38,1.2868725922386923,0.0005002344849147633,-0.002462593516209477,0.015614586308673628,39135.0,29868.0,-0.182292065925642,0.07141422257934914,0.935959006276579,0.9112581861175293,0.043404893597075,0
2025-04-28,32089.0,32089.0,31600.0,31807.0,329353093786,10354630,1862,32189.0,31774.0,36.3917958064333,-1050.8518402670998,-855.1508813031323,38417.970957078265,29353.829042921738,33885.9,35047.2,0.7822709832141539,-0.012923268095681895,-0.028941658262278014,-0.007093528327239751,39135.0,29868.0,-0.1880925003194072,0.06381411544127494,0.9376761425843787,0.9066059485493849,0.05639831308617116,1
2025-04-29,32000.0,33179.0,32000.0,33043.0,1276250684124,38623907,2602,31807.0,32537.0,42.73357599010497,-974.2975067036168,-878.9802063832293,37709.18827194807,29496.41172805194,33602.8,34994.56,2.67814491851894,0.020288491690185095,0.0042593907219359295,0.02401334424372137,39135.0,29868.0,-0.1685958860355181,0.08935985000669613,0.9682824050376754,0.9297730847308839,0.03912468881580966,0
2025-04-30,32160.0,32930.0,32160.0,32595.0,228156711110,6999820,1851,33043.0,32520.0,42.631590437893934,-904.572060103128,-884.0985771272091,37050.30527417706,29650.09472582293,33350.2,34943.76,0.501341533123425,0.02522068095838592,0.0006461737284224611,-0.0005224820973046551,39135.0,29868.0,-0.1690302798006899,0.0887906789875452,0.9751065960623925,0.9306382598781584,0.0358241082410824,0
2025-05-03,33530.0,33621.0,33110.0,33356.0,475059456723,14241908,2978,32595.0,33198.0,47.96528399102095,-785.549877608697,-864.3888372235067,36454.20582805408,29864.09417194592,33159.15,34861.82,1.0299592582020907,0.05360373226697135,-0.004468168051099064,0.020848708487084977,39135.0,29868.0,-0.15170563434266002,0.11149055845721173,1.0011716223123934,0.9522738629251141,0.016627507681185705,0
2025-05-04,33300.0,33526.0,32560.0,33309.0,395288311562,11867192,2150,33356.0,33390.0,49.39998728012083,-668.0305052542681,-825.117170829659,35804.16345577739,30163.63654422262,32983.9,34797.94,0.8495775329831668,0.043404893597075,0.04392684070658115,0.0057834809325862935,39135.0,29868.0,-0.14679954005366042,0.11791884290879871,1.0123120674025812,0.9595395589509034,0.0036537885594489783,0
2025-05-05,34320.0,34320.0,33350.0,33945.0,576760791963,16990819,2326,33309.0,33566.0,50.740752696234814,-554.30415363465,-770.9545673906572,34921.35489739962,30691.045102600376,32806.2,34727.56,1.1684339679441735,0.05639831308617116,0.042746194470332455,0.0052710392333032985,39135.0,29868.0,-0.14230228695541075,0.12381143698942011,1.0231602562930178,0.9665522138612676,-0.010844306738962084,0
2025-05-06,34000.0,34220.0,33578.0,33943.0,408613695186,12038375,2339,33945.0,33810.0,52.61532385876971,-439.4210672815607,-704.647867368838,34683.66567840472,30814.63432159528,32749.15,34673.56,0.8506335680131719,0.03912468881580966,0.06020696142991544,0.007269260561282298,39135.0,29868.0,-0.13606745879647375,0.13198071514664525,1.0323932071519413,0.9750945677340314,0.004081632653061273,0
2025-05-07,34000.0,34090.0,33274.0,33578.0,211702689403,6304731,1920,33943.0,33685.0,51.53337284479648,-354.3768136740837,-634.593656629887,34374.71181384171,30989.68818615829,32682.2,34625.92,0.44675244344154413,0.0358241082410824,0.06194829760403531,-0.003697131026323519,39135.0,29868.0,-0.13926153059920787,0.12779563412347664,1.0306833689286523,0.972826137182781,-0.01053881549651181,0
2025-05-10,33683.0,34200.0,33310.0,33833.0,232241878358,6864382,1332,33578.0,33750.0,52.08513718151331,-278.5230330565537,-563.3795319152205,34099.779890259786,31157.320109740213,32628.55,34571.44,0.48800865970950125,0.016627507681185705,0.07112253641816624,0.0019296422740091579,39135.0,29868.0,-0.13760061326178613,0.1299718762555243,1.0343702064602933,0.9762393466977366,-0.016296296296296253,0
2025-05-11,33890.0,34150.0,33441.0,33783.0,223209386935,6607220,1381,33833.0,33512.0,49.847436760772624,-234.90513618462137,-497.68465276910064,34196.78840322028,31203.51159677973,32700.15,34502.68,0.49256659969017724,0.0036537885594489783,0.0472172744601731,-0.007051851851851865,39135.0,29868.0,-0.1436821259741919,0.12200348198741127,1.0248271032395875,0.9712868681505321,-0.018590355693482885,0
2025-05-12,33400.0,34360.0,33000.0,33825.0,450470969038,13317745,1880,33783.0,33202.0,47.01417702613998,-222.78393337972375,-442.70450889122526,34236.77946567898,31211.620534321024,32724.2,34424.04,0.9878721425966964,-0.010844306738962084,0.044942405740542535,-0.009250417760802154,39135.0,29868.0,-0.15160342404497254,0.11162448104995312,1.0146008152987698,0.9645003898438417,-0.0057526655020782025,0
2025-05-13,33600.0,33983.0,33250.0,33565.0,334836589657,9975829,1587,33825.0,33948.0,53.816977427164225,-151.23844476186787,-384.4112960653538,34396.1056782782,31207.194321721796,32801.65,34373.58,0.7630859648897487,0.004081632653061273,0.04336601407628238,0.022468525992410004,38199.0,29868.0,-0.11128563574962695,0.13660104459622338,1.0349479370702388,0.9876189794603878,-0.013933074113349875,0
2025-05-14,33845.0,33845.0,33060.0,33456.0,281723747079,8420667,1229,33565.0,33330.0,48.28620888213407,-142.7599172719638,-336.08102030667584,34447.22451352638,31239.17548647361,32843.2,34316.42,0.6477742526153246,-0.01053881549651181,0.024907749077490715,-0.018204312477907436,38199.0,29868.0,-0.12746406974004554,0.11591000401767779,1.0148219418327082,0.9712551600662307,-0.013411341134113464,0
2025-05-17,33468.0,33470.0,33000.0,33247.0,268665402206,8080831,1646,33456.0,33200.0,47.18762342079786,-144.8606730303436,-297.8369508514094,34431.900409602895,31239.799590397102,32835.85,34258.2,0.6557652762086779,-0.016296296296296253,6.024459304776464e-05,-0.003900390039003887,38199.0,29868.0,-0.13086730019110449,0.11155751975358243,1.0110900128974887,0.9691110449469033,-0.0060240963855421326,0
2025-05-18,33240.0,33400.0,32780.0,33059.0,190181844500,5752725,1304,33247.0,32889.0,44.57484659266845,-169.66484722245514,-272.2025301256186,34428.62248295307,31333.477517046937,32881.05,34193.0,0.498125829949948,-0.018590355693482885,-0.015004492362982957,-0.009367469879518087,38199.0,29868.0,-0.13900887457786854,0.10114503816793893,1.000241780600072,0.9618635393209136,0.014624950591383135,0
2025-05-19,32829.0,33130.0,32829.0,33037.0,161461300307,4887297,1006,33059.0,33011.0,45.84169143669506,-177.4326207664417,-253.2485482537832,34437.391245930456,31406.808754069545,32922.1,34141.22,0.43725352583009713,-0.0057526655020782025,-0.016534588571769038,0.0037094469275442687,38199.0,29868.0,-0.13581507369302862,0.1052296772465515,1.002700313770993,0.9668957348331431,0.014813244070158493,0
2025-05-20,33010.0,33900.0,32902.0,33432.0,377938086700,11304774,1750,33037.0,33475.0,50.47785554308814,-144.4822140471515,-231.4952814124569,34457.055639885126,31545.644360114868,33001.35,34110.7,0.9965063094941531,-0.013933074113349875,-0.009908311150547133,0.014055920753688111,38199.0,29868.0,-0.12366815885232597,0.12076469800455336,1.0143524431576285,0.9813636190403598,0.010903659447348835,0
2025-05-21,33748.0,33900.0,32852.0,33555.0,236027992586,7034125,1551,33432.0,32883.0,45.16548022988147,-164.24491859418777,-218.0452088488031,34393.66003537556,31725.339964624443,33059.5,34072.36,0.6227706425664554,-0.013411341134113464,-0.02380881698085202,-0.01768483943241228,38199.0,29868.0,-0.1391659467525328,0.10094415427882684,0.9946611412755789,0.9650931135970623,0.042788066782227796,0
2025-05-24,33498.0,33498.0,32910.0,33152.0,98345863098,2966478,1095,33555.0,33000.0,46.3668318641006,-168.52344872540561,-208.1408568241236,34264.38189373442,32003.71810626559,33134.05,34045.24,0.2698397841120177,-0.0060240963855421326,-0.022222222222222254,0.0035580695192043432,38199.0,29868.0,-0.13610303934657975,0.10486139011651266,0.99595431285943,0.9692984981160363,0.039393939393939315,0
2025-05-25,33190.0,33698.0,32900.0,33304.0,209350833086,6286042,823,33152.0,33370.0,50.09073055700649,-140.43940881425078,-194.60056722214904,34209.119391822525,32195.880608177475,33202.5,34038.04,0.6017669092894666,0.014624950591383135,-0.004237288135593209,0.011212121212121229,38199.0,29868.0,-0.12641692190895049,0.11724922994509174,1.00504480084331,0.9803737230463329,0.011087803416242048,0
2025-05-26,33490.0,33632.0,33221.0,33476.0,194998674637,5824990,705,33304.0,33500.0,51.368373534455294,-106.46542416802549,-176.97353861132433,34058.91079721886,32518.689202781152,33288.8,34024.02,0.5699881672699639,0.014813244070158493,0.008975362929944053,0.0038957147138147796,38199.0,29868.0,-0.12301369145789157,0.12160171420918708,1.00634447622023,0.9845985277459866,0.0013134328358208602,0
2025-05-27,33680.0,34000.0,33400.0,33806.0,141762250336,4193365,814,33476.0,33840.0,54.6390015521012,-51.511841619918414,-151.88119921304315,34077.701469769134,32630.19853023086,33353.95,34017.62,0.4934551542526516,0.010903659447348835,-0.0031813361611876534,0.010149253731343233,38199.0,29868.0,-0.1141129348935836,0.1329851345922057,1.014572486916842,0.9947785882727833,-0.010195035460992874,0
2025-05-28,33829.0,34500.0,33800.0,34146.0,143455672873,4201253,930,33806.0,34290.0,58.60688367911209,28.027424953324953,-115.89947437976953,34169.51986596399,32715.380134036008,33442.45,34015.2,0.5026602297807378,0.042788066782227796,0.02880288028802891,0.013297872340425565,38199.0,29868.0,-0.10233252179376423,0.14805142627561269,1.025343537928591,1.0080787412686094,-0.019655876348789736,0
2025-05-31,34722.0,34810.0,34260.0,34433.0,92459352427,2685199,808,34146.0,34300.0,58.693354236159266,90.82283409243973,-74.55501268532768,34304.775984463355,32690.324015536647,33497.55,33992.0,0.3451323008395688,0.039393939393939315,0.033132530120481896,0.00029163021289013713,38199.0,29868.0,-0.10207073483599047,0.14838623275746618,1.023955483311466,1.0090609555189456,-0.014198250728862938,0
2025-06-01,34446.0,34446.0,33700.0,34099.0,82806975979,2428429,839,34433.0,33740.0,52.1263115586012,94.31413374168915,-40.781183399924316,34327.35030776359,32702.74969223642,33515.05,33968.8,0.33228535072858206,0.011087803416242048,0.025874912584754828,-0.01632653061224487,38199.0,29868.0,-0.11673080447132124,0.12963706977367082,1.0067119100225121,0.9932644073384987,0.009751037344398306,0
2025-06-02,34000.0,34000.0,33439.0,33674.0,206173499198,6122716,1411,34093.0,33544.0,50.01695086204731,80.3393498914811,-16.55707674164323,34326.03090113782,32701.869098862175,33513.95,33942.24,0.9050767084394291,0.0013134328358208602,0.016146133107146188,-0.0058091286307053736,38199.0,29868.0,-0.121861828843687,0.12307486272934244,1.0008966415477736,0.9882671267423718,0.008526114953493868,0
2025-06-03,33988.0,33988.0,33410.0,33613.0,423334533785,12594218,1270,33674.0,33495.0,49.47789992660857,64.56606510979327,-0.3324483713559303,34298.840893280394,32697.5591067196,33498.2,33903.54,1.8540947224903717,-0.010195035460992874,0.0005974607916354735,-0.001460767946577679,38199.0,29868.0,-0.12314458493677845,0.12143431096826035,0.9999044724791184,0.9879499308921723,0.012091356918943141,0
2025-06-07,33800.0,34055.0,33607.0,33810.0,197093831452,5829448,1039,33613.0,33616.0,50.88555360061947,61.12470449610555,11.958982202136365,34292.73167271738,32696.768327282614,33494.75,33847.46,0.8612122349544736,-0.019655876348789736,0.02229115348356303,0.003612479474548458,38199.0,29868.0,-0.11997696274771591,0.12548546939868757,1.003619970293852,0.9931616729881652,-0.05104712041884818,0
2025-06-08,33830.0,33853.0,33360.0,33695.0,170592468238,5062801,700,33810.0,33813.0,53.1731274134398,73.44700367915357,24.256586497539807,34300.37190604583,32695.428093954168,33497.9,33786.5,0.7580396536651244,-0.014198250728862938,0.024636363636363567,0.005860304616849055,38199.0,29868.0,-0.11481975967957277,0.13208115709120127,1.0094065598141972,1.0007843369393101,-0.05140034897820367,0
2025-06-09,33711.0,34250.0,33585.0,33833.0,192942674530,5702775,814,33695.0,34069.0,56.03859716411418,102.68587621653569,39.942444441338985,34366.01778469295,32685.482215307045,33525.75,33721.38,0.8596821626784376,0.009751037344398306,0.0209469583458195,0.007571052553751567,38199.0,29868.0,-0.10811801356056441,0.1406522030266506,1.0162039626257429,1.0103085935391731,-0.030673045877483984,0
2025-06-10,33900.0,34100.0,33634.0,33842.0,85580044090,2528838,448,33833.0,33830.0,52.79071096026764,105.3580883046161,53.02557321399441,34393.60496590837,32720.695034091634,33557.15,33640.62,0.4149622424164853,0.008526114953493868,0.009850746268656785,-0.007015175085855141,38199.0,29868.0,-0.11437472185135737,0.1326503281103522,1.0081309050381215,1.0056295038557552,-0.016819391073012113,0
2025-06-11,34000.0,34100.0,33800.0,33923.0,45903600321,1353156,320,33842.0,33900.0,53.63824708839287,111.83508537300077,64.7874756457957,34386.970133133516,32722.52986686648,33554.75,33554.64,0.23894658002634944,0.012091356918943141,0.0017730496453900457,0.0020691693762933117,38199.0,29868.0,-0.11254221314694102,0.13499397348332665,1.0102891542926113,1.0102924662580197,-0.0161946902654867,0
2025-06-28,32600.0,33000.0,31900.0,32408.0,220946618984,6817561,1714,33923.0,31900.0,34.55199863723175,-43.90897772581957,43.048184971472644,34583.10378573374,32383.396214266257,33483.25,33441.2,1.2211611843020602,-0.05104712041884818,-0.06969962088072323,-0.05899705014749268,38199.0,29868.0,-0.16489960470169376,0.0680326771126289,0.9527151635519252,0.9539131370883821,0.07206896551724129,1
2025-06-29,32011.0,32196.0,31400.0,31741.0,206471353509,6504793,1426,32408.0,32075.0,36.67530111266906,-151.47017841320485,4.144512294537147,34683.0292990185,32170.9707009815,33427.0,33342.32,1.1818195700523495,-0.05140034897820367,-0.064868804664723,0.005485893416927956,38199.0,29868.0,-0.1603183329406529,0.07389179054506495,0.9595536542316092,0.9619906473214821,0.06503507404520659,1
2025-06-30,32518.0,33398.0,32306.0,32859.0,144899179864,4409709,1159,31741.0,33024.0,46.76201952841995,-158.31191481029236,-28.346773126428754,34679.55108765119,32187.948912348806,33433.75,33264.9,0.8110707090928048,-0.030673045877483984,-0.021221102548903414,0.0295869056897895,38199.0,29868.0,-0.13547475064792272,0.10566492567296103,0.987744419934946,0.9927581324459114,0.04060683139534893,0
2025-07-01,33561.0,34120.0,33143.0,33915.0,372082683663,10971173,1655,32859.0,33261.0,48.94901414459472,-142.96214230304759,-51.26984696175252,34679.78976425281,32212.71023574719,33446.25,33187.72,1.9109905769410092,-0.016819391073012113,-0.00843668018125443,0.007176598837209225,38199.0,29868.0,-0.1292703997486845,0.11359983929288871,0.9944612624733714,1.0022080456265148,0.031658699377649535,0
2025-07-02,33300.0,33915.0,33200.0,33601.0,295671053182,8799377,1148,33915.0,33351.0,49.79249194099087,-122.12728187939501,-65.44133394528103,34674.195773396685,32205.90422660332,33440.05,33155.72,1.56689021303256,-0.0161946902654867,-0.0042991491267353465,0.0027058717416794664,38199.0,29868.0,-0.12691431712872064,0.1166130976295701,0.9973370255128207,1.0058897831203786,0.046445383946508434,0
2025-07-07,33610.0,34212.0,33541.0,33948.0,269603935277,7941577,908,33601.0,34199.0,57.00129162776965,-36.76518574257352,-59.706104304739526,34754.424110733045,32257.275889266948,33505.85,33139.22,1.4028093256425422,0.07206896551724129,0.017342931937172734,0.025426523942310597,38199.0,29868.0,-0.10471478310950548,0.14500468729074595,1.0206874321946764,1.0319796301783808,0.024883768531243522,0
2025-07-08,34290.0,34400.0,33890.0,34097.0,89402806128,2621990,758,33948.0,34161.0,56.609050983878106,27.50158685171482,-42.26456607344866,34820.930453088855,32306.869546911148,33563.9,33125.98,0.46456479529792016,0.06503507404520659,0.010291899565255891,-0.0011111436006900899,38199.0,29868.0,-0.10570957354904578,0.14373242265970268,1.0177899469370364,1.0312449624131874,0.027194754251924635,0
2025-07-09,34210.0,34500.0,34150.0,34362.0,129274675049,3762096,616,34097.0,34365.0,58.269232310825835,93.81314273781754,-15.049024311195424,34914.05690170143,32313.24309829857,33613.65,33171.68,0.6818141782268252,0.04060683139534893,0.008688250315536106,0.005971722139281654,38199.0,29868.0,-0.10036911961046101,0.15056247488951385,1.0223525264289952,1.0359740598004081,0.0331732867743344,0
2025-07-12,34400.0,34470.0,34151.0,34306.0,72321907507,2108147,526,34362.0,34314.0,57.67511861459684,140.6291692270679,16.086614396457243,34988.496509942845,32320.203490057156,33654.35,33203.54,0.3953815194215612,0.031658699377649535,0.014306828258941806,-0.001484068092535984,38199.0,29868.0,-0.1017042330951072,0.14885496183206107,1.0196007351204228,1.0334440243419827,0.03450486681820841,0
2025-07-13,34780.0,34900.0,34510.0,34751.0,145462711112,4185901,533,34306.0,34900.0,62.41683662721723,222.45221939127805,57.35973539542141,35146.84522749907,32267.854772500923,33707.35,33253.56,0.7851178056710011,0.046445383946508434,0.029498525073746285,0.01707757766509288,38199.0,29868.0,-0.08636351736956464,0.1684746216686755,1.0353824907624005,1.0495116913798102,0.04326647564469921,0
2025-07-14,34915.0,35499.0,34915.0,35118.0,129630207624,3691251,694,34751.0,35050.0,63.54274303101382,295.9893416636187,105.08565664906087,35281.25888726922,32209.44111273078,33745.35,33304.58,0.6956673247666783,0.024883768531243522,0.0987460815047021,0.004297994269341077,38199.0,29868.0,-0.0824367130029582,0.17349671889647783,1.0386616230087997,1.052407806974296,0.05252496433666187,1
2025-07-15,35468.0,35468.0,35004.0,35151.0,155424974395,4421697,463,35118.0,35090.0,63.85371840634338,353.4216814306783,154.75286160538434,35413.61164922696,32156.088350773036,33784.85,33339.44,0.819913446475606,0.027194754251924635,0.09399844115354639,0.001141226818830221,38199.0,29868.0,-0.08138956517186313,0.17483594482389178,1.0386312207986717,1.0525071806844986,0.0541464804787688,1
2025-07-16,35200.0,35550.0,35150.0,35412.0,59905945507,1691691,509,35151.0,35505.0,66.9988834090741,427.4963444227542,209.30155816885832,35665.61029564475,32080.589704355243,33873.1,33409.84,0.3158470033606416,0.0331732867743344,0.07512718023255816,0.011826731262468027,38199.0,29868.0,-0.07052540642425194,0.18873041382081157,1.048176871913111,1.0627108660203104,0.047936910294324786,0
2025-07-19,35599.0,35837.0,35350.0,35460.0,134135466325,3782736,412,35412.0,35498.0,66.89315392659825,480.1018912749787,263.4616247900824,35889.47418807685,32052.125811923157,33970.8,33476.0,0.7220275329667558,0.03450486681820841,0.06725594540152136,-0.00019715533023523246,38199.0,29868.0,-0.07070865729469358,0.18849604928351413,1.0449562565497426,1.0604014816585017,0.056679249535185106,1
2025-07-20,35500.0,36700.0,35490.0,35814.0,156967286039,4382886,580,35460.0,36410.0,72.89471241284218,588.5979534381186,328.4888905196897,36293.933886684244,31939.166113315758,34116.55,33566.4,0.9077154433367609,0.04326647564469921,0.09172138766453775,0.02569158825849338,38199.0,29868.0,-0.04683368674572633,0.2190304004285523,1.0672239719432357,1.0847156680490013,0.026943147486954144,0
2025-07-21,36500.0,37186.0,36500.0,36936.0,81729373091,2212708,857,35814.0,36891.0,75.42502533443023,705.264692130746,403.844050841901,36754.79971509233,31805.800284907677,34280.3,33669.82,0.47609249001830095,0.05252496433666187,0.07871575192257074,0.013210656413073396,38199.0,29868.0,-0.03424173407680829,0.2351345922057051,1.076157443196238,1.0956696531196186,0.014475075221598743,0
2025-07-22,37159.0,37165.0,36910.0,36989.0,110744317427,2993967,701,36936.0,36990.0,75.92321364656146,796.5304880622207,482.38133828596494,37168.07588942826,31710.224110571737,34439.15,33779.44,0.6588543736325774,0.0541464804787688,0.08281373496092037,0.00268358136130753,38199.0,29868.0,-0.03165004319484803,0.23844917637605464,1.0740683205015222,1.095044796479752,-0.010543390105433925,0
2025-07-23,37200.0,37577.0,37103.0,37431.0,239639507937,6402093,674,36989.0,37207.0,77.02274549391484,876.2682998254822,561.1587305938684,37571.51006358541,31620.589936414595,34596.05,33883.56,1.3980910743521964,0.047936910294324786,0.08270042194092819,0.005866450391997846,38199.0,29868.0,-0.02596926621115736,0.24571447703227534,1.0754695984079106,1.0980841446412362,-0.03512779853253423,0
2025-07-26,37448.0,37538.0,36700.0,37345.0,80921203947,2166846,648,37431.0,37510.0,78.49923633543946,952.9259210095188,639.5121686769985,37989.22325646209,31570.876743537912,34780.05,33998.28,0.47507428496320847,0.056679249535185106,0.09313982630996098,0.008143628887037346,38199.0,29868.0,-0.01803712139061232,0.25585911343243606,1.0784918365557266,1.1032911076677998,-0.04433484404158894,0
2025-07-27,37550.0,37571.0,37320.0,37427.0,45799592790,1223704,456,37345.0,37391.0,76.42221359244844,992.6328786778104,710.136310677161,38328.831254669916,31580.36874533008,34954.6,34095.36,0.2686745933938826,0.026943147486954144,0.07137535816618912,-0.0031724873367101614,38199.0,29868.0,-0.02115238618812011,0.25187491629837955,1.069701841817672,1.0966594868040695,-0.04495734267604501,0
2025-07-28,37391.0,37700.0,37308.0,37485.0,61664761187,1645034,433,37427.0,37425.0,76.61261672629243,1015.1425135612008,771.137551253969,38461.11923181196,32000.58076818804,35230.85,34193.46,0.3829250342786475,0.014475075221598743,0.06776034236804573,0.0009093097269396999,38199.0,29868.0,-0.020262310531689313,0.2530132583366814,1.0622792240323466,1.0945075461798834,-0.04334001336005344,0
2025-07-29,37490.0,37679.0,36044.0,36850.0,73173071762,1985716,799,37485.0,36600.0,63.262701406732425,955.3977259221356,807.9895861876024,38391.87759974939,32522.322400250607,35457.1,34261.5,0.48788911696749415,-0.010543390105433925,0.04303220290681109,-0.022044088176352727,38199.0,29868.0,-0.041859734548024816,0.22539172358376858,1.0322333185737131,1.068254454708638,-0.0052459016393442415,0
2025-07-30,36848.0,36850.0,35604.0,36025.0,87728808661,2435242,775,36850.0,35900.0,54.573345811445925,841.8609524052445,814.7638594311309,38318.51711063032,32883.282889369686,35600.9,34311.7,0.6132115808368239,-0.03512779853253423,0.011125193634699437,-0.01912568306010931,38199.0,29868.0,-0.06018482159218828,0.20195526985402437,1.0084014729964692,1.0462903324521957,0.011420612813370479,0
2025-08-02,36200.0,36450.0,35500.0,35772.0,74483065951,2082164,909,36025.0,35847.0,53.96891576735654,739.0858625853871,799.6282600619821,38227.32943997513,33233.07056002486,35730.2,34357.32,0.5903764619509444,-0.04433484404158894,0.009831539805059464,-0.0014763231197771898,38199.0,29868.0,-0.061572292468389224,0.20018079550020088,1.0032689433588393,1.0433584458857676,0.02376767930370738,0
2025-08-03,35772.0,36187.0,35601.0,35791.0,92367646397,2580784,788,35772.0,35710.0,52.354739899845086,639.2126627255566,767.545140594697,38094.91872641365,33601.381273586354,35848.15,34395.32,0.8025046709152288,-0.04495734267604501,-0.019225487503433114,-0.003821798197896631,38199.0,29868.0,-0.06515877378988978,0.19559394669880809,0.9961462446458185,1.0382226419175633,0.03598431811817426,0
2025-08-04,35962.0,36100.0,35552.0,35738.0,61101387648,1709685,595,35791.0,35803.0,53.374223627212125,561.0987578470522,726.2558640451682,38044.6463190419,33812.053680958095,35928.35,34437.68,0.5886702652868219,-0.04334001336005344,-0.029492288091946595,0.0026043125175021498,38199.0,29868.0,-0.06272415508259378,0.19870764698004553,0.9965111116987003,1.0396461085648045,0.031198502918749815,0
2025-08-05,35850.0,36640.0,35850.0,36272.0,64087957007,1766876,510,35738.0,36408.0,59.45251636804194,541.7662254453971,689.357936325214,38002.72131486643,34078.678685133564,36040.7,34490.84,0.6174517602489158,-0.0052459016393442415,-0.015733982157339788,0.01689802530514206,38199.0,29868.0,-0.046886044137281084,0.2189634391321816,1.0101912559966928,1.0555846131900528,0.02661502966381013,0
2025-08-06,36499.0,36640.0,36100.0,36314.0,30059821378,827764,331,36272.0,36310.0,58.13056504130457,512.6280165786375,654.0119523758988,37944.77256737902,34331.127432620975,36137.95,34546.8,0.3049029030980263,0.011420612813370479,-0.0241083667051899,-0.002691716106350217,38199.0,29868.0,-0.049451556323463965,0.2156823356100174,1.0047609230739432,1.051038012203735,0.04051225557697613,0
2025-08-09,36360.0,36821.0,36211.0,36478.0,176780032143,4846181,469,36314.0,36699.0,61.76482901951995,514.9883598701635,626.2072338747518,37871.301062508166,34643.09893749183,36257.2,34616.74,1.6993731174473692,0.02376767930370738,-0.021620901093041822,0.010713302120627821,38199.0,29868.0,-0.03926804366606455,0.22870630775411813,1.0121851659808259,1.0601518224997502,0.029455843483473743,0
2025-08-10,36850.0,37400.0,36700.0,36905.0,214266855579,5805923,526,36478.0,36995.0,64.30385682793548,534.5813540744057,607.8820579146826,37879.15248813067,34844.747511869326,36361.95,34677.68,1.9796873743712124,0.03598431811817426,-0.010590783878473453,0.008065614866890058,38199.0,29868.0,-0.03151914971596115,0.23861657961698138,1.0174096823740202,1.066824539588577,0.027436140018921584,0
2025-08-11,37049.0,37160.0,36850.0,36946.0,183978343244,4979707,417,36905.0,36920.0,63.15940714972995,537.8569893731692,593.87704420638,37864.341688523215,35046.55831147678,36455.45,34749.48,1.6614695421701442,0.031198502918749815,-0.013493653974615882,-0.002027300986619851,38199.0,29868.0,-0.03348255189926438,0.2361055310030802,1.0127429506424965,1.0624619418765402,0.0582340195016251,1
2025-08-12,36950.0,37400.0,36753.0,37236.0,221966842172,5961058,526,36946.0,37377.0,67.0120172455427,570.749786380773,589.2515926412586,37884.95483498701,35254.645165013,36569.8,34833.02,1.9390988677883956,0.02661502966381013,0.021229508196721314,0.012378114842903631,38199.0,29868.0,-0.021518887929003378,0.25140618722378466,1.0220728579319547,1.0730335756130247,0.046900500307675896,0
2025-08-13,37380.0,37800.0,37200.0,37467.0,135778878347,3623928,602,37236.0,37781.0,69.99888310947684,622.2441454450745,595.8501032020218,38004.38452443598,35362.81547556401,36683.6,34930.86,1.1429245086202158,0.04051225557697613,0.05239554317548745,0.010808786151911498,38199.0,29868.0,-0.010942694834943324,0.2649323690906656,1.029915275490955,1.0815937540615947,0.04073476085863259,0
2025-08-16,37849.0,37849.0,37602.0,37707.0,62179203644,1649004,415,37467.0,37780.0,69.98199233430327,655.4178553051897,607.7636536226555,38082.87922485133,35512.52077514867,36797.7,35026.24,0.5381755306311373,0.029455843483473743,0.05392361982871652,-2.6468330642348548e-05,38199.0,29868.0,-0.010968873530720699,0.2648988884424803,1.0266946031953086,1.0786199146696878,0.04579142403388037,0
2025-08-17,37780.0,38050.0,37750.0,37962.0,164296394080,4327904,583,37707.0,38010.0,71.6749337309211,692.2870826280123,624.6683394237268,38252.457302213516,35502.94269778648,36877.7,35116.94,1.4137404508337987,0.027436140018921584,0.06440772892747137,0.0060878771836949674,38199.0,29868.0,-0.004947773501924134,0.2725994375251105,1.0307041925065827,1.08238360176029,0.05367008681925811,1
2025-08-18,38050.0,39148.0,38050.0,38736.0,75463226595,1948140,766,37962.0,39070.0,77.86953450174502,797.8423224663784,659.3031360322572,38661.06861850293,35312.23138149707,36986.65,35240.68,0.6391355099560839,0.0582340195016251,0.09124933664776691,0.027887398053143997,39070.0,29868.0,0.0,0.30808892460158027,1.0563270801762257,1.1086619213931173,0.024315331456360445,0
2025-08-19,39150.0,39690.0,38817.0,39251.0,78215878371,1992718,849,38736.0,39130.0,78.16068098480797,876.2364012859834,702.6897890830024,39011.11429171162,35176.18570828838,37093.65,35363.28,0.6646772337728969,0.046900500307675896,0.07476378817842222,0.0015357051446123204,39130.0,29868.0,0.0,0.31009776349270124,1.0548975363707804,1.1065150065265439,0.03345259391771016,0
2025-08-20,39250.0,39397.0,39131.0,39257.0,68542369897,1745975,602,39251.0,39320.0,79.09843067245242,942.8273587510848,750.7173030166189,39348.89969296357,35049.70030703644,37199.3,35482.28,0.6314059943889047,0.04073476085863259,0.0828972734783806,0.004855609506772218,39320.0,29868.0,0.0,0.3164590866479175,1.057009137268712,1.1081587767189707,0.04984740590030512,0
2025-08-23,39697.0,39697.0,39139.0,39472.0,48587111949,1230913,516,39257.0,39510.0,80.02223383524012,999.4119851553623,800.4562394443676,39671.92277658901,34926.677223410996,37299.3,35602.48,0.4528044037329023,0.04579142403388037,0.0765960925365814,0.004832146490335809,39510.0,29868.0,0.0,0.3228204098031338,1.059269208805527,1.1097541519579535,0.043710453049860876,0
2025-08-25,39561.0,40089.0,39561.0,39994.0,87035265809,2176197,605,39472.0,40050.0,82.40274546733966,1075.4322823649127,855.4514480284768,40091.23934747562,34773.26065252438,37432.25,35726.68,0.7867538267128744,0.05367008681925811,0.08257872685498047,0.013667425968109326,40050.0,29868.0,0.0,0.3408999598232222,1.0699330123089048,1.1210109643549302,0.01872659176029967,0
2025-08-26,40088.0,40273.0,39807.0,40022.0,69338989242,1732516,643,39994.0,40020.0,81.81944531262339,1120.3435433425911,908.4298670912997,40450.28038804903,34673.71961195097,37562.0,35841.28,0.625362275878953,0.024315331456360445,0.08396533044420362,-0.0007490636704119424,40050.0,29868.0,-0.000749063670411985,0.33989554037766173,1.0654384750545765,1.1165895860862112,0.021989005497251357,0
2025-08-27,40057.0,40600.0,40022.0,40409.0,78529335882,1943356,531,40022.0,40439.0,83.56887015461909,1176.1874823610851,961.9813901452568,40862.82783452301,34645.07216547699,37753.95,35964.06,0.7020029518097151,0.03345259391771016,0.08192203761671624,0.010469765117441243,40439.0,29868.0,0.0,0.3539239319673229,1.0711197106527928,1.1244281096183246,0.026805806276119615,0
2025-08-30,41169.0,42250.0,41169.0,41713.0,269277493091,6455557,1727,40409.0,41280.0,86.39802537988412,1273.6243293714651,1024.3099779904985,41365.831539927516,34680.06846007248,38022.95,36114.86,2.1740878164763453,0.04984740590030512,0.0926126889177099,0.020796755607210837,41280.0,29868.0,0.0,0.3820811570912013,1.0856601079085133,1.1430197984984574,0.005668604651162701,0
2025-08-31,41750.0,41899.0,40601.0,41167.0,146194771825,3551232,1350,41713.0,41237.0,85.58659319214712,1332.0193026203779,1085.8518429164744,41757.04345233866,34827.85654766134,38292.45,36268.72,1.1671046282189699,0.043710453049860876,0.09150344097406027,-0.0010416666666667185,41280.0,29868.0,-0.0010416666666666667,0.3806414892192313,1.0768963594651166,1.1369852589228404,-0.008317772873875362,0
2025-09-02,41690.0,41690.0,40800.0,41148.0,133111719567,3234981,1087,41167.0,40800.0,77.609228521425,1327.7302440248532,1134.2275231381502,41962.806933477696,35131.0930665223,38546.95,36414.82,1.0518618918359348,0.01872659176029967,0.07340173638516179,-0.010597279142517624,41280.0,29868.0,-0.011627906976744186,0.3660104459622338,1.0584495011927015,1.1204229486785875,-0.027450980392156876,0
2025-09-03,40810.0,41122.0,40710.0,40905.0,96384330156,2356303,696,41148.0,40900.0,78.11199139884704,1317.2162494668228,1170.8252684038848,42119.90202374602,35483.697976253985,38801.8,36560.5,0.7581871958038384,0.021989005497251357,0.04683900691067322,0.002450980392156854,41280.0,29868.0,-0.009205426356589148,0.3693585107807687,1.0540748109623779,1.1186936721324927,-0.03911980440097795,0
2025-09-06,40981.0,41591.0,40970.0,41346.0,53562754138,1295482,555,40905.0,41523.0,80.97768781437281,1343.6657836510713,1205.393371453322,42386.67886352979,35728.42113647021,39057.55,36714.7,0.42003254640901305,0.026805806276119615,0.06115512394582168,0.015232273838630794,41523.0,29868.0,0.0,0.3902169546002411,1.0631235190123292,1.130963891847135,-0.0560171471232811,0
2025-09-07,41689.0,41999.0,41481.0,41579.0,75957088231,1826806,718,41346.0,41514.0,80.81308216108941,1348.3579738677872,1233.9862919362151,42559.555970441,36075.944029559,39317.75,36863.6,0.5828630808612505,0.005668604651162701,0.05579857578840275,-0.00021674734484500302,41523.0,29868.0,-0.00021674734484502565,0.38991562876657293,1.0558589949831818,1.1261515424429518,-0.03950474538709836,0
2025-09-08,41506.0,41550.0,40656.0,41066.0,124782945895,3038627,1533,41579.0,40894.0,70.22314222813935,1287.2095989792579,1244.6309533448236,42602.99478945854,36452.00521054146,39527.5,37004.88,0.998295117246479,-0.008317772873875362,0.03502910655530256,-0.01493472081707381,41523.0,29868.0,-0.015148231100835682,0.3691576268916566,1.0345708683827715,1.1050974898445827,-0.039663520320829426,0
2025-09-09,39640.0,40596.0,39617.0,39879.0,269968245010,6769764,2609,41066.0,39680.0,55.0197055836928,1127.788967952867,1221.2625562664325,42509.295601037236,36814.204398962764,39661.75,37120.48,2.1894390713815657,-0.027450980392156876,-0.009238451935081105,-0.029686506577982108,41523.0,29868.0,-0.04438503961659803,0.3285121199946431,1.0004601410679055,1.068951694590156,-0.025428427419354804,0
2025-09-13,39556.0,39998.0,39300.0,39479.0,122945346137,3114185,1069,39879.0,39300.0,51.27741725013433,959.7210779127781,1168.9542605957017,42344.84944229673,37216.65055770327,39780.75,37268.48,1.0385005023622815,-0.03911980440097795,-0.01799100449775115,-0.009576612903225756,41523.0,29868.0,-0.05353659417672133,0.3157894736842105,0.9879150091438699,1.054510406649265,0.012188295165394436,0
2025-09-14,39275.0,39435.0,38500.0,39122.0,610688015181,15609961,1383,39479.0,39197.0,50.27915360940738,808.8904395290883,1096.9414963823792,42207.13689513885,37536.36310486115,39871.75,37410.92,4.484103790802161,-0.0560171471232811,-0.030712925641089073,-0.00262086513994908,41523.0,29868.0,-0.056017147123281076,0.31234096692111957,0.9830769906011149,1.0477422100285159,-0.00803632931091669,0
2025-09-15,39370.0,40495.0,38666.0,39690.0,230236420779,5800863,1362,39122.0,39874.0,56.30096421992355,735.5058602879799,1024.6543691634995,42106.183876356044,37846.61612364396,39976.4,37547.92,1.6158283835524005,-0.03950474538709836,-0.034060077519379894,0.017271729979335237,41523.0,29868.0,-0.03971293018327192,0.33500736574260076,0.9974384887083378,1.0619496366243457,-0.04275969303305416,0
2025-09-16,40339.0,40339.0,39270.0,39650.0,202942642599,5118296,1341,39690.0,39272.0,50.44982116126139,621.6061943835448,944.0447342075087,41961.00523559128,38140.99476440872,40051.0,37668.14,1.3599870418107796,-0.039663520320829426,-0.04765138104129785,-0.015097557305512321,41523.0,29868.0,-0.054210919249572526,0.31485201553502074,0.980549799006267,1.0425786885150157,-0.037787736809940964,0
2025-09-17,39400.0,39600.0,38666.0,39030.0,373806316189,9577400,1905,39650.0,38671.0,45.379376234133446,477.34171318339213,850.7041300026855,41870.525465822604,38297.5745341774,40084.05,37774.54,2.378908741251411,-0.025428427419354804,-0.052181372549019556,-0.015303524139335889,41523.0,29868.0,-0.06868482527755701,0.2947301459756261,0.9647478236355856,1.0237318574891978,-0.010679837604406384,0
2025-09-20,39630.0,40592.0,39106.0,39897.0,985402347348,24698940,4193,39030.0,39779.0,54.46547095228242,447.2616585316064,770.0156357084697,41851.38319467164,38387.61680532836,40119.5,37886.14,4.783368409000432,0.012188295165394436,-0.027408312958435155,0.028651961418116878,41523.0,29868.0,-0.04200081882330275,0.33182670416499266,0.9915128553446578,1.0499618066131837,-0.015183890997762628,0
2025-09-21,39988.0,39988.0,38850.0,39196.0,408803286533,10429826,2793,39897.0,38882.0,47.566848896609535,347.04210963312653,685.4209304934012,41870.410398082546,38343.78960191745,40107.1,37980.56,1.8673510512036917,-0.00803632931091669,-0.06360330419285698,-0.022549586465220317,41523.0,29868.0,-0.06360330419285697,0.3017945627427347,0.9694542861488366,1.0237342472043593,-0.01483977161668637,0
2025-09-22,38562.0,39099.0,38000.0,38625.0,477078169760,12351493,2013,39196.0,38169.0,42.91397189699776,207.69013132652617,589.8747706600262,41979.15011141846,38119.94988858155,40049.55,38056.64,2.0196583350650967,-0.04275969303305416,-0.08057522763405112,-0.01833753407746519,41523.0,29868.0,-0.08077451051224623,0.27792286058658094,0.9530444162293957,1.0029524414136404,0.00267232570934528,0
2025-09-23,38011.0,38498.0,37700.0,38031.0,204934777745,5388594,1941,38625.0,37788.0,40.62704364514042,65.75122944726172,485.0500624174733,42121.78328982949,37805.11671017051,39963.45,38126.12,0.8521511586519401,-0.037787736809940964,-0.07595246246393117,-0.009981922502554474,41523.0,29868.0,-0.08995014811068565,0.26516673362796306,0.9455640091133274,0.9911315392177331,0.00526622208108396,0
2025-09-24,38800.0,39200.0,38246.0,38759.0,582687889775,15033790,3102,38031.0,38258.0,44.552527090703215,-8.71088717548264,386.29787249888216,42155.62643733699,37592.073562663005,39873.85,38193.28,2.1580433252843156,-0.010679837604406384,-0.035836693548387144,0.01243781094527363,41523.0,29868.0,-0.07863112010211208,0.280902638275077,0.9594759472686987,1.001694538934598,-0.00420827016571701,0
2025-09-27,39490.0,40330.0,39000.0,39535.0,627228197955,15865303,3371,38759.0,39175.0,51.31568736752215,6.200114184757695,310.2783208360573,42132.20204294144,37530.99795705856,39831.6,38275.78,2.0676690384412866,-0.015183890997762628,-0.0031806615776081015,0.02396884311777936,41523.0,29868.0,-0.05654697396623558,0.3116043926610419,0.983515600678858,1.0234931855079112,-0.03203573707721763,0
2025-09-28,39399.0,39798.0,38201.0,39078.0,341542045265,8739904,2935,39535.0,38305.0,45.629184883019434,-51.58984331573447,237.90468800569894,42099.672570160445,37350.12742983956,39724.9,38340.08,1.0907339158020422,-0.01483977161668637,-0.022756843635992507,-0.022208040842373933,41523.0,29868.0,-0.07749921730125472,0.2824762287397884,0.9642566752842675,0.9990850305998318,-0.020049601879650214,0
2025-09-29,38300.0,38500.0,37938.0,38146.0,246062767952,6450599,2564,39078.0,38271.0,45.41736760184607,-98.99120781537204,170.52550884148476,41917.119799606124,37231.78020039387,39574.45,38395.4,0.8050551571010045,0.00267232570934528,-0.040201635150724835,-0.0008876125832136816,41523.0,29868.0,-0.0783180406040026,0.2813378867014865,0.9670633451633567,0.996760028545086,-0.012280839277782118,0
2025-09-30,38390.0,38989.0,37799.0,38233.0,221983319835,5806117,1919,38146.0,37987.0,43.596837871829734,-157.6561947274531,104.88916812769719,41721.42218861513,37102.477811384866,39411.95,38445.18,0.7145672050513148,0.00526622208108396,-0.03272051334283965,-0.007420762457213015,41523.0,29868.0,-0.08515762348577896,0.27182938261684747,0.9638447222225747,0.9880822511430561,-0.010187695790665252,0
2025-10-01,38110.0,38354.0,37501.0,37907.0,233763045708,6166680,2161,38233.0,38097.0,44.524387070325965,-193.04721074429108,45.301892353299536,41561.76867374302,36991.831326256986,39276.8,38478.92,0.7454932026187572,-0.00420827016571701,-0.014843164128158004,0.0028957274857188686,41523.0,29868.0,-0.08250848927100643,0.2755122539172358,0.9699619113573407,0.9900745655023582,-0.00805837730004988,0
2025-10-04,38086.0,38400.0,37600.0,38111.0,211095252238,5538950,1663,37907.0,37920.0,43.2907321440233,-232.6949046521404,-10.297467047788452,41357.935296341246,36897.66470365876,39127.8,38499.5,0.656968105743049,-0.03203573707721763,-0.04673320093516675,-0.004646035120875691,41523.0,29868.0,-0.0867711870529586,0.2695861791884291,0.9691319215493842,0.9849478564656684,-0.011128691983122385,0
2025-10-05,38100.0,38100.0,37525.0,37622.0,163891318410,4356217,1404,38111.0,37537.0,40.665134626332915,-291.65882546709327,-66.56973873164941,40971.37880207987,36885.62119792013,38928.5,38510.44,0.5074741682042206,-0.020049601879650214,-0.03459184198343701,-0.010100210970464096,41523.0,29868.0,-0.09599499072803025,0.25676309093344046,0.9642549802843675,0.9747226985721273,-0.0048219090497375605,0
2025-10-06,37735.0,38004.0,37388.0,37729.0,271979084020,7208771,1755,37622.0,37801.0,43.221410145184926,-313.47205316578766,-115.95020161847705,40461.21530167117,37024.48469832883,38742.85,38522.32,0.8142546876196599,-0.012280839277782118,-0.009641331970971168,0.007033060713429462,41523.0,29868.0,-0.08963706861257616,0.2656019820543726,0.9756897079073945,0.9812752710636328,0.031718737599534474,0
2025-10-07,37999.0,37999.0,37540.0,37687.0,153272536702,4067018,1056,37729.0,37600.0,41.746732809020216,-343.02404577114066,-161.36497044900977,40054.63464603857,37101.665353961434,38578.15,38524.12,0.45673052991607943,-0.010187695790665252,-0.00497512437810943,-0.005317319647628382,41523.0,29868.0,-0.09447775931411508,0.2588723717691174,0.9746449739036216,0.9760119114985624,0.0023670212765958265,0
2025-10-08,37800.0,38300.0,37610.0,37937.0,265977850002,7011046,1749,37687.0,37790.0,43.70211815337892,-347.11151523947774,-198.51427940710337,39906.92344877495,37060.376551225054,38483.65,38532.1,0.7862828005612593,-0.00805837730004988,-0.01223273563699101,0.005053191489361675,41523.0,29868.0,-0.08990198203405342,0.26523369492433374,0.9819754623067198,0.9807407330511444,-0.020905001323101358,0
2025-10-11,37600.0,37850.0,37495.0,37584.0,205023617737,5455065,1768,37937.0,37498.0,41.402014164780226,-369.651709093705,-232.7417653444237,39826.81584763184,36960.28415236816,38393.55,38533.56,0.6038544394282075,-0.011128691983122385,-0.04280791320995536,-0.007726911881450138,41523.0,29868.0,-0.0969342292223587,0.25545734565421185,0.9766744674561221,0.9731257636200756,-0.020694437036641977,0
2025-10-12,37500.0,37500.0,36852.0,37111.0,213181278692,5744463,2490,37584.0,37356.0,40.291439045813355,-394.426485371594,-265.0787093498578,39752.89718891416,36850.10281108584,38301.5,38548.68,0.6726169854826728,-0.0048219090497375605,-0.024774833572640653,-0.003786868632993712,41523.0,29868.0,-0.10035402066324688,0.2507030936118923,0.9753142827304414,0.9690604191894509,-0.0017667844522968323,0
2025-10-13,37636.0,40000.0,37636.0,38698.0,1470112109738,37988917,6552,37111.0,39000.0,55.255882481164114,-278.19673475887976,-267.70231443166216,39562.38584998764,36953.21415001237,38257.8,38610.68,3.7427985834832587,0.031718737599534474,0.019048365603198336,0.044008994539029844,41523.0,29868.0,-0.06076150567155553,0.3057452792286059,1.0193999654972319,1.0100832204975412,-0.048307692307692274,0
2025-10-14,39000.0,39950.0,37531.0,38537.0,1054917401894,27373817,4929,38698.0,37689.0,45.46936055933853,-288.5444032559317,-271.8707321965161,39417.95291292648,36939.347087073525,38178.65,38647.52,2.4304961920358763,0.0023670212765958265,-0.00784478900676544,-0.0336153846153846,41523.0,29868.0,-0.09233436890398093,0.2618521494576135,0.987174769144535,0.9751984085912887,-0.014805380880362984,0
2025-10-15,37850.0,39400.0,36992.0,37619.0,2401394956583,63835404,8851,38536.0,37000.0,41.32667879808061,-348.32625859401014,-287.1618374760149,39413.1708478637,36777.029152136296,38095.1,38673.32,4.5676501920064565,-0.020905001323101358,-0.028794918235031663,-0.01828119610496426,41523.0,29868.0,-0.10892758230378345,0.23878398285790814,0.971253520794013,0.9567319278510353,0.002594594594594657,0
2025-10-18,37351.0,37650.0,36600.0,36956.0,1745755280963,47238703,8710,37619.0,36722.0,39.75290659167374,-413.3710027068082,-312.40367052217357,39148.00086563863,36736.49913436137,37942.25,38691.7,3.1278660567279575,-0.020694437036641977,-0.03159282700421939,-0.007513513513513481,41523.0,29868.0,-0.11562266695566313,0.22947636266238114,0.9678392820668252,0.9490924410144812,0.03629976580796246,0
2025-10-19,36996.0,38048.0,36676.0,37348.0,2300477556195,61596396,8232,36956.0,37290.0,44.410804628561415,-414.3106625934015,-332.7850689364192,39018.91576096864,36706.384239031366,37862.65,38709.34,3.48773433478462,-0.0017667844522968323,-0.0065801742280949815,0.015467567125973636,41523.0,29868.0,-0.1019435011921104,0.2484933708316593,0.9848755963990898,0.9633333970561111,0.041297935103244754,0
2025-10-20,37480.0,37600.0,36826.0,37246.0,909037713241,24406607,4751,37348.0,37116.0,43.306242924939674,-424.2057162071942,-351.0691983905742,39001.04559106209,36618.95440893791,37810.0,38725.46,1.336351150860823,-0.048307692307692274,-0.018121213724504592,-0.004666130329847196,41523.0,29868.0,-0.10613394985911423,0.2426677380474086,0.9816450674424755,0.9584392283526135,0.040791033516542674,0
2025-10-21,37296.0,37420.0,36900.0,37155.0,1665238473938,44818102,5438,37246.0,37131.0,43.436848475152765,-425.9274167170588,-366.0408420558711,39004.49856906605,36549.801430933956,37777.15,38734.1,2.2148700281885776,-0.014805380880362984,-0.012473404255319176,0.00040413837698016764,41523.0,29868.0,-0.10577270428437252,0.24316994777018883,0.9828957451792949,0.9586126952736737,0.033341412835635964,0
2025-10-22,37060.0,37506.0,37000.0,37135.0,1137098468160,30620447,4363,37155.0,37096.0,43.186848837131855,-425.21447647018067,-377.87556893873307,38959.78840513967,36478.31159486034,37719.05,38736.12,1.4571155340081778,0.002594594594594657,-0.018364646731939716,-0.0009426086019768132,41523.0,29868.0,-0.10661561062543651,0.2419981250837016,0.983481821519895,0.9576591563636213,0.04135216734957936,0
2025-10-25,37244.0,38370.0,37106.0,37700.0,1314185056569,34858843,5946,37135.0,38055.0,51.43472563019231,-343.30873153066204,-370.9622014571189,38723.94687999758,36602.153120002426,37663.05,38758.82,1.587082455581057,0.03629976580796246,0.01485412555336274,0.025851843864567625,41523.0,29868.0,-0.08351997688028322,0.27410606669345117,1.0104067514447184,0.9818410364402219,0.04078307712521356,0
2025-10-26,38570.0,39295.0,38020.0,38480.0,4407266292396,114532578,12336,37700.0,38830.0,56.88245016491511,-213.4018518027733,-339.4501315262498,38835.02267149977,36543.577328500236,37689.3,38787.88,4.202454070794035,0.041297935103244754,0.0394581861012957,0.02036526080672707,41523.0,29868.0,-0.06485562218529489,0.30005356903709657,1.0302658844818025,1.0010859062160655,0.03600309039402516,0
2025-10-27,39240.0,39610.0,38428.0,38909.0,7296776468698,187535250,19958,38480.0,38630.0,55.162767491444946,-125.14544344841124,-296.58919391068207,38899.181185089365,36515.318814910635,37707.25,38804.86,5.165126343453156,0.040791033516542674,-0.009487179487179476,-0.005150656708730383,41523.0,29868.0,-0.06967222984851769,0.2933574394000268,1.0244714212784014,0.9954938633975229,0.05884027957545945,1
2025-10-28,38699.0,38990.0,38144.0,38542.0,1864446101362,48374452,9744,38909.0,38369.0,52.914540066619836,-75.393038687027,-252.34996286595108,38947.48525458424,36505.21474541576,37726.35,38816.64,1.2585587943266145,0.033341412835635964,0.018042399639152107,-0.006756406937613257,41523.0,29868.0,-0.07595790284902343,0.2846189902236507,1.0170345130127882,0.9884678323523107,0.03927649925721277,0
2025-10-29,38450.0,38779.0,37900.0,38293.0,1076186407188,28104186,7117,38542.0,38630.0,54.89429028169397,-14.733541638226598,-204.8266786204062,39027.429597894086,36478.570402105914,37753.0,38829.04,0.7108997553594212,0.04135216734957936,0.04405405405405416,0.006802366493783962,41523.0,29868.0,-0.06967222984851769,0.2933574394000268,1.0232299419913649,0.9948739397111028,0.01858659073259128,0
2025-11-01,38740.0,39850.0,38525.0,39201.0,1355478109555,34577870,6961,38293.0,39607.0,61.43153414145538,110.89693088306376,-141.68195671971222,39346.52080212559,36328.17919787441,37837.35,38839.78,0.8436670697747057,0.04078307712521356,0.07856325908174933,0.025291224436966075,41523.0,29868.0,-0.04614310141367435,0.32606803267711265,1.0467699244265256,1.019753458953681,0.007170449667988077,0
2025-11-02,40000.0,40236.0,39550.0,39871.0,1859547814120,46639630,7734,39201.0,40228.0,64.91248211265822,257.60004262044095,-61.82555685168159,39796.7783959454,36147.0216040546,37971.9,38861.74,1.08214159678742,0.03600309039402516,0.07878787878787885,0.01567904663317088,41523.0,29868.0,-0.03118753461936758,0.3468595152002143,1.0594149884519868,1.0351569435645445,-0.013622352590235698,0
2025-11-03,40223.0,41290.0,40101.0,40768.0,2442851386644,59920649,8888,39871.0,40903.0,68.26520543208845,423.44891885206016,35.22933828906676,40351.04703187412,35902.95296812588,38127.0,38893.4,1.310171323674896,0.05884027957545945,0.10203146890828751,0.01677935766133043,41523.0,29868.0,-0.014931483755990656,0.36945895272532475,1.0728092952500852,1.0516694349169782,-0.03615871696452588,0
2025-11-04,41170.0,41600.0,39643.0,40585.0,2952877910791,72757380,15251,40768.0,39876.0,59.02406558194732,466.6359424654147,121.51065912433636,40575.50294469939,35906.09705530062,38240.8,38900.72,1.4797261397274706,0.03927649925721277,0.07392744606932222,-0.025108182773879717,41523.0,29868.0,-0.039664764106639695,0.3350743270389715,1.042760611702684,1.025071001256532,-0.0019059083157788592,0
2025-11-05,39750.0,40005.0,39200.0,39471.0,2317278809830,58707876,10305,40585.0,39348.0,54.90863790499309,453.03448298908916,187.81542389728693,40691.69356088209,35945.7064391179,38318.7,38886.68,1.134356758456262,0.01858659073259128,0.060707353892603066,-0.013241047246464022,41523.0,29868.0,-0.05238060833754787,0.31739654479710727,1.0268615584557932,1.0118631881147993,0.011410999288400836,0
2025-11-08,39600.0,39990.0,39160.0,39520.0,1485133756595,37579504,7374,39471.0,39891.0,58.141036533760925,480.5315220547709,246.35864352878374,40874.23786892743,36002.46213107257,38438.35,38884.1,0.7042562603693522,0.007170449667988077,0.048245959795033544,0.013799939005794348,41523.0,29868.0,-0.03930351853189799,0.3355765367617517,1.0377916846066493,1.0258949030580624,-0.006893785565666444,0
2025-11-09,39890.0,40030.0,39012.0,39522.0,1509944407628,38205464,6432,39520.0,39680.0,56.44769303045202,479.76673474662675,293.0402617723523,40994.54643237192,36114.553567628085,38554.55,38868.92,0.6948519448400106,-0.013622352590235698,0.021890291012103935,-0.005289413652202257,41523.0,29868.0,-0.04438503961659803,0.3285121199946431,1.0291911071455897,1.0208670577932188,-0.0035282258064516236,0
2025-11-10,39523.0,39900.0,39201.0,39615.0,1031641586827,26041895,3747,39522.0,39424.0,54.37835906007808,453.2784628129375,325.0879019804694,41038.12453487232,36113.37546512768,38575.75,38831.8,0.47883231020881895,-0.03615871696452588,0.02055397359565103,-0.006451612903225823,41523.0,29868.0,-0.0505502974255232,0.3199410740591938,1.0219892030615088,1.0152503875689511,0.004971590909090828,0
2025-11-11,39400.0,39890.0,39338.0,39612.0,1419906079611,35845056,5307,39615.0,39800.0,56.878752056781344,457.3542786732869,351.5411773190329,41163.48001764328,36199.11998235673,38681.3,38803.06,0.6539897327074702,-0.0019059083157788592,0.03729573353488491,0.009537337662337553,41523.0,29868.0,-0.041495075018664354,0.33252979777688496,1.0289209514675048,1.0256923036482175,0.004572864321608083,0
2025-11-12,39650.0,40200.0,39650.0,39909.0,818522410269,20509485,3908,39612.0,39797.0,56.85197880942972,455.0962508866869,372.2521920325637,41222.52229724744,36419.777702752566,38821.15,38783.0,0.38959183439764244,0.011410999288400836,0.030209681594615567,-7.53768844221625e-05,41523.0,29868.0,-0.0415673241336127,0.3324293558323289,1.0251370709007848,1.026145476110667,0.003894765937130895,0
2025-11-15,39900.0,39997.0,39504.0,39833.0,1061428233853,26647252,3553,39909.0,39616.0,55.164822879315,433.7021122973456,384.5421760855201,41185.73912110206,36745.96087889794,38965.85,38757.32,0.5162800757061278,-0.006893785565666444,0.0002272325599010916,-0.004548081513681912,41523.0,29868.0,-0.04592635406882933,0.32636935851078075,1.0166851229987284,1.0221552986635816,0.00906199515347339,0
2025-11-16,39503.0,39900.0,39131.0,39547.0,1547139116074,39121764,5583,39833.0,39540.0,54.43435284944045,405.9351705273657,388.82077497388923,41171.55751718199,36985.14248281801,39078.35,38717.66,0.7748385382676479,-0.0035282258064516236,-0.01710251566073384,-0.0019184168012924552,41523.0,29868.0,-0.047756664980853986,0.32382482924869427,1.0118134465759174,1.021239403414359,0.01041982802225605,0
2025-11-17,39489.0,39637.0,39180.0,39436.0,1287815523862,32655852,3475,39547.0,39620.0,55.10821050996961,385.9361686218035,388.24385370347215,41102.84749907356,37304.25250092644,39203.55,38679.78,0.6415350642635901,0.004971590909090828,-0.03136689240398016,0.002023267577137,41523.0,29868.0,-0.045830021915564866,0.32650328110352217,1.0106227624794182,1.0243077907888825,0.004290762241292212,0
2025-11-18,39460.0,40000.0,39331.0,39731.0,589580791724,14839454,2481,39436.0,39982.0,58.125931302420966,394.7467948368576,389.5444419301492,41015.87638023387,37676.323619766124,39346.1,38661.54,0.30037103857695757,0.004572864321608083,0.002658240545691637,0.009136799596163536,41523.0,29868.0,-0.03711196204513161,0.33862327574661844,1.0161617034471015,1.0341543559827155,-0.008578860487219231,0
2025-11-19,39703.0,40150.0,39703.0,39950.0,496873263368,12437268,2100,39731.0,39952.0,57.77928889070167,394.75800574794266,390.58715469370793,40818.3430262282,38159.456973771805,39488.9,38666.98,0.25646714777357393,0.003894765937130895,0.01535020839686907,-0.0007503376519433225,41523.0,29868.0,-0.03783445319461503,0.337618856301058,1.0117273461656313,1.0332330065601192,0.0018522226672006425,0
2025-11-22,40150.0,40150.0,39952.0,40028.0,355804174606,8888867,1975,39950.0,39975.0,57.98615790107402,392.1028803278823,390.89029982054285,40753.9164926068,38415.883507393206,39584.9,38680.48,0.18833906877355377,0.00906199515347339,0.0021057381364217864,0.0005756908289948903,41523.0,29868.0,-0.03728054331334441,0.338388911209321,1.0098547678533987,1.0334670097165288,0.013433395872420206,0
2025-11-23,39950.0,40149.0,39827.0,39999.0,514908783992,12873091,2478,40028.0,39952.0,57.681793864858406,383.71948713179154,389.4561372827926,40766.6057924454,38515.3942075546,39641.0,38695.58,0.3056789278260953,0.01041982802225605,0.006854838709677402,-0.0005753595997498584,41523.0,29868.0,-0.03783445319461503,0.337618856301058,1.0078454125778866,1.0324693414596706,0.03824589507408893,0
2025-11-25,39929.0,40230.0,39670.0,39772.0,563908836589,14178592,4034,39999.0,39790.0,55.47315979542352,359.8553530079953,383.5359804278332,40725.42505814433,38672.57494185567,39699.0,38693.9,0.42393402822631826,0.004290762241292212,0.009283685064935154,-0.004054865839006827,41523.0,29868.0,-0.04173590540182549,0.3321949912950315,1.0022922491750421,1.0283274624682444,0.05833123900477499,1
2025-11-26,39681.0,39830.0,39472.0,39595.0,737873495071,18635425,3058,39772.0,39639.0,53.41994192015456,325.0118820790085,371.8311607580682,40589.76017671983,38935.23982328017,39762.5,38701.24,0.5831163945748351,-0.008578860487219231,-0.004045226130653279,-0.003794923347574808,41523.0,29868.0,-0.0453724441875587,0.3271394134190438,0.9968940584721786,1.0242307481620745,0.07469915991826226,1
2025-11-29,39533.0,40149.0,39431.0,39688.0,737357732714,18578896,3084,39595.0,40026.0,57.73739021528969,324.88082215368195,362.44109303719097,40482.1049245631,39182.495075436906,39832.3,38728.34,0.5901422567170669,0.0018522226672006425,0.005754202578083678,0.009763112086581316,41523.0,29868.0,-0.0360523083592226,0.3400964242667738,1.0048628876564998,1.0335067291807498,0.08127217308749324,1
2025-11-30,40200.0,40650.0,40110.0,40378.0,550587154567,13635784,3866,39688.0,40512.0,62.44504254208441,359.8450250936294,361.92187944847865,40582.03746616701,39173.062533833,39877.55,38743.0,0.4480303032573147,0.013433395872420206,0.022617124394184174,0.012142107630040533,41523.0,29868.0,-0.024347951737591213,0.35636801928485334,1.015909954347747,1.0456598611362053,0.06521524486571884,1
2025-12-01,40600.0,41480.0,40400.0,40750.0,598384326471,14684105,2994,40378.0,41480.0,69.68760289260246,460.35720659821527,381.608944878426,40924.84980704088,38955.45019295912,39940.15,38794.96,0.5092073322647489,0.03824589507408893,0.049064238745574196,0.023894154818325353,41523.0,29868.0,-0.0010355706475929003,0.38877728672827105,1.0385539363272296,1.0692110521572906,0.03859691417550626,0
2025-12-02,41500.0,42157.0,41497.0,41790.0,1261088046082,30176888,5052,40750.0,42111.0,73.30204688677338,584.1960131149317,422.12635852572714,41309.038819205685,38692.06118079432,40000.55,38873.8,1.1033599132407883,0.05833123900477499,0.0628722867238769,0.015212150433943972,42111.0,29868.0,0.0,0.4099035757332262,1.0527605245427876,1.0832745962576336,0.012680772244781702,0
2025-12-03,42496.0,42946.0,41850.0,42386.0,561855278054,13255681,3293,41790.0,42600.0,75.71841164697034,713.5717616609109,480.41543915276395,41864.8318122954,38408.6681877046,40136.75,38970.04,0.5438248193405121,0.07469915991826226,0.06547946575959185,0.011612167842131482,42600.0,29868.0,0.0,0.4262756126958618,1.0613714364018014,1.0931474537875763,-0.0018075117370891514,0
2025-12-06,42600.0,43600.0,42510.0,43116.0,768961907295,17834854,3603,42386.0,43279.0,78.61295999320373,860.9678978532174,556.5259308928547,42497.10702466417,38169.49297533584,40333.3,39070.46,0.7986497366672187,0.08127217308749324,0.08327492991589902,0.015938967136150284,43279.0,29868.0,0.0,0.44900897281371366,1.0730339446561525,1.1077166739270539,0.042052727650823796,0
2025-12-07,43499.0,43850.0,42380.0,43093.0,1213704232917,28164925,5150,43116.0,43154.0,76.79795308455948,956.6660911907384,636.5539629524314,42971.87581993196,38021.02418006803,40496.45,39150.04,1.2883916871566778,0.06521524486571884,0.07952470293933711,-0.002888236789204912,43279.0,29868.0,-0.002888236789204926,0.44482389179054505,1.0656242707694132,1.1022721815865322,0.07266997265606889,1
2025-12-08,43300.0,43490.0,43000.0,43269.0,787229811445,18194060,2804,43093.0,43081.0,75.69876887610079,1014.9177686923285,712.2267241004109,43352.5243111308,37980.4756888692,40666.5,39245.56,0.872200150990704,0.03859691417550626,0.07831898277933513,-0.001691616072669988,43279.0,29868.0,-0.004574967074100603,0.4423798044730146,1.0593731941524351,1.0977292717953318,0.10074046563450234,1
2025-12-09,43269.0,43486.0,42476.0,43068.0,1175838479338,27302164,3858,43269.0,42645.0,69.31743279149042,1014.2099061230037,772.6233605049296,43581.65773027955,38073.44226972046,40827.55,39333.04,1.3048893101504555,0.012680772244781702,0.07175169640613221,-0.010120470741161958,43279.0,29868.0,-0.014649136994847385,0.4277822418642025,1.0445152844096695,1.0842030008359385,0.0657755891663736,1
2025-12-10,42640.0,42753.0,42150.0,42456.0,571459042732,13460136,3314,43068.0,42523.0,67.60020141002761,992.3651715615924,816.5717227162622,43769.889665718525,38157.51033428147,40963.7,39423.76,0.6796769061726848,-0.0018075117370891514,0.07275662857287024,-0.0028608277640989055,43279.0,29868.0,-0.017468056101111393,0.42369760278558993,1.038065409130523,1.0786135061698834,0.09517202455141915,1
2025-12-13,43155.0,45402.0,43155.0,44123.0,1138906478198,25812178,4829,42456.0,45099.0,79.27503783005034,1169.4342237250312,887.144222918016,44506.22152308568,37951.378476914324,41228.8,39563.8,1.2861804649030968,0.042052727650823796,0.1267426172987558,0.060578980786868186,45099.0,29868.0,0.0,0.5099437525110486,1.0938712744489287,1.1399056713460283,0.10731945275948473,1
2025-12-14,45490.0,46500.0,45051.0,45893.0,1184015537727,25799680,6483,44123.0,46290.0,82.42776311075995,1389.8451993661802,987.684418207649,45422.42142406875,37702.57857593125,41562.5,39731.2,1.2882781136530252,0.07266997265606889,0.14262440758293837,0.026408567817468143,46290.0,29868.0,0.0,0.5498192044997992,1.1137443609022557,1.1650793331185567,0.062410887880751886,1
2025-12-15,46750.0,48181.0,46750.0,47431.0,1804440665374,38043854,7564,45893.0,47421.0,84.79345632051876,1636.9153916848445,1117.5306129030882,46464.78635027986,37448.31364972015,41956.55,39928.88,1.9048034521836148,0.10074046563450234,0.14322565091610406,0.02443292287751131,47421.0,29868.0,0.0,0.5876858175974287,1.130240689475183,1.187636617906638,0.055228696147276546,1
2025-12-16,47500.0,47840.0,45100.0,46376.0,1283965746980,27686065,8220,47431.0,45450.0,67.6906065041021,1654.6038284965107,1224.9452560217728,46866.843282880756,37629.25671711925,42248.05,40081.86,1.4036669513970457,0.0657755891663736,0.0792904466766402,-0.04156386411083701,47421.0,29868.0,-0.04156386411083697,0.521695460024106,1.0757892967841118,1.1339294134553637,0.11335533553355326,1
2025-12-17,45870.0,47000.0,45464.0,46306.0,945802866831,20424864,4979,46376.0,46570.0,71.24041438960887,1738.9511356452858,1327.7464319464755,47436.265471900944,37718.63452809905,42577.45,40261.26,1.0210712082130105,0.09517202455141915,0.09319248826291071,0.02464246424642469,47421.0,29868.0,-0.01794563589970688,0.5591937859916968,1.0937714682302486,1.1566950463050585,0.13001932574618857,1
2025-12-20,46900.0,49980.0,46900.0,48879.0,1549219028547,31695184,7322,46306.0,49939.0,78.78950348329947,2053.970237990965,1472.9911931553734,48739.88857779777,37413.711422202236,43076.8,40504.24,1.5117229763671804,0.10731945275948473,0.1538852561288384,0.07234270989907676,49939.0,29868.0,0.0,0.6719900897281371,1.1593015265757902,1.2329326510014755,0.07028574861330816,1
2025-12-21,50470.0,50470.0,48150.0,48980.0,1854417565003,37860785,9542,48879.0,49179.0,74.0663696706591,2216.746227145086,1621.742199953316,49598.89511621433,37475.10488378567,43537.0,40737.86,1.6890930423388246,0.062410887880751886,0.13961625805255595,-0.015218566651314602,49939.0,29868.0,-0.015218566651314604,0.646544797107272,1.1295909226634817,1.2072062695487686,0.07777709998169957,1
2025-12-22,49700.0,50750.0,49310.0,49985.0,1232627764041,24660063,5475,48980.0,50040.0,75.83380830861086,2387.6989681958075,1774.9335536018143,50492.46593982597,37590.334060174035,44041.4,40991.54,1.0719804727562217,0.055228696147276546,0.16153292634804206,0.017507472701763005,50040.0,29868.0,0.0,0.6753716351948573,1.1362036629171643,1.2207396940929762,0.0029176658673062406,0
2025-12-23,50939.0,51229.0,50400.0,50814.0,1406275149769,27674975,6861,49985.0,50602.0,76.93861006400738,2539.2579651079577,1927.7984359030431,51322.96969285444,37841.03030714556,44582.0,41223.58,1.1687546739407377,0.11335533553355326,0.18658693867979825,0.011231015187849636,50602.0,29868.0,0.0,0.6941877594750234,1.1350320757256291,1.227501347529739,-0.0270542666297775,0
2025-12-24,51300.0,52697.0,51250.0,52008.0,1607745613081,30913181,7689,50814.0,52625.0,80.41034919591527,2790.4422736276465,2100.327203447964,52428.91282926372,38033.68717073629,45231.3,41522.3,1.2725183289131763,0.13001932574618857,0.23756555275968294,0.039978656970080184,52625.0,29868.0,0.0,0.7619191107539842,1.163464238259789,1.2673912572280437,-0.0645130641330166,0
2025-12-27,53766.0,54300.0,52231.0,53156.0,2409521115663,45329191,8444,52008.0,53449.0,81.62382923207716,3021.171378323954,2284.496038423162,53524.191939345685,38280.70806065431,45902.45,41851.28,1.7685692162291529,0.07028574861330816,0.1851482294507638,0.015657957244655574,53449.0,29868.0,0.0,0.7895071648587116,1.1644040786493968,1.2771174501711775,-0.07758798106606302,0
2025-12-28,53950.0,54081.0,52360.0,53363.0,2922548966672,54767097,11637,53156.0,53004.0,78.78545616089497,3132.014165441302,2453.9996638267903,54324.835697874776,38729.26430212523,46527.05,42176.92,1.9780801070278606,0.07777709998169957,0.14504212572909925,-0.008325693651892507,53449.0,29868.0,-0.008325693651892459,0.7746082764162314,1.1392082670188632,1.2567062744268667,-0.013282016451588552,0
2025-12-29,53667.0,53850.0,49452.0,51372.0,2616015863961,50923442,14236,53363.0,50186.0,63.68316571921922,2958.3666150011413,2554.8730540616607,54553.82928337949,39370.870716620506,46962.35,42434.84,1.7262790354970219,0.0029176658673062406,0.05830750089622749,-0.053165798807637166,53449.0,29868.0,-0.06104885030589908,0.6802598098299183,1.0686432855255328,1.1826602857463349,0.07027856374287644,1
2025-12-30,48720.0,49666.0,47000.0,48465.0,2403378683943,49590225,11877,51372.0,49233.0,59.52740699996546,2712.5815926904615,2586.414761787421,54629.22149075114,40007.67850924886,47318.45,42677.18,1.627529598308023,-0.0270542666297775,0.08323432343234316,-0.018989359582353593,53449.0,29868.0,-0.07887893131770472,0.6483527521092808,1.0404609618446927,1.1536141797560195,0.07259358560315232,1
2025-12-31,49233.0,50000.0,49117.0,49499.0,951794070118,19228525,5204,48465.0,49230.0,59.51424082518645,2488.8630527867645,2566.9044199872897,54670.338977113686,40629.56102288631,47649.95,42919.16,0.6249465277094985,-0.0645130641330166,0.057118316512776435,-6.093473889468015e-05,53449.0,29868.0,-0.07893505958951524,0.6482523101647248,1.0331595311222783,1.1470401564243102,-0.014868982327848834,0
2026-01-04,49210.0,49817.0,48240.0,48955.0,933890208596,19076382,4691,49499.0,49302.0,59.744366587641,2290.965472488577,2511.7166304875473,54707.423642335314,41194.77635766468,47951.1,43163.28,0.6187533629201107,-0.07758798106606302,-0.012755561785378178,0.001462522851919612,53449.0,29868.0,-0.07758798106606297,0.65066291683407,1.0281724506841345,1.1422208877545914,0.022068070260841344,0
2026-01-05,50088.0,52495.0,50088.0,51654.0,2130685043965,41249064,7623,48955.0,52300.0,67.92089591977937,2348.9663372408395,2479.166571838206,55041.0140065572,41775.785993442805,48408.4,43448.18,1.3101364468196444,-0.013282016451588552,0.06346204680859713,0.06080889213419338,53449.0,29868.0,-0.021497128103425696,0.7510379000937458,1.0803910065195297,1.2037328145850987,-0.02370936902485654,0
2026-01-06,54000.0,56800.0,53243.0,54965.0,3415349497803,62137203,13928,51654.0,53713.0,70.91900114000923,2480.357711764802,2479.404799823525,55483.140866585265,42396.859133414735,48940.0,43745.84,1.8448350054073408,0.07027856374287644,0.07340127897681858,0.027017208413001814,53713.0,30482.0,0.0,0.7621219080112853,1.0975275847977115,1.2278424645634878,-0.0726453558728799,0
2026-01-07,55100.0,55100.0,52480.0,53234.0,2256095915546,42380548,10379,54965.0,52807.0,66.61969845665688,2482.7599828389502,2480.0758364266103,55518.13811849462,43378.061881505375,49448.1,44029.38,1.2307178760920725,0.07259358560315232,0.04357535275285551,-0.016867425018152082,53713.0,30482.0,-0.01686742501815203,0.732399448855062,1.067927786911934,1.1993582466980004,-0.08536747022175095,0
2026-01-10,49827.0,51703.0,47914.0,49532.0,2718345116544,54880148,13817,53234.0,48498.0,50.83514062298814,2112.6106512550105,2406.5827993922903,54950.45380025012,44543.246199749876,49746.85,44231.96,1.5032925236076347,-0.014868982327848834,-0.0784228028503563,-0.08159903043157157,53713.0,30567.0,-0.09709008992236516,0.5866130140347433,0.9748958979312258,1.0964470034789324,0.013897480308466381,0
2026-01-11,48998.0,50980.0,48998.0,50121.0,1365947088361,27252809,6266,49532.0,50390.0,55.788443498933376,1949.46105356099,2315.1584502260303,54761.112850265505,45261.6871497345,50011.4,44467.16,0.7450465881897259,0.022068070260841344,-0.05723212782278431,0.03901191801723791,53713.0,30567.0,-0.061865842533464895,0.6485098308633493,1.0075702739775332,1.1331958236145505,-0.02778329033538396,0
2026-01-12,51005.0,52620.0,51005.0,51588.0,1423196215500,27587602,6677,50121.0,51060.0,57.42428197140045,1852.868507748739,2222.700461730572,54697.64009582136,45802.15990417864,50249.9,44696.22,0.7523605485720762,-0.02370936902485654,-0.03667647724700018,0.013296288946219592,53713.0,30567.0,-0.049392139705471676,0.6704288939051919,1.0161214251172639,1.1423784830126573,-0.03721112416764594,0
2026-01-13,51400.0,51680.0,49501.0,50353.0,1174240645369,23320091,6674,51588.0,49811.0,53.45369542363374,1656.4399489756179,2109.4483591795815,54631.23793215754,46107.56206784246,50369.4,44887.88,0.6490085145076298,-0.0726453558728799,-0.007472203403339539,-0.02446141793967882,53713.0,30567.0,-0.07264535587287993,0.6295678345928616,0.9889139040766814,1.1096759303402166,0.0007829595872397288,0
2026-01-14,49200.0,49700.0,48200.0,48540.0,1094571357420,22549963,7540,50353.0,48299.0,49.033644213813005,1363.0507368431136,1960.1688347122881,54266.75432767291,46756.945672327085,50511.85,45035.8,0.6320930788102147,-0.08536747022175095,-0.018971015375865763,-0.030354740920680134,53713.0,30567.0,-0.10079496583694822,0.5801027251611215,0.956191467942671,1.0724579112617072,0.03130499596264924,0
2026-01-18,48797.0,49730.0,48797.0,49314.0,752808636724,15265718,3515,48540.0,49172.0,51.52597556009765,1187.2950779148741,1805.5940833528055,54000.968575414045,47282.93142458595,50641.95,45221.72,0.4310266446416811,0.013897480308466381,-0.0011781434084907616,0.018074908383196364,53713.0,30567.0,-0.08454191722674213,0.6086629371544476,0.9709736690629015,1.0873535991112235,-0.0090091922232165,0
2026-01-19,49480.0,49480.0,48451.0,49141.0,1660711741982,33795024,5160,49314.0,48990.0,50.9664137055601,1021.5458285788991,1648.7844323980244,54018.08873113823,47170.91126886177,50594.5,45414.56,0.951380191134974,-0.02778329033538396,-0.006328343677741266,-0.003701293419018925,53713.0,30567.0,-0.0879302962038985,0.6027088036117382,0.9682870667760329,1.0787289362706587,-0.04011022657685237,0
2026-01-20,49050.0,49380.0,48403.0,48794.0,581742980111,11922390,2920,49141.0,49160.0,51.4962713688613,893.605011252097,1497.7485481688389,54018.7195125901,47168.38048740991,50593.55,45599.94,0.34835139759322337,-0.03721112416764594,-0.06003824091778198,0.00347009593794656,53713.0,30567.0,-0.08476532682963156,0.6082703569208624,0.9716653605054398,1.0780715939538517,-0.015663140764849426,0
2026-01-21,49500.0,49998.0,49082.0,49624.0,473833354234,9548502,2621,48794.0,49850.0,53.68394232065211,838.2256813094209,1365.8439747969555,54016.3546178882,47151.7453821118,50584.05,45803.34,0.2852887652928311,0.0007829595872397288,-0.07191927466348924,0.014035801464605369,53713.0,30567.0,-0.07191927466348928,0.6308437203520136,0.9854885087295303,1.0883485789464262,-0.0024674022066198953,0
2026-01-24,50200.0,50500.0,49605.0,50067.0,1028437683945,20541233,4818,49624.0,49811.0,53.53696145759664,782.1737768664752,1249.1099352108595,53993.25557266338,47095.74442733662,50544.5,46011.08,0.6203389771439919,0.03130499596264924,-0.056734902569735124,-0.0007823470411233435,53713.0,30567.0,-0.07264535587287993,0.6295678345928616,0.9854880352956306,1.0825870638115862,-0.02280620746421469,0
2026-01-25,49510.0,49900.0,48608.0,49076.0,944055349793,19236530,4823,50067.0,48729.0,49.48868947780219,643.0314155295127,1127.8942312745903,53746.11558705305,46953.284412946945,50349.7,46189.66,0.5913640172905759,-0.0090091922232165,0.0047630830137326274,-0.021722109574190407,53713.0,30567.0,-0.09278945506674362,0.5941701835312592,0.9678111289640257,1.054976373500043,0.03398386997475833,0
2026-01-26,48660.0,49060.0,47010.0,47730.0,1571214209039,32918756,7276,49076.0,47025.0,43.863395489284564,390.75712769536767,980.4668105587458,53406.747326643985,46650.252673356015,50028.5,46334.22,1.031659006789607,-0.04011022657685237,-0.06677912284183374,-0.034968909684171656,53713.0,30567.0,-0.1245136186770428,0.5384237903621553,0.9399642203943752,1.0149086355613626,0.062200956937799035,1
2026-01-27,46900.0,48599.0,46452.0,47694.0,1116379490573,23407044,5131,47730.0,48390.0,48.876508782709635,297.54214859231433,843.8818781654595,52954.67843287914,46640.921567120866,49797.8,46509.7,0.771476994444857,-0.015663140764849426,-0.052291421856639264,0.029027113237639623,53713.0,30567.0,-0.09910077634837004,0.5830797919324762,0.971729674804911,1.0404281257458123,0.007439553626782391,0
2026-01-28,48390.0,50455.0,48390.0,49606.0,1382304973100,27865612,5389,47694.0,49727.0,53.27768883528328,327.77494674699847,740.6604918817673,52926.775968352915,46622.92403164708,49774.85,46713.44,0.9547049654800365,-0.0024674022066198953,-0.0016863744955933901,0.02762967555280027,53713.0,30567.0,-0.07420922309310596,0.6268197729577649,0.999038671136126,1.0645116266325065,0.01333279707201318,0
2026-01-31,49000.0,49500.0,46800.0,48047.0,1102729305576,22951235,5382,49606.0,48675.0,49.65539179719735,263.8060570192174,645.2896049092574,52927.31749291296,46566.582507087034,49746.95,46894.54,0.8239326021775504,-0.02280620746421469,0.0077848402658440286,-0.02115550907957453,53713.0,30567.0,-0.09379479827974606,0.5924035724801257,0.9784519452951388,1.037967319862824,0.007724704673857108,0
2026-02-01,48050.0,50389.0,48050.0,49783.0,1046601085456,21023416,4305,48047.0,50385.0,55.00991220683561,347.0919005998003,585.650064047366,52987.367315315474,46622.03268468452,49804.7,47102.6,0.7523015676587365,0.03398386997475833,0.024668510534450405,0.035130970724191135,53713.0,30567.0,-0.06195892986800216,0.6483462557660222,1.0116515108011894,1.0696861744362307,-0.02574178823062423,0
2026-02-02,50688.0,51100.0,49780.0,50316.0,956643480500,19012849,3448,49783.0,49950.0,53.452465535048,373.6880241959807,543.257656077089,53011.82095781305,46662.37904218695,49837.1,47302.56,0.680432818618781,0.062200956937799035,0.019595835884874457,-0.00863352188151234,53713.0,30567.0,-0.07005752797274403,0.6341152222985572,1.0022653806100275,1.0559682182106,-0.021341341341341358,0
2026-02-03,50031.0,50325.0,48700.0,49303.0,529864745299,10747170,3325,50316.0,48750.0,49.3053780359123,294.5403942591365,493.51420371349855,52655.599025363255,46663.60097463674,49659.6,47478.06,0.4068248411480022,0.007439553626782391,-0.008340113913751002,-0.024024024024024038,53713.0,30649.0,-0.09239848826168712,0.5905902313289177,0.9816832999057584,1.0267900583974998,0.006153846153846176,0
2026-02-07,49889.0,50798.0,49444.0,50297.0,644284425915,12809658,3144,49303.0,50390.0,54.50086094733059,359.9997680207671,466.8113165749523,51878.04082233782,47108.859177662176,49493.45,47686.82,0.5348318231961285,0.01333279707201318,0.010832497492477389,0.03364102564102556,53713.0,30780.0,-0.061865842533464895,0.6371020142949968,1.0181145181837192,1.0566861032041976,-0.037388370708473895,0
2026-02-08,50590.0,50590.0,48951.0,49439.0,528802690531,10695981,3409,50297.0,49051.0,49.995625899826386,300.3682258907502,433.5226984381119,51146.418239072475,47464.88176092753,49305.65,47872.04,0.47821248790419474,0.007724704673857108,-0.015257674007749245,-0.026572732685056555,53713.0,30920.0,-0.0867946307225439,0.5863842173350582,0.9948352774986233,1.024627318994553,-0.005178283827037111,0
2026-02-09,49014.0,49770.0,49014.0,49428.0,683943671075,13837197,2841,49439.0,49088.0,50.1183305161806,253.17692392687604,397.45354353586475,51141.793658826486,47528.50634117352,49335.15,48061.02,0.6811508306973183,-0.02574178823062423,0.00736727615998678,0.0007543169354344847,53713.0,31509.0,-0.08610578444696815,0.557904090894665,0.99499038717831,1.0213682522759608,-0.011978487614080824,0
2026-02-10,49090.0,49589.0,48660.0,49028.0,351659178828,7172645,2322,49428.0,48884.0,49.39858242900226,197.04497026370518,357.37182888143286,51008.9773567062,47510.7226432938,49259.85,48238.18,0.37143889094385196,-0.021341341341341358,0.039532163742689974,-0.004155801825293404,53713.0,31509.0,-0.08990374769608847,0.551429750230093,0.9923700539080001,1.013388150216281,-0.011455691023647852,0
2026-02-14,48650.0,50200.0,48650.0,49196.0,368464208386,7489699,1976,49028.0,49050.0,50.02747694049777,164.06358240493864,318.710179586134,50701.992184687726,47616.70781531227,49159.35,48408.94,0.4091494039400044,0.006153846153846176,0.013639181649101051,0.003395794124867013,53713.0,31509.0,-0.08681324818945134,0.5566980862610683,0.9977756011826845,1.0132425952726913,-0.03914373088685019,0
2026-02-15,49000.0,49000.0,48301.0,48532.0,222623799697,4587128,1773,49196.0,48506.0,47.92536404436596,92.95778186140524,273.5597000411883,50631.35676449257,47556.843235507426,49094.1,48549.46,0.2641002770039244,-0.037388370708473895,-0.024554065195970032,-0.011090723751274179,53713.0,31509.0,-0.09694115018710554,0.5394331778222096,0.9880209638225368,0.9991048304141797,-0.051643095699501096,0
2026-02-16,48506.0,48997.0,48400.0,48609.0,239389292444,4924815,1156,48532.0,48797.0,49.15610048710146,59.402436343123554,230.72824730157535,50619.63160035305,47618.36839964695,49119.0,48683.18,0.29869756721434454,-0.005178283827037111,0.002506420133538745,0.005999257823774418,53713.0,31509.0,-0.09152346731703684,0.5486686343584373,0.993444491948126,1.002337973813543,-0.05797487550464164,0
2026-02-17,48457.0,48997.0,48410.0,48570.0,326151131122,6715129,1418,48609.0,48500.0,47.9115090421288,8.743377189566672,186.33127327917362,50609.686639703374,47561.11336029663,49085.4,48801.18,0.4181249636190792,-0.011978487614080824,-0.03741192815322025,-0.0060864397401479975,53713.0,31509.0,-0.09705285498855026,0.5392427560379575,0.9880738468057711,0.9938284279191609,-0.06804123711340204,0
2026-02-18,48599.0,48797.0,48100.0,48363.0,243056665883,5025634,1332,48570.0,48324.0,47.14966012181561,-45.08629453689355,140.04775971596018,50611.9525443061,47492.2474556939,49052.1,48902.08,0.34371226769730134,-0.011455691023647852,-0.032552552552552516,-0.0036288659793813904,53713.0,31509.0,-0.10032952916426191,0.533657050366562,0.9851565988000514,0.9881788259313304,-0.04831967552354932,0
2026-02-21,48325.0,48530.0,47000.0,47408.0,401441326828,8467743,3147,48363.0,47130.0,42.24224962429175,-181.99459808853862,75.63928815506043,50719.355539914526,47181.84446008547,48950.6,48981.6,0.5860476370697537,-0.03914373088685019,-0.033230769230769286,-0.02470821951825175,53713.0,31509.0,-0.12255878465176027,0.49576311530039036,0.9628074017478846,0.9621980498799549,-0.10199448334394223,0
2026-02-22,47150.0,47394.0,46001.0,46615.0,278041571330,5964608,2184,47408.0,46001.0,38.19420244643962,-377.24760402685934,-14.938090281323532,50893.235972502865,46623.06402749714,48758.15,49040.0,0.41799100795649996,-0.051643095699501096,-0.08710061520142887,-0.02395501803522171,53713.0,31509.0,-0.14357790479027424,0.4599320828969501,0.9434525305000292,0.9380301794453507,-0.052716245299015196,0
2026-02-23,46161.0,46800.0,45801.0,46208.0,372007153222,8050715,2082,46615.0,45968.0,38.07933616107824,-528.5569664682553,-117.66186551870989,50963.1221078574,46168.8778921426,48566.0,49106.46,0.5900043870442088,-0.05797487550464164,-0.06285294897147864,-0.0007173757092236999,53713.0,31509.0,-0.14419228119822017,0.4588847630835634,0.9465057859407816,0.9360886531018526,-0.02758440654368255,0
2026-02-24,45801.0,46208.0,45124.0,45466.0,334078225515,7347876,2226,46208.0,45200.0,35.41028718203947,-702.3457038058914,-234.59863317614622,51197.099356641644,45582.00064335836,48389.55,49160.0,0.5630234686593191,-0.06804123711340204,-0.07920469361147331,-0.016707274625826662,53713.0,31509.0,-0.15849049578314375,0.4345107746992923,0.934085975174392,0.919446704637917,0.019070796460177064,0
2026-02-25,45130.0,46000.0,45130.0,45549.0,321138718263,7050347,2897,45466.0,45989.0,40.05859181914804,-767.5608603660876,-341.19107861413454,51279.1321835965,45396.3678164035,48337.75,49177.8,0.5996557014471586,-0.04831967552354932,-0.05922183127403646,0.017455752212389486,53713.0,31509.0,-0.14380131439316365,0.4595512393284458,0.9514096125698859,0.9351577337741827,0.0105677444606318,0
2026-03-15,41433.0,43600.0,41433.0,42556.0,296487346905,6967028,1379,45549.0,42323.0,29.45253318012368,-1102.352668379157,-493.42339656713904,51973.75803906922,44095.04196093079,48034.4,49098.46,0.6371121551333971,-0.10199448334394223,-0.13714576962283387,-0.0797147143882233,53713.0,31509.0,-0.2120529480758848,0.3432035291504015,0.8810977133054644,0.8620025964154476,0.12421142168560828,1
2026-03-16,42326.0,44500.0,40996.0,42684.0,260195604009,6095788,1205,42556.0,43576.0,35.7171795753855,-1252.1371029377915,-645.1661378412696,52032.97133015078,43420.72866984922,47726.85,49021.56,0.619060764922789,-0.052716245299015196,-0.10163691089762095,0.02960565177326746,53713.0,31509.0,-0.18872526204084672,0.3829699450950522,0.9130290392095854,0.8889149998490461,0.13319258307325144,1
2026-03-17,43670.0,44700.0,43000.0,44068.0,235978694962,5354817,811,42684.0,44700.0,40.796035054214954,-1265.556393797815,-769.2441890325787,52004.39770680858,43051.80229319142,47528.1,49006.56,0.5971684782427779,-0.02758440654368255,-0.08396007951308482,0.025794015054158237,53713.0,31509.0,-0.16779922923687002,0.4186422926782824,0.9404962537951234,0.912122785194472,0.10744966442953019,1
2026-03-18,45109.0,46449.0,45109.0,45868.0,149724399256,3264224,1647,44068.0,46062.0,46.32955647676547,-1152.998215482483,-845.9949943225596,51630.26821314501,42993.63178685498,47311.95,48996.4,0.40403549547403306,0.019070796460177064,-0.05026804123711337,0.03046979865771804,53713.0,31509.0,-0.14244223930891964,0.46186803770351326,0.9735806704225889,0.9401098856242499,0.07585428335721422,1
2026-03-25,46200.0,46935.0,44502.0,46324.0,108873850057,2350275,929,45868.0,46475.0,47.9191514538093,-1018.726158791178,-880.5412272162833,51294.5627656859,42981.837234314095,47138.2,48927.12,0.3243582252109923,0.0105677444606318,-0.038262561046271015,0.008966176023620376,53713.0,31509.0,-0.1347532254761417,0.47497540385286746,0.9859307313389142,0.9498821921257576,0.07485745024206558,1
2026-03-28,46901.0,47600.0,46502.0,46879.0,193531009889,4128314,973,46324.0,47580.0,52.01421643940322,-813.7696909129154,-867.1869199556098,51176.17653965944,42983.22346034055,47079.7,48895.14,0.597010168234662,0.12421142168560828,0.00954805856142582,0.023776223776223793,53713.0,31509.0,-0.11418092454340663,0.5100447491192992,1.010626660747626,0.9731028482585385,0.06897856242118539,1
2026-03-29,47999.0,49500.0,47570.0,49000.0,411806967660,8404197,2765,46879.0,49380.0,57.83085940802607,-500.32778940244316,-793.8150938449766,50983.63774005613,43074.76225994386,47029.2,48881.94,1.255349299775285,0.13319258307325144,0.07345492489293703,0.03783102143757877,53713.0,31509.0,-0.080669484109992,0.5671712843949348,1.0499859661657014,1.0101890391420634,0.028554070473876036,0
2026-03-30,50014.0,50800.0,49103.0,50116.0,599900084333,11970336,2107,49000.0,49503.0,58.20369298432523,-239.239943040644,-682.9000636841101,51057.038699500976,43046.56130049903,47051.8,48859.96,1.7711722289765484,0.10744966442953019,0.07690132265924121,0.002490886998784969,53713.0,31509.0,-0.07837953568037533,0.5710749309721032,1.0520957752944626,1.0131608785598678,0.009231763731490927,0
2026-03-31,49000.0,49998.0,48520.0,49505.0,261804746303,5288482,1064,50116.0,49556.0,58.374472374939465,-27.72963671114121,-551.8659782895163,51132.87522603525,43017.524773964746,47075.2,48798.58,0.8353325467264994,0.07585428335721422,0.09637168141592922,0.0010706421833019952,53713.0,31509.0,-0.07739280993428034,0.5727569900663303,1.0526986608660187,1.01552135328528,0.021268867543788872,0
2026-04-04,49755.0,50300.0,48430.0,49923.0,382385330091,7659478,1475,49505.0,49954.0,59.7059395625747,170.0488612588233,-407.4830103798484,51306.788754440255,42950.61124555974,47128.7,48728.68,1.2052050816262279,0.07485745024206558,0.08621626910783009,0.008031318104770424,53713.0,31509.0,-0.06998305810511422,0.5853883017550541,1.059948608809494,1.0251457663125698,0.017896464747567675,0
2026-04-05,50415.0,51199.0,49923.0,50785.0,452399571581,8908190,2045,49923.0,50862.0,62.64185460832226,395.49869458276953,-246.88666938732484,51632.10174492126,42806.498255078746,47219.3,48685.84,1.3862176861233761,0.06897856242118539,0.2017579094109585,0.018176722584777982,53713.0,31509.0,-0.053078398153147285,0.614205465105208,1.077144303282768,1.0446980066483398,-0.0010223742676260805,0
2026-04-06,50310.0,51879.0,50310.0,51173.0,577372886737,11282868,2290,50785.0,50790.0,62.25450371871265,561.8824820065784,-85.1328391085442,51985.32899513513,42681.67100486487,47333.5,48697.92,1.6688057842908028,0.028554070473876036,0.16554984395079853,-0.0014155951397900601,53713.0,31509.0,-0.054418855770483866,0.6119204036941827,1.0730243907591874,1.0429603564176868,-0.0037408938767473643,0
2026-04-07,51190.0,51190.0,49800.0,50492.0,370466433608,7337091,1692,51173.0,49960.0,57.81617384602166,619.6261048371161,55.81894968058786,52143.20988176303,42640.09011823697,47391.65,48712.46,1.0661808631264242,0.009231763731490927,0.1176733780760626,-0.016341799566843895,53713.0,31509.0,-0.0698713533036695,0.5855787235393062,1.0541941460151736,1.0256102853356206,0.004603682946357157,0
2026-04-08,49503.0,51300.0,49500.0,50671.0,313497458047,6186867,1160,50492.0,50610.0,60.20870095464808,709.6574206748628,186.58664387944287,52432.60010206564,42561.69989793436,47497.15,48740.06,0.9025013683320589,0.021268867543788872,0.09873648560635662,0.013010408326661338,53713.0,31509.0,-0.05776999981382533,0.6062077501666191,1.0655376164675143,1.0383655662303248,-0.00513732463939931,0
2026-04-11,50900.0,51250.0,50300.0,50768.0,441779481434,8701879,1302,50671.0,50848.0,61.0791463644629,791.0932673206771,307.48796856768973,52761.819121244145,42484.88087875585,47623.35,48770.98,1.2362280985640381,0.017896464747567675,0.09409359870898326,0.004702627939142445,53713.0,31509.0,-0.053339042689851617,0.6137611476086198,1.0677115322630601,1.0425872106732323,-0.014140182504719934,0
2026-04-12,51021.0,51380.0,50800.0,50951.0,218685631860,4292083,1015,50768.0,50810.0,60.85026668807433,842.8496341534919,414.5603016848502,53122.48966984682,42492.210330153175,47807.35,48741.18,0.6283911207855574,-0.0010223742676260805,0.06788566624632209,-0.0007473253618628384,53713.0,31509.0,-0.054046506432334815,0.612555142975023,1.0628072880006945,1.0424450126156157,-0.022790789214721552,0
2026-04-13,50998.0,51112.0,50560.0,50813.0,464640093875,9144139,1560,50951.0,50600.0,59.522816819730735,857.0422334196119,503.05668803180254,53417.485911284035,42657.11408871597,48037.3,48678.92,1.3083148252665804,-0.0037408938767473643,0.02470635884973671,-0.004133044676244868,53713.0,31509.0,-0.05795617448289986,0.6058903805261988,1.053348127392672,1.0394643102188792,-0.01990118577075095,0
2026-04-15,50900.0,50900.0,50000.0,50326.0,270998018738,5384824,1183,50813.0,50190.0,56.912388912022514,825.6883754837254,567.5830255221871,53618.5555433692,42878.244456630804,48248.4,48626.58,0.7854228743022043,0.004603682946357157,0.013877946791103657,-0.008102766798418926,53713.0,31509.0,-0.06558933591495542,0.5928782252689707,1.040241748949188,1.0321515516822282,-0.006575014943215773,0
2026-04-18,50310.0,50497.0,49201.0,50107.0,215210640957,4295033,1522,50326.0,50350.0,57.692164870285694,804.4773656993857,614.9618935576268,53759.29333764174,43252.50666235826,48505.9,48663.62,0.6407328734313913,-0.00513732463939931,0.016022277827104636,0.003187886033074294,53713.0,31509.0,-0.062610541209763,0.5979561395156939,1.038018055535512,1.0346538132592684,0.07249255213505457,1
2026-04-19,50800.0,50800.0,49816.0,50128.0,163318775990,3258050,1475,50107.0,50129.0,56.17980675746656,761.0615903333237,644.1818329127661,53878.81513286643,43546.98486713357,48712.9,48658.4,0.5001843691513399,-0.014140182504719934,0.00350322296512795,-0.004389275074478616,53713.0,31509.0,-0.06672500139631002,0.5909422704624075,1.0290703283935057,1.0302229419791855,0.11891320393385074,1
2026-04-20,50194.0,50194.0,49570.0,49904.0,166924187086,3344883,922,50128.0,49652.0,52.95323666590753,680.3220331053963,651.4098729512922,53340.776299958496,44817.9237000415,49079.35,48630.24,0.5282013401497324,-0.022790789214721552,-0.02378986276591566,-0.0095154501386423,53713.0,31509.0,-0.0756055331111649,0.5758037386143642,1.0116678399367556,1.0210107949292457,0.17997260936115356,1
2026-04-21,50100.0,50141.0,49400.0,49688.0,119941664779,2413885,766,49904.0,49593.0,52.55120353365712,604.6050348999779,642.0489053410294,52814.30923530071,45946.090764699286,49380.2,48625.88,0.39259765284866627,-0.01990118577075095,-0.023567631423508595,-0.001188270361717536,53713.0,31509.0,-0.07670396365870459,0.5739312577358849,1.004309419564927,1.0198889973816412,0.18708285443510175,1
2026-04-22,49550.0,50457.0,49550.0,50117.0,319258733387,6370327,1461,49688.0,49860.0,54.24421266586775,559.6916598398966,625.5774562408029,52319.99742709574,46956.402572904255,49638.2,48657.1,1.0275928803728342,-0.006575014943215773,-0.0020016012810247785,0.005383824330046583,53713.0,31509.0,-0.07173309999441475,0.5824050271351042,1.00446833285655,1.0247219830199499,0.1759125551544325,1
2026-04-25,50306.0,54164.0,50305.0,52553.0,1687027504258,32101450,6143,50117.0,54000.0,71.32754877110426,848.3812758487766,670.1382201623977,52829.583415584515,47240.61658441548,50035.1,48753.66,4.2011376965316485,0.07249255213505457,0.06698280972139892,0.08303249097472931,54000.0,31509.0,0.0,0.713796058269066,1.0792423718549577,1.1076091518052182,0.16666666666666674,1
2026-04-26,56200.0,57808.0,55253.0,56051.0,1630419853082,29088332,5929,52553.0,56090.0,76.16551704636653,1231.6180829685618,782.4341927236305,53933.76686703705,47097.93313296295,50515.85,48895.66,3.239944008240377,0.11891320393385074,0.10309156702328504,0.038703703703703685,56090.0,31509.0,0.0,0.7801263131168873,1.1103445750195235,1.1471365761296606,0.21342485291495805,1
2026-04-27,58400.0,60750.0,58010.0,59030.0,2646521312774,44833375,7955,56051.0,58588.0,80.41834987202375,1717.1099622451075,969.369346627926,55732.99117023601,46399.50882976399,51066.25,49084.22,4.070843618011295,0.17997260936115356,0.1530801023420587,0.0445355678374042,58588.0,31509.0,0.0,0.8594052492938525,1.1472939563801925,1.1936219012953653,0.1546903802826518,1
2026-04-28,60801.0,60801.0,57850.0,59220.0,2028907899971,34260530,8397,59030.0,58871.0,80.83555299738786,2100.488386609977,1195.5931546243364,57240.959562676755,45840.64043732325,51540.8,49264.64,2.7840270923738495,0.18708285443510175,0.16345849802371548,0.004830340684099044,58871.0,31509.0,0.0,0.8683868101177441,1.1422213081675099,1.1949950309187278,0.12269198756603417,1
2026-04-29,60300.0,62903.0,58508.0,59869.0,1734853759230,28977263,6610,59220.0,58631.0,79.29264280096265,2357.773609270662,1428.0292455536014,58391.12497922635,45603.275020773646,51997.2,49441.04,2.2025135812742276,0.1759125551544325,0.168180912532377,-0.004076710094953362,58871.0,31509.0,-0.004076710094953372,0.8607699387476594,1.12757994661251,1.1858771579238625,0.11435929798229605,1
2026-05-02,59500.0,64428.0,59500.0,61874.0,2794050425184,45156759,7723,59869.0,63000.0,84.93124157275618,2881.005352275235,1718.624466897928,60549.45681197629,44789.34318802371,52669.4,49726.46,2.9806706598242823,0.16666666666666674,0.2512413108242304,0.07451689379338577,63000.0,31509.0,0.0,0.9994287346472437,1.1961404534701363,1.2669311268085441,0.06984126984126982,1
2026-05-03,64500.0,68061.0,64500.0,67351.0,3997209256899,59349115,7599,61874.0,68061.0,88.75207368999324,3661.8392779651476,2107.267429111372,63808.13905495012,43341.36094504988,53574.75,50147.18,3.346563281862902,0.21342485291495805,0.3577170899080373,0.08033333333333337,68061.0,31509.0,0.0,1.1600495096639056,1.2703932356193917,1.3572248728642369,0.01245941141035245,0
2026-05-04,69744.0,71100.0,67110.0,69216.0,6362407403726,91921472,18448,67351.0,67651.0,86.83124464461504,4199.166834810916,2525.647310251281,66248.8908130281,42579.50918697189,54414.2,50532.4,4.20020218175579,0.1546903802826518,0.36250302102634335,-0.00602400787528834,68061.0,31509.0,-0.006024007875288344,1.1470373544066774,1.2432600313888655,1.3387648320681385,0.07798849980044631,1
2026-05-05,66560.0,68399.0,66068.0,67005.0,2377975933821,35489408,8034,69216.0,66094.0,79.7706276536092,4448.09108208539,2910.136064618103,67922.01994096863,42436.78005903138,55179.4,50859.74,1.5366481155563938,0.12269198756603417,0.33272840925130565,-0.023015180854680684,68061.0,31509.0,-0.028900545099249202,1.0976229013932528,1.1978020783118337,1.2995347597136753,0.1184071171362,1
2026-05-06,66700.0,69599.0,64000.0,67040.0,2892802141233,43150634,8517,67005.0,65336.0,76.5089276178547,4531.959468615707,3234.500745417624,69184.2502658448,42712.14973415519,55948.2,51192.96,1.7339310173375526,0.11435929798229605,0.3103890894504613,-0.011468514539897723,68061.0,31509.0,-0.040037613317465214,1.0735662826494017,1.1677944956227369,1.2762692370200903,0.13107628260071014,1
2026-05-09,67400.0,68620.0,66511.0,67361.0,1761518078588,26150262,6096,67040.0,67400.0,79.02399155009175,4710.671629360368,3529.734922206173,70676.66880405344,42898.73119594656,56787.7,51533.26,1.010279514246173,0.06984126984126982,0.24814814814814823,0.03159054732459898,68061.0,31509.0,-0.009711876111135598,1.1390713764321305,1.1868767356311314,1.3078931936384386,0.07870919881305638,1
2026-05-10,67998.0,69989.0,66811.0,68766.0,3066664706318,44595511,7924,67361.0,68909.0,80.65473311884105,4917.381480321441,3807.264233829227,72249.96126812743,43131.53873187257,57690.75,51912.44,1.611175464761396,0.01245941141035245,0.22854341237297193,0.02238872403560821,68909.0,31509.0,0.0,1.1869624551715383,1.1944549169494243,1.3274082281626522,0.04138791739830783,0
2026-05-11,70302.0,73666.0,70301.0,72086.0,6437583211226,89303947,14597,68766.0,72927.0,84.18120925738101,5343.819323891272,4114.575251841637,74418.33916566166,43174.86083433834,58796.6,52395.98,2.796913794966958,0.07798849980044631,0.2447429507749026,0.058308784048527684,72927.0,31509.0,0.0,1.3144815766923736,1.2403268216189371,1.3918434200486371,-0.07038545394709783,0
2026-05-12,73986.0,75500.0,73090.0,74081.0,6010835530141,81139080,15249,72086.0,73920.0,84.91317069305478,5696.238496786253,4430.90790083056,76421.85592971828,43503.34407028172,59962.6,52866.58,2.283728989504325,0.1184071171362,0.2556267092456388,0.013616356082109426,73920.0,31509.0,0.0,1.3459963819860992,1.2327684256519897,1.3982368445244613,-0.09725378787878791,0
2026-05-13,72470.0,74082.0,71872.0,73226.0,4055545751582,55383832,10521,74081.0,73900.0,84.82803341746117,5905.840543962811,4725.89442945701,78031.07800626315,44265.12199373685,61148.1,53363.56,1.4563518044183645,0.13107628260071014,0.2604253722433525,-0.00027056277056281,73920.0,31509.0,-0.00027056277056277056,1.3453616427052588,1.2085412302262868,1.3848401418496068,-0.10487144790257108,0
2026-05-16,74003.0,76035.0,72201.0,73833.0,2931602698467,39705939,11069,73226.0,72705.0,79.68695180566829,5907.428010622942,4962.201145690196,79101.23181657796,45430.46818342203,62265.85,53835.9,0.9976441105425643,0.07870919881305638,0.154047619047619,-0.016170500676589983,73920.0,31509.0,-0.016436688311688312,1.3074359706750451,1.167654500821879,1.3504928867168562,-0.11973041744034107,0
2026-05-17,73700.0,73700.0,71203.0,71884.0,2613109366727,36351567,10413,73833.0,71761.0,75.77982531449098,5766.045792073201,5122.970074966797,79697.42234829353,46997.47765170647,63347.45,54293.44,0.8769053661280855,0.04138791739830783,0.0543629978989435,-0.012983976342754944,73920.0,31509.0,-0.02920725108225108,1.2774762766193786,1.13281592234573,1.321725055549989,-0.12502612839843374,0
2026-05-18,71761.0,71940.0,66990.0,68772.0,2932426474572,42639752,14016,71884.0,67794.0,62.018340695151316,5273.110483613171,5152.998156696072,79435.83997779709,49073.26002220292,64254.55,54668.32,0.9820500746191966,-0.07038545394709783,0.0021137898922409804,-0.05528072351277158,73920.0,31509.0,-0.08287337662337663,1.1515757402646862,1.0550848150053187,1.2400966409796386,-0.05122872230580877,0
2026-05-19,67238.0,70000.0,65664.0,67679.0,1567052671367,23154041,7802,68772.0,66731.0,58.93014410045699,4742.017458653165,5070.802017087492,78741.15308517251,51481.74691482748,65111.45,55032.82,0.5208289858826173,-0.09725378787878791,0.009637788604109243,-0.015679853674366417,73920.0,31509.0,-0.09725378787878788,1.1178393474880193,1.0248735053512095,1.2125673370908487,-0.03493129130389172,0
2026-05-20,67802.0,68300.0,66082.0,66739.0,976652217125,14633825,6336,67679.0,66150.0,57.25209850073525,4225.531271477623,4901.747867965518,77622.51090438383,54229.389095616156,65925.95,55379.88,0.3261433422657873,-0.10487144790257108,0.012458675156115984,-0.008706598132801835,73920.0,31509.0,-0.10511363636363637,1.0994001713796058,1.003398509994926,1.1944771277944264,-0.003023431594860182,0
2026-05-23,66320.0,66658.0,63654.0,65164.0,1076287026756,16516633,6778,66739.0,64000.0,51.41734016854405,3601.2126772919146,4641.640829830798,76823.34087415492,56028.55912584508,66425.95,55689.88,0.3746112288744168,-0.11973041744034107,-0.05044510385756673,-0.03250188964474676,73920.0,31509.0,-0.1341991341991342,1.0311656986892634,0.9634788813709101,1.1492213666109534,0.019781250000000083,0
2026-05-24,62789.0,63000.0,59876.0,61891.0,1556045604005,25141875,9308,65164.0,62789.0,48.42382851874847,2974.430728259904,4308.19880951662,76191.4927470101,57330.307252989885,66760.9,55979.18,0.5728025734369152,-0.12502612839843374,-0.08881278207491039,-0.018921874999999977,73920.0,31509.0,-0.15058170995670997,0.9927322352343775,0.9405055953409855,1.1216491559897805,0.043622290528595675,0
2026-05-25,65000.0,66399.0,63303.0,65243.0,1344426005874,20606455,5759,61891.0,64321.0,52.214100837468294,2571.6764294085006,3960.8943334949963,75790.47686632797,58304.62313367204,67047.55,56323.0,0.48279712975641964,-0.05122872230580877,-0.11800841937828244,0.024399178200003258,73920.0,31509.0,-0.12985660173160174,1.0413532641467518,0.9593340845414933,1.142002379134634,0.009468136378476766,0
2026-05-26,65471.0,65600.0,63743.0,64736.0,870674831747,13449556,4093,65243.0,64400.0,52.40832591512132,2233.123329973263,3615.34013279065,75334.22983440296,59313.77016559705,67324.0,56690.98,0.3229894969737923,-0.03493129130389172,-0.12878787878787878,0.0012282147354674144,73920.0,31509.0,-0.12878787878787878,1.0438604843060713,0.9565682371813915,1.135983184626549,-0.006195652173913047,0
2026-05-30,65678.0,66800.0,64511.0,65930.0,938658865180,14237174,4047,64736.0,65950.0,56.172275156383215,2066.0731998747287,3305.486746207466,74682.23358906864,60697.66641093135,67689.95,57090.62,0.3480644691569479,-0.003023431594860182,-0.10757780784844384,0.02406832298136652,73920.0,31509.0,-0.10781926406926406,1.0930527785712019,0.974295297898728,1.1551810087191206,-0.052009097801364645,0
2026-05-31,66980.0,66980.0,65100.0,66068.0,886568500050,13419056,5087,65930.0,65266.0,54.13748359278763,1857.0843720211778,3015.8062713702084,74557.26086392067,61049.23913607932,67803.25,57491.94,0.3413045445605407,0.019781250000000083,-0.10231758476033281,-0.010371493555724087,73920.0,31509.0,-0.11707251082251083,1.0713446951664605,0.9625792273969168,1.1352199977944735,-0.02236999356479641,0
2026-06-01,65990.0,66660.0,65358.0,65770.0,923991488433,14048928,4091,66068.0,65528.0,54.81270182668556,1693.0836166143054,2751.261740419028,74501.15620241777,60852.04379758224,67676.6,57882.72,0.3791684109688232,0.043622290528595675,-0.08685776396649991,0.004014341310942804,73920.0,31509.0,-0.11352813852813853,1.0796597797454695,0.9682519511914014,1.1320822518361267,-0.04468318886582834,0
2026-06-02,65369.0,65844.0,64337.0,64934.0,617981225350,9517117,4097,65770.0,64930.0,52.89838732297332,1497.5948923882534,2500.528370812873,74469.41427850617,60611.68572149383,67540.55,58334.86,0.288995358446038,0.009468136378476766,-0.04224562645661856,-0.009125869857160351,73920.0,31509.0,-0.12161796536796536,1.0606810752483418,0.9613484047731325,1.11305658400483,-0.03357461882026802,0
2026-06-03,64400.0,65000.0,64000.0,64396.0,376735489417,5850322,3246,64934.0,64001.0,49.97819242319017,1253.259340446035,2251.0745647395056,74510.68163337631,60361.118366623676,67435.9,58743.36,0.18602110648466222,-0.006195652173913047,-0.04091052134690021,-0.014307716001848103,73920.0,31509.0,-0.13418560606060606,1.0311974356533053,0.9490642224690411,1.0895018602953592,-0.026577709723285547,0
2026-06-06,63810.0,63810.0,62500.0,63091.0,634241746973,10052874,3900,64396.0,62520.0,45.65156858941703,929.403744588788,1986.7404007093623,74638.43270116227,59951.767298837745,67295.1,59099.76,0.33740265230001387,-0.052009097801364645,-0.054875283446712,-0.023140263433383823,73920.0,31509.0,-0.15422077922077923,0.9841949919070742,0.9290423819862069,1.0578723162327563,0.0004798464491362342,0
2026-06-07,62550.0,64498.0,62550.0,64087.0,488829423843,7627546,3079,63091.0,63806.0,49.72179832375884,767.6661268135795,1742.925545930206,74613.92850631103,59616.87149368896,67115.4,59454.64,0.2642146128141357,-0.02236999356479641,-0.003031250000000041,0.020569417786308275,73920.0,31774.0,-0.13682359307359307,1.008119846415308,0.9506908995550948,1.0731878958479943,-0.0336802181613014,0
2026-06-08,63388.0,63700.0,61911.0,62427.0,443417765039,7102943,2782,64087.0,62600.0,46.22552943963233,535.9951598750122,1501.5394687191674,74498.27853221785,59101.62146778215,66799.95,59777.14,0.2631292364522113,-0.04468318886582834,-0.003010081383681862,-0.018901043788985383,73920.0,31774.0,-0.15313852813852813,0.9701642852646818,0.9371264499449476,1.0472230688855304,-0.04905750798722042,0
2026-06-09,62555.0,63370.0,62555.0,63086.0,326470950941,5175010,2292,62427.0,62750.0,46.72728416319964,360.34417255989683,1273.3004094873133,73639.62499213005,58942.575007869964,66291.1,60080.54,0.2270968721525522,-0.03357461882026802,-0.0244243715116369,0.0023961661341853624,73920.0,31900.0,-0.15110930735930736,0.9670846394984326,0.9465825729245705,1.0444313583066995,-0.08972111553784856,0
2026-06-10,62750.0,63250.0,61154.0,62323.0,709196871940,11379367,2990,63086.0,62300.0,45.35989141971818,182.72195546047442,1055.1847186819455,72358.13191628623,59062.06808371378,65710.1,60338.94,0.5896139599253472,-0.026577709723285547,-0.03260869565217395,-0.007171314741035828,73920.0,31900.0,-0.1571969696969697,0.9529780564263323,0.948103868355093,1.032500736671874,-0.05770465489566612,0
2026-06-13,62200.0,63249.0,61525.0,62558.0,721068054361,11526349,3000,62323.0,62550.0,46.30006633195786,61.41996821208886,856.4317685879741,70754.235889824,59530.96411017599,65142.6,60599.88,0.6737869102465293,0.0004798464491362342,-0.05155420773313113,0.0040128410914928025,73920.0,31900.0,-0.15381493506493507,0.9608150470219435,0.9602011586887843,1.0321802617430926,-0.05472422062350124,0
2026-06-14,62560.0,62599.0,61510.0,61868.0,469718745244,7592323,3374,62558.0,61657.0,43.42571273389444,-105.55361117866414,664.0346926346465,69201.2494510427,59979.15054895728,64590.2,60841.9,0.4897914044123599,-0.0336802181613014,-0.055296785462568554,-0.014276578737010381,73920.0,31900.0,-0.16589556277056278,0.93282131661442,0.9545875380475677,1.0133970175158895,-0.08183985597742349,0
2026-06-15,61010.0,61319.0,59000.0,60400.0,575718293615,9531836,4711,61868.0,59529.0,37.45799876729421,-404.9254627106857,450.24266156558014,67800.20088967463,60156.99911032538,63978.6,61033.4,0.6731451718965304,-0.04905750798722042,-0.09154865095836895,-0.03451351833530658,73920.0,31900.0,-0.19468344155844156,0.8661128526645768,0.9304517448021683,0.9753512011456023,-0.01778964874262967,0
2026-06-16,59009.0,59100.0,57075.0,57751.0,796492015124,13791775,4086,60400.0,57120.0,32.082920431618945,-827.032463623691,194.7876365277259,67912.7757771409,58977.02422285911,63444.9,61158.56,1.0844508445980845,-0.08972111553784856,-0.12028338210380407,-0.04046767121906969,73920.0,31900.0,-0.22727272727272727,0.7905956112852665,0.9003087718634595,0.93396574412478,0.06337535014005602,1
2026-06-17,57720.0,59600.0,57100.0,58812.0,378910441790,6442759,2250,57751.0,58705.0,38.35111676017741,-1021.8794590555481,-48.54578258892889,67696.70508799904,58390.49491200095,63043.6,61316.86,0.5422200021668572,-0.05770465489566612,-0.08274870705145232,0.027748599439775923,73920.0,31900.0,-0.2058306277056277,0.840282131661442,0.9311809604781454,0.9574038853261566,0.05067711438548672,1
2026-06-20,60122.0,60500.0,58202.0,59121.0,269689537209,4561676,2188,58812.0,59127.0,39.94044487654016,-1129.2281938348533,-264.6822648381138,67414.33189072566,57970.56810927433,62692.45,61500.2,0.40090033388792223,-0.05472422062350124,-0.05427063339731286,0.007188484796865735,73920.0,31900.0,-0.20012175324675324,0.8535109717868339,0.9431279205071743,0.9614115076048534,0.0515162277808785,1
2026-06-21,56998.0,57790.0,56560.0,56977.0,350863851628,6158017,2971,59121.0,56611.0,34.26811547061267,-1401.1711832621222,-491.98004852291547,67690.0350101302,56955.9649898698,62323.0,61620.22,0.5670027291834034,-0.08183985597742349,-0.11276368993511587,-0.04255247179799415,73920.0,31900.0,-0.23415854978354977,0.7746394984326019,0.9083484427899813,0.9187081772833657,0.08830439313914251,1
2026-06-22,56972.0,59723.0,56356.0,58368.0,725070739023,12422443,4394,56977.0,58470.0,40.94202801526721,-1449.9678708958818,-683.5776129975088,67723.47393253603,56490.62606746398,62107.05,61772.66,1.2149473132953852,-0.01778964874262967,-0.06597444089456872,0.03283814099733262,73920.0,31900.0,-0.20900974025974026,0.8329153605015674,0.9414390153774812,0.9465352471465531,0.09115785873097315,1
2026-06-23,59001.0,61263.0,57502.0,59956.0,440240312345,7342720,3416,58368.0,60740.0,47.89845428317583,-1290.5924225075723,-804.9805748995216,67478.6245054015,56377.3754945985,61928.0,61971.26,0.7679472912251417,0.06337535014005602,-0.0320318725099602,0.03882332820249701,73920.0,31900.0,-0.1783008658008658,0.9040752351097179,0.9808164319855316,0.9801317578503326,0.06651300625617385,1
2026-06-27,61360.0,62190.0,60900.0,61578.0,419295965693,6809224,2431,59956.0,61680.0,50.49868038322145,-1076.0322572744772,-859.1909113745128,67225.74570622915,56358.25429377085,61792.0,62192.86,0.7377695386170453,0.05067711438548672,-0.009951845906902124,0.015475798485347303,73920.0,31900.0,-0.16558441558441558,0.9335423197492163,0.9981874676333506,0.9917537157802359,0.09109922178988317,1
2026-06-28,63670.0,63890.0,61700.0,62202.0,1483828671877,23854939,5015,61578.0,62173.0,51.855769914627004,-856.3394525217736,-858.620619603965,66697.67397285202,56508.626027147984,61603.15,62432.52,2.456647956617721,0.0515162277808785,-0.006027178257394072,0.007992866407263266,73920.0,31900.0,-0.1589150432900433,0.9489968652037618,1.00925033865963,0.9958431919775144,0.05999388802213179,1
2026-06-29,61010.0,62400.0,61010.0,61853.0,378326399432,6116574,2639,62202.0,61610.0,50.16441920062658,-719.368286946039,-830.7701530723798,66230.46709940248,56610.232900597526,61420.35,62657.72,0.6545124467735549,0.08830439313914251,-0.0007622816549621714,-0.009055377736316372,73920.0,31900.0,-0.16653138528138528,0.9313479623824451,1.0030877388357442,0.9832786765940413,0.0644538224314235,1
2026-06-30,61860.0,64199.0,61860.0,63186.0,454172922383,7187873,2606,61853.0,63800.0,56.15509868772404,-429.15591178617615,-750.4473048151391,65901.81118330715,56766.08881669285,61333.95,62931.14,0.798458765177365,0.09115785873097315,0.07174654370138933,0.03554617756857659,73920.0,31900.0,-0.13690476190476192,1.0,1.0402069327020353,1.0138065193161923,0.024294670846394917,0
2026-07-01,64220.0,65650.0,64220.0,64911.0,494989845641,7625666,2756,63186.0,64780.0,58.55595067569584,-118.71423994541692,-624.1006918411947,65871.1026588909,56781.79734110909,61326.45,63233.7,0.8560842312414197,0.06651300625617385,0.1341036414565826,0.0153605015673981,73920.0,31900.0,-0.12364718614718614,1.0307210031347962,1.0563142004795647,1.0244537327406114,0.0026242667489966287,0
2026-07-07,67010.0,67652.0,66201.0,66892.0,863384514266,12907091,3787,64911.0,67299.0,64.01104540328322,326.80802990070515,-433.9189474928147,66614.70114060747,56367.998859392515,61491.35,63587.82,1.3937865494175081,0.09109922178988317,0.14639298185844485,0.03888545847483793,73920.0,31900.0,-0.08956980519480519,1.1096865203761757,1.094446617288448,1.0583630638697787,-0.030238190760635386,0
2026-07-08,67696.0,68000.0,64886.0,66725.0,1009636213465,15131223,3694,66892.0,65903.0,59.3488113317418,560.7778079294294,-234.97959640836592,67120.8284699699,56200.1715300301,61660.5,63908.68,1.590355079507806,0.05999388802213179,0.1146007746038189,-0.02074325027117785,73920.0,31900.0,-0.10845508658008658,1.065924764890282,1.0688041777150687,1.0312057767426897,-0.00914981108599,0
2026-07-11,65500.0,66500.0,65201.0,65754.0,304334772459,4628353,1808,66725.0,65581.0,58.2941351120018,712.0102231037308,-45.58163250594657,67400.5428388081,56097.957161191895,61749.25,64140.3,0.4942493935855347,0.0644538224314235,0.158449771245871,-0.004885968772286531,73920.0,31900.0,-0.11281114718614718,1.0558307210031348,1.0620533852637886,1.022461697248064,0.009133743004833716,0
2026-07-12,66000.0,66389.0,65000.0,66063.0,384095509331,5814059,2025,65754.0,65350.0,57.50463755435926,803.9557310254459,124.32584020033192,67744.20770364274,56029.292296357264,61886.75,64325.5,0.6251700645051432,0.024294670846394917,0.11766717975029928,-0.003522361659627049,73920.0,31900.0,-0.11593614718614718,1.04858934169279,1.0559610902172112,1.0159268097410825,0.0038255547054322214,0
2026-07-13,65222.0,66760.0,64855.0,65412.0,317695259554,4856856,2098,66063.0,64950.0,56.088095997615554,834.9220892999947,266.4450900202645,67995.83916002784,55997.66083997216,61996.75,64452.74,0.5231394469754472,0.0026242667489966287,0.0693118208758643,-0.006120887528691665,73920.0,31900.0,-0.12134740259740259,1.036050156739812,1.0476355615415325,1.00771511032735,-0.015581216320246338,0
2026-07-14,65420.0,66100.0,64700.0,65487.0,487136527665,7438626,2669,65412.0,65264.0,56.98389762388206,874.7171325145246,388.09949851911654,68310.80843090509,55979.091569094904,62144.95,64580.6,0.8185991377524452,-0.030238190760635386,0.05810635538261999,0.004834488067744447,73920.0,31900.0,-0.1170995670995671,1.0458934169278997,1.0501899188912374,1.0105821252822056,-0.008718435891149845,0
2026-07-15,66000.0,67199.0,65108.0,66120.0,607956836261,9194749,3051,65487.0,65300.0,57.09197272791238,898.7990936368587,490.239417542665,68599.11369137722,55965.78630862278,62282.45,64713.98,1.0250054537464057,-0.00914981108599,0.05029514419442527,0.000551605785731768,73920.0,31900.0,-0.11661255411255411,1.0470219435736676,1.04844944282057,1.00905553946767,-0.007503828483920394,0
2026-07-18,66615.0,67999.0,66006.0,66604.0,868664332326,13042172,3037,66120.0,66180.0,59.75382570108113,977.6234324804318,587.7162205302184,69039.72597948952,55977.47402051047,62508.6,64777.58,1.411042798429033,0.009133743004833716,0.0741762700860249,0.013476263399693655,73920.0,31900.0,-0.10470779220779221,1.0746081504702194,1.0587343181578215,1.021649774505315,-0.02790873375642189,0
2026-07-19,66006.0,66150.0,65012.0,65631.0,388729043098,5922939,1767,66604.0,65600.0,57.23367143278422,981.9715790675109,666.567292237677,69325.42749370183,56298.87250629817,62812.15,64728.36,0.6535666419240097,0.0038255547054322214,0.028213166144200663,-0.008763977032336001,73920.0,31900.0,-0.11255411255411256,1.0564263322884013,1.0443839289054744,1.0134661221140162,-0.02911585365853664,0
2026-07-20,65007.0,65008.0,63900.0,64366.0,424760607650,6599190,2278,65631.0,63938.0,50.642477856208984,841.6064907346736,701.5751319370763,69130.61855167404,57175.48144832596,63153.05,64654.1,0.758278535287281,-0.015581216320246338,-0.012997838839147846,-0.025335365853658587,73920.0,31900.0,-0.1350378787878788,1.0043260188087775,1.0124293284330685,0.9889241362883406,0.01793925365197535,0
