date,open,high,low,adjClose,value,volume,count,yesterday,close,rsi_14,rsi_7,stoch_k,stoch_d,williams_r,roc_10,roc_20,macd_diff,macd_norm,adx,di_plus,di_minus,di_diff,cci,price_to_sma10,price_to_sma20,price_to_sma50,price_to_ema12,price_to_ema26,sma10_to_sma50,bb_pband,bb_wband,atr_pct,daily_range_pct,volatility_20,volatility_10,volatility_5,vol_ratio_5_20,volume_ratio_20,volume_ratio_5,obv_slope,mfi,avg_trade_value,avg_trade_value_ratio,trade_count_ratio,body_ratio,upper_shadow,lower_shadow,gap_pct,ret_1d,ret_2d,ret_3d,ret_5d,ret_10d,ret_20d,ret_zscore,pct_from_52w_high,pct_from_52w_low,up_streak,down_streak,rsi_14_lag1,rsi_14_lag2,rsi_14_lag3,rsi_14_lag5,macd_diff_lag1,macd_diff_lag2,macd_diff_lag3,macd_diff_lag5,volume_ratio_20_lag1,volume_ratio_20_lag2,volume_ratio_20_lag3,volume_ratio_20_lag5,ret_1d_lag1,ret_1d_lag2,ret_1d_lag3,ret_1d_lag5,adx_lag1,adx_lag2,adx_lag3,adx_lag5,usd_irr_close,usd_irr_ret_1d,usd_irr_ret_5d,usd_irr_ret_20d,usd_irr_to_sma20,usd_irr_to_sma50,usd_irr_vol_20,gold_usd_close,gold_usd_ret_1d,gold_usd_ret_5d,gold_usd_ret_20d,gold_usd_to_sma20,gold_usd_to_sma50,gold_usd_vol_20,silver_usd_close,silver_usd_ret_1d,silver_usd_ret_5d,silver_usd_ret_20d,silver_usd_to_sma20,silver_usd_to_sma50,silver_usd_vol_20,copper_usd_close,copper_usd_ret_1d,copper_usd_ret_5d,copper_usd_ret_20d,copper_usd_to_sma20,copper_usd_to_sma50,copper_usd_vol_20,oil_usd_close,oil_usd_ret_1d,oil_usd_ret_5d,oil_usd_ret_20d,oil_usd_to_sma20,oil_usd_to_sma50,oil_usd_vol_20,tse_index_close,tse_index_ret_1d,tse_index_ret_5d,tse_index_ret_20d,tse_index_to_sma20,tse_index_to_sma50,tse_index_vol_20,btc_usd_close,btc_usd_ret_1d,btc_usd_ret_5d,btc_usd_ret_20d,btc_usd_to_sma20,btc_usd_to_sma50,btc_usd_vol_20,stock_vs_tse_index_ret_5d,stock_vs_tse_index_ret_20d,stock_vs_usd_ret_5d,stock_vs_usd_ret_20d,future_return,signal,signal_class
2026-05-03,14980.0,15100.0,14300.0,14541.0,4675971156495,321574076,21469,14286.0,14485.0,76.13413503451913,93.1969218639737,87.77335984095427,87.1403780320346,-12.226640159045726,42.232914375490964,33.26892998435918,590.9113975873879,0.026156202411412505,32.86732533320876,55.35045353431644,14.7372154037608,40.613238130555644,213.37637830142273,1.2228478805939909,1.2967480584588527,1.1123620010689734,1.1838181611092236,1.221645418843863,0.909648713238682,1.1087859035955894,48.74423942903574,0.040869411012838926,0.055229547808077324,0.034954486932281814,0.0373661985357476,0.03462818871246723,0.9906650548055037,2.347145080334431,0.9883526861536168,-21.787138839378738,89.10653690267392,217801069.2857143,1.275844089086206,2.559001621054639,0.61875,0.15,0.23125,0.04521350823332403,0.010675411666201562,0.08909774436090223,0.1314638337759726,0.3402109548482606,0.4223291437549097,0.33268929984359197,-0.1243482565334297,-0.25080169649322437,0.4485,8,0,75.43905015535618,69.95909110340565,66.62209080083713,44.45099568032682,539.9428461159997,434.2771341213823,341.6436950083113,137.01332702839875,5.579076484731383,3.5072433039556716,2.193765537773514,1.8841306880430198,0.0775939849624061,0.03890017184814876,0.08990294568363688,0.04921852247354619,30.938170447781232,29.11164014041347,27.5685359947976,27.90620185412298,1315000.0,0.0,-0.0026545316647705874,-0.0026545316647705874,0.9980797401197695,1.0765831298195516,0.0010956707432284575,4629.89990234375,0.0,-0.019566716677334006,-0.00464368432897988,0.9824690077218287,0.9637051894621452,0.01089018355529843,75.95099639892578,0.0,-0.00565579798700977,0.04421524385216702,0.9978558133713494,0.9687001888762429,0.02759405735839711,5.932000160217285,0.0,-0.015190471648038995,0.06633110635045414,1.0026537108510027,1.0187766415310897,0.01364407638640411,101.94000244140624,0.0,0.07987288976325191,-0.08606776398891625,1.0438896711616827,1.210240417863785,0.054033057795804855,3713956,0.0,0.0,0.0,1.0,0.9697837041809437,0.0,78538.2265625,-0.00151319093281288,-0.0015168603216176857,0.1671515046813108,1.049294102920032,1.069000493657411,0.023315712258898016,0.3402109548482606,0.33268929984359197,0.34286548651303117,0.33534383150836256,0.012722646310432628,0,3.0
2026-05-04,14391.0,14391.0,13615.0,13921.0,3307258155926,237580052,17742,14541.0,13809.0,67.0987427288541,74.52685800415847,74.33399602385686,84.8528496411265,-25.66600397614314,34.68253194187067,30.27358490566038,550.6733229042075,0.03449220421262811,33.39197289954975,49.74931369698703,21.213478177850842,28.53583551913619,137.86946683637385,1.1318017523297461,1.2187243506579468,1.0659830294945902,1.106680351653723,1.1506009109225752,0.9418460673879749,0.9216602825862068,51.87217285830793,0.04430813465737994,0.056195234991672095,0.03657328693780683,0.04510430736221269,0.05500243807749769,1.5038964961237906,1.6161815143496794,0.6758029705068662,40.12075771297117,84.40817803001002,186408418.21249014,1.072516361390225,1.9463551094289946,0.75,0.0,0.25,-0.006489471867449085,-0.046668967897825375,-0.03649176667596987,0.038270676691729344,0.17563425847096892,0.34682531941870676,0.30273584905660367,-1.6568082909357786,-0.2857660080686873,0.3809,0,1,76.13413503451913,75.43905015535618,69.95909110340565,57.27779082569466,590.9113975873879,539.9428461159997,434.2771341213823,224.75845938797147,2.347145080334431,5.579076484731383,3.5072433039556716,1.490771911317461,0.010675411666201562,0.0775939849624061,0.03890017184814876,0.08678756476683946,32.86732533320876,30.938170447781232,29.11164014041347,27.02649410067511,1313500.0,-0.0011406844106464087,-0.0030360531309298056,-0.003792188092529347,0.9971304506255314,1.0707353795913843,0.0011178836941168084,4519.5,-0.02384498686199743,-0.033344720366186964,-0.0283779425991616,0.9603870942900012,0.9411440880025914,0.012107133393984842,73.0719985961914,-0.037905991221138136,-0.025745634151792207,0.004633229985728349,0.9598186183301829,0.9362309109321008,0.0290403059125353,5.795000076293945,-0.023095091069303297,-0.03705550763149412,0.041704092339259535,0.977580605611666,0.9959800043995565,0.014861425360192707,106.41999816894533,0.04394737708696961,0.10428551557470755,-0.045902839380999705,1.0926302162483483,1.2502466949642006,0.05504630857108707,3713956,0.0,0.0,0.0,1.0,0.9731516336566525,0.0,79827.90625,0.016421044171065935,0.03181321726261155,0.1572297669123568,1.0588529063117842,1.0916366268839202,0.02305891189768892,0.17563425847096892,0.30273584905660367,0.17867031160189872,0.306528037149133,0.07075641117735798,1,4.0
2026-05-05,13510.0,14290.0,13510.0,13868.0,2635392671295,190032735,13334,13921.0,13755.0,66.42062932453311,73.16096242838566,73.26043737574552,78.45593108018555,-26.73956262425447,35.14442916093535,28.81625772616595,493.81753928040416,0.03946938925252485,33.696897999621875,45.32121948653962,20.52349239057718,24.79772709596244,112.3458839159664,1.0952653958243752,1.1976960351080366,1.0686134517107915,1.08526351108662,1.1338307995870958,0.9756662228029914,0.8657877761907743,54.04664889756442,0.045355265146642135,0.05670665212649945,0.036766087687650065,0.04479379596774578,0.04655128864164001,1.2661474627684373,1.2227010102967475,0.5355646926317477,4.46878709653317,79.34606846939221,197644568.11871907,1.1096302196665238,1.3776287717159401,0.3141025641025641,0.6858974358974359,0.0,-0.02165254544137881,-0.0039104931566369405,-0.05039696237487057,-0.040259559028746894,0.07444149351663798,0.3514442916093534,0.2881625772616594,-0.4698079720843264,-0.28855901520637217,0.3755,0,2,67.0987427288541,76.13413503451913,75.43905015535618,66.62209080083713,550.6733229042075,590.9113975873879,539.9428461159997,341.6436950083113,1.6161815143496794,2.347145080334431,5.579076484731383,2.193765537773514,-0.046668967897825375,0.010675411666201562,0.0775939849624061,0.08990294568363688,33.39197289954975,32.86732533320876,30.938170447781232,27.5685359947976,1313500.0,0.0,-0.0022787694644891276,-0.003867738510541452,0.9973235132210854,1.0652905076005863,0.0011170650425403527,4555.7998046875,0.008031818716119021,-0.007775279388544054,-0.021688714189159297,0.969140751289907,0.9488320128310646,0.012279150628995355,73.10800170898438,0.0004927073774445567,-0.0013250477377785286,0.0061518362951515915,0.9600096962621147,0.9403023745823823,0.02903776864688832,5.942999839782715,0.02553921683180005,0.0048185987204041325,0.06438612648521103,0.9995164443970823,1.0208743930527686,0.015756759015303354,102.2699966430664,-0.03899644425186566,0.023416354755774194,-0.09020555723423496,1.0555159577171491,1.1895207370480827,0.05565188577429209,3713956,0.0,0.0,0.0,1.0,0.9769492434553793,0.0,80927.0546875,0.013768974900303155,0.05993899857217211,0.17524334421216659,1.0649096446326447,1.1105269085682448,0.022989053464983134,0.07444149351663798,0.2881625772616594,0.07672026298112711,0.29203031577220084,0.049754831266224375,0,4.0
2026-05-06,14120.0,14198.0,13175.0,13758.0,2905868507706,211217534,14252,13868.0,13600.0,64.4085096013894,68.93038068230241,69.90369181380417,72.49937507113552,-30.096308186195827,32.70882123341139,26.712009689741915,421.95547765180527,0.04239178359947292,33.40143022632947,40.259854321370206,21.88856466358902,18.371289657781187,89.07740625295176,1.054770509857451,1.169600701760421,1.0648293141246477,1.0611114178554881,1.111090962175284,1.0095364860632634,0.8067712936166032,55.285714566365115,0.047968496518890825,0.07522058823529412,0.037140515147524374,0.04624413745976629,0.0455945182253175,1.2276221275933659,1.3428391471910972,0.6370026834514264,0.7132922351639313,74.47715240524406,203891980.61366826,1.1594276792547014,1.422752865072076,0.5083088954056696,0.07624633431085044,0.41544477028348,0.026535805161759362,-0.011268629589240242,-0.015135056846983796,-0.061097687262685496,0.022556390977443552,0.3270882123341139,0.2671200968974192,-0.6410833853978405,-0.2965759801386159,0.36,0,3,66.42062932453311,67.0987427288541,76.13413503451913,69.95909110340565,493.81753928040416,550.6733229042075,590.9113975873879,434.2771341213823,1.2227010102967475,1.6161815143496794,2.347145080334431,3.5072433039556716,-0.0039104931566369405,-0.046668967897825375,0.010675411666201562,0.03890017184814876,33.696897999621875,33.39197289954975,32.86732533320876,29.11164014041347,1314500.0,0.0007613247049866878,-0.0007601672367920642,-0.003109358410435359,0.9982381798575356,1.0606905422230686,0.001136791132461118,4681.89990234375,0.027679025212324904,0.030075618489198597,0.005325160328845113,0.9957029768795527,0.9747151424663687,0.013858916242635343,76.81099700927734,0.050651026067340954,0.07324395684241636,0.06940384902792829,1.005344679873393,0.9908046025562155,0.0309275193519009,6.136499881744385,0.03255932141649609,0.04388872972235469,0.10677248102993042,1.0269476284936783,1.0528546065965967,0.016849136238511243,95.08000183105467,-0.07030404857746897,-0.11040415162422668,-0.158211559097042,0.9904424761515704,1.0967993724134175,0.05758675832576622,3713956,0.0,0.0,0.0,1.0,0.9809633901499057,0.0,81427.53125,0.006184292316489204,0.07458019072421895,0.13187010569685764,1.0648487807771592,1.1208172172475674,0.021334239174515778,0.022556390977443552,0.2671200968974192,0.023316558214235616,0.2702294553078546,0.08518680040703597,1,4.0
2026-05-09,14150.0,14849.0,14000.0,14437.0,5748692099907,398204685,22356,13758.0,14730.0,71.24706593817436,79.17347273091066,92.57624398073837,78.58012439009603,-7.423756019261638,42.99582564799534,36.66728521061422,425.4988758260268,0.0466019262785852,33.67873600632788,41.77860954432085,19.086017723507247,22.692591820813604,109.224587362364,1.104471121041937,1.245613293306837,1.1616792534968674,1.1234758418704962,1.1855464772647442,1.0517968567625033,0.9200066137993562,58.47843468107153,0.047181797034913674,0.05763747454175153,0.04026546585160792,0.04818663633967575,0.04778641346065205,1.1867840704180947,2.314855486837449,1.4654866152293249,0.06578095552678187,77.80920027980233,257143142.77630165,1.4352570902688395,2.0617529880478087,0.6831566548881036,0.14016489988221437,0.17667844522968199,0.04044117647058824,0.08308823529411757,0.0708833151581243,0.06669563328264183,0.027770025118615704,0.42995825647995334,0.3666728521061422,1.654070513364192,-0.23812971966483915,0.473,1,0,64.4085096013894,66.42062932453311,67.0987427288541,75.43905015535618,421.95547765180527,493.81753928040416,550.6733229042075,539.9428461159997,1.3428391471910972,1.2227010102967475,1.6161815143496794,5.579076484731383,-0.011268629589240242,-0.0039104931566369405,-0.046668967897825375,0.0775939849624061,33.40143022632947,33.696897999621875,33.39197289954975,30.938170447781232,1312500.0,-0.001521491061239999,-0.0019011406844106071,-0.0022805017103763037,0.9968329194103306,1.053762353105528,0.001065346559766591,4720.39990234375,0.00822315743673352,0.019546858875758133,-0.006126981294083622,1.0042015362507373,0.9828908061393588,0.013228421760905376,80.3949966430664,0.04665998064516952,0.058511414660038286,0.06874132838933189,1.0487051793393696,1.0407437306914988,0.030879792570110476,6.249000072479248,0.01833295737029883,0.053438958816607984,0.08499002404842249,1.041508690689899,1.0704081713048268,0.015250370372424868,95.41999816894533,0.003575897468899747,-0.06395923206111875,0.010697960678517582,0.9934615839415958,1.0918844270354304,0.044123733370073616,3713956,0.0,0.0,0.0,1.0,0.9849413884509316,0.0,80664.3671875,-0.009372309964266523,0.025517256038063874,0.1341473166670144,1.0483286782385368,1.1126547432613676,0.021251427500537143,0.027770025118615704,0.3666728521061422,0.02967116580302631,0.3689533538165185,0.003324790468933969,0,3.0
2026-05-10,14797.0,15050.0,14470.0,14726.0,4939994602603,335468474,21074,14437.0,14560.0,69.09613161588976,74.8427333323172,89.06661267463049,83.84884948972434,-10.933387325369509,34.715025906735754,38.48202396804261,392.18644360011734,0.05159207093115933,34.09381009283524,41.349941182176785,17.937474989505137,23.412466192671648,101.44474533348505,1.0618513845637731,1.2105289412860207,1.1555647267041802,1.0919450263085886,1.1571329257489271,1.0882546686878467,0.8519203509754875,59.82289478356565,0.04716857493237648,0.03983516483516483,0.039671398978466,0.05031878260950846,0.04831744854764956,1.2179416353296921,1.801846249825846,1.2221042747374309,-0.3711588593722327,80.02743392072024,234411815.63077727,1.2662504393329916,1.8077865037937437,0.4086206896551724,0.4362068965517241,0.15517241379310345,0.004548540393754243,-0.01154107264086901,0.07058823529411762,0.058524173027989734,0.005177770107007262,0.3471502590673574,0.3848202396804261,-0.7228142260028376,-0.24692251991310643,0.456,0,1,71.24706593817436,64.4085096013894,66.42062932453311,76.13413503451913,425.4988758260268,421.95547765180527,493.81753928040416,590.9113975873879,2.314855486837449,1.3428391471910972,1.2227010102967475,2.347145080334431,0.08308823529411757,-0.011268629589240242,-0.0039104931566369405,0.010675411666201562,33.67873600632788,33.40143022632947,33.696897999621875,32.86732533320876,1312500.0,0.0,-0.0019011406844106071,-0.0022805017103763037,0.9969464953058063,1.050402985004391,0.001065346559766591,4720.39990234375,0.0,0.019546858875758133,-0.008715008893734666,1.0046450150095896,0.9824902466893709,0.013211845842140146,80.3949966430664,0.0,0.058511414660038286,0.05333839000817586,1.0459280429169906,1.0397700194388577,0.030782440823317245,6.249000072479248,0.0,0.053438958816607984,0.06447491339482303,1.038233900771961,1.0687696719865554,0.014851313115776015,95.41999816894533,0.0,-0.06395923206111875,-0.011908476022709613,0.9940566857167129,1.0836310439494208,0.04383514489499842,3713956,0.0,0.0,0.0,1.0,0.9867152389240766,0.0,82138.9296875,0.01828022150812214,0.045846504085938156,0.12435489154200097,1.0612276225446322,1.1319169530896975,0.020887893456376358,0.005177770107007262,0.3848202396804261,0.0070789107914178695,0.3871007413908024,-0.007945131060708932,0,2.0
2026-05-11,15000.0,15200.0,14747.0,14906.0,4800749674305,322063266,22178,14726.0,15100.0,71.98893736519923,79.08283935641145,97.99599198396794,93.2129495464456,-2.004008016032064,28.554401498382425,43.127962085308056,381.936452713377,0.05539170033438965,34.598061920281445,40.154503521336885,16.740366626399137,23.414136894937748,100.88534466183854,1.074939668121276,1.2321199807430256,1.203616908665404,1.1098292789472595,1.1825254203948456,1.1197064768937437,0.8776221260081014,61.46885067270811,0.04526049131125932,0.03,0.039773113907197254,0.04654866200027181,0.041254803968482925,1.0372535593954977,1.61637562356085,1.105237499169639,-0.012514203488657727,82.22933891881654,216464499.69812426,1.1466676339571582,1.768390165333078,0.22075055187637968,0.22075055187637968,0.5584988962472406,0.03021978021978022,0.03708791208791218,0.02511880515953835,0.11029411764705888,0.09348975305959883,0.2855440149838242,0.43127962085308047,0.4593740868342165,-0.21899244853625738,0.51,1,0,69.09613161588976,71.24706593817436,64.4085096013894,67.0987427288541,392.18644360011734,425.4988758260268,421.95547765180527,550.6733229042075,1.801846249825846,2.314855486837449,1.3428391471910972,1.6161815143496794,-0.01154107264086901,0.08308823529411757,-0.011268629589240242,-0.046668967897825375,34.09381009283524,33.67873600632788,33.40143022632947,33.39197289954975,1312400.0,-7.619047619045194e-05,-0.0008374571754853344,-0.002356518434055488,0.9969879174848921,1.0469868621178295,0.0010650551073263553,4718.7001953125,-0.0003600769143322635,0.044075715303130814,-0.009071947734555996,1.004745157669068,0.9828934079151448,0.013211582467886613,85.48500061035156,0.06331244704049799,0.16987358020349985,0.12002782104129173,1.1055600855501229,1.1049021943002246,0.03358097317532579,6.41349983215332,0.026324173110276128,0.1067298960684262,0.09249633528657464,1.0607795771063397,1.0955887491730616,0.015692369106271656,98.06999969482422,0.02777197208898441,-0.0784626819938975,0.015532774202549726,1.0208659697752227,1.1049767331618665,0.044262028927516815,3713956,0.0,0.0,0.0,1.0,0.9885294043418014,0.0,81728.296875,-0.004999247178679611,0.02380609381196197,0.155114660999095,1.0484887807240797,1.1243695313066888,0.019146746320355637,0.09348975305959883,0.43127962085308047,0.09432721023508417,0.43363613928713596,-0.04253320810411909,0,1.0
2026-05-12,15110.0,15110.0,14291.0,14558.0,25820240068891,1773637512,61949,14906.0,14695.0,66.92876636562522,68.91894919405415,89.78766430738119,92.28342298865988,-10.212335692618806,14.786752069989065,41.16234390009606,325.50067198265344,0.05861545167160418,34.23375969559604,36.77242962152679,20.01991879318513,16.75251082834166,81.02294998476673,1.0321986991276006,1.178470754758592,1.175855866236493,1.0669207704287862,1.1380950046013105,1.1391758846725046,0.7920846516396317,61.10240772897089,0.047166842193166796,0.05573324259952365,0.040458031706633306,0.04337836142236635,0.045451612276235044,1.1234261865681177,6.335398476495875,2.9165994986769466,-1.4228573193463006,53.44562653998864,416798335.22560495,2.0722639768447584,4.09074400575817,0.5067155067155067,0.0,0.4932844932844933,0.0006622516556291391,-0.02682119205298017,0.0092719780219781,-0.002376103190767087,0.06833878589603781,0.14786752069989073,0.41162343900096054,-1.111295133969765,-0.23994000206889418,0.4695,0,1,71.98893736519923,69.09613161588976,71.24706593817436,66.42062932453311,381.936452713377,392.18644360011734,425.4988758260268,493.81753928040416,1.61637562356085,1.801846249825846,2.314855486837449,1.2227010102967475,0.03708791208791218,-0.01154107264086901,0.08308823529411757,-0.0039104931566369405,34.598061920281445,34.09381009283524,33.67873600632788,33.696897999621875,1310500.0,-0.001447729350807725,-0.0022839741149600634,-0.003800836183960432,0.9957336554936309,1.024078032042257,0.0011050993119780827,4677.60009765625,-0.008710046401565918,0.026735216249719418,-0.013663926708389784,0.9966813771038352,0.9754441761649316,0.013319877627529576,85.12999725341797,-0.0041528145803230165,0.16444158318385815,0.1272062059909176,1.094171615312844,1.0979310943462302,0.03344458378915024,6.485000133514404,0.011148406210697237,0.09119978265917394,0.08517408227196643,1.0681095002472727,1.1054555376074962,0.015457640767378815,102.18000030517578,0.04190884697808839,-0.0008799876879308499,0.03128783222478182,1.061935871418522,1.141349520073308,0.04486055313182321,3713956,0.0,0.0,0.0,1.0,0.9909032456894731,0.0,80477.4921875,-0.015304426194186482,-0.005555157069980887,0.08045754818998962,1.0284886466538725,1.10376164287124,0.016535630862153494,0.06833878589603781,0.41162343900096054,0.07062276001099788,0.415424275184921,-0.03990932820442372,0,1.0
2026-05-13,14649.0,15240.0,14388.0,14930.0,9762529359876,653907391,32222,14558.0,15027.0,68.86105110076194,72.32111971296459,95.6163819715991,94.46667942098274,-4.383618028400906,12.984962406015038,45.24453895225208,289.3667261869232,0.05972993931358383,34.01998922793844,34.917384980594306,18.293718446861142,16.623666533733164,80.87479140110722,1.0428681476546398,1.1828930381938978,1.2051139753764426,1.075957795674684,1.149855432698859,1.1555765492374908,0.8029935238922092,60.36202881318429,0.046879986017414464,0.05669794370133759,0.04005840320601969,0.042668795546860476,0.04319150386200181,1.0782133186854364,2.112612690982364,0.9386370629090915,-0.8046808878979073,58.489277857087025,302977138.5971076,1.438794039905477,1.9564234039775714,0.44366197183098594,0.25,0.30633802816901406,-0.003130316434161279,0.0225927186117727,-0.004834437086092769,0.03207417582417582,0.10492647058823534,0.12984962406015033,0.4524453895225209,0.07529167398827405,-0.22276818040757215,0.5027,1,0,66.92876636562522,71.98893736519923,69.09613161588976,64.4085096013894,325.50067198265344,381.936452713377,392.18644360011734,421.95547765180527,6.335398476495875,1.61637562356085,1.801846249825846,1.3428391471910972,-0.02682119205298017,0.03708791208791218,-0.01154107264086901,-0.011268629589240242,34.23375969559604,34.598061920281445,34.09381009283524,33.40143022632947,1311500.0,0.0007630675314764801,-0.0022822365918599985,-0.0033437191275932365,0.9966600678625575,1.0042933060232941,0.0011205536461626365,4697.7001953125,0.004297096211008045,0.003374760951390776,-0.02131245930989578,1.0020563324682406,0.9806725926457117,0.013037107173575287,88.88800048828125,0.0441442893939763,0.15723013564770194,0.11821468457182838,1.1356151087433872,1.1428160147010826,0.03288465723623533,6.635499954223633,0.02320737357142799,0.08131672485869923,0.09280301795827461,1.0878492950519631,1.12814104054854,0.015824171500358083,101.0199966430664,-0.01135255097518939,0.06247365058497123,0.10658336761922538,1.0445986027219103,1.119025167372648,0.0407947105474702,3713956,0.0,0.0,0.0,1.0,0.993343779632165,0.0,79277.1171875,-0.014915661104390687,-0.026408931100929123,0.05978255988219372,1.0102611414786837,1.084616996760394,0.01706733414288135,0.10492647058823534,0.4524453895225209,0.10720870718009534,0.4557891086501141,-0.07273945077026123,0,1.0
2026-05-16,14300.0,14665.0,14250.0,14485.0,4006066714561,276567843,18764,14930.0,14546.0,63.10801713119269,61.02954970323435,83.19205618793897,89.53203415563975,-16.807943812061033,1.4931621546190343,43.18338419135742,215.30849237806103,0.06031422297201136,33.563804288442476,32.19133402334521,18.252098502044205,13.939235521301008,60.9129954342492,1.0079899103993568,1.1255943882782182,1.170005517831605,1.0349071525598676,1.1038063247367105,1.1607313781226825,0.7177340261753615,57.6824809995776,0.048786373025907624,0.028530180118245565,0.04086086524856407,0.03808751973772417,0.03057874268862403,0.7483625836753084,0.8648328697991668,0.41135795910573275,-1.0748587975959187,55.14176867869675,213497479.99152634,0.9925708972107097,1.0963418268079066,0.5927710843373494,0.28674698795180725,0.12048192771084337,-0.048379583416516936,-0.03200905037598989,-0.010139503232391989,-0.03668874172185432,-0.012491513917175845,0.014931621546190321,0.4318338419135741,-1.2454210853151175,-0.24764663287472846,0.4546,0,1,68.86105110076194,66.92876636562522,71.98893736519923,71.24706593817436,289.3667261869232,325.50067198265344,381.936452713377,425.4988758260268,2.112612690982364,6.335398476495875,1.61637562356085,2.314855486837449,0.0225927186117727,-0.02682119205298017,0.03708791208791218,0.08308823529411757,34.01998922793844,34.23375969559604,34.598061920281445,33.67873600632788,1312500.0,0.0007624857033929899,0.0,-0.0060583112457403,0.9977232904724077,1.003641171937841,0.0007585635959922836,4555.7998046875,-0.03020635305049746,-0.03486994768695839,-0.06212950570269582,0.9749259749687639,0.9530200389955192,0.014187931147396818,77.16100311279297,-0.1319300390499203,-0.040226303443130385,-0.055995937112611416,0.9886840167672546,0.9932967961650263,0.04461957341976865,6.251500129699707,-0.057870518751115596,0.0004000731623399201,0.024248421890462613,1.0236530101828571,1.0617483814518525,0.02109718066860619,105.41999816894533,0.04355574809040452,0.10479983433131657,0.2572450815426246,1.0780739335540361,1.1572381567904277,0.035999747512939786,3713956,0.0,0.0,0.0,1.0,0.9952317490771193,0.0,78131.4375,-0.014451581088529397,-0.031400849914465234,0.03176214064751148,0.9941377149404619,1.0666046437398342,0.017349324849228655,-0.012491513917175845,0.4318338419135741,-0.012491513917175845,0.4378921531593144,-0.07842595788746975,0,1.0
2026-05-17,14550.0,14745.0,14449.0,14609.0,3558092278833,243555146,15603,14485.0,14520.0,62.80258566958498,60.434505506203244,73.71303395399781,84.17382403784529,-26.286966046002192,0.2416292716603383,42.57659073055774,149.90860998028677,0.05849917062315253,33.227413073157884,32.03105833443855,17.685639601848486,14.345418732590062,59.828802354010925,1.005944215820759,1.1050438554767024,1.169202623136684,1.0278300465780128,1.0935842087750938,1.162293698545422,0.6935524142729024,54.27152943108945,0.04683887035838783,0.020385674931129475,0.04096163026028529,0.037980309440822466,0.03013685083290697,0.7357336766482758,0.7390875707994025,0.37243910008334696,-1.3501176219898559,56.30993636118928,228038984.73582003,1.0371699079995622,0.8811197104158254,0.10135135135135136,0.6587837837837838,0.23986486486486486,0.00027498968788670426,-0.0017874329712636028,-0.033739269315232634,-0.011908812521265744,-0.0027472527472527375,0.0024162927166033743,0.4257659073055773,-0.49936856406494273,-0.24899141408916933,0.452,0,2,63.10801713119269,68.86105110076194,66.92876636562522,69.09613161588976,215.30849237806103,289.3667261869232,325.50067198265344,392.18644360011734,0.8648328697991668,2.112612690982364,6.335398476495875,1.801846249825846,-0.03200905037598989,0.0225927186117727,-0.02682119205298017,-0.01154107264086901,33.563804288442476,34.01998922793844,34.23375969559604,34.09381009283524,1312500.0,0.0,0.0,-0.0060583112457403,0.9980267585231485,1.0023079429067068,0.0007585635959922836,4555.7998046875,0.0,-0.03486994768695839,-0.06212950570269582,0.9780844177329011,0.9548096647330482,0.014187931147396818,77.16100311279297,0.0,-0.040226303443130385,-0.055995937112611416,0.991591672886432,0.9940791937034552,0.04461957341976865,6.251500129699707,0.0,0.0004000731623399201,0.024248421890462613,1.0224141343159834,1.060467807324054,0.02109718066860619,105.41999816894533,0.0,0.10479983433131657,0.2572450815426246,1.066313305559093,1.1467994547308507,0.035999747512939786,3713956,0.0,0.0,0.0,1.0,0.9969193806172267,0.0,77429.3515625,-0.008985959556932488,-0.05733673597790634,0.04837769432702599,0.9829700176677503,1.0545338967086215,0.016422177828781127,-0.0027472527472527375,0.4257659073055773,-0.0027472527472527375,0.4318242185513176,-0.12909850092408792,0,0.0
2026-05-18,14400.0,14400.0,14116.0,14272.0,2691656448615,188598373,16094,14609.0,14235.0,59.40841706601463,53.73442575205003,53.03738317757009,69.98082443983563,-46.96261682242991,3.084944601346948,38.837413439968785,76.49353743599681,0.05585642917196235,32.267908903595426,30.633633520206597,20.510067862225583,10.123565657981015,42.643574808064834,0.9832974137931035,1.0671834528463848,1.1475193107306558,1.006470276342205,1.0664222258249318,1.1670114195704642,0.6343205318036779,50.01726239781401,0.046391214656276214,0.019950825430277486,0.04178234396662537,0.035070242902754324,0.02223774271833826,0.5322282238665496,0.5598714177166572,0.30067340758773237,-1.4085393513852758,53.543176459894845,167245958.03498197,0.7554337631512801,0.8768039748737422,0.5809859154929577,0.0,0.41901408450704225,-0.008264462809917356,-0.01962809917355368,-0.021380448233191296,-0.05270513076462369,-0.05728476821192052,0.030849446013469395,0.3883741343996878,-0.8849538232018205,-0.26373228509361746,0.4235,0,3,62.80258566958498,63.10801713119269,68.86105110076194,71.98893736519923,149.90860998028677,215.30849237806103,289.3667261869232,381.936452713377,0.7390875707994025,0.8648328697991668,2.112612690982364,1.61637562356085,-0.0017874329712636028,-0.03200905037598989,0.0225927186117727,0.03708791208791218,33.227413073157884,33.563804288442476,34.01998922793844,34.598061920281445,1314500.0,0.0015238095238094829,0.0016001219140506784,-0.0037893141341417413,0.9997376116576479,1.0033763672004854,0.0008524268732119041,4552.5,-0.000724308536144358,-0.035221605194922345,-0.05286483012808829,0.9800492011289057,0.9559994631444186,0.014087867097971185,77.072998046875,-0.0011405381263553949,-0.09840325792145965,-0.03599702920137027,0.9922957273302158,0.9931444964824633,0.044371553746433895,6.271999835968018,0.003279165935056172,-0.022062836187491497,0.039098752457753516,1.0237910314918786,1.0622172520661946,0.020893702106139896,108.66000366210938,0.030734258674256942,0.1079841337844325,0.2125879134248907,1.0885976164032232,1.1703906471923309,0.033793549461724796,3713956,0.0,0.0,0.0,1.0,0.9983780492463952,0.0,76954.171875,-0.006136945201154598,-0.05841459057077658,0.01425612841770052,0.9762672994999602,1.046014690140905,0.015436231473406021,-0.05728476821192052,0.3883741343996878,-0.0588848901259712,0.39216344853382956,-0.08106782511210764,0,0.0
2026-05-19,14200.0,14200.0,13796.0,13977.0,2037630843309,145780864,12999,14272.0,13817.0,54.73596582448038,45.16626859576976,31.08958837772397,52.61333516976396,-68.91041162227603,0.450745183569611,35.753586166240915,-6.758855129278345,0.05139857877363316,30.796547551862073,29.145647962885405,23.05449194771757,6.091156015167837,22.866614305248703,0.9540150521300835,1.021906987752204,1.116680459829568,0.9803978023756473,1.032422668478113,1.1705061228712192,0.5492488973004522,44.48218935452772,0.0466502250241276,0.02923934283853224,0.042747087961183525,0.036566132635316675,0.022699184708805317,0.5310112522616114,0.42456604695836875,0.4832270437586318,0.4218442955662589,49.9412863116664,156752892.01546273,0.6956367348042195,0.6876868139135035,0.948019801980198,0.0,0.05198019801980198,-0.0024587284861257463,-0.02936424306287322,-0.04841597796143249,-0.050116870617351816,-0.059748213678121775,0.004507451835696008,0.35753586166240914,-1.066952757669433,-0.2853522292334747,0.3817,0,4,59.40841706601463,62.80258566958498,63.10801713119269,66.92876636562522,76.49353743599681,149.90860998028677,215.30849237806103,325.50067198265344,0.5598714177166572,0.7390875707994025,0.8648328697991668,6.335398476495875,-0.01962809917355368,-0.0017874329712636028,-0.03200905037598989,-0.02682119205298017,32.267908903595426,33.227413073157884,33.563804288442476,34.23375969559604,1318500.0,0.003042982122479998,0.006104540251812285,-0.0007578628268283261,1.0028179297913362,1.005908347826246,0.0011181708332426948,4506.2998046875,-0.01014831308347064,-0.03662140614683618,-0.040886280786874396,0.9721134309050719,0.9483517000766327,0.013424682713524731,74.8280029296875,-0.029128166466576455,-0.12101485558684011,-0.02071691403879028,0.9643747054468261,0.9649677976820701,0.043715938567731975,6.164999961853027,-0.017059929354809378,-0.04934466693495032,0.027243160646486686,1.0049841576894922,1.0427802025400694,0.021268510533050358,107.7699966430664,-0.008190750865521235,0.05470734313168202,0.16976012000334917,1.0712883093320895,1.1496888898895914,0.033757147237678864,3716478,0.0006790602796586942,0.0006790602796586942,0.0006790602796586942,1.0006450853630833,0.9999451500000057,0.0001518424946136858,76750.90625,-0.002641385386229267,-0.04630594016048162,0.0052143857331639065,0.9734427656101953,1.0409983169574455,0.015398004203515812,-0.06042727395778047,0.35685680138275044,-0.06585275392993406,0.35829372448923746,-0.08099019818272879,0,0.0
2026-05-20,13881.0,14099.0,13750.0,13844.0,7194700786634,519714070,29762,13977.0,13826.0,54.81836249729362,45.38502439396147,31.52542372881356,38.550798428035876,-68.47457627118644,1.6617647058823528,34.914129586260735,-64.54731406866267,0.046018289849467625,29.34739880207652,27.9819924570818,22.66026819361051,5.3217242634712925,12.83601378841389,0.953149128612398,1.0092191799820434,1.1189542399026235,0.9839069304839472,1.0305687268783335,1.1739550573073556,0.5242321413045085,38.04525512703276,0.045092889530381805,0.025242297121365543,0.042841464147708994,0.03631390882282044,0.01521846972057909,0.3552275820478213,1.4218758431279859,1.8909471220533396,-1.8767337929741066,39.74386763187313,241741172.85914925,1.0582639155182068,1.4754407186341194,0.15759312320916904,0.6246418338108882,0.2177650429799427,0.004631975103133821,0.0006513714988782837,-0.028731998595012298,-0.047796143250688705,-0.07992280561655685,0.016617647058823515,0.34914129586260745,-0.356715129726122,-0.28488672804386056,0.3826,1,0,54.73596582448038,59.40841706601463,62.80258566958498,68.86105110076194,-6.758855129278345,76.49353743599681,149.90860998028677,289.3667261869232,0.42456604695836875,0.5598714177166572,0.7390875707994025,2.112612690982364,-0.02936424306287322,-0.01962809917355368,-0.0017874329712636028,0.0225927186117727,30.796547551862073,32.267908903595426,33.227413073157884,34.01998922793844,1320230.0,0.0013120970800151177,0.006656500190621362,-0.00020446800454376746,1.0041440345791297,1.0066802183902006,0.0011454500081289466,4531.2998046875,0.0055477888918964435,-0.03542167096807047,-0.04251456847596413,0.9796324874167828,0.9555865845479454,0.013367947271070511,75.85099792480469,0.013671285549053724,-0.1466677447108885,-0.026215447807850456,0.9788469660918127,0.9786649751394217,0.04360012770765822,6.290500164031982,0.02035688612417008,-0.05199303633060093,0.027859523147250043,1.024019425368981,1.062218455003286,0.021296463357866096,98.26000213623048,-0.08824343326587425,-0.027321269041294838,0.05701380275339418,0.9741879103912187,1.0403850931929297,0.040079419230500825,3761304,0.012061419440664078,0.012748670151181196,0.012748670151181196,1.0120691805444955,1.0123396462891783,0.002693295482957261,77457.7734375,0.009209887179670861,-0.022949166348935623,-0.009530672187014644,0.9828726234961002,1.0481364470055619,0.01451368246216487,-0.09267147576773804,0.33639262571142625,-0.08657930580717821,0.3493457638671512,-0.08415197919676398,0,0.0
2026-05-23,13650.0,13660.0,13226.0,13349.0,2998104890589,224595345,20406,13844.0,13260.0,48.80177002115112,35.10852743437151,4.116222760290557,22.243744955609362,-95.88377723970945,-9.979633401221996,28.725366469274828,-139.89414653102585,0.03966278328534086,27.393010657357177,26.055940599428233,27.111833872629486,-1.055893273201253,-41.000899218371785,0.9234883623751619,0.9575631966434738,1.0742652706079079,0.951883639886081,0.9892314341551476,1.163268877417097,0.36043634859134416,30.406773488798393,0.046891326106505954,0.03273001508295626,0.04465341012624316,0.025065839202766105,0.017807394730900674,0.3987913729445521,0.6009964635305227,0.8492962694917477,2.880609189445323,34.8709462151201,146922713.44648632,0.6465247883352079,0.971323443661955,0.8986175115207373,0.02304147465437788,0.07834101382488479,-0.012729639809055403,-0.040937364385939534,-0.040312658319461514,-0.06849315068493156,-0.08840918465557546,-0.09979633401221999,0.2872536646927484,-1.2219778715889242,-0.31416158063515054,0.326,0,1,54.81836249729362,54.73596582448038,59.40841706601463,63.10801713119269,-64.54731406866267,-6.758855129278345,76.49353743599681,215.30849237806103,1.4218758431279859,0.42456604695836875,0.5598714177166572,0.8648328697991668,0.0006513714988782837,-0.02936424306287322,-0.01962809917355368,-0.03200905037598989,29.34739880207652,30.796547551862073,32.267908903595426,33.563804288442476,1320450.0,0.00016663763132185316,0.006057142857142761,0.0014789533560863877,1.004236891759622,1.0062971207609892,0.001089515611794271,4521.0,-0.0022730353610337373,-0.007638571969666885,-0.042627493597014676,0.9795371957875917,0.954872010196634,0.013368005862725373,75.89299774169922,0.0005537147571370582,-0.016433241144366617,-0.0064151116401823804,0.9796987221528696,0.9785892021761288,0.04337036134280561,6.3420000076293945,0.008186923496461995,0.014476505806940487,0.05287624201494667,1.0297335098231803,1.0683566344558235,0.020939311387996155,96.5999984741211,-0.016893991716058765,-0.0836653372037568,0.023305052041117547,0.95668664333391,1.0154397172913905,0.04022561008046574,3831772,0.01873499190706207,0.03172250829035139,0.03172250829035139,1.029398628599325,1.0313933749349466,0.0048525826972340225,76673.3671875,-0.010126888692881586,-0.018661762270788862,-0.012094112360581999,0.9734989317287148,1.034951068446807,0.014591703425628176,-0.12013169294592685,0.255531156402397,-0.09446632751271822,0.285774711336662,-0.04846805004120158,0,1.0
2026-05-24,12500.0,13177.0,12435.0,12723.0,14400043756932,1131769951,42935,13349.0,12870.0,45.12650159603336,29.70205504985212,15.508021390374331,17.049889293159485,-84.49197860962566,-11.607142857142858,19.07846039970392,-210.74566600342405,0.031265778585109996,26.66522745153896,23.645858642513538,33.47253286370186,-9.82667422118832,-117.76540171825741,0.9070023115521226,0.9225310467179184,1.0448582743520174,0.9348336679006273,0.9629799367693855,1.1519907513399679,0.17313478976082125,23.70058080680867,0.04944015314818234,0.057653457653457654,0.044816134118713394,0.025800289384356294,0.015583621844199898,0.3477234739373205,2.669422468910788,2.560034260456132,3.426728309300917,30.708877945527163,335391726.0261325,1.4262295780855856,1.885226646527139,0.49865229110512127,0.4137466307277628,0.0876010781671159,-0.05731523378582202,-0.02941176470588236,-0.06914508896282368,-0.06853875660418329,-0.11363636363636365,-0.1160714285714286,0.19078460399703934,-0.872640306783964,-0.3343332988517637,0.287,0,2,48.80177002115112,54.81836249729362,54.73596582448038,62.80258566958498,-139.89414653102585,-64.54731406866267,-6.758855129278345,149.90860998028677,0.6009964635305227,1.4218758431279859,0.42456604695836875,0.7390875707994025,-0.040937364385939534,0.0006513714988782837,-0.02936424306287322,-0.0017874329712636028,27.393010657357177,29.34739880207652,30.796547551862073,33.227413073157884,1320450.0,0.0,0.006057142857142761,0.0014789533560863877,1.004162431800112,1.0057242921767349,0.001089515611794271,4521.0,0.0,-0.007638571969666885,-0.042627493597014676,0.9816779599381906,0.9567533199848846,0.013368005862725373,75.89299774169922,0.0,-0.016433241144366617,-0.0064151116401823804,0.9800086721993471,0.9789971952966132,0.04337036134280561,6.3420000076293945,0.0,0.014476505806940487,0.05287624201494667,1.027077794949405,1.066385977119228,0.020939311387996155,96.5999984741211,0.0,-0.0836653372037568,0.023305052041117547,0.9556455695159242,1.0087782391209088,0.04022561008046574,3909791,0.02036107576338053,0.05272948844843617,0.05272948844843617,1.0476025359284917,1.0518102961795712,0.006395561402941433,76981.125,0.004013881531345742,-0.00578884561803672,-0.021312821154599648,0.978447750734768,1.0361525326851575,0.014264416318163319,-0.16636585208479981,0.13805511554860317,-0.11969350649350641,0.18930565064095295,0.018863475595378487,0,3.0
2026-05-25,13201.0,13370.0,12805.0,13115.0,4709996250072,359132869,21091,12723.0,12934.0,45.84723422251956,31.715256406875127,17.789661319073083,12.47130182324599,-82.21033868092691,-14.344370860927153,10.11408138940916,-245.61190527956205,0.023667956919308574,25.66126900613845,24.317269838136454,31.334902608132325,-7.0176327699958705,-117.62026256879464,0.9256423101696128,0.9231878316791755,1.0520082833248472,0.9483115715116174,0.9700847328032755,1.1365170668701168,0.11502605558129576,19.952562877159888,0.048801785014150896,0.04368331529302613,0.040978714864369256,0.02046298619055492,0.020357898970109638,0.4967920306307777,0.8225665810761937,0.7541661274676378,1.1752986375251022,34.93287565706561,223317825.14209852,0.9549030352864594,0.8944444444444445,0.4725663716814159,0.2991150442477876,0.22831858407079647,0.02571872571872572,0.004972804972805056,-0.024585218702865785,-0.06451612903225812,-0.09139445029855986,-0.14344370860927147,0.10114081389409169,-0.015448443415843602,-0.3310230681700631,0.2934,1,0,45.12650159603336,48.80177002115112,54.81836249729362,59.40841706601463,-210.74566600342405,-139.89414653102585,-64.54731406866267,76.49353743599681,2.669422468910788,0.6009964635305227,1.4218758431279859,0.5598714177166572,-0.02941176470588236,-0.040937364385939534,0.0006513714988782837,-0.01962809917355368,26.66522745153896,27.393010657357177,29.34739880207652,32.267908903595426,1322500.0,0.0015525010413117712,0.006085964244959996,0.00379506641366234,1.0055302261625658,1.0067862647038945,0.0011186860160237878,4521.0,0.0,-0.006919275123558499,-0.03302389219505053,0.9833263091248993,0.9589381128493718,0.013245311878219916,75.89299774169922,0.0,-0.015310164844737462,0.011866184142011793,0.9794458537096408,0.9806138175801266,0.04314860461704894,6.3420000076293945,0.0,0.01116074194708161,0.053838463769845246,1.0243902397696036,1.0645565801101076,0.020931805486228475,96.5999984741211,0.0,-0.11098844820114528,0.002386590442918779,0.9555368626562757,1.0024531973368498,0.03997846671682255,3993143,0.021318786605217577,0.07517240376568823,0.07517240376568823,1.0659491650417285,1.0725628511140963,0.007603385006216695,77279.9296875,0.0038815318365379436,0.004233140381643574,-0.001120577671573475,0.9822997474839771,1.0375834306801186,0.013823955603238725,-0.1665668540642481,0.025968410128403452,-0.09748041454351986,0.09734574748042935,-0.0004574914220358828,0,3.0
2026-05-26,12890.0,12934.0,12770.0,12845.0,1740118414580,135469869,11188,13115.0,12802.0,44.54761934636149,29.670638217074682,13.083778966131907,15.460487225193107,-86.9162210338681,-12.88193263014631,0.0,-268.04398509678,0.016925345938363087,24.77644485346963,23.841327297525844,31.139308988007592,-7.297981690481748,-143.67222584920964,0.9287781945341236,0.9137660910125873,1.04282744553707,0.9475795356200207,0.9630246319916849,1.1227949274370654,0.06780535153142449,19.952562877159888,0.04669822648162877,0.012810498359631307,0.03594496208460028,0.020083247439260397,0.01966792400953093,0.5471677494954755,0.3116464535680172,0.28571917924259993,0.9066350970952441,35.35518036497007,155534359.54415447,0.6797726926320752,0.47191816935568914,0.5365853658536586,0.2682926829268293,0.1951219512195122,-0.0034018865006958405,-0.010205659502087516,-0.005283605283605275,-0.03453996983408747,-0.0734602301512629,-0.1288193263014631,0.0,-0.30062882102947464,-0.33785041895107065,0.2802,0,1,45.84723422251956,45.12650159603336,48.80177002115112,54.73596582448038,-245.61190527956205,-210.74566600342405,-139.89414653102585,-6.758855129278345,0.8225665810761937,2.669422468910788,0.6009964635305227,0.42456604695836875,0.004972804972805056,-0.02941176470588236,-0.040937364385939534,-0.02936424306287322,25.66126900613845,26.66522745153896,27.393010657357177,30.796547551862073,1322500.0,0.0,0.0030337504740234333,0.004557538928978255,1.0053009194417597,1.0062873441983757,0.0010974700335814479,4500.39990234375,-0.004556535646151327,-0.0013092565074371842,-0.019841031831917655,0.9798164739108057,0.9568372785227796,0.01270265227182245,76.30500030517578,0.005428729602680926,0.019738564677132198,0.042346812329509875,0.9827970432491323,0.987462771456618,0.04273370241431942,6.361000061035156,0.0029959087642548177,0.031792392602581154,0.07549240116140399,1.0237674734255662,1.065849431361056,0.020394682088427905,93.88999938964844,-0.02805382119336841,-0.1287927780065582,-0.060442318593833755,0.9315131018216445,0.9688010746398573,0.03953281347669806,4073652,0.020161812386884304,0.09610550634229509,0.09684982805396736,1.082244828093544,1.0915186982300893,0.008388893473163113,75825.734375,-0.01881724424932052,-0.012054214343560243,-0.006875348796660519,0.9641372307751758,1.0158313781626003,0.014163239527220753,-0.169565736493558,-0.09684982805396736,-0.07649398062528634,-0.004557538928978255,0.01930712339431695,0,3.0
2026-05-30,12700.0,12780.0,12565.0,12679.0,1786019885592,140866282,12484,12845.0,12643.0,42.96764175575892,27.205867349335577,7.4153297682709445,12.762923351158646,-92.58467023172905,-15.864776735209956,-4.939849624060151,-282.6187984248874,0.010396960038645493,24.238104299595644,23.136588447639696,32.77568360905983,-9.639095161420137,-148.46322621088936,0.9333864883022156,0.9045380724460376,1.031115330286393,0.9451442267559541,0.9545239776139416,1.1047035105060727,0.05245828951685543,21.330286165038412,0.045246940940958574,0.01700545756545124,0.034883066240548606,0.015652609697141318,0.017854909946048096,0.511850358076988,0.33116825555019513,0.3536094364587702,8.14305143202347,30.54192242519042,143064713.68087152,0.6312898335874251,0.539764620426658,0.2651162790697674,0.37209302325581395,0.3627906976744186,-0.007967505077331667,-0.012419934385252351,-0.022498840265965714,-0.017637917637917666,-0.08556343121654852,-0.1586477673520995,-0.04939849624060155,-0.29969731080535067,-0.34607427330092067,0.2643,0,2,44.54761934636149,45.84723422251956,45.12650159603336,54.81836249729362,-268.04398509678,-245.61190527956205,-210.74566600342405,-64.54731406866267,0.3116464535680172,0.8225665810761937,2.669422468910788,1.4218758431279859,-0.010205659502087516,0.004972804972805056,-0.02941176470588236,0.0006513714988782837,24.77644485346963,25.66126900613845,26.66522745153896,29.34739880207652,1341500.0,0.014366729678638945,0.016110829173704655,0.019764348156594558,1.0187370925478794,1.0198452845668633,0.0033275068999334837,4560.5,0.013354390489820789,0.006444110204823161,0.0033661453907527505,0.9927359836740657,0.9722786091200426,0.012892929289828416,75.61599731445312,-0.009029591612175425,-0.00309818745673629,0.05654678780627265,0.9713911128358044,0.9813165940044551,0.042420913771660705,6.359499931335449,-0.00023583236681545827,0.010968884111631771,0.08182358558182656,1.0195795362542446,1.0635077664879857,0.020286381568473816,87.36000061035156,-0.06954946023800723,-0.1109301983401837,-0.18263470382379854,0.8752016300276375,0.8975225763597561,0.03843655557449142,4153376,0.019570645700712763,0.10423831734951494,0.1183158874256991,1.0970217170034224,1.1100655695632513,0.008939354515426703,73754.8359375,-0.02731128758025958,-0.04780588617084203,-0.026674584727113038,0.9390120855016497,0.9856743434182086,0.015340255804494572,-0.18980174856606347,-0.16771438366630065,-0.10167426039025318,-0.06916284439719611,-0.03777900465336381,0,2.0
2026-05-31,12655.0,12820.0,12612.0,12702.0,2158731697459,169952647,13161,12679.0,12699.0,43.72468372667377,29.608608074367837,9.411764705882353,9.970291146761735,-90.58823529411765,-12.697648838168568,-11.394083170527491,-277.1398504094593,0.00532662029936674,23.658512617598777,23.03043291972443,31.884879451695014,-8.854446531970584,-125.20508410919368,0.9504812658114157,0.9138831216963582,1.036610750581609,0.9567890339929208,0.9616902420452391,1.0906167095220602,0.12137126327853695,22.74441159678626,0.04299968482397382,0.016379242460036223,0.029525418144230937,0.016011184952393658,0.01417971627628062,0.4802545456600498,0.4259630853803211,0.4386572949749362,2.3071723041910928,28.356905936937537,164024899.13068914,0.7440333755355938,0.5967854932288584,0.21153846153846154,0.5817307692307693,0.20673076923076922,0.0009491418176065807,0.004429328482164152,-0.008045617872207478,-0.018169166537807313,-0.04230769230769227,-0.12697648838168574,-0.11394083170527491,0.34049084410530467,-0.3431778214544326,0.2699,1,0,42.96764175575892,44.54761934636149,45.84723422251956,48.80177002115112,-282.6187984248874,-268.04398509678,-245.61190527956205,-139.89414653102585,0.33116825555019513,0.3116464535680172,0.8225665810761937,0.6009964635305227,-0.012419934385252351,-0.010205659502087516,0.004972804972805056,-0.040937364385939534,24.238104299595644,24.77644485346963,25.66126900613845,27.393010657357177,1341500.0,0.0,0.01594153508273699,0.020152091254752813,1.017713062572853,1.0189477492556973,0.0033203823697036533,4560.5,0.0,0.008737005087370076,-0.014989503835410867,0.9934864169811082,0.9747528302505457,0.012145853961873065,75.61599731445312,0.0,-0.0036498812207795828,-0.004410726657397723,0.971600177989227,0.9843418344876431,0.04019751187676613,6.359499931335449,0.0,0.0027593698651848797,0.07206671604380155,1.0160974510317857,1.0619573831110642,0.020271275614446672,87.36000061035156,0.0,-0.09565215330976329,-0.1430253235420027,0.8816405739223777,0.893532941861008,0.03747843605366798,4236521,0.020018654704028638,0.10562971909602137,0.1407030670261038,1.1113132266774342,1.1287625447020657,0.00938378265173808,73579.6875,-0.002374738351372918,-0.04034881734011497,-0.06455301323145668,0.9398199175433803,0.9808431630345129,0.012246162064079377,-0.14793741140371364,-0.2546438987313787,-0.05824922739042926,-0.13409292296002773,-0.0262163438828531,0,2.0
2026-06-01,12949.0,13138.0,12850.0,12963.0,2754548962244,212491603,12364,12702.0,13111.0,49.079952814785806,45.14869592656709,24.099821746880572,13.64230540701129,-75.90017825311944,-9.703856749311294,-9.48567483603728,-236.02806270052224,0.0037943347735081043,22.495352488794435,25.904993484399196,30.029774775237144,-4.124781290837948,-81.82933387107624,0.9917774230882698,0.9482206849666773,1.0705636238631744,0.9896835164118787,0.9934139752147276,1.079439397329266,0.2750299132227421,23.0160888387749,0.04106523948557573,0.021966287849897032,0.03054161853005202,0.02148584649057124,0.017898719750888338,0.5860435894475122,0.5399624608421744,1.0437608451651288,-0.30754350688279497,26.634415672198273,222787848.77418312,1.009446291796727,0.5724630635385848,0.5625,0.09375,0.34375,0.019686589495235846,0.03244349948814862,0.03701653088665657,0.024136853616622433,0.01872571872571882,-0.0970385674931129,-0.09485674836037283,1.210770841269996,-0.3218682114409848,0.3111,2,0,43.72468372667377,42.96764175575892,44.54761934636149,45.12650159603336,-277.1398504094593,-282.6187984248874,-268.04398509678,-210.74566600342405,0.4259630853803211,0.33116825555019513,0.3116464535680172,2.669422468910788,0.004429328482164152,-0.012419934385252351,-0.010205659502087516,-0.02941176470588236,23.658512617598777,24.238104299595644,24.77644485346963,26.66522745153896,1341750.0,0.000186358553857513,0.016130864478018925,0.020342205323193863,1.016870925032342,1.0184083137640303,0.003317679095854838,4475.2001953125,-0.018704046636881966,-0.010130458900132755,-0.03341318609349153,0.9765497213282368,0.959520185321157,0.012793206142792264,75.00700378417969,-0.008053765762566112,-0.011674251694932414,-0.012428969460622441,0.964359997430222,0.9804811535228302,0.040243955670090516,6.52400016784668,0.025866850898241367,0.02869759697230201,0.09979770594067383,1.037474084228262,1.0874493544121995,0.020841063411819044,92.16000366210938,0.054945089494299326,-0.04596267993939129,-0.09593877324966982,0.9346951208261715,0.9375000392901712,0.03995113652850157,4300178,0.015025772325925058,0.09984855968004425,0.1578430116027223,1.1194046742139447,1.1421551919500663,0.00942514861401562,71319.7734375,-0.030713830668280595,-0.07354207362519061,-0.09191006011901248,0.9151733963689297,0.9498669107678331,0.013683364883405526,-0.08112284095432543,-0.2526997599630951,0.002594854247699896,-0.1151989536835667,-0.06773123505361411,0,1.0
2026-06-02,13200.0,13258.0,12934.0,13109.0,2307699121566,176038227,14250,12963.0,13118.0,49.16846073218127,45.38768175169333,24.349376114081995,19.28698752228164,-75.65062388591801,-7.846856340007024,-5.003982909696575,-200.0456473879189,0.002722863750654704,21.1874106100129,26.397022847661848,28.702477510209867,-2.3054546625480192,-66.8338707751105,1.0007628928898382,0.9511035062788202,1.0693992679367719,0.9917052803658164,0.9943904112740163,1.0685840527607262,0.2919800991838847,23.505680720616777,0.03987586638664422,0.0246988870254612,0.028893701445638454,0.021422339456874988,0.017938774459201015,0.6208541502704874,0.4508561116559817,1.0543501372372348,-0.24457223942084383,40.52038838464883,161943798.00463158,0.7378528842427765,0.6651636302530423,0.25308641975308643,0.17901234567901234,0.5679012345679012,0.00678819312028068,0.0005339028296849069,0.032994723994015374,0.03757019694692709,0.01422607082109173,-0.07846856340007025,-0.05003982909696569,0.09376302899911464,-0.32150615496017376,0.3118,3,0,49.079952814785806,43.72468372667377,42.96764175575892,45.84723422251956,-236.02806270052224,-277.1398504094593,-282.6187984248874,-245.61190527956205,0.5399624608421744,0.4259630853803211,0.33116825555019513,0.8225665810761937,0.03244349948814862,0.004429328482164152,-0.012419934385252351,0.004972804972805056,22.495352488794435,23.658512617598777,24.238104299595644,25.66126900613845,1350550.0,0.006558598844792263,0.021209829867674834,0.028207080319756273,1.0221051862822745,1.024518423997771,0.0034965433810988647,4489.10009765625,0.003105984478260826,-0.007055939469973405,-0.006726386180716859,0.9799078890461858,0.9648314271240316,0.011701795783383744,75.31099700927734,0.004052864529455746,-0.007668701326078997,0.030640990476516583,0.9668767606231674,0.98589908926641,0.03923511089101619,6.649499893188477,0.019236622028355965,0.048486263826736264,0.147454668791136,1.0502955489213388,1.1049241591723358,0.019971508802346983,93.76000213623048,0.017361093864397548,-0.029399548475680715,-0.11896256578220077,0.9570667631211457,0.9547375620580609,0.03868502855869743,4344624,0.010335851213600922,0.08802114023965579,0.16981030469935554,1.1217664912880192,1.1501072598940405,0.009280491395162481,66703.65625,-0.06472422674681189,-0.13685666485810366,-0.16440679226758503,0.8632081510343415,0.889830090538167,0.018327227838961624,-0.07379506941856406,-0.21985013379632123,-0.0069837590465831045,-0.07824690941672197,-0.06339156304828741,0,1.0
2026-06-03,13060.0,13230.0,12980.0,13093.0,3203863086337,244697810,20527,13109.0,13074.0,48.596667340883805,43.98239332555743,27.662337662337663,25.37051184110008,-72.33766233766234,-5.37743359629442,-4.95092693565976,-171.96323734891516,0.0015917184781140705,19.972893151144337,25.461862726107377,27.68564267575656,-2.2237799496491846,-61.15609485360651,1.0030919846244735,0.9502592970814088,1.062232491932103,0.9901491771136478,0.9917121538883953,1.0589582094305836,0.2927520780307304,24.000579810863798,0.03851805654832921,0.019121921370659323,0.02889221075035856,0.020066972941042673,0.016914459650418545,0.5854332088522728,0.6223454198885968,1.296004974941019,-0.13413866564198207,27.78695135469917,156080434.85833293,0.7179360453327507,0.942342520182069,0.056,0.624,0.32,-0.004421405702088733,-0.0033541698429638833,-0.002822057814049317,0.029529884242853743,0.021246680206217672,-0.05377433596294423,-0.04950926935659761,-0.04176654677691315,-0.32378193855384296,0.3074,0,1,49.16846073218127,49.079952814785806,43.72468372667377,44.54761934636149,-200.0456473879189,-236.02806270052224,-277.1398504094593,-268.04398509678,0.4508561116559817,0.5399624608421744,0.4259630853803211,0.3116464535680172,0.0005339028296849069,0.03244349948814862,0.004429328482164152,-0.010205659502087516,21.1874106100129,22.495352488794435,23.658512617598777,24.77644485346963,1350750.0,0.0001480878160748933,0.02136105860113413,0.028359345260753788,1.0208176516999645,1.0240968102995138,0.003493583646904917,4436.7001953125,-0.011672696354244283,-0.014154232604546069,-0.026142415049155043,0.9697302636136471,0.9558590816372944,0.011794982734924853,73.47599792480469,-0.02436561932975878,-0.03707492784295552,0.005033596969113763,0.9430954267028371,0.9635893244938317,0.039685748260651195,6.480999946594238,-0.02534024352219988,0.018864940167844235,0.09052669044513939,1.019349704956786,1.0744594866340202,0.02072453008408153,96.0199966430664,0.02410403642645198,0.022686092952012515,-0.0611127427901772,0.9832724585719778,0.9772490556019718,0.03838881920788345,4359001,0.0033091471206714296,0.07004746600838763,0.17368137910088333,1.1161836555208622,1.1499857928376442,0.009160707250302703,64014.3671875,-0.04031696632071802,-0.15576990166803117,-0.20898681615571435,0.837572023575693,0.8564332861776403,0.018809374622534635,-0.048800785802169955,-0.22319064845748093,-0.00011437839491645896,-0.0778686146173514,-0.08317421522951196,0,0.0
2026-06-06,12600.0,12675.0,12023.0,12200.0,11489087788801,941760869,64402,13093.0,12069.0,37.78737405919121,24.099096294724745,1.6899338721528288,17.90054921619083,-98.31006612784716,-12.707941559380876,-11.257352941176471,-211.2413598313683,-0.005905902316466305,20.320407199023062,21.94249652147455,36.44478094219896,-14.502284420724411,-119.81241371655345,0.9386374241717219,0.8821207735824235,0.979672744333743,0.9262866003022365,0.9212468657265768,1.0437179672419643,0.05394146024079142,26.426851166488184,0.044965294361393,0.054022702792277735,0.033360504799079226,0.030010065272229658,0.04070037569822545,1.2200167816210266,2.1916009847029883,2.6985462110333764,0.43915402289018357,24.473831823908156,178396444.03591505,0.8254248733426387,2.651330049463884,0.8144171779141104,0.11503067484662577,0.0705521472392638,-0.03625516291877008,-0.07687012391005044,-0.07996645830157034,-0.07947524979025244,-0.04540061694218145,-0.12707941559380875,-0.11257352941176468,-2.141532559327795,-0.3757629047274232,0.2069,0,2,48.596667340883805,49.16846073218127,49.079952814785806,42.96764175575892,-171.96323734891516,-200.0456473879189,-236.02806270052224,-282.6187984248874,0.6223454198885968,0.4508561116559817,0.5399624608421744,0.33116825555019513,-0.0033541698429638833,0.0005339028296849069,0.03244349948814862,-0.012419934385252351,19.972893151144337,21.1874106100129,22.495352488794435,24.238104299595644,1375500.0,0.018323153803442516,0.025344763324636643,0.046405477367820414,1.0371316504983208,1.0418662062004331,0.005141612529125259,4337.10009765625,-0.022449138610150077,-0.04898583540044954,-0.07364527475585159,0.9515462209230575,0.9370815411986801,0.010586591150429455,68.94300079345703,-0.06169357694177524,-0.08824847595735708,-0.10243319996054734,0.8894034971565775,0.9066596923127181,0.04024005480488734,6.263500213623047,-0.03355959493341565,-0.015095482152516215,0.020695890870376932,0.9841578158383136,1.0365554300309248,0.021287223086979563,90.54000091552734,-0.05707140094901031,0.03640110214009051,-0.04774927248733485,0.9293159594848854,0.9225408192664671,0.03725474863004569,4391867,0.007539800977333977,0.057420999206428736,0.18253070311010688,1.114922562005642,1.1545268167083491,0.008963765514633583,60867.4140625,-0.04916010675826066,-0.1747332457755153,-0.25249589262845296,0.8072549224985833,0.8171855373093116,0.02010046523069273,-0.10282161614861018,-0.29510423252187157,-0.07074538026681809,-0.1589790067795851,-0.03942622950819674,0,1.0
2026-06-07,12198.0,12502.0,12198.0,12369.0,5933241975076,479673328,23484,12200.0,12460.0,43.090935882699554,37.02189590740297,18.384518300378627,15.912263278289705,-81.61548169962137,-6.033182503770739,-15.410726408689749,-201.10981454509857,-0.008942555650677106,20.64309881491045,20.674606997497662,34.338915006888264,-13.664308009390602,-98.38634598347444,0.9751134762873689,0.9183169593832684,1.0106761796764863,0.96276898235847,0.9545506684112186,1.0364703229459185,0.1947446180940053,26.758919075138994,0.042925474601120596,0.024398073836276082,0.027732483362153275,0.031375959656009575,0.04466149747805526,1.6104398908251087,1.1057805601651969,1.1672804725384112,0.2525806681476972,27.228897879143503,252650399.21120763,1.1702077702608344,0.9645600970967497,0.8618421052631579,0.13815789473684212,0.0,0.010688540889883172,0.03239705029414197,-0.04696343888633925,-0.050160085378868735,-0.01882037955744542,-0.0603318250377074,-0.15410726408689746,1.455301557538488,-0.3555394641564084,0.246,1,0,37.78737405919121,48.596667340883805,49.16846073218127,43.72468372667377,-211.2413598313683,-171.96323734891516,-200.0456473879189,-277.1398504094593,2.1916009847029883,0.6223454198885968,0.4508561116559817,0.4259630853803211,-0.07687012391005044,-0.0033541698429638833,0.0005339028296849069,0.004429328482164152,20.320407199023062,19.972893151144337,21.1874106100129,23.658512617598777,1375500.0,0.0,0.025344763324636643,0.04800000000000004,1.0346741848226724,1.0408728166926486,0.005093388033204054,4337.10009765625,0.0,-0.04898583540044954,-0.08120070600314733,0.9555641186627191,0.9393253811256589,0.010250905603228725,68.94300079345703,0.0,-0.08824847595735708,-0.14244662389194895,0.8960222878739161,0.9086421013641988,0.03842438298158558,6.263500213623047,0.0,-0.015095482152516215,0.0023203938191100892,0.984045715955589,1.0341269648337306,0.02090386740871364,90.54000091552734,0.0,0.03640110214009051,-0.05114229036954843,0.931649229026256,0.9236287475832968,0.037236318639685274,4493610,0.023166229760600565,0.06068399047237105,0.20992548107732034,1.1295726635979793,1.1764504815956467,0.009303912229056594,63239.51953125,0.03897168140434348,-0.1405301968529018,-0.21601666589346535,0.8485195320940122,0.8508617575572013,0.023360206398424024,-0.07950437002981647,-0.3640327451642178,-0.044165142882082065,-0.2021072640868975,-0.042202279893281625,0,1.0
2026-06-08,12200.0,12288.0,11860.0,12085.0,3586701241665,296781190,18691,12369.0,12150.0,40.167249301693836,31.984751815249908,12.393162393162394,10.822538188564616,-87.6068376068376,-5.594405594405594,-16.552197802197803,-204.8181714597164,-0.013690299850780548,21.378315366678496,19.033412429083615,36.08487902434974,-17.051466595266124,-112.23253713920732,0.9562411459153156,0.9034935082318298,0.9843141639162579,0.9477366828936324,0.9355974931306857,1.0293576762732488,0.15029364780749144,27.596436599768914,0.04440369415572907,0.03522633744855967,0.027982344153871547,0.031026965111886524,0.04045778187849128,1.4458324740778972,0.6872277847644993,0.6937539269709007,0.789985248592286,26.859015070397305,191894561.10775238,0.8976418473144644,0.7714723230021834,0.11682242990654206,0.205607476635514,0.677570093457944,-0.02086677367576244,-0.024879614767255198,0.006711409395973256,-0.07067462138595682,-0.0732972313324689,-0.05594405594405594,-0.165521978021978,-0.5807451882646372,-0.37157339402089584,0.215,0,1,43.090935882699554,37.78737405919121,48.596667340883805,49.079952814785806,-201.10981454509857,-211.2413598313683,-171.96323734891516,-236.02806270052224,1.1057805601651969,2.1916009847029883,0.6223454198885968,0.5399624608421744,0.03239705029414197,-0.07687012391005044,-0.0033541698429638833,0.03244349948814862,20.64309881491045,20.320407199023062,19.972893151144337,22.495352488794435,1374500.0,-0.0007270083605961375,0.02440842183715297,0.0472380952380953,1.0315166033272696,1.0391422075750254,0.0051136646622547705,4335.89990234375,-0.00027672760265518015,-0.03112716457124276,-0.08145496312909628,0.9593632771718857,0.9399363184658542,0.010245158911840897,68.42500305175781,-0.007513420299923745,-0.0877518151686274,-0.1488897828362673,0.8962616137560209,0.9027516947783812,0.03838991515281365,6.329500198364258,0.010537236767017566,-0.029812992715881337,0.01288208112519218,0.993786407373027,1.0422687647157116,0.0210276210976451,91.3000030517578,0.00839410347410463,-0.00933160347415607,-0.04317748057270865,0.9414652323936239,0.9311955932624615,0.0373066795906031,4426012,-0.01504313903520782,0.02926250959843979,0.19172440384323353,1.1027115331516704,1.1544487275784612,0.010634918817013029,63090.58984375,-0.0023550097882448773,-0.11538432046424718,-0.23190392078664734,0.8574790748857866,0.8507395881488096,0.022396072159717208,-0.1025597409309087,-0.3572463818652115,-0.09770565316962188,-0.2127600732600733,-0.01472900289615231,0,2.0
2026-06-09,12290.0,12400.0,12154.0,12278.0,3147678397962,256367749,21777,12085.0,12156.0,40.251746895102585,32.193074286904604,13.220187583742742,14.66595609242792,-86.77981241625726,-6.015153858048554,-19.496688741721854,-196.373508943564,-0.017027464454320684,21.797859485205727,19.919655079436495,34.84373839072157,-14.924083311285074,-95.59656791322655,0.9626074975055827,0.9139437318617205,0.9835253834664819,0.9558211691995587,0.9405141037286686,1.021730441550792,0.17724903594554212,26.663365170850177,0.04268064854450128,0.020236920039486673,0.02595892854388167,0.03089431274658309,0.04045407889860225,1.558387852188028,0.5981962740200438,0.5775919210726194,0.8573851980247686,31.060598974447288,144541415.16104147,0.6877024863521245,0.8995916580089351,0.5447154471544715,0.44715447154471544,0.008130081300813009,0.011522633744855968,0.0004938271604937317,-0.024398073836276124,0.007208550832711991,-0.07333434974843722,-0.0601515385804855,-0.19496688741721857,0.421917816518482,-0.3712630598944864,0.2156,1,0,40.167249301693836,43.090935882699554,37.78737405919121,49.16846073218127,-204.8181714597164,-201.10981454509857,-211.2413598313683,-200.0456473879189,0.6872277847644993,1.1057805601651969,2.1916009847029883,0.4508561116559817,-0.024879614767255198,0.03239705029414197,-0.07687012391005044,0.0005339028296849069,21.378315366678496,20.64309881491045,20.320407199023062,21.1874106100129,1374750.0,0.00018188432157151269,0.017918625745066752,0.047508381590978255,1.029296099231706,1.0383538728125836,0.005107614566294952,4260.0,-0.017504994131142815,-0.05103474920861373,-0.09720901441633589,0.9473771995663415,0.924412567551435,0.010618421943228911,65.09400177001953,-0.0486810541932845,-0.13566405498521295,-0.2385330607093994,0.8641712509290131,0.8598146142761541,0.0356169812550752,6.302499771118164,-0.004265807156949242,-0.05218439396108088,-0.0173072525048914,0.9904101482177677,1.0349748017663014,0.020172586127181258,88.19999694824219,-0.033954063525695855,-0.05930039527846609,-0.10064242660646128,0.9141506496437404,0.9016818828878875,0.037308323820439526,4540874,0.025951578983518298,0.0451707673667503,0.22265153383615743,1.1197935813727267,1.1793212035634846,0.011070997260811103,61643.78125,-0.022932240724538477,-0.07585603675210828,-0.2457473897408926,0.8494084533666879,0.8322797604849761,0.022423637612545764,-0.11850511711518752,-0.417618421253376,-0.09125297549350397,-0.24247526900819683,-0.0645870662974426,0,1.0
2026-06-10,11878.0,12190.0,11808.0,12004.0,3629925836866,302403873,20461,12278.0,12092.0,39.60918541277853,31.011062015736087,15.334773218142548,13.649374398349229,-84.66522678185746,-5.546008436181847,-17.713507995916977,-184.77391397263193,-0.01997847679696892,22.632227971064303,18.852627453547992,37.82912007372179,-18.976492620173797,-108.46195292198539,0.962953524671105,0.9181159337759909,0.9766988032774174,0.9580421578495608,0.940049402632312,1.0142740830727082,0.18762132846088952,26.213078447565213,0.04209830305863645,0.03159113463446907,0.025689916695090242,0.030854499134330672,0.040331987572069,1.569954003773671,0.8518268629501267,0.6640439137437345,0.7211224425211766,32.79844484722099,177407059.13034552,0.8950432874409566,0.9244462516801645,0.5602094240837696,0.25654450261780104,0.18324607329842932,-0.02286936492267193,-0.005264889766370517,-0.004773662551440294,-0.02953451043338684,-0.07511090714394986,-0.055460084361818485,-0.17713507995916977,0.1602185969713851,-0.37457329057618705,0.2092,0,1,40.251746895102585,40.167249301693836,43.090935882699554,48.596667340883805,-196.373508943564,-204.8181714597164,-201.10981454509857,-171.96323734891516,0.5981962740200438,0.6872277847644993,1.1057805601651969,0.6223454198885968,0.0004938271604937317,-0.024879614767255198,0.03239705029414197,-0.0033541698429638833,21.797859485205727,21.378315366678496,20.64309881491045,19.972893151144337,1374750.0,0.0,0.017767906718489712,0.0490270888973674,1.0268263279839025,1.037378370734543,0.005061221067733826,4108.2001953125,-0.0356337569688967,-0.07404151408451476,-0.12172906842315412,0.9194399457545782,0.8929596578229132,0.012624549224373494,64.5989990234375,-0.0076044294884635155,-0.12081494844686436,-0.2411723116689769,0.8694487544031841,0.8543925774540899,0.03558075165000143,6.249000072479248,-0.008488647454472531,-0.03579692578718596,-0.03639168175425478,0.9838272348091541,1.0235604071088804,0.02004426462735807,90.02999877929688,0.020748320797886022,-0.06238281684216318,-0.11890782432561287,0.9390302948846081,0.922202293674917,0.03620318209936835,4593052,0.011490739447956422,0.05369372477776446,0.2367007040471132,1.1205151374013995,1.1874502904628748,0.010811119009229517,61449.2890625,-0.0031550982687325035,-0.04007035041816176,-0.236441303124447,0.8579763594541049,0.8306644644256678,0.02254382751894468,-0.12880463192171432,-0.41383578400628296,-0.09287881386243957,-0.22616216885653717,-0.038820393202265935,0,1.0
2026-06-13,11880.0,11885.0,11409.0,11719.0,3160084028077,269654287,22873,12004.0,11520.0,34.333817135787115,22.42556028233666,5.660377358490566,11.405112720125286,-94.33962264150944,-8.88238550976825,-23.337991615092832,-203.8031744895511,-0.027045121143077704,23.863562455706692,17.089935958656906,39.75421775643915,-22.66428179778224,-143.81300317975777,0.9256803991996722,0.8864879839324052,0.9290936981316507,0.9251450755985261,0.9025623688568767,1.00368734061446,0.052150671090128074,25.346027947367677,0.04526714315231532,0.04131944444444444,0.02586507248159138,0.03360473566562472,0.029736842557947292,1.149691058438422,0.8030357909453933,0.8401070960285318,0.06452957886238742,32.735184165794195,138157829.23433742,0.7272627332959349,1.055719151842997,0.7563025210084033,0.01050420168067227,0.23319327731092437,-0.017532252729077075,-0.047304002646377796,-0.052319842053306975,-0.051851851851851816,-0.04548844146159581,-0.08882385509768254,-0.23337991615092835,-1.331072025118191,-0.40415847729388643,0.152,0,2,39.60918541277853,40.251746895102585,40.167249301693836,37.78737405919121,-184.77391397263193,-196.373508943564,-204.8181714597164,-211.2413598313683,0.8518268629501267,0.5981962740200438,0.6872277847644993,2.1916009847029883,-0.005264889766370517,0.0004938271604937317,-0.024879614767255198,-0.07687012391005044,22.632227971064303,21.797859485205727,21.378315366678496,20.320407199023062,1374750.0,0.0,-0.0005452562704471031,0.048227220739611054,1.0244065465148382,1.0364093878523999,0.005077125525910598,4215.0,0.02599673813592629,-0.02815247398191989,-0.10275244805833972,0.9484655795048582,0.9174140226445139,0.014399279144893713,67.85900115966797,0.050465211311520264,-0.015723128110372908,-0.2365786069334036,0.9264362632190096,0.898095278470953,0.03613934171542952,6.430500030517578,0.029044640091726137,0.026662379053058682,-0.030894420182396076,1.0140385314589375,1.050006124584655,0.020463492825721755,84.87999725341797,-0.05720317222822391,-0.06251384586786213,-0.15977034177377614,0.8928298802589082,0.8726674280221709,0.03798939851184219,4696229,0.02246371258152524,0.06930127893217164,0.26448159321219755,1.1321213250882147,1.2079894812499954,0.010804133271577684,64421.32421875,0.04836565567466766,0.05838773029852673,-0.18739068088984934,0.9088992220630768,0.8713748976605235,0.02639513320447941,-0.11478972039376745,-0.4978615093631259,-0.044943185191148705,-0.2816071368905394,-0.03071934465398074,0,2.0
2026-06-14,11475.0,12075.0,11360.0,11847.0,2916085202281,246140574,17677,11719.0,12067.0,42.25431355079816,40.73211304869651,35.17412935323383,18.723093309955647,-64.82587064676616,-4.976769824395621,-17.042485906778495,-169.1559884942868,-0.02645244109526498,24.537757670638324,17.994251463964357,35.96338197889039,-17.969130514926032,-111.69183786344303,0.9745834578450454,0.9375230651495787,0.9707667826727744,0.9737062387361001,0.949256331751903,0.9960837882671327,0.23726451456850323,23.779404882372056,0.04436069657797974,0.059252506836827715,0.028720192372391574,0.03795536249948601,0.03523317889796363,1.2267737778745842,0.7363476230063555,0.8974404479847758,0.23210909602039242,45.510505483723264,164964937.61843073,0.8796112830699766,0.8179460424913645,0.827972027972028,0.011188811188811189,0.16083916083916083,-0.00390625,0.04748263888888893,-0.002067482633145934,-0.007321487331358956,-0.03154093097913324,-0.049767698243956215,-0.17042485906778493,1.9632104803839443,-0.3758663494362263,0.2067,1,0,34.333817135787115,39.60918541277853,40.251746895102585,43.090935882699554,-203.8031744895511,-184.77391397263193,-196.373508943564,-201.10981454509857,0.8030357909453933,0.8518268629501267,0.5981962740200438,1.1057805601651969,-0.047304002646377796,-0.005264889766370517,0.0004938271604937317,0.03239705029414197,23.863562455706692,22.632227971064303,21.797859485205727,20.64309881491045,1374750.0,0.0,-0.0005452562704471031,0.047428571428571376,1.0220361323877842,1.0354422134745547,0.005092670010115333,4215.0,0.0,-0.02815247398191989,-0.07480570246674323,0.9521163401124455,0.919144908343184,0.013182975368194077,67.85900115966797,0.0,-0.015723128110372908,-0.12055314962050778,0.9323564648820406,0.8997220917064513,0.022830007315771474,6.430500030517578,0.0,0.026662379053058682,0.028633111589884797,1.0126093924978958,1.0471234043855542,0.015556299315939909,84.87999725341797,0.0,-0.06251384586786213,-0.19483970093236103,0.9025802174049895,0.8756382873784471,0.03608091505518557,4818831,0.02610647819771983,0.07237410456181115,0.2974927543568098,1.1464095704076167,1.2325201400828343,0.010873004618291987,65710.3984375,0.020010054657876974,0.0390717533049727,-0.15897620036109028,0.9352814847154378,0.889418192166822,0.02720094870170404,-0.10391503554094439,-0.4679176134245947,-0.03099567470868614,-0.2178534304963563,-0.07985143918291548,0,0.0
2026-06-15,11700.0,12095.0,11510.0,11907.0,2800815839113,235219213,15856,11847.0,11795.0,39.69062741262546,35.827221390343,22.91886195995785,21.251122890560747,-77.08113804004215,-10.03737319807795,-18.767217630853995,-154.5628344045425,-0.029101243001946067,25.113375113403723,16.86453201168975,33.175918288906395,-16.311386277216645,-107.66907357591188,0.962849282862997,0.926194944601057,0.9474732707307473,0.9588747124281655,0.932844211488473,0.9840307175734403,0.1639411892383176,21.961946253294997,0.04568465350259952,0.04959728698601102,0.028824368459021317,0.035949446583329346,0.034932357255837605,1.2119036469263782,0.7045540614855739,0.897930148872232,0.16253897960419783,37.97691104143453,176640756.75536075,0.9549538229595381,0.7332559505366698,0.1623931623931624,0.5128205128205128,0.3247863247863248,-0.030413524488273804,-0.02254081378967432,0.02387152777777768,-0.024561693681773078,-0.029218106995884785,-0.10037373198077948,-0.18767217630853994,-0.4371995518804314,-0.389934829833454,0.1795,0,1,42.25431355079816,34.333817135787115,39.60918541277853,40.167249301693836,-169.1559884942868,-203.8031744895511,-184.77391397263193,-204.8181714597164,0.7363476230063555,0.8030357909453933,0.8518268629501267,0.6872277847644993,0.04748263888888893,-0.047304002646377796,-0.005264889766370517,-0.024879614767255198,24.537757670638324,23.863562455706692,22.632227971064303,21.378315366678496,1375500.0,0.0005455537370431252,0.0007275372862858287,0.04800000000000004,1.0202045749370114,1.0351183172972145,0.0050809705920940515,4328.0,0.026809015421115134,-0.0018219752581187798,-0.05000215427664645,0.9801634630122219,0.9451197307648037,0.014847287791420615,70.06600189208984,0.03252333065187529,0.023982444532603786,-0.09195060891486528,0.9673950103691138,0.9296420040156338,0.024395875240897327,6.482500076293945,0.008086470030260084,0.024172505432455305,0.03695112241888965,1.0189445965550374,1.0524393308267923,0.015619462255508115,80.75,-0.04865689664300343,-0.11555315114038955,-0.23401630238514481,0.8700758573893624,0.838358293499885,0.03698991122392402,4980430,0.03353489674155408,0.12526355554390722,0.34100403989708017,1.1672695730193043,1.2656529648148713,0.011313167122017144,66289.5,0.00881293640382963,0.05070344347980282,-0.14387117207752997,0.9510639921761744,0.8974997857147462,0.027465993643453437,-0.154481662539792,-0.5286762162056201,-0.029945644282170614,-0.23567217630853998,-0.09473418997228522,0,0.0
2026-06-16,11685.0,11794.0,11220.0,11485.0,1915646176092,166790323,16029,11907.0,11224.0,34.90311531734258,27.667484610061862,0.19627085377821393,19.429754055656634,-99.80372914622178,-14.438176551303552,-21.152089919213207,-172.03335777047386,-0.03597006628799926,26.015586751787144,15.585813832476362,34.48453589792124,-18.89872206544488,-137.03485163564577,0.930625917235318,0.8919014490219995,0.9007028114061204,0.924912368250555,0.8951320766892311,0.9678462577980931,0.0027941543217699016,21.74120676931002,0.048238827161319484,0.05114041339985745,0.030027001566001996,0.037657658774053714,0.03941858950104399,1.3127714205628709,0.5012254875579412,0.6834502236245292,0.4497029550517917,37.85375631123955,119511271.82556616,0.6545465744931687,0.7413677075600636,0.8031358885017421,0.18989547038327526,0.006968641114982578,-0.009325985587113183,-0.04841034336583294,-0.06985994862020384,-0.025694444444444464,-0.0766699572227707,-0.1443817655130355,-0.21152089919213202,-1.233303906774198,-0.41946829419675186,0.1224,0,2,39.69062741262546,42.25431355079816,34.333817135787115,40.251746895102585,-154.5628344045425,-169.1559884942868,-203.8031744895511,-196.373508943564,0.7045540614855739,0.7363476230063555,0.8030357909453933,0.5981962740200438,-0.02254081378967432,0.04748263888888893,-0.047304002646377796,0.0004938271604937317,25.113375113403723,24.537757670638324,23.863562455706692,21.797859485205727,1375255.0,-0.00017811704834602704,0.00036733951627576644,0.04621909471281849,1.0177298213734325,1.0340506509664475,0.00510986563285766,4330.89990234375,0.0006700328890365537,0.016643169564260596,-0.04867657279654036,0.9832875604190551,0.9470791018464041,0.0148591184141706,69.89900207519531,-0.002383464339120289,0.07381632983868625,-0.0930805360304855,0.9698926872909527,0.9281247102396766,0.024388379813426262,6.488999843597412,0.0010026636678703849,0.029591444546162915,0.03459821640698468,1.01822972019504,1.050336488567505,0.01561742322659062,76.05000305175781,-0.05820429657265869,-0.13775503760634222,-0.30011043172569796,0.8340873926425408,0.7954239139008334,0.036854898271662107,5100249,0.024057962866660176,0.12318663763848114,0.37326586529296524,1.1762432058839178,1.287033761850239,0.01092462995386513,65600.640625,-0.010391681563445165,0.06418910869456118,-0.14753626701931166,0.9489092567345132,0.8889871956232528,0.02747237620615263,-0.19985659486125185,-0.5847867644850973,-0.07703729673904647,-0.2577399939049505,-0.08654767087505444,0,0.0
2026-06-17,11430.0,11720.0,11350.0,11538.0,1756774336851,152260815,14443,11485.0,11436.0,37.89820946272841,34.16253690549418,10.598626104023552,11.237919639253207,-89.40137389597645,-12.528682882055989,-17.232394875877542,-158.32360969509222,-0.03756551052508702,26.853354701714604,14.560238537602977,32.215389836495255,-17.655151298892278,-115.04355867036561,0.9612588153216385,0.9174267767322086,0.9166002753968647,0.9508104494461566,0.918020873695716,0.953541606887807,0.11366427824380393,21.37343730277694,0.047060808903977715,0.03235396991955229,0.0304414067650687,0.03904188130356268,0.0423151297080848,1.3900517158964254,0.4571174507919804,0.7114557752766193,0.14224356538950422,41.32795574523065,121635002.20528977,0.6726466508455823,0.6657892735230869,0.016216216216216217,0.7675675675675676,0.21621621621621623,0.018353528153955807,0.018888096935139043,-0.030436625688851193,-0.05229137316648713,-0.05425074429374799,-0.12528682882055986,-0.17232394875877544,0.9149841587796703,-0.4085031550636185,0.1436,1,0,34.90311531734258,39.69062741262546,42.25431355079816,39.60918541277853,-172.03335777047386,-154.5628344045425,-169.1559884942868,-184.77391397263193,0.5012254875579412,0.7045540614855739,0.7363476230063555,0.8518268629501267,-0.04841034336583294,-0.02254081378967432,0.04748263888888893,-0.005264889766370517,26.015586751787144,25.113375113403723,24.537757670638324,22.632227971064303,1375255.0,0.0,0.00036733951627576644,0.04304512703830099,1.0155970474129417,1.0331704156661796,0.005131022263278193,4358.89990234375,0.006465169048318842,0.06102421866327279,-0.0327097416355705,0.991303412632462,0.9544456681003674,0.014866757883518773,70.69599914550781,0.011402123730680946,0.09438226929581717,-0.05522001954351696,0.9837717097259249,0.9391974041158669,0.02392135039932921,6.481500148773193,-0.0011557551248237985,0.037205964729922325,0.05133823015061867,1.0145336045007773,1.0460815130600993,0.014998223624400784,76.79000091552734,0.009730412019390844,-0.1470620686803139,-0.28746401310695613,0.8567587422371282,0.809193136386767,0.037296169212864334,5151094,0.009969121115459334,0.1214969915428783,0.38601493134090936,1.1686366868767626,1.2905041293073665,0.010423008060260147,64418.4453125,-0.01802109402037566,0.04831880555981827,-0.16068163283088266,0.9401948616544511,0.8740187722579589,0.027541794927737315,-0.17574773583662628,-0.5583388800996848,-0.054618083810023754,-0.21536907579707643,-0.0757496966545328,0,1.0
2026-06-20,11596.0,11680.0,11134.0,11359.0,1501854088032,132212741,17585,11538.0,11262.0,36.41720962882324,31.457727848774198,6.0263653483992465,5.607087435400338,-93.97363465160075,-6.686552324136216,-18.54477072182844,-150.06212589247946,-0.04074349369875708,27.9065016171242,13.506626764803336,32.746894237399154,-19.240267472595818,-122.0942280733833,0.9530982887899663,0.9128563438733576,0.9018893067416666,0.9456043193917478,0.9105243443573573,0.9462710376772226,0.07871516514312055,20.685210792419625,0.0478374580646457,0.04848161960575386,0.030384291224175138,0.03199752276702963,0.03747044767870814,1.2332177638191848,0.42144357652638326,0.7088214990675564,0.06199765113424016,37.55967823281168,85405407.3376173,0.4936338688299378,0.834036861725842,0.6117216117216118,0.15384615384615385,0.23443223443223443,0.013990905911157748,-0.015215110178384061,0.0033856022808267383,-0.04518863925392114,-0.02239583333333328,-0.06686552324136219,-0.1854477072182844,-0.1795822067526924,-0.41750284472949206,0.1262,0,1,37.89820946272841,34.90311531734258,39.69062741262546,34.333817135787115,-158.32360969509222,-172.03335777047386,-154.5628344045425,-203.8031744895511,0.4571174507919804,0.5012254875579412,0.7045540614855739,0.8030357909453933,0.018888096935139043,-0.04841034336583294,-0.02254081378967432,-0.047304002646377796,26.853354701714604,26.015586751787144,25.113375113403723,23.863562455706692,1374500.0,-0.0005489890965675315,-0.00018185124568104172,0.041106473871976856,1.0130095633409195,1.0317366548673124,0.005163254798360287,4224.10009765625,-0.030925189315546997,0.0021589792778766714,-0.06779505225265847,0.9640146400352445,0.9266864706402073,0.01613259899787081,66.25499725341797,-0.06281829163980401,-0.023637304982958462,-0.12651119871751415,0.928169933844856,0.881503443297853,0.027093650275008353,6.374499797821045,-0.0165085780291776,-0.008708534706596605,0.013353410952813949,0.9971295713686082,1.0260632111296604,0.014968131641545094,76.5999984741211,-0.00247431226905781,-0.09754947039614159,-0.2204356115531052,0.865091943076999,0.8134225188301956,0.0332826361462972,5160183,0.001764479545510067,0.09879288254469709,0.3719133045348102,1.1524119131537895,1.2834804969792544,0.010897647317502205,64239.67578125,-0.002775129551524702,-0.0028196942503571076,-0.17064907845454103,0.9467177243373379,0.8734184615140601,0.0272684943134587,-0.12118871587803037,-0.5573610117530946,-0.02221398208765224,-0.22655418109026126,-0.031076679285148345,0,2.0
2026-06-21,11069.0,11086.0,10777.0,10901.0,1168024979350,107147889,11794,11359.0,10816.0,32.8713307403639,25.435477637491985,1.5719467956469166,6.065646082689906,-98.42805320435308,-13.19422150882825,-18.43137254901961,-162.66497183705297,-0.04734858681021071,29.298371673396463,12.632197260488704,35.3922899704433,-22.7600927099546,-160.2019400642049,0.9282685936936783,0.8854759351284087,0.8661197897481399,0.9211722853351483,0.8826734197018924,0.9330486840040103,-0.012753079707936904,22.33512959821205,0.049455112039125365,0.02856878698224852,0.03031356661797321,0.03034665198091509,0.02609387390070005,0.8607985404537892,0.34806175352214724,0.6750485525715635,0.2515215836675211,33.090539127246046,99035524.78802781,0.580447338546479,0.5710384630282372,0.8187702265372169,0.05501618122977346,0.1262135922330097,-0.017137275794707866,-0.03960220209554255,-0.05421476040573625,-0.03635067712045614,-0.10367116930471532,-0.13194221508828252,-0.1843137254901961,-0.9866977540873744,-0.44057101479259336,0.0816,0,2,36.41720962882324,37.89820946272841,34.90311531734258,42.25431355079816,-150.06212589247946,-158.32360969509222,-172.03335777047386,-169.1559884942868,0.42144357652638326,0.4571174507919804,0.5012254875579412,0.7363476230063555,-0.015215110178384061,0.018888096935139043,-0.04841034336583294,0.04748263888888893,27.9065016171242,26.853354701714604,26.015586751787144,24.537757670638324,1374500.0,0.0,-0.00018185124568104172,0.04093301525994919,1.0109959137229547,1.0308236134428699,0.005166551248892237,4224.10009765625,0.0,0.0021589792778766714,-0.06567129005612693,0.9672917193854549,0.9288276534189602,0.016148804369433247,66.25499725341797,0.0,-0.023637304982958462,-0.12699459469349272,0.9344785651734496,0.8836122715772726,0.02708646777814382,6.374499797821045,0.0,-0.008708534706596605,0.005124533294316169,0.9968761768223193,1.024035770796302,0.014866223693319844,76.5999984741211,0.0,-0.09754947039614159,-0.20703934074448205,0.874973569717285,0.8165109896777636,0.03336187500108122,5125976,-0.006629028466626052,0.06373848761245204,0.337756004271653,1.1284644458231226,1.2660791133022071,0.011983392714742677,63237.5390625,-0.015599965388407244,-0.03763269488240961,-0.17523461689302766,0.9412678647268999,0.861640824213867,0.027308296923283768,-0.16740965691716736,-0.5220697297618491,-0.10348931805903427,-0.22524674075014528,-0.019906430602697034,0,2.0
2026-06-22,10380.0,11050.0,10380.0,10779.0,1112787790432,103239943,8830,10901.0,10685.0,31.88917219900479,23.869593264709337,10.701754385964913,6.100022176670358,-89.29824561403508,-12.057613168724279,-16.977466977466975,-167.21120297117687,-0.052266855106799924,30.9899394580761,11.522411769648489,37.48860630243574,-25.966194532787252,-156.79304462664402,0.9287024241001973,0.8826457067567623,0.8553953551671964,0.9227902541840377,0.8803307199480133,0.9210650612826528,0.02059020165727378,24.478910036657613,0.05096453234572726,0.0627047262517548,0.02996607807421194,0.030088493306394487,0.02639261236751284,0.8807496363771963,0.402628164124218,0.7801683369333869,0.16383458160265674,29.054392607445877,126023532.32525481,0.7869049224414049,0.46600363620051355,0.4552238805970149,0.5447761194029851,0.0,-0.04031065088757396,-0.012111686390532506,-0.05123423903391933,-0.0656698146204967,-0.09410767274268761,-0.1205761316872428,-0.16977466977466982,-0.1096178252941433,-0.4473466432191993,0.0685,0,3,32.8713307403639,36.41720962882324,37.89820946272841,39.69062741262546,-162.66497183705297,-150.06212589247946,-158.32360969509222,-154.5628344045425,0.34806175352214724,0.42144357652638326,0.4571174507919804,0.7045540614855739,-0.03960220209554255,-0.015215110178384061,0.018888096935139043,-0.02254081378967432,29.298371673396463,27.9065016171242,26.853354701714604,25.113375113403723,1374750.0,0.00018188432157151269,-0.0005452562704471031,0.041122344655231124,1.0091645130850044,1.0300956522208256,0.005162966508981803,4181.89990234375,-0.009990339797088299,-0.03375695417196167,-0.07500555135064146,0.9613607129639413,0.9218998369877732,0.016196899737162058,65.5270004272461,-0.010987802525858847,-0.06478179633874881,-0.1365870056910079,0.9310166570232675,0.8764273297637168,0.02706095616271513,6.356500148773193,-0.002823695916345348,-0.019436934213317603,0.002286367254234589,0.9939486075094173,1.0195521988036214,0.01488322914706003,74.81999969482422,-0.023237582438049742,-0.07343653628700653,-0.22546582943406246,0.8654063004362852,0.8012525316262731,0.033363474538304516,5072677,-0.01039782472645212,0.018521894695839425,0.2974291976220724,1.1026170956157593,1.24456129132106,0.013139814143503879,63952.10546875,0.01129971875635083,-0.03526040370269801,-0.16924953397667286,0.9612245482028021,0.8735438835239208,0.027541861086945868,-0.11262956743852703,-0.46720386739674225,-0.0935624164722405,-0.21089701442990094,-0.002412097597179752,0,2.0
2026-06-23,10550.0,10608.0,10400.0,10491.0,1009864300552,96262366,9102,10779.0,10522.0,30.661564469418153,21.911410489874584,6.187363834422658,6.153688338678163,-93.81263616557735,-13.441921684764727,-18.64852327199629,-168.13044016358162,-0.0571586384764738,32.56068097242148,11.076629773610017,36.03823757058559,-24.961607796975578,-155.30717638993966,0.9277105246916302,0.8779270841590149,0.8423840380954211,0.9216569440851468,0.875533276662684,0.9080246646715887,0.037482828550831515,26.393164054537426,0.04999204636193041,0.019768104923018438,0.029816793939154207,0.02975130885992211,0.02082503354965436,0.6984330237567148,0.39569918541068344,0.8142319213922167,0.12213446115123827,30.46662148523305,110949714.40914086,0.7179701206603497,0.49605153442440686,0.1346153846153846,0.27884615384615385,0.5865384615384616,-0.012634534394010294,-0.015255030416471693,-0.027181952662721942,-0.06570768957556383,-0.06254454739843196,-0.13441921684764724,-0.18648523271996287,-0.18166837717759762,-0.45577738698665565,0.0522,0,4,31.88917219900479,32.8713307403639,36.41720962882324,34.90311531734258,-167.21120297117687,-162.66497183705297,-150.06212589247946,-172.03335777047386,0.402628164124218,0.34806175352214724,0.42144357652638326,0.5012254875579412,-0.012111686390532506,-0.03960220209554255,-0.015215110178384061,-0.04841034336583294,30.9899394580761,29.298371673396463,27.9065016171242,26.015586751787144,1374500.0,-0.00018185124568104172,-0.0005489890965675315,0.03931947069943287,1.0070589373092074,1.0289985183020245,0.005185914619131083,4129.89990234375,-0.012434539614603501,-0.04641067781114616,-0.0865074314656602,0.9536938935693859,0.9129804460107989,0.016283170881387938,62.02000045776367,-0.0535199222704571,-0.11271980119194891,-0.18279680203372783,0.8899596915395368,0.8327072242938837,0.028918636146510364,6.140999794006348,-0.03390235974562783,-0.053629227612700614,-0.03169350573655705,0.9617628075619833,0.9841330045988592,0.016726109287336956,73.20999908447266,-0.02151831885750377,-0.03734390339672067,-0.24213250268233244,0.8583957599183839,0.7879532727461501,0.03329772855547703,5160904,0.017392591722279915,0.01189255661831412,0.2924415679578718,1.1077356847558697,1.257280669945782,0.013040867640545965,62668.01953125,-0.02007886883610832,-0.04470415327975308,-0.1890776844044343,0.9523824817187887,0.8578990565697655,0.027479258206302797,-0.07443710401674608,-0.47892680067783466,-0.06199555830186443,-0.22580470341939574,0.039557716137641696,0,3.0
2026-06-27,10790.0,10801.0,10550.0,10664.0,1056890703711,99110939,7106,10491.0,10606.0,32.111958532347,25.581910220618127,10.65032987747408,9.17981603262055,-89.34967012252592,-12.28911677141912,-17.153569754725826,-150.58199364188403,-0.05860081519312001,33.4018260393428,13.353455995691263,34.6259446244712,-21.27248862877994,-124.12793603198398,0.9475311123618594,0.8931180396202185,0.8488426255696434,0.9392723915726562,0.8902700345250595,0.8958467057126804,0.11379113550488039,27.674652294557085,0.04793251834314143,0.02366584951914011,0.030081217325809692,0.030466571441375646,0.016895451329160538,0.5616611570657494,0.41047607196620467,0.9211501064741289,0.15483031554737958,42.74378497378156,148732156.4468055,0.9645882068395351,0.3916273532913011,0.7330677290836654,0.043824701195219126,0.22310756972111553,0.02547044288158145,0.007983273141988212,-0.007393542349087512,-0.01941568047337283,-0.07257782441413085,-0.12289116771419117,-0.17153569754725828,0.5622142274202636,-0.4514327092169236,0.0606,1,0,30.661564469418153,31.88917219900479,32.8713307403639,37.89820946272841,-168.13044016358162,-167.21120297117687,-162.66497183705297,-158.32360969509222,0.39569918541068344,0.402628164124218,0.34806175352214724,0.4571174507919804,-0.015255030416471693,-0.012111686390532506,-0.03960220209554255,0.018888096935139043,32.56068097242148,30.9899394580761,29.298371673396463,26.853354701714604,1374500.0,0.0,-0.0005489890965675315,0.03931947069943287,1.005144188281167,1.028090314573945,0.005185914619131083,4078.699951171875,-0.012397383080112623,-0.06428226328877462,-0.09370277315850517,0.9464790259654,0.9043155281561122,0.016381552162242474,59.21699905395508,-0.04519512065656095,-0.16237128310367954,-0.22394340060125284,0.8602851798375296,0.7985695602286442,0.02973437850321258,6.141499996185303,8.145288971395104e-05,-0.052457015318011724,-0.0345071628271818,0.9634972362700319,0.9836913675705445,0.01669777447146992,69.2300033569336,-0.05436410022279581,-0.09845028608490458,-0.2626477387690095,0.8236372246594731,0.7499355847877377,0.03441510290473737,5176358,0.0029944366335821204,0.0049045891998864555,0.27069224371644895,1.0980580544465486,1.2521237583581826,0.013108741052171953,59940.09765625,-0.04352972848678738,-0.06951964820829049,-0.20950191712205224,0.9220555820328924,0.8238356007485966,0.028432666894876713,-0.07748241361401731,-0.44222794126370724,-0.07202883531756332,-0.21085516824669115,0.050168792198049594,1,4.0
2026-06-28,10900.0,11100.0,10851.0,11006.0,1152038776535,104670848,8158,10664.0,11081.0,39.78262033404739,43.19654005678755,34.7029702970297,17.180221336308815,-65.29702970297029,-3.8107638888888893,-12.354662659178993,-97.08236593495468,-0.05345106125034204,33.29474466845845,16.63337665194831,32.218408776259075,-15.585032124310764,-80.08865780088664,0.9938651407250615,0.9392946601509687,0.8858167004546995,0.984164134444194,0.9349798757738329,0.891284606086962,0.2814356600894625,27.774585677553414,0.04578519063593831,0.022470896128508257,0.03236484249447858,0.032653402219442365,0.03153146417145978,0.9742505058332672,0.4367766704203465,1.0253163112417416,0.04421474713084206,33.55233396303716,141215834.33868596,0.9163912271177204,0.455029701313551,0.7269076305220884,0.07630522088353414,0.19678714859437751,0.027720158400905148,0.04478597020554398,0.05312678198061205,0.03706130088909676,-0.016071745693482464,-0.038107638888888906,-0.12354662659178994,1.5712880481770561,-0.4268645908761767,0.1081,2,0,32.111958532347,30.661564469418153,31.88917219900479,36.41720962882324,-150.58199364188403,-168.13044016358162,-167.21120297117687,-150.06212589247946,0.41047607196620467,0.39569918541068344,0.402628164124218,0.42144357652638326,0.007983273141988212,-0.015255030416471693,-0.012111686390532506,-0.015215110178384061,33.4018260393428,32.56068097242148,30.9899394580761,27.9065016171242,1374500.0,0.0,0.0,0.024599329109206147,1.0039328310869318,1.0271898536809343,0.004292473249272314,4078.699951171875,0.0,-0.03442156746357661,-0.105646321418293,0.9517997614922293,0.9072172480435754,0.01586761313498775,59.21699905395508,0.0,-0.10622592243937967,-0.21687207526076713,0.8706564075837747,0.8029602200241769,0.029852888758070826,6.141499996185303,0.0,-0.036551856463371,-0.03427941465585771,0.9651476626221138,0.9834724093804835,0.0166988875337712,69.2300033569336,0.0,-0.09621403738901402,-0.2075320183922903,0.8326167734010371,0.7535369704344191,0.031993542454175176,5075581,-0.019468707535297947,-0.01639515497803079,0.2220374461642769,1.0662509177242516,1.2197118632610313,0.014746883003016915,59532.33984375,-0.006802755224698642,-0.07327770385282606,-0.19283476009359135,0.925911796061332,0.8216808842282123,0.028193604263025137,0.00032340928454832607,-0.34558407275606684,-0.016071745693482464,-0.1481459557009961,0.009994548428130079,0,3.0
2026-06-29,10895.0,10899.0,10601.0,10684.0,856812463424,80194314,7247,11006.0,10610.0,35.499381223247866,33.910957715228605,11.386138613861386,18.913146262788388,-88.61386138613861,-12.074252092483633,-16.45011418221907,-84.00401286138026,-0.0565705805708587,33.545454822512475,15.505271749966559,33.565682949101685,-18.060411199135125,-99.39600128195637,0.9642211256213818,0.907403764742104,0.8475537569557723,0.9507672513119729,0.9022398690785302,0.8790035132341406,0.17412207378777014,28.41439318525434,0.0476335940937042,0.028086710650329878,0.033252986528406456,0.02930051251556648,0.032392574618657986,0.9741252741610604,0.34102609646100457,0.8293474159476946,0.03119303318405131,36.93544413884032,118229952.1766248,0.7788011402354967,0.410995417630779,0.9563758389261745,0.013422818791946308,0.030201342281879196,-0.01678548867430737,-0.042505189062359006,0.0003771450122571629,0.008363429005892487,-0.019045857988165715,-0.12074252092483628,-0.16450114182219078,-1.0251693684369763,-0.45122581979931725,0.061,0,1,39.78262033404739,32.111958532347,30.661564469418153,32.8713307403639,-97.08236593495468,-150.58199364188403,-168.13044016358162,-162.66497183705297,0.4367766704203465,0.41047607196620467,0.39569918541068344,0.34806175352214724,0.04478597020554398,0.007983273141988212,-0.015255030416471693,-0.03960220209554255,33.29474466845845,33.4018260393428,32.56068097242148,29.298371673396463,1374500.0,0.0,0.0,0.024599329109206147,1.002724390130916,1.0263614727872707,0.004292473249272314,4022.300048828125,-0.01382791159412089,-0.04777350066588004,-0.11801336501959758,0.9445699553021262,0.8980092254483698,0.015918953466411985,58.17499923706055,-0.017596295549275,-0.12195303526241696,-0.2306522256773691,0.866445282681321,0.793904228567716,0.029748456807232034,6.097499847412109,-0.007164397753077201,-0.043454382178131135,-0.04119822104759763,0.9602097340852326,0.9764451856208096,0.01673934055207865,70.75,0.02195574995467875,-0.07637073878137846,-0.19013278954102242,0.8594822433945534,0.7722838000789727,0.0327608586392299,5059229,-0.00322170013639822,-0.013021325109598636,0.19419424570301902,1.0537101357130345,1.2079719983610335,0.014846054346248149,60138.37890625,0.010179997360940662,-0.04900823470038873,-0.18267689155040245,0.9452176461645184,0.8336326702245296,0.028516646020225314,-0.006024532878567079,-0.3586953875252098,-0.019045857988165715,-0.18910047093139692,0.013852489704230697,0,3.0
2026-06-30,10750.0,10832.0,10629.0,10753.0,656104642530,61016504,5323,10684.0,10713.0,37.094412337237856,37.34704996713,18.39779005524862,21.495632988713236,-81.60220994475138,-9.17337855023315,-18.289985508351766,-60.123719347930546,-0.05520064372074525,33.77825710841979,14.998611829714667,32.4688697799788,-17.470257950264134,-89.54211418880732,0.9832499655821211,0.9257051016175861,0.8550589993103977,0.9659418149470508,0.9170444457207421,0.8696252522156668,0.22765735947156032,27.279936126878944,0.04528611188905749,0.01894894053953141,0.0321531075233471,0.029830061556779662,0.03239874581953292,1.0076396440377482,0.26810755258655894,0.6913973553852609,-0.03482195912952524,30.575233440022643,123258433.68964869,0.8394422682727859,0.3080306120972759,0.18226600985221675,0.4039408866995074,0.41379310344827586,0.013195098963242224,0.009707822808671107,-0.0332099990975544,0.010088629077880551,0.002620496022461394,-0.09173378550233147,-0.1828998550835177,0.599004388395406,-0.4458984172959553,0.0713,1,0,35.499381223247866,39.78262033404739,32.111958532347,31.88917219900479,-84.00401286138026,-97.08236593495468,-150.58199364188403,-167.21120297117687,0.34102609646100457,0.4367766704203465,0.41047607196620467,0.402628164124218,-0.042505189062359006,0.04478597020554398,0.007983273141988212,-0.012111686390532506,33.545454822512475,33.29474466845845,33.4018260393428,30.9899394580761,1374900.0,0.0002910149145143315,0.00010911074740871385,0.02470653996646166,1.001804837138404,1.0258267496579832,0.004291204707943291,4022.89990234375,0.00014913196637333925,-0.03802099612926846,-0.1010681697418826,0.9497547387401365,0.9015031070632404,0.015692300053489462,59.47700119018555,0.022380781610660705,-0.0923283409527923,-0.20704736638566668,0.8962015922769234,0.8166341645004576,0.030754565839735515,6.192500114440918,0.01558019998460991,-0.02580036663161689,-0.05081239191861897,0.9777220092518726,0.99137580773384,0.015979891331490255,69.5,-0.017667844522968212,-0.07110397910349409,-0.24587676607727604,0.8560800156057505,0.7610233420372132,0.028995036021225194,5127635,0.013521032552588519,0.01083412170733511,0.19242389501085766,1.0588334970704898,1.2160954460401363,0.014817786923156587,58558.859375,-0.026264750729518727,-0.08433258067453919,-0.17892533090676221,0.9297153024773092,0.8151947966587616,0.028360574087517975,-0.008213625684873715,-0.37532375009437535,0.00251138527505268,-0.20760639504997935,0.006044824700083717,0,3.0
2026-07-01,10840.0,10964.0,10837.0,10906.0,657623616851,60299913,5319,10753.0,10914.0,40.2020820637878,43.97832538429837,31.137026239067055,20.30698496939235,-68.86297376093295,-2.7619387027797577,-16.801341667937187,-24.333658109115277,-0.051462144902767765,33.58187213147516,16.437020799349003,31.22645865113438,-14.789437851785376,-64.72079097618725,1.0045561231533895,0.9521400031406487,0.8701836522837337,0.9864834514771225,0.9388226599120053,0.8662369699685382,0.3085346566968599,24.99668923559515,0.04291965441946875,0.011636430273043797,0.03270762263736189,0.02748362270628319,0.03171121345569348,0.9695358726399694,0.2718719466098778,0.74390607181157,-0.09300570723248358,37.82590771879343,123636701.79563828,0.8531472106775306,0.31596393056991123,0.5826771653543307,0.3937007874015748,0.023622047244094488,0.011854755904041819,0.018762251470176405,0.028652214891611738,-0.015070841981770555,0.03725527466261158,-0.027619387027797537,-0.16801341667937186,0.8378127643313553,-0.4355022240612393,0.0914,2,0,37.094412337237856,35.499381223247866,39.78262033404739,30.661564469418153,-60.123719347930546,-84.00401286138026,-97.08236593495468,-168.13044016358162,0.26810755258655894,0.34102609646100457,0.4367766704203465,0.39569918541068344,0.009707822808671107,-0.042505189062359006,0.04478597020554398,-0.015255030416471693,33.77825710841979,33.545454822512475,33.29474466845845,32.56068097242148,1375500.0,0.00043639537420903096,0.0007275372862858287,0.01847395505534788,1.0013318332161898,1.0254175324257078,0.00410540432923842,4068.300048828125,0.011285427822333993,-0.014915580273668794,-0.09373817461718525,0.9652678763422844,0.9147036688183772,0.01602314758766479,60.084999084472656,0.010222403317594164,-0.031199634940486276,-0.20217496155214942,0.9158691306600834,0.8295073418957207,0.030944660640979064,6.123499870300293,-0.011142550321430966,-0.0028496864180218573,-0.07910369671965867,0.9708591433330479,0.9800547777990757,0.015233177297664787,68.58000183105469,-0.01323738372583183,-0.0632426896778907,-0.26855801761384357,0.8580544489340594,0.7544239284753063,0.028067663241385557,5187265,0.011629142869958642,0.005107826070781307,0.1939502704952143,1.0619081391571499,1.221699931948172,0.014827009431263763,60003.7578125,0.024674292718837698,-0.04251389685964846,-0.10044274653235374,0.9577492347238284,0.8390160631046774,0.026144319865496098,0.032147448591830274,-0.36196368717458616,0.03652773737632575,-0.18648737173471974,-0.02319823950119204,0,2.0
2026-07-07,11180.0,11290.0,11064.0,11199.0,1079927536027,96432716,7174,10906.0,11237.0,44.911804650408406,53.25413802934833,49.970845481049565,33.16855392512175,-50.029154518950435,-1.740118922700245,-14.050787823160471,24.886256973784498,-0.04504906737941279,32.454666736640306,20.522307595511776,29.410919688500087,-8.88861209298831,-24.638693158974892,1.0361839071980525,0.988237363410505,0.8944263318093248,1.0132344537832683,0.9690040069862537,0.8631926491002407,0.4455698786001138,21.61052793374732,0.04109845286834987,0.02011212957194981,0.03379949961885181,0.02859367224196998,0.033189901498973495,0.9819642856624331,0.449817182126305,1.197581869267707,-0.09558636829430978,47.296269999940826,150533528.8579593,1.0407388278112149,0.4437557796808843,0.252212389380531,0.2345132743362832,0.5132743362831859,0.0243723657687374,0.029595015576324046,0.048912536171007215,0.05909519321394918,0.05949462568357533,-0.0174011892270024,-0.1405078782316047,1.0825062200415247,-0.4187959035895314,0.1237,3,0,40.2020820637878,37.094412337237856,35.499381223247866,32.111958532347,-24.333658109115277,-60.123719347930546,-84.00401286138026,-150.58199364188403,0.2718719466098778,0.26810755258655894,0.34102609646100457,0.41047607196620467,0.018762251470176405,0.009707822808671107,-0.042505189062359006,0.007983273141988212,33.58187213147516,33.77825710841979,33.545454822512475,33.4018260393428,1375500.0,0.0,0.0007275372862858287,0.018323153803442516,1.000430574263878,1.0245620788532175,0.00410700986673048,4145.2998046875,0.018926764234500126,0.016328696475083948,-0.06567953158810969,0.9869491226610878,0.9343398886629624,0.016774336098546127,60.930999755859375,0.014080064646374346,0.02894440328431025,-0.17073600254853105,0.9377303632446921,0.8447976963808599,0.031248171098007954,6.171500205993652,0.007838709350867612,0.004884834295690643,-0.04775493645285833,0.9808760093870718,0.9871999437514728,0.014579571053230744,70.44000244140625,0.0271216179744882,0.017477957905536856,-0.2664027816700334,0.8956590568082224,0.7786006680823063,0.02829685877916616,5311524,0.023954627342154255,0.02611218157631301,0.21851864681838795,1.076846753934482,1.2416219010014766,0.015125156614264834,63297.39453125,0.05489050750857927,0.056010867620766014,-0.011200183454910473,1.0108990101774125,0.8883133085452756,0.02797036225811516,0.03338244410726232,-0.35902652504999266,0.0587670883972895,-0.15883103203504723,-0.010804536119296326,0,2.0
2026-07-08,11349.0,11349.0,11001.0,11116.0,1394986638703,125495766,9703,11199.0,11025.0,42.54338152684781,47.26192289802099,37.60932944606414,39.57240038872692,-62.39067055393586,-2.1044219499200856,-8.650260999254288,45.74438402988869,-0.04298613578946805,31.528796064839486,19.39816948575838,28.791537122444332,-9.393367636685952,-28.395898269864876,1.0188616473675942,0.9740646991001498,0.8764677356525611,0.9950188592213423,0.9542055637753232,0.8602421515394828,0.3770477557609075,21.093800329025708,0.04115129960130494,0.03156462585034014,0.029731849022197162,0.02881235880486825,0.029506646632968522,0.9924255504909733,0.7230319713651496,1.4818628287975777,-0.004963733949740146,35.14681166540463,143768591.02370402,1.0060105155191121,0.7224009053277346,0.9310344827586207,0.0,0.06896551724137931,0.009967073062205215,-0.018866245439174145,0.01017042330951079,0.02912349481937837,-0.005053695514845247,-0.021044219499200878,-0.08650260999254289,-0.4968842118199363,-0.42976104272266474,0.1025,0,1,44.911804650408406,40.2020820637878,37.094412337237856,39.78262033404739,24.886256973784498,-24.333658109115277,-60.123719347930546,-97.08236593495468,0.449817182126305,0.2718719466098778,0.26810755258655894,0.4367766704203465,0.029595015576324046,0.018762251470176405,0.009707822808671107,0.04478597020554398,32.454666736640306,33.58187213147516,33.77825710841979,33.29474466845845,1375000.0,-0.00036350418029806875,0.00036376864314302537,-0.00036350418029806875,1.0000850981501699,1.0233587781259925,0.00029548937653653553,4070.89990234375,-0.017948014823829794,-0.00191238603513455,-0.06137746174139569,0.972316580622768,0.9203151447929446,0.0165317276631279,58.16400146484375,-0.045411995570440955,-0.01778201539986679,-0.15634653560998246,0.9026330096479063,0.8108698391946253,0.029985492998032815,6.054500102996826,-0.018958129967037496,-0.014165902994792035,-0.03336794180538982,0.963881331752863,0.9686874657663405,0.013237926718851704,73.5199966430664,0.04372507232977707,0.06196725520891011,-0.18798325712786756,0.9450478381768106,0.8161525011091949,0.029362104065277218,5286856,-0.0046442414644083385,0.041625776438204865,0.20378326575007844,1.0622088282887638,1.226833836329569,0.015472491006877653,62257.57421875,-0.01642753734494773,0.04577737717268815,0.022839152568935317,0.9931899023408235,0.8776484935695162,0.025830111888526075,-0.04667947195305011,-0.2902858757426213,-0.005417464157988272,-0.08613910581224482,0.042371356603094545,0,3.0
2026-07-11,11000.0,11000.0,10761.0,10832.0,695664463657,64224776,6178,11116.0,10815.0,40.27753847324243,41.82337080077534,30.763790664780764,39.447988530631484,-69.23620933521924,-0.009245562130177515,-13.202247191011235,47.75584894652957,-0.042530903368063984,31.11673723279004,18.56726559123367,31.45228907625967,-12.885023485026,-58.46823375584252,0.999463995268372,0.9625054510826518,0.8590710435469189,0.979673409315336,0.9404867181278938,0.8595317566354599,0.30674510694609314,19.401603925696918,0.04069751017341676,0.022098936662043458,0.028613088144905364,0.02644819309194111,0.022134031955692676,0.7735631974989634,0.4203292911466619,0.7880927089850306,-0.01116843304991888,39.714064925756254,112603506.58093233,0.8285317883042651,0.49163238184668523,0.7740585774058577,0.0,0.22594142259414227,-0.0022675736961451248,-0.01904761904761909,-0.0375545074308089,-0.00907091808686089,0.01932139491046181,-9.245562130177909e-05,-0.1320224719101124,-0.4327539357510907,-0.44062273714699496,0.0815,0,2,42.54338152684781,44.911804650408406,40.2020820637878,35.499381223247866,45.74438402988869,24.886256973784498,-24.333658109115277,-84.00401286138026,0.7230319713651496,0.449817182126305,0.2718719466098778,0.34102609646100457,-0.018866245439174145,0.029595015576324046,0.018762251470176405,-0.042505189062359006,31.528796064839486,32.454666736640306,33.58187213147516,33.545454822512475,1374000.0,-0.0007272727272726875,-0.00036376864314291435,-0.0010905125408942062,0.9994122815694991,1.0217704023901395,0.00033521900997279304,4104.10009765625,0.008155492915309814,0.02033663521744411,-0.05372253228047752,0.9829814981372206,0.9304214348116293,0.016710067797641493,59.80899810791016,0.028282040465539504,0.028087647482231137,-0.13248629419121138,0.9347865362900106,0.8376739478139043,0.031032803394946098,6.233500003814697,0.029564769637921096,0.022304249250667763,-0.004789687680236576,0.992615300684767,0.9966567565856821,0.014965391166490004,71.41000366210938,-0.028699579397437613,0.009328673669390497,-0.211287796111975,0.9293518674047306,0.7967963417997558,0.029551331204017338,5182614,-0.019717200544141944,0.024388103404688666,0.153329728214064,1.0341074043125251,1.194502205169667,0.016411572945552406,63802.02734375,0.024807473538454472,0.06092030587008801,0.008894878023575581,1.0173719580597178,0.9029364117132367,0.02492534108790023,-0.005066708494226857,-0.2853522001241764,0.019685163553604723,-0.1309319593692182,0.07080871491875929,1,4.0
2026-07-12,10920.0,10980.0,10690.0,10818.0,690027589687,63787568,6125,10832.0,10740.0,39.46903666289547,39.90981816363724,26.865671641791046,31.74626391754531,-73.13432835820896,0.5147402901263454,-11.604938271604938,46.35568621557724,-0.041879232877343575,30.862450392975003,17.67179865630741,31.116160740923583,-13.444362084616174,-61.38348941528267,0.992028670921737,0.9618656970391732,0.8532057179082637,0.9769557842742385,0.9385555725364007,0.8600615515633366,0.2922839480422337,18.35886182189731,0.03998315005873589,0.027001862197392923,0.028291410424713337,0.026227899763993916,0.022317390209699486,0.7888397882844548,0.4519240474800098,0.7774406822136697,0.03952262599752476,42.97760574313364,112657565.66318367,0.8538193439670809,0.5130675154967331,0.6206896551724138,0.20689655172413793,0.1724137931034483,0.009708737864077669,-0.006934812760055475,-0.025850340136054473,-0.04422888671353564,0.00252030243629231,0.005147402901263476,-0.11604938271604937,-0.041244331900743905,-0.44450191372711284,0.074,0,3,40.27753847324243,42.54338152684781,44.911804650408406,37.094412337237856,47.75584894652957,45.74438402988869,24.886256973784498,-60.123719347930546,0.4203292911466619,0.7230319713651496,0.449817182126305,0.26810755258655894,-0.01904761904761909,-0.018866245439174145,0.029595015576324046,0.009707822808671107,31.11673723279004,31.528796064839486,32.454666736640306,33.77825710841979,1374000.0,0.0,-0.0006545930613135464,-0.00036376864314291435,0.999430455570079,1.020927679979742,0.00029552275998127777,4104.10009765625,0.0,0.020184493097924916,-0.053460598701137396,0.9857177940736845,0.9330367214176434,0.016712228173011302,59.80899810791016,0.0,0.00558193774200233,-0.12591895593092428,0.9411233128919774,0.8415811143893984,0.031066849222546176,6.233500003814697,0.0,0.006620894407117994,-0.015167105070060694,0.9933745845358937,0.9959879245087699,0.014753934839376051,71.41000366210938,0.0,0.027482067080710326,-0.2178532171392461,0.941537938824979,0.8009053632144257,0.029314409050593588,5055648,-0.024498448080447432,-0.014039025788692094,0.14225808696406617,1.002476135773154,1.1580763624399901,0.01720562164980194,63758.21875,-0.0006866332556169086,0.08878860398738775,0.010582067910657411,1.0161325168308404,0.9061377451436734,0.02491724462529288,0.016559328224984404,-0.25830746968011553,0.0031748954976058563,-0.11568561407290645,0.0303198373081901,0,3.0
2026-07-13,10770.0,10770.0,10581.0,10653.0,540795060521,50762553,5129,10818.0,10670.0,38.688450458917565,38.01586255413766,22.307692307692307,26.6457182047547,-77.6923076923077,1.4065766964455428,-12.224415926291543,43.10401454675218,-0.04144879373334649,30.825409537384896,17.09320509337084,31.985625896212845,-14.892420802842004,-76.90554677373233,0.98421746870705,0.96199792633999,0.8490963927329445,0.9750000454079988,0.9371282778703667,0.8627121746257849,0.2755333915988541,16.92994514003443,0.03863601158924023,0.017713214620431114,0.028253149174533154,0.025774408235706738,0.019939818951942807,0.7057556249310494,0.3878960109866952,0.6334180800606626,0.08702303101166176,33.901529710578686,105438693.80405538,0.8111273979965223,0.4618390721798012,0.5291005291005291,0.0,0.4708994708994709,0.002793296089385475,-0.0065176908752327956,-0.013407304669440623,-0.0321995464852608,-0.02235660619387947,0.014065766964455495,-0.12224415926291543,-0.014128072322919452,-0.4481224785352229,0.067,0,4,39.46903666289547,40.27753847324243,42.54338152684781,40.2020820637878,46.35568621557724,47.75584894652957,45.74438402988869,-24.333658109115277,0.4519240474800098,0.4203292911466619,0.7230319713651496,0.2718719466098778,-0.006934812760055475,-0.01904761904761909,-0.018866245439174145,0.018762251470176405,30.862450392975003,31.11673723279004,31.528796064839486,33.58187213147516,1374500.0,0.0003639010189229186,-0.0007270083605961375,-0.00018185124568104172,0.999803239886221,1.0204348292187797,0.0003046683363813394,3997.0,-0.026095878538004547,-0.01752575964711922,-0.061737089201877926,0.9630362287637864,0.9114999062505966,0.01721795967566495,57.63399887084961,-0.03636575274403231,-0.04079221521127463,-0.1146035379039454,0.9122529748228222,0.8149599358514998,0.030293841738877704,6.232999801635742,-8.024419325403098e-05,0.01788191943410289,-0.011027365649565302,0.9938452416240354,0.9952242309884581,0.014729769725326693,78.13999938964844,0.09424443890779477,0.13939920244016024,-0.1140589331822448,1.037151073251382,0.8799846775961286,0.03717626509357255,4966761,-0.01758172246169032,-0.04250872087699398,0.09378965370983638,0.9807099078068582,1.1312227356109503,0.017409415370516913,62239.12109375,-0.023825911169295333,0.037253721479162616,0.009657743760649096,0.9914518841586275,0.8883680547782665,0.024962838021557028,0.020152114683114508,-0.21603381297275182,-0.02162959783328333,-0.12206230801723439,0.01971275696986763,0,3.0
2026-07-14,10729.0,11245.0,10729.0,11078.0,2167617273313,195670939,11604,10653.0,11243.0,47.79078464759192,57.346558700025945,89.0608875128999,46.07808382079441,-10.939112487100104,6.0060343201961155,-7.021171022163414,79.79882601392887,-0.03429815095296168,29.367077886791908,23.440278460621297,28.886891344596016,-5.446612883974719,1.016639904126414,1.0310138654537453,1.0175535453274265,0.8969200135299861,1.0230532833445627,0.9883724447771449,0.8699398170899041,0.6177119133353789,14.91229292774617,0.0377009260844431,0.045895223694743394,0.03126329351819292,0.030613952350789356,0.030381447080416065,0.9717929130766827,1.5587614889155357,1.956937952525103,0.04738462225302009,47.539642460187125,186799144.5461048,1.4318510011927006,1.0882746008299922,0.9961240310077519,0.003875968992248062,0.0,0.005529522024367385,0.053701968134957756,0.04683426443202987,0.039574664817383365,0.0005339503426180503,0.060060343201961075,-0.0702117102216342,1.819135068003655,-0.418485569463122,0.1243,1,0,38.688450458917565,39.46903666289547,40.27753847324243,44.911804650408406,43.10401454675218,46.35568621557724,47.75584894652957,24.886256973784498,0.3878960109866952,0.4519240474800098,0.4203292911466619,0.449817182126305,-0.0065176908752327956,-0.006934812760055475,-0.01904761904761909,0.029595015576324046,30.825409537384896,30.862450392975003,31.11673723279004,32.454666736640306,1374500.0,0.0,-0.0007270083605961375,-0.00018185124568104172,0.9998123306065504,1.0195567980293958,0.0003046683363813394,4061.10009765625,0.01603705220321494,-0.020312091042495206,-0.01146489835378317,0.9790360100860639,0.9283634927618898,0.01589565860171571,58.77199935913086,0.01974529809793979,-0.035433529818635456,-0.09020263088275593,0.9345755694699536,0.8344575926342036,0.030812700536844227,6.329999923706055,0.015562349616128124,0.025682526520613314,0.012962049973968215,1.008660449065393,1.0093729635857507,0.015018007415725159,79.33999633789062,0.015357012511074464,0.1263485745033528,-0.11873822710596882,1.060602970048784,0.8976615591355869,0.036995893041734326,4924684,-0.008471718288840524,-0.07283032139175127,0.07220297092216676,0.9692282464262605,1.115487338628287,0.017567265704491603,64956.11328125,0.043654089899621606,0.026205166299239746,0.05706858894955169,1.0318507137325814,0.9301746230886322,0.02670839086631711,0.07336427173436932,-0.14241468114380096,0.0012609587032141878,-0.07002985897595315,0.018866221339592038,0,3.0
2026-07-15,11510.0,11727.0,11478.0,11587.0,1721433462846,148568581,10867,11078.0,11547.0,51.87306072439811,64.24790978103354,86.6369710467706,66.00185028912092,-13.3630289532294,4.2053966248533525,0.234375,122.25888733328088,-0.027071042522861005,27.655275878899825,29.587583407752664,26.55485331522175,3.0327300925309153,104.933892728538,1.0543857406359005,1.0449395496995584,0.9237555659732833,1.0425810234722317,1.0139631750184723,0.8761077946825855,0.8002424613442796,14.967752894893675,0.037080315577182194,0.02156404260846973,0.030139095381247184,0.02857978878443356,0.030012324136498146,0.995793793969413,1.2435070429006634,1.4203105705210417,-0.06844812188883775,57.39757811249314,158409263.16793963,1.2048853724085846,1.079955676798394,0.14859437751004015,0.7228915662650602,0.1285140562248996,0.02374810993507071,0.0270390465178334,0.08219306466729148,0.07513966480446932,0.047346938775510106,0.042053966248533525,0.002343750000000089,0.8789938506709394,-0.40276197372504396,0.1547,2,0,47.79078464759192,38.688450458917565,39.46903666289547,42.54338152684781,79.79882601392887,43.10401454675218,46.35568621557724,45.74438402988869,1.5587614889155357,0.3878960109866952,0.4519240474800098,0.7230319713651496,0.053701968134957756,-0.0065176908752327956,-0.006934812760055475,-0.018866245439174145,29.367077886791908,30.825409537384896,30.862450392975003,31.528796064839486,1374500.0,0.0,-0.0003636363636363438,-0.00018185124568104172,0.9998214214921962,1.018665177318147,0.0003046683363813394,4044.0,-0.004210705780465451,-0.006607851578041224,-0.04056939501779355,0.9769272243116837,0.9265776590437855,0.014634997481078367,57.11000061035156,-0.028278751223410392,-0.018121188844430924,-0.15840198596535016,0.9159752089294245,0.8142031620799457,0.02838756851448234,6.293499946594238,-0.00576618918668903,0.03947474432763043,-0.021304732644922053,1.003940143914031,1.0022262753205136,0.013507587889819773,79.5999984741211,0.003277062619503779,0.08269861410049573,-0.06220545417235224,1.067847176419358,0.9061971884156456,0.034977494403296214,4893835,-0.006264158268835085,-0.07433926704264315,0.04207759033897207,0.9612875810755261,1.1026062371693786,0.01711561668871481,64712.375,-0.0037523532264722714,0.03942975311927088,0.004517926087046931,1.0277412601662412,0.9296299706206419,0.02451326219812991,0.12168620581815326,-0.03973384033897198,0.04771057513914645,0.0025256012456811305,-0.005609735047898523,0,2.0
2026-07-18,11872.0,11950.0,11329.0,11599.0,1594666351101,137480997,10445,11587.0,11462.0,50.679840863178875,61.026889835914204,68.51612903225806,81.40466253064285,-31.483870967741936,8.030160226201696,-5.013673655423884,141.00294503250643,-0.02256103071489477,26.515744285467367,30.222048985558846,23.889952616260736,6.33209636929811,111.49032992036408,1.0385444792780385,1.0400947355526013,0.9211856628727298,1.0293783792359175,1.0060148540141336,0.886996831867141,0.8101320484201435,12.928278698331773,0.03855699112350373,0.0541790263479323,0.02806770575020671,0.0239429643144066,0.027574965249646585,0.98244457509476,1.2055243864503227,1.1528405747190256,-0.03715687250881183,55.567921049780736,152672699.9617999,1.1667063422544355,1.076709772854956,0.6602254428341385,0.12560386473429952,0.214170692431562,0.02814583874599463,-0.0073612193643370905,0.01947878680067605,0.0742268041237113,0.059824318076745264,0.08030160226201688,-0.05013673655423878,-0.18405471079765603,-0.40715837384917763,0.1462,0,1,51.87306072439811,47.79078464759192,38.688450458917565,40.27753847324243,122.25888733328088,79.79882601392887,43.10401454675218,47.75584894652957,1.2435070429006634,1.5587614889155357,0.3878960109866952,0.4203292911466619,0.0270390465178334,0.053701968134957756,-0.0065176908752327956,-0.01904761904761909,27.655275878899825,29.367077886791908,30.825409537384896,31.11673723279004,1374500.0,0.0,0.0003639010189229186,-0.00018185124568104172,0.9998305125431629,1.0177675784639937,0.0003046683363813394,4012.699951171875,-0.0077398735974592014,-0.022270447676598137,-0.04799526662588971,0.9717404045335373,0.9220138032262831,0.014682513517068044,56.03799819946289,-0.018770835220309312,-0.06305071189528133,-0.1741994836085341,0.9073833366134557,0.8034819740586271,0.028412617514749508,6.21999979019165,-0.011678741086247668,-0.0021657517630200296,-0.03273466127469793,0.9938840702002225,0.9896137946757623,0.013713440013284502,82.48999786376953,0.03630652569155535,0.15516025253390753,-0.028157392400860348,1.1083938767812245,0.9432753809662955,0.036047105757860215,4777285,-0.023815678297286258,-0.07820937465147892,-0.008621593079317424,0.9387769242629271,1.0712142308498245,0.01708612387820802,64796.6015625,0.001301552639661363,0.015588442251081913,-0.013906427243309927,1.0298261938397293,0.9345616579712102,0.0240831053739574,0.1380336927282242,-0.04151514347492136,0.059460417057822346,-0.04995488530855774,-0.03284765928097255,0,2.0
2026-07-19,11323.0,11323.0,11086.0,11146.0,786420944684,70556505,6409,11599.0,11109.0,45.9523885851714,49.100193012158314,39.92857142857143,65.0272238358667,-60.07142857142857,3.6964435732287875,-5.816023738872404,126.47516850347239,-0.021739447156115747,24.879252194483147,28.36589283053213,26.39195191975876,1.9739409107733685,35.76118799878749,1.0029613044184829,1.0112098745204057,0.8976868140481643,0.9980329904792493,0.9768388257354877,0.8950363389828319,0.5993341432801116,11.28501656152117,0.039358197467618254,0.02133405347015933,0.02844094515145951,0.026870639557414623,0.033166352917358345,1.166148056639262,0.6668267514483867,0.5850072526334611,-0.033566420266620045,56.39277206347834,122705717.69137152,0.9574333091399279,0.6944790594354445,0.9029535864978903,0.0,0.0970464135021097,-0.012127028441807712,-0.030797417553655504,-0.03793193037152509,-0.011918527083518593,0.03435754189944129,0.036964435732287804,-0.058160237388724,-0.9911541728169593,-0.42541636495293267,0.1109,0,2,50.679840863178875,51.87306072439811,47.79078464759192,39.46903666289547,141.00294503250643,122.25888733328088,79.79882601392887,46.35568621557724,1.2055243864503227,1.2435070429006634,1.5587614889155357,0.4519240474800098,-0.0073612193643370905,0.0270390465178334,0.053701968134957756,-0.006934812760055475,26.515744285467367,27.655275878899825,29.367077886791908,30.862450392975003,1374500.0,0.0,0.0003639010189229186,-0.0007270083605961375,0.9998668784003294,1.0168715600592677,0.0002754182545721764,4012.699951171875,0.0,-0.022270447676598137,-0.07285121276065731,0.9754644851928628,0.924636376251573,0.013008284123576672,56.03799819946289,0.0,-0.06305071189528133,-0.20021127670780736,0.9178071225991267,0.8080964605577189,0.02678710275926853,6.21999979019165,0.0,-0.0021657517630200296,-0.04049368037221324,0.9959728499335121,0.9887077174386927,0.013531651910451555,82.48999786376953,0.0,0.15516025253390753,0.021547961161232587,1.1070996860874316,0.9474900314056073,0.03424534676289587,4755500,-0.004560121491600344,-0.059368848464133595,-0.04516276707031319,0.9365658282687451,1.0613717769221365,0.015127484112839491,64690.8046875,-0.0016327534538667088,0.014626913295001653,-0.024116870884529185,1.029452578978453,0.9367776404862759,0.0239852470718559,0.09372639036357489,-0.012997470318410809,0.03399364088051837,-0.05743322902812786,0.003050421675937498,0,3.0
2026-07-20,11190.0,11190.0,10760.0,10863.0,706391754418,65025643,6676,11146.0,10777.0,41.98558930346447,40.43026160006543,14.317019722425128,40.920573394418206,-85.68298027757487,-1.2552684625251969,-3.982537419814683,92.90672936222751,-0.023368773801426913,23.54621853356474,26.371158305730415,29.867385370864714,-3.496227065134299,-22.320541913346148,0.9741920903954803,0.9829890089843571,0.8751471842137318,0.9729652301606414,0.9513347282767041,0.8983312355353446,0.3486549452473185,11.239872385286123,0.04052275880964107,0.039899786582536886,0.02714281997987026,0.02826026383391674,0.037008757164484575,1.3634823939417908,0.6456008999058368,0.5266917404284979,-0.02741615090352667,50.54130126634577,105810628.28310366,0.8300430035246672,0.7620265156919706,0.9604651162790697,0.0,0.03953488372093023,0.007291385363219011,-0.029885678278873007,-0.05976269411969992,-0.0666839871828181,0.010028116213683269,-0.012552684625251942,-0.0398253741981468,-1.0390908338267537,-0.4425881866142547,0.0777,0,3,45.9523885851714,50.679840863178875,51.87306072439811,38.688450458917565,126.47516850347239,141.00294503250643,122.25888733328088,43.10401454675218,0.6668267514483867,1.2055243864503227,1.2435070429006634,0.3878960109866952,-0.030797417553655504,-0.0073612193643370905,0.0270390465178334,-0.0065176908752327956,24.879252194483147,26.515744285467367,27.655275878899825,30.825409537384896,1374500.0,0.0,0.0,-0.0005489890965675315,0.9998943363751485,1.0159545893059931,0.0002734649029096553,4010.300048828125,-0.0005980766997166764,0.0033275078379095824,-0.07402615178017069,0.9786948605952469,0.9262569953660718,0.012988969240868165,56.80199813842773,0.013633605116396774,-0.014435936230735802,-0.18737039940396016,0.9404063130685832,0.8229754865694636,0.027285534787309954,6.298999786376953,0.012700964445349072,0.010588799429111173,-0.029280330066262628,1.0101593007305918,0.9996635202617402,0.013914665637871153,83.2300033569336,0.00897085116169083,0.06513954449760906,0.09441157155890245,1.1116751003155985,0.9611099071260427,0.031231031947993593,4813503,0.01219703501209124,-0.030856729365475788,-0.05622196092778997,0.9506735152774038,1.0690702409737678,0.014251038547715039,65230.02734375,0.008335383349377112,0.04805508492793198,-0.005649537530716731,1.0383396531290339,0.9485965109206079,0.023962748195830264,0.04088484557915906,0.01639658672964317,0.010028116213683269,-0.03927638510157927,0.049710024855012414,0,4.0
2026-07-21,11096.0,11450.0,11094.0,11287.0,1534263086197,135932307,8466,10863.0,11433.0,50.98845842974779,57.66330437837697,62.23520818115413,38.8269331107169,-37.76479181884587,1.7442377858859124,-0.026232948583420776,112.0037834461175,-0.017908447066610555,21.991523772033705,27.670515087867336,26.702409583454923,0.9681055044124136,88.8359450583445,1.0316636738524287,1.0428381835843972,0.9319321881373257,1.0271034556573901,1.008552317926017,0.9033294587734328,0.8814058149209981,11.231654554944393,0.03967387032518351,0.03113793405055541,0.030261536096681207,0.033293422220783984,0.03953862040084424,1.3065635622238112,1.3606198713569106,1.2189838202852659,-0.004764779877362013,51.809703730570305,181226445.33392394,1.3891804793526246,1.0004727014890098,0.9466292134831461,0.047752808988764044,0.0056179775280898875,0.029600074232161083,0.06087037208870738,0.029165541452875976,-0.0025300994590822246,0.016899404073645874,0.01744237785885905,-0.0002623294858341563,1.9976871290165281,-0.40865832212682324,0.1433,1,0,41.98558930346447,45.9523885851714,50.679840863178875,47.79078464759192,92.90672936222751,126.47516850347239,141.00294503250643,79.79882601392887,0.6456008999058368,0.6668267514483867,1.2055243864503227,1.5587614889155357,-0.029885678278873007,-0.030797417553655504,-0.0073612193643370905,0.053701968134957756,23.54621853356474,24.879252194483147,26.515744285467367,29.367077886791908,1374500.0,0.0,0.0,-0.0005489890965675315,0.9999217958580904,1.0150392708318257,0.0002734649029096553,4071.10009765625,0.015160972517727744,0.002462386978782316,-0.06602578887685673,0.9970342206475825,0.9424100242592777,0.013485229596851781,58.834999084472656,0.03579101110299776,0.0010719343569858264,-0.16777470018667717,0.9837230481462722,0.8559708095879206,0.0287938021291441,6.511000156402588,0.03365619577954826,0.02859403394598492,0.004551416640016237,1.0439104900318776,1.0314488386092437,0.015971206905746146,84.91000366210938,0.020185032289030014,0.07020428007706703,0.1057429697847565,1.1279973860088013,0.9844569624575825,0.03140184943328722,4887552,0.015383599013026439,-0.00753997616902935,-0.051162335612590204,0.9678170349233185,1.079886862379604,0.014554425316177998,66505.125,0.019547709976119876,0.023847050577718854,0.032392580686747774,1.0568815452980005,0.9712132211673223,0.0239492787486454,0.024439380242675224,0.05090000612675605,0.016899404073645874,0.0002866596107333752,0.0044298750775229045,0,3.0
