date,close,open,high,low,volume
2000-08-30,0.8849999904632568,0.8790000081062317,0.8870000243186951,0.8769999742507935,2886
2000-08-31,0.8849999904632568,0.8849999904632568,0.8880000114440918,0.8799999952316284,1095
2000-09-01,0.8889999985694885,0.878000020980835,0.8889999985694885,0.878000020980835,3449
2000-09-05,0.906000018119812,0.8960000276565552,0.9070000052452087,0.8949999809265137,1397
2000-09-06,0.9014999866485596,0.9049999713897705,0.906000018119812,0.8974999785423279,1195
2000-09-07,0.906000018119812,0.9014999866485596,0.9070000052452087,0.9014999866485596,1598
2000-09-08,0.9120000004768372,0.9120000004768372,0.9190000295639038,0.909500002861023,628
2000-09-11,0.9129999876022339,0.9110000133514404,0.9129999876022339,0.9070000052452087,653
2000-09-12,0.9284999966621399,0.9120000004768372,0.9284999966621399,0.9120000004768372,623
2000-09-13,0.9275000095367432,0.9334999918937683,0.9334999918937683,0.9269999861717224,1014
2000-09-14,0.9254999756813049,0.9330000281333923,0.9340000152587891,0.9229999780654907,806
2000-09-15,0.9200000166893005,0.9254999756813049,0.9254999756813049,0.9125000238418579,505
2000-09-18,0.9185000061988831,0.9200000166893005,0.921999990940094,0.9139999747276306,693
2000-09-19,0.921500027179718,0.9139999747276306,0.921999990940094,0.9139999747276306,1050
2000-09-20,0.9014999866485596,0.9120000004768372,0.9129999876022339,0.8999999761581421,508
2000-09-21,0.9254999756813049,0.9039999842643738,0.9259999990463257,0.9039999842643738,545
2000-09-22,0.9194999933242798,0.9070000052452087,0.9265000224113464,0.9070000052452087,561
2000-09-25,0.9269999861717224,0.9200000166893005,0.9275000095367432,0.9070000052452087,980
2000-09-26,0.9164999723434448,0.9240000247955322,0.9254999756813049,0.9114999771118164,0
2000-09-27,0.9125000238418579,0.9120000004768372,0.9169999957084656,0.9049999713897705,841
2000-09-28,0.9110000133514404,0.9139999747276306,0.9144999980926514,0.906499981880188,455
2000-09-29,0.9154999852180481,0.9179999828338623,0.9190000295639038,0.8955000042915344,673
2000-10-02,0.8949999809265137,0.9139999747276306,0.9150000214576721,0.8949999809265137,415
2000-10-03,0.8985000252723694,0.8899999856948853,0.8989999890327454,0.8870000243186951,296
2000-10-04,0.8964999914169312,0.8964999914169312,0.8964999914169312,0.890999972820282,248
2000-10-05,0.909500002861023,0.9100000262260437,0.9100000262260437,0.909500002861023,216
2000-10-06,0.9045000076293945,0.9049999713897705,0.9049999713897705,0.9039999842643738,454
2000-10-09,0.8924999833106995,0.8880000114440918,0.8934999704360962,0.8880000114440918,203
2000-10-10,0.9024999737739563,0.8999999761581421,0.9024999737739563,0.8980000019073486,214
2000-10-11,0.8985000252723694,0.8995000123977661,0.8995000123977661,0.8934999704360962,274
2000-10-12,0.8794999718666077,0.8824999928474426,0.8824999928474426,0.8794999718666077,279
2000-10-13,0.8895000219345093,0.8774999976158142,0.8899999856948853,0.8774999976158142,368
2000-10-16,0.8914999961853027,0.8880000114440918,0.8924999833106995,0.8880000114440918,276
2000-10-17,0.8805000185966492,0.8899999856948853,0.8899999856948853,0.875,236
2000-10-18,0.8700000047683716,0.8694999814033508,0.8709999918937683,0.8694999814033508,282
2000-10-19,0.8709999918937683,0.8700000047683716,0.871999979019165,0.8700000047683716,118
2000-10-20,0.8600000143051147,0.8600000143051147,0.8600000143051147,0.8600000143051147,275
2000-10-23,0.8654999732971191,0.8619999885559082,0.8654999732971191,0.8619999885559082,239
2000-10-24,0.862500011920929,0.8690000176429749,0.8694999814033508,0.8619999885559082,171
2000-10-25,0.8504999876022339,0.8560000061988831,0.8560000061988831,0.8489999771118164,246
2000-10-26,0.8289999961853027,0.8450000286102295,0.8450000286102295,0.828000009059906,0
2000-10-27,0.8414999842643738,0.8355000019073486,0.8454999923706055,0.8355000019073486,478
2000-10-30,0.8424999713897705,0.8395000100135803,0.8429999947547913,0.8379999995231628,543
2000-10-31,0.8464999794960022,0.8529999852180481,0.8550000190734863,0.8464999794960022,409
2000-11-01,0.8330000042915344,0.8445000052452087,0.8450000286102295,0.8324999809265137,786
2000-11-02,0.8360000252723694,0.8360000252723694,0.8364999890327454,0.8360000252723694,1103
2000-11-03,0.8360000252723694,0.8399999737739563,0.8445000052452087,0.8355000019073486,156
2000-11-06,0.824999988079071,0.8374999761581421,0.8374999761581421,0.824999988079071,588
2000-11-07,0.828499972820282,0.8305000066757202,0.8330000042915344,0.828000009059906,362
2000-11-08,0.8345000147819519,0.828000009059906,0.8345000147819519,0.8274999856948853,361
2000-11-09,0.8379999995231628,0.8339999914169312,0.8389999866485596,0.8339999914169312,311
2000-11-10,0.8364999890327454,0.8360000252723694,0.8379999995231628,0.8305000066757202,202
2000-11-13,0.8190000057220459,0.8190000057220459,0.8190000057220459,0.8190000057220459,319
2000-11-14,0.8259999752044678,0.824999988079071,0.8264999985694885,0.824999988079071,317
2000-11-15,0.8259999752044678,0.8240000009536743,0.8299999833106995,0.8240000009536743,184
2000-11-16,0.8184999823570251,0.8184999823570251,0.8184999823570251,0.8184999823570251,257
2000-11-17,0.8220000267028809,0.8199999928474426,0.8224999904632568,0.8199999928474426,206
2000-11-20,0.8220000267028809,0.8190000057220459,0.8330000042915344,0.8190000057220459,539
2000-11-21,0.8289999961853027,0.8199999928474426,0.8289999961853027,0.8184999823570251,0
2000-11-22,0.8195000290870667,0.8230000138282776,0.8230000138282776,0.8184999823570251,389
2000-11-27,0.8464999794960022,0.8320000171661377,0.847000002861023,0.8320000171661377,0
2000-11-28,0.8610000014305115,0.8479999899864197,0.8619999885559082,0.8479999899864197,11293
2000-11-29,0.8519999980926514,0.8510000109672546,0.8579999804496765,0.8464999794960022,3507
2000-11-30,0.8410000205039978,0.8500000238418579,0.8579999804496765,0.8410000205039978,1826
2000-12-01,0.859499990940094,0.8379999995231628,0.8600000143051147,0.8379999995231628,829
2000-12-04,0.8604999780654907,0.8600000143051147,0.8619999885559082,0.8550000190734863,874
2000-12-05,0.8690000176429749,0.8600000143051147,0.8700000047683716,0.8569999933242798,1112
2000-12-06,0.8769999742507935,0.8769999742507935,0.8769999742507935,0.8679999709129333,978
2000-12-07,0.8784999847412109,0.8769999742507935,0.8799999952316284,0.875,1436
2000-12-08,0.887499988079071,0.8855000138282776,0.8899999856948853,0.8855000138282776,1327
2000-12-11,0.8895000219345093,0.890999972820282,0.8995000123977661,0.8679999709129333,671
2000-12-12,0.8834999799728394,0.8859999775886536,0.8859999775886536,0.8740000128746033,853
2000-12-13,0.8805000185966492,0.8799999952316284,0.8809999823570251,0.878000020980835,1020
2000-12-14,0.8889999985694885,0.8805000185966492,0.8889999985694885,0.8799999952316284,1186
2000-12-15,0.8725000023841858,0.8914999961853027,0.8914999961853027,0.8659999966621399,581
2000-12-18,0.8744999766349792,0.8730000257492065,0.8765000104904175,0.8665000200271606,546
2000-12-19,0.8740000128746033,0.8679999709129333,0.8740000128746033,0.8659999966621399,703
2000-12-20,0.8629999756813049,0.8650000095367432,0.8700000047683716,0.8565000295639038,653
2000-12-21,0.8560000061988831,0.8560000061988831,0.8569999933242798,0.847000002861023,489
2000-12-22,0.8600000143051147,0.8544999957084656,0.8610000014305115,0.8544999957084656,603
2000-12-26,0.8634999990463257,0.8600000143051147,0.8650000095367432,0.8600000143051147,0
2000-12-27,0.8475000262260437,0.8475000262260437,0.8550000190734863,0.8460000157356262,1094
2000-12-28,0.8525000214576721,0.8519999980926514,0.8525000214576721,0.8510000109672546,723
2000-12-29,0.8464999794960022,0.8479999899864197,0.8479999899864197,0.8460000157356262,368
2001-01-02,0.8180000185966492,0.8454999923706055,0.8454999923706055,0.8180000185966492,593
2001-01-03,0.8234999775886536,0.8090000152587891,0.8234999775886536,0.8075000047683716,619
2001-01-04,0.8149999976158142,0.8259999752044678,0.8259999752044678,0.8149999976158142,421
2001-01-05,0.8320000171661377,0.8199999928474426,0.8330000042915344,0.8149999976158142,518
2001-01-08,0.8330000042915344,0.8360000252723694,0.8389999866485596,0.8320000171661377,520
2001-01-09,0.8299999833106995,0.8379999995231628,0.8410000205039978,0.8295000195503235,468
2001-01-10,0.8309999704360962,0.8339999914169312,0.8339999914169312,0.8299999833106995,375
2001-01-11,0.8324999809265137,0.8370000123977661,0.8389999866485596,0.8299999833106995,312
2001-01-12,0.8445000052452087,0.8324999809265137,0.8450000286102295,0.8324999809265137,653
2001-01-16,0.824999988079071,0.8349999785423279,0.8349999785423279,0.8190000057220459,379
2001-01-17,0.8314999938011169,0.8259999752044678,0.8320000171661377,0.8240000009536743,551
2001-01-18,0.8669999837875366,0.8669999837875366,0.8669999837875366,0.8379999995231628,459
2001-01-19,0.8529999852180481,0.8600000143051147,0.8600000143051147,0.8525000214576721,301
2001-01-22,0.8495000004768372,0.8519999980926514,0.8569999933242798,0.8495000004768372,457
2001-01-23,0.8510000109672546,0.8550000190734863,0.859000027179718,0.8504999876022339,408
2001-01-24,0.8399999737739563,0.8500000238418579,0.8500000238418579,0.8349999785423279,315
2001-01-25,0.8389999866485596,0.8379999995231628,0.8399999737739563,0.8370000123977661,697
2001-01-26,0.8389999866485596,0.8399999737739563,0.8399999737739563,0.8349999785423279,0
2001-01-29,0.8335000276565552,0.8360000252723694,0.8374999761581421,0.8309999704360962,730
2001-01-30,0.840499997138977,0.8314999938011169,0.843999981880188,0.828000009059906,736
2001-01-31,0.8485000133514404,0.847000002861023,0.8500000238418579,0.843999981880188,731
2001-02-01,0.8500000238418579,0.8510000109672546,0.8510000109672546,0.8500000238418579,423
2001-02-02,0.843999981880188,0.843999981880188,0.843999981880188,0.8399999737739563,428
2001-02-05,0.8295000195503235,0.8389999866485596,0.8395000100135803,0.8289999961853027,374
2001-02-06,0.8309999704360962,0.828499972820282,0.8314999938011169,0.828499972820282,607
2001-02-07,0.8295000195503235,0.8320000171661377,0.8320000171661377,0.8289999961853027,630
2001-02-08,0.8295000195503235,0.8330000042915344,0.8335000276565552,0.8289999961853027,420
2001-02-09,0.8199999928474426,0.8299999833106995,0.8299999833106995,0.8174999952316284,0
2001-02-12,0.8174999952316284,0.8169999718666077,0.8195000290870667,0.8169999718666077,244
2001-02-13,0.8245000243186951,0.8169999718666077,0.8309999704360962,0.8169999718666077,0
2001-02-14,0.8215000033378601,0.8199999928474426,0.8224999904632568,0.8199999928474426,516
2001-02-15,0.8270000219345093,0.8309999704360962,0.8309999704360962,0.8264999985694885,266
2001-02-16,0.824999988079071,0.8270000219345093,0.8270000219345093,0.8245000243186951,238
2001-02-20,0.8190000057220459,0.8199999928474426,0.8199999928474426,0.8190000057220459,300
2001-02-21,0.8009999990463257,0.8009999990463257,0.8009999990463257,0.8004999756813049,365
2001-02-22,0.8009999990463257,0.8019999861717224,0.8029999732971191,0.8009999990463257,196
2001-02-23,0.7954999804496765,0.8025000095367432,0.8025000095367432,0.7954999804496765,0
2001-02-26,0.8040000200271606,0.7979999780654907,0.8065000176429749,0.7979999780654907,9436
2001-02-27,0.8009999990463257,0.8029999732971191,0.8050000071525574,0.7960000038146973,3024
2001-02-28,0.8100000023841858,0.7990000247955322,0.8125,0.7990000247955322,1715
2001-03-01,0.8209999799728394,0.8125,0.824999988079071,0.8090000152587891,1009
2001-03-02,0.8245000243186951,0.8205000162124634,0.8245000243186951,0.8199999928474426,1264
2001-03-05,0.8335000276565552,0.8335000276565552,0.8399999737739563,0.8209999799728394,746
2001-03-06,0.843999981880188,0.8314999938011169,0.8495000004768372,0.8314999938011169,771
2001-03-07,0.8339999914169312,0.8399999737739563,0.8429999947547913,0.8339999914169312,812
2001-03-08,0.8209999799728394,0.8299999833106995,0.8314999938011169,0.8209999799728394,2525
2001-03-09,0.8259999752044678,0.8255000114440918,0.828499972820282,0.8245000243186951,527
2001-03-12,0.8209999799728394,0.8234999775886536,0.8245000243186951,0.8180000185966492,452
2001-03-13,0.8115000128746033,0.8109999895095825,0.8140000104904175,0.8100000023841858,815
2001-03-14,0.8040000200271606,0.8159999847412109,0.8159999847412109,0.8029999732971191,439
2001-03-15,0.8025000095367432,0.8050000071525574,0.8069999814033508,0.8025000095367432,671
2001-03-16,0.7835000157356262,0.7990000247955322,0.800000011920929,0.7835000157356262,0
2001-03-19,0.7910000085830688,0.7860000133514404,0.7910000085830688,0.7850000262260437,684
2001-03-20,0.7940000295639038,0.7940000295639038,0.796999990940094,0.7919999957084656,305
2001-03-21,0.7854999899864197,0.7870000004768372,0.7875000238418579,0.7854999899864197,972
2001-03-22,0.7785000205039978,0.7829999923706055,0.7850000262260437,0.7770000100135803,516
2001-03-23,0.7804999947547913,0.7829999923706055,0.7829999923706055,0.7799999713897705,585
2001-03-26,0.7770000100135803,0.7850000262260437,0.7885000109672546,0.7770000100135803,645
2001-03-27,0.7860000133514404,0.7770000100135803,0.7885000109672546,0.7770000100135803,0
2001-03-28,0.7674999833106995,0.777999997138977,0.777999997138977,0.7670000195503235,557
2001-03-29,0.7695000171661377,0.7620000243186951,0.7710000276565552,0.7620000243186951,541
2001-03-30,0.7584999799728394,0.7639999985694885,0.7664999961853027,0.7584999799728394,760
2001-04-02,0.7549999952316284,0.7590000033378601,0.7609999775886536,0.7549999952316284,350
2001-04-03,0.7609999775886536,0.7574999928474426,0.7609999775886536,0.7574999928474426,296
2001-04-04,0.7609999775886536,0.7609999775886536,0.7670000195503235,0.7609999775886536,336
2001-04-05,0.7639999985694885,0.7670000195503235,0.7670000195503235,0.7639999985694885,440
2001-04-06,0.7459999918937683,0.7599999904632568,0.7599999904632568,0.7450000047683716,223
2001-04-09,0.7559999823570251,0.7540000081062317,0.7559999823570251,0.7540000081062317,306
2001-04-10,0.7649999856948853,0.7680000066757202,0.7705000042915344,0.7649999856948853,329
2001-04-11,0.7620000243186951,0.7739999890327454,0.7739999890327454,0.7615000009536743,710
2001-04-12,0.7639999985694885,0.7599999904632568,0.7639999985694885,0.7599999904632568,221
2001-04-16,0.7649999856948853,0.7639999985694885,0.7680000066757202,0.7639999985694885,237
2001-04-17,0.7615000009536743,0.762499988079071,0.7639999985694885,0.7615000009536743,252
2001-04-18,0.7829999923706055,0.7645000219345093,0.7829999923706055,0.7645000219345093,0
2001-04-19,0.7710000276565552,0.777999997138977,0.7795000076293945,0.7710000276565552,370
2001-04-20,0.7735000252723694,0.7760000228881836,0.7760000228881836,0.7714999914169312,220
2001-04-23,0.7570000290870667,0.7670000195503235,0.7670000195503235,0.7570000290870667,187
2001-04-24,0.7605000138282776,0.7580000162124634,0.7620000243186951,0.7580000162124634,287
2001-04-25,0.7630000114440918,0.7609999775886536,0.7670000195503235,0.7609999775886536,0
2001-04-26,0.7580000162124634,0.7689999938011169,0.7689999938011169,0.7580000162124634,7564
2001-04-27,0.7590000033378601,0.7580000162124634,0.7670000195503235,0.7570000290870667,2449
2001-04-30,0.7664999961853027,0.7590000033378601,0.7664999961853027,0.753000020980835,2012
2001-05-01,0.7739999890327454,0.765999972820282,0.7760000228881836,0.765999972820282,1610
2001-05-02,0.7860000133514404,0.7739999890327454,0.7879999876022339,0.7735000252723694,837
2001-05-03,0.7825000286102295,0.7850000262260437,0.7900000214576721,0.7795000076293945,606
2001-05-04,0.7749999761581421,0.7799999713897705,0.781000018119812,0.7724999785423279,670
2001-05-07,0.7764999866485596,0.7774999737739563,0.781000018119812,0.7764999866485596,684
2001-05-08,0.7605000138282776,0.7720000147819519,0.7735000252723694,0.7584999799728394,814
2001-05-09,0.7544999718666077,0.7580000162124634,0.7580000162124634,0.7509999871253967,494
2001-05-10,0.7505000233650208,0.7590000033378601,0.762499988079071,0.75,716
2001-05-11,0.7555000185966492,0.7509999871253967,0.7580000162124634,0.7509999871253967,503
2001-05-14,0.746999979019165,0.7490000128746033,0.7490000128746033,0.7444999814033508,379
2001-05-15,0.7475000023841858,0.7490000128746033,0.753000020980835,0.746999979019165,733
2001-05-16,0.7484999895095825,0.7429999709129333,0.7540000081062317,0.7409999966621399,882
2001-05-17,0.7609999775886536,0.7570000290870667,0.7649999856948853,0.7515000104904175,433
2001-05-18,0.7804999947547913,0.7684999704360962,0.7804999947547913,0.7670000195503235,403
2001-05-21,0.7950000166893005,0.7850000262260437,0.7960000038146973,0.7850000262260437,378
2001-05-22,0.7839999794960022,0.7904999852180481,0.7919999957084656,0.7839999794960022,797
2001-05-23,0.7839999794960022,0.7829999923706055,0.7839999794960022,0.7804999947547913,416
2001-05-24,0.7875000238418579,0.7914999723434448,0.7940000295639038,0.7875000238418579,701
2001-05-25,0.7860000133514404,0.7839999794960022,0.7870000004768372,0.7835000157356262,0
2001-05-29,0.7609999775886536,0.7739999890327454,0.7760000228881836,0.7609999775886536,798
2001-05-30,0.7574999928474426,0.7630000114440918,0.765500009059906,0.7570000290870667,653
2001-05-31,0.7519999742507935,0.7565000057220459,0.7584999799728394,0.7494999766349792,3219
2001-06-01,0.7475000023841858,0.7540000081062317,0.7544999718666077,0.7475000023841858,365
2001-06-04,0.7475000023841858,0.75,0.75,0.7455000281333923,186
2001-06-05,0.7570000290870667,0.7515000104904175,0.7570000290870667,0.7515000104904175,467
2001-06-06,0.7494999766349792,0.7570000290870667,0.7570000290870667,0.7494999766349792,366
2001-06-07,0.7465000152587891,0.7444999814033508,0.75,0.7444999814033508,160
2001-06-08,0.7275000214576721,0.7360000014305115,0.7360000014305115,0.7275000214576721,147
2001-06-11,0.7289999723434448,0.7315000295639038,0.7315000295639038,0.7289999723434448,420
2001-06-12,0.7254999876022339,0.7254999876022339,0.7264999747276306,0.722000002861023,568
2001-06-13,0.7214999794960022,0.7225000262260437,0.7225000262260437,0.7210000157356262,149
2001-06-14,0.7245000004768372,0.7235000133514404,0.7245000004768372,0.722000002861023,419
2001-06-15,0.7164999842643738,0.7204999923706055,0.722000002861023,0.7164999842643738,167
2001-06-18,0.7174999713897705,0.7149999737739563,0.718500018119812,0.7149999737739563,198
2001-06-19,0.7229999899864197,0.7229999899864197,0.7250000238418579,0.7229999899864197,156
2001-06-20,0.7129999995231628,0.7149999737739563,0.7179999947547913,0.7129999995231628,237
2001-06-21,0.7195000052452087,0.7110000252723694,0.7195000052452087,0.7110000252723694,288
2001-06-22,0.7129999995231628,0.7170000076293945,0.7200000286102295,0.7129999995231628,191
2001-06-25,0.7124999761581421,0.7124999761581421,0.7139999866485596,0.7120000123977661,182
2001-06-26,0.7160000205039978,0.7099999785423279,0.7160000205039978,0.7099999785423279,0
2001-06-27,0.7229999899864197,0.7210000157356262,0.7229999899864197,0.7200000286102295,8631
2001-06-28,0.7080000042915344,0.7179999947547913,0.7179999947547913,0.7064999938011169,2914
2001-06-29,0.7045000195503235,0.7049999833106995,0.7105000019073486,0.7020000219345093,612
2001-07-02,0.7120000123977661,0.703000009059906,0.7120000123977661,0.703000009059906,500
2001-07-03,0.7055000066757202,0.7129999995231628,0.7129999995231628,0.7049999833106995,523
2001-07-05,0.6980000138282776,0.7020000219345093,0.7020000219345093,0.6970000267028809,523
2001-07-06,0.703499972820282,0.6984999775886536,0.7059999704360962,0.6984999775886536,538
2001-07-09,0.7014999985694885,0.6995000243186951,0.7055000066757202,0.6990000009536743,1213
2001-07-10,0.7099999785423279,0.703000009059906,0.7099999785423279,0.703000009059906,489
2001-07-11,0.7059999704360962,0.7105000019073486,0.7105000019073486,0.703000009059906,492
2001-07-12,0.6980000138282776,0.703499972820282,0.7059999704360962,0.6980000138282776,439
2001-07-13,0.699999988079071,0.6980000138282776,0.7020000219345093,0.6980000138282776,372
2001-07-16,0.7020000219345093,0.7009999752044678,0.7039999961853027,0.6984999775886536,461
2001-07-17,0.7124999761581421,0.7049999833106995,0.7139999866485596,0.7020000219345093,287
2001-07-18,0.699999988079071,0.7129999995231628,0.7149999737739563,0.699999988079071,305
2001-07-19,0.6890000104904175,0.7005000114440918,0.7005000114440918,0.6890000104904175,589
2001-07-20,0.6940000057220459,0.6890000104904175,0.6955000162124634,0.6890000104904175,372
2001-07-23,0.6815000176429749,0.6880000233650208,0.6884999871253967,0.6794999837875366,1831
2001-07-24,0.6804999709129333,0.6859999895095825,0.6859999895095825,0.6804999709129333,333
2001-07-25,0.6819999814033508,0.6800000071525574,0.6819999814033508,0.6735000014305115,1355
2001-07-26,0.6800000071525574,0.6790000200271606,0.6825000047683716,0.6790000200271606,0
2001-07-27,0.6740000247955322,0.6834999918937683,0.6834999918937683,0.6740000247955322,397
2001-07-30,0.6740000247955322,0.6769999861717224,0.6769999861717224,0.6740000247955322,433
2001-07-31,0.6779999732971191,0.6729999780654907,0.6809999942779541,0.671999990940094,299
2001-08-01,0.6830000281333923,0.6690000295639038,0.6830000281333923,0.6685000061988831,438
2001-08-02,0.6775000095367432,0.6804999709129333,0.6804999709129333,0.6775000095367432,393
2001-08-03,0.6729999780654907,0.6729999780654907,0.6729999780654907,0.6729999780654907,555
2001-08-06,0.6669999957084656,0.6694999933242798,0.6704999804496765,0.6669999957084656,364
2001-08-07,0.6650000214576721,0.6650000214576721,0.6650000214576721,0.6650000214576721,200
2001-08-08,0.6575000286102295,0.659500002861023,0.659500002861023,0.6575000286102295,1241
2001-08-09,0.6639999747276306,0.6549999713897705,0.6639999747276306,0.6549999713897705,352
2001-08-10,0.6585000157356262,0.6660000085830688,0.6660000085830688,0.6579999923706055,133
2001-08-13,0.6539999842643738,0.6579999923706055,0.6579999923706055,0.6535000205039978,190
2001-08-14,0.6620000004768372,0.6610000133514404,0.6650000214576721,0.6610000133514404,683
2001-08-15,0.656000018119812,0.6585000157356262,0.6585000157356262,0.656000018119812,346
2001-08-16,0.6644999980926514,0.6625000238418579,0.6675000190734863,0.6620000004768372,128
2001-08-17,0.6840000152587891,0.6769999861717224,0.6840000152587891,0.6769999861717224,80
2001-08-20,0.6744999885559082,0.6744999885559082,0.6744999885559082,0.6744999885559082,155
2001-08-21,0.6700000166893005,0.671999990940094,0.671999990940094,0.6700000166893005,174
2001-08-22,0.6754999756813049,0.6754999756813049,0.6754999756813049,0.6754999756813049,192
2001-08-23,0.6834999918937683,0.6840000152587891,0.6840000152587891,0.6830000281333923,77
2001-08-24,0.6819999814033508,0.6809999942779541,0.6830000281333923,0.6809999942779541,434
2001-08-27,0.6940000057220459,0.6869999766349792,0.6940000057220459,0.6869999766349792,200
2001-08-28,0.6890000104904175,0.6955000162124634,0.6955000162124634,0.6869999766349792,0
2001-08-29,0.6945000290870667,0.6949999928474426,0.6949999928474426,0.6945000290870667,11751
2001-08-30,0.6809999942779541,0.6955000162124634,0.6980000138282776,0.6790000200271606,1478
2001-08-31,0.6784999966621399,0.6819999814033508,0.6850000023841858,0.6779999732971191,953
2001-09-04,0.6729999780654907,0.6735000014305115,0.6735000014305115,0.6664999723434448,4864
2001-09-05,0.6710000038146973,0.6729999780654907,0.6744999885559082,0.6690000295639038,1353
2001-09-06,0.6600000262260437,0.6664999723434448,0.6664999723434448,0.6575000286102295,1353
2001-09-07,0.6520000100135803,0.6600000262260437,0.6600000262260437,0.6520000100135803,832
2001-09-10,0.6514999866485596,0.6499999761581421,0.6545000076293945,0.6495000123977661,0
2001-09-11,0.6549999713897705,0.6535000205039978,0.6549999713897705,0.652999997138977,142
2001-09-14,0.6570000052452087,0.6579999923706055,0.6620000004768372,0.652999997138977,1086
2001-09-17,0.6504999995231628,0.6510000228881836,0.6549999713897705,0.6499999761581421,632
2001-09-18,0.6504999995231628,0.656000018119812,0.659500002861023,0.6499999761581421,491
2001-09-19,0.6485000252723694,0.6495000123977661,0.6520000100135803,0.6460000276565552,535
2001-09-20,0.6474999785423279,0.652999997138977,0.6570000052452087,0.6439999938011169,838
2001-09-21,0.6570000052452087,0.6474999785423279,0.6570000052452087,0.6474999785423279,886
2001-09-24,0.652999997138977,0.6570000052452087,0.6570000052452087,0.6524999737739563,1578
2001-09-25,0.6474999785423279,0.6514999866485596,0.6545000076293945,0.6474999785423279,0
2001-09-26,0.6535000205039978,0.6539999842643738,0.6545000076293945,0.6499999761581421,0
2001-09-27,0.6499999761581421,0.652999997138977,0.6549999713897705,0.6499999761581421,0
2001-09-28,0.6460000276565552,0.6499999761581421,0.652999997138977,0.6460000276565552,0
2001-10-01,0.6445000171661377,0.6424999833106995,0.6445000171661377,0.640999972820282,0
2001-10-02,0.6439999938011169,0.6470000147819519,0.6470000147819519,0.6439999938011169,0
2001-10-03,0.6359999775886536,0.6380000114440918,0.6380000114440918,0.6330000162124634,0
2001-10-04,0.6389999985694885,0.6380000114440918,0.6399999856948853,0.6380000114440918,0
2001-10-05,0.6349999904632568,0.6334999799728394,0.6355000138282776,0.6330000162124634,0
2001-10-08,0.6370000243186951,0.6370000243186951,0.6380000114440918,0.6370000243186951,0
2001-10-09,0.6355000138282776,0.6370000243186951,0.6370000243186951,0.6320000290870667,0
2001-10-10,0.6345000267028809,0.6330000162124634,0.6355000138282776,0.6324999928474426,0
2001-10-11,0.6380000114440918,0.6389999985694885,0.6389999985694885,0.637499988079071,0
2001-10-12,0.6355000138282776,0.6420000195503235,0.6430000066757202,0.6349999904632568,0
2001-10-15,0.6345000267028809,0.6359999775886536,0.6359999775886536,0.6345000267028809,0
2001-10-16,0.6395000219345093,0.6380000114440918,0.6399999856948853,0.6380000114440918,0
2001-10-17,0.6349999904632568,0.6389999985694885,0.6389999985694885,0.6349999904632568,0
2001-10-18,0.628000020980835,0.6340000033378601,0.6340000033378601,0.628000020980835,0
2001-10-19,0.6205000281333923,0.621999979019165,0.621999979019165,0.6205000281333923,0
2001-10-22,0.6209999918937683,0.6209999918937683,0.6209999918937683,0.6209999918937683,0
2001-10-23,0.6255000233650208,0.6309999823570251,0.640500009059906,0.6255000233650208,0
2001-10-24,0.6179999709129333,0.6205000281333923,0.6205000281333923,0.6179999709129333,0
2001-10-25,0.6209999918937683,0.6209999918937683,0.6215000152587891,0.6209999918937683,0
2001-10-26,0.6305000185966492,0.6330000162124634,0.6330000162124634,0.6230000257492065,0
2001-10-29,0.6284999847412109,0.625,0.6284999847412109,0.6234999895095825,1882
2001-10-30,0.6340000033378601,0.6284999847412109,0.6340000033378601,0.6259999871253967,187
2001-10-31,0.621999979019165,0.628000020980835,0.628000020980835,0.6215000152587891,375
2001-11-01,0.6179999709129333,0.6230000257492065,0.6255000233650208,0.6159999966621399,181
2001-11-02,0.6115000247955322,0.6154999732971191,0.6154999732971191,0.6110000014305115,166
2001-11-05,0.6140000224113464,0.612500011920929,0.6154999732971191,0.612500011920929,471
2001-11-06,0.6134999990463257,0.6200000047683716,0.6200000047683716,0.6134999990463257,277
2001-11-07,0.6039999723434448,0.609000027179718,0.609499990940094,0.6039999723434448,365
2001-11-08,0.612500011920929,0.6119999885559082,0.6129999756813049,0.6119999885559082,238
2001-11-09,0.6384999752044678,0.6200000047683716,0.6384999752044678,0.6200000047683716,276
2001-11-12,0.656000018119812,0.6399999856948853,0.656000018119812,0.6355000138282776,191
2001-11-13,0.675000011920929,0.659500002861023,0.675000011920929,0.659500002861023,304
2001-11-14,0.675000011920929,0.6830000281333923,0.6880000233650208,0.6744999885559082,191
2001-11-15,0.6704999804496765,0.6700000166893005,0.6704999804496765,0.6700000166893005,217
2001-11-16,0.6800000071525574,0.6800000071525574,0.6800000071525574,0.6800000071525574,206
2001-11-19,0.6809999942779541,0.6815000176429749,0.6815000176429749,0.6804999709129333,209
2001-11-20,0.671500027179718,0.671500027179718,0.671999990940094,0.671500027179718,198
2001-11-21,0.6754999756813049,0.6754999756813049,0.6754999756813049,0.675000011920929,252
2001-11-26,0.6815000176429749,0.6815000176429749,0.6815000176429749,0.6815000176429749,150
2001-11-27,0.7020000219345093,0.699999988079071,0.7020000219345093,0.6970000267028809,0
2001-11-28,0.703499972820282,0.6980000138282776,0.7049999833106995,0.6980000138282776,8845
2001-11-29,0.7129999995231628,0.7049999833106995,0.718500018119812,0.7005000114440918,3287
2001-11-30,0.722000002861023,0.7120000123977661,0.7254999876022339,0.7080000042915344,761
2001-12-03,0.7039999961853027,0.7210000157356262,0.7210000157356262,0.7024999856948853,1155
2001-12-04,0.6995000243186951,0.7020000219345093,0.7070000171661377,0.6980000138282776,1853
2001-12-05,0.6940000057220459,0.6965000033378601,0.6995000243186951,0.6840000152587891,798
2001-12-06,0.6875,0.6945000290870667,0.7039999961853027,0.6869999766349792,424
2001-12-07,0.6765000224113464,0.6875,0.6909999847412109,0.6740000247955322,608
2001-12-10,0.6759999990463257,0.675000011920929,0.6765000224113464,0.671500027179718,2116
2001-12-11,0.6804999709129333,0.6779999732971191,0.6840000152587891,0.6769999861717224,746
2001-12-12,0.6704999804496765,0.6754999756813049,0.6754999756813049,0.6694999933242798,2312
2001-12-13,0.6700000166893005,0.6704999804496765,0.6704999804496765,0.6660000085830688,506
2001-12-14,0.6710000038146973,0.6660000085830688,0.6710000038146973,0.6660000085830688,541
2001-12-17,0.6740000247955322,0.6690000295639038,0.675000011920929,0.6685000061988831,425
2001-12-18,0.6825000047683716,0.6790000200271606,0.6825000047683716,0.6765000224113464,583
2001-12-19,0.671500027179718,0.6825000047683716,0.6850000023841858,0.6690000295639038,564
2001-12-20,0.6704999804496765,0.671999990940094,0.6754999756813049,0.6704999804496765,564
2001-12-21,0.6765000224113464,0.6704999804496765,0.6769999861717224,0.6690000295639038,385
2001-12-26,0.6834999918937683,0.6804999709129333,0.6859999895095825,0.6804999709129333,0
2001-12-27,0.6759999990463257,0.6800000071525574,0.6830000281333923,0.6759999990463257,1689
2001-12-28,0.6710000038146973,0.6754999756813049,0.6779999732971191,0.6700000166893005,366
2001-12-31,0.652999997138977,0.659500002861023,0.659500002861023,0.652999997138977,566
2002-01-02,0.6524999737739563,0.6585000157356262,0.6585000157356262,0.6524999737739563,240
2002-01-03,0.6579999923706055,0.6520000100135803,0.6589999794960022,0.6520000100135803,159
2002-01-04,0.6700000166893005,0.6675000190734863,0.6700000166893005,0.6675000190734863,156
2002-01-07,0.7095000147819519,0.6930000185966492,0.7095000147819519,0.690500020980835,1260
2002-01-08,0.703499972820282,0.703499972820282,0.703499972820282,0.703499972820282,201
2002-01-09,0.7105000019073486,0.7080000042915344,0.7179999947547913,0.7080000042915344,204
2002-01-10,0.7005000114440918,0.7049999833106995,0.7089999914169312,0.699999988079071,201
2002-01-11,0.7039999961853027,0.7020000219345093,0.7045000195503235,0.6984999775886536,272
2002-01-14,0.703499972820282,0.7039999961853027,0.7049999833106995,0.703000009059906,181
2002-01-15,0.6970000267028809,0.7005000114440918,0.7005000114440918,0.6970000267028809,181
2002-01-16,0.7045000195503235,0.6984999775886536,0.7049999833106995,0.6984999775886536,465
2002-01-17,0.7039999961853027,0.703499972820282,0.7039999961853027,0.703499972820282,181
2002-01-18,0.6945000290870667,0.6940000057220459,0.6945000290870667,0.6940000057220459,453
2002-01-22,0.6990000009536743,0.6940000057220459,0.6990000009536743,0.6940000057220459,302
2002-01-23,0.7049999833106995,0.6949999928474426,0.7049999833106995,0.6949999928474426,139
2002-01-24,0.7120000123977661,0.7105000019073486,0.7120000123977661,0.7105000019073486,207
2002-01-25,0.7085000276565552,0.7145000100135803,0.7145000100135803,0.7085000276565552,387
2002-01-28,0.6980000138282776,0.703499972820282,0.7049999833106995,0.6980000138282776,0
2002-01-29,0.6959999799728394,0.6959999799728394,0.6984999775886536,0.6959999799728394,736
2002-01-30,0.6940000057220459,0.6949999928474426,0.6970000267028809,0.6930000185966492,2648
2002-01-31,0.7304999828338623,0.6980000138282776,0.7304999828338623,0.6980000138282776,312
2002-02-01,0.7335000038146973,0.7300000190734863,0.7335000038146973,0.7300000190734863,159
2002-02-04,0.7260000109672546,0.7279999852180481,0.7279999852180481,0.7260000109672546,188
2002-02-05,0.7300000190734863,0.7319999933242798,0.7319999933242798,0.7294999957084656,129
2002-02-06,0.7264999747276306,0.7260000109672546,0.7264999747276306,0.7260000109672546,209
2002-02-07,0.7350000143051147,0.7260000109672546,0.7350000143051147,0.7260000109672546,154
2002-02-08,0.7315000295639038,0.7350000143051147,0.737500011920929,0.7310000061988831,96
2002-02-11,0.7254999876022339,0.7254999876022339,0.7254999876022339,0.7254999876022339,171
2002-02-12,0.7304999828338623,0.7289999723434448,0.7304999828338623,0.7289999723434448,118
2002-02-13,0.7494999766349792,0.7409999966621399,0.7494999766349792,0.7409999966621399,225
2002-02-14,0.7429999709129333,0.7465000152587891,0.7465000152587891,0.7425000071525574,77
2002-02-15,0.7325000166893005,0.7394999861717224,0.7394999861717224,0.7319999933242798,327
2002-02-19,0.7059999704360962,0.7210000157356262,0.7210000157356262,0.7055000066757202,180
2002-02-20,0.7074999809265137,0.7020000219345093,0.7074999809265137,0.7020000219345093,258
2002-02-21,0.7135000228881836,0.7129999995231628,0.7135000228881836,0.7129999995231628,287
2002-02-22,0.6990000009536743,0.6990000009536743,0.7024999856948853,0.6984999775886536,201
2002-02-25,0.7049999833106995,0.7049999833106995,0.7049999833106995,0.7049999833106995,0
2002-02-26,0.7009999752044678,0.7089999914169312,0.7089999914169312,0.7005000114440918,9412
2002-02-27,0.7135000228881836,0.7020000219345093,0.7179999947547913,0.7005000114440918,2460
2002-02-28,0.7139999866485596,0.7179999947547913,0.718999981880188,0.7085000276565552,1495
2002-03-01,0.7264999747276306,0.7149999737739563,0.7289999723434448,0.7070000171661377,1508
2002-03-04,0.7365000247955322,0.7360000014305115,0.7404999732971191,0.7350000143051147,664
2002-03-05,0.7354999780654907,0.737500011920929,0.7400000095367432,0.7329999804496765,491
2002-03-06,0.7444999814033508,0.7335000038146973,0.7465000152587891,0.7335000038146973,909
2002-03-07,0.7425000071525574,0.7400000095367432,0.753000020980835,0.7400000095367432,191
2002-03-08,0.746999979019165,0.7419999837875366,0.7480000257492065,0.7415000200271606,192
2002-03-11,0.7404999732971191,0.746999979019165,0.746999979019165,0.7404999732971191,420
2002-03-12,0.7360000014305115,0.7379999756813049,0.7409999966621399,0.7354999780654907,1907
2002-03-13,0.7354999780654907,0.734499990940094,0.7390000224113464,0.734499990940094,311
2002-03-14,0.7400000095367432,0.7354999780654907,0.7415000200271606,0.7350000143051147,713
2002-03-15,0.7459999918937683,0.746999979019165,0.7509999871253967,0.7459999918937683,236
2002-03-18,0.7599999904632568,0.7609999775886536,0.7645000219345093,0.7574999928474426,209
2002-03-19,0.765999972820282,0.765999972820282,0.765999972820282,0.7620000243186951,210
2002-03-20,0.7615000009536743,0.762499988079071,0.762499988079071,0.7615000009536743,478
2002-03-21,0.7584999799728394,0.7590000033378601,0.7609999775886536,0.7574999928474426,427
2002-03-22,0.7450000047683716,0.7570000290870667,0.7580000162124634,0.7450000047683716,277
2002-03-25,0.7335000038146973,0.7369999885559082,0.7384999990463257,0.7335000038146973,0
2002-03-26,0.7415000200271606,0.7400000095367432,0.7429999709129333,0.7394999861717224,813
2002-03-27,0.7480000257492065,0.7480000257492065,0.75,0.7450000047683716,232
2002-03-28,0.7605000138282776,0.7534999847412109,0.7605000138282776,0.7534999847412109,227
2002-04-01,0.7609999775886536,0.7599999904632568,0.7609999775886536,0.7590000033378601,143
2002-04-02,0.7609999775886536,0.7649999856948853,0.7674999833106995,0.7609999775886536,186
2002-04-03,0.7400000095367432,0.7494999766349792,0.7494999766349792,0.7400000095367432,232
2002-04-04,0.7304999828338623,0.7325000166893005,0.7325000166893005,0.7304999828338623,240
2002-04-05,0.7210000157356262,0.7329999804496765,0.7329999804496765,0.7179999947547913,229
2002-04-08,0.7204999923706055,0.7235000133514404,0.7235000133514404,0.7139999866485596,263
2002-04-09,0.7250000238418579,0.7210000157356262,0.7250000238418579,0.7210000157356262,141
2002-04-10,0.722000002861023,0.7200000286102295,0.722000002861023,0.7179999947547913,181
2002-04-11,0.7210000157356262,0.7214999794960022,0.7214999794960022,0.7200000286102295,64
2002-04-12,0.7149999737739563,0.7160000205039978,0.7160000205039978,0.7149999737739563,138
2002-04-15,0.7139999866485596,0.7099999785423279,0.7139999866485596,0.7099999785423279,133
2002-04-16,0.7239999771118164,0.7229999899864197,0.7245000004768372,0.7229999899864197,223
2002-04-17,0.734499990940094,0.7310000061988831,0.734499990940094,0.7310000061988831,112
2002-04-18,0.7254999876022339,0.7310000061988831,0.7350000143051147,0.7254999876022339,173
2002-04-19,0.7315000295639038,0.7300000190734863,0.7315000295639038,0.7300000190734863,139
2002-04-22,0.7419999837875366,0.7455000281333923,0.7459999918937683,0.7415000200271606,101
2002-04-23,0.7300000190734863,0.7350000143051147,0.7350000143051147,0.7300000190734863,326
2002-04-24,0.7350000143051147,0.7300000190734863,0.7350000143051147,0.7300000190734863,288
2002-04-25,0.7285000085830688,0.7254999876022339,0.7329999804496765,0.7254999876022339,0
2002-04-26,0.7350000143051147,0.7310000061988831,0.7354999780654907,0.7310000061988831,7294
2002-04-29,0.734000027179718,0.7319999933242798,0.7459999918937683,0.7304999828338623,1615
2002-04-30,0.7325000166893005,0.7325000166893005,0.7335000038146973,0.7289999723434448,931
2002-05-01,0.7229999899864197,0.7329999804496765,0.7329999804496765,0.718999981880188,1461
2002-05-02,0.7300000190734863,0.7200000286102295,0.7304999828338623,0.7195000052452087,966
2002-05-03,0.718999981880188,0.7279999852180481,0.7279999852180481,0.7139999866485596,294
2002-05-06,0.7099999785423279,0.7160000205039978,0.7160000205039978,0.7074999809265137,414
2002-05-07,0.7204999923706055,0.7099999785423279,0.7204999923706055,0.7089999914169312,2336
2002-05-08,0.7275000214576721,0.7204999923706055,0.7300000190734863,0.7204999923706055,471
2002-05-09,0.7250000238418579,0.7275000214576721,0.7350000143051147,0.7245000004768372,381
2002-05-10,0.7329999804496765,0.7260000109672546,0.734000027179718,0.7260000109672546,228
2002-05-13,0.7319999933242798,0.7294999957084656,0.7329999804496765,0.7289999723434448,1260
2002-05-14,0.7400000095367432,0.7310000061988831,0.7450000047683716,0.7310000061988831,516
2002-05-15,0.7429999709129333,0.7400000095367432,0.7440000176429749,0.7369999885559082,384
2002-05-16,0.734000027179718,0.7390000224113464,0.7390000224113464,0.7329999804496765,289
2002-05-17,0.7239999771118164,0.7300000190734863,0.7325000166893005,0.7204999923706055,249
2002-05-20,0.722000002861023,0.7229999899864197,0.7229999899864197,0.7200000286102295,173
2002-05-21,0.7229999899864197,0.7254999876022339,0.7260000109672546,0.722000002861023,744
2002-05-22,0.7239999771118164,0.7294999957084656,0.7294999957084656,0.7210000157356262,284
2002-05-23,0.7319999933242798,0.7289999723434448,0.7329999804496765,0.7269999980926514,1323
2002-05-24,0.7350000143051147,0.7354999780654907,0.7384999990463257,0.7350000143051147,841
2002-05-28,0.7534999847412109,0.7450000047683716,0.7570000290870667,0.7450000047683716,0
2002-05-29,0.7475000023841858,0.7605000138282776,0.7605000138282776,0.746999979019165,3674
2002-05-30,0.7490000128746033,0.7559999823570251,0.7599999904632568,0.7490000128746033,314
2002-05-31,0.7615000009536743,0.7524999976158142,0.7615000009536743,0.7524999976158142,314
2002-06-03,0.7724999785423279,0.7664999961853027,0.7724999785423279,0.7639999985694885,184
2002-06-04,0.7835000157356262,0.7699999809265137,0.7900000214576721,0.765500009059906,191
2002-06-05,0.7804999947547913,0.7724999785423279,0.7804999947547913,0.7724999785423279,405
2002-06-06,0.7764999866485596,0.7760000228881836,0.7764999866485596,0.7760000228881836,187
2002-06-07,0.7774999737739563,0.7774999737739563,0.7774999737739563,0.7730000019073486,244
2002-06-10,0.777999997138977,0.777999997138977,0.777999997138977,0.7735000252723694,160
2002-06-11,0.7630000114440918,0.765999972820282,0.7684999704360962,0.7630000114440918,131
2002-06-12,0.7620000243186951,0.7639999985694885,0.7649999856948853,0.7599999904632568,372
2002-06-13,0.7645000219345093,0.7634999752044678,0.7649999856948853,0.7580000162124634,321
2002-06-14,0.7634999752044678,0.7534999847412109,0.7634999752044678,0.7534999847412109,131
2002-06-17,0.7595000267028809,0.7609999775886536,0.7609999775886536,0.7570000290870667,160
2002-06-18,0.7584999799728394,0.7584999799728394,0.7599999904632568,0.7584999799728394,153
2002-06-19,0.7559999823570251,0.7540000081062317,0.7559999823570251,0.7540000081062317,177
2002-06-20,0.75,0.7515000104904175,0.7515000104904175,0.746999979019165,301
2002-06-21,0.7419999837875366,0.7490000128746033,0.7490000128746033,0.7390000224113464,311
2002-06-24,0.7394999861717224,0.7379999756813049,0.7394999861717224,0.7369999885559082,159
2002-06-25,0.7484999895095825,0.7415000200271606,0.7519999742507935,0.7415000200271606,0
2002-06-26,0.75,0.7419999837875366,0.75,0.7404999732971191,7055
2002-06-27,0.7524999976158142,0.75,0.7609999775886536,0.75,4519
2002-06-28,0.7674999833106995,0.7534999847412109,0.7710000276565552,0.7534999847412109,1151
2002-07-01,0.7680000066757202,0.7710000276565552,0.7720000147819519,0.7670000195503235,1559
2002-07-02,0.7559999823570251,0.7559999823570251,0.765999972820282,0.753000020980835,0
2002-07-03,0.7484999895095825,0.75,0.753000020980835,0.7475000023841858,401
2002-07-08,0.7559999823570251,0.7639999985694885,0.7639999985694885,0.7455000281333923,775
2002-07-09,0.7555000185966492,0.7549999952316284,0.7580000162124634,0.7534999847412109,392
2002-07-10,0.7524999976158142,0.7580000162124634,0.7590000033378601,0.7519999742507935,678
2002-07-11,0.7455000281333923,0.7484999895095825,0.7484999895095825,0.7429999709129333,404
2002-07-12,0.7394999861717224,0.7455000281333923,0.7455000281333923,0.7379999756813049,503
2002-07-15,0.7335000038146973,0.7400000095367432,0.7400000095367432,0.7329999804496765,300
2002-07-16,0.7384999990463257,0.734000027179718,0.7390000224113464,0.734000027179718,375
2002-07-17,0.7310000061988831,0.7440000176429749,0.7459999918937683,0.7304999828338623,239
2002-07-18,0.7275000214576721,0.7300000190734863,0.7304999828338623,0.7254999876022339,801
2002-07-19,0.7145000100135803,0.7200000286102295,0.7200000286102295,0.7139999866485596,304
2002-07-22,0.7009999752044678,0.703000009059906,0.7049999833106995,0.7005000114440918,244
2002-07-23,0.6934999823570251,0.7039999961853027,0.7039999961853027,0.6924999952316284,249
2002-07-24,0.6924999952316284,0.6899999976158142,0.6949999928474426,0.6769999861717224,1141
2002-07-25,0.6869999766349792,0.6924999952316284,0.703499972820282,0.6840000152587891,367
2002-07-26,0.6869999766349792,0.6915000081062317,0.6934999823570251,0.6869999766349792,0
2002-07-29,0.6949999928474426,0.6934999823570251,0.6955000162124634,0.6915000081062317,1149
2002-07-30,0.6890000104904175,0.6915000081062317,0.6919999718666077,0.6890000104904175,1105
2002-07-31,0.6775000095367432,0.690500020980835,0.6919999718666077,0.6769999861717224,188
2002-08-01,0.6819999814033508,0.6819999814033508,0.6834999918937683,0.6800000071525574,267
2002-08-02,0.6790000200271606,0.6819999814033508,0.6819999814033508,0.6775000095367432,141
2002-08-05,0.6690000295639038,0.6735000014305115,0.6735000014305115,0.6660000085830688,308
2002-08-06,0.6725000143051147,0.6690000295639038,0.6729999780654907,0.6690000295639038,166
2002-08-07,0.6685000061988831,0.6754999756813049,0.6769999861717224,0.6685000061988831,250
2002-08-08,0.6725000143051147,0.6729999780654907,0.675000011920929,0.671500027179718,1056
2002-08-09,0.6754999756813049,0.6775000095367432,0.6775000095367432,0.6754999756813049,150
2002-08-12,0.6759999990463257,0.6694999933242798,0.6759999990463257,0.6694999933242798,357
2002-08-13,0.6740000247955322,0.6744999885559082,0.675000011920929,0.6735000014305115,198
2002-08-14,0.6685000061988831,0.6685000061988831,0.6685000061988831,0.6685000061988831,135
2002-08-15,0.6804999709129333,0.6815000176429749,0.6815000176429749,0.6804999709129333,87
2002-08-16,0.6744999885559082,0.6744999885559082,0.6815000176429749,0.6744999885559082,145
2002-08-19,0.6744999885559082,0.6744999885559082,0.6744999885559082,0.6744999885559082,197
2002-08-20,0.6815000176429749,0.6815000176429749,0.6815000176429749,0.6815000176429749,120
2002-08-21,0.6744999885559082,0.6815000176429749,0.6815000176429749,0.6744999885559082,142
2002-08-22,0.6834999918937683,0.6830000281333923,0.6834999918937683,0.6830000281333923,204
2002-08-23,0.684499979019165,0.6830000281333923,0.6875,0.6830000281333923,129
2002-08-26,0.6880000233650208,0.6890000104904175,0.6909999847412109,0.6880000233650208,176
2002-08-27,0.6880000233650208,0.684499979019165,0.6899999976158142,0.684499979019165,0
2002-08-28,0.6830000281333923,0.6924999952316284,0.6924999952316284,0.6819999814033508,7404
2002-08-29,0.6840000152587891,0.6809999942779541,0.6850000023841858,0.6759999990463257,1972
2002-08-30,0.6869999766349792,0.6825000047683716,0.6880000233650208,0.6819999814033508,715
2002-09-03,0.6744999885559082,0.6869999766349792,0.6869999766349792,0.6700000166893005,2380
2002-09-04,0.6729999780654907,0.6700000166893005,0.6754999756813049,0.6685000061988831,2155
2002-09-05,0.6679999828338623,0.6765000224113464,0.6765000224113464,0.6629999876022339,641
2002-09-06,0.6740000247955322,0.6685000061988831,0.6754999756813049,0.6650000214576721,414
2002-09-09,0.6890000104904175,0.675000011920929,0.6890000104904175,0.675000011920929,848
2002-09-10,0.7005000114440918,0.6875,0.703000009059906,0.6875,343
2002-09-11,0.6984999775886536,0.6955000162124634,0.7045000195503235,0.6955000162124634,512
2002-09-12,0.6970000267028809,0.6984999775886536,0.6984999775886536,0.690500020980835,323
2002-09-13,0.6919999718666077,0.6930000185966492,0.6934999823570251,0.6865000128746033,203
2002-09-16,0.6809999942779541,0.690500020980835,0.690500020980835,0.6809999942779541,366
2002-09-17,0.6804999709129333,0.684499979019165,0.6880000233650208,0.6800000071525574,230
2002-09-18,0.6700000166893005,0.6740000247955322,0.6754999756813049,0.6700000166893005,450
2002-09-19,0.6694999933242798,0.6729999780654907,0.675000011920929,0.6679999828338623,349
2002-09-20,0.675000011920929,0.6700000166893005,0.6754999756813049,0.6700000166893005,243
2002-09-23,0.6704999804496765,0.6765000224113464,0.6765000224113464,0.6679999828338623,317
2002-09-24,0.6654999852180481,0.6679999828338623,0.6679999828338623,0.6650000214576721,825
2002-09-25,0.6700000166893005,0.6700000166893005,0.6700000166893005,0.6700000166893005,0
2002-09-26,0.671999990940094,0.6725000143051147,0.675000011920929,0.671500027179718,1431
2002-09-27,0.6604999899864197,0.6710000038146973,0.6710000038146973,0.6604999899864197,2219
2002-09-30,0.6600000262260437,0.6579999923706055,0.6600000262260437,0.656000018119812,135
2002-10-01,0.6639999747276306,0.6604999899864197,0.6654999852180481,0.6570000052452087,161
2002-10-02,0.6694999933242798,0.6685000061988831,0.6704999804496765,0.6654999852180481,145
2002-10-03,0.6620000004768372,0.6669999957084656,0.6669999957084656,0.6620000004768372,162
2002-10-04,0.656000018119812,0.656000018119812,0.6600000262260437,0.656000018119812,477
2002-10-07,0.6589999794960022,0.6549999713897705,0.6589999794960022,0.6549999713897705,397
2002-10-08,0.6589999794960022,0.6610000133514404,0.6610000133514404,0.6585000157356262,111
2002-10-09,0.6585000157356262,0.6585000157356262,0.6585000157356262,0.6585000157356262,210
2002-10-10,0.6660000085830688,0.6650000214576721,0.6669999957084656,0.6644999980926514,528
2002-10-11,0.6779999732971191,0.6735000014305115,0.6784999966621399,0.6735000014305115,278
2002-10-14,0.6660000085830688,0.6660000085830688,0.6660000085830688,0.6660000085830688,233
2002-10-15,0.671500027179718,0.671999990940094,0.6729999780654907,0.6710000038146973,342
2002-10-16,0.6700000166893005,0.6679999828338623,0.6784999966621399,0.6679999828338623,142
2002-10-17,0.6919999718666077,0.6859999895095825,0.6919999718666077,0.6859999895095825,122
2002-10-18,0.6880000233650208,0.6884999871253967,0.6884999871253967,0.6880000233650208,144
2002-10-21,0.6990000009536743,0.6899999976158142,0.6990000009536743,0.6899999976158142,119
2002-10-22,0.6930000185966492,0.6940000057220459,0.6940000057220459,0.6930000185966492,406
2002-10-23,0.690500020980835,0.6880000233650208,0.690500020980835,0.6880000233650208,107
2002-10-24,0.6990000009536743,0.6984999775886536,0.6990000009536743,0.6984999775886536,123
2002-10-25,0.7105000019073486,0.6990000009536743,0.7105000019073486,0.6990000009536743,354
2002-10-28,0.7095000147819519,0.7149999737739563,0.7149999737739563,0.7089999914169312,0
2002-10-29,0.7014999985694885,0.703499972820282,0.7049999833106995,0.6970000267028809,3136
2002-10-30,0.7005000114440918,0.7005000114440918,0.7049999833106995,0.7005000114440918,732
2002-10-31,0.7139999866485596,0.7120000123977661,0.7149999737739563,0.7105000019073486,427
2002-11-01,0.7235000133514404,0.7170000076293945,0.7235000133514404,0.7145000100135803,115
2002-11-04,0.7260000109672546,0.7254999876022339,0.7285000085830688,0.7254999876022339,112
2002-11-05,0.7229999899864197,0.7214999794960022,0.7250000238418579,0.7214999794960022,194
2002-11-06,0.7279999852180481,0.7245000004768372,0.7279999852180481,0.7245000004768372,224
2002-11-07,0.7135000228881836,0.7225000262260437,0.7264999747276306,0.7129999995231628,93
2002-11-08,0.7139999866485596,0.7160000205039978,0.7160000205039978,0.7139999866485596,117
2002-11-11,0.718999981880188,0.7214999794960022,0.7214999794960022,0.718999981880188,126
2002-11-12,0.718999981880188,0.7214999794960022,0.7214999794960022,0.718500018119812,106
2002-11-13,0.715499997138977,0.7160000205039978,0.7160000205039978,0.7149999737739563,112
2002-11-14,0.7105000019073486,0.7135000228881836,0.7135000228881836,0.7099999785423279,149
2002-11-15,0.7170000076293945,0.715499997138977,0.7174999713897705,0.715499997138977,271
2002-11-18,0.7269999980926514,0.722000002861023,0.7294999957084656,0.722000002861023,100
2002-11-19,0.7260000109672546,0.7269999980926514,0.7269999980926514,0.7260000109672546,101
2002-11-20,0.7379999756813049,0.7390000224113464,0.7425000071525574,0.737500011920929,85
2002-11-21,0.7390000224113464,0.7360000014305115,0.7394999861717224,0.7360000014305115,179
2002-11-22,0.7354999780654907,0.737500011920929,0.737500011920929,0.7329999804496765,0
2002-11-25,0.7360000014305115,0.7335000038146973,0.7369999885559082,0.7335000038146973,16530
2002-11-26,0.7285000085830688,0.7315000295639038,0.7365000247955322,0.7260000109672546,0
2002-11-27,0.7494999766349792,0.7260000109672546,0.7494999766349792,0.7239999771118164,1547
2002-12-02,0.7565000057220459,0.7494999766349792,0.7630000114440918,0.7494999766349792,1467
2002-12-03,0.753000020980835,0.7534999847412109,0.7565000057220459,0.7505000233650208,379
2002-12-04,0.753000020980835,0.7544999718666077,0.7544999718666077,0.7484999895095825,516
2002-12-05,0.7400000095367432,0.753000020980835,0.7534999847412109,0.7390000224113464,350
2002-12-06,0.7404999732971191,0.7394999861717224,0.7404999732971191,0.7315000295639038,320
2002-12-09,0.7304999828338623,0.7404999732971191,0.7404999732971191,0.7289999723434448,393
2002-12-10,0.7369999885559082,0.7294999957084656,0.7369999885559082,0.7294999957084656,258
2002-12-11,0.7360000014305115,0.7350000143051147,0.7360000014305115,0.7325000166893005,717
2002-12-12,0.7329999804496765,0.7369999885559082,0.7409999966621399,0.7329999804496765,621
2002-12-13,0.7239999771118164,0.7329999804496765,0.7329999804496765,0.7239999771118164,307
2002-12-16,0.7229999899864197,0.7200000286102295,0.7235000133514404,0.7195000052452087,451
2002-12-17,0.7245000004768372,0.7285000085830688,0.7294999957084656,0.7245000004768372,901
2002-12-18,0.7179999947547913,0.7225000262260437,0.7484999895095825,0.7149999737739563,219
2002-12-19,0.7135000228881836,0.7170000076293945,0.7200000286102295,0.7135000228881836,524
2002-12-20,0.7110000252723694,0.7120000123977661,0.7135000228881836,0.7110000252723694,248
2002-12-23,0.7135000228881836,0.7135000228881836,0.7145000100135803,0.7120000123977661,324
2002-12-24,0.7020000219345093,0.7145000100135803,0.7145000100135803,0.7009999752044678,243
2002-12-26,0.6959999799728394,0.699999988079071,0.699999988079071,0.6940000057220459,0
2002-12-27,0.6995000243186951,0.6970000267028809,0.6995000243186951,0.6965000033378601,4615
2002-12-30,0.6990000009536743,0.699999988079071,0.699999988079071,0.6955000162124634,697
2002-12-31,0.6970000267028809,0.690500020980835,0.6970000267028809,0.690500020980835,902
2003-01-02,0.7139999866485596,0.6970000267028809,0.7139999866485596,0.6970000267028809,199
2003-01-03,0.7264999747276306,0.7204999923706055,0.7264999747276306,0.7204999923706055,128
2003-01-06,0.734499990940094,0.7294999957084656,0.7350000143051147,0.7294999957084656,123
2003-01-07,0.7315000295639038,0.7285000085830688,0.7319999933242798,0.7285000085830688,304
2003-01-08,0.7419999837875366,0.7310000061988831,0.7419999837875366,0.7300000190734863,126
2003-01-09,0.7459999918937683,0.7484999895095825,0.7484999895095825,0.7455000281333923,186
2003-01-10,0.7400000095367432,0.7394999861717224,0.7400000095367432,0.7390000224113464,123
2003-01-13,0.7480000257492065,0.7429999709129333,0.7484999895095825,0.7429999709129333,338
2003-01-14,0.7559999823570251,0.7455000281333923,0.7559999823570251,0.7455000281333923,204
2003-01-15,0.7609999775886536,0.7615000009536743,0.7615000009536743,0.7609999775886536,160
2003-01-16,0.7570000290870667,0.7609999775886536,0.7609999775886536,0.7565000057220459,208
2003-01-17,0.7544999718666077,0.7570000290870667,0.7570000290870667,0.7544999718666077,98
2003-01-21,0.7649999856948853,0.765500009059906,0.765500009059906,0.7649999856948853,103
2003-01-22,0.7689999938011169,0.7695000171661377,0.7695000171661377,0.765999972820282,210
2003-01-23,0.7664999961853027,0.7724999785423279,0.7724999785423279,0.7664999961853027,115
2003-01-24,0.7649999856948853,0.7710000276565552,0.7714999914169312,0.7649999856948853,64
2003-01-27,0.7565000057220459,0.762499988079071,0.762499988079071,0.7565000057220459,103
2003-01-28,0.753000020980835,0.7534999847412109,0.7570000290870667,0.753000020980835,0
2003-01-29,0.762499988079071,0.7615000009536743,0.7639999985694885,0.7605000138282776,908
2003-01-30,0.7879999876022339,0.7724999785423279,0.7879999876022339,0.7720000147819519,136
2003-01-31,0.7914999723434448,0.7879999876022339,0.7914999723434448,0.784500002861023,283
2003-02-03,0.7864999771118164,0.7919999957084656,0.7919999957084656,0.7864999771118164,76
2003-02-04,0.7774999737739563,0.7770000100135803,0.777999997138977,0.7745000123977661,329
2003-02-05,0.7770000100135803,0.7799999713897705,0.7799999713897705,0.7739999890327454,82
2003-02-06,0.765999972820282,0.7730000019073486,0.7730000019073486,0.7630000114440918,73
2003-02-07,0.7615000009536743,0.7599999904632568,0.7620000243186951,0.7599999904632568,141
2003-02-10,0.7739999890327454,0.7630000114440918,0.7760000228881836,0.7630000114440918,150
2003-02-11,0.7739999890327454,0.7739999890327454,0.7745000123977661,0.7739999890327454,133
2003-02-12,0.7699999809265137,0.7684999704360962,0.7710000276565552,0.7649999856948853,0
2003-02-13,0.7490000128746033,0.7580000162124634,0.7770000100135803,0.746999979019165,427
2003-02-14,0.7549999952316284,0.7465000152587891,0.7549999952316284,0.7465000152587891,86
2003-02-18,0.7390000224113464,0.7384999990463257,0.7390000224113464,0.7384999990463257,106
2003-02-19,0.7444999814033508,0.7390000224113464,0.7444999814033508,0.7390000224113464,83
2003-02-20,0.7509999871253967,0.7490000128746033,0.7515000104904175,0.7490000128746033,109
2003-02-21,0.7764999866485596,0.7565000057220459,0.7764999866485596,0.7565000057220459,157
2003-02-24,0.7850000262260437,0.7745000123977661,0.7850000262260437,0.7745000123977661,128
2003-02-25,0.7785000205039978,0.7785000205039978,0.7785000205039978,0.7785000205039978,0
2003-02-26,0.7950000166893005,0.7950000166893005,0.7950000166893005,0.7950000166893005,6060
2003-02-27,0.7879999876022339,0.7960000038146973,0.7960000038146973,0.7870000004768372,1669
2003-02-28,0.7749999761581421,0.7860000133514404,0.7875000238418579,0.7724999785423279,371
2003-03-03,0.7875000238418579,0.7760000228881836,0.7875000238418579,0.7754999995231628,511
2003-03-04,0.7770000100135803,0.7885000109672546,0.796999990940094,0.7745000123977661,517
2003-03-05,0.7605000138282776,0.7714999914169312,0.7739999890327454,0.7559999823570251,726
2003-03-06,0.7515000104904175,0.7599999904632568,0.7630000114440918,0.7515000104904175,878
2003-03-07,0.7664999961853027,0.7519999742507935,0.7664999961853027,0.7490000128746033,1085
2003-03-10,0.7524999976158142,0.7590000033378601,0.7595000267028809,0.7524999976158142,171
2003-03-11,0.7615000009536743,0.7590000033378601,0.7829999923706055,0.7574999928474426,555
2003-03-12,0.753000020980835,0.7565000057220459,0.7580000162124634,0.7524999976158142,206
2003-03-13,0.7484999895095825,0.7549999952316284,0.7570000290870667,0.7465000152587891,245
2003-03-14,0.7505000233650208,0.7475000023841858,0.7505000233650208,0.746999979019165,229
2003-03-17,0.7680000066757202,0.746999979019165,0.7684999704360962,0.7465000152587891,255
2003-03-18,0.7605000138282776,0.7684999704360962,0.7684999704360962,0.7599999904632568,174
2003-03-19,0.7735000252723694,0.7599999904632568,0.7735000252723694,0.7599999904632568,269
2003-03-20,0.7649999856948853,0.7735000252723694,0.7735000252723694,0.7590000033378601,137
2003-03-21,0.7754999995231628,0.7724999785423279,0.7754999995231628,0.7724999785423279,227
2003-03-24,0.765500009059906,0.7620000243186951,0.765500009059906,0.7620000243186951,473
2003-03-25,0.7674999833106995,0.765500009059906,0.7695000171661377,0.7639999985694885,270
2003-03-26,0.7490000128746033,0.7555000185966492,0.7555000185966492,0.7490000128746033,0
2003-03-27,0.7289999723434448,0.7390000224113464,0.7390000224113464,0.7275000214576721,1221
2003-03-28,0.7254999876022339,0.7229999899864197,0.7254999876022339,0.7160000205039978,225
2003-03-31,0.7124999761581421,0.722000002861023,0.722000002861023,0.7105000019073486,188
2003-04-01,0.7225000262260437,0.718999981880188,0.7250000238418579,0.718999981880188,349
2003-04-02,0.7170000076293945,0.718500018119812,0.718500018119812,0.7164999842643738,112
2003-04-03,0.7089999914169312,0.7105000019073486,0.7105000019073486,0.7089999914169312,96
2003-04-04,0.7160000205039978,0.7160000205039978,0.7160000205039978,0.7160000205039978,76
2003-04-07,0.7269999980926514,0.7250000238418579,0.7269999980926514,0.7250000238418579,66
2003-04-08,0.7204999923706055,0.7204999923706055,0.7204999923706055,0.7204999923706055,244
2003-04-09,0.7174999713897705,0.7145000100135803,0.7174999713897705,0.7145000100135803,96
2003-04-10,0.7135000228881836,0.7135000228881836,0.7139999866485596,0.7135000228881836,66
2003-04-11,0.7245000004768372,0.7239999771118164,0.7245000004768372,0.7239999771118164,173
2003-04-14,0.7235000133514404,0.7200000286102295,0.7235000133514404,0.7200000286102295,96
2003-04-15,0.7329999804496765,0.7325000166893005,0.7329999804496765,0.7325000166893005,79
2003-04-16,0.7329999804496765,0.7325000166893005,0.7329999804496765,0.7325000166893005,85
2003-04-17,0.7360000014305115,0.7310000061988831,0.7360000014305115,0.7310000061988831,189
2003-04-21,0.7275000214576721,0.7269999980926514,0.7285000085830688,0.7269999980926514,0
2003-04-22,0.7210000157356262,0.7235000133514404,0.7235000133514404,0.7210000157356262,114
2003-04-23,0.7225000262260437,0.7225000262260437,0.7225000262260437,0.722000002861023,83
2003-04-24,0.7145000100135803,0.7099999785423279,0.7145000100135803,0.7099999785423279,93
2003-04-25,0.7145000100135803,0.7120000123977661,0.7145000100135803,0.7120000123977661,0
2003-04-28,0.715499997138977,0.7204999923706055,0.7204999923706055,0.7129999995231628,9188
2003-04-29,0.7235000133514404,0.7179999947547913,0.7239999771118164,0.7139999866485596,8089
2003-04-30,0.7250000238418579,0.7239999771118164,0.7254999876022339,0.7214999794960022,2812
2003-05-01,0.7245000004768372,0.7245000004768372,0.7319999933242798,0.7229999899864197,657
2003-05-02,0.7149999737739563,0.7254999876022339,0.7254999876022339,0.7120000123977661,469
2003-05-05,0.7135000228881836,0.7160000205039978,0.7164999842643738,0.7129999995231628,307
2003-05-06,0.718999981880188,0.7170000076293945,0.7210000157356262,0.7135000228881836,319
2003-05-07,0.7304999828338623,0.7260000109672546,0.7304999828338623,0.7269999980926514,351
2003-05-08,0.7360000014305115,0.7350000143051147,0.7384999990463257,0.7335000038146973,337
2003-05-09,0.734000027179718,0.734499990940094,0.7365000247955322,0.7335000038146973,233
2003-05-12,0.7475000023841858,0.7325000166893005,0.7475000023841858,0.7325000166893005,345
2003-05-13,0.7599999904632568,0.7475000023841858,0.7595000267028809,0.7475000023841858,256
2003-05-14,0.7565000057220459,0.7570000290870667,0.7609999775886536,0.7570000290870667,200
2003-05-15,0.7570000290870667,0.7605000138282776,0.7605000138282776,0.7565000057220459,224
2003-05-16,0.7574999928474426,0.7599999904632568,0.7599999904632568,0.7570000290870667,301
2003-05-19,0.7605000138282776,0.7605000138282776,0.7605000138282776,0.7605000138282776,271
2003-05-20,0.7599999904632568,0.7584999799728394,0.7599999904632568,0.753000020980835,325
2003-05-21,0.7674999833106995,0.7670000195503235,0.7689999938011169,0.765999972820282,236
2003-05-22,0.7645000219345093,0.7730000019073486,0.7730000019073486,0.7689999938011169,263
2003-05-23,0.7639999985694885,0.7639999985694885,0.7645000219345093,0.7639999985694885,179
2003-05-27,0.7749999761581421,0.7730000019073486,0.7789999842643738,0.7730000019073486,221
2003-05-28,0.7670000195503235,0.7695000171661377,0.7695000171661377,0.7645000219345093,287
2003-05-29,0.7699999809265137,0.7649999856948853,0.7735000252723694,0.7649999856948853,2764
2003-05-30,0.7799999713897705,0.7699999809265137,0.781000018119812,0.7699999809265137,294
2003-06-02,0.7875000238418579,0.7900000214576721,0.7900000214576721,0.7839999794960022,151
2003-06-03,0.781499981880188,0.7864999771118164,0.7875000238418579,0.781499981880188,213
2003-06-04,0.777999997138977,0.7850000262260437,0.7850000262260437,0.777999997138977,171
2003-06-05,0.7799999713897705,0.7829999923706055,0.7829999923706055,0.7829999923706055,83
2003-06-06,0.7804999947547913,0.7825000286102295,0.7835000157356262,0.781499981880188,90
2003-06-09,0.7680000066757202,0.7735000252723694,0.7739999890327454,0.7674999833106995,173
2003-06-10,0.7649999856948853,0.765999972820282,0.765999972820282,0.7649999856948853,153
2003-06-11,0.765500009059906,0.7649999856948853,0.765999972820282,0.7649999856948853,128
2003-06-12,0.7735000252723694,0.7620000243186951,0.7735000252723694,0.7620000243186951,225
2003-06-13,0.7599999904632568,0.7684999704360962,0.7684999704360962,0.7599999904632568,136
2003-06-16,0.7595000267028809,0.7576000094413757,0.7595000267028809,0.7570000290870667,75
2003-06-17,0.7795000076293945,0.7799999713897705,0.7804999947547913,0.7799999713897705,70
2003-06-18,0.7764999866485596,0.781000018119812,0.781000018119812,0.781000018119812,72
2003-06-19,0.7804999947547913,0.7804999947547913,0.7804999947547913,0.7804999947547913,103
2003-06-20,0.7730000019073486,0.7720000147819519,0.7724999785423279,0.7720000147819519,74
2003-06-23,0.765999972820282,0.7695000171661377,0.7695000171661377,0.7645000219345093,192
2003-06-24,0.7670000195503235,0.765999972820282,0.7664999961853027,0.765999972820282,63
2003-06-25,0.7574999928474426,0.7570000290870667,0.7570000290870667,0.7570000290870667,55
2003-06-26,0.7509999871253967,0.7540000081062317,0.7540000081062317,0.7509999871253967,9145
2003-06-27,0.7565000057220459,0.753000020980835,0.7580000162124634,0.7515000104904175,8186
2003-06-30,0.7480000257492065,0.7465000152587891,0.7574999928474426,0.7434999942779541,1960
2003-07-01,0.7459999918937683,0.7490000128746033,0.7490000128746033,0.7425000071525574,1578
2003-07-02,0.7565000057220459,0.7459999918937683,0.7565000057220459,0.7459999918937683,243
2003-07-03,0.7465000152587891,0.75,0.75,0.7465000152587891,512
2003-07-07,0.7664999961853027,0.7559999823570251,0.7674999833106995,0.7559999823570251,215
2003-07-08,0.7649999856948853,0.7630000114440918,0.7705000042915344,0.7620000243186951,203
2003-07-09,0.7770000100135803,0.7649999856948853,0.7774999737739563,0.7649999856948853,224
2003-07-10,0.7774999737739563,0.7770000100135803,0.7829999923706055,0.7770000100135803,249
2003-07-11,0.7760000228881836,0.7764999866485596,0.7795000076293945,0.7739999890327454,215
2003-07-14,0.7940000295639038,0.7860000133514404,0.7940000295639038,0.7860000133514404,192
2003-07-15,0.7900000214576721,0.7960000038146973,0.7960000038146973,0.7894999980926514,203
2003-07-16,0.7889999747276306,0.7950000166893005,0.7950000166893005,0.7885000109672546,189
2003-07-17,0.777999997138977,0.7889999747276306,0.7889999747276306,0.7774999737739563,133
2003-07-18,0.7829999923706055,0.7829999923706055,0.7839999794960022,0.7799999713897705,179
2003-07-21,0.7730000019073486,0.777999997138977,0.777999997138977,0.7724999785423279,251
2003-07-22,0.7689999938011169,0.7764999866485596,0.7764999866485596,0.7749999761581421,133
2003-07-23,0.7754999995231628,0.7684999704360962,0.7760000228881836,0.7735000252723694,149
2003-07-24,0.7900000214576721,0.7754999995231628,0.7900000214576721,0.7835000157356262,146
2003-07-25,0.7944999933242798,0.800000011920929,0.8009999990463257,0.7935000061988831,209
2003-07-28,0.8044999837875366,0.8100000023841858,0.8109999895095825,0.8040000200271606,514
2003-07-29,0.8029999732971191,0.8050000071525574,0.8065000176429749,0.8025000095367432,764
2003-07-30,0.7994999885559082,0.8029999732971191,0.8075000047683716,0.7990000247955322,768
2003-07-31,0.8180000185966492,0.8044999837875366,0.8205000162124634,0.8044999837875366,141
2003-08-01,0.8159999847412109,0.8149999976158142,0.8149999976158142,0.8149999976158142,225
2003-08-04,0.8075000047683716,0.8080000281333923,0.8080000281333923,0.8069999814033508,110
2003-08-05,0.8065000176429749,0.8084999918937683,0.8100000023841858,0.8084999918937683,105
2003-08-06,0.8025000095367432,0.8080000281333923,0.8080000281333923,0.8080000281333923,170
2003-08-07,0.8130000233650208,0.8015000224113464,0.8015000224113464,0.8015000224113464,97
2003-08-08,0.7994999885559082,0.7994999885559082,0.7994999885559082,0.7994999885559082,88
2003-08-11,0.8044999837875366,0.7990000247955322,0.7994999885559082,0.7990000247955322,68
2003-08-12,0.7875000238418579,0.7864999771118164,0.7875000238418579,0.7864999771118164,174
2003-08-13,0.7910000085830688,0.7870000004768372,0.7914999723434448,0.7870000004768372,113
2003-08-14,0.796999990940094,0.7860000133514404,0.7860000133514404,0.7860000133514404,113
2003-08-15,0.7900000214576721,0.7889999747276306,0.7889999747276306,0.7850000262260437,87
2003-08-18,0.7944999933242798,0.7940000295639038,0.7940000295639038,0.7940000295639038,67
2003-08-19,0.8009999990463257,0.8009999990463257,0.8009999990463257,0.8009999990463257,78
2003-08-20,0.8040000200271606,0.8009999990463257,0.8009999990463257,0.8009999990463257,98
2003-08-21,0.8015000224113464,0.8025000095367432,0.8025000095367432,0.8025000095367432,88
2003-08-22,0.8019999861717224,0.8019999861717224,0.8019999861717224,0.8019999861717224,100
2003-08-25,0.8040000200271606,0.8040000200271606,0.8040000200271606,0.8040000200271606,90
2003-08-26,0.7935000061988831,0.7960000038146973,0.7960000038146973,0.7929999828338623,122
2003-08-27,0.7935000061988831,0.7900000214576721,0.7944999933242798,0.7900000214576721,14152
2003-08-28,0.7870000004768372,0.7925000190734863,0.7950000166893005,0.7820000052452087,7159
2003-08-29,0.8029999732971191,0.796500027179718,0.8040000200271606,0.7850000262260437,1841
2003-09-02,0.809499979019165,0.8065000176429749,0.8159999847412109,0.8065000176429749,426
2003-09-03,0.8245000243186951,0.8105000257492065,0.8274999856948853,0.8090000152587891,592
2003-09-04,0.8134999871253967,0.8255000114440918,0.8255000114440918,0.8140000104904175,1043
2003-09-05,0.8270000219345093,0.8134999871253967,0.8320000171661377,0.8100000023841858,511
2003-09-08,0.8240000009536743,0.8205000162124634,0.8274999856948853,0.8205000162124634,171
2003-09-09,0.8134999871253967,0.8215000033378601,0.8215000033378601,0.8115000128746033,214
2003-09-10,0.8034999966621399,0.809499979019165,0.8125,0.8034999966621399,438
2003-09-11,0.8224999904632568,0.8134999871253967,0.824999988079071,0.8134999871253967,225
2003-09-12,0.8100000023841858,0.8220000267028809,0.8220000267028809,0.8100000023841858,303
2003-09-15,0.815500020980835,0.8144999742507935,0.8180000185966492,0.8144999742507935,409
2003-09-16,0.8105000257492065,0.8069999814033508,0.8109999895095825,0.8044999837875366,206
2003-09-17,0.8190000057220459,0.8069999814033508,0.8190000057220459,0.8069999814033508,168
2003-09-18,0.8230000138282776,0.8130000233650208,0.8240000009536743,0.8130000233650208,345
2003-09-19,0.824999988079071,0.8234999775886536,0.828000009059906,0.8205000162124634,212
2003-09-22,0.8259999752044678,0.8295000195503235,0.8295000195503235,0.8245000243186951,155
2003-09-23,0.8199999928474426,0.824999988079071,0.824999988079071,0.8205000162124634,274
2003-09-24,0.8234999775886536,0.824999988079071,0.8264999985694885,0.8245000243186951,185
2003-09-25,0.8274999856948853,0.8224999904632568,0.828000009059906,0.8199999928474426,886
2003-09-26,0.8165000081062317,0.8264999985694885,0.8264999985694885,0.8149999976158142,342
2003-09-29,0.8190000057220459,0.8130000233650208,0.8215000033378601,0.8130000233650208,2223
2003-09-30,0.8130000233650208,0.8174999952316284,0.8180000185966492,0.8109999895095825,381
2003-10-01,0.8184999823570251,0.8090000152587891,0.8205000162124634,0.8184999823570251,171
2003-10-02,0.8295000195503235,0.8299999833106995,0.8299999833106995,0.824999988079071,165
2003-10-03,0.8339999914169312,0.8339999914169312,0.8345000147819519,0.8309999704360962,133
2003-10-06,0.8345000147819519,0.8335000276565552,0.8345000147819519,0.8330000042915344,221
2003-10-07,0.843999981880188,0.840499997138977,0.843999981880188,0.840499997138977,126
2003-10-08,0.8514999747276306,0.8429999947547913,0.8514999747276306,0.8429999947547913,131
2003-10-09,0.8504999876022339,0.8539999723434448,0.8539999723434448,0.8504999876022339,147
2003-10-10,0.8604999780654907,0.8510000109672546,0.8604999780654907,0.8604999780654907,106
2003-10-13,0.8845000267028809,0.8679999709129333,0.8715000152587891,0.8715000152587891,143
2003-10-14,0.8709999918937683,0.878000020980835,0.8790000081062317,0.8709999918937683,153
2003-10-15,0.8955000042915344,0.8809999823570251,0.8964999914169312,0.8809999823570251,165
2003-10-16,0.8914999961853027,0.8945000171661377,0.8945000171661377,0.8914999961853027,241
2003-10-17,0.8920000195503235,0.8924999833106995,0.8920000195503235,0.8840000033378601,109
2003-10-20,0.9085000157356262,0.9010000228881836,0.9010000228881836,0.9010000228881836,187
2003-10-21,0.902999997138977,0.9049999713897705,0.9049999713897705,0.9045000076293945,165
2003-10-22,0.9104999899864197,0.9100000262260437,0.9110000133514404,0.9100000262260437,172
2003-10-23,0.9035000205039978,0.9039999842643738,0.9039999842643738,0.9039999842643738,149
2003-10-24,0.890500009059906,0.8949999809265137,0.8949999809265137,0.8889999985694885,193
2003-10-27,0.9049999713897705,0.9024999737739563,0.9024999737739563,0.9024999737739563,121
2003-10-28,0.9014999866485596,0.9020000100135803,0.9020000100135803,0.9020000100135803,48
2003-10-29,0.9160000085830688,0.9104999899864197,0.9169999957084656,0.9104999899864197,440
2003-10-30,0.9309999942779541,0.9229999780654907,0.9325000047683716,0.9229999780654907,1428
2003-10-31,0.9369999766349792,0.9355000257492065,0.9375,0.9334999918937683,141
2003-11-03,0.9309999942779541,0.9259999990463257,0.9294999837875366,0.9259999990463257,188
2003-11-04,0.9559999704360962,0.9334999918937683,0.9564999938011169,0.9334999918937683,92
2003-11-05,0.9549999833106995,0.9559999704360962,0.9559999704360962,0.9549999833106995,111
2003-11-06,0.9384999871253967,0.9595000147819519,0.9595000147819519,0.9390000104904175,139
2003-11-07,0.9430000185966492,0.9375,0.9434999823570251,0.9375,108
2003-11-10,0.9269999861717224,0.934499979019165,0.934499979019165,0.9269999861717224,206
2003-11-11,0.9440000057220459,0.9384999871253967,0.9440000057220459,0.9384999871253967,112
2003-11-12,0.9474999904632568,0.9440000057220459,0.9480000138282776,0.9440000057220459,59
2003-11-13,0.9424999952316284,0.9430000185966492,0.9430000185966492,0.9419999718666077,144
2003-11-14,0.9514999985694885,0.9419999718666077,0.9480000138282776,0.9480000138282776,201
2003-11-17,0.9190000295639038,0.9200000166893005,0.9210000038146973,0.9200000166893005,91
2003-11-18,0.9330000281333923,0.9190000295639038,0.9330000281333923,0.9330000281333923,119
2003-11-19,0.9185000061988831,0.9330000281333923,0.9185000061988831,0.9185000061988831,88
2003-11-20,0.8845000267028809,0.8939999938011169,0.8939999938011169,0.8939999938011169,59
2003-11-21,0.8934999704360962,0.8820000290870667,0.8934999704360962,0.8809999823570251,50
2003-11-24,0.9039999842643738,0.8930000066757202,0.9045000076293945,0.8930000066757202,16328
2003-11-25,0.8870000243186951,0.9045000076293945,0.906499981880188,0.887499988079071,16743
2003-11-26,0.9070000052452087,0.8899999856948853,0.9075000286102295,0.8880000114440918,3006
2003-12-01,0.9555000066757202,0.9369999766349792,0.9574999809265137,0.9319999814033508,2217
2003-12-02,0.9695000052452087,0.9555000066757202,0.9729999899864197,0.9509999752044678,702
2003-12-03,0.9760000109672546,0.9695000052452087,0.9865000247955322,0.9695000052452087,875
2003-12-04,0.9629999995231628,0.9739999771118164,0.9794999957084656,0.9620000123977661,827
2003-12-05,0.968999981880188,0.9670000076293945,0.9750000238418579,0.9670000076293945,452
2003-12-08,0.9664999842643738,0.9769999980926514,0.9810000061988831,0.9664999842643738,237
2003-12-09,0.9779999852180481,0.9769999980926514,0.9835000038146973,0.9750000238418579,387
2003-12-10,0.9775000214576721,0.9779999852180481,0.9804999828338623,0.9760000109672546,250
2003-12-11,0.9760000109672546,0.9764999747276306,0.9769999980926514,0.9679999947547913,352
2003-12-12,0.9865000247955322,0.9810000061988831,0.9850000143051147,0.9800000190734863,181
2003-12-15,0.9980000257492065,0.9909999966621399,0.9980000257492065,0.9890000224113464,326
2003-12-16,1.0075000524520874,0.9925000071525574,1.0084999799728394,0.9925000071525574,280
2003-12-17,0.996999979019165,1.0075000524520874,1.0075000524520874,0.9965000152587891,298
2003-12-18,1.0169999599456787,1.00600004196167,1.0175000429153442,1.00600004196167,365
2003-12-19,1.0260000228881836,1.0225000381469727,1.0269999504089355,1.0110000371932983,589
2003-12-22,1.0089999437332153,1.0149999856948853,1.0149999856948853,1.0110000371932983,238
2003-12-23,1.0199999809265137,1.0154999494552612,1.0260000228881836,1.0154999494552612,334
2003-12-24,1.0264999866485596,1.0199999809265137,1.0264999866485596,1.0180000066757202,447
2003-12-29,1.0420000553131104,1.0434999465942383,1.0434999465942383,1.0384999513626099,1341
2003-12-30,1.0399999618530273,1.034000039100647,1.0394999980926514,1.0299999713897705,1034
2003-12-31,1.0429999828338623,1.0440000295639038,1.0455000400543213,1.0440000295639038,260
2004-01-05,1.0829999446868896,1.0759999752044678,1.0865000486373901,1.0700000524520874,433
2004-01-06,1.0670000314712524,1.090000033378601,1.090000033378601,1.062999963760376,124
2004-01-07,1.0625,1.069000005722046,1.0729999542236328,1.062000036239624,1094
2004-01-08,1.1045000553131104,1.059999942779541,1.1039999723434448,1.059999942779541,154
2004-01-09,1.0994999408721924,1.0980000495910645,1.1009999513626099,1.0915000438690186,252
2004-01-12,1.0800000429153442,1.090499997138977,1.090499997138977,1.0800000429153442,127
2004-01-13,1.0835000276565552,1.0954999923706055,1.0954999923706055,1.0835000276565552,354
2004-01-14,1.0924999713897705,1.0835000276565552,1.0835000276565552,1.0835000276565552,216
2004-01-15,1.0820000171661377,1.0720000267028809,1.0824999809265137,1.0720000267028809,86
2004-01-16,1.090999960899353,1.0850000381469727,1.090999960899353,1.0850000381469727,103
2004-01-20,1.1134999990463257,1.1059999465942383,1.1130000352859497,1.1050000190734863,169
2004-01-21,1.1139999628067017,1.1130000352859497,1.1150000095367432,1.1089999675750732,114
2004-01-22,1.1165000200271606,1.122499942779541,1.1230000257492065,1.122499942779541,176
2004-01-23,1.121500015258789,1.121500015258789,1.121500015258789,1.121500015258789,81
2004-01-26,1.1134999990463257,1.1204999685287476,1.1204999685287476,1.1134999990463257,70
2004-01-27,1.1109999418258667,1.1165000200271606,1.1165000200271606,1.1139999628067017,1109
2004-01-28,1.1295000314712524,1.125,1.128999948501587,1.125,579
2004-01-29,1.1204999685287476,1.1260000467300415,1.128999948501587,1.1200000047683716,439
2004-01-30,1.1430000066757202,1.1269999742507935,1.1425000429153442,1.1269999742507935,276
2004-02-02,1.1425000429153442,1.1514999866485596,1.1514999866485596,1.1419999599456787,608
2004-02-03,1.1675000190734863,1.153499960899353,1.1634999513626099,1.153499960899353,220
2004-02-04,1.1734999418258667,1.1690000295639038,1.1729999780654907,1.1690000295639038,97
2004-02-05,1.1725000143051147,1.1734999418258667,1.180999994277954,1.1734999418258667,138
2004-02-06,1.1799999475479126,1.1725000143051147,1.1805000305175781,1.1699999570846558,127
2004-02-09,1.184999942779541,1.184999942779541,1.184999942779541,1.184999942779541,102
2004-02-10,1.1775000095367432,1.184499979019165,1.1775000095367432,1.1775000095367432,170
2004-02-11,1.2139999866485596,1.2059999704360962,1.2139999866485596,1.2059999704360962,86
2004-02-12,1.2424999475479126,1.2400000095367432,1.2430000305175781,1.2369999885559082,109
2004-02-13,1.2445000410079956,1.24399995803833,1.246000051498413,1.24399995803833,109
2004-02-17,1.2999999523162842,1.2999999523162842,1.2999999523162842,1.2999999523162842,80
2004-02-18,1.2999999523162842,1.3489999771118164,1.3489999771118164,1.2999999523162842,80
2004-02-19,1.3279999494552612,1.3270000219345093,1.3279999494552612,1.3270000219345093,82
2004-02-20,1.3075000047683716,1.3040000200271606,1.3070000410079956,1.3040000200271606,82
2004-02-23,1.3125,1.3125,1.3125,1.3125,218
2004-02-24,1.3255000114440918,1.312000036239624,1.312000036239624,1.309499979019165,314
2004-02-25,1.3079999685287476,1.347499966621399,1.3480000495910645,1.347499966621399,11258
2004-02-26,1.3480000495910645,1.3049999475479126,1.3489999771118164,1.2994999885559082,7580
2004-02-27,1.343000054359436,1.347000002861023,1.3494999408721924,1.3250000476837158,3709
2004-03-01,1.3945000171661377,1.3504999876022339,1.3960000276565552,1.346500039100647,1342
2004-03-02,1.371000051498413,1.3969999551773071,1.3984999656677246,1.3639999628067017,839
2004-03-03,1.3009999990463257,1.2970000505447388,1.36899995803833,1.277999997138977,1046
2004-03-04,1.3174999952316284,1.2899999618530273,1.3200000524520874,1.2899999618530273,735
2004-03-05,1.3380000591278076,1.2949999570846558,1.3350000381469727,1.2920000553131104,563
2004-03-08,1.2920000553131104,1.3140000104904175,1.3200000524520874,1.2879999876022339,299
2004-03-09,1.2699999809265137,1.284999966621399,1.284999966621399,1.2619999647140503,1025
2004-03-10,1.284000039100647,1.2699999809265137,1.2890000343322754,1.2699999809265137,576
2004-03-11,1.3355000019073486,1.284999966621399,1.3309999704360962,1.284999966621399,283
2004-03-12,1.309000015258789,1.3274999856948853,1.3350000381469727,1.305999994277954,856
2004-03-15,1.347000002861023,1.3135000467300415,1.347000002861023,1.3135000467300415,413
2004-03-16,1.3639999628067017,1.3530000448226929,1.3660000562667847,1.3530000448226929,540
2004-03-17,1.3485000133514404,1.3650000095367432,1.3654999732971191,1.3480000495910645,329
2004-03-18,1.3695000410079956,1.3580000400543213,1.371000051498413,1.3580000400543213,366
2004-03-19,1.378999948501587,1.371000051498413,1.381500005722046,1.371000051498413,222
2004-03-22,1.3550000190734863,1.3854999542236328,1.3854999542236328,1.3550000190734863,266
2004-03-23,1.3604999780654907,1.3454999923706055,1.3609999418258667,1.3220000267028809,281
2004-03-24,1.3554999828338623,1.3580000400543213,1.3595000505447388,1.3565000295639038,327
2004-03-25,1.3454999923706055,1.346500039100647,1.346500039100647,1.3250000476837158,425
2004-03-26,1.3524999618530273,1.3489999771118164,1.3569999933242798,1.3480000495910645,663
2004-03-29,1.3595000505447388,1.3639999628067017,1.3660000562667847,1.3550000190734863,1157
2004-03-30,1.343999981880188,1.3600000143051147,1.3630000352859497,1.3359999656677246,547
2004-03-31,1.3585000038146973,1.3480000495910645,1.3609999418258667,1.3380000591278076,1139
2004-04-01,1.371000051498413,1.371999979019165,1.371999979019165,1.3595000505447388,301
2004-04-02,1.3519999980926514,1.371999979019165,1.371999979019165,1.340000033378601,383
2004-04-05,1.3170000314712524,1.315999984741211,1.3320000171661377,1.2999999523162842,426
2004-04-06,1.3270000219345093,1.315000057220459,1.3274999856948853,1.315000057220459,379
2004-04-07,1.3179999589920044,1.3250000476837158,1.3250000476837158,1.3170000314712524,247
2004-04-08,1.3125,1.3114999532699585,1.3135000467300415,1.3075000047683716,338
2004-04-12,1.2970000505447388,1.2879999876022339,1.2979999780654907,1.281499981880188,178
2004-04-13,1.2910000085830688,1.278499960899353,1.2910000085830688,1.2769999504089355,192
2004-04-14,1.3029999732971191,1.2769999504089355,1.3070000410079956,1.2769999504089355,268
2004-04-15,1.2944999933242798,1.2990000247955322,1.2999999523162842,1.2914999723434448,219
2004-04-16,1.3504999876022339,1.2999999523162842,1.350000023841858,1.2999999523162842,283
2004-04-19,1.3680000305175781,1.3574999570846558,1.3680000305175781,1.3569999933242798,190
2004-04-20,1.3170000314712524,1.3259999752044678,1.3279999494552612,1.315999984741211,251
2004-04-21,1.2335000038146973,1.2419999837875366,1.2419999837875366,1.2330000400543213,173
2004-04-22,1.2295000553131104,1.2330000400543213,1.2330000400543213,1.2289999723434448,182
2004-04-23,1.2430000305175781,1.2309999465942383,1.2430000305175781,1.2309999465942383,90
2004-04-26,1.2415000200271606,1.24399995803833,1.2450000047683716,1.2419999837875366,181
2004-04-27,1.2359999418258667,1.2419999837875366,1.2419999837875366,1.2359999418258667,136
2004-04-28,1.1775000095367432,1.1920000314712524,1.1920000314712524,1.1770000457763672,10914
2004-04-29,1.1920000314712524,1.1705000400543213,1.1950000524520874,1.162500023841858,7503
2004-04-30,1.2094999551773071,1.1950000524520874,1.215000033378601,1.1890000104904175,974
2004-05-03,1.2280000448226929,1.2094999551773071,1.2380000352859497,1.2094999551773071,2812
2004-05-04,1.2315000295639038,1.2359999418258667,1.2365000247955322,1.2200000286102295,576
2004-05-05,1.246500015258789,1.2319999933242798,1.2489999532699585,1.2309999465942383,319
2004-05-06,1.2384999990463257,1.2510000467300415,1.2549999952316284,1.2300000190734863,385
2004-05-07,1.1924999952316284,1.218999981880188,1.218999981880188,1.184999942779541,2209
2004-05-10,1.1675000190734863,1.1690000295639038,1.1690000295639038,1.152999997138977,498
2004-05-11,1.19350004196167,1.1799999475479126,1.1929999589920044,1.1779999732971191,395
2004-05-12,1.187000036239624,1.190999984741211,1.1979999542236328,1.1864999532699585,537
2004-05-13,1.1775000095367432,1.1875,1.184000015258789,1.1710000038146973,482
2004-05-14,1.1759999990463257,1.184999942779541,1.190000057220459,1.1759999990463257,329
2004-05-17,1.1445000171661377,1.1670000553131104,1.1670000553131104,1.1380000114440918,458
2004-05-18,1.156000018119812,1.1430000066757202,1.156999945640564,1.1410000324249268,488
2004-05-19,1.1974999904632568,1.1449999809265137,1.1959999799728394,1.1449999809265137,528
2004-05-20,1.1890000104904175,1.1799999475479126,1.1890000104904175,1.1799999475479126,272
2004-05-21,1.2200000286102295,1.2209999561309814,1.225000023841858,1.2170000076293945,455
2004-05-24,1.2324999570846558,1.2319999933242798,1.2450000047683716,1.2319999933242798,378
2004-05-25,1.2319999933242798,1.2269999980926514,1.2410000562667847,1.2269999980926514,591
2004-05-26,1.2324999570846558,1.2380000352859497,1.24399995803833,1.2300000190734863,549
2004-05-27,1.2730000019073486,1.25600004196167,1.2799999713897705,1.25600004196167,529
2004-05-28,1.277999997138977,1.2690000534057617,1.277999997138977,1.2690000534057617,595
2004-06-01,1.2925000190734863,1.2719999551773071,1.2949999570846558,1.2719999551773071,342
2004-06-02,1.2489999532699585,1.2949999570846558,1.2990000247955322,1.2489999532699585,151
2004-06-03,1.246999979019165,1.2569999694824219,1.2569999694824219,1.246000051498413,119
2004-06-04,1.2335000038146973,1.2200000286102295,1.2339999675750732,1.2200000286102295,103
2004-06-07,1.2684999704360962,1.2589999437332153,1.2660000324249268,1.2589999437332153,257
2004-06-08,1.2404999732971191,1.2430000305175781,1.24399995803833,1.2350000143051147,184
2004-06-09,1.1699999570846558,1.1699999570846558,1.1699999570846558,1.1699999570846558,191
2004-06-10,1.1759999990463257,1.1699999570846558,1.1759999990463257,1.1319999694824219,260
2004-06-14,1.156499981880188,1.1579999923706055,1.1584999561309814,1.1480000019073486,288
2004-06-15,1.1950000524520874,1.1480000019073486,1.1990000009536743,1.1480000019073486,189
2004-06-16,1.1825000047683716,1.1690000295639038,1.1710000038146973,1.1670000553131104,105
2004-06-17,1.2029999494552612,1.184999942779541,1.1859999895095825,1.184999942779541,127
2004-06-18,1.1950000524520874,1.1959999799728394,1.1959999799728394,1.1890000104904175,141
2004-06-21,1.1970000267028809,1.1970000267028809,1.1970000267028809,1.1970000267028809,94
2004-06-22,1.1634999513626099,1.1710000038146973,1.1710000038146973,1.1549999713897705,255
2004-06-23,1.1970000267028809,1.1759999990463257,1.1979999542236328,1.1714999675750732,120
2004-06-24,1.2244999408721924,1.2070000171661377,1.222499966621399,1.2070000171661377,102
2004-06-25,1.2094999551773071,1.215000033378601,1.215000033378601,1.1950000524520874,103
2004-06-28,1.2065000534057617,1.2130000591278076,1.2139999866485596,1.2100000381469727,4596
2004-06-29,1.1714999675750732,1.191499948501587,1.2020000219345093,1.1640000343322754,4278
2004-06-30,1.2050000429153442,1.1720000505447388,1.2109999656677246,1.1705000400543213,1544
2004-07-01,1.222000002861023,1.2074999809265137,1.2300000190734863,1.2050000429153442,959
2004-07-02,1.2200000286102295,1.2130000591278076,1.2289999723434448,1.2120000123977661,524
2004-07-06,1.2200000286102295,1.2430000305175781,1.2430000305175781,1.2105000019073486,826
2004-07-07,1.2569999694824219,1.2200000286102295,1.2569999694824219,1.2200000286102295,726
2004-07-08,1.2515000104904175,1.25,1.256500005722046,1.246999979019165,473
2004-07-09,1.281000018119812,1.2690000534057617,1.2890000343322754,1.2630000114440918,261
2004-07-12,1.277500033378601,1.2899999618530273,1.2999999523162842,1.2769999504089355,276
2004-07-13,1.2790000438690186,1.274999976158142,1.2899999618530273,1.2690000534057617,254
2004-07-14,1.277999997138977,1.2799999713897705,1.2879999876022339,1.277999997138977,196
2004-07-15,1.2894999980926514,1.2869999408721924,1.2920000553131104,1.2860000133514404,234
2004-07-16,1.3135000467300415,1.3029999732971191,1.315999984741211,1.2949999570846558,732
2004-07-19,1.308500051498413,1.305999994277954,1.309499979019165,1.3049999475479126,350
2004-07-20,1.2879999876022339,1.3009999990463257,1.3009999990463257,1.281999945640564,624
2004-07-21,1.2764999866485596,1.2884999513626099,1.2884999513626099,1.2599999904632568,383
2004-07-22,1.284500002861023,1.2869999408721924,1.2869999408721924,1.2799999713897705,440
2004-07-23,1.246999979019165,1.284500002861023,1.2860000133514404,1.2380000352859497,339
2004-07-26,1.249500036239624,1.2580000162124634,1.2599999904632568,1.2489999532699585,258
2004-07-27,1.2200000286102295,1.2489999532699585,1.2480000257492065,1.218999981880188,193
2004-07-28,1.2680000066757202,1.2419999837875366,1.2690000534057617,1.2410000562667847,1352
2004-07-29,1.2914999723434448,1.2725000381469727,1.2910000085830688,1.2699999809265137,635
2004-07-30,1.3079999685287476,1.2929999828338623,1.3079999685287476,1.280500054359436,211
2004-08-02,1.3079999685287476,1.309000015258789,1.309000015258789,1.2960000038146973,363
2004-08-03,1.305999994277954,1.2920000553131104,1.305999994277954,1.2920000553131104,181
2004-08-04,1.2979999780654907,1.2869999408721924,1.2869999408721924,1.2869999408721924,140
2004-08-05,1.284000039100647,1.2960000038146973,1.2960000038146973,1.284000039100647,124
2004-08-06,1.281999945640564,1.2890000343322754,1.2890000343322754,1.281999945640564,174
2004-08-09,1.2454999685287476,1.2549999952316284,1.2549999952316284,1.2450000047683716,118
2004-08-10,1.2610000371932983,1.2519999742507935,1.2619999647140503,1.2519999742507935,126
2004-08-11,1.2760000228881836,1.2640000581741333,1.2719999551773071,1.2640000581741333,108
2004-08-12,1.2699999809265137,1.2799999713897705,1.281000018119812,1.2769999504089355,93
2004-08-13,1.3209999799728394,1.2970000505447388,1.3079999685287476,1.2899999618530273,184
2004-08-16,1.319000005722046,1.3320000171661377,1.3339999914169312,1.3140000104904175,220
2004-08-17,1.3114999532699585,1.2940000295639038,1.3140000104904175,1.3140000104904175,109
2004-08-18,1.2740000486373901,1.2669999599456787,1.274999976158142,1.2669999599456787,210
2004-08-19,1.2944999933242798,1.2940000295639038,1.2949999570846558,1.2940000295639038,152
2004-08-20,1.2714999914169312,1.2580000162124634,1.281000018119812,1.2675000429153442,79
2004-08-23,1.2445000410079956,1.2764999866485596,1.2764999866485596,1.2580000162124634,335
2004-08-24,1.2415000200271606,1.2510000467300415,1.2510000467300415,1.2510000467300415,158
2004-08-25,1.2419999837875366,1.2419999837875366,1.2419999837875366,1.2419999837875366,57
2004-08-26,1.2515000104904175,1.2515000104904175,1.2515000104904175,1.2515000104904175,80
2004-08-27,1.2610000371932983,1.2680000066757202,1.2719999551773071,1.2549999952316284,4291
2004-08-30,1.2619999647140503,1.2589999437332153,1.2680000066757202,1.2549999952316284,5558
2004-08-31,1.281000018119812,1.2610000371932983,1.281999945640564,1.2610000371932983,1391
2004-09-01,1.274999976158142,1.277999997138977,1.2855000495910645,1.2669999599456787,1055
2004-09-02,1.247499942779541,1.2740000486373901,1.2740000486373901,1.2410000562667847,799
2004-09-03,1.2404999732971191,1.2489999532699585,1.2489999532699585,1.2230000495910645,1496
2004-09-07,1.2730000019073486,1.2395000457763672,1.274999976158142,1.2359999418258667,990
2004-09-08,1.2575000524520874,1.2695000171661377,1.2714999914169312,1.2430000305175781,359
2004-09-09,1.2649999856948853,1.246999979019165,1.2660000324249268,1.246999979019165,316
2004-09-10,1.281000018119812,1.2769999504089355,1.2899999618530273,1.2769999504089355,406
2004-09-13,1.284999966621399,1.2760000228881836,1.2855000495910645,1.274999976158142,519
2004-09-14,1.277999997138977,1.274999976158142,1.2790000438690186,1.2649999856948853,551
2004-09-15,1.2675000429153442,1.278499960899353,1.281000018119812,1.2695000171661377,363
2004-09-16,1.2979999780654907,1.2799999713897705,1.3020000457763672,1.2790000438690186,723
2004-09-17,1.3020000457763672,1.2999999523162842,1.3029999732971191,1.2884999513626099,494
2004-09-20,1.319000005722046,1.2999999523162842,1.3200000524520874,1.2999999523162842,458
2004-09-21,1.3415000438690186,1.3109999895095825,1.3480000495910645,1.309499979019165,480
2004-09-22,1.3799999952316284,1.3450000286102295,1.3799999952316284,1.3370000123977661,560
2004-09-23,1.3680000305175781,1.3619999885559082,1.3700000047683716,1.3580000400543213,359
2004-09-24,1.3619999885559082,1.3660000562667847,1.3700000047683716,1.3559999465942383,430
2004-09-27,1.3854999542236328,1.3760000467300415,1.3880000114440918,1.3760000467300415,388
2004-09-28,1.378000020980835,1.3700000047683716,1.3830000162124634,1.371000051498413,629
2004-09-29,1.3930000066757202,1.3769999742507935,1.3990000486373901,1.3730000257492065,698
2004-09-30,1.399999976158142,1.3910000324249268,1.4119999408721924,1.3899999856948853,290
2004-10-01,1.4079999923706055,1.4010000228881836,1.4079999923706055,1.3949999809265137,278
2004-10-04,1.4010000228881836,1.3960000276565552,1.3969999551773071,1.3860000371932983,181
2004-10-05,1.405500054359436,1.4019999504089355,1.406999945640564,1.3949999809265137,307
2004-10-06,1.4264999628067017,1.4179999828338623,1.4294999837875366,1.4179999828338623,231
2004-10-07,1.4325000047683716,1.4279999732971191,1.4329999685287476,1.4279999732971191,270
2004-10-08,1.4735000133514404,1.4329999685287476,1.4859999418258667,1.4630000591278076,234
2004-10-11,1.4735000133514404,1.4769999980926514,1.4769999980926514,1.468999981880188,186
2004-10-12,1.4529999494552612,1.4385000467300415,1.4385000467300415,1.437999963760376,254
2004-10-13,1.2929999828338623,1.3279999494552612,1.3350000381469727,1.2999999523162842,311
2004-10-14,1.2764999866485596,1.2960000038146973,1.2960000038146973,1.2719999551773071,291
2004-10-15,1.315999984741211,1.3079999685287476,1.3170000314712524,1.305999994277954,256
2004-10-18,1.2910000085830688,1.3105000257492065,1.3105000257492065,1.2829999923706055,269
2004-10-19,1.3029999732971191,1.2960000038146973,1.305999994277954,1.3040000200271606,230
2004-10-20,1.305999994277954,1.305999994277954,1.305999994277954,1.274999976158142,209
2004-10-21,1.31850004196167,1.315999984741211,1.3209999799728394,1.309999942779541,132
2004-10-22,1.309499979019165,1.2999999523162842,1.3109999895095825,1.2920000553131104,131
2004-10-25,1.2799999713897705,1.2869999408721924,1.2869999408721924,1.2769999504089355,156
2004-10-26,1.2864999771118164,1.2879999876022339,1.2890000343322754,1.2879999876022339,242
2004-10-27,1.2929999828338623,1.2929999828338623,1.2929999828338623,1.2929999828338623,1154
2004-10-28,1.2575000524520874,1.2649999856948853,1.2680000066757202,1.253000020980835,608
2004-10-29,1.347499966621399,1.2599999904632568,1.3485000133514404,1.2599999904632568,329
2004-11-01,1.315500020980835,1.3229999542236328,1.3300000429153442,1.3109999895095825,366
2004-11-02,1.3294999599456787,1.309999942779541,1.3300000429153442,1.309999942779541,907
2004-11-03,1.340000033378601,1.340000033378601,1.340000033378601,1.3329999446868896,195
2004-11-04,1.3609999418258667,1.3530000448226929,1.3639999628067017,1.3530000448226929,557
2004-11-05,1.378499984741211,1.3680000305175781,1.378999948501587,1.3680000305175781,172
2004-11-08,1.378999948501587,1.3914999961853027,1.3914999961853027,1.38100004196167,155
2004-11-09,1.3884999752044678,1.375,1.375,1.375,145
2004-11-10,1.3830000162124634,1.3875000476837158,1.3875000476837158,1.3849999904632568,186
2004-11-11,1.3925000429153442,1.3819999694824219,1.3940000534057617,1.3899999856948853,216
2004-11-12,1.4279999732971191,1.4079999923706055,1.440000057220459,1.4079999923706055,263
2004-11-15,1.4364999532699585,1.4329999685287476,1.4390000104904175,1.4329999685287476,327
2004-11-16,1.4190000295639038,1.4160000085830688,1.4190000295639038,1.4160000085830688,172
2004-11-17,1.4555000066757202,1.4555000066757202,1.4555000066757202,1.4555000066757202,282
2004-11-18,1.475000023841858,1.4700000286102295,1.475000023841858,1.4700000286102295,179
2004-11-19,1.4819999933242798,1.4739999771118164,1.4819999933242798,1.4819999933242798,114
2004-11-22,1.4589999914169312,1.4589999914169312,1.4589999914169312,1.4429999589920044,164
2004-11-23,1.4674999713897705,1.465000033378601,1.4670000076293945,1.465000033378601,447
2004-11-24,1.4884999990463257,1.4919999837875366,1.4919999837875366,1.4884999990463257,9421
2004-11-29,1.4450000524520874,1.4279999732971191,1.4539999961853027,1.4225000143051147,7302
2004-11-30,1.4429999589920044,1.440000057220459,1.4535000324249268,1.4329999685287476,4337
2004-12-01,1.4674999713897705,1.4450000524520874,1.468000054359436,1.4290000200271606,1807
2004-12-02,1.437000036239624,1.462499976158142,1.4700000286102295,1.4249999523162842,1945
2004-12-03,1.434999942779541,1.440000057220459,1.440000057220459,1.4019999504089355,1396
2004-12-06,1.433500051498413,1.4249999523162842,1.434999942779541,1.409999966621399,770
2004-12-07,1.406000018119812,1.4294999837875366,1.440000057220459,1.3919999599456787,756
2004-12-08,1.375499963760376,1.399999976158142,1.399999976158142,1.3600000143051147,872
2004-12-09,1.378999948501587,1.3669999837875366,1.3799999952316284,1.3630000352859497,555
2004-12-10,1.4014999866485596,1.3860000371932983,1.4049999713897705,1.3839999437332153,661
2004-12-13,1.4359999895095825,1.4199999570846558,1.437999963760376,1.409999966621399,546
2004-12-14,1.444000005722046,1.437000036239624,1.4500000476837158,1.434999942779541,873
2004-12-15,1.4644999504089355,1.434999942779541,1.465999960899353,1.434999942779541,445
2004-12-16,1.465999960899353,1.4800000190734863,1.4809999465942383,1.4520000219345093,946
2004-12-17,1.472499966621399,1.4539999961853027,1.4730000495910645,1.4539999961853027,383
2004-12-20,1.4904999732971191,1.4759999513626099,1.4910000562667847,1.4759999513626099,547
2004-12-21,1.503999948501587,1.497499942779541,1.503999948501587,1.4709999561309814,506
2004-12-22,1.475000023841858,1.5099999904632568,1.5199999809265137,1.475000023841858,531
2004-12-23,1.4830000400543213,1.4700000286102295,1.4830000400543213,1.4700000286102295,537
2004-12-27,1.5,1.4229999780654907,1.5010000467300415,1.4809999465942383,619
2004-12-28,1.5425000190734863,1.5119999647140503,1.5499999523162842,1.4509999752044678,963
2004-12-29,1.4824999570846558,1.4910000562667847,1.496000051498413,1.4789999723434448,963
2004-12-30,1.4869999885559082,1.4789999723434448,1.4880000352859497,1.472000002861023,687
2005-01-03,1.5234999656677246,1.5,1.5240000486373901,1.5,401
2005-01-04,1.3949999809265137,1.4570000171661377,1.4570000171661377,1.3830000162124634,570
2005-01-05,1.4220000505447388,1.3949999809265137,1.4210000038146973,1.3949999809265137,534
2005-01-06,1.4199999570846558,1.409999966621399,1.4229999780654907,1.409999966621399,184
2005-01-07,1.4149999618530273,1.4325000047683716,1.4325000047683716,1.409999966621399,279
2005-01-10,1.4134999513626099,1.409999966621399,1.4199999570846558,1.409999966621399,251
2005-01-11,1.440000057220459,1.4299999475479126,1.4429999589920044,1.4299999475479126,290
2005-01-12,1.444000005722046,1.4429999589920044,1.4520000219345093,1.437999963760376,264
2005-01-13,1.4114999771118164,1.4329999685287476,1.4329999685287476,1.4079999923706055,354
2005-01-14,1.434000015258789,1.4179999828338623,1.434999942779541,1.4160000085830688,255
2005-01-18,1.440000057220459,1.4199999570846558,1.440000057220459,1.4170000553131104,333
2005-01-19,1.4505000114440918,1.4550000429153442,1.4589999914169312,1.4470000267028809,376
2005-01-20,1.4579999446868896,1.440000057220459,1.4579999446868896,1.440000057220459,269
2005-01-21,1.4765000343322754,1.465000033378601,1.4800000190734863,1.4630000591278076,316
2005-01-24,1.4754999876022339,1.4830000400543213,1.4900000095367432,1.475000023841858,295
2005-01-25,1.4735000133514404,1.4700000286102295,1.4739999771118164,1.465499997138977,359
2005-01-26,1.4854999780654907,1.468000054359436,1.4869999885559082,1.468000054359436,365
2005-01-27,1.4954999685287476,1.475000023841858,1.496999979019165,1.4709999561309814,1187
2005-01-28,1.462499976158142,1.4500000476837158,1.465000033378601,1.4500000476837158,1093
2005-01-31,1.4630000591278076,1.4579999446868896,1.4630000591278076,1.4500000476837158,405
2005-02-01,1.4509999752044678,1.4420000314712524,1.4515000581741333,1.4390000104904175,388
2005-02-02,1.433500051498413,1.4500000476837158,1.4559999704360962,1.4259999990463257,350
2005-02-03,1.4305000305175781,1.4240000247955322,1.4305000305175781,1.399999976158142,285
2005-02-04,1.4179999828338623,1.4259999990463257,1.4264999628067017,1.4110000133514404,366
2005-02-07,1.433500051498413,1.4220000505447388,1.437999963760376,1.4220000505447388,246
2005-02-08,1.4329999685287476,1.4014999866485596,1.434000015258789,1.4014999866485596,335
2005-02-09,1.4299999475479126,1.4179999828338623,1.4299999475479126,1.4149999618530273,269
2005-02-10,1.4700000286102295,1.4355000257492065,1.4700000286102295,1.4355000257492065,279
2005-02-11,1.4674999713897705,1.4579999446868896,1.4639999866485596,1.4559999704360962,234
2005-02-14,1.469499945640564,1.465999960899353,1.4900000095367432,1.465999960899353,220
2005-02-15,1.4869999885559082,1.4500000476837158,1.4869999885559082,1.4500000476837158,268
2005-02-16,1.4759999513626099,1.468000054359436,1.4769999980926514,1.4570000171661377,252
2005-02-17,1.503499984741211,1.4730000495910645,1.5045000314712524,1.4780000448226929,232
2005-02-18,1.4945000410079956,1.4900000095367432,1.496000051498413,1.4850000143051147,374
2005-02-22,1.4919999837875366,1.5080000162124634,1.5080000162124634,1.4854999780654907,634
2005-02-23,1.5,1.4780000448226929,1.5019999742507935,1.4780000448226929,158
2005-02-24,1.4830000400543213,1.4900000095367432,1.4900000095367432,1.4730000495910645,7410
2005-02-25,1.4889999628067017,1.4780000448226929,1.4900000095367432,1.4490000009536743,3896
2005-02-28,1.5,1.4880000352859497,1.5125000476837158,1.4854999780654907,1731
2005-03-01,1.4644999504089355,1.5,1.49399995803833,1.4620000123977661,1441
2005-03-02,1.4769999980926514,1.4700000286102295,1.4809999465942383,1.4459999799728394,819
2005-03-03,1.475000023841858,1.4789999723434448,1.4819999933242798,1.4709999561309814,781
2005-03-04,1.4919999837875366,1.475000023841858,1.5019999742507935,1.475000023841858,427
2005-03-07,1.4945000410079956,1.4930000305175781,1.5010000467300415,1.4819999933242798,579
2005-03-08,1.497499942779541,1.4950000047683716,1.5199999809265137,1.4900000095367432,404
2005-03-09,1.5019999742507935,1.49399995803833,1.5069999694824219,1.4800000190734863,339
2005-03-10,1.4950000047683716,1.5045000314712524,1.5045000314712524,1.4780000448226929,392
2005-03-11,1.4809999465942383,1.4859999418258667,1.4919999837875366,1.4700000286102295,501
2005-03-14,1.475000023841858,1.4859999418258667,1.4859999418258667,1.4670000076293945,246
2005-03-15,1.4954999685287476,1.475000023841858,1.5010000467300415,1.475000023841858,237
2005-03-16,1.50600004196167,1.5230000019073486,1.5160000324249268,1.5110000371932983,213
2005-03-17,1.50600004196167,1.5099999904632568,1.5110000371932983,1.4950000047683716,516
2005-03-18,1.5075000524520874,1.503999948501587,1.5140000581741333,1.4930000305175781,466
2005-03-21,1.4889999628067017,1.503000020980835,1.503000020980835,1.4850000143051147,809
2005-03-22,1.4984999895095825,1.4880000352859497,1.50600004196167,1.4854999780654907,360
2005-03-23,1.4470000267028809,1.4859999418258667,1.4880000352859497,1.4474999904632568,712
2005-03-24,1.4594999551773071,1.4470000267028809,1.4700000286102295,1.4470000267028809,766
2005-03-28,1.4605000019073486,1.4639999866485596,1.468000054359436,1.4570000171661377,554
2005-03-29,1.4765000343322754,1.4759999513626099,1.4800000190734863,1.4730000495910645,0
2005-03-31,1.5089999437332153,1.5089999437332153,1.5089999437332153,1.5089999437332153,756
2005-04-01,1.4924999475479126,1.4980000257492065,1.4980000257492065,1.4795000553131104,602
2005-04-04,1.50600004196167,1.4859999418258667,1.5069999694824219,1.4800000190734863,687
2005-04-05,1.496500015258789,1.4859999418258667,1.496999979019165,1.4800000190734863,384
2005-04-06,1.5225000381469727,1.5099999904632568,1.5219999551773071,1.4980000257492065,408
2005-04-07,1.5214999914169312,1.5199999809265137,1.524999976158142,1.5190000534057617,362
2005-04-08,1.5234999656677246,1.5149999856948853,1.5240000486373901,1.5119999647140503,529
2005-04-11,1.5420000553131104,1.5429999828338623,1.5429999828338623,1.5369999408721924,242
2005-04-12,1.5115000009536743,1.5499999523162842,1.5499999523162842,1.5089999437332153,476
2005-04-13,1.475000023841858,1.4839999675750732,1.4839999675750732,1.4620000123977661,561
2005-04-14,1.4455000162124634,1.468000054359436,1.468000054359436,1.4279999732971191,537
2005-04-15,1.4630000591278076,1.4539999961853027,1.4700000286102295,1.4479999542236328,400
2005-04-18,1.4620000123977661,1.4550000429153442,1.4609999656677246,1.4459999799728394,286
2005-04-19,1.4884999990463257,1.468999981880188,1.4819999933242798,1.468000054359436,285
2005-04-20,1.5169999599456787,1.5049999952316284,1.5169999599456787,1.4980000257492065,183
2005-04-21,1.496500015258789,1.4900000095367432,1.4980000257492065,1.4880000352859497,543
2005-04-22,1.5019999742507935,1.5069999694824219,1.5069999694824219,1.5069999694824219,253
2005-04-25,1.503999948501587,1.4800000190734863,1.503999948501587,1.4800000190734863,247
2005-04-26,1.4815000295639038,1.5080000162124634,1.5080000162124634,1.4830000400543213,472
2005-04-27,1.4630000591278076,1.4630000591278076,1.4630000591278076,1.4494999647140503,686
2005-04-29,1.4980000257492065,1.4980000257492065,1.4980000257492065,1.4980000257492065,1772
2005-05-02,1.496000051498413,1.4900000095367432,1.4980000257492065,1.4789999723434448,962
2005-05-03,1.4785000085830688,1.4889999628067017,1.496999979019165,1.475000023841858,1156
2005-05-04,1.4589999914169312,1.49399995803833,1.49399995803833,1.4459999799728394,648
2005-05-05,1.4589999914169312,1.4739999771118164,1.4739999771118164,1.4500000476837158,325
2005-05-06,1.472000002861023,1.4589999914169312,1.4800000190734863,1.4570000171661377,298
2005-05-09,1.4765000343322754,1.472000002861023,1.4900000095367432,1.472000002861023,610
2005-05-10,1.4919999837875366,1.4830000400543213,1.4919999837875366,1.4730000495910645,432
2005-05-11,1.4824999570846558,1.4809999465942383,1.4824999570846558,1.475000023841858,270
2005-05-12,1.4700000286102295,1.4824999570846558,1.4824999570846558,1.4424999952316284,1579
2005-05-13,1.4244999885559082,1.465000033378601,1.465000033378601,1.4199999570846558,1104
2005-05-16,1.4225000143051147,1.440000057220459,1.440000057220459,1.409999966621399,584
2005-05-17,1.433500051498413,1.4509999752044678,1.4509999752044678,1.4320000410079956,520
2005-05-18,1.465999960899353,1.434999942779541,1.465999960899353,1.434999942779541,510
2005-05-19,1.4579999446868896,1.465999960899353,1.4700000286102295,1.4570000171661377,512
2005-05-20,1.475000023841858,1.4620000123977661,1.475000023841858,1.4550000429153442,534
2005-05-23,1.4884999990463257,1.4670000076293945,1.4900000095367432,1.4670000076293945,606
2005-05-24,1.5049999952316284,1.4900000095367432,1.5099999904632568,1.4900000095367432,670
2005-05-25,1.5290000438690186,1.5099999904632568,1.5299999713897705,1.503000020980835,1052
2005-05-26,1.6139999628067017,1.5149999856948853,1.5449999570846558,1.5149999856948853,961
2005-05-27,1.4859999418258667,1.4850000143051147,1.4950000047683716,1.4730000495910645,8411
2005-05-31,1.5049999952316284,1.465000033378601,1.5049999952316284,1.465000033378601,669
2005-06-01,1.5379999876022339,1.5049999952316284,1.5384999513626099,1.4910000562667847,716
2005-06-02,1.559000015258789,1.5499999523162842,1.569000005722046,1.5449999570846558,435
2005-06-03,1.5954999923706055,1.590000033378601,1.6200000047683716,1.5839999914169312,680
2005-06-06,1.6065000295639038,1.5950000286102295,1.6130000352859497,1.5950000286102295,574
2005-06-07,1.593000054359436,1.6124999523162842,1.6200000047683716,1.5850000381469727,324
2005-06-08,1.5985000133514404,1.6030000448226929,1.6030000448226929,1.5880000591278076,295
2005-06-09,1.6019999980926514,1.6009999513626099,1.6030000448226929,1.594499945640564,379
2005-06-10,1.6319999694824219,1.6069999933242798,1.6319999694824219,1.5950000286102295,471
2005-06-13,1.6150000095367432,1.6299999952316284,1.6319999694824219,1.6100000143051147,398
2005-06-14,1.5844999551773071,1.6269999742507935,1.6269999742507935,1.590000033378601,415
2005-06-15,1.6069999933242798,1.5950000286102295,1.6100000143051147,1.5950000286102295,497
2005-06-16,1.6434999704360962,1.6299999952316284,1.649999976158142,1.6299999952316284,382
2005-06-17,1.6894999742507935,1.6649999618530273,1.690000057220459,1.659999966621399,319
2005-06-20,1.6725000143051147,1.6799999475479126,1.6829999685287476,1.6699999570846558,446
2005-06-21,1.6859999895095825,1.6675000190734863,1.6859999895095825,1.659999966621399,375
2005-06-22,1.6749999523162842,1.6610000133514404,1.6749999523162842,1.6519999504089355,696
2005-06-23,1.6749999523162842,1.659999966621399,1.6749999523162842,1.6399999856948853,667
2005-06-24,1.6755000352859497,1.7074999809265137,1.7074999809265137,1.6749999523162842,580
2005-06-27,1.6820000410079956,1.6755000352859497,1.684999942779541,1.6699999570846558,465
2005-06-28,1.600000023841858,1.659999966621399,1.6649999618530273,1.600000023841858,6141
2005-06-29,1.597499966621399,1.5839999914169312,1.6009999513626099,1.565000057220459,3490
2005-06-30,1.5535000562667847,1.5954999923706055,1.6169999837875366,1.5509999990463257,2328
2005-07-01,1.5364999771118164,1.537500023841858,1.537500023841858,1.537500023841858,1610
2005-07-05,1.5800000429153442,1.537500023841858,1.5850000381469727,1.537500023841858,1062
2005-07-06,1.6030000448226929,1.5809999704360962,1.6100000143051147,1.5809999704360962,599
2005-07-07,1.6095000505447388,1.600000023841858,1.6100000143051147,1.5885000228881836,410
2005-07-08,1.625499963760376,1.6024999618530273,1.6299999952316284,1.6024999618530273,429
2005-07-11,1.6239999532699585,1.6295000314712524,1.6399999856948853,1.6104999780654907,686
2005-07-12,1.6030000448226929,1.621000051498413,1.628000020980835,1.5950000286102295,548
2005-07-13,1.6200000047683716,1.590999960899353,1.6399999856948853,1.5829999446868896,429
2005-07-14,1.6180000305175781,1.624500036239624,1.6449999809265137,1.6100000143051147,673
2005-07-15,1.628999948501587,1.6180000305175781,1.6349999904632568,1.6180000305175781,304
2005-07-18,1.6304999589920044,1.6369999647140503,1.6549999713897705,1.627500057220459,599
2005-07-19,1.6505000591278076,1.628000020980835,1.6449999809265137,1.6269999742507935,355
2005-07-20,1.655500054359436,1.662500023841858,1.6640000343322754,1.6440000534057617,539
2005-07-21,1.63100004196167,1.655500054359436,1.6649999618530273,1.6299999952316284,797
2005-07-22,1.655500054359436,1.6540000438690186,1.659999966621399,1.6419999599456787,559
2005-07-25,1.6579999923706055,1.655500054359436,1.6710000038146973,1.6399999856948853,716
2005-07-26,1.6660000085830688,1.6579999923706055,1.6720000505447388,1.6390000581741333,730
2005-07-27,1.6775000095367432,1.6699999570846558,1.6890000104904175,1.6670000553131104,1155
2005-07-28,1.6964999437332153,1.6699999570846558,1.6890000104904175,1.6670000553131104,590
2005-07-29,1.6875,1.6829999685287476,1.6920000314712524,1.6729999780654907,391
2005-08-01,1.7035000324249268,1.684999942779541,1.7050000429153442,1.6799999475479126,409
2005-08-02,1.7000000476837158,1.7020000219345093,1.7059999704360962,1.6929999589920044,238
2005-08-03,1.7089999914169312,1.7079999446868896,1.7085000276565552,1.6974999904632568,262
2005-08-04,1.6944999694824219,1.7020000219345093,1.7020000219345093,1.6799999475479126,285
2005-08-05,1.6890000104904175,1.684000015258789,1.7000000476837158,1.6890000104904175,173
2005-08-08,1.687000036239624,1.6749999523162842,1.6920000314712524,1.6749999523162842,185
2005-08-09,1.6519999504089355,1.656000018119812,1.6649999618530273,1.6419999599456787,340
2005-08-10,1.687000036239624,1.6699999570846558,1.694000005722046,1.6699999570846558,293
2005-08-11,1.7059999704360962,1.68149995803833,1.7070000171661377,1.68149995803833,235
2005-08-12,1.7374999523162842,1.725000023841858,1.7380000352859497,1.725000023841858,298
2005-08-15,1.7710000276565552,1.75,1.7649999856948853,1.75,326
2005-08-16,1.7795000076293945,1.7719999551773071,1.8025000095367432,1.7699999809265137,308
2005-08-17,1.7209999561309814,1.7350000143051147,1.7350000143051147,1.7050000429153442,374
2005-08-18,1.721500039100647,1.7350000143051147,1.7350000143051147,1.718000054359436,202
2005-08-19,1.718500018119812,1.725000023841858,1.725000023841858,1.715000033378601,262
2005-08-22,1.7400000095367432,1.722000002861023,1.7400000095367432,1.7200000286102295,186
2005-08-23,1.7445000410079956,1.7269999980926514,1.7450000047683716,1.7174999713897705,435
2005-08-24,1.7170000076293945,1.7200000286102295,1.7280000448226929,1.7170000076293945,296
2005-08-25,1.7139999866485596,1.725000023841858,1.7300000190734863,1.7109999656677246,281
2005-08-26,1.7695000171661377,1.7339999675750732,1.774999976158142,1.7350000143051147,266
2005-08-29,1.7105000019073486,1.774999976158142,1.8049999475479126,1.7000000476837158,257
2005-08-30,1.743499994277954,1.774999976158142,1.8049999475479126,1.7000000476837158,4493
2005-08-31,1.6950000524520874,1.7055000066757202,1.725000023841858,1.684999942779541,3288
2005-09-01,1.7269999980926514,1.7000000476837158,1.7289999723434448,1.6920000314712524,1118
2005-09-02,1.746999979019165,1.7070000171661377,1.7680000066757202,1.7044999599456787,832
2005-09-06,1.7359999418258667,1.743499994277954,1.7549999952316284,1.725000023841858,773
2005-09-07,1.7209999561309814,1.7350000143051147,1.7400000095367432,1.7174999713897705,1028
2005-09-08,1.6964999437332153,1.718000054359436,1.7330000400543213,1.6920000314712524,1071
2005-09-09,1.684000015258789,1.6964999437332153,1.7094999551773071,1.6690000295639038,1068
2005-09-12,1.718999981880188,1.6859999895095825,1.7239999771118164,1.684999942779541,453
2005-09-13,1.7000000476837158,1.715499997138977,1.715499997138977,1.690999984741211,458
2005-09-14,1.6820000410079956,1.6994999647140503,1.7000000476837158,1.6729999780654907,938
2005-09-15,1.6779999732971191,1.6794999837875366,1.6820000410079956,1.6649999618530273,429
2005-09-16,1.6729999780654907,1.6740000247955322,1.6805000305175781,1.6549999713897705,1014
2005-09-19,1.7395000457763672,1.6729999780654907,1.74399995803833,1.6649999618530273,837
2005-09-20,1.749500036239624,1.7359999418258667,1.784000039100647,1.7300000190734863,417
2005-09-21,1.7964999675750732,1.75,1.7990000247955322,1.75,1064
2005-09-22,1.809999942779541,1.8020000457763672,1.8209999799728394,1.8020000457763672,833
2005-09-23,1.7984999418258667,1.7999999523162842,1.8240000009536743,1.7920000553131104,613
2005-09-26,1.840999960899353,1.8170000314712524,1.8450000286102295,1.7999999523162842,1317
2005-09-27,1.8380000591278076,1.8365000486373901,1.846500039100647,1.8229999542236328,1683
2005-09-28,1.8765000104904175,1.8450000286102295,1.8819999694824219,1.8394999504089355,1682
2005-09-29,1.8680000305175781,1.8450000286102295,1.8819999694824219,1.809000015258789,677
2005-09-30,1.8014999628067017,1.809999942779541,1.809999942779541,1.7940000295639038,475
2005-10-03,1.8339999914169312,1.809999942779541,1.8339999914169312,1.7990000247955322,982
2005-10-04,1.8504999876022339,1.8259999752044678,1.8450000286102295,1.8255000114440918,461
2005-10-05,1.8730000257492065,1.8494999408721924,1.8739999532699585,1.8494999408721924,463
2005-10-06,1.875,1.8650000095367432,1.878000020980835,1.8650000095367432,449
2005-10-07,1.9005000591278076,1.8700000047683716,1.9019999504089355,1.8700000047683716,1652
2005-10-10,1.8990000486373901,1.8954999446868896,1.9119999408721924,1.8954999446868896,396
2005-10-11,1.9270000457763672,1.9129999876022339,1.9270000457763672,1.909999966621399,252
2005-10-12,1.8799999952316284,1.9270000457763672,1.9270000457763672,1.8799999952316284,308
2005-10-13,1.8600000143051147,1.8799999952316284,1.8799999952316284,1.8530000448226929,459
2005-10-14,1.8545000553131104,1.8550000190734863,1.8580000400543213,1.8380000591278076,461
2005-10-17,1.9210000038146973,1.8839999437332153,1.9259999990463257,1.8839999437332153,555
2005-10-18,1.9299999475479126,1.9199999570846558,1.9299999475479126,1.909999966621399,388
2005-10-19,1.9259999990463257,1.9290000200271606,1.9290000200271606,1.9019999504089355,524
2005-10-20,1.9229999780654907,1.9390000104904175,1.9670000076293945,1.9225000143051147,565
2005-10-21,1.9279999732971191,1.9199999570846558,1.9199999570846558,1.8550000190734863,641
2005-10-24,1.9234999418258667,1.902999997138977,1.9240000247955322,1.8799999952316284,617
2005-10-25,1.9644999504089355,1.934999942779541,1.9620000123977661,1.9299999475479126,909
2005-10-26,1.968000054359436,1.9709999561309814,1.9889999628067017,1.937000036239624,1056
2005-10-27,1.934000015258789,1.9600000381469727,1.9600000381469727,1.9179999828338623,543
2005-10-28,1.8960000276565552,1.850000023841858,1.8849999904632568,1.8420000076293945,687
2005-10-31,1.8960000276565552,1.8899999856948853,1.906000018119812,1.8819999694824219,572
2005-11-01,1.8960000276565552,1.8849999904632568,1.9049999713897705,1.871999979019165,343
2005-11-02,1.9019999504089355,1.899999976158142,1.9019999504089355,1.8949999809265137,448
2005-11-03,1.9049999713897705,1.909999966621399,1.909999966621399,1.8910000324249268,781
2005-11-04,1.933500051498413,1.9249999523162842,1.937000036239624,1.9149999618530273,627
2005-11-07,1.9375,1.934999942779541,1.940000057220459,1.9170000553131104,346
2005-11-08,1.9320000410079956,1.9179999828338623,1.9240000247955322,1.9179999828338623,329
2005-11-09,1.9255000352859497,1.934999942779541,1.9359999895095825,1.9199999570846558,395
2005-11-10,1.965000033378601,1.9229999780654907,1.965000033378601,1.9225000143051147,376
2005-11-11,1.9989999532699585,1.9850000143051147,2.000999927520752,1.9739999771118164,563
2005-11-14,2.006500005722046,2.0,2.003000020980835,1.9900000095367432,432
2005-11-15,2.0274999141693115,1.9980000257492065,2.0250000953674316,1.9930000305175781,418
2005-11-16,2.0350000858306885,2.0225000381469727,2.0309998989105225,1.9919999837875366,341
2005-11-17,2.0460000038146973,2.0450000762939453,2.0450000762939453,2.009999990463257,722
2005-11-18,2.0999999046325684,2.0480000972747803,2.0999999046325684,2.0450000762939453,457
2005-11-21,2.0999999046325684,2.0989999771118164,2.0999999046325684,2.068000078201294,481
2005-11-22,2.0799999237060547,2.075000047683716,2.0950000286102295,2.0450000762939453,831
2005-11-23,2.140000104904175,2.072999954223633,2.140000104904175,2.059999942779541,803
2005-11-28,2.180000066757202,2.1600000858306885,2.180000066757202,2.1549999713897705,9819
2005-11-29,2.0404999256134033,2.015000104904175,2.0480000972747803,2.005500078201294,6701
2005-11-30,2.075000047683716,2.0425000190734863,2.077500104904175,2.0399999618530273,4080
2005-12-01,2.1679999828338623,2.0739998817443848,2.1700000762939453,2.069000005722046,2758
2005-12-02,2.1524999141693115,2.1700000762939453,2.194000005722046,2.1500000953674316,1609
2005-12-05,2.1659998893737793,2.1540000438690186,2.1649999618530273,2.140000104904175,671
2005-12-06,2.11899995803833,2.1630001068115234,2.1630001068115234,2.109999895095825,731
2005-12-07,2.1605000495910645,2.119999885559082,2.1600000858306885,2.117000102996826,1066
2005-12-08,2.1700000762939453,2.1500000953674316,2.1730000972747803,2.1500000953674316,835
2005-12-09,2.180000066757202,2.174499988555908,2.180000066757202,2.1700000762939453,640
2005-12-12,2.1554999351501465,2.197000026702881,2.197000026702881,2.1500000953674316,605
2005-12-13,2.1730000972747803,2.1619999408721924,2.1989998817443848,2.1530001163482666,651
2005-12-14,2.125999927520752,2.1700000762939453,2.187000036239624,2.115000009536743,900
2005-12-15,2.1414999961853027,2.115000009536743,2.1500000953674316,2.1050000190734863,900
2005-12-16,2.1695001125335693,2.131999969482422,2.1700000762939453,2.127500057220459,844
2005-12-19,2.1594998836517334,2.1675000190734863,2.174999952316284,2.1575000286102295,806
2005-12-20,2.1649999618530273,2.1600000858306885,2.1649999618530273,2.1500000953674316,629
2005-12-21,2.178999900817871,2.1579999923706055,2.180000066757202,2.1475000381469727,1013
2005-12-22,2.2060000896453857,2.180000066757202,2.2100000381469727,2.178999900817871,1130
2005-12-23,2.2304999828338623,2.2035000324249268,2.25,2.203000068664551,822
2005-12-27,2.2799999713897705,2.2899999618530273,2.2899999618530273,2.2679998874664307,721
2005-12-28,2.194000005722046,2.2990000247955322,2.2990000247955322,2.174999952316284,1124
2005-12-29,2.1644999980926514,2.192500114440918,2.192500114440918,2.1449999809265137,619
2005-12-30,2.1614999771118164,2.1519999504089355,2.1579999923706055,2.1470000743865967,312
2006-01-03,2.1679999828338623,2.1600000858306885,2.1659998893737793,2.121999979019165,682
2006-01-04,2.2165000438690186,2.1600000858306885,2.2300000190734863,2.1600000858306885,537
2006-01-05,2.1384999752044678,2.2114999294281006,2.2114999294281006,2.131999969482422,554
2006-01-06,2.1554999351501465,2.1500000953674316,2.1589999198913574,2.118499994277954,704
2006-01-09,2.1670000553131104,2.1679999828338623,2.1700000762939453,2.1670000553131104,286
2006-01-10,2.179500102996826,2.180000066757202,2.184000015258789,2.1659998893737793,359
2006-01-11,2.1549999713897705,2.1689999103546143,2.1760001182556152,2.1500000953674316,469
2006-01-12,2.1470000743865967,2.1524999141693115,2.1549999713897705,2.140000104904175,366
2006-01-13,2.1679999828338623,2.1549999713897705,2.1679999828338623,2.1549999713897705,362
2006-01-17,2.1689999103546143,2.1549999713897705,2.1679999828338623,2.1500000953674316,352
2006-01-18,2.1700000762939453,2.1549999713897705,2.177000045776367,2.1475000381469727,275
2006-01-19,2.1559998989105225,2.1689999103546143,2.174999952316284,2.1549999713897705,211
2006-01-20,2.130000114440918,2.1500000953674316,2.1579999923706055,2.118000030517578,292
2006-01-23,2.1424999237060547,2.134999990463257,2.1449999809265137,2.134999990463257,260
2006-01-24,2.172499895095825,2.119999885559082,2.1600000858306885,2.119999885559082,345
2006-01-25,2.2184998989105225,2.190000057220459,2.2200000286102295,2.190000057220459,269
2006-01-26,2.2314999103546143,2.2300000190734863,2.2330000400543213,2.2109999656677246,379
2006-01-27,2.2964999675750732,2.2330000400543213,2.2920000553131104,2.2330000400543213,1159
2006-01-30,2.234499931335449,2.242000102996826,2.24399995803833,2.2339999675750732,310
2006-01-31,2.2355000972747803,2.234499931335449,2.23799991607666,2.2230000495910645,344
2006-02-01,2.259000062942505,2.242000102996826,2.259000062942505,2.2339999675750732,319
2006-02-02,2.31850004196167,2.259000062942505,2.325000047683716,2.259000062942505,409
2006-02-03,2.318000078201294,2.319999933242798,2.3259999752044678,2.299999952316284,227
2006-02-06,2.3364999294281006,2.302999973297119,2.3399999141693115,2.302999973297119,286
2006-02-07,2.2874999046325684,2.3269999027252197,2.3329999446868896,2.2899999618530273,191
2006-02-08,2.2799999713897705,2.2769999504089355,2.303999900817871,2.2699999809265137,235
2006-02-09,2.309000015258789,2.2990000247955322,2.322999954223633,2.2990000247955322,232
2006-02-10,2.2260000705718994,2.2839999198913574,2.2850000858306885,2.2119998931884766,248
2006-02-13,2.236999988555908,2.240000009536743,2.246000051498413,2.2330000400543213,306
2006-02-14,2.2664999961853027,2.2309999465942383,2.2699999809265137,2.2309999465942383,333
2006-02-15,2.194000005722046,2.244999885559082,2.244999885559082,2.184999942779541,307
2006-02-16,2.236999988555908,2.180999994277954,2.236999988555908,2.1559998989105225,240
2006-02-17,2.2090001106262207,2.2200000286102295,2.2300000190734863,2.2200000286102295,243
2006-02-21,2.2809998989105225,2.240000009536743,2.2809998989105225,2.23799991607666,470
2006-02-22,2.2660000324249268,2.253000020980835,2.2750000953674316,2.244999885559082,498
2006-02-23,2.2100000381469727,2.265000104904175,2.2750000953674316,2.2100000381469727,493
2006-02-24,2.2039999961853027,2.2039999961853027,2.2039999961853027,2.2039999961853027,6531
2006-02-27,2.140500068664551,2.2090001106262207,2.2149999141693115,2.131999969482422,6360
2006-02-28,2.185499906539917,2.134999990463257,2.1989998817443848,2.13100004196167,1104
2006-03-01,2.243499994277954,2.185499906539917,2.246000051498413,2.180000066757202,1209
2006-03-02,2.2755000591278076,2.23799991607666,2.2780001163482666,2.2314999103546143,841
2006-03-03,2.2695000171661377,2.2699999809265137,2.2850000858306885,2.2660000324249268,1421
2006-03-06,2.2009999752044678,2.2664999961853027,2.2730000019073486,2.200000047683716,891
2006-03-07,2.186000108718872,2.200500011444092,2.2074999809265137,2.1679999828338623,848
2006-03-08,2.172499895095825,2.191499948501587,2.191499948501587,2.1480000019073486,620
2006-03-09,2.2044999599456787,2.1640000343322754,2.2130000591278076,2.1640000343322754,736
2006-03-10,2.2170000076293945,2.197499990463257,2.2219998836517334,2.1670000553131104,425
2006-03-13,2.251499891281128,2.2295000553131104,2.255000114440918,2.2209999561309814,584
2006-03-14,2.259999990463257,2.253000020980835,2.260999917984009,2.2249999046325684,325
2006-03-15,2.252000093460083,2.259500026702881,2.2820000648498535,2.255000114440918,514
2006-03-16,2.2664999961853027,2.25,2.2679998874664307,2.2325000762939453,745
2006-03-17,2.36899995803833,2.3010001182556152,2.371000051498413,2.3010001182556152,444
2006-03-20,2.3440001010894775,2.365499973297119,2.4049999713897705,2.3429999351501465,432
2006-03-21,2.3340001106262207,2.375499963760376,2.384999990463257,2.3329999446868896,302
2006-03-22,2.3499999046325684,2.3289999961853027,2.3550000190734863,2.3289999961853027,368
2006-03-23,2.4089999198913574,2.3410000801086426,2.4100000858306885,2.3410000801086426,309
2006-03-24,2.4114999771118164,2.4010000228881836,2.4240000247955322,2.3959999084472656,664
2006-03-27,2.4749999046325684,2.4200000762939453,2.4839999675750732,2.4100000858306885,948
2006-03-28,2.49399995803833,2.4649999141693115,2.5,2.4649999141693115,953
2006-03-29,2.4765000343322754,2.513000011444092,2.5234999656677246,2.450000047683716,1151
2006-03-30,2.503499984741211,2.4690001010894775,2.50600004196167,2.4649999141693115,741
2006-03-31,2.48799991607666,2.502500057220459,2.5329999923706055,2.4820001125335693,493
2006-04-03,2.5769999027252197,2.492500066757202,2.5850000381469727,2.492500066757202,306
2006-04-04,2.573499917984009,2.5850000381469727,2.5850000381469727,2.558000087738037,356
2006-04-05,2.628000020980835,2.609999895095825,2.624000072479248,2.5999999046325684,258
2006-04-06,2.676500082015991,2.6475000381469727,2.677000045776367,2.6449999809265137,696
2006-04-07,2.6705000400543213,2.674999952316284,2.674999952316284,2.622999906539917,335
2006-04-10,2.739000082015991,2.7200000286102295,2.740000009536743,2.7200000286102295,315
2006-04-11,2.751499891281128,2.749000072479248,2.756999969482422,2.742000102996826,295
2006-04-12,2.821500062942505,2.751499891281128,2.8299999237060547,2.7790000438690186,493
2006-04-13,2.868000030517578,2.8519999980926514,2.869999885559082,2.8480000495910645,243
2006-04-17,2.9649999141693115,3.0,3.0,2.944999933242798,411
2006-04-18,3.059000015258789,2.9600000381469727,3.059999942779541,2.9600000381469727,696
2006-04-19,3.058500051498413,3.059000015258789,3.072999954223633,3.0199999809265137,734
2006-04-20,3.065999984741211,3.0350000858306885,3.053999900817871,2.924999952316284,662
2006-04-21,3.247999906539917,3.062999963760376,3.240000009536743,3.062999963760376,485
2006-04-24,3.2135000228881836,3.2100000381469727,3.234999895095825,3.200000047683716,516
2006-04-25,3.4079999923706055,3.3399999141693115,3.4175000190734863,3.3399999141693115,336
2006-04-26,3.4830000400543213,3.424999952316284,3.5,3.424999952316284,10013
2006-04-27,3.259999990463257,3.3864998817443848,3.433000087738037,3.240000009536743,4206
2006-04-28,3.3355000019073486,3.259999990463257,3.384000062942505,3.25600004196167,3714
2006-05-01,3.453000068664551,3.3269999027252197,3.4600000381469727,3.3269999027252197,1188
2006-05-02,3.4165000915527344,3.4700000286102295,3.4700000286102295,3.369999885559082,1851
2006-05-03,3.424999952316284,3.390000104904175,3.440000057220459,3.3399999141693115,1076
2006-05-04,3.5929999351501465,3.3989999294281006,3.619999885559082,3.3989999294281006,1083
2006-05-05,3.5969998836517334,3.5799999237060547,3.640000104904175,3.559999942779541,832
2006-05-08,3.6054999828338623,3.61299991607666,3.61299991607666,3.5280001163482666,818
2006-05-09,3.696000099182129,3.609999895095825,3.700000047683716,3.6029999256134033,482
2006-05-10,3.7839999198913574,3.7125000953674316,3.809999942779541,3.7125000953674316,654
2006-05-11,4.0329999923706055,3.799999952316284,4.159999847412109,3.7839999198913574,777
2006-05-12,3.9665000438690186,4.025000095367432,4.059999942779541,3.924999952316284,764
2006-05-15,3.86899995803833,3.7274999618530273,3.9100000858306885,3.700000047683716,573
2006-05-16,3.9820001125335693,3.8615000247955322,3.944999933242798,3.8499999046325684,934
2006-05-17,3.8304998874664307,3.9600000381469727,3.9700000286102295,3.799999952316284,934
2006-05-18,3.869499921798706,3.7890000343322754,3.8949999809265137,3.7200000286102295,1068
2006-05-19,3.6429998874664307,3.740000009536743,3.9749999046325684,3.619999885559082,1329
2006-05-22,3.640000104904175,3.619999885559082,3.6700000762939453,3.4800000190734863,833
2006-05-23,4.075500011444092,3.630000114440918,4.054999828338623,3.6024999618530273,773
2006-05-24,3.8304998874664307,4.038000106811523,4.038000106811523,3.7699999809265137,905
2006-05-25,3.9014999866485596,3.799999952316284,3.9200000762939453,3.7799999713897705,739
2006-05-26,4.014999866485596,3.940000057220459,4.039999961853027,3.880000114440918,604
2006-05-30,3.746999979019165,3.8940000534057617,3.9000000953674316,3.692500114440918,1083
2006-05-31,3.7165000438690186,3.7699999809265137,3.8350000381469727,3.694999933242798,596
2006-06-01,3.56850004196167,3.7200000286102295,3.7200000286102295,3.440000057220459,628
2006-06-02,3.6644999980926514,3.56850004196167,3.7100000381469727,3.5450000762939453,432
2006-06-05,3.690999984741211,3.680000066757202,3.690000057220459,3.5999999046325684,492
2006-06-06,3.5845000743865967,3.6679999828338623,3.6679999828338623,3.5450000762939453,292
2006-06-07,3.678999900817871,3.559999942779541,3.7049999237060547,3.444999933242798,351
2006-06-08,3.4519999027252197,3.5789999961853027,3.5799999237060547,3.4649999141693115,378
2006-06-09,3.372999906539917,3.4679999351501465,3.549999952316284,3.3550000190734863,418
2006-06-12,3.3285000324249268,3.305000066757202,3.4100000858306885,3.302999973297119,230
2006-06-13,3.0954999923706055,3.2850000858306885,3.2850000858306885,3.069999933242798,228
2006-06-14,3.1535000801086426,3.0954999923706055,3.190000057220459,3.069999933242798,302
2006-06-15,3.309000015258789,3.2149999141693115,3.3299999237060547,3.2100000381469727,401
2006-06-16,3.3864998817443848,3.359999895095825,3.390000104904175,3.319999933242798,281
2006-06-19,3.252500057220459,3.3949999809265137,3.3949999809265137,3.2200000286102295,281
2006-06-20,3.2864999771118164,3.2249999046325684,3.2950000762939453,3.140000104904175,322
2006-06-21,3.30049991607666,3.2300000190734863,3.3299999237060547,3.2300000190734863,326
2006-06-22,3.2054998874664307,3.390000104904175,3.390000104904175,3.200000047683716,264
2006-06-23,3.3424999713897705,3.194999933242798,3.2799999713897705,3.180000066757202,383
2006-06-26,3.444000005722046,3.309999942779541,3.434999942779541,3.309999942779541,640
2006-06-27,3.2869999408721924,3.4000000953674316,3.4000000953674316,3.2699999809265137,626
2006-06-28,3.433000087738037,3.380000114440918,3.430000066757202,3.3450000286102295,4214
2006-06-29,3.4230000972747803,3.2929999828338623,3.440000057220459,3.240499973297119,3734
2006-06-30,3.4625000953674316,3.4100000858306885,3.552500009536743,3.4100000858306885,1721
2006-07-05,3.494499921798706,3.50600004196167,3.5199999809265137,3.444999933242798,995
2006-07-06,3.7144999504089355,3.502000093460083,3.7100000381469727,3.4714999198913574,1276
2006-07-07,3.6424999237060547,3.7039999961853027,3.7070000171661377,3.634999990463257,561
2006-07-10,3.677000045776367,3.640000104904175,3.690000057220459,3.5850000381469727,612
2006-07-11,3.7225000858306885,3.671999931335449,3.740000009536743,3.6545000076293945,689
2006-07-12,3.7750000953674316,3.740000009536743,3.869999885559082,3.7200000286102295,689
2006-07-13,3.7915000915527344,3.7699999809265137,3.796999931335449,3.7300000190734863,584
2006-07-14,3.8294999599456787,3.815000057220459,3.8299999237060547,3.815000057220459,566
2006-07-17,3.7144999504089355,3.759999990463257,3.759999990463257,3.6449999809265137,754
2006-07-18,3.680500030517578,3.755000114440918,3.765000104904175,3.6700000762939453,638
2006-07-19,3.678499937057495,3.640000104904175,3.684999942779541,3.565000057220459,622
2006-07-20,3.484999895095825,3.5950000286102295,3.619999885559082,3.4700000286102295,762
2006-07-21,3.4165000915527344,3.4679999351501465,3.5299999713897705,3.3450000286102295,821
2006-07-24,3.4835000038146973,3.4679999351501465,3.5299999713897705,3.319999933242798,752
2006-07-25,3.5385000705718994,3.445499897003174,3.559999942779541,3.445499897003174,746
2006-07-26,3.484499931335449,3.5295000076293945,3.5399999618530273,3.440000057220459,970
2006-07-27,3.5185000896453857,3.5399999618530273,3.559999942779541,3.4800000190734863,1846
2006-07-28,3.5840001106262207,3.509999990463257,3.5850000381469727,3.4749999046325684,928
2006-07-31,3.609999895095825,3.5824999809265137,3.690000057220459,3.5824999809265137,446
2006-08-01,3.632999897003174,3.609999895095825,3.640000104904175,3.609999895095825,285
2006-08-02,3.628499984741211,3.615000009536743,3.6549999713897705,3.5999999046325684,366
2006-08-03,3.5295000076293945,3.625,3.6500000953674316,3.5,309
2006-08-04,3.6624999046325684,3.634999990463257,3.7200000286102295,3.630000114440918,375
2006-08-07,3.625499963760376,3.690000057220459,3.690000057220459,3.632499933242798,254
2006-08-08,3.621000051498413,3.619999885559082,3.640000104904175,3.5924999713897705,430
2006-08-09,3.74399995803833,3.619999885559082,3.740000009536743,3.6050000190734863,503
2006-08-10,3.6644999980926514,3.740000009536743,3.7799999713897705,3.640000104904175,280
2006-08-11,3.513000011444092,3.6700000762939453,3.6700000762939453,3.484999895095825,258
2006-08-14,3.566999912261963,3.5,3.552500009536743,3.5,316
2006-08-15,3.557499885559082,3.5250000953674316,3.549999952316284,3.5174999237060547,211
2006-08-16,3.494999885559082,3.5299999713897705,3.5799999237060547,3.5,232
2006-08-17,3.382999897003174,3.490000009536743,3.5,3.3499999046325684,371
2006-08-18,3.450000047683716,3.450000047683716,3.4549999237060547,3.4200000762939453,229
2006-08-21,3.5225000381469727,3.509999990463257,3.5250000953674316,3.494999885559082,297
2006-08-22,3.498500108718872,3.5199999809265137,3.5199999809265137,3.434999942779541,370
2006-08-23,3.4730000495910645,3.4649999141693115,3.5179998874664307,3.4649999141693115,340
2006-08-24,3.440000057220459,3.4730000495910645,3.4730000495910645,3.380000114440918,363
2006-08-25,3.4549999237060547,3.424999952316284,3.440000057220459,3.424999952316284,331
2006-08-28,3.4839999675750732,3.450000047683716,3.5,3.441999912261963,634
2006-08-29,3.4230000972747803,3.4800000190734863,3.4809999465942383,3.4000000953674316,5112
2006-08-30,3.365000009536743,3.4049999713897705,3.494999885559082,3.3499999046325684,2671
2006-08-31,3.4690001010894775,3.3550000190734863,3.505000114440918,3.3499999046325684,1461
2006-09-01,3.4749999046325684,3.4690001010894775,3.502500057220459,3.434999942779541,1461
2006-09-04,3.495500087738037,3.484499931335449,3.495500087738037,3.484499931335449,475
2006-09-05,3.6510000228881836,3.484499931335449,3.6700000762939453,3.484499931335449,1230
2006-09-06,3.7019999027252197,3.6494998931884766,3.7100000381469727,3.640000104904175,755
2006-09-07,3.6654999256134033,3.6989998817443848,3.7060000896453857,3.6500000953674316,496
2006-09-08,3.578000068664551,3.6760001182556152,3.6760001182556152,3.549999952316284,459
2006-09-11,3.434000015258789,3.5799999237060547,3.5875000953674316,3.4149999618530273,645
2006-09-12,3.390500068664551,3.424499988555908,3.4649999141693115,3.4149999618530273,834
2006-09-13,3.3924999237060547,3.387500047683716,3.430000066757202,3.369999885559082,683
2006-09-14,3.381999969482422,3.428999900817871,3.443000078201294,3.369999885559082,703
2006-09-15,3.316499948501587,3.371999979019165,3.380000114440918,3.2799999713897705,609
2006-09-18,3.4179999828338623,3.3399999141693115,3.424999952316284,3.3125,650
2006-09-19,3.375499963760376,3.384999990463257,3.4100000858306885,3.375,598
2006-09-20,3.369999885559082,3.2699999809265137,3.380000114440918,3.2699999809265137,968
2006-09-21,3.421999931335449,3.3924999237060547,3.421999931335449,3.3550000190734863,1463
2006-09-22,3.439500093460083,3.4784998893737793,3.4784998893737793,3.390000104904175,567
2006-09-25,3.447499990463257,3.378999948501587,3.444999933242798,3.3450000286102295,536
2006-09-26,3.4635000228881836,3.450000047683716,3.490000009536743,3.442500114440918,383
2006-09-27,3.4755001068115234,3.4665000438690186,3.5,3.450000047683716,563
2006-09-28,3.4140000343322754,3.4700000286102295,3.4700000286102295,3.3949999809265137,1129
2006-09-29,3.4590001106262207,3.3949999809265137,3.4700000286102295,3.3949999809265137,588
2006-10-02,3.430500030517578,3.4700000286102295,3.490000009536743,3.434000015258789,587
2006-10-03,3.2864999771118164,3.4159998893737793,3.4549999237060547,3.2950000762939453,406
2006-10-04,3.197999954223633,3.2764999866485596,3.299999952316284,3.200000047683716,357
2006-10-05,3.299499988555908,3.2950000762939453,3.2950000762939453,3.2950000762939453,500
2006-10-06,3.383500099182129,3.3299999237060547,3.3924999237060547,3.305000066757202,477
2006-10-09,3.4065001010894775,3.4149999618530273,3.440000057220459,3.4000000953674316,335
2006-10-10,3.372999906539917,3.375,3.375,3.359999895095825,346
2006-10-11,3.4000000953674316,3.390000104904175,3.4100000858306885,3.390000104904175,241
2006-10-12,3.374000072479248,3.369999885559082,3.369999885559082,3.3299999237060547,468
2006-10-13,3.3984999656677246,3.424999952316284,3.424999952316284,3.3975000381469727,313
2006-10-16,3.559999942779541,3.505000114440918,3.559999942779541,3.484999895095825,483
2006-10-17,3.484999895095825,3.5999999046325684,3.5250000953674316,3.4800000190734863,291
2006-10-18,3.4709999561309814,3.4839999675750732,3.484999895095825,3.4570000171661377,337
2006-10-19,3.4885001182556152,3.4749999046325684,3.4749999046325684,3.4749999046325684,315
2006-10-20,3.444499969482422,3.4885001182556152,3.490000009536743,3.440000057220459,341
2006-10-23,3.430000066757202,3.430000066757202,3.4800000190734863,3.4149999618530273,627
2006-10-24,3.4014999866485596,3.380000114440918,3.384999990463257,3.3499999046325684,260
2006-10-25,3.388000011444092,3.375,3.4000000953674316,3.359999895095825,272
2006-10-26,3.381999969482422,3.359999895095825,3.387500047683716,3.359999895095825,594
2006-10-27,3.3910000324249268,3.378499984741211,3.4000000953674316,3.375,626
2006-10-30,3.3405001163482666,3.3949999809265137,3.3949999809265137,3.2799999713897705,809
2006-10-31,3.3359999656677246,3.3304998874664307,3.3499999046325684,3.3304998874664307,398
2006-11-01,3.2304999828338623,3.3359999656677246,3.3359999656677246,3.2300000190734863,375
2006-11-02,3.2839999198913574,3.25,3.2820000648498535,3.25,367
2006-11-03,3.315500020980835,3.299999952316284,3.325000047683716,3.299999952316284,448
2006-11-06,3.3324999809265137,3.2899999618530273,3.309999942779541,3.2899999618530273,407
2006-11-07,3.3454999923706055,3.4000000953674316,3.4000000953674316,3.3450000286102295,352
2006-11-08,3.2320001125335693,3.2955000400543213,3.2955000400543213,3.2249999046325684,453
2006-11-09,3.2955000400543213,3.2699999809265137,3.299999952316284,3.2699999809265137,294
2006-11-10,3.077500104904175,3.194999933242798,3.194999933242798,3.072499990463257,346
2006-11-13,3.065000057220459,3.109999895095825,3.109999895095825,3.059999942779541,224
2006-11-14,3.0840001106262207,3.069999933242798,3.1050000190734863,3.0399999618530273,385
2006-11-15,3.0875000953674316,3.059999942779541,3.0799999237060547,3.059999942779541,322
2006-11-16,3.0360000133514404,3.059999942779541,3.077500104904175,3.0360000133514404,398
2006-11-17,3.052500009536743,3.0299999713897705,3.0450000762939453,3.0,282
2006-11-20,3.0364999771118164,3.065000057220459,3.065000057220459,3.0299999713897705,482
2006-11-21,3.1105000972747803,3.0875000953674316,3.119999885559082,3.0875000953674316,415
2006-11-22,3.1059999465942383,3.1449999809265137,3.1449999809265137,3.0850000381469727,394
2006-11-27,3.186000108718872,3.184999942779541,3.2074999809265137,3.1714999675750732,366
2006-11-28,3.135499954223633,3.186000108718872,3.186000108718872,3.119999885559082,4963
2006-11-29,3.128000020980835,3.1449999809265137,3.1619999408721924,3.0850000381469727,3738
2006-11-30,3.1714999675750732,3.128999948501587,3.190000057220459,3.128499984741211,2502
2006-12-01,3.1470000743865967,3.1700000762939453,3.171999931335449,3.119999885559082,813
2006-12-04,3.1570000648498535,3.1505000591278076,3.1575000286102295,3.134500026702881,1008
2006-12-05,3.234499931335449,3.1624999046325684,3.2699999809265137,3.1624999046325684,1271
2006-12-06,3.1489999294281006,3.2274999618530273,3.2274999618530273,3.1494998931884766,680
2006-12-07,3.0940001010894775,3.1489999294281006,3.1575000286102295,3.0804998874664307,1048
2006-12-08,3.1070001125335693,3.109999895095825,3.122999906539917,3.0894999504089355,750
2006-12-11,3.119999885559082,3.119499921798706,3.1449999809265137,3.1019999980926514,695
2006-12-12,3.0845000743865967,3.130000114440918,3.130000114440918,3.0799999237060547,791
2006-12-13,3.0244998931884766,3.0824999809265137,3.0824999809265137,3.0250000953674316,784
2006-12-14,3.0450000762939453,3.0420000553131104,3.0810000896453857,3.0399999618530273,649
2006-12-15,3.003999948501587,3.0274999141693115,3.0425000190734863,2.9800000190734863,535
2006-12-18,3.0169999599456787,3.0299999713897705,3.0299999713897705,3.009999990463257,470
2006-12-19,3.002500057220459,3.003000020980835,3.009999990463257,3.0,922
2006-12-20,2.939500093460083,2.9509999752044678,2.9649999141693115,2.936000108718872,952
2006-12-21,2.8605000972747803,2.9000000953674316,2.9000000953674316,2.8450000286102295,679
2006-12-22,2.8299999237060547,2.8540000915527344,2.8540000915527344,2.8299999237060547,679
2006-12-25,2.8299999237060547,2.8540000915527344,2.8540000915527344,2.8299999237060547,543
2006-12-26,2.8505001068115234,2.8429999351501465,2.872999906539917,2.8299999237060547,494
2006-12-27,2.881999969482422,2.875,2.880000114440918,2.8499999046325684,796
2006-12-28,2.880000114440918,2.880000114440918,2.885999917984009,2.871500015258789,997
2006-12-29,2.8540000915527344,2.877000093460083,2.877000093460083,2.825000047683716,997
2007-01-01,2.8540000915527344,2.877000093460083,2.877000093460083,2.825000047683716,997
2007-01-02,2.8540000915527344,2.799999952316284,2.8540000915527344,2.7679998874664307,466
2007-01-03,2.632499933242798,2.7795000076293945,2.7795000076293945,2.631999969482422,865
2007-01-04,2.5885000228881836,2.5899999141693115,2.6050000190734863,2.5450000762939453,695
2007-01-05,2.5225000381469727,2.5899999141693115,2.5950000286102295,2.509999990463257,499
2007-01-08,2.5144999027252197,2.55649995803833,2.565000057220459,2.5199999809265137,341
2007-01-09,2.5420000553131104,2.509999990463257,2.5460000038146973,2.490000009536743,314
2007-01-10,2.6514999866485596,2.5425000190734863,2.6624999046325684,2.5425000190734863,367
2007-01-11,2.6484999656677246,2.680000066757202,2.680000066757202,2.634999990463257,310
2007-01-12,2.5929999351501465,2.624000072479248,2.630000114440918,2.5994999408721924,370
2007-01-16,2.565000057220459,2.5850000381469727,2.5850000381469727,2.5299999713897705,387
2007-01-17,2.555500030517578,2.549999952316284,2.552999973297119,2.5199999809265137,534
2007-01-18,2.4769999980926514,2.5,2.5199999809265137,2.484999895095825,232
2007-01-19,2.502000093460083,2.4760000705718994,2.5199999809265137,2.4760000705718994,299
2007-01-22,2.5195000171661377,2.5260000228881836,2.5260000228881836,2.494999885559082,294
2007-01-23,2.566499948501587,2.559999942779541,2.5950000286102295,2.559999942779541,382
2007-01-24,2.5885000228881836,2.5910000801086426,2.5910000801086426,2.565000057220459,269
2007-01-25,2.6394999027252197,2.6449999809265137,2.6500000953674316,2.628000020980835,386
2007-01-26,2.621500015258789,2.609999895095825,2.618000030517578,2.5999999046325684,264
2007-01-29,2.5285000801086426,2.5269999504089355,2.5269999504089355,2.5269999504089355,1086
2007-01-30,2.549999952316284,2.5209999084472656,2.565000057220459,2.5209999084472656,795
2007-01-31,2.5834999084472656,2.549999952316284,2.5850000381469727,2.549999952316284,455
2007-02-01,2.5179998874664307,2.557499885559082,2.5799999237060547,2.5220000743865967,324
2007-02-02,2.4100000858306885,2.42549991607666,2.4649999141693115,2.384999990463257,530
2007-02-05,2.4045000076293945,2.3989999294281006,2.422499895095825,2.3959999084472656,387
2007-02-06,2.484499931335449,2.4739999771118164,2.4739999771118164,2.4739999771118164,285
2007-02-07,2.440999984741211,2.444999933242798,2.4649999141693115,2.422499895095825,394
2007-02-08,2.438499927520752,2.422499895095825,2.443000078201294,2.3884999752044678,433
2007-02-09,2.506500005722046,2.4719998836517334,2.515000104904175,2.4719998836517334,298
2007-02-12,2.4674999713897705,2.4765000343322754,2.509999990463257,2.4765000343322754,191
2007-02-13,2.5769999027252197,2.5399999618530273,2.5905001163482666,2.5299999713897705,525
2007-02-14,2.569499969482422,2.5789999961853027,2.5789999961853027,2.5789999961853027,224
2007-02-15,2.6579999923706055,2.6524999141693115,2.6730000972747803,2.63700008392334,235
2007-02-16,2.6384999752044678,2.6524999141693115,2.6524999141693115,2.627000093460083,235
2007-02-20,2.5820000171661377,2.624000072479248,2.624000072479248,2.5950000286102295,453
2007-02-21,2.6510000228881836,2.572000026702881,2.6545000076293945,2.572000026702881,281
2007-02-22,2.76200008392334,2.759500026702881,2.759500026702881,2.700000047683716,364
2007-02-23,2.8364999294281006,2.8450000286102295,2.8450000286102295,2.8450000286102295,137
2007-02-26,2.8524999618530273,2.8499999046325684,2.875,2.8429999351501465,7418
2007-02-27,2.805000066757202,2.8505001068115234,2.8505001068115234,2.7249999046325684,6859
2007-02-28,2.7330000400543213,2.7209999561309814,2.7874999046325684,2.7019999027252197,2418
2007-03-01,2.7365000247955322,2.752000093460083,2.7750000953674316,2.7260000705718994,903
2007-03-02,2.693000078201294,2.7300000190734863,2.751499891281128,2.6700000762939453,1188
2007-03-05,2.6579999923706055,2.678499937057495,2.688999891281128,2.615000009536743,594
2007-03-06,2.7009999752044678,2.684499979019165,2.7304999828338623,2.684499979019165,454
2007-03-07,2.7720000743865967,2.7249999046325684,2.7894999980926514,2.7019999027252197,1257
2007-03-08,2.825500011444092,2.7764999866485596,2.862499952316284,2.7764999866485596,437
2007-03-09,2.7769999504089355,2.819999933242798,2.819999933242798,2.7750000953674316,458
2007-03-12,2.8440001010894775,2.76200008392334,2.8480000495910645,2.76200008392334,454
2007-03-13,2.82450008392334,2.8550000190734863,2.8550000190734863,2.7925000190734863,1015
2007-03-14,2.822000026702881,2.814500093460083,2.8635001182556152,2.814500093460083,1436
2007-03-15,2.984999895095825,2.8399999141693115,2.984999895095825,2.8399999141693115,1113
2007-03-16,3.008500099182129,2.998500108718872,3.009999990463257,2.952500104904175,628
2007-03-19,3.0174999237060547,3.005000114440918,3.0350000858306885,2.99399995803833,460
2007-03-20,3.0309998989105225,3.0174999237060547,3.058500051498413,3.0174999237060547,688
2007-03-21,3.0190000534057617,3.00600004196167,3.0390000343322754,3.003499984741211,540
2007-03-22,3.067500114440918,3.0869998931884766,3.0869998931884766,3.065000057220459,654
2007-03-23,3.069000005722046,3.0999999046325684,3.109999895095825,3.069999933242798,378
2007-03-26,3.124500036239624,3.0850000381469727,3.134999990463257,3.0850000381469727,308
2007-03-27,3.052500009536743,3.1115000247955322,3.119999885559082,3.0374999046325684,634
2007-03-28,3.051500082015991,3.0299999713897705,3.061000108718872,3.0299999713897705,778
2007-03-29,3.0764999389648438,3.0510001182556152,3.0899999141693115,3.0209999084472656,612
2007-03-30,3.1435000896453857,3.0834999084472656,3.1524999141693115,3.0834999084472656,489
2007-04-02,3.1740000247955322,3.119999885559082,3.180999994277954,3.1050000190734863,371
2007-04-03,3.309499979019165,3.180000066757202,3.319000005722046,3.180000066757202,819
2007-04-04,3.382499933242798,3.305000066757202,3.390000104904175,3.2799999713897705,304
2007-04-05,3.371000051498413,3.3540000915527344,3.4100000858306885,3.3540000915527344,224
2007-04-09,3.496999979019165,3.4240000247955322,3.441999912261963,3.4200000762939453,201
2007-04-10,3.5169999599456787,3.5244998931884766,3.5329999923706055,3.499500036239624,314
2007-04-11,3.575500011444092,3.4860000610351562,3.6050000190734863,3.4860000610351562,330
2007-04-12,3.493000030517578,3.5439999103546143,3.5439999103546143,3.4749999046325684,225
2007-04-13,3.5295000076293945,3.5290000438690186,3.5329999923706055,3.5174999237060547,219
2007-04-16,3.5309998989105225,3.5764999389648438,3.5769999027252197,3.5174999237060547,184
2007-04-17,3.6740000247955322,3.565000057220459,3.5999999046325684,3.5625,165
2007-04-18,3.615000009536743,3.637500047683716,3.637500047683716,3.619999885559082,316
2007-04-19,3.5840001106262207,3.5799999237060547,3.5999999046325684,3.5464999675750732,162
2007-04-20,3.6064999103546143,3.625,3.631999969482422,3.6050000190734863,249
2007-04-23,3.630500078201294,3.6064999103546143,3.621000051498413,3.6064999103546143,200
2007-04-24,3.549999952316284,3.6110000610351562,3.617500066757202,3.5429999828338623,313
2007-04-25,3.5850000381469727,3.5299999713897705,3.559999942779541,3.5299999713897705,266
2007-04-26,3.486999988555908,3.572999954223633,3.5759999752044678,3.4800000190734863,9461
2007-04-27,3.5144999027252197,3.4820001125335693,3.5439999103546143,3.434000015258789,3364
2007-04-30,3.5415000915527344,3.5144999027252197,3.572999954223633,3.503999948501587,1425
2007-05-01,3.615499973297119,3.5185000896453857,3.635999917984009,3.51200008392334,1524
2007-05-02,3.628499984741211,3.634999990463257,3.635999917984009,3.5799999237060547,502
2007-05-03,3.7119998931884766,3.6384999752044678,3.7249999046325684,3.624500036239624,630
2007-05-04,3.750499963760376,3.7119998931884766,3.7950000762939453,3.7009999752044678,1059
2007-05-07,3.7105000019073486,3.75,3.75,3.7049999237060547,301
2007-05-08,3.7155001163482666,3.7290000915527344,3.734999895095825,3.696500062942505,309
2007-05-09,3.67549991607666,3.700000047683716,3.700000047683716,3.638000011444092,583
2007-05-10,3.563999891281128,3.621999979019165,3.621999979019165,3.563999891281128,622
2007-05-11,3.6010000705718994,3.559999942779541,3.630000114440918,3.5399999618530273,537
2007-05-14,3.492000102996826,3.6034998893737793,3.6034998893737793,3.4774999618530273,629
2007-05-15,3.5334999561309814,3.4700000286102295,3.5390000343322754,3.4700000286102295,683
2007-05-16,3.4240000247955322,3.490000009536743,3.494499921798706,3.4195001125335693,643
2007-05-17,3.309000015258789,3.4000000953674316,3.4000000953674316,3.259500026702881,527
2007-05-18,3.3285000324249268,3.263000011444092,3.3324999809265137,3.259999990463257,437
2007-05-21,3.4059998989105225,3.3410000801086426,3.4100000858306885,3.3345000743865967,369
2007-05-22,3.308500051498413,3.4040000438690186,3.4040000438690186,3.305000066757202,336
2007-05-23,3.303999900817871,3.311000108718872,3.321000099182129,3.2799999713897705,300
2007-05-24,3.183500051498413,3.309499979019165,3.3125,3.177500009536743,331
2007-05-25,3.3269999027252197,3.242500066757202,3.3324999809265137,3.242500066757202,381
2007-05-29,3.3259999752044678,3.32450008392334,3.3289999961853027,3.2799999713897705,404
2007-05-30,3.305999994277954,3.308000087738037,3.319499969482422,3.2750000953674316,587
2007-05-31,3.3935000896453857,3.375,3.390500068664551,3.3499999046325684,472
2007-06-01,3.4024999141693115,3.4170000553131104,3.4170000553131104,3.377500057220459,291
2007-06-04,3.4655001163482666,3.4649999141693115,3.4839999675750732,3.4124999046325684,265
2007-06-05,3.446500062942505,3.4719998836517334,3.4719998836517334,3.434999942779541,229
2007-06-06,3.3949999809265137,3.4519999027252197,3.4519999027252197,3.370500087738037,191
2007-06-07,3.377000093460083,3.359999895095825,3.4000000953674316,3.3499999046325684,263
2007-06-08,3.257999897003174,3.2699999809265137,3.2799999713897705,3.247999906539917,292
2007-06-11,3.3510000705718994,3.3369998931884766,3.3499999046325684,3.316999912261963,153
2007-06-12,3.2874999046325684,3.2760000228881836,3.2850000858306885,3.265000104904175,263
2007-06-13,3.318000078201294,3.2744998931884766,3.319999933242798,3.23799991607666,82
2007-06-14,3.3975000381469727,3.390000104904175,3.428999900817871,3.375499963760376,418
2007-06-15,3.4230000972747803,3.4200000762939453,3.430000066757202,3.4200000762939453,186
2007-06-18,3.4205000400543213,3.4539999961853027,3.494999885559082,3.4149999618530273,246
2007-06-19,3.3994998931884766,3.3949999809265137,3.4049999713897705,3.38100004196167,198
2007-06-20,3.447499990463257,3.4200000762939453,3.450000047683716,3.3984999656677246,207
2007-06-21,3.4065001010894775,3.4175000190734863,3.433500051498413,3.380000114440918,161
2007-06-22,3.385499954223633,3.4000000953674316,3.4024999141693115,3.384999990463257,243
2007-06-25,3.4019999504089355,3.390000104904175,3.390000104904175,3.315500020980835,313
2007-06-26,3.318000078201294,3.375999927520752,3.375999927520752,3.325000047683716,301
2007-06-27,3.3564999103546143,3.307499885559082,3.365000009536743,3.302500009536743,5854
2007-06-28,3.429500102996826,3.369999885559082,3.4605000019073486,3.3510000705718994,4074
2007-06-29,3.4535000324249268,3.4240000247955322,3.4749999046325684,3.4240000247955322,1730
2007-07-02,3.5355000495910645,3.4535000324249268,3.5409998893737793,3.4535000324249268,983
2007-07-03,3.562999963760376,3.5295000076293945,3.569499969482422,3.50600004196167,983
2007-07-05,3.6085000038146973,3.5799999237060547,3.615000009536743,3.554500102996826,1397
2007-07-06,3.6110000610351562,3.6050000190734863,3.614000082015991,3.5799999237060547,497
2007-07-09,3.6484999656677246,3.619999885559082,3.683000087738037,3.619999885559082,917
2007-07-10,3.628499984741211,3.6630001068115234,3.6630001068115234,3.5999999046325684,830
2007-07-11,3.6414999961853027,3.6475000381469727,3.6559998989105225,3.627500057220459,373
2007-07-12,3.6019999980926514,3.625,3.6695001125335693,3.5915000438690186,392
2007-07-13,3.615499973297119,3.615000009536743,3.628499984741211,3.559000015258789,434
2007-07-16,3.5885000228881836,3.609999895095825,3.61299991607666,3.5799999237060547,577
2007-07-17,3.5850000381469727,3.571000099182129,3.5999999046325684,3.549999952316284,568
2007-07-18,3.609999895095825,3.5785000324249268,3.615000009536743,3.566499948501587,681
2007-07-19,3.7095000743865967,3.6559998989105225,3.7054998874664307,3.6559998989105225,600
2007-07-20,3.753999948501587,3.7014999389648438,3.7715001106262207,3.7014999389648438,679
2007-07-23,3.690000057220459,3.7869999408721924,3.7869999408721924,3.674999952316284,685
2007-07-24,3.6484999656677246,3.693000078201294,3.7235000133514404,3.630000114440918,690
2007-07-25,3.570499897003174,3.625,3.625,3.549999952316284,821
2007-07-26,3.5285000801086426,3.5850000381469727,3.5859999656677246,3.515000104904175,858
2007-07-27,3.5510001182556152,3.5415000915527344,3.565500020980835,3.51200008392334,552
2007-07-30,3.5920000076293945,3.561000108718872,3.5994999408721924,3.515000104904175,331
2007-07-31,3.6535000801086426,3.5910000801086426,3.6549999713897705,3.5910000801086426,518
2007-08-01,3.5950000286102295,3.614500045776367,3.614500045776367,3.556999921798706,410
2007-08-02,3.575000047683716,3.5940001010894775,3.625,3.572999954223633,300
2007-08-03,3.484499931335449,3.571000099182129,3.571000099182129,3.4684998989105225,220
2007-08-06,3.4784998893737793,3.4619998931884766,3.496999979019165,3.4549999237060547,222
2007-08-07,3.515500068664551,3.493000030517578,3.5199999809265137,3.493000030517578,281
2007-08-08,3.444999933242798,3.4609999656677246,3.4674999713897705,3.4200000762939453,151
2007-08-09,3.371999979019165,3.4100000858306885,3.4100000858306885,3.3450000286102295,201
2007-08-10,3.3945000171661377,3.3519999980926514,3.4200000762939453,3.309999942779541,231
2007-08-13,3.4825000762939453,3.440500020980835,3.490000009536743,3.440500020980835,271
2007-08-14,3.4119999408721924,3.4790000915527344,3.4800000190734863,3.4000000953674316,299
2007-08-15,3.374000072479248,3.377500057220459,3.380000114440918,3.3389999866485596,259
2007-08-16,3.129499912261963,3.365000009536743,3.365000009536743,3.130000114440918,215
2007-08-17,3.1565001010894775,3.17549991607666,3.2100000381469727,3.130000114440918,150
2007-08-20,3.1740000247955322,3.2130000591278076,3.2130000591278076,3.1700000762939453,106
2007-08-21,3.1624999046325684,3.188499927520752,3.188499927520752,3.140000104904175,278
2007-08-22,3.2269999980926514,3.240000009536743,3.240000009536743,3.2300000190734863,186
2007-08-23,3.2864999771118164,3.2899999618530273,3.2929999828338623,3.2894999980926514,224
2007-08-24,3.365000009536743,3.2899999618530273,3.299999952316284,3.255000114440918,250
2007-08-27,3.384000062942505,3.3935000896453857,3.4549999237060547,3.38100004196167,179
2007-08-28,3.3369998931884766,3.319999933242798,3.3499999046325684,3.317500114440918,301
2007-08-29,3.3450000286102295,3.299999952316284,3.365000009536743,3.2904999256134033,5686
2007-08-30,3.3534998893737793,3.3519999980926514,3.366499900817871,3.319999933242798,3242
2007-08-31,3.4110000133514404,3.367500066757202,3.424999952316284,3.366499900817871,3242
2007-09-04,3.322499990463257,3.369999885559082,3.380000114440918,3.2820000648498535,1424
2007-09-05,3.2790000438690186,3.311000108718872,3.3469998836517334,3.25,1150
2007-09-06,3.315500020980835,3.2699999809265137,3.3359999656677246,3.25,444
2007-09-07,3.259500026702881,3.316499948501587,3.316499948501587,3.2149999141693115,771
2007-09-10,3.2639999389648438,3.259999990463257,3.2864999771118164,3.2309999465942383,365
2007-09-11,3.3889999389648438,3.2899999618530273,3.4000000953674316,3.2899999618530273,475
2007-09-12,3.359499931335449,3.3615000247955322,3.381999969482422,3.328000068664551,496
2007-09-13,3.3949999809265137,3.3499999046325684,3.422499895095825,3.3450000286102295,486
2007-09-14,3.3910000324249268,3.4030001163482666,3.4570000171661377,3.38100004196167,291
2007-09-17,3.4175000190734863,3.430000066757202,3.432499885559082,3.4049999713897705,415
2007-09-18,3.442500114440918,3.4089999198913574,3.505000114440918,3.4084999561309814,446
2007-09-19,3.567500114440918,3.5299999713897705,3.5910000801086426,3.5299999713897705,618
2007-09-20,3.5739998817443848,3.551500082015991,3.5999999046325684,3.549999952316284,532
2007-09-21,3.572499990463257,3.558000087738037,3.631500005722046,3.558000087738037,410
2007-09-24,3.627000093460083,3.6015000343322754,3.634999990463257,3.5999999046325684,263
2007-09-25,3.6115000247955322,3.612499952316284,3.634999990463257,3.5850000381469727,506
2007-09-26,3.61299991607666,3.6389999389648438,3.6394999027252197,3.5880000591278076,842
2007-09-27,3.635999917984009,3.6500000953674316,3.6579999923706055,3.630000114440918,409
2007-09-28,3.630500078201294,3.6679999828338623,3.6730000972747803,3.621500015258789,221
2007-10-01,3.680999994277954,3.6510000228881836,3.680999994277954,3.6500000953674316,131
2007-10-02,3.700500011444092,3.6605000495910645,3.7200000286102295,3.6519999504089355,159
2007-10-03,3.749500036239624,3.7309999465942383,3.755000114440918,3.7274999618530273,528
2007-10-04,3.7149999141693115,3.740000009536743,3.740000009536743,3.688999891281128,445
2007-10-05,3.696500062942505,3.7090001106262207,3.7284998893737793,3.7009999752044678,615
2007-10-08,3.5929999351501465,3.694999933242798,3.694999933242798,3.569499969482422,203
2007-10-09,3.6010000705718994,3.6110000610351562,3.6489999294281006,3.5924999713897705,171
2007-10-10,3.6760001182556152,3.615499973297119,3.7074999809265137,3.615499973297119,171
2007-10-11,3.6489999294281006,3.6760001182556152,3.7090001106262207,3.630000114440918,205
2007-10-12,3.630500078201294,3.630000114440918,3.6654999256134033,3.625,309
2007-10-15,3.6635000705718994,3.6594998836517334,3.6700000762939453,3.6594998836517334,137
2007-10-16,3.624000072479248,3.6449999809265137,3.6449999809265137,3.5980000495910645,251
2007-10-17,3.5845000743865967,3.5759999752044678,3.5999999046325684,3.5759999752044678,141
2007-10-18,3.5334999561309814,3.5429999828338623,3.5429999828338623,3.5399999618530273,224
2007-10-19,3.547499895095825,3.549999952316284,3.549999952316284,3.5199999809265137,162
2007-10-22,3.4779999256134033,3.4590001106262207,3.487499952316284,3.4590001106262207,153
2007-10-23,3.505000114440918,3.5114998817443848,3.5114998817443848,3.5,152
2007-10-24,3.4509999752044678,3.4700000286102295,3.4700000286102295,3.443000078201294,151
2007-10-25,3.4800000190734863,3.4800000190734863,3.4800000190734863,3.4800000190734863,150
2007-10-26,3.5295000076293945,3.5334999561309814,3.5429999828338623,3.5164999961853027,214
2007-10-29,3.513000011444092,3.5299999713897705,3.5299999713897705,3.509999990463257,593
2007-10-30,3.4744999408721924,3.4609999656677246,3.4814999103546143,3.434499979019165,340
2007-10-31,3.4679999351501465,3.4679999351501465,3.503499984741211,3.4535000324249268,253
2007-11-01,3.3559999465942383,3.4509999752044678,3.452500104904175,3.3499999046325684,252
2007-11-02,3.317500114440918,3.3559999465942383,3.365499973297119,3.303499937057495,297
2007-11-05,3.2939999103546143,3.299999952316284,3.3239998817443848,3.2950000762939453,252
2007-11-06,3.3324999809265137,3.3289999961853027,3.3440001010894775,3.3289999961853027,279
2007-11-07,3.250999927520752,3.2950000762939453,3.299999952316284,3.25,194
2007-11-08,3.197000026702881,3.243000030517578,3.243000030517578,3.1875,228
2007-11-09,3.1424999237060547,3.1470000743865967,3.1484999656677246,3.125,290
2007-11-12,3.1050000190734863,3.0799999237060547,3.121500015258789,3.059000015258789,214
2007-11-13,3.1019999980926514,3.0804998874664307,3.121999979019165,3.0804998874664307,167
2007-11-14,3.301500082015991,3.1594998836517334,3.2725000381469727,3.1594998836517334,224
2007-11-15,3.0820000171661377,3.134999990463257,3.1435000896453857,3.0829999446868896,139
2007-11-16,3.1559998989105225,3.0929999351501465,3.1630001068115234,3.0899999141693115,232
2007-11-19,2.9804999828338623,3.119999885559082,3.1435000896453857,2.9809999465942383,206
2007-11-20,3.0255000591278076,2.993499994277954,3.0434999465942383,2.993499994277954,175
2007-11-21,2.88700008392334,3.009999990463257,3.009999990463257,2.882499933242798,175
2007-11-23,2.984999895095825,2.9600000381469727,2.9600000381469727,2.9600000381469727,203
2007-11-26,3.0190000534057617,3.0309998989105225,3.0309998989105225,2.9730000495910645,284
2007-11-27,2.9584999084472656,2.9600000381469727,2.9790000915527344,2.9574999809265137,625
2007-11-28,3.000999927520752,2.9739999771118164,2.9860000610351562,2.9739999771118164,6727
2007-11-29,3.063499927520752,3.005000114440918,3.112499952316284,3.005000114440918,3804
2007-11-30,3.1570000648498535,3.063499927520752,3.1640000343322754,3.062000036239624,1530
2007-12-03,3.061000108718872,3.1500000953674316,3.1500000953674316,3.0409998893737793,1856
2007-12-04,2.997999906539917,3.046999931335449,3.063499927520752,2.9709999561309814,1020
2007-12-05,3.0160000324249268,3.0339999198913574,3.055000066757202,2.9700000286102295,1398
2007-12-06,3.0185000896453857,3.0399999618530273,3.055000066757202,2.990999937057495,752
2007-12-07,3.0945000648498535,3.0364999771118164,3.121999979019165,3.0350000858306885,595
2007-12-10,3.061000108718872,3.0999999046325684,3.0999999046325684,3.049499988555908,732
2007-12-11,3.057499885559082,3.052500009536743,3.066999912261963,2.996000051498413,611
2007-12-12,3.0160000324249268,3.0,3.0339999198913574,2.950000047683716,492
2007-12-13,2.939500093460083,2.995500087738037,2.995500087738037,2.9200000762939453,500
2007-12-14,2.936500072479248,2.9570000171661377,2.9570000171661377,2.9100000858306885,441
2007-12-17,2.872999906539917,2.9509999752044678,2.9509999752044678,2.8499999046325684,537
2007-12-18,2.869999885559082,2.859999895095825,2.8984999656677246,2.859999895095825,299
2007-12-19,2.945499897003174,2.9054999351501465,2.950500011444092,2.9054999351501465,387
2007-12-20,2.9584999084472656,2.9744999408721924,3.002500057220459,2.944999933242798,539
2007-12-21,3.0934998989105225,3.064500093460083,3.0999999046325684,3.064500093460083,446
2007-12-24,3.1470000743865967,3.183500051498413,3.194999933242798,3.1424999237060547,341
2007-12-26,3.1549999713897705,3.184000015258789,3.190999984741211,3.1545000076293945,419
2007-12-27,3.1050000190734863,3.1670000553131104,3.1670000553131104,3.1050000190734863,349
2007-12-28,3.057499885559082,3.1019999980926514,3.1019999980926514,3.059999942779541,299
2007-12-31,3.0304999351501465,3.049999952316284,3.049999952316284,3.0185000896453857,230
2008-01-02,3.05049991607666,3.05049991607666,3.066999912261963,3.0390000343322754,279
2008-01-03,3.1730000972747803,3.05049991607666,3.1649999618530273,3.05049991607666,250
2008-01-04,3.1414999961853027,3.191999912261963,3.2139999866485596,3.112499952316284,205
2008-01-07,3.125,3.1470000743865967,3.1500000953674316,3.119999885559082,202
2008-01-08,3.2734999656677246,3.140000104904175,3.2939999103546143,3.140000104904175,261
2008-01-09,3.2644999027252197,3.3310000896453857,3.3310000896453857,3.257999897003174,198
2008-01-10,3.260999917984009,3.2049999237060547,3.2614998817443848,3.2035000324249268,180
2008-01-11,3.2834999561309814,3.2634999752044678,3.2780001163482666,3.240000009536743,316
2008-01-14,3.316999912261963,3.3289999961853027,3.3304998874664307,3.296999931335449,235
2008-01-15,3.2200000286102295,3.25600004196167,3.2685000896453857,3.180000066757202,266
2008-01-16,3.1614999771118164,3.184499979019165,3.184499979019165,3.1619999408721924,209
2008-01-17,3.1705000400543213,3.190500020980835,3.2274999618530273,3.1389999389648438,178
2008-01-18,3.2244999408721924,3.140000104904175,3.200000047683716,3.140000104904175,166
2008-01-22,3.188999891281128,3.242500066757202,3.242500066757202,3.071500062942505,212
2008-01-23,3.063499927520752,3.0869998931884766,3.140000104904175,3.056999921798706,350
2008-01-24,3.1649999618530273,3.180000066757202,3.180000066757202,3.1649999618530273,320
2008-01-25,3.1760001182556152,3.2100000381469727,3.2100000381469727,3.1640000343322754,257
2008-01-28,3.181999921798706,3.122999906539917,3.182499885559082,3.122999906539917,203
2008-01-29,3.2890000343322754,3.256500005722046,3.2899999618530273,3.256500005722046,337
2008-01-30,3.2160000801086426,3.2799999713897705,3.2799999713897705,3.2139999866485596,300
2008-01-31,3.2894999980926514,3.2170000076293945,3.302000045776367,3.2170000076293945,215
2008-02-01,3.260499954223633,3.3239998817443848,3.32450008392334,3.244999885559082,296
2008-02-04,3.2880001068115234,3.2780001163482666,3.2955000400543213,3.2634999752044678,165
2008-02-05,3.2035000324249268,3.247499942779541,3.247499942779541,3.180000066757202,368
2008-02-06,3.307499885559082,3.190000057220459,3.3125,3.190000057220459,252
2008-02-07,3.447999954223633,3.3499999046325684,3.443000078201294,3.2899999618530273,209
2008-02-08,3.5344998836517334,3.490499973297119,3.552000045776367,3.4760000705718994,272
2008-02-11,3.553499937057495,3.5899999141693115,3.5899999141693115,3.5415000915527344,298
2008-02-12,3.555000066757202,3.565999984741211,3.572000026702881,3.5360000133514404,170
2008-02-13,3.5255000591278076,3.5425000190734863,3.5425000190734863,3.489000082015991,208
2008-02-14,3.48799991607666,3.512500047683716,3.5230000019073486,3.4755001068115234,173
2008-02-15,3.5209999084472656,3.557499885559082,3.557499885559082,3.505500078201294,173
2008-02-19,3.7249999046325684,3.621000051498413,3.7290000915527344,3.615000009536743,202
2008-02-20,3.7054998874664307,3.682499885559082,3.7049999237060547,3.682499885559082,234
2008-02-21,3.810499906539917,3.7320001125335693,3.8125,3.7320001125335693,146
2008-02-22,3.7869999408721924,3.7844998836517334,3.7869999408721924,3.7844998836517334,180
2008-02-25,3.741499900817871,3.74399995803833,3.759999990463257,3.694999933242798,204
2008-02-26,3.7809998989105225,3.7304999828338623,3.799999952316284,3.7149999141693115,179
2008-02-27,3.8399999141693115,3.7980000972747803,3.861999988555908,3.7950000762939453,5321
2008-02-28,3.8635001182556152,3.8399999141693115,3.8965001106262207,3.812999963760376,4873
2008-02-29,3.8519999980926514,3.8610000610351562,3.880000114440918,3.7960000038146973,1865
2008-03-03,3.930999994277954,3.8399999141693115,3.9700000286102295,3.8399999141693115,1407
2008-03-04,3.8269999027252197,3.943000078201294,3.943000078201294,3.809000015258789,787
2008-03-05,3.989500045776367,3.825000047683716,3.9865000247955322,3.7980000972747803,623
2008-03-06,3.9144999980926514,3.99399995803833,4.015500068664551,3.862499952316284,515
2008-03-07,3.931999921798706,3.9544999599456787,3.9560000896453857,3.878000020980835,685
2008-03-10,3.808500051498413,3.8965001106262207,3.8980000019073486,3.7799999713897705,457
2008-03-11,3.7990000247955322,3.7899999618530273,3.8935000896453857,3.7804999351501465,465
2008-03-12,3.8515000343322754,3.796999931335449,3.8519999980926514,3.7750000953674316,462
2008-03-13,3.8399999141693115,3.825000047683716,3.86899995803833,3.816499948501587,431
2008-03-14,3.8469998836517334,3.819999933242798,3.9100000858306885,3.815000057220459,437
2008-03-17,3.7119998931884766,3.890000104904175,3.890000104904175,3.688999891281128,639
2008-03-18,3.7704999446868896,3.75,3.7790000438690186,3.6989998817443848,557
2008-03-19,3.6594998836517334,3.7764999866485596,3.7764999866485596,3.6500000953674316,426
2008-03-20,3.6110000610351562,3.634000062942505,3.634000062942505,3.496500015258789,500
2008-03-24,3.6549999713897705,3.612499952316284,3.684000015258789,3.5789999961853027,284
2008-03-25,3.69950008392334,3.680000066757202,3.7244999408721924,3.680000066757202,492
2008-03-26,3.750999927520752,3.7200000286102295,3.7699999809265137,3.7200000286102295,576
2008-03-27,3.9035000801086426,3.755000114440918,3.9200000762939453,3.755000114440918,555
2008-03-28,3.8559999465942383,3.884500026702881,3.934000015258789,3.825500011444092,287
2008-03-31,3.8635001182556152,3.8345000743865967,3.8884999752044678,3.8304998874664307,414
2008-04-01,3.8259999752044678,3.8345000743865967,3.8415000438690186,3.753999948501587,291
2008-04-02,3.8884999752044678,3.805000066757202,3.8975000381469727,3.7950000762939453,328
2008-04-03,3.9240000247955322,3.867000102996826,3.940000057220459,3.867000102996826,212
2008-04-04,3.9784998893737793,3.8965001106262207,3.9784998893737793,3.8965001106262207,172
2008-04-07,3.994499921798706,4.0,4.002500057220459,3.9600000381469727,163
2008-04-08,3.9089999198913574,4.0,3.93149995803833,3.883500099182129,341
2008-04-09,4.0279998779296875,3.8949999809265137,4.027500152587891,3.8949999809265137,191
2008-04-10,3.9539999961853027,3.990000009536743,4.010000228881836,3.940000057220459,226
2008-04-11,3.9744999408721924,3.990000009536743,3.999000072479248,3.9549999237060547,160
2008-04-14,3.926500082015991,3.9000000953674316,3.924999952316284,3.8864998817443848,153
2008-04-15,3.8910000324249268,3.9000000953674316,3.934999942779541,3.869999885559082,266
2008-04-16,3.98799991607666,3.947499990463257,4.020500183105469,3.947499990463257,131
2008-04-17,3.941999912261963,3.947499990463257,4.03249979019165,3.937999963760376,168
2008-04-18,3.9195001125335693,3.939500093460083,3.939500093460083,3.8580000400543213,131
2008-04-21,3.8980000019073486,3.9230000972747803,3.924999952316284,3.8924999237060547,200
2008-04-22,4.005499839782715,3.950000047683716,4.010000228881836,3.950000047683716,206
2008-04-23,3.947000026702881,3.9769999980926514,3.9769999980926514,3.933000087738037,181
2008-04-24,3.8949999809265137,3.9600000381469727,3.9600000381469727,3.8924999237060547,149
2008-04-25,3.9595000743865967,3.880000114440918,3.9619998931884766,3.865000009536743,167
2008-04-28,3.9839999675750732,3.9790000915527344,3.987499952316284,3.9590001106262207,7249
2008-04-29,3.8994998931884766,3.9260001182556152,3.934000015258789,3.859999895095825,4577
2008-04-30,3.934000015258789,3.9059998989105225,3.9549999237060547,3.871000051498413,2086
2008-05-01,3.7255001068115234,3.933000087738037,3.9590001106262207,3.7109999656677246,1871
2008-05-02,3.8580000400543213,3.759999990463257,3.88700008392334,3.740000009536743,610
2008-05-05,3.9784998893737793,3.875499963760376,4.272500038146973,3.8575000762939453,1106
2008-05-06,3.9124999046325684,3.934000015258789,3.9584999084472656,3.865999937057495,647
2008-05-07,3.86299991607666,3.9035000801086426,3.9035000801086426,3.8519999980926514,295
2008-05-08,3.820499897003174,3.859499931335449,3.859499931335449,3.7899999618530273,422
2008-05-09,3.753499984741211,3.818000078201294,3.818000078201294,3.7149999141693115,689
2008-05-12,3.7839999198913574,3.75,3.7929999828338623,3.7200000286102295,684
2008-05-13,3.765000104904175,3.7739999294281006,3.7980000972747803,3.759999990463257,652
2008-05-14,3.7070000171661377,3.744999885559082,3.745500087738037,3.7035000324249268,397
2008-05-15,3.760999917984009,3.7074999809265137,3.7850000858306885,3.7074999809265137,508
2008-05-16,3.8464999198913574,3.763000011444092,3.872999906539917,3.763000011444092,606
2008-05-19,3.7955000400543213,3.81850004196167,3.8464999198913574,3.7785000801086426,298
2008-05-20,3.7904999256134033,3.7955000400543213,3.805000066757202,3.759999990463257,620
2008-05-21,3.753499984741211,3.765000104904175,3.7709999084472656,3.734499931335449,642
2008-05-22,3.7225000858306885,3.7669999599456787,3.7750000953674316,3.67549991607666,518
2008-05-23,3.755000114440918,3.7149999141693115,3.7644999027252197,3.691999912261963,518
2008-05-27,3.740999937057495,3.7279999256134033,3.752000093460083,3.7100000381469727,483
2008-05-28,3.7284998893737793,3.7300000190734863,3.734999895095825,3.6649999618530273,1015
2008-05-29,3.569000005722046,3.6600000858306885,3.6600000858306885,3.572499990463257,862
2008-05-30,3.628000020980835,3.5815000534057617,3.630000114440918,3.5789999961853027,447
2008-06-02,3.6089999675750732,3.565000057220459,3.615999937057495,3.565000057220459,196
2008-06-03,3.5859999656677246,3.6010000705718994,3.6040000915527344,3.571500062942505,327
2008-06-04,3.552999973297119,3.5759999752044678,3.5820000171661377,3.549999952316284,234
2008-06-05,3.552999973297119,3.549999952316284,3.5845000743865967,3.5315001010894775,408
2008-06-06,3.624000072479248,3.634500026702881,3.6675000190734863,3.621999979019165,202
2008-06-09,3.6115000247955322,3.615000009536743,3.615999937057495,3.6029999256134033,436
2008-06-10,3.556999921798706,3.5785000324249268,3.5899999141693115,3.549999952316284,370
2008-06-11,3.575500011444092,3.563499927520752,3.5840001106262207,3.563499927520752,285
2008-06-12,3.5325000286102295,3.5344998836517334,3.5445001125335693,3.509999990463257,228
2008-06-13,3.5940001010894775,3.549999952316284,3.61899995803833,3.5374999046325684,267
2008-06-16,3.679500102996826,3.6034998893737793,3.7149999141693115,3.6034998893737793,198
2008-06-17,3.6584999561309814,3.6454999446868896,3.677500009536743,3.6454999446868896,138
2008-06-18,3.745500087738037,3.681999921798706,3.751499891281128,3.681999921798706,294
2008-06-19,3.7774999141693115,3.7325000762939453,3.8125,3.7325000762939453,272
2008-06-20,3.8320000171661377,3.8375000953674316,3.8380000591278076,3.822000026702881,175
2008-06-23,3.813999891281128,3.7890000343322754,3.812999963760376,3.7890000343322754,248
2008-06-24,3.7934999465942383,3.7799999713897705,3.7874999046325684,3.7679998874664307,275
2008-06-25,3.7855000495910645,3.822999954223633,3.822999954223633,3.765000104904175,345
2008-06-26,3.823499917984009,3.809999942779541,3.8610000610351562,3.809999942779541,6178
2008-06-27,3.884000062942505,3.817500114440918,3.890000104904175,3.809999942779541,4940
2008-06-30,3.8954999446868896,3.875999927520752,3.9189999103546143,3.8445000648498535,2095
2008-07-01,3.922499895095825,3.882499933242798,3.933500051498413,3.882499933242798,879
2008-07-02,4.077499866485596,3.934499979019165,4.082499980926514,3.8919999599456787,1201
2008-07-03,3.9630000591278076,4.03000020980835,4.048999786376953,3.943000078201294,1201
2008-07-07,3.865000009536743,3.871500015258789,3.883500099182129,3.819000005722046,631
2008-07-08,3.7125000953674316,3.862499952316284,3.862499952316284,3.700000047683716,840
2008-07-09,3.755000114440918,3.747999906539917,3.7639999389648438,3.6600000858306885,417
2008-07-10,3.7335000038146973,3.7049999237060547,3.804500102996826,3.700000047683716,403
2008-07-11,3.755500078201294,3.7774999141693115,3.7869999408721924,3.740000009536743,359
2008-07-14,3.7695000171661377,3.7709999084472656,3.7899999618530273,3.759999990463257,242
2008-07-15,3.7219998836517334,3.759999990463257,3.7679998874664307,3.690000057220459,557
2008-07-16,3.677000045776367,3.7135000228881836,3.7135000228881836,3.6600000858306885,491
2008-07-17,3.734999895095825,3.7014999389648438,3.750499963760376,3.686500072479248,300
2008-07-18,3.686500072479248,3.690000057220459,3.703000068664551,3.6700000762939453,494
2008-07-21,3.7100000381469727,3.700000047683716,3.7200000286102295,3.700000047683716,377
2008-07-22,3.7355000972747803,3.759999990463257,3.759999990463257,3.7039999961853027,410
2008-07-23,3.7165000438690186,3.7060000896453857,3.7295000553131104,3.681999921798706,532
2008-07-24,3.677000045776367,3.690000057220459,3.690999984741211,3.6519999504089355,384
2008-07-25,3.7039999961853027,3.691499948501587,3.7100000381469727,3.6700000762939453,283
2008-07-28,3.7095000743865967,3.700000047683716,3.7160000801086426,3.690000057220459,215
2008-07-29,3.683500051498413,3.6649999618530273,3.682499885559082,3.6514999866485596,312
2008-07-30,3.679500102996826,3.635499954223633,3.7899999618530273,3.5894999504089355,479
2008-07-31,3.7165000438690186,3.687999963760376,3.7249999046325684,3.687999963760376,305
2008-08-01,3.628499984741211,3.619999885559082,3.6619999408721924,3.5899999141693115,275
2008-08-04,3.487499952316284,3.609999895095825,3.609999895095825,3.4825000762939453,206
2008-08-05,3.4570000171661377,3.4700000286102295,3.491499900817871,3.430999994277954,220
2008-08-06,3.4630000591278076,3.4769999980926514,3.509500026702881,3.4630000591278076,186
2008-08-07,3.4579999446868896,3.496500015258789,3.515000104904175,3.452500104904175,168
2008-08-08,3.4005000591278076,3.4579999446868896,3.4579999446868896,3.367000102996826,157
2008-08-11,3.3589999675750732,3.359999895095825,3.4005000591278076,3.359999895095825,170
2008-08-12,3.234999895095825,3.328000068664551,3.3480000495910645,3.236999988555908,279
2008-08-13,3.367000102996826,3.302000045776367,3.379499912261963,3.2894999980926514,223
2008-08-14,3.322999954223633,3.4000000953674316,3.426500082015991,3.325000047683716,180
2008-08-15,3.3424999713897705,3.2950000762939453,3.361999988555908,3.2950000762939453,149
2008-08-18,3.3550000190734863,3.369499921798706,3.371500015258789,3.3359999656677246,137
2008-08-19,3.447499990463257,3.3580000400543213,3.4519999027252197,3.3499999046325684,165
2008-08-20,3.4100000858306885,3.4719998836517334,3.5234999656677246,3.4100000858306885,171
2008-08-21,3.561000108718872,3.5114998817443848,3.5799999237060547,3.509999990463257,140
2008-08-22,3.508500099182129,3.51200008392334,3.5160000324249268,3.4860000610351562,147
2008-08-25,3.5190000534057617,3.5399999618530273,3.5409998893737793,3.5250000953674316,125
2008-08-26,3.4784998893737793,3.4825000762939453,3.502500057220459,3.438999891281128,115
2008-08-27,3.507499933242798,3.5239999294281006,3.5399999618530273,3.509999990463257,11010
2008-08-28,3.427000045776367,3.4709999561309814,3.494999885559082,3.4100000858306885,6556
2008-08-29,3.429500102996826,3.43149995803833,3.435499906539917,3.378499984741211,2074
2008-09-02,3.322499990463257,3.4184999465942383,3.421999931335449,3.2100000381469727,1682
2008-09-03,3.3540000915527344,3.3499999046325684,3.372999906539917,3.30649995803833,648
2008-09-04,3.296999931335449,3.3545000553131104,3.3924999237060547,3.2885000705718994,705
2008-09-05,3.123500108718872,3.2690000534057617,3.2769999504089355,3.1089999675750732,867
2008-09-08,3.1089999675750732,3.184000015258789,3.185499906539917,3.1085000038146973,1105
2008-09-09,3.0950000286102295,3.130000114440918,3.130000114440918,3.059999942779541,541
2008-09-10,3.123500108718872,3.0950000286102295,3.1419999599456787,3.072000026702881,368
2008-09-11,3.134500026702881,3.109999895095825,3.1389999389648438,3.0799999237060547,346
2008-09-12,3.2090001106262207,3.194999933242798,3.2385001182556152,3.186000108718872,366
2008-09-15,3.184000015258789,3.2214999198913574,3.2214999198913574,3.078000068664551,465
2008-09-16,3.11299991607666,3.0969998836517334,3.1559998989105225,3.0899999141693115,491
2008-09-17,3.071000099182129,3.115999937057495,3.119999885559082,3.069999933242798,533
2008-09-18,3.0954999923706055,3.125,3.1875,3.049999952316284,406
2008-09-19,3.184999942779541,3.0855000019073486,3.2200000286102295,3.0855000019073486,519
2008-09-22,3.2660000324249268,3.247999906539917,3.299999952316284,3.247999906539917,367
2008-09-23,3.1670000553131104,3.25600004196167,3.25600004196167,3.1475000381469727,471
2008-09-24,3.121500015258789,3.1600000858306885,3.176500082015991,3.1089999675750732,404
2008-09-25,3.1454999446868896,3.0950000286102295,3.1424999237060547,3.0950000286102295,383
2008-09-26,3.0794999599456787,3.0899999141693115,3.0899999141693115,3.069999933242798,427
2008-09-29,2.9175000190734863,3.0739998817443848,3.0739998817443848,2.873500108718872,503
2008-09-30,2.888000011444092,2.8989999294281006,2.9175000190734863,2.8585000038146973,581
2008-10-01,2.796999931335449,2.8965001106262207,2.938499927520752,2.757999897003174,309
2008-10-02,2.6524999141693115,2.7934999465942383,2.815999984741211,2.630000114440918,349
2008-10-03,2.7049999237060547,2.6600000858306885,2.759999990463257,2.6500000953674316,298
2008-10-06,2.503999948501587,2.6500000953674316,2.6500000953674316,2.4830000400543213,320
2008-10-07,2.5445001125335693,2.5174999237060547,2.5850000381469727,2.5174999237060547,279
2008-10-08,2.366499900817871,2.4700000286102295,2.4700000286102295,2.3559999465942383,278
2008-10-09,2.4240000247955322,2.4549999237060547,2.4549999237060547,2.309999942779541,194
2008-10-10,2.1565001010894775,2.2274999618530273,2.2304999828338623,2.122499942779541,258
2008-10-13,2.328000068664551,2.265000104904175,2.3399999141693115,2.249500036239624,160
2008-10-14,2.4094998836517334,2.5179998874664307,2.5190000534057617,2.378499984741211,223
2008-10-15,2.2235000133514404,2.2614998817443848,2.2614998817443848,2.2300000190734863,191
2008-10-16,2.0989999771118164,2.128000020980835,2.2279999256134033,2.0994999408721924,171
2008-10-17,2.180999994277954,2.1419999599456787,2.190000057220459,2.068000078201294,173
2008-10-20,2.11899995803833,2.2100000381469727,2.2100000381469727,2.122499942779541,205
2008-10-21,2.006999969482422,2.0199999809265137,2.0399999618530273,2.015000104904175,146
2008-10-22,1.8509999513626099,1.9119999408721924,1.9119999408721924,1.8574999570846558,178
2008-10-23,1.7955000400543213,1.7725000381469727,1.8205000162124634,1.7695000171661377,160
2008-10-24,1.6749999523162842,1.7000000476837158,1.7000000476837158,1.7000000476837158,185
2008-10-27,1.7860000133514404,1.6950000524520874,1.6950000524520874,1.6950000524520874,167
2008-10-28,1.8415000438690186,1.8899999856948853,1.8899999856948853,1.8899999856948853,216
2008-10-29,2.071500062942505,1.9500000476837158,1.996000051498413,1.9500000476837158,218
2008-10-30,1.8884999752044678,2.0385000705718994,2.0385000705718994,1.8734999895095825,584
2008-10-31,1.843999981880188,1.812000036239624,1.902999997138977,1.7944999933242798,257
2008-11-03,1.837499976158142,1.877500057220459,1.877500057220459,1.8049999475479126,409
2008-11-04,1.9509999752044678,1.8194999694824219,1.9800000190734863,1.8044999837875366,251
2008-11-05,1.8140000104904175,1.9249999523162842,1.9249999523162842,1.8020000457763672,193
2008-11-06,1.722499966621399,1.7999999523162842,1.7999999523162842,1.7330000400543213,222
2008-11-07,1.6924999952316284,1.7094999551773071,1.7515000104904175,1.7074999809265137,242
2008-11-10,1.746500015258789,1.8630000352859497,1.8630000352859497,1.7599999904632568,191
2008-11-11,1.6425000429153442,1.6920000314712524,1.6929999589920044,1.6549999713897705,258
2008-11-12,1.6495000123977661,1.6334999799728394,1.6395000219345093,1.600000023841858,215
2008-11-13,1.6150000095367432,1.6449999809265137,1.7029999494552612,1.622499942779541,226
2008-11-14,1.7015000581741333,1.718500018119812,1.718500018119812,1.7000000476837158,207
2008-11-17,1.6495000123977661,1.63100004196167,1.6540000438690186,1.63100004196167,418
2008-11-18,1.6549999713897705,1.600000023841858,1.6664999723434448,1.600000023841858,258
2008-11-19,1.594499945640564,1.625,1.625,1.593999981880188,467
2008-11-20,1.56850004196167,1.5499999523162842,1.5714999437332153,1.5499999523162842,279
2008-11-21,1.5709999799728394,1.5980000495910645,1.618499994277954,1.5709999799728394,416
2008-11-24,1.6660000085830688,1.6749999523162842,1.7109999656677246,1.6749999523162842,326
2008-11-25,1.6460000276565552,1.6460000276565552,1.6649999618530273,1.6460000276565552,12116
2008-11-26,1.6679999828338623,1.656499981880188,1.7280000448226929,1.6354999542236328,12116
2008-11-28,1.6234999895095825,1.687999963760376,1.6890000104904175,1.597000002861023,1346
2008-12-01,1.6035000085830688,1.6449999809265137,1.6549999713897705,1.5750000476837158,1168
2008-12-02,1.5785000324249268,1.5894999504089355,1.6024999618530273,1.558500051498413,705
2008-12-03,1.5334999561309814,1.559999942779541,1.5670000314712524,1.503000020980835,801
2008-12-04,1.4520000219345093,1.5334999561309814,1.534999966621399,1.434000015258789,560
2008-12-05,1.3550000190734863,1.4199999570846558,1.4199999570846558,1.350000023841858,401
2008-12-08,1.4780000448226929,1.3904999494552612,1.5054999589920044,1.3904999494552612,302
2008-12-09,1.4214999675750732,1.4084999561309814,1.444000005722046,1.406000018119812,335
2008-12-10,1.468999981880188,1.444000005722046,1.4815000295639038,1.434499979019165,355
2008-12-11,1.4865000247955322,1.4600000381469727,1.5,1.4539999961853027,274
2008-12-12,1.406000018119812,1.399999976158142,1.4450000524520874,1.3550000190734863,278
2008-12-15,1.3849999904632568,1.4544999599456787,1.4609999656677246,1.372499942779541,285
2008-12-16,1.3545000553131104,1.377500057220459,1.4199999570846558,1.3545000553131104,325
2008-12-17,1.347000002861023,1.4110000133514404,1.4110000133514404,1.3240000009536743,348
2008-12-18,1.2695000171661377,1.2910000085830688,1.2970000505447388,1.2599999904632568,337
2008-12-19,1.3049999475479126,1.2699999809265137,1.305999994277954,1.2699999809265137,298
2008-12-22,1.3170000314712524,1.3344999551773071,1.3350000381469727,1.3170000314712524,425
2008-12-23,1.253000020980835,1.309999942779541,1.309999942779541,1.25,460
2008-12-24,1.247499942779541,1.247499942779541,1.247499942779541,1.247499942779541,251
2008-12-26,1.2745000123977661,1.2649999856948853,1.2925000190734863,1.2649999856948853,263
2008-12-29,1.2970000505447388,1.2899999618530273,1.3025000095367432,1.281499981880188,299
2008-12-30,1.3070000410079956,1.274999976158142,1.308500051498413,1.274999976158142,434
2008-12-31,1.3949999809265137,1.3300000429153442,1.3960000276565552,1.3250000476837158,622
2009-01-02,1.444000005722046,1.3420000076293945,1.4420000314712524,1.4420000314712524,258
2009-01-05,1.4420000314712524,1.4214999675750732,1.4459999799728394,1.4144999980926514,251
2009-01-06,1.565999984741211,1.4835000038146973,1.5644999742507935,1.4835000038146973,136
2009-01-07,1.4945000410079956,1.5420000553131104,1.5449999570846558,1.4869999885559082,226
2009-01-08,1.4630000591278076,1.4800000190734863,1.4945000410079956,1.440000057220459,231
2009-01-09,1.5455000400543213,1.4600000381469727,1.5449999570846558,1.4600000381469727,197
2009-01-12,1.475000023841858,1.565000057220459,1.565000057220459,1.4529999494552612,237
2009-01-13,1.5325000286102295,1.4149999618530273,1.5299999713897705,1.4149999618530273,199
2009-01-14,1.4730000495910645,1.4670000076293945,1.4670000076293945,1.440000057220459,207
2009-01-15,1.4385000467300415,1.465000033378601,1.4769999980926514,1.433500051498413,136
2009-01-16,1.5134999752044678,1.5134999752044678,1.5399999618530273,1.5084999799728394,219
2009-01-20,1.4900000095367432,1.5199999809265137,1.5225000381469727,1.462499976158142,298
2009-01-21,1.4190000295639038,1.4550000429153442,1.4574999809265137,1.4240000247955322,372
2009-01-22,1.38100004196167,1.4270000457763672,1.4270000457763672,1.3760000467300415,257
2009-01-23,1.4574999809265137,1.3860000371932983,1.4615000486373901,1.3860000371932983,335
2009-01-26,1.5720000267028809,1.4915000200271606,1.6109999418258667,1.4915000200271606,229
2009-01-27,1.4700000286102295,1.5245000123977661,1.5245000123977661,1.4500000476837158,275
2009-01-28,1.4804999828338623,1.5295000076293945,1.5295000076293945,1.475000023841858,951
2009-01-29,1.4500000476837158,1.4299999475479126,1.4574999809265137,1.4240000247955322,685
2009-01-30,1.4620000123977661,1.4249999523162842,1.437000036239624,1.409500002861023,234
2009-02-02,1.4234999418258667,1.399999976158142,1.4390000104904175,1.399999976158142,145
2009-02-03,1.5149999856948853,1.444000005722046,1.5180000066757202,1.444000005722046,260
2009-02-04,1.5240000486373901,1.5214999914169312,1.5470000505447388,1.5199999809265137,268
2009-02-05,1.49399995803833,1.534999966621399,1.534999966621399,1.4789999723434448,259
2009-02-06,1.622499942779541,1.5800000429153442,1.622499942779541,1.5720000267028809,188
2009-02-09,1.6065000295639038,1.6425000429153442,1.6425000429153442,1.5989999771118164,240
2009-02-10,1.5700000524520874,1.5705000162124634,1.6165000200271606,1.5544999837875366,231
2009-02-11,1.534000039100647,1.5700000524520874,1.5700000524520874,1.5210000276565552,275
2009-02-12,1.5295000076293945,1.531999945640564,1.5509999990463257,1.5,169
2009-02-13,1.534999966621399,1.5555000305175781,1.5625,1.5299999713897705,121
2009-02-17,1.4205000400543213,1.5015000104904175,1.5015000104904175,1.412500023841858,269
2009-02-18,1.433500051498413,1.4270000457763672,1.437000036239624,1.4140000343322754,218
2009-02-19,1.468000054359436,1.4850000143051147,1.4850000143051147,1.4609999656677246,442
2009-02-20,1.4140000343322754,1.409999966621399,1.4299999475479126,1.399999976158142,234
2009-02-23,1.434499979019165,1.4700000286102295,1.4700000286102295,1.4700000286102295,140
2009-02-24,1.4839999675750732,1.4240000247955322,1.4845000505447388,1.4234999418258667,150
2009-02-25,1.5219999551773071,1.5219999551773071,1.527999997138977,1.5219999551773071,9073
2009-02-26,1.565000057220459,1.5230000019073486,1.590999960899353,1.5204999446868896,4051
2009-02-27,1.5260000228881836,1.5479999780654907,1.559999942779541,1.465999960899353,1533
2009-03-02,1.5075000524520874,1.5,1.5369999408721924,1.4950000047683716,1149
2009-03-03,1.5959999561309814,1.534999966621399,1.6124999523162842,1.531999945640564,496
2009-03-04,1.6855000257492065,1.5985000133514404,1.719499945640564,1.5870000123977661,1541
2009-03-05,1.6460000276565552,1.7074999809265137,1.7074999809265137,1.6299999952316284,388
2009-03-06,1.6805000305175781,1.6404999494552612,1.7055000066757202,1.6404999494552612,396
2009-03-09,1.6295000314712524,1.6829999685287476,1.684000015258789,1.6165000200271606,574
2009-03-10,1.6744999885559082,1.6390000581741333,1.6924999952316284,1.6325000524520874,428
2009-03-11,1.6160000562667847,1.6699999570846558,1.6729999780654907,1.6095000505447388,557
2009-03-12,1.6174999475479126,1.6100000143051147,1.6829999685287476,1.5859999656677246,299
2009-03-13,1.6584999561309814,1.6464999914169312,1.6805000305175781,1.6464999914169312,203
2009-03-16,1.7395000457763672,1.68149995803833,1.7424999475479126,1.68149995803833,314
2009-03-17,1.7174999713897705,1.75,1.75,1.7144999504089355,221
2009-03-18,1.7089999914169312,1.7139999866485596,1.7400000095367432,1.694000005722046,219
2009-03-19,1.7979999780654907,1.75,1.8200000524520874,1.75,294
2009-03-20,1.787500023841858,1.7825000286102295,1.8205000162124634,1.7825000286102295,285
2009-03-23,1.8320000171661377,1.840499997138977,1.8480000495910645,1.8140000104904175,358
2009-03-24,1.7984999418258667,1.8125,1.8125,1.774999976158142,444
2009-03-25,1.7970000505447388,1.7999999523162842,1.809999942779541,1.7829999923706055,237
2009-03-26,1.8494999408721924,1.8489999771118164,1.8645000457763672,1.8489999771118164,734
2009-03-27,1.8335000276565552,1.8634999990463257,1.8634999990463257,1.7994999885559082,390
2009-03-30,1.7610000371932983,1.8335000276565552,1.8335000276565552,1.7554999589920044,390
2009-03-31,1.8389999866485596,1.8209999799728394,1.847499966621399,1.809499979019165,394
2009-04-01,1.8454999923706055,1.8309999704360962,1.8489999771118164,1.7979999780654907,347
2009-04-02,1.8880000114440918,1.871000051498413,1.9005000591278076,1.850000023841858,117
2009-04-03,1.999500036239624,1.8830000162124634,2.008500099182129,1.8700000047683716,233
2009-04-06,1.9585000276565552,1.9795000553131104,2.0280001163482666,1.9385000467300415,189
2009-04-07,1.9910000562667847,2.009999990463257,2.009999990463257,1.9735000133514404,145
2009-04-08,1.9980000257492065,1.9744999408721924,2.0,1.9600000381469727,120
2009-04-09,2.070499897003174,2.004499912261963,2.072000026702881,2.004499912261963,110
2009-04-13,2.125499963760376,2.126499891281128,2.1519999504089355,2.117500066757202,276
2009-04-14,2.115000009536743,2.122499942779541,2.13700008392334,2.0850000381469727,221
2009-04-15,2.2035000324249268,2.1500000953674316,2.2100000381469727,2.1500000953674316,372
2009-04-16,2.183500051498413,2.200000047683716,2.200000047683716,2.200000047683716,281
2009-04-17,2.2114999294281006,2.183000087738037,2.2139999866485596,2.177500009536743,212
2009-04-20,2.128499984741211,2.1514999866485596,2.1514999866485596,2.109999895095825,232
2009-04-21,2.1110000610351562,2.0399999618530273,2.1110000610351562,2.0399999618530273,171
2009-04-22,2.07450008392334,2.063499927520752,2.0785000324249268,2.055000066757202,135
2009-04-23,2.013000011444092,2.046999931335449,2.0975000858306885,1.9950000047683716,162
2009-04-24,2.071000099182129,2.052500009536743,2.071000099182129,2.052500009536743,195
2009-04-27,2.003999948501587,2.0450000762939453,2.0450000762939453,1.975000023841858,138
2009-04-28,1.9140000343322754,1.934999942779541,1.9355000257492065,1.9119999408721924,6783
2009-04-29,2.009999990463257,1.9160000085830688,2.0299999713897705,1.9144999980926514,6710
2009-04-30,2.052999973297119,2.0199999809265137,2.075000047683716,2.000999927520752,1612
2009-05-01,2.1015000343322754,2.075000047683716,2.118000030517578,2.0439999103546143,656
2009-05-04,2.1449999809265137,2.1440000534057617,2.1684999465942383,2.121999979019165,1265
2009-05-05,2.0845000743865967,2.1549999713897705,2.1549999713897705,2.069999933242798,465
2009-05-06,2.188499927520752,2.0739998817443848,2.2019999027252197,2.065999984741211,365
2009-05-07,2.1654999256134033,2.17549991607666,2.2170000076293945,2.127500057220459,352
2009-05-08,2.1470000743865967,2.1584999561309814,2.2049999237060547,2.130000114440918,432
2009-05-11,2.0934998989105225,2.1454999446868896,2.1454999446868896,2.0625,445
2009-05-12,2.0899999141693115,2.1050000190734863,2.1549999713897705,2.069999933242798,302
2009-05-13,2.0369999408721924,2.117000102996826,2.117000102996826,2.0209999084472656,526
2009-05-14,2.0350000858306885,2.0325000286102295,2.0439999103546143,1.9850000143051147,351
2009-05-15,2.0280001163482666,2.0380001068115234,2.049999952316284,1.9850000143051147,627
2009-05-18,2.075500011444092,1.9950000047683716,2.0764999389648438,1.9950000047683716,708
2009-05-19,2.069499969482422,2.109999895095825,2.114000082015991,2.068000078201294,799
2009-05-20,2.1085000038146973,2.0855000019073486,2.138000011444092,2.067500114440918,297
2009-05-21,2.053999900817871,2.0799999237060547,2.0799999237060547,2.0185000896453857,296
2009-05-22,2.1024999618530273,2.109999895095825,2.109999895095825,2.0945000648498535,302
2009-05-26,2.1475000381469727,2.1050000190734863,2.1510000228881836,2.059999942779541,456
2009-05-27,2.116499900817871,2.1410000324249268,2.1570000648498535,2.119999885559082,564
2009-05-28,2.135499954223633,2.1110000610351562,2.1535000801086426,2.1050000190734863,819
2009-05-29,2.197499990463257,2.1605000495910645,2.2009999752044678,2.1605000495910645,387
2009-06-01,2.319000005722046,2.187000036239624,2.321000099182129,2.187000036239624,435
2009-06-02,2.2964999675750732,2.3475000858306885,2.3475000858306885,2.2899999618530273,334
2009-06-03,2.2114999294281006,2.2799999713897705,2.2799999713897705,2.200000047683716,262
2009-06-04,2.301500082015991,2.2265000343322754,2.309999942779541,2.2100000381469727,431
2009-06-05,2.2809998989105225,2.313499927520752,2.3315000534057617,2.234999895095825,302
2009-06-08,2.246999979019165,2.259999990463257,2.2769999504089355,2.2320001125335693,226
2009-06-09,2.3585000038146973,2.30649995803833,2.359999895095825,2.258500099182129,284
2009-06-10,2.359999895095825,2.374500036239624,2.388000011444092,2.3375000953674316,218
2009-06-11,2.437999963760376,2.3550000190734863,2.446500062942505,2.3499999046325684,242
2009-06-12,2.367500066757202,2.4100000858306885,2.4100000858306885,2.36299991607666,245
2009-06-15,2.2815001010894775,2.309499979019165,2.327500104904175,2.2699999809265137,243
2009-06-16,2.252500057220459,2.2920000553131104,2.305000066757202,2.234499931335449,128
2009-06-17,2.256500005722046,2.256500005722046,2.265000104904175,2.2320001125335693,660
2009-06-18,2.2669999599456787,2.255000114440918,2.2669999599456787,2.2355000972747803,462
2009-06-19,2.245500087738037,2.2820000648498535,2.2820000648498535,2.245500087738037,149
2009-06-22,2.127000093460083,2.180000066757202,2.187000036239624,2.127000093460083,193
2009-06-23,2.194000005722046,2.119999885559082,2.194000005722046,2.119999885559082,144
2009-06-24,2.2660000324249268,2.25600004196167,2.2730000019073486,2.250499963760376,158
2009-06-25,2.299999952316284,2.319000005722046,2.319000005722046,2.309499979019165,156
2009-06-26,2.2934999465942383,2.323499917984009,2.3239998817443848,2.2920000553131104,12356
2009-06-29,2.3125,2.2704999446868896,2.3394999504089355,2.240000009536743,6785
2009-06-30,2.257999897003174,2.305000066757202,2.3499999046325684,2.2260000705718994,3259
2009-07-01,2.315000057220459,2.2639999389648438,2.3534998893737793,2.257499933242798,1210
2009-07-02,2.2899999618530273,2.322999954223633,2.32450008392334,2.252500057220459,1210
2009-07-06,2.250499963760376,2.252500057220459,2.262500047683716,2.197000026702881,1020
2009-07-07,2.2139999866485596,2.252500057220459,2.2799999713897705,2.190000057220459,711
2009-07-08,2.1480000019073486,2.2049999237060547,2.2209999561309814,2.134500026702881,893
2009-07-09,2.2265000343322754,2.1480000019073486,2.2174999713897705,2.1480000019073486,350
2009-07-10,2.200500011444092,2.184999942779541,2.2139999866485596,2.178999900817871,263
2009-07-13,2.2130000591278076,2.2195000648498535,2.2225000858306885,2.180500030517578,291
2009-07-14,2.2899999618530273,2.249000072479248,2.2929999828338623,2.249000072479248,650
2009-07-15,2.382499933242798,2.305500030517578,2.390000104904175,2.2939999103546143,354
2009-07-16,2.380000114440918,2.375,2.390000104904175,2.371500015258789,148
2009-07-17,2.4140000343322754,2.367500066757202,2.424499988555908,2.367500066757202,278
2009-07-20,2.4600000381469727,2.438999891281128,2.4800000190734863,2.4165000915527344,153
2009-07-21,2.44350004196167,2.4549999237060547,2.4804999828338623,2.440000057220459,240
2009-07-22,2.5179998874664307,2.430999994277954,2.5239999294281006,2.430999994277954,184
2009-07-23,2.5190000534057617,2.494999885559082,2.5230000019073486,2.4714999198913574,289
2009-07-24,2.5169999599456787,2.490000009536743,2.5290000438690186,2.490000009536743,302
2009-07-27,2.5399999618530273,2.549999952316284,2.564500093460083,2.5339999198913574,430
2009-07-28,2.515000104904175,2.553499937057495,2.559000015258789,2.507499933242798,567
2009-07-29,2.4719998836517334,2.509999990463257,2.509999990463257,2.4570000171661377,335
2009-07-30,2.556999921798706,2.4635000228881836,2.563999891281128,2.4635000228881836,284
2009-07-31,2.616499900817871,2.5739998817443848,2.621500015258789,2.5625,422
2009-08-03,2.7314999103546143,2.7290000915527344,2.7355000972747803,2.7155001163482666,582
2009-08-04,2.7890000343322754,2.7890000343322754,2.7890000343322754,2.7890000343322754,216
2009-08-05,2.80649995803833,2.813499927520752,2.8299999237060547,2.7899999618530273,315
2009-08-06,2.747499942779541,2.7850000858306885,2.7850000858306885,2.7290000915527344,216
2009-08-07,2.7815001010894775,2.7290000915527344,2.7950000762939453,2.7014999389648438,140
2009-08-10,2.7664999961853027,2.799999952316284,2.819999933242798,2.76200008392334,167
2009-08-11,2.7335000038146973,2.8010001182556152,2.8010001182556152,2.7335000038146973,147
2009-08-12,2.820499897003174,2.74399995803833,2.8239998817443848,2.7074999809265137,97
2009-08-13,2.9105000495910645,2.9105000495910645,2.9235000610351562,2.9010000228881836,193
2009-08-14,2.8340001106262207,2.9014999866485596,2.9014999866485596,2.8289999961853027,198
2009-08-17,2.7679998874664307,2.7739999294281006,2.7739999294281006,2.740000009536743,213
2009-08-18,2.759500026702881,2.7915000915527344,2.7915000915527344,2.742000102996826,268
2009-08-19,2.756999969482422,2.740000009536743,2.759500026702881,2.6500000953674316,177
2009-08-20,2.73799991607666,2.747499942779541,2.747999906539917,2.7249999046325684,145
2009-08-21,2.878999948501587,2.7314999103546143,2.877500057220459,2.7314999103546143,127
2009-08-24,2.9140000343322754,2.880000114440918,2.9100000858306885,2.872499942779541,276
2009-08-25,2.8540000915527344,2.877500057220459,2.877500057220459,2.8519999980926514,122
2009-08-26,2.8554999828338623,2.870500087738037,2.870500087738037,2.8375000953674316,143
2009-08-27,2.8454999923706055,2.869999885559082,2.869999885559082,2.8550000190734863,17334
2009-08-28,2.9230000972747803,2.865000009536743,2.9660000801086426,2.8610000610351562,13130
2009-08-31,2.808000087738037,2.946000099182129,2.9635000228881836,2.7804999351501465,4041
2009-09-01,2.7964999675750732,2.815500020980835,2.884999990463257,2.7799999713897705,1622
2009-09-02,2.802500009536743,2.75,2.816499948501587,2.7200000286102295,965
2009-09-03,2.8434998989105225,2.7945001125335693,2.8499999046325684,2.7744998931884766,440
2009-09-04,2.8434998989105225,2.8480000495910645,2.871500015258789,2.811000108718872,482
2009-09-08,2.934499979019165,2.8350000381469727,2.9554998874664307,2.8350000381469727,657
2009-09-09,2.9059998989105225,2.936500072479248,2.937000036239624,2.884999990463257,668
2009-09-10,2.859499931335449,2.927500009536743,2.927500009536743,2.819999933242798,414
2009-09-11,2.827500104904175,2.86299991607666,2.8924999237060547,2.809999942779541,704
2009-09-14,2.7869999408721924,2.799999952316284,2.799999952316284,2.748500108718872,316
2009-09-15,2.8285000324249268,2.805999994277954,2.8389999866485596,2.7915000915527344,418
2009-09-16,2.9205000400543213,2.8494999408721924,2.934999942779541,2.8459999561309814,321
2009-09-17,2.880000114440918,2.9175000190734863,2.9240000247955322,2.878499984741211,260
2009-09-18,2.7709999084472656,2.880000114440918,2.880000114440918,2.7704999446868896,697
2009-09-21,2.7925000190734863,2.755000114440918,2.810499906539917,2.741499900817871,697
2009-09-22,2.8524999618530273,2.809999942779541,2.874000072479248,2.809999942779541,499
2009-09-23,2.7964999675750732,2.8125,2.8125,2.747499942779541,594
2009-09-24,2.69950008392334,2.759999990463257,2.7660000324249268,2.677000045776367,333
2009-09-25,2.7309999465942383,2.6619999408721924,2.7265000343322754,2.6619999408721924,307
2009-09-28,2.7139999866485596,2.700000047683716,2.700000047683716,2.6605000495910645,519
2009-09-29,2.7149999141693115,2.697999954223633,2.7295000553131104,2.690000057220459,815
2009-09-30,2.809000015258789,2.734999895095825,2.805999994277954,2.734999895095825,408
2009-10-01,2.7255001068115234,2.797499895095825,2.799999952316284,2.6989998817443848,316
2009-10-02,2.6714999675750732,2.700500011444092,2.703000068664551,2.6489999294281006,244
2009-10-05,2.7179999351501465,2.680000066757202,2.7225000858306885,2.6500000953674316,163
2009-10-06,2.7755000591278076,2.7179999351501465,2.7915000915527344,2.7179999351501465,190
2009-10-07,2.7704999446868896,2.7614998817443848,2.7834999561309814,2.742500066757202,184
2009-10-08,2.88700008392334,2.8320000171661377,2.88700008392334,2.8320000171661377,133
2009-10-09,2.8285000324249268,2.8480000495910645,2.8499999046325684,2.825000047683716,180
2009-10-12,2.8480000495910645,2.8299999237060547,2.8605000972747803,2.8299999237060547,159
2009-10-13,2.7860000133514404,2.816999912261963,2.818000078201294,2.755000114440918,183
2009-10-14,2.8364999294281006,2.813499927520752,2.8410000801086426,2.813499927520752,205
2009-10-15,2.8510000705718994,2.7880001068115234,2.859999895095825,2.7720000743865967,147
2009-10-16,2.8375000953674316,2.8334999084472656,2.8550000190734863,2.805000066757202,152
2009-10-19,2.9565000534057617,2.809999942779541,2.9570000171661377,2.7980000972747803,318
2009-10-20,2.922499895095825,2.921999931335449,2.9709999561309814,2.9144999980926514,177
2009-10-21,3.0264999866485596,2.9040000438690186,3.013000011444092,2.9040000438690186,156
2009-10-22,2.98799991607666,2.9749999046325684,3.009500026702881,2.9749999046325684,149
2009-10-23,3.0239999294281006,3.0315001010894775,3.05049991607666,2.990499973297119,308
2009-10-26,2.999500036239624,3.046999931335449,3.057499885559082,2.9735000133514404,196
2009-10-27,2.9885001182556152,2.9600000381469727,3.0134999752044678,2.9549999237060547,133
2009-10-28,2.9189999103546143,2.994999885559082,2.994999885559082,2.946000099182129,912
2009-10-29,3.0209999084472656,2.9094998836517334,3.0239999294281006,2.9094998836517334,923
2009-10-30,2.947499990463257,2.990000009536743,2.993499994277954,2.940000057220459,492
2009-11-02,2.937000036239624,2.946500062942505,2.9725000858306885,2.9175000190734863,1050
2009-11-03,2.947999954223633,2.947999954223633,2.9519999027252197,2.890000104904175,189
2009-11-04,2.984499931335449,2.984499931335449,2.999000072479248,2.9700000286102295,188
2009-11-05,2.950500011444092,2.950500011444092,2.9639999866485596,2.937999963760376,155
2009-11-06,2.945499897003174,2.936000108718872,2.9600000381469727,2.9200000762939453,219
2009-11-09,2.9614999294281006,2.9614999294281006,2.990000009536743,2.9614999294281006,102
2009-11-10,2.9570000171661377,2.9570000171661377,2.9574999809265137,2.944000005722046,349
2009-11-11,2.9614999294281006,2.9614999294281006,3.007499933242798,2.9600000381469727,100
2009-11-12,2.94350004196167,2.94350004196167,2.9519999027252197,2.937000036239624,212
2009-11-13,2.9684998989105225,2.9519999027252197,2.9649999141693115,2.933000087738037,100
2009-11-16,3.1005001068115234,3.1005001068115234,3.1005001068115234,3.0169999599456787,260
2009-11-17,3.1040000915527344,3.1040000915527344,3.109499931335449,3.075000047683716,142
2009-11-18,3.1075000762939453,3.1075000762939453,3.135999917984009,3.0905001163482666,155
2009-11-19,3.078000068664551,3.078000068664551,3.0999999046325684,3.063499927520752,81
2009-11-20,3.1050000190734863,3.1050000190734863,3.109999895095825,3.0759999752044678,322
2009-11-23,3.133500099182129,3.133500099182129,3.1710000038146973,3.127500057220459,210
2009-11-24,3.111999988555908,3.111999988555908,3.119999885559082,3.1089999675750732,524
2009-11-25,3.1659998893737793,3.1659998893737793,3.1659998893737793,3.130000114440918,21275
2009-11-27,3.0934998989105225,3.17549991607666,3.195499897003174,2.993000030517578,15004
2009-11-30,3.1484999656677246,3.0954999923706055,3.1545000076293945,3.0759999752044678,5037
2009-12-01,3.2035000324249268,3.1549999713897705,3.2109999656677246,3.13100004196167,2128
2009-12-02,3.2314999103546143,3.187999963760376,3.244499921798706,3.18149995803833,1681
2009-12-03,3.2195000648498535,3.2335000038146973,3.247499942779541,3.2100000381469727,644
2009-12-04,3.2135000228881836,3.2100000381469727,3.239000082015991,3.1679999828338623,597
2009-12-07,3.184999942779541,3.184999942779541,3.197999954223633,3.140000104904175,680
2009-12-08,3.1394999027252197,3.184999942779541,3.2119998931884766,3.11899995803833,619
2009-12-09,3.0980000495910645,3.127500057220459,3.1600000858306885,3.0815000534057617,636
2009-12-10,3.0794999599456787,3.0794999599456787,3.118499994277954,3.059999942779541,611
2009-12-11,3.109999895095825,3.109999895095825,3.125,3.0920000076293945,594
2009-12-14,3.130000114440918,3.130000114440918,3.1364998817443848,3.0994999408721924,347
2009-12-15,3.121000051498413,3.121000051498413,3.130000114440918,3.0920000076293945,428
2009-12-16,3.186000108718872,3.1500000953674316,3.198499917984009,3.1500000953674316,516
2009-12-17,3.1105000972747803,3.1735000610351562,3.1735000610351562,3.0980000495910645,577
2009-12-18,3.121000051498413,3.133500099182129,3.133500099182129,3.0899999141693115,739
2009-12-21,3.140500068664551,3.140500068664551,3.1494998931884766,3.127500057220459,157
2009-12-22,3.119999885559082,3.109999895095825,3.118499994277954,3.0959999561309814,251
2009-12-23,3.184499979019165,3.128000020980835,3.186500072479248,3.125499963760376,447
2009-12-24,3.2709999084472656,3.2709999084472656,3.2815001010894775,3.183500051498413,264
2009-12-28,3.316499948501587,3.316499948501587,3.318000078201294,3.2860000133514404,226
2009-12-29,3.2960000038146973,3.2934999465942383,3.297499895095825,3.2829999923706055,587
2009-12-30,3.325500011444092,3.2829999923706055,3.3359999656677246,3.2829999923706055,353
2009-12-31,3.327500104904175,3.3429999351501465,3.3515000343322754,3.319999933242798,415
2010-01-04,3.388000011444092,3.388000011444092,3.4089999198913574,3.3529999256134033,404
2010-01-05,3.3959999084472656,3.3959999084472656,3.4110000133514404,3.368499994277954,242
2010-01-06,3.4774999618530273,3.4774999618530273,3.499500036239624,3.433500051498413,109
2010-01-07,3.4114999771118164,3.499500036239624,3.5234999656677246,3.4110000133514404,326
2010-01-08,3.388000011444092,3.388000011444092,3.421999931335449,3.380000114440918,311
2010-01-11,3.428499937057495,3.428499937057495,3.4769999980926514,3.428499937057495,145
2010-01-12,3.3375000953674316,3.381999969482422,3.381999969482422,3.309999942779541,193
2010-01-13,3.387500047683716,3.387500047683716,3.387500047683716,3.387500047683716,142
2010-01-14,3.375999927520752,3.4144999980926514,3.427999973297119,3.378000020980835,234
2010-01-15,3.3550000190734863,3.359999895095825,3.365000009536743,3.3489999771118164,222
2010-01-19,3.437000036239624,3.390000104904175,3.437999963760376,3.380000114440918,1285
2010-01-20,3.3459999561309814,3.3459999561309814,3.3459999561309814,3.3459999561309814,152
2010-01-21,3.2850000858306885,3.2850000858306885,3.2850000858306885,3.2850000858306885,196
2010-01-22,3.3385000228881836,3.3385000228881836,3.3454999923706055,3.2874999046325684,128
2010-01-25,3.384000062942505,3.384000062942505,3.384000062942505,3.369999885559082,177
2010-01-26,3.3289999961853027,3.3289999961853027,3.3289999961853027,3.3289999961853027,155
2010-01-27,3.2144999504089355,3.2144999504089355,3.2144999504089355,3.2144999504089355,252
2010-01-28,3.0899999141693115,3.197000026702881,3.2144999504089355,3.0889999866485596,351
2010-01-29,3.0460000038146973,3.0460000038146973,3.135499954223633,3.0360000133514404,451
2010-02-01,3.0785000324249268,3.0785000324249268,3.1045000553131104,2.996000051498413,436
2010-02-02,3.0850000381469727,3.0850000381469727,3.116499900817871,3.075000047683716,137
2010-02-03,2.9679999351501465,2.9679999351501465,3.065000057220459,2.9679999351501465,218
2010-02-04,2.875499963760376,2.875499963760376,2.9865000247955322,2.875,167
2010-02-05,2.8540000915527344,2.8540000915527344,2.885499954223633,2.8540000915527344,103
2010-02-08,2.9094998836517334,2.9094998836517334,2.9094998836517334,2.871999979019165,87
2010-02-09,2.9835000038146973,2.9835000038146973,2.996999979019165,2.9230000972747803,333
2010-02-10,2.9860000610351562,2.9860000610351562,2.9860000610351562,2.9860000610351562,116
2010-02-11,3.129499912261963,3.0455000400543213,3.1364998817443848,3.0164999961853027,268
2010-02-12,3.0789999961853027,3.0789999961853027,3.0789999961853027,3.0789999961853027,111
2010-02-16,3.2184998989105225,3.2184998989105225,3.2184998989105225,3.0989999771118164,83
2010-02-17,3.2385001182556152,3.2385001182556152,3.2385001182556152,3.2385001182556152,369
2010-02-18,3.2850000858306885,3.2720000743865967,3.302000045776367,3.2720000743865967,228
2010-02-19,3.3570001125335693,3.057499885559082,3.057499885559082,3.057499885559082,350
2010-02-22,3.30649995803833,3.325000047683716,3.3369998931884766,3.2880001068115234,227
2010-02-23,3.2139999866485596,3.2750000953674316,3.2750000953674316,3.2100000381469727,93
2010-02-24,3.2355000972747803,3.2355000972747803,3.2355000972747803,3.2355000972747803,27270
2010-02-25,3.192500114440918,3.2260000705718994,3.2690000534057617,3.1505000591278076,15381
2010-02-26,3.2685000896453857,3.2100000381469727,3.2795000076293945,3.188499927520752,3669
2010-03-01,3.3329999446868896,3.3589999675750732,3.4665000438690186,3.308000087738037,1923
2010-03-02,3.3954999446868896,3.3289999961853027,3.3980000019073486,3.2774999141693115,1337
2010-03-03,3.4189999103546143,3.384000062942505,3.4535000324249268,3.3364999294281006,969
2010-03-04,3.3605000972747803,3.4100000858306885,3.4170000553131104,3.3345000743865967,1560
2010-03-05,3.4024999141693115,3.4024999141693115,3.440000057220459,3.3580000400543213,321
2010-03-08,3.3965001106262207,3.4175000190734863,3.44950008392334,3.380000114440918,272
2010-03-09,3.3980000019073486,3.390000104904175,3.4030001163482666,3.3450000286102295,591
2010-03-10,3.3550000190734863,3.4110000133514404,3.429500102996826,3.3399999141693115,320
2010-03-11,3.365999937057495,3.359999895095825,3.378499984741211,3.3269999027252197,332
2010-03-12,3.369499921798706,3.3559999465942383,3.384999990463257,3.3559999465942383,584
2010-03-15,3.306999921798706,3.3499999046325684,3.3499999046325684,3.2850000858306885,492
2010-03-16,3.3570001125335693,3.3570001125335693,3.371000051498413,3.309000015258789,205
2010-03-17,3.4100000858306885,3.4100000858306885,3.4214999675750732,3.3929998874664307,648
2010-03-18,3.387500047683716,3.387500047683716,3.3919999599456787,3.371999979019165,188
2010-03-19,3.364500045776367,3.3889999389648438,3.4135000705718994,3.3515000343322754,191
2010-03-22,3.372499942779541,3.372499942779541,3.377500057220459,3.303499937057495,362
2010-03-23,3.369499921798706,3.381500005722046,3.3949999809265137,3.371500015258789,227
2010-03-24,3.3364999294281006,3.3364999294281006,3.3364999294281006,3.3364999294281006,253
2010-03-25,3.371000051498413,3.371000051498413,3.375,3.3359999656677246,212
2010-03-26,3.3929998874664307,3.3929998874664307,3.4100000858306885,3.3359999656677246,185
2010-03-29,3.5295000076293945,3.4590001106262207,3.5199999809265137,3.4590001106262207,417
2010-03-30,3.555000066757202,3.555000066757202,3.566499948501587,3.498500108718872,886
2010-03-31,3.5460000038146973,3.5460000038146973,3.5460000038146973,3.5460000038146973,283
2010-04-01,3.5769999027252197,3.5769999027252197,3.5889999866485596,3.5420000553131104,213
2010-04-05,3.625999927520752,3.6085000038146973,3.629499912261963,3.5999999046325684,159
2010-04-06,3.609499931335449,3.609499931335449,3.626499891281128,3.6015000343322754,82
2010-04-07,3.5920000076293945,3.5920000076293945,3.625499963760376,3.5799999237060547,188
2010-04-08,3.5810000896453857,3.5380001068115234,3.5810000896453857,3.5380001068115234,102
2010-04-09,3.5845000743865967,3.5845000743865967,3.6045000553131104,3.5804998874664307,204
2010-04-12,3.559499979019165,3.559499979019165,3.5945000648498535,3.5490000247955322,89
2010-04-13,3.5954999923706055,3.5954999923706055,3.5954999923706055,3.5954999923706055,146
2010-04-14,3.6054999828338623,3.6054999828338623,3.612499952316284,3.5929999351501465,250
2010-04-15,3.5964999198913574,3.5964999198913574,3.6075000762939453,3.565500020980835,219
2010-04-16,3.5114998817443848,3.5910000801086426,3.6005001068115234,3.490499973297119,373
2010-04-19,3.494499921798706,3.494499921798706,3.510999917984009,3.4704999923706055,104
2010-04-20,3.51200008392334,3.51200008392334,3.5399999618530273,3.497499942779541,507
2010-04-21,3.5329999923706055,3.5,3.5339999198913574,3.484999895095825,415
2010-04-22,3.484499931335449,3.484499931335449,3.503999948501587,3.4670000076293945,117
2010-04-23,3.5114998817443848,3.4760000705718994,3.5195000171661377,3.4700000286102295,253
2010-04-26,3.5269999504089355,3.5269999504089355,3.5269999504089355,3.5269999504089355,239
2010-04-27,3.3635001182556152,3.364000082015991,3.489500045776367,3.3534998893737793,156
2010-04-28,3.367500066757202,3.367500066757202,3.367500066757202,3.367500066757202,33828
2010-04-29,3.3334999084472656,3.383500099182129,3.3940000534057617,3.315999984741211,13944
2010-04-30,3.3375000953674316,3.3399999141693115,3.375,3.319000005722046,3137
2010-05-03,3.2785000801086426,3.322000026702881,3.322499990463257,3.259999990463257,924
2010-05-04,3.1644999980926514,3.2715001106262207,3.308500051498413,3.1540000438690186,953
2010-05-05,3.138000011444092,3.1565001010894775,3.1875,2.995500087738037,988
2010-05-06,3.1034998893737793,3.1034998893737793,3.180999994277954,3.047499895095825,585
2010-05-07,3.13100004196167,3.0975000858306885,3.1459999084472656,3.049999952316284,302
2010-05-10,3.2149999141693115,3.177000045776367,3.245500087738037,3.1710000038146973,241
2010-05-11,3.194000005722046,3.2130000591278076,3.2130000591278076,3.120500087738037,306
2010-05-12,3.1760001182556152,3.1760001182556152,3.2105000019073486,3.130000114440918,268
2010-05-13,3.2195000648498535,3.180500030517578,3.244999885559082,3.1689999103546143,404
2010-05-14,3.122999906539917,3.2084999084472656,3.2084999084472656,3.1059999465942383,639
2010-05-17,2.9230000972747803,2.9230000972747803,3.0999999046325684,2.9100000858306885,1011
2010-05-18,3.0225000381469727,3.0225000381469727,3.055000066757202,2.934999942779541,336
2010-05-19,2.950000047683716,2.950000047683716,2.991499900817871,2.9200000762939453,488
2010-05-20,2.935499906539917,3.0269999504089355,3.0269999504089355,2.9000000953674316,253
2010-05-21,3.051500082015991,3.051500082015991,3.1005001068115234,2.9514999389648438,298
2010-05-24,3.1364998817443848,3.1364998817443848,3.1364998817443848,3.072499990463257,391
2010-05-25,3.0334999561309814,3.0334999561309814,3.0810000896453857,3.006500005722046,373
2010-05-26,3.071500062942505,3.0899999141693115,3.0899999141693115,3.072499990463257,635
2010-05-27,3.1514999866485596,3.0399999618530273,3.1635000705718994,3.0199999809265137,1252
2010-05-28,3.0969998836517334,3.137500047683716,3.1565001010894775,3.0954999923706055,524
2010-06-01,3.053999900817871,3.0999999046325684,3.1040000915527344,3.0199999809265137,434
2010-06-02,3.0320000648498535,3.0320000648498535,3.057499885559082,2.9714999198913574,387
2010-06-03,2.938499927520752,2.938499927520752,3.049499988555908,2.930999994277954,243
2010-06-04,2.8125,2.9595000743865967,2.9595000743865967,2.7899999618530273,291
2010-06-07,2.759000062942505,2.759000062942505,2.7799999713897705,2.7249999046325684,183
2010-06-08,2.7725000381469727,2.7725000381469727,2.7980000972747803,2.743000030517578,268
2010-06-09,2.8424999713897705,2.8424999713897705,2.8540000915527344,2.763000011444092,291
2010-06-10,2.8554999828338623,2.8554999828338623,2.890000104904175,2.8424999713897705,236
2010-06-11,2.8994998931884766,2.930000066757202,2.930000066757202,2.875999927520752,425
2010-06-14,2.990000009536743,2.990000009536743,3.006999969482422,2.9700000286102295,253
2010-06-15,3.002500057220459,3.002500057220459,3.0225000381469727,2.9730000495910645,326
2010-06-16,2.99399995803833,2.99399995803833,2.99399995803833,2.9600000381469727,229
2010-06-17,2.9024999141693115,2.9024999141693115,2.9024999141693115,2.9024999141693115,239
2010-06-18,2.88100004196167,2.88100004196167,2.887500047683716,2.8575000762939453,215
2010-06-21,2.938999891281128,2.938999891281128,3.0209999084472656,2.930500030517578,197
2010-06-22,2.990499973297119,2.990499973297119,2.990499973297119,2.927999973297119,452
2010-06-23,2.934000015258789,2.934000015258789,2.934000015258789,2.934000015258789,279
2010-06-24,3.003000020980835,3.003000020980835,3.003000020980835,3.003000020980835,204
2010-06-25,3.0929999351501465,3.0929999351501465,3.0929999351501465,2.9700000286102295,174
2010-06-28,3.06850004196167,3.06850004196167,3.06850004196167,3.06850004196167,18038
2010-06-29,2.9154999256134033,3.075500011444092,3.0785000324249268,2.9100000858306885,10821
2010-06-30,2.936000108718872,2.9240000247955322,2.9584999084472656,2.8575000762939453,2958
2010-07-01,2.865000009536743,2.8965001106262207,2.9195001125335693,2.8445000648498535,1728
2010-07-02,2.9040000438690186,2.9045000076293945,2.940000057220459,2.8884999752044678,350
2010-07-06,2.9600000381469727,2.950000047683716,3.0,2.9040000438690186,447
2010-07-07,3.005500078201294,2.9614999294281006,3.0344998836517334,2.937999963760376,607
2010-07-08,3.006999969482422,3.006999969482422,3.0420000553131104,2.987499952316284,463
2010-07-09,3.0445001125335693,3.0445001125335693,3.058500051498413,3.0199999809265137,302
2010-07-12,2.999500036239624,3.0394999980926514,3.0394999980926514,2.9784998893737793,448
2010-07-13,3.009500026702881,3.009500026702881,3.0255000591278076,2.9700000286102295,764
2010-07-14,3.000999927520752,3.000999927520752,3.0339999198913574,2.9804999828338623,445
2010-07-15,3.005000114440918,2.997999906539917,3.0360000133514404,2.989500045776367,456
2010-07-16,2.9235000610351562,3.009000062942505,3.009000062942505,2.922499895095825,442
2010-07-19,2.932499885559082,2.926500082015991,2.9489998817443848,2.9260001182556152,374
2010-07-20,2.997499942779541,2.9749999046325684,3.0225000381469727,2.9519999027252197,315
2010-07-21,3.0869998931884766,3.0225000381469727,3.0999999046325684,3.0225000381469727,354
2010-07-22,3.1605000495910645,3.1605000495910645,3.185499906539917,3.049999952316284,483
2010-07-23,3.184999942779541,3.1675000190734863,3.2019999027252197,3.1510000228881836,364
2010-07-26,3.2249999046325684,3.2249999046325684,3.2355000972747803,3.1700000762939453,450
2010-07-27,3.2049999237060547,3.2249999046325684,3.2335000038146973,3.180000066757202,330
2010-07-28,3.240000009536743,3.247999906539917,3.255500078201294,3.190000057220459,522
2010-07-29,3.2855000495910645,3.2295000553131104,3.2950000762939453,3.2274999618530273,611
2010-07-30,3.306999921798706,3.2734999656677246,3.309999942779541,3.250499963760376,241
2010-08-02,3.384999990463257,3.319999933242798,3.390500068664551,3.319999933242798,239
2010-08-03,3.3550000190734863,3.3550000190734863,3.365000009536743,3.3315000534057617,255
2010-08-04,3.4005000591278076,3.4005000591278076,3.4045000076293945,3.3315000534057617,167
2010-08-05,3.3505001068115234,3.382499933242798,3.382499933242798,3.319499969482422,548
2010-08-06,3.3394999504089355,3.3394999504089355,3.3585000038146973,3.3324999809265137,193
2010-08-09,3.3505001068115234,3.3505001068115234,3.378000020980835,3.3440001010894775,220
2010-08-10,3.311000108718872,3.305000066757202,3.322999954223633,3.2750000953674316,281
2010-08-11,3.252500057220459,3.253499984741211,3.299999952316284,3.24399995803833,193
2010-08-12,3.2825000286102295,3.2825000286102295,3.2880001068115234,3.256999969482422,186
2010-08-13,3.251499891281128,3.251499891281128,3.30049991607666,3.245500087738037,230
2010-08-16,3.2769999504089355,3.2769999504089355,3.299999952316284,3.2769999504089355,127
2010-08-17,3.3375000953674316,3.3375000953674316,3.3424999713897705,3.322999954223633,189
2010-08-18,3.3489999771118164,3.3489999771118164,3.3489999771118164,3.321000099182129,184
2010-08-19,3.317500114440918,3.317500114440918,3.377500057220459,3.299999952316284,307
2010-08-20,3.2909998893737793,3.2909998893737793,3.2920000553131104,3.26200008392334,263
2010-08-23,3.2915000915527344,3.2904999256134033,3.2904999256134033,3.2904999256134033,117
2010-08-24,3.239500045776367,3.239500045776367,3.239500045776367,3.239500045776367,365
2010-08-25,3.2109999656677246,3.247999906539917,3.247999906539917,3.180000066757202,197
2010-08-26,3.305500030517578,3.2834999561309814,3.302999973297119,3.2834999561309814,118
2010-08-27,3.364000082015991,3.364000082015991,3.364000082015991,3.364000082015991,34471
2010-08-30,3.4130001068115234,3.4000000953674316,3.430999994277954,3.378999948501587,12586
2010-08-31,3.3610000610351562,3.390500068664551,3.3959999084472656,3.3440001010894775,5997
2010-09-01,3.4684998989105225,3.371000051498413,3.4765000343322754,3.371000051498413,1211
2010-09-02,3.48799991607666,3.4609999656677246,3.494499921798706,3.4574999809265137,502
2010-09-03,3.493499994277954,3.4679999351501465,3.5250000953674316,3.4665000438690186,661
2010-09-07,3.4635000228881836,3.4800000190734863,3.5174999237060547,3.4200000762939453,757
2010-09-08,3.490499973297119,3.4609999656677246,3.5,3.447000026702881,1145
2010-09-09,3.433500051498413,3.4790000915527344,3.4804999828338623,3.3894999027252197,417
2010-09-10,3.3970000743865967,3.4184999465942383,3.438999891281128,3.3910000324249268,440
2010-09-13,3.4714999198913574,3.4714999198913574,3.4814999103546143,3.447999954223633,440
2010-09-14,3.4595000743865967,3.4560000896453857,3.487499952316284,3.4214999675750732,598
2010-09-15,3.4579999446868896,3.4579999446868896,3.4660000801086426,3.427500009536743,170
2010-09-16,3.4830000400543213,3.4519999027252197,3.500999927520752,3.438999891281128,822
2010-09-17,3.5134999752044678,3.5134999752044678,3.5390000343322754,3.489000082015991,265
2010-09-20,3.496000051498413,3.496000051498413,3.5374999046325684,3.490000009536743,255
2010-09-21,3.4744999408721924,3.503999948501587,3.509000062942505,3.4774999618530273,464
2010-09-22,3.558500051498413,3.504499912261963,3.566999912261963,3.490499973297119,193
2010-09-23,3.5850000381469727,3.575000047683716,3.5915000438690186,3.561500072479248,531
2010-09-24,3.6135001182556152,3.6135001182556152,3.625999927520752,3.5999999046325684,289
2010-09-27,3.5934998989105225,3.6089999675750732,3.609999895095825,3.5899999141693115,478
2010-09-28,3.634000062942505,3.569999933242798,3.619999885559082,3.569999933242798,488
2010-09-29,3.6565001010894775,3.6475000381469727,3.6665000915527344,3.628999948501587,308
2010-09-30,3.6459999084472656,3.629499912261963,3.6600000858306885,3.627000093460083,339
2010-10-01,3.683500051498413,3.677500009536743,3.6989998817443848,3.6735000610351562,328
2010-10-04,3.6575000286102295,3.674999952316284,3.677999973297119,3.6480000019073486,189
2010-10-05,3.7190001010894775,3.6484999656677246,3.734999895095825,3.6449999809265137,212
2010-10-06,3.746000051498413,3.7300000190734863,3.7774999141693115,3.7300000190734863,270
2010-10-07,3.6735000610351562,3.75,3.758500099182129,3.6600000858306885,267
2010-10-08,3.7664999961853027,3.6600000858306885,3.7809998989105225,3.6600000858306885,140
2010-10-11,3.7795000076293945,3.7739999294281006,3.7809998989105225,3.7739999294281006,158
2010-10-12,3.7809998989105225,3.7274999618530273,3.799999952316284,3.7255001068115234,165
2010-10-13,3.813999891281128,3.827500104904175,3.827500104904175,3.806999921798706,161
2010-10-14,3.809000015258789,3.8489999771118164,3.8489999771118164,3.7990000247955322,180
2010-10-15,3.8345000743865967,3.8329999446868896,3.8369998931884766,3.799999952316284,219
2010-10-18,3.8505001068115234,3.797499895095825,3.8505001068115234,3.797499895095825,195
2010-10-19,3.755000114440918,3.8469998836517334,3.8469998836517334,3.7225000858306885,283
2010-10-20,3.7885000705718994,3.7669999599456787,3.80049991607666,3.739000082015991,187
2010-10-21,3.7755000591278076,3.8264999389648438,3.8304998874664307,3.7755000591278076,136
2010-10-22,3.7915000915527344,3.7945001125335693,3.808500051498413,3.7744998931884766,165
2010-10-25,3.8564999103546143,3.819999933242798,3.869999885559082,3.819999933242798,282
2010-10-26,3.8635001182556152,3.8494999408721924,3.869999885559082,3.8454999923706055,217
2010-10-27,3.7734999656677246,3.8499999046325684,3.8499999046325684,3.7685000896453857,487
2010-10-28,3.7850000858306885,3.7850000858306885,3.821000099182129,3.7825000286102295,422
2010-10-29,3.7320001125335693,3.7750000953674316,3.7750000953674316,3.7130000591278076,721
2010-11-01,3.7785000801086426,3.7695000171661377,3.80649995803833,3.7695000171661377,463
2010-11-02,3.8334999084472656,3.7869999408721924,3.8334999084472656,3.7869999408721924,274
2010-11-03,3.7795000076293945,3.8394999504089355,3.8399999141693115,3.7755000591278076,239
2010-11-04,3.9065001010894775,3.8269999027252197,3.9094998836517334,3.8269999027252197,184
2010-11-05,3.944000005722046,3.950000047683716,3.9749999046325684,3.941999912261963,184
2010-11-08,3.952500104904175,3.941999912261963,3.9549999237060547,3.9375,358
2010-11-09,4.0395002365112305,3.9630000591278076,4.0395002365112305,3.950000047683716,163
2010-11-10,3.9660000801086426,3.990000009536743,3.990499973297119,3.947499990463257,191
2010-11-11,4.01800012588501,4.0395002365112305,4.0395002365112305,4.01800012588501,128
2010-11-12,3.8884999752044678,4.03000020980835,4.03000020980835,3.8864998817443848,282
2010-11-15,3.9230000972747803,3.9070000648498535,3.9230000972747803,3.9019999504089355,208
2010-11-16,3.7239999771118164,3.9230000972747803,3.9230000972747803,3.7114999294281006,334
2010-11-17,3.7284998893737793,3.7170000076293945,3.7330000400543213,3.6684999465942383,347
2010-11-18,3.8304998874664307,3.7829999923706055,3.8410000801086426,3.7829999923706055,211
2010-11-19,3.8329999446868896,3.809999942779541,3.8534998893737793,3.803499937057495,113
2010-11-22,3.749500036239624,3.8480000495910645,3.8480000495910645,3.749000072479248,179
2010-11-23,3.7009999752044678,3.746999979019165,3.746999979019165,3.68149995803833,110
2010-11-24,3.755500078201294,3.7730000019073486,3.7750000953674316,3.763000011444092,114
2010-11-26,3.750999927520752,3.7035000324249268,3.751499891281128,3.7035000324249268,24760
2010-11-29,3.757999897003174,3.750999927520752,3.7980000972747803,3.7009999752044678,16360
2010-11-30,3.822999954223633,3.759999990463257,3.8329999446868896,3.7130000591278076,5000
2010-12-01,3.946000099182129,3.7909998893737793,3.953000068664551,3.7885000705718994,1301
2010-12-02,3.9769999980926514,3.9519999027252197,3.990000009536743,3.936000108718872,907
2010-12-03,3.994999885559082,3.9605000019073486,4.010000228881836,3.950000047683716,543
2010-12-06,4.004000186920166,4.010000228881836,4.019000053405762,3.9769999980926514,377
2010-12-07,4.044000148773193,4.00600004196167,4.125,3.9800000190734863,1155
2010-12-08,4.0945000648498535,4.019000053405762,4.109000205993652,3.9814999103546143,931
2010-12-09,4.081500053405762,4.125,4.139500141143799,4.053999900817871,725
2010-12-10,4.105000019073486,4.113999843597412,4.134500026702881,4.077000141143799,508
2010-12-13,4.19950008392334,4.106500148773193,4.210999965667725,4.093500137329102,388
2010-12-14,4.201499938964844,4.20550012588501,4.21750020980835,4.182499885559082,878
2010-12-15,4.126500129699707,4.172500133514404,4.172500133514404,4.093999862670898,627
2010-12-16,4.110499858856201,4.096499919891357,4.131999969482422,4.074999809265137,624
2010-12-17,4.1529998779296875,4.113999843597412,4.164999961853027,4.113999843597412,407
2010-12-20,4.200500011444092,4.184000015258789,4.206500053405762,4.183000087738037,313
2010-12-21,4.270500183105469,4.2170000076293945,4.2804999351501465,4.2170000076293945,344
2010-12-22,4.269000053405762,4.25600004196167,4.275000095367432,4.245999813079834,346
2010-12-23,4.251999855041504,4.228499889373779,4.251999855041504,4.210000038146973,815
2010-12-27,4.275000095367432,4.21999979019165,4.283999919891357,4.21999979019165,421
2010-12-28,4.323999881744385,4.295000076293945,4.323999881744385,4.2789998054504395,373
2010-12-29,4.309000015258789,4.313000202178955,4.322000026702881,4.313000202178955,492
2010-12-30,4.356500148773193,4.371500015258789,4.372000217437744,4.335000038146973,325
2010-12-31,4.439499855041504,4.396999835968018,4.440000057220459,4.396999835968018,125
2011-01-03,4.451499938964844,4.436999797821045,4.46150016784668,4.414999961853027,337
2011-01-04,4.363500118255615,4.428999900817871,4.454999923706055,4.349999904632568,567
2011-01-05,4.401500225067139,4.349999904632568,4.4039998054504395,4.300000190734863,279
2011-01-06,4.321000099182129,4.410999774932861,4.410999774932861,4.309000015258789,422
2011-01-07,4.272500038146973,4.269000053405762,4.317500114440918,4.25,540
2011-01-10,4.254499912261963,4.258999824523926,4.270500183105469,4.252500057220459,175
2011-01-11,4.339000225067139,4.329999923706055,4.34499979019165,4.32450008392334,87
2011-01-12,4.4019999504089355,4.349999904632568,4.406000137329102,4.349999904632568,227
2011-01-13,4.367000102996826,4.382500171661377,4.389500141143799,4.3414998054504395,233
2011-01-14,4.403500080108643,4.379000186920166,4.424499988555908,4.379000186920166,195
2011-01-18,4.418499946594238,4.408999919891357,4.426000118255615,4.359000205993652,135
2011-01-19,4.360000133514404,4.448500156402588,4.448500156402588,4.340000152587891,131
2011-01-20,4.262499809265137,4.351500034332275,4.354000091552734,4.230000019073486,313
2011-01-21,4.300000190734863,4.2779998779296875,4.316500186920166,4.2729997634887695,96
2011-01-24,4.3414998054504395,4.324999809265137,4.343999862670898,4.322500228881836,152
2011-01-25,4.218999862670898,4.304999828338623,4.304999828338623,4.212500095367432,146
2011-01-26,4.260499954223633,4.2245001792907715,4.250999927520752,4.2245001792907715,318
2011-01-27,4.330999851226807,4.340000152587891,4.340000152587891,4.340000152587891,531
2011-01-28,4.365499973297119,4.30649995803833,4.396999835968018,4.306000232696533,431
2011-01-31,4.451000213623047,4.340000152587891,4.451000213623047,4.340000152587891,523
2011-02-01,4.539999961853027,4.491000175476074,4.545000076293945,4.480000019073486,729
2011-02-02,4.533999919891357,4.550000190734863,4.550000190734863,4.508999824523926,628
2011-02-03,4.534999847412109,4.561999797821045,4.561999797821045,4.508999824523926,257
2011-02-04,4.571000099182129,4.551000118255615,4.597499847412109,4.549499988555908,116
2011-02-07,4.567500114440918,4.618500232696533,4.618500232696533,4.540999889373779,202
2011-02-08,4.567999839782715,4.515500068664551,4.546999931335449,4.508999824523926,119
2011-02-09,4.519499778747559,4.559000015258789,4.559000015258789,4.494999885559082,360
2011-02-10,4.5370001792907715,4.501999855041504,4.538000106811523,4.499000072479248,122
2011-02-11,4.531000137329102,4.572000026702881,4.572000026702881,4.480000019073486,150
2011-02-14,4.623000144958496,4.59499979019165,4.625500202178955,4.59499979019165,139
2011-02-15,4.531499862670898,4.5929999351501465,4.610000133514404,4.523499965667725,128
2011-02-16,4.466000080108643,4.508999824523926,4.515999794006348,4.459000110626221,81
2011-02-17,4.480000019073486,4.449999809265137,4.480999946594238,4.441500186920166,379
2011-02-18,4.478499889373779,4.497499942779541,4.504499912261963,4.494999885559082,225
2011-02-22,4.3454999923706055,4.478499889373779,4.478499889373779,4.308000087738037,201
2011-02-23,4.273499965667725,4.304999828338623,4.313499927520752,4.270500183105469,206
2011-02-24,4.326499938964844,4.304500102996826,4.304999828338623,4.295000076293945,51019
2011-02-25,4.435999870300293,4.326000213623047,4.458000183105469,4.320000171661377,29725
2011-02-28,4.478000164031982,4.445000171661377,4.486000061035156,4.4079999923706055,3740
2011-03-01,4.490499973297119,4.486000061035156,4.501999855041504,4.430500030517578,1743
2011-03-02,4.480000019073486,4.44350004196167,4.491000175476074,4.436999797821045,663
2011-03-03,4.474999904632568,4.477499961853027,4.53000020980835,4.459000110626221,1265
2011-03-04,4.4720001220703125,4.4670000076293945,4.5355000495910645,4.458499908447266,1865
2011-03-07,4.313000202178955,4.46999979019165,4.484499931335449,4.295499801635742,848
2011-03-08,4.324999809265137,4.340000152587891,4.3420000076293945,4.248499870300293,672
2011-03-09,4.19950008392334,4.330999851226807,4.364500045776367,4.170000076293945,1048
2011-03-10,4.184500217437744,4.202000141143799,4.216000080108643,4.123000144958496,964
2011-03-11,4.195000171661377,4.184500217437744,4.211999893188477,4.078999996185303,702
2011-03-14,4.173500061035156,4.198500156402588,4.198500156402588,4.150000095367432,304
2011-03-15,4.125,4.15500020980835,4.183499813079834,4.070000171661377,428
2011-03-16,4.186999797821045,4.2210001945495605,4.254000186920166,4.173500061035156,408
2011-03-17,4.335999965667725,4.248499870300293,4.355500221252441,4.241000175476074,495
2011-03-18,4.329500198364258,4.333000183105469,4.353499889373779,4.294000148773193,191
2011-03-21,4.2754998207092285,4.35099983215332,4.35099983215332,4.269999980926514,365
2011-03-22,4.303500175476074,4.278500080108643,4.304999828338623,4.26800012588501,180
2011-03-23,4.418499946594238,4.365499973297119,4.428999900817871,4.365499973297119,191
2011-03-24,4.414000034332275,4.4105000495910645,4.429999828338623,4.398499965667725,209
2011-03-25,4.4085001945495605,4.414000034332275,4.418499946594238,4.400000095367432,130
2011-03-28,4.3404998779296875,4.420000076293945,4.420499801635742,4.334499835968018,170
2011-03-29,4.337500095367432,4.328499794006348,4.355000019073486,4.304999828338623,1090
2011-03-30,4.265999794006348,4.3495001792907715,4.360499858856201,4.23799991607666,964
2011-03-31,4.300000190734863,4.247000217437744,4.303999900817871,4.247000217437744,553
2011-04-01,4.251500129699707,4.269999980926514,4.269999980926514,4.209499835968018,359
2011-04-04,4.246500015258789,4.2895002365112305,4.2895002365112305,4.241499900817871,247
2011-04-05,4.257999897003174,4.25600004196167,4.271500110626221,4.210000038146973,234
2011-04-06,4.363500118255615,4.235000133514404,4.363500118255615,4.235000133514404,175
2011-04-07,4.408999919891357,4.355999946594238,4.42549991607666,4.355999946594238,166
2011-04-08,4.494999885559082,4.418499946594238,4.494999885559082,4.418499946594238,271
2011-04-11,4.453499794006348,4.514999866485596,4.514999866485596,4.443999767303467,212
2011-04-12,4.377500057220459,4.445499897003174,4.445499897003174,4.362500190734863,184
2011-04-13,4.28849983215332,4.373000144958496,4.373000144958496,4.277500152587891,124
2011-04-14,4.2795000076293945,4.2779998779296875,4.281499862670898,4.249000072479248,268
2011-04-15,4.252999782562256,4.25,4.2804999351501465,4.230000019073486,152
2011-04-18,4.193999767303467,4.233500003814697,4.233500003814697,4.174499988555908,146
2011-04-19,4.224999904632568,4.179999828338623,4.239500045776367,4.179999828338623,120
2011-04-20,4.33650016784668,4.265999794006348,4.3394999504089355,4.265999794006348,139
2011-04-21,4.3979997634887695,4.356500148773193,4.392000198364258,4.356500148773193,216
2011-04-25,4.301000118255615,4.2870001792907715,4.2870001792907715,4.281000137329102,166
2011-04-26,4.31850004196167,4.2845001220703125,4.329999923706055,4.28000020980835,419
2011-04-27,4.228499889373779,4.254000186920166,4.260000228881836,3.934999942779541,35042
2011-04-28,4.244999885559082,4.255000114440918,4.306000232696533,4.206999778747559,14927
2011-04-29,4.165500164031982,4.251999855041504,4.264999866485596,4.149499893188477,2015
2011-05-02,4.182499885559082,4.177499771118164,4.192500114440918,4.0980000495910645,899
2011-05-03,4.239999771118164,4.15500020980835,4.250500202178955,4.15500020980835,824
2011-05-04,4.120500087738037,4.227499961853027,4.227499961853027,4.113999843597412,1173
2011-05-05,3.9855000972747803,4.115499973297119,4.125999927520752,3.9600000381469727,705
2011-05-06,3.9635000228881836,3.9730000495910645,4.043499946594238,3.93149995803833,965
2011-05-09,4.004000186920166,4.019999980926514,4.046000003814697,3.996500015258789,585
2011-05-10,4.0295000076293945,4.059999942779541,4.059999942779541,4.009500026702881,274
2011-05-11,3.9019999504089355,4.011000156402588,4.0329999923706055,3.8940000534057617,510
2011-05-12,3.9605000019073486,3.8959999084472656,3.9800000190734863,3.8459999561309814,423
2011-05-13,3.9749999046325684,4.005000114440918,4.005000114440918,3.9735000133514404,294
2011-05-16,3.9830000400543213,3.993499994277954,3.993499994277954,3.9549999237060547,409
2011-05-17,3.990999937057495,3.9820001125335693,4.0295000076293945,3.950000047683716,360
2011-05-18,4.0995001792907715,4.0395002365112305,4.109499931335449,4.015999794006348,450
2011-05-19,4.046999931335449,4.087500095367432,4.087500095367432,4.038000106811523,204
2011-05-20,4.11899995803833,4.03249979019165,4.122000217437744,4.03249979019165,265
2011-05-23,3.990000009536743,4.013500213623047,4.013500213623047,3.9535000324249268,237
2011-05-24,4.012499809265137,4.015999794006348,4.051000118255615,4.010499954223633,462
2011-05-25,4.1020002365112305,4.0395002365112305,4.113500118255615,4.0395002365112305,231
2011-05-26,4.10699987411499,4.117499828338623,4.118500232696533,4.0960001945495605,592
2011-05-27,4.179500102996826,4.108500003814697,4.183499813079834,4.098999977111816,720
2011-05-31,4.173500061035156,4.149499893188477,4.199999809265137,4.135000228881836,513
2011-06-01,4.103000164031982,4.180500030517578,4.180500030517578,4.085000038146973,249
2011-06-02,4.08050012588501,4.099999904632568,4.101500034332275,4.043499946594238,215
2011-06-03,4.130000114440918,4.088500022888184,4.128499984741211,4.059999942779541,199
2011-06-06,4.13700008392334,4.130000114440918,4.150000095367432,4.120500087738037,313
2011-06-07,4.144499778747559,4.138999938964844,4.138999938964844,4.123499870300293,146
2011-06-08,4.105000019073486,4.090000152587891,4.10699987411499,4.05649995803833,190
2011-06-09,4.103499889373779,4.0920000076293945,4.0929999351501465,4.046999931335449,82
2011-06-10,4.052000045776367,4.055500030517578,4.055500030517578,4.025000095367432,104
2011-06-13,4.0304999351501465,4.0295000076293945,4.031499862670898,4.022500038146973,187
2011-06-14,4.1539998054504395,4.0625,4.1605000495910645,4.0625,218
2011-06-15,4.121500015258789,4.130000114440918,4.140999794006348,4.107999801635742,109
2011-06-16,4.117499828338623,4.111000061035156,4.117499828338623,4.054999828338623,179
2011-06-17,4.103000164031982,4.148499965667725,4.150000095367432,4.0970001220703125,152
2011-06-20,4.074999809265137,4.067999839782715,4.076499938964844,4.019999980926514,204
2011-06-21,4.0894999504089355,4.0894999504089355,4.0894999504089355,4.0894999504089355,181
2011-06-22,4.090000152587891,4.132500171661377,4.132500171661377,4.050000190734863,238
2011-06-23,4.040999889373779,4.059500217437744,4.059500217437744,4.03249979019165,231
2011-06-24,4.098499774932861,4.098499774932861,4.124000072479248,4.083000183105469,133
2011-06-27,4.051499843597412,4.072000026702881,4.080999851226807,4.047999858856201,207
2011-06-28,4.0920000076293945,4.078000068664551,4.097499847412109,4.078000068664551,23941
2011-06-29,4.209499835968018,4.099999904632568,4.21999979019165,4.098499774932861,16117
2011-06-30,4.271999835968018,4.212500095367432,4.27400016784668,4.193999767303467,3650
2011-07-01,4.291999816894531,4.250500202178955,4.302499771118164,4.239999771118164,1126
2011-07-05,4.339000225067139,4.302999973297119,4.3420000076293945,4.2804999351501465,1019
2011-07-06,4.326499938964844,4.327000141143799,4.335000038146973,4.297999858856201,861
2011-07-07,4.432000160217285,4.340000152587891,4.432499885559082,4.33650016784668,1285
2011-07-08,4.402500152587891,4.421500205993652,4.441999912261963,4.369999885559082,504
2011-07-11,4.358500003814697,4.395500183105469,4.4079999923706055,4.328999996185303,585
2011-07-12,4.381499767303467,4.35099983215332,4.386499881744385,4.310999870300293,454
2011-07-13,4.394499778747559,4.39300012588501,4.426499843597412,4.373000144958496,481
2011-07-14,4.372000217437744,4.389999866485596,4.4085001945495605,4.363500118255615,500
2011-07-15,4.40500020980835,4.374000072479248,4.414999961853027,4.35099983215332,626
2011-07-18,4.395999908447266,4.40500020980835,4.411499977111816,4.367000102996826,436
2011-07-19,4.4604997634887695,4.4085001945495605,4.486999988555908,4.4085001945495605,345
2011-07-20,4.428500175476074,4.449999809265137,4.449999809265137,4.424499988555908,250
2011-07-21,4.377500057220459,4.440499782562256,4.440999984741211,4.374000072479248,655
2011-07-22,4.4045000076293945,4.400000095367432,4.402500152587891,4.375,578
2011-07-25,4.401500225067139,4.380000114440918,4.410999774932861,4.369999885559082,498
2011-07-26,4.473999977111816,4.43149995803833,4.478000164031982,4.43149995803833,643
2011-07-27,4.440499782562256,4.4720001220703125,4.472499847412109,4.422500133514404,407
2011-07-28,4.4644999504089355,4.436999797821045,4.479499816894531,4.436999797821045,321
2011-07-29,4.473999977111816,4.478000164031982,4.48199987411499,4.409999847412109,375
2011-08-01,4.4039998054504395,4.499000072479248,4.499000072479248,4.375999927520752,753
2011-08-02,4.388999938964844,4.410999774932861,4.410999774932861,4.375999927520752,314
2011-08-03,4.320000171661377,4.360000133514404,4.388000011444092,4.320000171661377,393
2011-08-04,4.230999946594238,4.355000019073486,4.355000019073486,4.203499794006348,198
2011-08-05,4.11299991607666,4.208000183105469,4.21999979019165,4.082499980926514,260
2011-08-08,3.9574999809265137,4.065499782562256,4.08050012588501,3.9235000610351562,150
2011-08-09,3.9670000076293945,3.939500093460083,4.008500099182129,3.930000066757202,116
2011-08-10,3.885499954223633,4.019999980926514,4.031000137329102,3.874500036239624,141
2011-08-11,4.004499912261963,3.992500066757202,4.026000022888184,3.992500066757202,50
2011-08-12,4.009500026702881,4.024499893188477,4.024499893188477,3.9855000972747803,143
2011-08-15,4.031499862670898,4.050000190734863,4.050000190734863,4.0,160
2011-08-16,3.99399995803833,4.0,4.0,3.9614999294281006,53
2011-08-17,4.0289998054504395,4.003499984741211,4.051499843597412,4.002500057220459,101
2011-08-18,3.9644999504089355,3.99399995803833,3.99399995803833,3.939500093460083,65
2011-08-19,3.9825000762939453,3.9644999504089355,3.987499952316284,3.9644999504089355,187
2011-08-22,3.9560000896453857,3.992500066757202,3.992500066757202,3.93149995803833,215
2011-08-23,3.994499921798706,3.992500066757202,3.992500066757202,3.93149995803833,79
2011-08-24,3.996999979019165,4.000999927520752,4.000999927520752,4.000999927520752,119
2011-08-25,4.078999996185303,4.079999923706055,4.093999862670898,4.060999870300293,176
2011-08-26,4.098999977111816,4.079999923706055,4.098999977111816,4.057000160217285,77
2011-08-29,4.089000225067139,4.093500137329102,4.093500137329102,4.083000183105469,20160
2011-08-30,4.123000144958496,4.098499774932861,4.173500061035156,4.0954999923706055,18412
2011-08-31,4.186999797821045,4.119999885559082,4.20550012588501,4.119999885559082,1940
2011-09-01,4.142499923706055,4.179999828338623,4.179999828338623,4.119500160217285,1698
2011-09-02,4.10699987411499,4.139999866485596,4.139999866485596,4.072500228881836,781
2011-09-06,4.0395002365112305,4.079999923706055,4.110000133514404,4.009500026702881,656
2011-09-07,4.115499973297119,4.065000057220459,4.124000072479248,4.058000087738037,617
2011-09-08,4.127999782562256,4.103000164031982,4.131999969482422,4.073999881744385,611
2011-09-09,3.987499952316284,4.08050012588501,4.114999771118164,3.9800000190734863,549
2011-09-12,3.950500011444092,3.9655001163482666,3.9814999103546143,3.8940000534057617,807
2011-09-13,3.9560000896453857,4.006499767303467,4.006499767303467,3.947000026702881,464
2011-09-14,3.884999990463257,3.940000057220459,3.948499917984009,3.878499984741211,840
2011-09-15,3.944999933242798,3.8945000171661377,3.9619998931884766,3.8945000171661377,529
2011-09-16,3.9200000762939453,3.9695000648498535,3.9779999256134033,3.9149999618530273,154
2011-09-19,3.7715001106262207,3.8610000610351562,3.8610000610351562,3.759500026702881,502
2011-09-20,3.7165000438690186,3.756500005722046,3.801500082015991,3.7049999237060547,236
2011-09-21,3.753499984741211,3.7260000705718994,3.7679998874664307,3.691999912261963,312
2011-09-22,3.4804999828338623,3.692500114440918,3.692500114440918,3.430000066757202,193
2011-09-23,3.2720000743865967,3.3975000381469727,3.4079999923706055,3.250999927520752,183
2011-09-26,3.2750000953674316,3.240999937057495,3.3399999141693115,3.180000066757202,723
2011-09-27,3.429500102996826,3.44950008392334,3.44950008392334,3.4049999713897705,453
2011-09-28,3.2360000610351562,3.3585000038146973,3.368499994277954,3.297499895095825,697
2011-09-29,3.236999988555908,3.1554999351501465,3.2669999599456787,3.1075000762939453,617
2011-09-30,3.1449999809265137,3.182499885559082,3.194000005722046,3.1034998893737793,481
2011-10-03,3.140000104904175,3.072499990463257,3.1419999599456787,3.000999927520752,615
2011-10-04,3.0945000648498535,3.0880000591278076,3.125,3.071000099182129,125
2011-10-05,3.0975000858306885,3.115999937057495,3.118000030517578,3.0199999809265137,195
2011-10-06,3.239000082015991,3.2304999828338623,3.259999990463257,3.2265000343322754,115
2011-10-07,3.2664999961853027,3.312999963760376,3.318000078201294,3.2634999752044678,105
2011-10-10,3.361999988555908,3.366499900817871,3.36899995803833,3.259999990463257,451
2011-10-11,3.2874999046325684,3.2639999389648438,3.296999931335449,3.2339999675750732,215
2011-10-12,3.390500068664551,3.299999952316284,3.3914999961853027,3.299999952316284,135
2011-10-13,3.302500009536743,3.299999952316284,3.322499990463257,3.2869999408721924,158
2011-10-14,3.4049999713897705,3.390000104904175,3.4235000610351562,3.390000104904175,144
2011-10-17,3.373500108718872,3.4539999961853027,3.4539999961853027,3.3529999256134033,136
2011-10-18,3.3554999828338623,3.313499927520752,3.315000057220459,3.2699999809265137,223
2011-10-19,3.253999948501587,3.2899999618530273,3.308000087738037,3.2160000801086426,94
2011-10-20,3.054500102996826,3.190000057220459,3.190000057220459,3.0420000553131104,128
2011-10-21,3.2190001010894775,3.2190001010894775,3.2190001010894775,3.2190001010894775,118
2011-10-24,3.447000026702881,3.3570001125335693,3.4030001163482666,3.3570001125335693,672
2011-10-25,3.4189999103546143,3.4820001125335693,3.4820001125335693,3.365999937057495,191
2011-10-26,3.48799991607666,3.572499990463257,3.572499990463257,3.487499952316284,315
2011-10-27,3.688999891281128,3.688999891281128,3.688999891281128,3.6875,312
2011-10-28,3.7019999027252197,3.628000020980835,3.7119998931884766,3.628000020980835,693
2011-10-31,3.628999948501587,3.690000057220459,3.690999984741211,3.5769999027252197,312
2011-11-01,3.498500108718872,3.559999942779541,3.559999942779541,3.4674999713897705,346
2011-11-02,3.5785000324249268,3.5905001163482666,3.61299991607666,3.566999912261963,161
2011-11-03,3.5845000743865967,3.4719998836517334,3.5905001163482666,3.4719998836517334,184
2011-11-04,3.562999963760376,3.57450008392334,3.57450008392334,3.552500009536743,176
2011-11-07,3.5329999923706055,3.562999963760376,3.562999963760376,3.5329999923706055,121
2011-11-08,3.5320000648498535,3.559499979019165,3.559499979019165,3.5280001163482666,111
2011-11-09,3.438999891281128,3.563999891281128,3.577500104904175,3.3910000324249268,290
2011-11-10,3.372499942779541,3.3545000553131104,3.372499942779541,3.3494999408721924,129
2011-11-11,3.4619998931884766,3.3940000534057617,3.3940000534057617,3.3940000534057617,93
2011-11-14,3.4855000972747803,3.5169999599456787,3.5169999599456787,3.4825000762939453,138
2011-11-15,3.499000072479248,3.4655001163482666,3.499000072479248,3.4614999294281006,111
2011-11-16,3.4820001125335693,3.499000072479248,3.499000072479248,3.428999900817871,82
2011-11-17,3.381999969482422,3.4619998931884766,3.4619998931884766,3.3605000972747803,270
2011-11-18,3.4019999504089355,3.38100004196167,3.4045000076293945,3.380000114440918,151
2011-11-21,3.2990000247955322,3.36899995803833,3.36899995803833,3.2915000915527344,268
2011-11-22,3.3304998874664307,3.3320000171661377,3.3454999923706055,3.314500093460083,152
2011-11-23,3.2774999141693115,3.252500057220459,3.2774999141693115,3.252500057220459,287
2011-11-25,3.2679998874664307,3.2720000743865967,3.2739999294281006,3.2720000743865967,115
2011-11-28,3.3585000038146973,3.367500066757202,3.367500066757202,3.3585000038146973,46873
2011-11-29,3.375999927520752,3.3540000915527344,3.4019999504089355,3.3340001106262207,14053
2011-11-30,3.562999963760376,3.379499912261963,3.619999885559082,3.2960000038146973,5184
2011-12-01,3.5220000743865967,3.558500051498413,3.5815000534057617,3.50600004196167,1795
2011-12-02,3.572499990463257,3.5315001010894775,3.6085000038146973,3.5199999809265137,705
2011-12-05,3.6040000915527344,3.5999999046325684,3.619499921798706,3.5380001068115234,659
2011-12-06,3.565500020980835,3.5399999618530273,3.5850000381469727,3.5134999752044678,723
2011-12-07,3.5450000762939453,3.565500020980835,3.6019999980926514,3.5169999599456787,641
2011-12-08,3.489500045776367,3.549999952316284,3.5910000801086426,3.4755001068115234,894
2011-12-09,3.546999931335449,3.4719998836517334,3.562999963760376,3.4719998836517334,327
2011-12-12,3.4544999599456787,3.504499912261963,3.504499912261963,3.437999963760376,581
2011-12-13,3.432499885559082,3.443000078201294,3.4760000705718994,3.379499912261963,547
2011-12-14,3.2709999084472656,3.375,3.4094998836517334,3.252000093460083,475
2011-12-15,3.259500026702881,3.2869999408721924,3.309999942779541,3.25,243
2011-12-16,3.3239998817443848,3.2874999046325684,3.3499999046325684,3.2874999046325684,276
2011-12-19,3.3010001182556152,3.2844998836517334,3.321000099182129,3.2790000438690186,308
2011-12-20,3.36299991607666,3.322999954223633,3.378499984741211,3.322999954223633,185
2011-12-21,3.3889999389648438,3.371999979019165,3.4070000648498535,3.3515000343322754,216
2011-12-22,3.4089999198913574,3.380000114440918,3.4189999103546143,3.375999927520752,326
2011-12-23,3.4635000228881836,3.424999952316284,3.4635000228881836,3.424999952316284,363
2011-12-27,3.4040000438690186,3.430000066757202,3.430000066757202,3.3984999656677246,165
2011-12-28,3.359999895095825,3.3994998931884766,3.3994998931884766,3.359999895095825,262
2011-12-29,3.365499973297119,3.3299999237060547,3.3970000743865967,3.3299999237060547,350
2011-12-30,3.43149995803833,3.421999931335449,3.437999963760376,3.4175000190734863,240
2012-01-03,3.5250000953674316,3.4609999656677246,3.5309998989105225,3.4609999656677246,251
2012-01-04,3.429500102996826,3.4700000286102295,3.4800000190734863,3.4230000972747803,145
2012-01-05,3.422499895095825,3.4100000858306885,3.424499988555908,3.3965001106262207,175
2012-01-06,3.430999994277954,3.434000015258789,3.4375,3.3935000896453857,114
2012-01-09,3.4124999046325684,3.4005000591278076,3.4175000190734863,3.3959999084472656,107
2012-01-10,3.509999990463257,3.4065001010894775,3.509999990463257,3.4065001010894775,124
2012-01-11,3.5415000915527344,3.503999948501587,3.5485000610351562,3.487499952316284,139
2012-01-12,3.6440000534057617,3.616499900817871,3.6449999809265137,3.6024999618530273,106
2012-01-13,3.631999969482422,3.6040000915527344,3.6470000743865967,3.577500104904175,379
2012-01-17,3.7260000705718994,3.629499912261963,3.748500108718872,3.629499912261963,140
2012-01-18,3.746999979019165,3.74399995803833,3.747999906539917,3.743000030517578,144
2012-01-19,3.797499895095825,3.7834999561309814,3.810499906539917,3.7834999561309814,208
2012-01-20,3.740999937057495,3.7664999961853027,3.7664999961853027,3.7339999675750732,219
2012-01-23,3.7945001125335693,3.7290000915527344,3.7945001125335693,3.7290000915527344,83
2012-01-24,3.803999900817871,3.808500051498413,3.8125,3.752000093460083,185
2012-01-25,3.825000047683716,3.7639999389648438,3.8359999656677246,3.7639999389648438,212
2012-01-26,3.8970000743865967,3.8910000324249268,3.8975000381469727,3.880500078201294,150
2012-01-27,3.883500099182129,3.871500015258789,3.883500099182129,3.871500015258789,503
2012-01-30,3.822000026702881,3.8334999084472656,3.8399999141693115,3.802999973297119,612
2012-01-31,3.7874999046325684,3.868499994277954,3.868499994277954,3.7839999198913574,810
2012-02-01,3.8385000228881836,3.7839999198913574,3.8385000228881836,3.7839999198913574,177
2012-02-02,3.7769999504089355,3.808000087738037,3.827500104904175,3.7699999809265137,218
2012-02-03,3.8970000743865967,3.802500009536743,3.8970000743865967,3.7909998893737793,226
2012-02-06,3.8589999675750732,3.878000020980835,3.879499912261963,3.8334999084472656,253
2012-02-07,3.872499942779541,3.8399999141693115,3.872499942779541,3.802000045776367,291
2012-02-08,3.9059998989105225,3.9059998989105225,3.9059998989105225,3.9019999504089355,86
2012-02-09,3.9744999408721924,3.9544999599456787,3.9790000915527344,3.9544999599456787,207
2012-02-10,3.859499931335449,3.924999952316284,3.924999952316284,3.8469998836517334,196
2012-02-13,3.8369998931884766,3.880500078201294,3.884000062942505,3.8299999237060547,151
2012-02-14,3.811500072479248,3.807499885559082,3.811500072479248,3.7860000133514404,196
2012-02-15,3.7980000972747803,3.825500011444092,3.8315000534057617,3.7920000553131104,169
2012-02-16,3.7880001068115234,3.7335000038146973,3.808000087738037,3.7335000038146973,169
2012-02-17,3.7049999237060547,3.7690000534057617,3.7690000534057617,3.7019999027252197,197
2012-02-21,3.8334999084472656,3.751499891281128,3.8334999084472656,3.751499891281128,105
2012-02-22,3.8299999237060547,3.8264999389648438,3.8299999237060547,3.8264999389648438,129
2012-02-23,3.804500102996826,3.804500102996826,3.804500102996826,3.804500102996826,846
2012-02-24,3.862499952316284,3.865499973297119,3.880000114440918,3.862499952316284,312
2012-02-27,3.880000114440918,3.880000114440918,3.880000114440918,3.880000114440918,47176
2012-02-28,3.9119999408721924,3.869999885559082,3.948499917984009,3.8589999675750732,21246
2012-02-29,3.870500087738037,3.9024999141693115,3.952500104904175,3.799999952316284,6575
2012-03-01,3.924499988555908,3.865000009536743,3.928999900817871,3.8410000801086426,1943
2012-03-02,3.8954999446868896,3.928999900817871,3.941999912261963,3.887500047683716,947
2012-03-05,3.8524999618530273,3.9019999504089355,3.9140000343322754,3.8289999961853027,657
2012-03-06,3.7309999465942383,3.8499999046325684,3.8515000343322754,3.7284998893737793,1125
2012-03-07,3.760499954223633,3.756999969482422,3.7774999141693115,3.7095000743865967,691
2012-03-08,3.7860000133514404,3.7730000019073486,3.819999933242798,3.7690000534057617,575
2012-03-09,3.8524999618530273,3.7850000858306885,3.868499994277954,3.7850000858306885,581
2012-03-12,3.8315000534057617,3.8545000553131104,3.8545000553131104,3.817500114440918,530
2012-03-13,3.8965001106262207,3.8580000400543213,3.9059998989105225,3.8554999828338623,615
2012-03-14,3.8420000076293945,3.9054999351501465,3.9105000495910645,3.8259999752044678,599
2012-03-15,3.8919999599456787,3.8294999599456787,3.8965001106262207,3.819999933242798,345
2012-03-16,3.874000072479248,3.883500099182129,3.928999900817871,3.868000030517578,414
2012-03-19,3.9059998989105225,3.868000030517578,3.9144999980926514,3.8575000762939453,376
2012-03-20,3.828000068664551,3.8864998817443848,3.8864998817443848,3.812000036239624,612
2012-03-21,3.8494999408721924,3.8550000190734863,3.859999895095825,3.8359999656677246,594
2012-03-22,3.7674999237060547,3.8350000381469727,3.8364999294281006,3.759999990463257,542
2012-03-23,3.809499979019165,3.7990000247955322,3.8239998817443848,3.7674999237060547,658
2012-03-26,3.885499954223633,3.82450008392334,3.8984999656677246,3.822000026702881,784
2012-03-27,3.878999948501587,3.880500078201294,3.890500068664551,3.862499952316284,567
2012-03-28,3.7869999408721924,3.864000082015991,3.865499973297119,3.7869999408721924,748
2012-03-29,3.7939999103546143,3.797499895095825,3.809499979019165,3.7644999027252197,537
2012-03-30,3.8239998817443848,3.821000099182129,3.8434998989105225,3.819999933242798,450
2012-04-02,3.9184999465942383,3.872999906539917,3.928499937057495,3.8385000228881836,175
2012-04-03,3.9154999256134033,3.9149999618530273,3.950000047683716,3.880000114440918,335
2012-04-04,3.7855000495910645,3.88100004196167,3.88100004196167,3.7855000495910645,279
2012-04-05,3.7915000915527344,3.802999973297119,3.806999921798706,3.7799999713897705,285
2012-04-09,3.7160000801086426,3.7809998989105225,3.7820000648498535,3.7135000228881836,173
2012-04-10,3.6459999084472656,3.750499963760376,3.750499963760376,3.6459999084472656,271
2012-04-11,3.635999917984009,3.63700008392334,3.637500047683716,3.628999948501587,217
2012-04-12,3.7165000438690186,3.680500030517578,3.7165000438690186,3.680500030517578,224
2012-04-13,3.622999906539917,3.690999984741211,3.691999912261963,3.614000082015991,1195
2012-04-16,3.624000072479248,3.5885000228881836,3.624000072479248,3.5885000228881836,252
2012-04-17,3.6440000534057617,3.625,3.6454999446868896,3.6085000038146973,266
2012-04-18,3.628000020980835,3.6384999752044678,3.640500068664551,3.615000009536743,271
2012-04-19,3.626499891281128,3.625499963760376,3.629499912261963,3.617500066757202,213
2012-04-20,3.696000099182129,3.6410000324249268,3.7070000171661377,3.6410000324249268,199
2012-04-23,3.622999906539917,3.683500051498413,3.683500051498413,3.6070001125335693,234
2012-04-24,3.6714999675750732,3.6689999103546143,3.676500082015991,3.6575000286102295,265
2012-04-25,3.700500011444092,3.7090001106262207,3.7125000953674316,3.694000005722046,1018
2012-04-26,3.7679998874664307,3.740000009536743,3.7679998874664307,3.740000009536743,54689
2012-04-27,3.819999933242798,3.7715001106262207,3.8364999294281006,3.748500108718872,24057
2012-04-30,3.8334999084472656,3.8310000896453857,3.8589999675750732,3.799499988555908,4921
2012-05-01,3.8399999141693115,3.8415000438690186,3.8550000190734863,3.816999912261963,1109
2012-05-02,3.7855000495910645,3.8299999237060547,3.8299999237060547,3.765500068664551,974
2012-05-03,3.7335000038146973,3.7844998836517334,3.7844998836517334,3.7239999771118164,1224
2012-05-04,3.7239999771118164,3.7365000247955322,3.753499984741211,3.7054998874664307,916
2012-05-07,3.7774999141693115,3.7144999504089355,3.7785000801086426,3.676500082015991,399
2012-05-08,3.685499906539917,3.750499963760376,3.750999927520752,3.6700000762939453,414
2012-05-09,3.6695001125335693,3.694000005722046,3.694999933242798,3.616499900817871,558
2012-05-10,3.691499948501587,3.6714999675750732,3.7200000286102295,3.6610000133514404,618
2012-05-11,3.6484999656677246,3.6740000247955322,3.680999994277954,3.630000114440918,475
2012-05-14,3.556999921798706,3.6565001010894775,3.6565001010894775,3.5169999599456787,596
2012-05-15,3.5220000743865967,3.5199999809265137,3.549499988555908,3.490000009536743,430
2012-05-16,3.484999895095825,3.505500078201294,3.5190000534057617,3.4590001106262207,383
2012-05-17,3.4795000553131104,3.4825000762939453,3.5164999961853027,3.4639999866485596,379
2012-05-18,3.4695000648498535,3.4690001010894775,3.505000114440918,3.444999933242798,297
2012-05-21,3.503999948501587,3.4514999389648438,3.5334999561309814,3.446000099182129,235
2012-05-22,3.487499952316284,3.5174999237060547,3.5174999237060547,3.4639999866485596,301
2012-05-23,3.3980000019073486,3.4674999713897705,3.4700000286102295,3.3919999599456787,849
2012-05-24,3.428999900817871,3.4375,3.448499917984009,3.4189999103546143,297
2012-05-25,3.447999954223633,3.4539999961853027,3.4560000896453857,3.443000078201294,504
2012-05-29,3.4635000228881836,3.4744999408721924,3.494499921798706,3.4619998931884766,2544
2012-05-30,3.3864998817443848,3.450000047683716,3.450000047683716,3.369499921798706,1162
2012-05-31,3.362499952316284,3.377000093460083,3.390000104904175,3.3399999141693115,466
2012-06-01,3.309999942779541,3.359999895095825,3.371999979019165,3.301500082015991,283
2012-06-04,3.303999900817871,3.314500093460083,3.3385000228881836,3.245500087738037,282
2012-06-05,3.2885000705718994,3.3259999752044678,3.3259999752044678,3.2785000801086426,476
2012-06-06,3.378999948501587,3.308000087738037,3.38100004196167,3.308000087738037,219
2012-06-07,3.369499921798706,3.375499963760376,3.4260001182556152,3.3315000534057617,251
2012-06-08,3.2834999561309814,3.323499917984009,3.323499917984009,3.2734999656677246,389
2012-06-11,3.3450000286102295,3.374000072479248,3.380000114440918,3.3294999599456787,268
2012-06-12,3.3340001106262207,3.3345000743865967,3.3529999256134033,3.3239998817443848,229
2012-06-13,3.3399999141693115,3.3285000324249268,3.3524999618530273,3.314500093460083,352
2012-06-14,3.3540000915527344,3.3589999675750732,3.372499942779541,3.3259999752044678,197
2012-06-15,3.384999990463257,3.361999988555908,3.4100000858306885,3.361999988555908,242
2012-06-18,3.3959999084472656,3.3984999656677246,3.3984999656677246,3.378499984741211,130
2012-06-19,3.432499885559082,3.377500057220459,3.432499885559082,3.376499891281128,232
2012-06-20,3.3864998817443848,3.427500009536743,3.427500009536743,3.372499942779541,216
2012-06-21,3.2950000762939453,3.3529999256134033,3.3610000610351562,3.2925000190734863,309
2012-06-22,3.305000066757202,3.2990000247955322,3.307499885559082,3.2855000495910645,242
2012-06-25,3.313999891281128,3.307499885559082,3.3289999961853027,3.2960000038146973,197
2012-06-26,3.315500020980835,3.30649995803833,3.315500020980835,3.297499895095825,124
2012-06-27,3.3464999198913574,3.3340001106262207,3.3464999198913574,3.3340001106262207,45225
2012-06-28,3.3259999752044678,3.3415000438690186,3.3610000610351562,3.312000036239624,19225
2012-06-29,3.490000009536743,3.3369998931884766,3.506500005722046,3.328000068664551,3755
2012-07-02,3.4649999141693115,3.487499952316284,3.492500066757202,3.446500062942505,2427
2012-07-03,3.5344998836517334,3.4600000381469727,3.549999952316284,3.4600000381469727,797
2012-07-05,3.48799991607666,3.5299999713897705,3.5329999923706055,3.4679999351501465,906
2012-07-06,3.4045000076293945,3.494999885559082,3.495500087738037,3.4019999504089355,554
2012-07-09,3.4260001182556152,3.4030001163482666,3.434499979019165,3.4000000953674316,366
2012-07-10,3.3929998874664307,3.430000066757202,3.430000066757202,3.380500078201294,1027
2012-07-11,3.443000078201294,3.4035000801086426,3.446000099182129,3.3889999389648438,526
2012-07-12,3.4114999771118164,3.4184999465942383,3.427000045776367,3.384000062942505,394
2012-07-13,3.500499963760376,3.440000057220459,3.500499963760376,3.440000057220459,584
2012-07-16,3.4809999465942383,3.4860000610351562,3.498500108718872,3.4700000286102295,218
2012-07-17,3.453000068664551,3.503999948501587,3.503999948501587,3.43149995803833,683
2012-07-18,3.4730000495910645,3.4690001010894775,3.4744999408721924,3.438999891281128,263
2012-07-19,3.5339999198913574,3.492000102996826,3.5390000343322754,3.490000009536743,294
2012-07-20,3.448499917984009,3.506999969482422,3.506999969482422,3.4230000972747803,661
2012-07-23,3.381500005722046,3.390000104904175,3.3945000171661377,3.3475000858306885,929
2012-07-24,3.3529999256134033,3.369999885559082,3.380000114440918,3.3529999256134033,459
2012-07-25,3.375,3.369999885559082,3.3970000743865967,3.3615000247955322,529
2012-07-26,3.3940000534057617,3.375,3.421999931335449,3.375,279
2012-07-27,3.4260001182556152,3.4165000915527344,3.427000045776367,3.4110000133514404,722
2012-07-30,3.4149999618530273,3.4235000610351562,3.424499988555908,3.4100000858306885,857
2012-07-31,3.4195001125335693,3.438999891281128,3.438999891281128,3.4149999618530273,380
2012-08-01,3.376499891281128,3.383500099182129,3.3910000324249268,3.3505001068115234,340
2012-08-02,3.2925000190734863,3.381500005722046,3.381500005722046,3.2925000190734863,401
2012-08-03,3.371000051498413,3.316499948501587,3.371500015258789,3.316499948501587,156
2012-08-06,3.3929998874664307,3.3559999465942383,3.3929998874664307,3.3519999980926514,245
2012-08-07,3.444999933242798,3.4514999389648438,3.4514999389648438,3.440000057220459,140
2012-08-08,3.427500009536743,3.4140000343322754,3.434999942779541,3.4140000343322754,625
2012-08-09,3.437000036239624,3.4200000762939453,3.437000036239624,3.4165000915527344,199
2012-08-10,3.4089999198913574,3.3959999084472656,3.4149999618530273,3.381500005722046,191
2012-08-13,3.3585000038146973,3.379499912261963,3.379499912261963,3.3575000762939453,243
2012-08-14,3.359499931335449,3.380000114440918,3.380000114440918,3.3524999618530273,132
2012-08-15,3.3515000343322754,3.3615000247955322,3.361999988555908,3.3410000801086426,179
2012-08-16,3.385999917984009,3.364500045776367,3.385999917984009,3.364500045776367,75
2012-08-17,3.421999931335449,3.4059998989105225,3.426500082015991,3.4059998989105225,131
2012-08-20,3.373500108718872,3.359999895095825,3.375,3.359999895095825,160
2012-08-21,3.4565000534057617,3.447499990463257,3.4565000534057617,3.440000057220459,136
2012-08-22,3.4600000381469727,3.4539999961853027,3.4600000381469727,3.4539999961853027,76
2012-08-23,3.496000051498413,3.494999885559082,3.504499912261963,3.494999885559082,121
2012-08-24,3.48799991607666,3.4814999103546143,3.48799991607666,3.4814999103546143,249
2012-08-27,3.484499931335449,3.4820001125335693,3.487499952316284,3.4769999980926514,185
2012-08-28,3.4700000286102295,3.4704999923706055,3.4714999198913574,3.4600000381469727,391
2012-08-29,3.4625000953674316,3.440000057220459,3.4625000953674316,3.433500051498413,38825
2012-08-30,3.440500020980835,3.435499906539917,3.4885001182556152,3.42549991607666,19374
2012-08-31,3.4539999961853027,3.439500093460083,3.4639999866485596,3.4045000076293945,4668
2012-09-04,3.4684998989105225,3.443000078201294,3.490999937057495,3.429500102996826,1826
2012-09-05,3.5320000648498535,3.4700000286102295,3.5344998836517334,3.450000047683716,1357
2012-09-06,3.5234999656677246,3.5255000591278076,3.5439999103546143,3.499000072479248,1014
2012-09-07,3.6559998989105225,3.5264999866485596,3.6584999561309814,3.5264999866485596,909
2012-09-10,3.700000047683716,3.6559998989105225,3.7070000171661377,3.6494998931884766,547
2012-09-11,3.7144999504089355,3.680000066757202,3.7200000286102295,3.6679999828338623,691
2012-09-12,3.7100000381469727,3.687999963760376,3.740000009536743,3.6875,354
2012-09-13,3.7269999980926514,3.702500104904175,3.765000104904175,3.6875,385
2012-09-14,3.8515000343322754,3.752000093460083,3.8519999980926514,3.749000072479248,462
2012-09-17,3.809999942779541,3.8289999961853027,3.8289999961853027,3.76200008392334,295
2012-09-18,3.802500009536743,3.7790000438690186,3.808000087738037,3.765000104904175,330
2012-09-19,3.8289999961853027,3.80649995803833,3.8485000133514404,3.803999900817871,532
2012-09-20,3.7725000381469727,3.815500020980835,3.815500020980835,3.757499933242798,689
2012-09-21,3.803499937057495,3.7945001125335693,3.809000015258789,3.7899999618530273,840
2012-09-24,3.745500087738037,3.7634999752044678,3.7634999752044678,3.7355000972747803,583
2012-09-25,3.7734999656677246,3.7685000896453857,3.7920000553131104,3.740499973297119,666
2012-09-26,3.7139999866485596,3.755500078201294,3.755500078201294,3.7109999656677246,516
2012-09-27,3.747999906539917,3.7160000801086426,3.7780001163482666,3.7139999866485596,487
2012-09-28,3.7730000019073486,3.748500108718872,3.7730000019073486,3.745500087738037,435
2012-10-01,3.7929999828338623,3.753000020980835,3.808500051498413,3.753000020980835,228
2012-10-02,3.806999921798706,3.7925000190734863,3.8259999752044678,3.7899999618530273,249
2012-10-03,3.7939999103546143,3.7894999980926514,3.7939999103546143,3.7699999809265137,229
2012-10-04,3.7939999103546143,3.7880001068115234,3.799999952316284,3.7839999198913574,236
2012-10-05,3.7860000133514404,3.7850000858306885,3.815000057220459,3.7669999599456787,218
2012-10-08,3.7269999980926514,3.760999917984009,3.760999917984009,3.7235000133514404,170
2012-10-09,3.7290000915527344,3.7300000190734863,3.752500057220459,3.7184998989105225,221
2012-10-10,3.7290000915527344,3.7100000381469727,3.736999988555908,3.7090001106262207,159
2012-10-11,3.759000062942505,3.7049999237060547,3.7864999771118164,3.7049999237060547,177
2012-10-12,3.7144999504089355,3.75,3.75,3.7014999389648438,257
2012-10-15,3.7114999294281006,3.690000057220459,3.7125000953674316,3.6700000762939453,224
2012-10-16,3.7079999446868896,3.7249999046325684,3.7249999046325684,3.7049999237060547,179
2012-10-17,3.752500057220459,3.7174999713897705,3.753999948501587,3.7174999713897705,171
2012-10-18,3.746999979019165,3.756500005722046,3.756500005722046,3.7314999103546143,194
2012-10-19,3.6484999656677246,3.7214999198913574,3.7214999198913574,3.640000104904175,290
2012-10-22,3.625499963760376,3.640000104904175,3.640000104904175,3.619499921798706,179
2012-10-23,3.5759999752044678,3.5834999084472656,3.5840001106262207,3.569499969482422,178
2012-10-24,3.5759999752044678,3.5840001106262207,3.5840001106262207,3.5625,137
2012-10-25,3.564500093460083,3.5875000953674316,3.5875000953674316,3.555000066757202,201
2012-10-26,3.563499927520752,3.5409998893737793,3.5785000324249268,3.5409998893737793,154
2012-10-31,3.5269999504089355,3.5439999103546143,3.5450000762939453,3.5190000534057617,241
2012-11-01,3.555000066757202,3.549999952316284,3.570499897003174,3.546999931335449,350
2012-11-02,3.4830000400543213,3.5464999675750732,3.5464999675750732,3.4830000400543213,375
2012-11-05,3.4704999923706055,3.500999927520752,3.502000093460083,3.4509999752044678,291
2012-11-06,3.50600004196167,3.48799991607666,3.515000104904175,3.4825000762939453,276
2012-11-07,3.443000078201294,3.5244998931884766,3.5250000953674316,3.433500051498413,335
2012-11-08,3.4704999923706055,3.440500020980835,3.4704999923706055,3.440500020980835,181
2012-11-09,3.44950008392334,3.4800000190734863,3.4800000190734863,3.4075000286102295,185
2012-11-12,3.4730000495910645,3.4600000381469727,3.4730000495910645,3.4539999961853027,137
2012-11-13,3.4730000495910645,3.4600000381469727,3.500999927520752,3.440000057220459,219
2012-11-14,3.4554998874664307,3.4709999561309814,3.4709999561309814,3.447000026702881,197
2012-11-15,3.4644999504089355,3.4560000896453857,3.4700000286102295,3.4549999237060547,222
2012-11-16,3.4535000324249268,3.4574999809265137,3.4605000019073486,3.446500062942505,179
2012-11-19,3.5274999141693115,3.5,3.5344998836517334,3.5,262
2012-11-20,3.515000104904175,3.510999917984009,3.515500068664551,3.510999917984009,343
2012-11-21,3.496000051498413,3.509500026702881,3.509500026702881,3.489000082015991,190
2012-11-23,3.5274999141693115,3.5274999141693115,3.5295000076293945,3.5274999141693115,187
2012-11-26,3.5360000133514404,3.5339999198913574,3.5360000133514404,3.5260000228881836,251
2012-11-27,3.5364999771118164,3.5364999771118164,3.5374999046325684,3.5299999713897705,269
2012-11-28,3.5220000743865967,3.5215001106262207,3.5220000743865967,3.509999990463257,45023
2012-11-29,3.5885000228881836,3.5285000801086426,3.6059999465942383,3.5239999294281006,15540
2012-11-30,3.629499912261963,3.578000068664551,3.629499912261963,3.56850004196167,5553
2012-12-03,3.640000104904175,3.625999927520752,3.6429998874664307,3.625,780
2012-12-04,3.633500099182129,3.63700008392334,3.6584999561309814,3.617500066757202,864
2012-12-05,3.6670000553131104,3.6364998817443848,3.6714999675750732,3.633500099182129,756
2012-12-06,3.627000093460083,3.6589999198913574,3.6624999046325684,3.619499921798706,581
2012-12-07,3.6475000381469727,3.6364998817443848,3.6579999923706055,3.625999927520752,472
2012-12-10,3.690500020980835,3.6435000896453857,3.702500104904175,3.6435000896453857,417
2012-12-11,3.6710000038146973,3.682499885559082,3.685499906539917,3.6700000762939453,398
2012-12-12,3.700000047683716,3.6760001182556152,3.7019999027252197,3.6624999046325684,522
2012-12-13,3.6445000171661377,3.690000057220459,3.690000057220459,3.6435000896453857,497
2012-12-14,3.6649999618530273,3.671999931335449,3.67549991607666,3.6570000648498535,423
2012-12-17,3.6489999294281006,3.6575000286102295,3.6654999256134033,3.634000062942505,405
2012-12-18,3.6364998817443848,3.6589999198913574,3.6610000133514404,3.630000114440918,493
2012-12-19,3.5950000286102295,3.6394999027252197,3.640500068664551,3.5899999141693115,686
2012-12-20,3.5250000953674316,3.577500104904175,3.5799999237060547,3.5174999237060547,256
2012-12-21,3.555500030517578,3.5299999713897705,3.562000036239624,3.5290000438690186,297
2012-12-24,3.5339999198913574,3.559000015258789,3.559000015258789,3.5339999198913574,180
2012-12-26,3.5829999446868896,3.564500093460083,3.6019999980926514,3.564500093460083,375
2012-12-27,3.5899999141693115,3.5869998931884766,3.5899999141693115,3.5820000171661377,689
2012-12-28,3.577500104904175,3.5994999408721924,3.6019999980926514,3.575000047683716,446
2012-12-31,3.6410000324249268,3.572000026702881,3.6410000324249268,3.572000026702881,243
2013-01-02,3.7244999408721924,3.640500068664551,3.744999885559082,3.640500068664551,766
2013-01-03,3.7014999389648438,3.7184998989105225,3.7314999103546143,3.678499937057495,439
2013-01-04,3.678499937057495,3.684499979019165,3.690000057220459,3.678499937057495,437
2013-01-07,3.6630001068115234,3.684999942779541,3.684999942779541,3.6424999237060547,359
2013-01-08,3.6570000648498535,3.6619999408721924,3.6635000705718994,3.6519999504089355,363
2013-01-09,3.6565001010894775,3.682499885559082,3.692500114440918,3.6535000801086426,286
2013-01-10,3.694499969482422,3.6570000648498535,3.700000047683716,3.6570000648498535,339
2013-01-11,3.6394999027252197,3.6705000400543213,3.674499988555908,3.6394999027252197,354
2013-01-14,3.619499921798706,3.6624999046325684,3.6740000247955322,3.619499921798706,292
2013-01-15,3.622999906539917,3.5969998836517334,3.623500108718872,3.5969998836517334,288
2013-01-16,3.5910000801086426,3.5929999351501465,3.6034998893737793,3.5910000801086426,258
2013-01-17,3.6470000743865967,3.632499933242798,3.6500000953674316,3.632499933242798,330
2013-01-18,3.6635000705718994,3.6600000858306885,3.677999973297119,3.6524999141693115,223
2013-01-22,3.690999984741211,3.6540000438690186,3.690999984741211,3.6540000438690186,349
2013-01-23,3.6710000038146973,3.680000066757202,3.680000066757202,3.6684999465942383,275
2013-01-24,3.6644999980926514,3.6579999923706055,3.674999952316284,3.6519999504089355,285
2013-01-25,3.6394999027252197,3.6649999618530273,3.6649999618530273,3.633500099182129,298
2013-01-28,3.6489999294281006,3.637500047683716,3.6600000858306885,3.633500099182129,236
2013-01-29,3.677500009536743,3.6459999084472656,3.677500009536743,3.6459999084472656,782
2013-01-30,3.740000009536743,3.694000005722046,3.740499973297119,3.694000005722046,637
2013-01-31,3.7235000133514404,3.753000020980835,3.753000020980835,3.7225000858306885,334
2013-02-01,3.7755000591278076,3.7309999465942383,3.7755000591278076,3.7309999465942383,244
2013-02-04,3.758500099182129,3.7669999599456787,3.7669999599456787,3.758500099182129,196
2013-02-05,3.7614998817443848,3.7634999752044678,3.7685000896453857,3.752500057220459,267
2013-02-06,3.7335000038146973,3.755500078201294,3.755500078201294,3.7314999103546143,242
2013-02-07,3.7200000286102295,3.740000009536743,3.740000009536743,3.7174999713897705,148
2013-02-08,3.753499984741211,3.757999897003174,3.757999897003174,3.752500057220459,192
2013-02-11,3.7179999351501465,3.7330000400543213,3.7330000400543213,3.7100000381469727,158
2013-02-12,3.7365000247955322,3.7309999465942383,3.739000082015991,3.7309999465942383,223
2013-02-13,3.7339999675750732,3.75,3.75,3.7300000190734863,217
2013-02-14,3.7300000190734863,3.737499952316284,3.737499952316284,3.7300000190734863,158
2013-02-15,3.7309999465942383,3.737499952316284,3.737499952316284,3.7209999561309814,180
2013-02-19,3.6445000171661377,3.7049999237060547,3.7049999237060547,3.6445000171661377,370
2013-02-20,3.6054999828338623,3.619999885559082,3.619999885559082,3.5969998836517334,231
2013-02-21,3.55049991607666,3.5455000400543213,3.55049991607666,3.5455000400543213,107
2013-02-22,3.5299999713897705,3.5439999103546143,3.5439999103546143,3.5299999713897705,166
2013-02-25,3.5409998893737793,3.552999973297119,3.556999921798706,3.5230000019073486,384
2013-02-26,3.566499948501587,3.5164999961853027,3.566499948501587,3.5164999961853027,55453
2013-02-27,3.5450000762939453,3.572999954223633,3.577500104904175,3.5434999465942383,16369
2013-02-28,3.5274999141693115,3.555500030517578,3.5810000896453857,3.5250000953674316,2891
2013-03-01,3.4814999103546143,3.5320000648498535,3.5364999771118164,3.4539999961853027,1469
2013-03-04,3.4830000400543213,3.48799991607666,3.504499912261963,3.4679999351501465,888
2013-03-05,3.496500015258789,3.502000093460083,3.5264999866485596,3.496500015258789,704
2013-03-06,3.4739999771118164,3.509000062942505,3.5199999809265137,3.4700000286102295,588
2013-03-07,3.501499891281128,3.486999988555908,3.51200008392334,3.4784998893737793,476
2013-03-08,3.491499900817871,3.500499963760376,3.509999990463257,3.484999895095825,639
2013-03-11,3.5,3.484999895095825,3.503499984741211,3.4649999141693115,392
2013-03-12,3.5380001068115234,3.505000114440918,3.549999952316284,3.490000009536743,529
2013-03-13,3.509500026702881,3.5390000343322754,3.549999952316284,3.509500026702881,318
2013-03-14,3.5234999656677246,3.506500005722046,3.5260000228881836,3.5,515
2013-03-15,3.507999897003174,3.5299999713897705,3.5299999713897705,3.504499912261963,499
2013-03-18,3.4170000553131104,3.494999885559082,3.494999885559082,3.4000000953674316,477
2013-03-19,3.3954999446868896,3.4240000247955322,3.4240000247955322,3.380500078201294,380
2013-03-20,3.435499906539917,3.3864998817443848,3.447499990463257,3.3864998817443848,200
2013-03-21,3.4230000972747803,3.440999984741211,3.4765000343322754,3.4154999256134033,248
2013-03-22,3.4539999961853027,3.44350004196167,3.4674999713897705,3.441999912261963,380
2013-03-25,3.434999942779541,3.4704999923706055,3.4709999561309814,3.430000066757202,375
2013-03-26,3.432499885559082,3.4549999237060547,3.4590001106262207,3.432499885559082,591
2013-03-27,3.434999942779541,3.434499979019165,3.44950008392334,3.4159998893737793,1221
2013-03-28,3.3949999809265137,3.448499917984009,3.448499917984009,3.3935000896453857,259
2013-04-01,3.367500066757202,3.380000114440918,3.380000114440918,3.3510000705718994,235
2013-04-02,3.371999979019165,3.359999895095825,3.371999979019165,3.3550000190734863,254
2013-04-03,3.325500011444092,3.3499999046325684,3.359999895095825,3.319999933242798,413
2013-04-04,3.3454999923706055,3.30049991607666,3.3580000400543213,3.30049991607666,329
2013-04-05,3.3399999141693115,3.3394999504089355,3.3440001010894775,3.3324999809265137,646
2013-04-08,3.368000030517578,3.372499942779541,3.372499942779541,3.3575000762939453,150
2013-04-09,3.437999963760376,3.4000000953674316,3.445499897003174,3.3949999809265137,279
2013-04-10,3.4140000343322754,3.4210000038146973,3.424999952316284,3.4110000133514404,153
2013-04-11,3.427999973297119,3.4010000228881836,3.432499885559082,3.4010000228881836,127
2013-04-12,3.3489999771118164,3.4100000858306885,3.4195001125335693,3.3324999809265137,375
2013-04-15,3.2799999713897705,3.3450000286102295,3.3464999198913574,3.242500066757202,645
2013-04-16,3.30649995803833,3.2920000553131104,3.30649995803833,3.2920000553131104,148
2013-04-17,3.187999963760376,3.309999942779541,3.309999942779541,3.187999963760376,216
2013-04-18,3.2044999599456787,3.1700000762939453,3.2049999237060547,3.1480000019073486,311
2013-04-19,3.1514999866485596,3.1875,3.1875,3.1480000019073486,242
2013-04-22,3.131999969482422,3.1384999752044678,3.1384999752044678,3.121000051498413,268
2013-04-23,3.0940001010894775,3.128000020980835,3.128000020980835,3.06850004196167,196
2013-04-24,3.1579999923706055,3.1594998836517334,3.177999973297119,3.1500000953674316,172
2013-04-25,3.23799991607666,3.2295000553131104,3.253000020980835,3.2274999618530273,152
2013-04-26,3.184999942779541,3.184999942779541,3.184999942779541,3.184999942779541,61830
2013-04-29,3.2255001068115234,3.176500082015991,3.240999937057495,3.1510000228881836,9094
2013-04-30,3.1875,3.2219998836517334,3.244499921798706,3.177500009536743,2894
2013-05-01,3.0824999809265137,3.187000036239624,3.187000036239624,3.0510001182556152,1255
2013-05-02,3.1045000553131104,3.070499897003174,3.134000062942505,3.070499897003174,814
2013-05-03,3.313499927520752,3.1435000896453857,3.315000057220459,3.1429998874664307,774
2013-05-06,3.309999942779541,3.2960000038146973,3.3239998817443848,3.2904999256134033,359
2013-05-07,3.30049991607666,3.2925000190734863,3.305500030517578,3.265000104904175,678
2013-05-08,3.371000051498413,3.302000045776367,3.390000104904175,3.302000045776367,525
2013-05-09,3.3415000438690186,3.3550000190734863,3.3550000190734863,3.318000078201294,287
2013-05-10,3.3559999465942383,3.3445000648498535,3.385499954223633,3.3239998817443848,300
2013-05-13,3.361999988555908,3.3499999046325684,3.375499963760376,3.3454999923706055,423
2013-05-14,3.2904999256134033,3.3469998836517334,3.3469998836517334,3.2820000648498535,393
2013-05-15,3.2669999599456787,3.2864999771118164,3.2864999771118164,3.2355000972747803,457
2013-05-16,3.2920000553131104,3.2679998874664307,3.302999973297119,3.239000082015991,486
2013-05-17,3.321000099182129,3.2825000286102295,3.3259999752044678,3.2825000286102295,535
2013-05-20,3.3570001125335693,3.2899999618530273,3.364500045776367,3.2899999618530273,582
2013-05-21,3.3389999866485596,3.367000102996826,3.371000051498413,3.3329999446868896,351
2013-05-22,3.377500057220459,3.3975000381469727,3.4049999713897705,3.3635001182556152,280
2013-05-23,3.299499988555908,3.299999952316284,3.315999984741211,3.2660000324249268,325
2013-05-24,3.2915000915527344,3.2950000762939453,3.3010001182556152,3.2815001010894775,165
2013-05-28,3.311500072479248,3.299999952316284,3.3310000896453857,3.296999931335449,355
2013-05-29,3.2909998893737793,3.2725000381469727,3.2909998893737793,3.2715001106262207,695
2013-05-30,3.310499906539917,3.2799999713897705,3.322999954223633,3.257999897003174,2541
2013-05-31,3.2890000343322754,3.307499885559082,3.311500072479248,3.265500068664551,333
2013-06-03,3.3269999027252197,3.2990000247955322,3.3324999809265137,3.2945001125335693,438
2013-06-04,3.365000009536743,3.3269999027252197,3.365000009536743,3.3269999027252197,419
2013-06-05,3.367000102996826,3.3570001125335693,3.390000104904175,3.3570001125335693,207
2013-06-06,3.315999984741211,3.3585000038146973,3.3585000038146973,3.305000066757202,410
2013-06-07,3.2660000324249268,3.321000099182129,3.321000099182129,3.255000114440918,190
2013-06-10,3.239000082015991,3.2190001010894775,3.240999937057495,3.2190001010894775,289
2013-06-11,3.193000078201294,3.2360000610351562,3.244499921798706,3.177000045776367,400
2013-06-12,3.2249999046325684,3.180999994277954,3.2249999046325684,3.180500030517578,188
2013-06-13,3.184999942779541,3.2170000076293945,3.2269999980926514,3.1700000762939453,717
2013-06-14,3.2044999599456787,3.2105000019073486,3.2105000019073486,3.191999912261963,249
2013-06-17,3.2019999027252197,3.2339999675750732,3.2339999675750732,3.190000057220459,182
2013-06-18,3.1570000648498535,3.1624999046325684,3.1624999046325684,3.1519999504089355,119
2013-06-19,3.1435000896453857,3.1640000343322754,3.1649999618530273,3.128999948501587,201
2013-06-20,3.061500072479248,3.119999885559082,3.119999885559082,3.0445001125335693,254
2013-06-21,3.0964999198913574,3.0450000762939453,3.1024999618530273,3.0445001125335693,202
2013-06-24,3.0260000228881836,3.0174999237060547,3.0485000610351562,3.006500005722046,141
2013-06-25,3.071000099182129,3.0250000953674316,3.0850000381469727,3.0250000953674316,198
2013-06-26,3.0409998893737793,3.0385000705718994,3.065000057220459,3.0385000705718994,70664
2013-06-27,3.052500009536743,3.0510001182556152,3.0785000324249268,3.0350000858306885,18959
2013-06-28,3.05049991607666,3.0490000247955322,3.0799999237060547,3.007999897003174,2563
2013-07-01,3.1549999713897705,3.0320000648498535,3.1610000133514404,3.0320000648498535,1342
2013-07-02,3.1419999599456787,3.1549999713897705,3.1600000858306885,3.127500057220459,915
2013-07-03,3.1740000247955322,3.1454999446868896,3.176500082015991,3.140000104904175,716
2013-07-05,3.0799999237060547,3.174999952316284,3.174999952316284,3.065500020980835,1057
2013-07-08,3.1115000247955322,3.0885000228881836,3.116499900817871,3.0759999752044678,631
2013-07-09,3.0759999752044678,3.1045000553131104,3.121500015258789,3.0394999980926514,577
2013-07-10,3.1010000705718994,3.0829999446868896,3.1045000553131104,3.0480000972747803,324
2013-07-11,3.183500051498413,3.134000062942505,3.2074999809265137,3.134000062942505,628
2013-07-12,3.1705000400543213,3.18149995803833,3.190999984741211,3.1549999713897705,286
2013-07-15,3.1610000133514404,3.1684999465942383,3.1684999465942383,3.1410000324249268,315
2013-07-16,3.19950008392334,3.1559998989105225,3.200000047683716,3.1559998989105225,203
2013-07-17,3.140500068664551,3.187999963760376,3.2014999389648438,3.125,441
2013-07-18,3.1424999237060547,3.134500026702881,3.1480000019073486,3.131999969482422,276
2013-07-19,3.1500000953674316,3.1505000591278076,3.1624999046325684,3.1424999237060547,470
2013-07-22,3.189500093460083,3.193000078201294,3.2039999961853027,3.186500072479248,282
2013-07-23,3.197999954223633,3.190000057220459,3.2165000438690186,3.1760001182556152,386
2013-07-24,3.18149995803833,3.194999933242798,3.2295000553131104,3.172499895095825,227
2013-07-25,3.188499927520752,3.182499885559082,3.188999891281128,3.1540000438690186,259
2013-07-26,3.1089999675750732,3.1610000133514404,3.1630001068115234,3.1064999103546143,643
2013-07-29,3.116499900817871,3.115000009536743,3.116499900817871,3.1015000343322754,647
2013-07-30,3.0409998893737793,3.0934998989105225,3.0934998989105225,3.0369999408721924,323
2013-07-31,3.118499994277954,3.0815000534057617,3.121999979019165,3.066999912261963,400
2013-08-01,3.1640000343322754,3.134999990463257,3.184000015258789,3.134999990463257,419
2013-08-02,3.1695001125335693,3.1630001068115234,3.196500062942505,3.1419999599456787,403
2013-08-05,3.1670000553131104,3.1484999656677246,3.1675000190734863,3.1484999656677246,154
2013-08-06,3.171999931335449,3.2014999389648438,3.203000068664551,3.1710000038146973,323
2013-08-07,3.177500009536743,3.1654999256134033,3.187000036239624,3.1389999389648438,679
2013-08-08,3.2704999446868896,3.248500108718872,3.2795000076293945,3.248500108718872,466
2013-08-09,3.308500051498413,3.265000104904175,3.311000108718872,3.2639999389648438,143
2013-08-12,3.30649995803833,3.3294999599456787,3.3294999599456787,3.2950000762939453,180
2013-08-13,3.31850004196167,3.32450008392334,3.3269999027252197,3.309000015258789,239
2013-08-14,3.3405001163482666,3.315500020980835,3.3405001163482666,3.311000108718872,167
2013-08-15,3.3380000591278076,3.32450008392334,3.3515000343322754,3.301500082015991,241
2013-08-16,3.364500045776367,3.3545000553131104,3.378000020980835,3.3480000495910645,128
2013-08-19,3.3364999294281006,3.3429999351501465,3.3450000286102295,3.3289999961853027,147
2013-08-20,3.3394999504089355,3.319999933242798,3.3440001010894775,3.319999933242798,136
2013-08-21,3.311500072479248,3.327500104904175,3.3304998874664307,3.2950000762939453,224
2013-08-22,3.3329999446868896,3.364500045776367,3.364500045776367,3.3299999237060547,129
2013-08-23,3.3519999980926514,3.3499999046325684,3.3610000610351562,3.3399999141693115,198
2013-08-26,3.322000026702881,3.374000072479248,3.374000072479248,3.311000108718872,273
2013-08-27,3.3324999809265137,3.359999895095825,3.364500045776367,3.3285000324249268,263
2013-08-28,3.306999921798706,3.309999942779541,3.321000099182129,3.30649995803833,45734
2013-08-29,3.24399995803833,3.303999900817871,3.314500093460083,3.2335000038146973,15556
2013-08-30,3.2249999046325684,3.236999988555908,3.259000062942505,3.2074999809265137,0
2013-09-03,3.2964999675750732,3.25,3.319000005722046,3.2385001182556152,873
2013-09-04,3.2365000247955322,3.297499895095825,3.297499895095825,3.2239999771118164,589
2013-09-05,3.240999937057495,3.240499973297119,3.252000093460083,3.2190001010894775,411
2013-09-06,3.257999897003174,3.239500045776367,3.2820000648498535,3.239500045776367,558
2013-09-09,3.2755000591278076,3.257999897003174,3.2960000038146973,3.257499933242798,417
2013-09-10,3.2614998817443848,3.259999990463257,3.2874999046325684,3.258500099182129,423
2013-09-11,3.256500005722046,3.2679998874664307,3.2820000648498535,3.255000114440918,828
2013-09-12,3.2125000953674316,3.2715001106262207,3.2720000743865967,3.194999933242798,681
2013-09-13,3.2070000171661377,3.2009999752044678,3.2300000190734863,3.194999933242798,461
2013-09-16,3.2269999980926514,3.2699999809265137,3.2790000438690186,3.2149999141693115,431
2013-09-17,3.2279999256134033,3.2309999465942383,3.243499994277954,3.2214999198913574,455
2013-09-18,3.2834999561309814,3.2200000286102295,3.321500062942505,3.2200000286102295,334
2013-09-19,3.3499999046325684,3.325500011444092,3.3529999256134033,3.325500011444092,275
2013-09-20,3.327500104904175,3.3450000286102295,3.3499999046325684,3.308500051498413,400
2013-09-23,3.308000087738037,3.2825000286102295,3.308500051498413,3.2825000286102295,404
2013-09-24,3.265500068664551,3.2934999465942383,3.2934999465942383,3.247499942779541,414
2013-09-25,3.2804999351501465,3.2730000019073486,3.2820000648498535,3.2730000019073486,304
2013-09-26,3.303999900817871,3.304500102996826,3.319999933242798,3.302500009536743,1305
2013-09-27,3.325500011444092,3.2990000247955322,3.325500011444092,3.2985000610351562,409
2013-09-30,3.321000099182129,3.2929999828338623,3.3355000019073486,3.2929999828338623,496
2013-10-01,3.2720000743865967,3.31850004196167,3.3299999237060547,3.255000114440918,311
2013-10-02,3.311500072479248,3.2674999237060547,3.313999891281128,3.2674999237060547,221
2013-10-03,3.26200008392334,3.304500102996826,3.304500102996826,3.257499933242798,607
2013-10-04,3.2934999465942383,3.2639999389648438,3.302000045776367,3.2639999389648438,142
2013-10-07,3.2894999980926514,3.2720000743865967,3.2960000038146973,3.2664999961853027,325
2013-10-08,3.2820000648498535,3.2864999771118164,3.306999921798706,3.2809998989105225,252
2013-10-09,3.2214999198913574,3.2829999923706055,3.2829999923706055,3.2170000076293945,313
2013-10-10,3.240999937057495,3.2255001068115234,3.242500066757202,3.2130000591278076,467
2013-10-11,3.265000104904175,3.244999885559082,3.2669999599456787,3.2295000553131104,551
2013-10-14,3.299999952316284,3.305999994277954,3.305999994277954,3.2925000190734863,97
2013-10-15,3.303999900817871,3.30049991607666,3.303999900817871,3.30049991607666,94
2013-10-16,3.30049991607666,3.260499954223633,3.3010001182556152,3.260499954223633,233
2013-10-17,3.2890000343322754,3.2795000076293945,3.2964999675750732,3.2760000228881836,145
2013-10-18,3.2929999828338623,3.2850000858306885,3.309999942779541,3.2839999198913574,194
2013-10-21,3.2960000038146973,3.2990000247955322,3.2990000247955322,3.2874999046325684,88
2013-10-22,3.3285000324249268,3.309999942779541,3.3304998874664307,3.309999942779541,106
2013-10-23,3.2664999961853027,3.319999933242798,3.319999933242798,3.259000062942505,270
2013-10-24,3.260999917984009,3.260999917984009,3.2674999237060547,3.244999885559082,82
2013-10-25,3.265500068664551,3.244999885559082,3.265500068664551,3.240000009536743,201
2013-10-28,3.260999917984009,3.2690000534057617,3.2725000381469727,3.260999917984009,221
2013-10-29,3.2755000591278076,3.2809998989105225,3.2820000648498535,3.2755000591278076,403
2013-10-30,3.320499897003174,3.2730000019073486,3.325000047683716,3.2730000019073486,292
2013-10-31,3.2945001125335693,3.311000108718872,3.311000108718872,3.2909998893737793,434
2013-11-01,3.2934999465942383,3.2950000762939453,3.313999891281128,3.2909998893737793,285
2013-11-04,3.247499942779541,3.2709999084472656,3.2739999294281006,3.246500015258789,308
2013-11-05,3.252500057220459,3.260999917984009,3.260999917984009,3.2385001182556152,102
2013-11-06,3.234999895095825,3.255500078201294,3.2660000324249268,3.2200000286102295,175
2013-11-07,3.249000072479248,3.240499973297119,3.249000072479248,3.2325000762939453,243
2013-11-08,3.253000020980835,3.246000051498413,3.262500047683716,3.2300000190734863,212
2013-11-11,3.26200008392334,3.2699999809265137,3.2699999809265137,3.249000072479248,118
2013-11-12,3.2365000247955322,3.2339999675750732,3.2365000247955322,3.2214999198913574,79
2013-11-13,3.1640000343322754,3.200000047683716,3.200000047683716,3.1624999046325684,261
2013-11-14,3.1610000133514404,3.1619999408721924,3.1695001125335693,3.1475000381469727,283
2013-11-15,3.1730000972747803,3.1689999103546143,3.181999921798706,3.1559998989105225,151
2013-11-18,3.1535000801086426,3.180000066757202,3.180000066757202,3.1535000801086426,112
2013-11-19,3.1619999408721924,3.1589999198913574,3.172499895095825,3.1589999198913574,82
2013-11-20,3.1614999771118164,3.1624999046325684,3.1730000972747803,3.1505000591278076,348
2013-11-21,3.197499990463257,3.180000066757202,3.200000047683716,3.180000066757202,188
2013-11-22,3.2265000343322754,3.2190001010894775,3.2325000762939453,3.2190001010894775,202
2013-11-25,3.239000082015991,3.2249999046325684,3.245500087738037,3.2249999046325684,426
2013-11-26,3.2290000915527344,3.240999937057495,3.240999937057495,3.2230000495910645,40475
2013-11-27,3.200500011444092,3.203000068664551,3.2290000915527344,3.186000108718872,23767
2013-11-29,3.2304999828338623,3.2135000228881836,3.254499912261963,3.2035000324249268,2737
2013-12-02,3.2174999713897705,3.2274999618530273,3.242000102996826,3.2035000324249268,1788
2013-12-03,3.2009999752044678,3.2230000495910645,3.2249999046325684,3.194499969482422,915
2013-12-04,3.2715001106262207,3.203000068664551,3.2715001106262207,3.19950008392334,682
2013-12-05,3.2614998817443848,3.249500036239624,3.262500047683716,3.242000102996826,305
2013-12-06,3.2695000171661377,3.2674999237060547,3.2904999256134033,3.2634999752044678,568
2013-12-09,3.2955000400543213,3.260999917984009,3.2955000400543213,3.259500026702881,1231
2013-12-10,3.301500082015991,3.2909998893737793,3.313499927520752,3.2874999046325684,516
2013-12-11,3.3315000534057617,3.301500082015991,3.3315000534057617,3.301500082015991,574
2013-12-12,3.3320000171661377,3.3289999961853027,3.3420000076293945,3.322000026702881,419
2013-12-13,3.3519999980926514,3.3299999237060547,3.3570001125335693,3.31850004196167,581
2013-12-16,3.375999927520752,3.359999895095825,3.377000093460083,3.3554999828338623,506
2013-12-17,3.367000102996826,3.365000009536743,3.378499984741211,3.359999895095825,533
2013-12-18,3.3610000610351562,3.3550000190734863,3.371000051498413,3.3499999046325684,646
2013-12-19,3.3405001163482666,3.3499999046325684,3.3499999046325684,3.319999933242798,395
2013-12-20,3.3480000495910645,3.3380000591278076,3.3550000190734863,3.3380000591278076,542
2013-12-23,3.3505001068115234,3.3469998836517334,3.3529999256134033,3.3440001010894775,590
2013-12-24,3.4175000190734863,3.3570001125335693,3.42549991607666,3.3570001125335693,334
2013-12-26,3.44950008392334,3.4200000762939453,3.44950008392334,3.4200000762939453,434
2013-12-27,3.4700000286102295,3.430500030517578,3.4700000286102295,3.4170000553131104,622
2013-12-30,3.4205000400543213,3.4200000762939453,3.424999952316284,3.4154999256134033,348
2013-12-31,3.441499948501587,3.4200000762939453,3.441499948501587,3.4045000076293945,205
2014-01-02,3.43149995803833,3.4660000801086426,3.4660000801086426,3.4230000972747803,350
2014-01-03,3.4059998989105225,3.427500009536743,3.427500009536743,3.3940000534057617,356
2014-01-06,3.4119999408721924,3.384000062942505,3.4119999408721924,3.384000062942505,358
2014-01-07,3.4110000133514404,3.4100000858306885,3.4140000343322754,3.3970000743865967,296
2014-01-08,3.3935000896453857,3.4084999561309814,3.424999952316284,3.3894999027252197,185
2014-01-09,3.3540000915527344,3.380000114440918,3.380000114440918,3.3445000648498535,351
2014-01-10,3.38700008392334,3.368000030517578,3.3980000019073486,3.367500066757202,301
2014-01-13,3.4000000953674316,3.4100000858306885,3.4100000858306885,3.369999885559082,249
2014-01-14,3.388000011444092,3.3929998874664307,3.3945000171661377,3.375,236
2014-01-15,3.4065001010894775,3.380500078201294,3.4089999198913574,3.3605000972747803,213
2014-01-16,3.3910000324249268,3.4059998989105225,3.4059998989105225,3.375999927520752,275
2014-01-17,3.378499984741211,3.384999990463257,3.4070000648498535,3.371500015258789,390
2014-01-21,3.3914999961853027,3.369999885559082,3.3914999961853027,3.3499999046325684,414
2014-01-22,3.375,3.385499954223633,3.387500047683716,3.365000009536743,229
2014-01-23,3.322499990463257,3.3610000610351562,3.3610000610351562,3.319000005722046,198
2014-01-24,3.303999900817871,3.3299999237060547,3.3299999237060547,3.2990000247955322,177
2014-01-27,3.2939999103546143,3.2899999618530273,3.308000087738037,3.2864999771118164,216
2014-01-28,3.2855000495910645,3.2939999103546143,3.2939999103546143,3.2804999351501465,205
2014-01-29,3.2679998874664307,3.2750000953674316,3.2880001068115234,3.260999917984009,459
2014-01-30,3.23799991607666,3.259000062942505,3.260499954223633,3.2214999198913574,341
2014-01-31,3.2204999923706055,3.240999937057495,3.241499900817871,3.2100000381469727,412
2014-02-03,3.19950008392334,3.2160000801086426,3.2170000076293945,3.192500114440918,174
2014-02-04,3.2170000076293945,3.2170000076293945,3.2200000286102295,3.2149999141693115,1197
2014-02-05,3.2144999504089355,3.2330000400543213,3.2330000400543213,3.2109999656677246,142
2014-02-06,3.259000062942505,3.2290000915527344,3.265000104904175,3.2290000915527344,290
2014-02-07,3.2709999084472656,3.2660000324249268,3.2769999504089355,3.2639999389648438,183
2014-02-10,3.2720000743865967,3.2799999713897705,3.2804999351501465,3.259999990463257,242
2014-02-11,3.2699999809265137,3.2715001106262207,3.2764999866485596,3.259999990463257,324
2014-02-12,3.315500020980835,3.2874999046325684,3.315500020980835,3.2874999046325684,246
2014-02-13,3.306999921798706,3.303999900817871,3.306999921798706,3.265000104904175,325
2014-02-14,3.320499897003174,3.311500072479248,3.3239998817443848,3.309999942779541,317
2014-02-18,3.3405001163482666,3.359999895095825,3.359999895095825,3.3289999961853027,247
2014-02-19,3.3355000019073486,3.3369998931884766,3.3540000915527344,3.325000047683716,307
2014-02-20,3.3239998817443848,3.319999933242798,3.327500104904175,3.315999984741211,250
2014-02-21,3.3359999656677246,3.319000005722046,3.3369998931884766,3.319000005722046,202
2014-02-24,3.3589999675750732,3.2790000438690186,3.3589999675750732,3.2764999866485596,296
2014-02-25,3.3380000591278076,3.3334999084472656,3.3405001163482666,3.305000066757202,424
2014-02-26,3.2695000171661377,3.319000005722046,3.319499969482422,3.2685000896453857,34530
2014-02-27,3.2365000247955322,3.2304999828338623,3.249500036239624,3.2255001068115234,7593
2014-02-28,3.2385001182556152,3.239000082015991,3.253999948501587,3.2265000343322754,2077
2014-03-03,3.2204999923706055,3.2314999103546143,3.249000072479248,3.2084999084472656,611
2014-03-04,3.2614998817443848,3.2174999713897705,3.265000104904175,3.2135000228881836,747
2014-03-05,3.253000020980835,3.254499912261963,3.2699999809265137,3.249500036239624,765
2014-03-06,3.2755000591278076,3.246500015258789,3.2780001163482666,3.246500015258789,577
2014-03-07,3.1565001010894775,3.2715001106262207,3.2715001106262207,3.1465001106262207,1515
2014-03-10,3.1105000972747803,3.1530001163482666,3.1530001163482666,3.0894999504089355,796
2014-03-11,3.0309998989105225,3.121999979019165,3.127500057220459,3.0255000591278076,516
2014-03-12,3.0260000228881836,3.0244998931884766,3.0510001182556152,2.98799991607666,369
2014-03-13,2.990499973297119,3.0399999618530273,3.0399999618530273,2.9709999561309814,292
2014-03-14,3.013000011444092,2.995500087738037,3.0204999446868896,2.9769999980926514,294
2014-03-17,3.002000093460083,3.00600004196167,3.0399999618530273,2.9804999828338623,323
2014-03-18,2.994499921798706,3.0215001106262207,3.0215001106262207,2.989000082015991,243
2014-03-19,3.0280001163482666,2.990000009536743,3.0344998836517334,2.927500009536743,273
2014-03-20,2.9760000705718994,3.0239999294281006,3.0239999294281006,2.9549999237060547,419
2014-03-21,2.99399995803833,2.9830000400543213,3.0230000019073486,2.9719998836517334,283
2014-03-24,2.989500045776367,2.990000009536743,3.000499963760376,2.9839999675750732,320
2014-03-25,3.0455000400543213,2.992500066757202,3.063499927520752,2.992500066757202,574
2014-03-26,3.010499954223633,3.0480000972747803,3.0480000972747803,3.003000020980835,517
2014-03-27,3.0364999771118164,3.0350000858306885,3.0364999771118164,3.006500005722046,358
2014-03-28,3.059000015258789,3.0299999713897705,3.063499927520752,3.0244998931884766,521
2014-03-31,3.0464999675750732,3.0485000610351562,3.055500030517578,3.0429999828338623,450
2014-04-01,3.055000066757202,3.0455000400543213,3.059999942779541,3.0445001125335693,273
2014-04-02,3.065000057220459,3.069499969482422,3.0915000438690186,3.058000087738037,248
2014-04-03,3.046999931335449,3.0369999408721924,3.052000045776367,3.0369999408721924,236
2014-04-04,3.0429999828338623,3.053999900817871,3.077500104904175,3.0355000495910645,210
2014-04-07,3.063499927520752,3.0174999237060547,3.06850004196167,3.0,179
2014-04-08,3.0764999389648438,3.059999942779541,3.0799999237060547,3.059999942779541,151
2014-04-09,3.065999984741211,3.057499885559082,3.077500104904175,3.0364999771118164,183
2014-04-10,3.068000078201294,3.068000078201294,3.075000047683716,3.059000015258789,103
2014-04-11,3.065999984741211,3.075000047683716,3.0920000076293945,3.059499979019165,217
2014-04-14,3.066999912261963,3.0769999027252197,3.077500104904175,3.065999984741211,227
2014-04-15,3.0164999961853027,3.0490000247955322,3.0490000247955322,2.998500108718872,393
2014-04-16,3.05049991607666,3.0190000534057617,3.069999933242798,3.0190000534057617,145
2014-04-17,3.069499969482422,3.059999942779541,3.0794999599456787,3.0480000972747803,184
2014-04-21,3.068000078201294,3.059999942779541,3.072499990463257,3.057499885559082,217
2014-04-22,3.0785000324249268,3.064500093460083,3.0824999809265137,3.061000108718872,141
2014-04-23,3.0820000171661377,3.062999963760376,3.0899999141693115,3.062999963760376,135
2014-04-24,3.1364998817443848,3.0899999141693115,3.1445000171661377,3.0899999141693115,137
2014-04-25,3.127000093460083,3.119499921798706,3.127500057220459,3.119499921798706,227
2014-04-28,3.1085000038146973,3.127000093460083,3.134500026702881,3.1085000038146973,29680
2014-04-29,3.072499990463257,3.1085000038146973,3.1115000247955322,3.06850004196167,7404
2014-04-30,3.0295000076293945,3.078000068664551,3.0834999084472656,3.0209999084472656,2671
2014-05-01,3.0290000438690186,3.0260000228881836,3.0364999771118164,3.012500047683716,588
2014-05-02,3.0815000534057617,3.0360000133514404,3.0815000534057617,3.0304999351501465,403
2014-05-05,3.071000099182129,3.0785000324249268,3.0855000019073486,3.066999912261963,399
2014-05-06,3.075000047683716,3.068000078201294,3.0810000896453857,3.068000078201294,223
2014-05-07,3.05049991607666,3.070499897003174,3.0759999752044678,3.0360000133514404,404
2014-05-08,3.0824999809265137,3.054500102996826,3.0864999294281006,3.049999952316284,324
2014-05-09,3.1005001068115234,3.0829999446868896,3.1054999828338623,3.0785000324249268,363
2014-05-12,3.1665000915527344,3.1089999675750732,3.1710000038146973,3.1089999675750732,470
2014-05-13,3.1494998931884766,3.1614999771118164,3.1695001125335693,3.1394999027252197,419
2014-05-14,3.1740000247955322,3.1500000953674316,3.184999942779541,3.140500068664551,441
2014-05-15,3.1619999408721924,3.177000045776367,3.177000045776367,3.1594998836517334,434
2014-05-16,3.1610000133514404,3.1640000343322754,3.1730000972747803,3.1549999713897705,276
2014-05-19,3.179500102996826,3.174999952316284,3.194999933242798,3.1730000972747803,391
2014-05-20,3.1559998989105225,3.177500009536743,3.184999942779541,3.1424999237060547,672
2014-05-21,3.130500078201294,3.135999917984009,3.135999917984009,3.1075000762939453,414
2014-05-22,3.1519999504089355,3.140000104904175,3.1549999713897705,3.130000114440918,312
2014-05-23,3.180000066757202,3.1649999618530273,3.183000087738037,3.1649999618530273,277
2014-05-27,3.19350004196167,3.186500072479248,3.200000047683716,3.180000066757202,574
2014-05-28,3.188499927520752,3.184999942779541,3.200000047683716,3.180000066757202,693
2014-05-29,3.1535000801086426,3.179500102996826,3.179500102996826,3.1480000019073486,668
2014-05-30,3.135999917984009,3.1449999809265137,3.1670000553131104,3.134500026702881,317
2014-06-02,3.178999900817871,3.1554999351501465,3.180999994277954,3.1554999351501465,319
2014-06-03,3.1454999446868896,3.1614999771118164,3.1614999771118164,3.1419999599456787,245
2014-06-04,3.0934998989105225,3.0964999198913574,3.0999999046325684,3.0910000801086426,311
2014-06-05,3.0910000801086426,3.0810000896453857,3.0945000648498535,3.078000068664551,256
2014-06-06,3.052999973297119,3.0905001163482666,3.0905001163482666,3.0374999046325684,422
2014-06-09,3.0455000400543213,3.05649995803833,3.058500051498413,3.0309998989105225,259
2014-06-10,3.055000066757202,3.0299999713897705,3.061000108718872,3.0290000438690186,241
2014-06-11,3.0420000553131104,3.0390000343322754,3.052000045776367,3.0329999923706055,309
2014-06-12,3.0169999599456787,3.0299999713897705,3.0299999713897705,3.015500068664551,227
2014-06-13,3.0304999351501465,3.0409998893737793,3.0415000915527344,3.0290000438690186,450
2014-06-16,3.046999931335449,3.055999994277954,3.057499885559082,3.0464999675750732,208
2014-06-17,3.057499885559082,3.062000036239624,3.066499948501587,3.0439999103546143,265
2014-06-18,3.055500030517578,3.065000057220459,3.069999933242798,3.055000066757202,183
2014-06-19,3.075000047683716,3.052000045776367,3.075000047683716,3.052000045776367,218
2014-06-20,3.117500066757202,3.069499969482422,3.121000051498413,3.069499969482422,346
2014-06-23,3.1454999446868896,3.1424999237060547,3.1570000648498535,3.1424999237060547,230
2014-06-24,3.1465001106262207,3.1514999866485596,3.1514999866485596,3.1435000896453857,545
2014-06-25,3.1605000495910645,3.140000104904175,3.1605000495910645,3.130000114440918,498
2014-06-26,3.1610000133514404,3.1589999198913574,3.1640000343322754,3.1505000591278076,32938
2014-06-27,3.1489999294281006,3.1654999256134033,3.177000045776367,3.1465001106262207,9621
2014-06-30,3.187999963760376,3.1505000591278076,3.194000005722046,3.1470000743865967,1719
2014-07-01,3.190999984741211,3.190000057220459,3.1989998817443848,3.184999942779541,650
2014-07-02,3.252500057220459,3.190000057220459,3.253999948501587,3.1740000247955322,491
2014-07-03,3.265000104904175,3.248500108718872,3.2679998874664307,3.234999895095825,657
2014-07-07,3.248500108718872,3.25600004196167,3.256500005722046,3.2235000133514404,356
2014-07-08,3.243000030517578,3.240499973297119,3.2685000896453857,3.237499952316284,286
2014-07-09,3.2365000247955322,3.249500036239624,3.257999897003174,3.2355000972747803,420
2014-07-10,3.25600004196167,3.239000082015991,3.2639999389648438,3.2244999408721924,344
2014-07-11,3.258500099182129,3.2614998817443848,3.262500047683716,3.239000082015991,338
2014-07-14,3.2385001182556152,3.2744998931884766,3.2744998931884766,3.2365000247955322,322
2014-07-15,3.2385001182556152,3.2300000190734863,3.247999906539917,3.2174999713897705,271
2014-07-16,3.2049999237060547,3.236999988555908,3.242000102996826,3.200000047683716,367
2014-07-17,3.2090001106262207,3.2035000324249268,3.2109999656677246,3.194000005722046,322
2014-07-18,3.1740000247955322,3.2070000171661377,3.2070000171661377,3.1619999408721924,390
2014-07-21,3.186500072479248,3.1730000972747803,3.191499948501587,3.1679999828338623,176
2014-07-22,3.195499897003174,3.2019999027252197,3.2135000228881836,3.194000005722046,230
2014-07-23,3.194999933242798,3.195499897003174,3.1989998817443848,3.19350004196167,374
2014-07-24,3.253999948501587,3.2054998874664307,3.253999948501587,3.2054998874664307,217
2014-07-25,3.2269999980926514,3.246500015258789,3.265000104904175,3.2265000343322754,217
2014-07-28,3.2309999465942383,3.2325000762939453,3.240499973297119,3.2309999465942383,296
2014-07-29,3.2095000743865967,3.240000009536743,3.240000009536743,3.2095000743865967,558
2014-07-30,3.2325000762939453,3.2114999294281006,3.240000009536743,3.200000047683716,725
2014-07-31,3.2230000495910645,3.234499931335449,3.244999885559082,3.2204999923706055,375
2014-08-01,3.2065000534057617,3.2244999408721924,3.242000102996826,3.2065000534057617,224
2014-08-04,3.2365000247955322,3.2109999656677246,3.243000030517578,3.197999954223633,376
2014-08-05,3.1989998817443848,3.2249999046325684,3.2249999046325684,3.194499969482422,458
2014-08-06,3.1624999046325684,3.182499885559082,3.184499979019165,3.1549999713897705,557
2014-08-07,3.1705000400543213,3.1659998893737793,3.1760001182556152,3.1654999256134033,265
2014-08-08,3.1659998893737793,3.1579999923706055,3.17549991607666,3.1570000648498535,315
2014-08-11,3.1670000553131104,3.180000066757202,3.190000057220459,3.1640000343322754,296
2014-08-12,3.1489999294281006,3.1600000858306885,3.180000066757202,3.1419999599456787,365
2014-08-13,3.1059999465942383,3.125499963760376,3.126499891281128,3.1059999465942383,263
2014-08-14,3.0855000019073486,3.0950000286102295,3.0950000286102295,3.0804998874664307,204
2014-08-15,3.0969998836517334,3.0899999141693115,3.1034998893737793,3.0885000228881836,249
2014-08-18,3.1029999256134033,3.1010000705718994,3.1115000247955322,3.1010000705718994,238
2014-08-19,3.0855000019073486,3.1080000400543213,3.109499931335449,3.0855000019073486,420
2014-08-20,3.1740000247955322,3.11299991607666,3.1740000247955322,3.111999988555908,380
2014-08-21,3.171999931335449,3.1600000858306885,3.177000045776367,3.1600000858306885,262
2014-08-22,3.1989998817443848,3.184999942779541,3.2044999599456787,3.184999942779541,213
2014-08-25,3.2135000228881836,3.197999954223633,3.2135000228881836,3.197999954223633,155
2014-08-26,3.181999921798706,3.2039999961853027,3.2039999961853027,3.181999921798706,172
2014-08-27,3.174499988555908,3.171999931335449,3.174499988555908,3.1705000400543213,24355
2014-08-28,3.126499891281128,3.171999931335449,3.184000015258789,3.121000051498413,5334
2014-08-29,3.134999990463257,3.122499942779541,3.1524999141693115,3.122499942779541,1533
2014-09-02,3.134500026702881,3.1454999446868896,3.1489999294281006,3.119999885559082,1112
2014-09-03,3.1115000247955322,3.1389999389648438,3.1435000896453857,3.109499931335449,1108
2014-09-04,3.1384999752044678,3.122999906539917,3.1559998989105225,3.122999906539917,513
2014-09-05,3.1579999923706055,3.1429998874664307,3.1600000858306885,3.130000114440918,528
2014-09-08,3.1575000286102295,3.172499895095825,3.197499990463257,3.1559998989105225,479
2014-09-09,3.0945000648498535,3.134000062942505,3.13700008392334,3.0850000381469727,979
2014-09-10,3.1045000553131104,3.0989999771118164,3.1080000400543213,3.0899999141693115,438
2014-09-11,3.0869998931884766,3.0940001010894775,3.0940001010894775,3.059000015258789,315
2014-09-12,3.1019999980926514,3.0905001163482666,3.1019999980926514,3.0789999961853027,323
2014-09-15,3.0810000896453857,3.0875000953674316,3.0875000953674316,3.067500114440918,298
2014-09-16,3.1600000858306885,3.1050000190734863,3.200000047683716,3.0934998989105225,258
2014-09-17,3.1414999961853027,3.1494998931884766,3.1494998931884766,3.128499984741211,223
2014-09-18,3.0924999713897705,3.127000093460083,3.127500057220459,3.0915000438690186,199
2014-09-19,3.0885000228881836,3.0880000591278076,3.1005001068115234,3.0769999027252197,225
2014-09-22,3.0380001068115234,3.059000015258789,3.059000015258789,3.0295000076293945,373
2014-09-23,3.0344998836517334,3.05649995803833,3.059000015258789,3.0344998836517334,240
2014-09-24,3.059499979019165,3.0299999713897705,3.061000108718872,3.0280001163482666,402
2014-09-25,3.059999942779541,3.062000036239624,3.0625,3.0434999465942383,449
2014-09-26,3.0290000438690186,3.066999912261963,3.066999912261963,3.0290000438690186,634
2014-09-29,3.052999973297119,3.0169999599456787,3.055500030517578,3.0169999599456787,594
2014-09-30,3.005500078201294,3.0290000438690186,3.0290000438690186,3.005000114440918,331
2014-10-01,3.0334999561309814,3.003000020980835,3.0355000495910645,3.003000020980835,243
2014-10-02,2.996500015258789,3.0350000858306885,3.0355000495910645,2.984999895095825,338
2014-10-03,2.994499921798706,3.0,3.0114998817443848,2.994499921798706,350
2014-10-06,3.0304999351501465,3.0199999809265137,3.0360000133514404,3.015000104904175,307
2014-10-07,3.0344998836517334,3.0274999141693115,3.0344998836517334,3.0199999809265137,211
2014-10-08,3.0,3.0439999103546143,3.0439999103546143,2.996000051498413,228
2014-10-09,3.0280001163482666,3.0399999618530273,3.052500009536743,3.0274999141693115,143
2014-10-10,3.0320000648498535,3.0204999446868896,3.0329999923706055,2.996000051498413,200
2014-10-13,3.0364999771118164,3.0385000705718994,3.0420000553131104,3.0304999351501465,205
2014-10-14,3.0850000381469727,3.0350000858306885,3.0985000133514404,3.0325000286102295,162
2014-10-15,3.004499912261963,3.072999954223633,3.0794999599456787,2.989000082015991,197
2014-10-16,2.9784998893737793,3.009999990463257,3.0195000171661377,2.9565000534057617,183
2014-10-17,3.000999927520752,2.9725000858306885,3.009500026702881,2.9565000534057617,110
2014-10-20,2.990499973297119,2.9809999465942383,2.995500087738037,2.9749999046325684,329
2014-10-21,3.0309998989105225,2.994499921798706,3.0325000286102295,2.994499921798706,142
2014-10-22,3.0225000381469727,3.0420000553131104,3.0420000553131104,3.0225000381469727,242
2014-10-23,3.049999952316284,3.0415000915527344,3.055000066757202,3.0415000915527344,217
2014-10-24,3.0510001182556152,3.059999942779541,3.065999984741211,3.0510001182556152,113
2014-10-27,3.078000068664551,3.0420000553131104,3.0785000324249268,3.0399999618530273,194
2014-10-28,3.1085000038146973,3.0980000495910645,3.1085000038146973,3.0980000495910645,84
2014-10-29,3.111999988555908,3.1050000190734863,3.11899995803833,3.0999999046325684,535
2014-10-30,3.072000026702881,3.0910000801086426,3.0910000801086426,3.049999952316284,483
2014-10-31,3.061000108718872,3.0799999237060547,3.0799999237060547,3.059999942779541,292
2014-11-03,3.0794999599456787,3.051500082015991,3.0794999599456787,3.049999952316284,182
2014-11-04,3.0334999561309814,3.057499885559082,3.057499885559082,3.0204999446868896,217
2014-11-05,3.0225000381469727,3.009500026702881,3.0225000381469727,3.005000114440918,302
2014-11-06,3.0304999351501465,3.0185000896453857,3.0339999198913574,3.0185000896453857,208
2014-11-07,3.052500009536743,3.0299999713897705,3.055000066757202,3.0299999713897705,241
2014-11-10,3.0274999141693115,3.0445001125335693,3.0460000038146973,3.0274999141693115,268
2014-11-11,3.0415000915527344,3.010499954223633,3.0415000915527344,3.00600004196167,222
2014-11-12,3.0344998836517334,3.0374999046325684,3.0374999046325684,3.0329999923706055,198
2014-11-13,2.999500036239624,3.0315001010894775,3.0339999198913574,2.992000102996826,226
2014-11-14,3.058000087738037,3.005500078201294,3.058000087738037,3.005500078201294,337
2014-11-17,3.049499988555908,3.0480000972747803,3.052999973297119,3.0480000972747803,253
2014-11-18,3.010999917984009,3.007499933242798,3.0164999961853027,3.007499933242798,252
2014-11-19,3.046999931335449,3.003999948501587,3.049999952316284,3.003999948501587,403
2014-11-20,3.0274999141693115,3.002500057220459,3.0299999713897705,3.001499891281128,394
2014-11-21,3.0350000858306885,3.0439999103546143,3.077500104904175,3.0350000858306885,175
2014-11-24,3.003999948501587,3.0350000858306885,3.0364999771118164,2.997999906539917,273
2014-11-25,2.9609999656677246,3.002000093460083,3.002500057220459,2.9605000019073486,50357
2014-11-26,2.9600000381469727,2.9570000171661377,2.9755001068115234,2.9260001182556152,13236
2014-11-28,2.859999895095825,2.9600000381469727,2.9790000915527344,2.8564999103546143,4445
2014-12-01,2.930500030517578,2.8575000762939453,2.940500020980835,2.7990000247955322,1035
2014-12-02,2.9135000705718994,2.922499895095825,2.922499895095825,2.877500057220459,246
2014-12-03,2.8929998874664307,2.9100000858306885,2.9105000495910645,2.88700008392334,440
2014-12-04,2.932499885559082,2.888000011444092,2.940999984741211,2.888000011444092,564
2014-12-05,2.92549991607666,2.92549991607666,2.944999933242798,2.9214999675750732,408
2014-12-08,2.9105000495910645,2.9195001125335693,2.934999942779541,2.9079999923706055,361
2014-12-09,2.946500062942505,2.9045000076293945,2.9539999961853027,2.890000104904175,562
2014-12-10,2.9140000343322754,2.942500114440918,2.942500114440918,2.9105000495910645,327
2014-12-11,2.940999984741211,2.9200000762939453,2.945499897003174,2.9130001068115234,357
2014-12-12,2.946500062942505,2.930500030517578,2.947999954223633,2.9260001182556152,219
2014-12-15,2.8980000019073486,2.942500114440918,2.9600000381469727,2.885999917984009,326
2014-12-16,2.877500057220459,2.8929998874664307,2.8959999084472656,2.859999895095825,440
2014-12-17,2.887500047683716,2.882499933242798,2.9000000953674316,2.8499999046325684,254
2014-12-18,2.872499942779541,2.887500047683716,2.8889999389648438,2.86899995803833,158
2014-12-19,2.9079999923706055,2.8894999027252197,2.9149999618530273,2.8894999027252197,189
2014-12-22,2.9035000801086426,2.9205000400543213,2.9205000400543213,2.8989999294281006,164
2014-12-23,2.9019999504089355,2.885999917984009,2.9024999141693115,2.881999969482422,198
2014-12-24,2.874500036239624,2.8949999809265137,2.8949999809265137,2.874500036239624,134
2014-12-26,2.8355000019073486,2.875999927520752,2.881999969482422,2.8334999084472656,248
2014-12-29,2.8380000591278076,2.8554999828338623,2.8554999828338623,2.8380000591278076,535
2014-12-30,2.86899995803833,2.8610000610351562,2.874500036239624,2.8499999046325684,468
2014-12-31,2.8385000228881836,2.8615000247955322,2.864500045776367,2.8380000591278076,194
2015-01-02,2.8385000228881836,2.8420000076293945,2.8420000076293945,2.8364999294281006,220
2015-01-05,2.7929999828338623,2.8294999599456787,2.8294999599456787,2.7880001068115234,326
2015-01-06,2.803999900817871,2.7950000762939453,2.805999994277954,2.7915000915527344,312
2015-01-07,2.7960000038146973,2.7920000553131104,2.809000015258789,2.7909998893737793,463
2015-01-08,2.806999921798706,2.7960000038146973,2.817500114440918,2.7864999771118164,242
2015-01-09,2.7904999256134033,2.803999900817871,2.808000087738037,2.7880001068115234,303
2015-01-12,2.763000011444092,2.7934999465942383,2.7934999465942383,2.745500087738037,311
2015-01-13,2.678999900817871,2.759500026702881,2.759500026702881,2.634999990463257,599
2015-01-14,2.552999973297119,2.6480000019073486,2.6480000019073486,2.499500036239624,328
2015-01-15,2.6110000610351562,2.6045000553131104,2.634999990463257,2.6005001068115234,359
2015-01-16,2.6540000438690186,2.616499900817871,2.6624999046325684,2.5855000019073486,467
2015-01-20,2.615499973297119,2.623500108718872,2.623500108718872,2.6034998893737793,593
2015-01-21,2.615000009536743,2.5810000896453857,2.634500026702881,2.5810000896453857,508
2015-01-22,2.6005001068115234,2.6045000553131104,2.612499952316284,2.5789999961853027,180
2015-01-23,2.5374999046325684,2.559999942779541,2.568000078201294,2.5339999198913574,216
2015-01-26,2.573499917984009,2.503999948501587,2.5794999599456787,2.493000030517578,182
2015-01-27,2.5134999752044678,2.572499990463257,2.572499990463257,2.4804999828338623,314
2015-01-28,2.5215001106262207,2.5199999809265137,2.5464999675750732,2.503000020980835,527
2015-01-29,2.4704999923706055,2.4784998893737793,2.48799991607666,2.430000066757202,572
2015-01-30,2.5280001163482666,2.4649999141693115,2.5394999980926514,2.4649999141693115,309
2015-02-02,2.510999917984009,2.509999990463257,2.5460000038146973,2.507499933242798,403
2015-02-03,2.5999999046325684,2.5850000381469727,2.612499952316284,2.565000057220459,281
2015-02-04,2.611999988555908,2.6029999256134033,2.617000102996826,2.5869998931884766,374
2015-02-05,2.611999988555908,2.5889999866485596,2.627000093460083,2.560499906539917,229
2015-02-06,2.6029999256134033,2.6024999618530273,2.6070001125335693,2.5875000953674316,211
2015-02-09,2.5989999771118164,2.5880000591278076,2.6024999618530273,2.578000068664551,305
2015-02-10,2.5625,2.5899999141693115,2.5899999141693115,2.5485000610351562,301
2015-02-11,2.552500009536743,2.558000087738037,2.5815000534057617,2.552000045776367,225
2015-02-12,2.6089999675750732,2.5999999046325684,2.622499942779541,2.5889999866485596,348
2015-02-13,2.6135001182556152,2.626499891281128,2.629499912261963,2.6080000400543213,242
2015-02-17,2.5945000648498535,2.609999895095825,2.625,2.56850004196167,332
2015-02-18,2.6394999027252197,2.621500015258789,2.6414999961853027,2.61899995803833,308
2015-02-19,2.6414999961853027,2.619499921798706,2.6424999237060547,2.6034998893737793,233
2015-02-20,2.6105000972747803,2.625999927520752,2.632999897003174,2.6034998893737793,235
2015-02-23,2.6394999027252197,2.6105000972747803,2.6500000953674316,2.6050000190734863,309
2015-02-24,2.7114999294281006,2.6500000953674316,2.7165000438690186,2.6500000953674316,1028
2015-02-25,2.7074999809265137,2.6659998893737793,2.7074999809265137,2.6619999408721924,37221
2015-02-26,2.7139999866485596,2.6610000133514404,2.7325000762939453,2.6559998989105225,14109
2015-02-27,2.7160000801086426,2.7214999198913574,2.7249999046325684,2.686000108718872,2710
2015-03-02,2.7109999656677246,2.7300000190734863,2.74399995803833,2.7009999752044678,1221
2015-03-03,2.6735000610351562,2.7049999237060547,2.7049999237060547,2.6500000953674316,1083
2015-03-04,2.677000045776367,2.671999931335449,2.684000015258789,2.6635000705718994,625
2015-03-05,2.671999931335449,2.683000087738037,2.693000078201294,2.6675000190734863,567
2015-03-06,2.628999948501587,2.6670000553131104,2.671999931335449,2.624000072479248,803
2015-03-09,2.687000036239624,2.620500087738037,2.690000057220459,2.620500087738037,412
2015-03-10,2.634999990463257,2.685499906539917,2.685499906539917,2.618000030517578,723
2015-03-11,2.622499942779541,2.6414999961853027,2.6584999561309814,2.615499973297119,433
2015-03-12,2.674499988555908,2.628999948501587,2.694999933242798,2.615999937057495,493
2015-03-13,2.678499937057495,2.67549991607666,2.687999963760376,2.6659998893737793,462
2015-03-16,2.677500009536743,2.677000045776367,2.691999912261963,2.6695001125335693,450
2015-03-17,2.6414999961853027,2.674999952316284,2.674999952316284,2.61899995803833,432
2015-03-18,2.5869998931884766,2.631500005722046,2.6540000438690186,2.569999933242798,811
2015-03-19,2.674499988555908,2.632499933242798,2.677999973297119,2.630000114440918,224
2015-03-20,2.7750000953674316,2.700000047683716,2.7850000858306885,2.700000047683716,284
2015-03-23,2.808000087738037,2.80049991607666,2.9240000247955322,2.7850000858306885,378
2015-03-24,2.815000057220459,2.880000114440918,2.880000114440918,2.805000066757202,411
2015-03-25,2.805000066757202,2.805000066757202,2.809999942779541,2.799999952316284,834
2015-03-26,2.821500062942505,2.8499999046325684,2.8499999046325684,2.815000057220459,483
2015-03-27,2.7750000953674316,2.818000078201294,2.818000078201294,2.7720000743865967,714
2015-03-30,2.7874999046325684,2.765500068664551,2.7960000038146973,2.7644999027252197,671
2015-03-31,2.746999979019165,2.763000011444092,2.7839999198913574,2.746500015258789,401
2015-04-01,2.756500005722046,2.749500036239624,2.759000062942505,2.7209999561309814,550
2015-04-02,2.747999906539917,2.7339999675750732,2.75,2.7339999675750732,306
2015-04-06,2.7320001125335693,2.809999942779541,2.809999942779541,2.7095000743865967,191
2015-04-07,2.7769999504089355,2.7699999809265137,2.7880001068115234,2.7674999237060547,232
2015-04-08,2.748500108718872,2.76200008392334,2.7685000896453857,2.742000102996826,295
2015-04-09,2.744999885559082,2.734999895095825,2.7695000171661377,2.734999895095825,182
2015-04-10,2.750499963760376,2.750499963760376,2.7894999980926514,2.75,212
2015-04-13,2.736999988555908,2.747499942779541,2.75600004196167,2.734999895095825,308
2015-04-14,2.7195000648498535,2.7039999961853027,2.7219998836517334,2.697499990463257,347
2015-04-15,2.7295000553131104,2.7149999141693115,2.742000102996826,2.691999912261963,288
2015-04-16,2.7855000495910645,2.762500047683716,2.7985000610351562,2.759999990463257,338
2015-04-17,2.7834999561309814,2.7894999980926514,2.817500114440918,2.7720000743865967,776
2015-04-20,2.7355000972747803,2.7844998836517334,2.7844998836517334,2.7249999046325684,743
2015-04-21,2.7049999237060547,2.7274999618530273,2.7325000762939453,2.694999933242798,328
2015-04-22,2.6695001125335693,2.695499897003174,2.695499897003174,2.6675000190734863,168
2015-04-23,2.697999954223633,2.6675000190734863,2.697999954223633,2.6654999256134033,173
2015-04-24,2.752000093460083,2.740499973297119,2.752000093460083,2.740499973297119,328
2015-04-27,2.7739999294281006,2.759500026702881,2.7855000495910645,2.759500026702881,529
2015-04-28,2.7799999713897705,2.765000104904175,2.7904999256134033,2.7639999389648438,24423
2015-04-29,2.7950000762939453,2.7799999713897705,2.799499988555908,2.754499912261963,7289
2015-04-30,2.8864998817443848,2.7885000705718994,2.8894999027252197,2.7860000133514404,2373
2015-05-01,2.93149995803833,2.884500026702881,2.940000057220459,2.884500026702881,1072
2015-05-04,2.9240000247955322,2.9130001068115234,2.928499937057495,2.8949999809265137,581
2015-05-05,2.940000057220459,2.9179999828338623,2.953000068664551,2.9065001010894775,509
2015-05-06,2.932499885559082,2.934999942779541,2.941999912261963,2.9144999980926514,816
2015-05-07,2.9260001182556152,2.931999921798706,2.935499906539917,2.9130001068115234,585
2015-05-08,2.930999994277954,2.927500009536743,2.937000036239624,2.8965001106262207,689
2015-05-11,2.9175000190734863,2.938499927520752,2.938499927520752,2.9079999923706055,737
2015-05-12,2.950500011444092,2.9175000190734863,2.9590001106262207,2.9175000190734863,386
2015-05-13,2.950000047683716,2.947499990463257,2.9609999656677246,2.934499979019165,779
2015-05-14,2.946000099182129,2.9375,2.9590001106262207,2.930000066757202,266
2015-05-15,2.9489998817443848,2.940000057220459,2.953000068664551,2.922499895095825,437
2015-05-18,2.930000066757202,2.9549999237060547,2.9549999237060547,2.9184999465942383,637
2015-05-19,2.8615000247955322,2.9230000972747803,2.9230000972747803,2.8499999046325684,593
2015-05-20,2.8515000343322754,2.8499999046325684,2.8589999675750732,2.8440001010894775,545
2015-05-21,2.871000051498413,2.8534998893737793,2.880000114440918,2.8534998893737793,365
2015-05-22,2.8334999084472656,2.8524999618530273,2.8524999618530273,2.815000057220459,541
2015-05-26,2.8534998893737793,2.8289999961853027,2.8534998893737793,2.811000108718872,1167
2015-05-27,2.815999984741211,2.8415000438690186,2.8415000438690186,2.805000066757202,683
2015-05-28,2.7929999828338623,2.7825000286102295,2.80049991607666,2.7799999713897705,604
2015-05-29,2.759500026702881,2.7934999465942383,2.802999973297119,2.753999948501587,427
2015-06-01,2.740999937057495,2.7634999752044678,2.765000104904175,2.7355000972747803,339
2015-06-02,2.757999897003174,2.7355000972747803,2.760999917984009,2.7355000972747803,294
2015-06-03,2.750499963760376,2.7614998817443848,2.762500047683716,2.746500015258789,271
2015-06-04,2.7155001163482666,2.7284998893737793,2.734999895095825,2.7070000171661377,265
2015-06-05,2.7219998836517334,2.7105000019073486,2.7249999046325684,2.7084999084472656,294
2015-06-08,2.7160000801086426,2.7265000343322754,2.7295000553131104,2.7160000801086426,352
2015-06-09,2.740499973297119,2.7355000972747803,2.752000093460083,2.7330000400543213,351
2015-06-10,2.7715001106262207,2.746999979019165,2.7734999656677246,2.746999979019165,231
2015-06-11,2.693000078201294,2.7160000801086426,2.7225000858306885,2.6875,319
2015-06-12,2.69950008392334,2.686000108718872,2.7009999752044678,2.685499906539917,329
2015-06-15,2.6589999198913574,2.680000066757202,2.680000066757202,2.6530001163482666,622
2015-06-16,2.626499891281128,2.632499933242798,2.6410000324249268,2.624000072479248,313
2015-06-17,2.622999906539917,2.625,2.6435000896453857,2.618000030517578,265
2015-06-18,2.628499984741211,2.6524999141693115,2.6589999198913574,2.619499921798706,258
2015-06-19,2.5920000076293945,2.625,2.625,2.5875000953674316,271
2015-06-22,2.5880000591278076,2.5929999351501465,2.5940001010894775,2.5829999446868896,189
2015-06-23,2.634000062942505,2.5929999351501465,2.6459999084472656,2.5929999351501465,197
2015-06-24,2.6465001106262207,2.6500000953674316,2.6665000915527344,2.6459999084472656,197
2015-06-25,2.6454999446868896,2.6419999599456787,2.6510000228881836,2.6419999599456787,263
2015-06-26,2.6449999809265137,2.6449999809265137,2.6489999294281006,2.631999969482422,28592
2015-06-29,2.6384999752044678,2.637500047683716,2.6600000858306885,2.621500015258789,6773
2015-06-30,2.623500108718872,2.638000011444092,2.6459999084472656,2.5945000648498535,1984
2015-07-01,2.635499954223633,2.622499942779541,2.6419999599456787,2.615000009536743,942
2015-07-02,2.634500026702881,2.6394999027252197,2.6449999809265137,2.628000020980835,630
2015-07-06,2.5429999828338623,2.6024999618530273,2.6024999618530273,2.509999990463257,1396
2015-07-07,2.4509999752044678,2.5445001125335693,2.5445001125335693,2.390000104904175,919
2015-07-08,2.503999948501587,2.4619998931884766,2.5195000171661377,2.4100000858306885,664
2015-07-09,2.558000087738037,2.5,2.5945000648498535,2.5,660
2015-07-10,2.5455000400543213,2.559999942779541,2.559999942779541,2.5364999771118164,966
2015-07-13,2.555500030517578,2.547499895095825,2.559999942779541,2.506999969482422,561
2015-07-14,2.5445001125335693,2.551500082015991,2.551500082015991,2.5285000801086426,412
2015-07-15,2.5304999351501465,2.569999933242798,2.569999933242798,2.510999917984009,646
2015-07-16,2.5315001010894775,2.5230000019073486,2.5490000247955322,2.5199999809265137,458
2015-07-17,2.504499912261963,2.5350000858306885,2.5369999408721924,2.494999885559082,390
2015-07-20,2.4839999675750732,2.490000009536743,2.494499921798706,2.4749999046325684,894
2015-07-21,2.4774999618530273,2.510999917984009,2.5114998817443848,2.4774999618530273,481
2015-07-22,2.43149995803833,2.450000047683716,2.450000047683716,2.43149995803833,378
2015-07-23,2.385499954223633,2.4100000858306885,2.430000066757202,2.362499952316284,598
2015-07-24,2.381500005722046,2.366499900817871,2.385999917984009,2.366499900817871,474
2015-07-27,2.3505001068115234,2.383500099182129,2.384000062942505,2.3420000076293945,499
2015-07-28,2.4030001163482666,2.3480000495910645,2.4084999561309814,2.3480000495910645,565
2015-07-29,2.4079999923706055,2.4100000858306885,2.4100000858306885,2.4030001163482666,543
2015-07-30,2.381500005722046,2.4184999465942383,2.4184999465942383,2.3610000610351562,1104
2015-07-31,2.367500066757202,2.368499994277954,2.385999917984009,2.3545000553131104,749
2015-08-03,2.3475000858306885,2.3499999046325684,2.359999895095825,2.3299999237060547,964
2015-08-04,2.365000009536743,2.3399999141693115,2.370500087738037,2.3399999141693115,383
2015-08-05,2.3529999256134033,2.3524999618530273,2.3589999675750732,2.3524999618530273,585
2015-08-06,2.3480000495910645,2.3559999465942383,2.3635001182556152,2.3454999923706055,480
2015-08-07,2.3415000438690186,2.3364999294281006,2.3464999198913574,2.3334999084472656,276
2015-08-10,2.4075000286102295,2.3480000495910645,2.4154999256134033,2.3480000495910645,282
2015-08-11,2.3410000801086426,2.3355000019073486,2.3454999923706055,2.3294999599456787,342
2015-08-12,2.3605000972747803,2.309999942779541,2.365000009536743,2.309999942779541,288
2015-08-13,2.365499973297119,2.383500099182129,2.3929998874664307,2.3635001182556152,275
2015-08-14,2.364000082015991,2.361999988555908,2.364000082015991,2.3524999618530273,361
2015-08-17,2.3324999809265137,2.320499897003174,2.3375000953674316,2.320499897003174,282
2015-08-18,2.296999931335449,2.2950000762939453,2.296999931335449,2.2804999351501465,300
2015-08-19,2.2829999923706055,2.2899999618530273,2.2899999618530273,2.2704999446868896,317
2015-08-20,2.322999954223633,2.318000078201294,2.3289999961853027,2.310499906539917,258
2015-08-21,2.306999921798706,2.313999891281128,2.315500020980835,2.299999952316284,360
2015-08-24,2.2690000534057617,2.2709999084472656,2.2725000381469727,2.2274999618530273,346
2015-08-25,2.322999954223633,2.265000104904175,2.322999954223633,2.265000104904175,371
2015-08-26,2.250999927520752,2.302000045776367,2.302000045776367,2.250999927520752,315
2015-08-27,2.3340001106262207,2.2990000247955322,2.3340001106262207,2.2990000247955322,38198
2015-08-28,2.3464999198913574,2.3355000019073486,2.368000030517578,2.309000015258789,8234
2015-08-31,2.3380000591278076,2.3369998931884766,2.3424999713897705,2.2939999103546143,2156
2015-09-01,2.302500009536743,2.3355000019073486,2.3385000228881836,2.2899999618530273,1129
2015-09-02,2.3329999446868896,2.2945001125335693,2.3434998989105225,2.2915000915527344,1093
2015-09-03,2.390000104904175,2.3359999656677246,2.4205000400543213,2.3359999656677246,897
2015-09-04,2.319499969482422,2.369999885559082,2.369999885559082,2.319499969482422,596
2015-09-08,2.438499927520752,2.3259999752044678,2.4509999752044678,2.3259999752044678,1304
2015-09-09,2.442500114440918,2.434000015258789,2.4719998836517334,2.427500009536743,476
2015-09-10,2.4544999599456787,2.430000066757202,2.4730000495910645,2.430000066757202,553
2015-09-11,2.4619998931884766,2.4635000228881836,2.4674999713897705,2.430500030517578,507
2015-09-14,2.4140000343322754,2.442500114440918,2.444000005722046,2.4089999198913574,488
2015-09-15,2.436000108718872,2.4200000762939453,2.4375,2.4059998989105225,455
2015-09-16,2.4614999294281006,2.430000066757202,2.4660000801086426,2.430000066757202,498
2015-09-17,2.4614999294281006,2.4630000591278076,2.5,2.447000026702881,362
2015-09-18,2.3970000743865967,2.4695000648498535,2.4695000648498535,2.385499954223633,595
2015-09-21,2.3984999656677246,2.385499954223633,2.4130001068115234,2.384500026702881,329
2015-09-22,2.306999921798706,2.390000104904175,2.390000104904175,2.297499895095825,594
2015-09-23,2.305500030517578,2.302500009536743,2.322000026702881,2.299999952316284,347
2015-09-24,2.312000036239624,2.315999984741211,2.315999984741211,2.2899999618530273,664
2015-09-25,2.2915000915527344,2.309000015258789,2.323499917984009,2.2839999198913574,408
2015-09-28,2.25600004196167,2.2899999618530273,2.2899999618530273,2.245500087738037,487
2015-09-29,2.253499984741211,2.240499973297119,2.2660000324249268,2.240499973297119,603
2015-09-30,2.3454999923706055,2.263000011444092,2.3534998893737793,2.263000011444092,539
2015-10-01,2.307499885559082,2.3415000438690186,2.380000114440918,2.305000066757202,422
2015-10-02,2.3294999599456787,2.30049991607666,2.3489999771118164,2.2804999351501465,207
2015-10-05,2.359999895095825,2.3545000553131104,2.374000072479248,2.3415000438690186,254
2015-10-06,2.3589999675750732,2.3564999103546143,2.375,2.3559999465942383,253
2015-10-07,2.371500015258789,2.3635001182556152,2.4000000953674316,2.362499952316284,262
2015-10-08,2.3469998836517334,2.370500087738037,2.370500087738037,2.3264999389648438,384
2015-10-09,2.4170000553131104,2.3515000343322754,2.430500030517578,2.3515000343322754,233
2015-10-12,2.4195001125335693,2.434999942779541,2.434999942779541,2.4140000343322754,237
2015-10-13,2.3914999961853027,2.3970000743865967,2.4110000133514404,2.3864998817443848,306
2015-10-14,2.4200000762939453,2.4030001163482666,2.424499988555908,2.4030001163482666,244
2015-10-15,2.4260001182556152,2.4230000972747803,2.435499906539917,2.4094998836517334,285
2015-10-16,2.4070000648498535,2.432499885559082,2.432499885559082,2.3954999446868896,253
2015-10-19,2.371500015258789,2.3965001106262207,2.3965001106262207,2.365000009536743,229
2015-10-20,2.369499921798706,2.364000082015991,2.375999927520752,2.364000082015991,298
2015-10-21,2.364000082015991,2.3499999046325684,2.364000082015991,2.3350000381469727,234
2015-10-22,2.384500026702881,2.36299991607666,2.4049999713897705,2.36299991607666,216
2015-10-23,2.3499999046325684,2.376499891281128,2.378499984741211,2.3499999046325684,373
2015-10-26,2.3564999103546143,2.3499999046325684,2.362499952316284,2.3499999046325684,259
2015-10-27,2.3580000400543213,2.370500087738037,2.375499963760376,2.3580000400543213,353
2015-10-28,2.3545000553131104,2.3459999561309814,2.3545000553131104,2.3269999027252197,615
2015-10-29,2.315500020980835,2.3340001106262207,2.3364999294281006,2.315000057220459,439
2015-10-30,2.313499927520752,2.321500062942505,2.321500062942505,2.305000066757202,346
2015-11-02,2.315500020980835,2.2904999256134033,2.315500020980835,2.2904999256134033,651
2015-11-03,2.3269999027252197,2.308500051498413,2.3380000591278076,2.299499988555908,408
2015-11-04,2.319499969482422,2.3364999294281006,2.3415000438690186,2.315500020980835,392
2015-11-05,2.253499984741211,2.2799999713897705,2.2804999351501465,2.250999927520752,523
2015-11-06,2.241499900817871,2.2639999389648438,2.2639999389648438,2.240000009536743,329
2015-11-09,2.2300000190734863,2.23799991607666,2.239500045776367,2.2300000190734863,332
2015-11-10,2.2165000438690186,2.2170000076293945,2.2190001010894775,2.2090001106262207,246
2015-11-11,2.2165000438690186,2.2130000591278076,2.2209999561309814,2.2130000591278076,279
2015-11-12,2.1730000972747803,2.200000047683716,2.200000047683716,2.1640000343322754,311
2015-11-13,2.1700000762939453,2.1654999256134033,2.1700000762939453,2.1630001068115234,442
2015-11-16,2.118000030517578,2.1600000858306885,2.1695001125335693,2.115999937057495,306
2015-11-17,2.1054999828338623,2.120500087738037,2.120500087738037,2.0980000495910645,275
2015-11-18,2.078000068664551,2.0885000228881836,2.0905001163482666,2.075000047683716,277
2015-11-19,2.0764999389648438,2.0794999599456787,2.0799999237060547,2.072499990463257,296
2015-11-20,2.053999900817871,2.0945000648498535,2.0945000648498535,2.0409998893737793,270
2015-11-23,2.0195000171661377,2.013000011444092,2.0199999809265137,2.004499912261963,291
2015-11-24,2.053499937057495,2.0230000019073486,2.066999912261963,2.0230000019073486,361
2015-11-25,2.0445001125335693,2.0450000762939453,2.0455000400543213,2.0394999980926514,47591
2015-11-27,2.05049991607666,2.0439999103546143,2.122999906539917,2.0380001068115234,20906
2015-11-30,2.0445001125335693,2.0625,2.07450008392334,2.0325000286102295,3748
2015-12-01,2.066499948501587,2.0439999103546143,2.077500104904175,2.0399999618530273,1713
2015-12-02,2.0290000438690186,2.070499897003174,2.0829999446868896,2.0285000801086426,887
2015-12-03,2.055999994277954,2.0374999046325684,2.05649995803833,2.0250000953674316,665
2015-12-04,2.0739998817443848,2.053999900817871,2.0920000076293945,2.0399999618530273,610
2015-12-07,2.0445001125335693,2.072999954223633,2.0845000743865967,2.0380001068115234,628
2015-12-08,2.0480000972747803,2.0390000343322754,2.0625,2.0369999408721924,381
2015-12-09,2.059999942779541,2.052999973297119,2.0834999084472656,2.052000045776367,574
2015-12-10,2.065000057220459,2.058000087738037,2.066999912261963,2.052000045776367,325
2015-12-11,2.1080000400543213,2.058000087738037,2.125,2.058000087738037,633
2015-12-14,2.1040000915527344,2.1054999828338623,2.1054999828338623,2.0845000743865967,371
2015-12-15,2.0510001182556152,2.0975000858306885,2.0975000858306885,2.0409998893737793,489
2015-12-16,2.061000108718872,2.057499885559082,2.0815000534057617,2.05649995803833,645
2015-12-17,2.0344998836517334,2.0399999618530273,2.0399999618530273,2.0285000801086426,405
2015-12-18,2.1029999256134033,2.0464999675750732,2.1034998893737793,2.0464999675750732,597
2015-12-21,2.128999948501587,2.1024999618530273,2.129499912261963,2.1024999618530273,347
2015-12-22,2.0969998836517334,2.1064999103546143,2.1115000247955322,2.0969998836517334,341
2015-12-23,2.1115000247955322,2.0980000495910645,2.116499900817871,2.0980000495910645,329
2015-12-24,2.1115000247955322,2.1089999675750732,2.1115000247955322,2.1050000190734863,188
2015-12-28,2.066499948501587,2.0999999046325684,2.0999999046325684,2.066499948501587,418
2015-12-29,2.125,2.126499891281128,2.134500026702881,2.125,989
2015-12-30,2.13700008392334,2.130000114440918,2.1384999752044678,2.119499921798706,640
2015-12-31,2.125499963760376,2.138000011444092,2.140000104904175,2.1115000247955322,312
2016-01-04,2.070499897003174,2.070499897003174,2.0859999656677246,2.062999963760376,1080
2016-01-05,2.0885000228881836,2.073499917984009,2.0969998836517334,2.073499917984009,321
2016-01-06,2.0804998874664307,2.0789999961853027,2.0829999446868896,2.071000099182129,523
2016-01-07,2.015500068664551,2.059999942779541,2.059999942779541,1.9924999475479126,413
2016-01-08,2.0164999961853027,2.0185000896453857,2.0185000896453857,2.009000062942505,352
2016-01-11,1.9674999713897705,1.9765000343322754,1.9780000448226929,1.965499997138977,411
2016-01-12,1.9529999494552612,1.9620000123977661,1.962499976158142,1.9505000114440918,686
2016-01-13,1.9505000114440918,1.9524999856948853,1.9665000438690186,1.9494999647140503,386
2016-01-14,1.9709999561309814,1.9600000381469727,1.9845000505447388,1.9600000381469727,420
2016-01-15,1.9394999742507935,1.9730000495910645,1.9730000495910645,1.9385000467300415,502
2016-01-19,1.9735000133514404,1.9364999532699585,1.9924999475479126,1.9364999532699585,398
2016-01-20,1.9559999704360962,1.9609999656677246,1.9865000247955322,1.9520000219345093,269
2016-01-21,1.9930000305175781,1.9730000495910645,1.99399995803833,1.968999981880188,215
2016-01-22,1.9984999895095825,2.007499933242798,2.0179998874664307,1.9984999895095825,154
2016-01-25,1.9954999685287476,2.009000062942505,2.009500026702881,1.9845000505447388,433
2016-01-26,2.0339999198913574,2.0320000648498535,2.0404999256134033,2.0225000381469727,353
2016-01-27,2.062999963760376,2.0409998893737793,2.072999954223633,2.0409998893737793,573
2016-01-28,2.0490000247955322,2.059999942779541,2.059999942779541,2.0390000343322754,508
2016-01-29,2.063999891281128,2.0510001182556152,2.063999891281128,2.0480000972747803,218
2016-02-01,2.051500082015991,2.0299999713897705,2.058500051498413,2.0269999504089355,342
2016-02-02,2.052000045776367,2.054500102996826,2.062999963760376,2.0415000915527344,501
2016-02-03,2.0920000076293945,2.0789999961853027,2.0994999408721924,2.0789999961853027,231
2016-02-04,2.128000020980835,2.117500066757202,2.133500099182129,2.1040000915527344,435
2016-02-05,2.1005001068115234,2.1075000762939453,2.1075000762939453,2.0845000743865967,317
2016-02-08,2.0885000228881836,2.0785000324249268,2.0934998989105225,2.0785000324249268,220
2016-02-09,2.0385000705718994,2.0840001106262207,2.0899999141693115,2.015500068664551,328
2016-02-10,2.0250000953674316,2.0239999294281006,2.0260000228881836,2.003000020980835,227
2016-02-11,2.003999948501587,2.009000062942505,2.0215001106262207,1.999500036239624,393
2016-02-12,2.0269999504089355,2.010499954223633,2.0364999771118164,2.010499954223633,223
2016-02-16,2.0490000247955322,2.047499895095825,2.0815000534057617,2.0460000038146973,312
2016-02-17,2.0739998817443848,2.0434999465942383,2.0739998817443848,2.0399999618530273,342
2016-02-18,2.071500062942505,2.072999954223633,2.0764999389648438,2.054500102996826,321
2016-02-19,2.075500011444092,2.072000026702881,2.0834999084472656,2.071500062942505,292
2016-02-22,2.11299991607666,2.0969998836517334,2.118499994277954,2.0969998836517334,336
2016-02-23,2.1045000553131104,2.0910000801086426,2.1054999828338623,2.0899999141693115,210
2016-02-24,2.0950000286102295,2.0815000534057617,2.115999937057495,2.072499990463257,238
2016-02-25,2.065000057220459,2.0980000495910645,2.0980000495910645,2.065000057220459,33184
2016-02-26,2.118000030517578,2.0785000324249268,2.1565001010894775,2.0764999389648438,13171
2016-02-29,2.128499984741211,2.121500015258789,2.128499984741211,2.0964999198913574,3035
2016-03-01,2.1414999961853027,2.122499942779541,2.1440000534057617,2.0940001010894775,706
2016-03-02,2.177500009536743,2.1414999961853027,2.195499897003174,2.140500068664551,1543
2016-03-03,2.2044999599456787,2.181999921798706,2.2149999141693115,2.174999952316284,664
2016-03-04,2.2709999084472656,2.2084999084472656,2.299999952316284,2.2084999084472656,1079
2016-03-07,2.2804999351501465,2.2669999599456787,2.2804999351501465,2.248500108718872,522
2016-03-08,2.2184998989105225,2.2715001106262207,2.2715001106262207,2.2044999599456787,777
2016-03-09,2.2300000190734863,2.2365000247955322,2.247499942779541,2.2060000896453857,392
2016-03-10,2.2174999713897705,2.237499952316284,2.23799991607666,2.2079999446868896,375
2016-03-11,2.2385001182556152,2.240000009536743,2.25,2.2335000038146973,410
2016-03-14,2.236999988555908,2.262500047683716,2.262500047683716,2.2309999465942383,420
2016-03-15,2.2309999465942383,2.2049999237060547,2.2335000038146973,2.2049999237060547,445
2016-03-16,2.2314999103546143,2.2314999103546143,2.258500099182129,2.2230000495910645,280
2016-03-17,2.2890000343322754,2.262500047683716,2.2915000915527344,2.256999969482422,247
2016-03-18,2.2795000076293945,2.299999952316284,2.314500093460083,2.2780001163482666,272
2016-03-21,2.2894999980926514,2.2785000801086426,2.2945001125335693,2.2785000801086426,186
2016-03-22,2.2844998836517334,2.2790000438690186,2.2890000343322754,2.2720000743865967,296
2016-03-23,2.2304999828338623,2.2709999084472656,2.2725000381469727,2.2304999828338623,431
2016-03-24,2.2244999408721924,2.2249999046325684,2.2325000762939453,2.2100000381469727,500
2016-03-28,2.241499900817871,2.2260000705718994,2.248500108718872,2.2255001068115234,415
2016-03-29,2.2084999084472656,2.2074999809265137,2.2155001163482666,2.197999954223633,405
2016-03-30,2.187000036239624,2.2125000953674316,2.2125000953674316,2.179500102996826,677
2016-03-31,2.18149995803833,2.186000108718872,2.195499897003174,2.17549991607666,509
2016-04-01,2.1610000133514404,2.184000015258789,2.184000015258789,2.1579999923706055,687
2016-04-04,2.138000011444092,2.1554999351501465,2.1575000286102295,2.137500047683716,311
2016-04-05,2.134999990463257,2.1414999961853027,2.1414999961853027,2.133500099182129,287
2016-04-06,2.140500068664551,2.13100004196167,2.1440000534057617,2.13100004196167,246
2016-04-07,2.07450008392334,2.1414999961853027,2.1414999961853027,2.070499897003174,371
2016-04-08,2.0864999294281006,2.0845000743865967,2.0945000648498535,2.0845000743865967,415
2016-04-11,2.0885000228881836,2.1015000343322754,2.1015000343322754,2.075000047683716,242
2016-04-12,2.1449999809265137,2.0934998989105225,2.1510000228881836,2.0934998989105225,252
2016-04-13,2.1675000190734863,2.1735000610351562,2.1740000247955322,2.1659998893737793,330
2016-04-14,2.1710000038146973,2.1584999561309814,2.172499895095825,2.1584999561309814,303
2016-04-15,2.1519999504089355,2.1449999809265137,2.1540000438690186,2.1449999809265137,264
2016-04-18,2.1640000343322754,2.1410000324249268,2.1679999828338623,2.1410000324249268,218
2016-04-19,2.2230000495910645,2.1654999256134033,2.2255001068115234,2.1654999256134033,244
2016-04-20,2.242000102996826,2.2100000381469727,2.242000102996826,2.2100000381469727,267
2016-04-21,2.252000093460083,2.2739999294281006,2.2739999294281006,2.25,276
2016-04-22,2.2690000534057617,2.2890000343322754,2.2925000190734863,2.2690000534057617,369
2016-04-25,2.258500099182129,2.265000104904175,2.2725000381469727,2.258500099182129,437
2016-04-26,2.248500108718872,2.236999988555908,2.263000011444092,2.234999895095825,456
2016-04-27,2.2204999923706055,2.236999988555908,2.236999988555908,2.2135000228881836,34932
2016-04-28,2.2244999408721924,2.2260000705718994,2.240000009536743,2.2014999389648438,9800
2016-04-29,2.2790000438690186,2.2179999351501465,2.2915000915527344,2.2179999351501465,2527
2016-05-02,2.2614998817443848,2.2674999237060547,2.2850000858306885,2.254499912261963,646
2016-05-03,2.2144999504089355,2.255500078201294,2.256500005722046,2.2079999446868896,712
2016-05-04,2.183000087738037,2.2070000171661377,2.2170000076293945,2.177000045776367,963
2016-05-05,2.1510000228881836,2.180500030517578,2.180500030517578,2.1410000324249268,1170
2016-05-06,2.1510000228881836,2.1424999237060547,2.1644999980926514,2.140000104904175,498
2016-05-09,2.1040000915527344,2.1470000743865967,2.1470000743865967,2.0969998836517334,597
2016-05-10,2.0899999141693115,2.1050000190734863,2.109999895095825,2.0894999504089355,796
2016-05-11,2.1010000705718994,2.0999999046325684,2.124000072479248,2.0924999713897705,387
2016-05-12,2.072999954223633,2.0980000495910645,2.119999885559082,2.059999942779541,861
2016-05-13,2.075000047683716,2.0759999752044678,2.0845000743865967,2.065000057220459,1099
2016-05-16,2.0910000801086426,2.071500062942505,2.0989999771118164,2.071500062942505,397
2016-05-17,2.0920000076293945,2.0985000133514404,2.0985000133514404,2.075000047683716,447
2016-05-18,2.0815000534057617,2.0969998836517334,2.0975000858306885,2.052000045776367,396
2016-05-19,2.062999963760376,2.066499948501587,2.06850004196167,2.0415000915527344,451
2016-05-20,2.058500051498413,2.078000068664551,2.0804998874664307,2.055000066757202,380
2016-05-23,2.057499885559082,2.061000108718872,2.063499927520752,2.052500009536743,320
2016-05-24,2.069499969482422,2.065000057220459,2.0829999446868896,2.065000057220459,356
2016-05-25,2.1050000190734863,2.0899999141693115,2.109499931335449,2.0799999237060547,366
2016-05-26,2.1064999103546143,2.118000030517578,2.118000030517578,2.1054999828338623,732
2016-05-27,2.114000082015991,2.0905001163482666,2.121500015258789,2.0905001163482666,613
2016-05-31,2.0975000858306885,2.0975000858306885,2.114000082015991,2.078000068664551,587
2016-06-01,2.072499990463257,2.065500020980835,2.0739998817443848,2.057499885559082,769
2016-06-02,2.069499969482422,2.063999891281128,2.0739998817443848,2.063999891281128,296
2016-06-03,2.111999988555908,2.066999912261963,2.131999969482422,2.064500093460083,577
2016-06-06,2.117000102996826,2.140000104904175,2.140000104904175,2.112499952316284,274
2016-06-07,2.0510001182556152,2.121500015258789,2.121500015258789,2.049999952316284,524
2016-06-08,2.0625,2.069999933242798,2.069999933242798,2.0625,222
2016-06-09,2.0399999618530273,2.07450008392334,2.0794999599456787,2.0204999446868896,316
2016-06-10,2.0315001010894775,2.0339999198913574,2.0369999408721924,2.0255000591278076,300
2016-06-13,2.057499885559082,2.065000057220459,2.065000057220459,2.055000066757202,499
2016-06-14,2.0445001125335693,2.0434999465942383,2.052000045776367,2.0390000343322754,247
2016-06-15,2.0934998989105225,2.069499969482422,2.115499973297119,2.069499969482422,226
2016-06-16,2.049999952316284,2.065999984741211,2.065999984741211,2.0429999828338623,251
2016-06-17,2.052500009536743,2.075000047683716,2.075000047683716,2.052500009536743,216
2016-06-20,2.0934998989105225,2.0815000534057617,2.0969998836517334,2.0799999237060547,230
2016-06-21,2.116499900817871,2.0789999961853027,2.128499984741211,2.0789999961853027,278
2016-06-22,2.135499954223633,2.1410000324249268,2.1410000324249268,2.131500005722046,242
2016-06-23,2.1635000705718994,2.1424999237060547,2.1665000915527344,2.132499933242798,335
2016-06-24,2.111999988555908,2.114000082015991,2.121999979019165,2.109499931335449,236
2016-06-27,2.126499891281128,2.124500036239624,2.128000020980835,2.115000009536743,364
2016-06-28,2.1700000762939453,2.174499988555908,2.1760001182556152,2.126499891281128,36288
2016-06-29,2.183500051498413,2.179500102996826,2.194000005722046,2.1579999923706055,7536
2016-06-30,2.194499969482422,2.190999984741211,2.2044999599456787,2.172499895095825,1764
2016-07-01,2.2149999141693115,2.2009999752044678,2.234499931335449,2.1665000915527344,2021
2016-07-05,2.18149995803833,2.2290000915527344,2.245500087738037,2.1614999771118164,1353
2016-07-06,2.1514999866485596,2.180500030517578,2.183000087738037,2.131500005722046,1122
2016-07-07,2.122499942779541,2.1445000171661377,2.1510000228881836,2.115999937057495,893
2016-07-08,2.118499994277954,2.122499942779541,2.132999897003174,2.117000102996826,320
2016-07-11,2.1470000743865967,2.140500068664551,2.1630001068115234,2.140500068664551,548
2016-07-12,2.2109999656677246,2.1459999084472656,2.2209999561309814,2.1459999084472656,462
2016-07-13,2.23799991607666,2.2160000801086426,2.2734999656677246,2.2144999504089355,816
2016-07-14,2.240999937057495,2.236999988555908,2.246500015258789,2.2314999103546143,417
2016-07-15,2.2304999828338623,2.234999895095825,2.260499954223633,2.2300000190734863,275
2016-07-18,2.2339999675750732,2.2165000438690186,2.241499900817871,2.2084999084472656,388
2016-07-19,2.2614998817443848,2.239000082015991,2.26200008392334,2.2339999675750732,1035
2016-07-20,2.252000093460083,2.257499933242798,2.258500099182129,2.239000082015991,371
2016-07-21,2.25600004196167,2.248500108718872,2.2660000324249268,2.248500108718872,355
2016-07-22,2.2339999675750732,2.2614998817443848,2.26200008392334,2.2255001068115234,317
2016-07-25,2.2160000801086426,2.240000009536743,2.240499973297119,2.2095000743865967,331
2016-07-26,2.2249999046325684,2.2119998931884766,2.2295000553131104,2.2119998931884766,270
2016-07-27,2.184999942779541,2.2109999656677246,2.2144999504089355,2.184999942779541,714
2016-07-28,2.2060000896453857,2.2044999599456787,2.2200000286102295,2.197999954223633,319
2016-07-29,2.2204999923706055,2.1989998817443848,2.2284998893737793,2.188999891281128,234
2016-08-01,2.196500062942505,2.239000082015991,2.239000082015991,2.190000057220459,563
2016-08-02,2.2065000534057617,2.191999912261963,2.234999895095825,2.191999912261963,443
2016-08-03,2.196000099182129,2.2039999961853027,2.2039999961853027,2.174999952316284,385
2016-08-04,2.1740000247955322,2.1665000915527344,2.17549991607666,2.1554999351501465,355
2016-08-05,2.1530001163482666,2.1735000610351562,2.1740000247955322,2.1519999504089355,226
2016-08-08,2.1640000343322754,2.1549999713897705,2.177500009536743,2.1549999713897705,239
2016-08-09,2.1494998931884766,2.1610000133514404,2.1610000133514404,2.140000104904175,227
2016-08-10,2.1705000400543213,2.1510000228881836,2.194999933242798,2.1510000228881836,245
2016-08-11,2.190000057220459,2.180999994277954,2.191999912261963,2.180999994277954,237
2016-08-12,2.140500068664551,2.1524999141693115,2.1570000648498535,2.1384999752044678,264
2016-08-15,2.1514999866485596,2.1414999961853027,2.1545000076293945,2.1384999752044678,241
2016-08-16,2.171999931335449,2.1549999713897705,2.1735000610351562,2.1549999713897705,217
2016-08-17,2.1519999504089355,2.1589999198913574,2.1589999198913574,2.1519999504089355,307
2016-08-18,2.1670000553131104,2.1584999561309814,2.1875,2.1584999561309814,305
2016-08-19,2.1665000915527344,2.1654999256134033,2.1735000610351562,2.1654999256134033,307
2016-08-22,2.140000104904175,2.1635000705718994,2.1635000705718994,2.130000114440918,311
2016-08-23,2.115000009536743,2.127000093460083,2.131500005722046,2.114000082015991,340
2016-08-24,2.0759999752044678,2.117500066757202,2.118000030517578,2.0759999752044678,297
2016-08-25,2.075500011444092,2.0815000534057617,2.0829999446868896,2.075500011444092,275
2016-08-26,2.075000047683716,2.0769999027252197,2.0769999027252197,2.075000047683716,197
2016-08-29,2.072499990463257,2.0810000896453857,2.0810000896453857,2.072499990463257,19596
2016-08-30,2.069000005722046,2.0804998874664307,2.0889999866485596,2.062999963760376,9506
2016-08-31,2.069499969482422,2.069499969482422,2.0824999809265137,2.067500114440918,1634
2016-09-01,2.06850004196167,2.072000026702881,2.0899999141693115,2.067500114440918,982
2016-09-02,2.071500062942505,2.0764999389648438,2.0855000019073486,2.06850004196167,573
2016-09-06,2.0840001106262207,2.0739998817443848,2.0920000076293945,2.069499969482422,800
2016-09-07,2.0929999351501465,2.0869998931884766,2.1059999465942383,2.0869998931884766,478
2016-09-08,2.0959999561309814,2.1010000705718994,2.1010000705718994,2.0799999237060547,429
2016-09-09,2.0885000228881836,2.0969998836517334,2.0975000858306885,2.0820000171661377,662
2016-09-12,2.0959999561309814,2.0799999237060547,2.1029999256134033,2.061000108718872,357
2016-09-13,2.0954999923706055,2.0980000495910645,2.1110000610351562,2.0885000228881836,474
2016-09-14,2.1480000019073486,2.1050000190734863,2.1500000953674316,2.1019999980926514,815
2016-09-15,2.1519999504089355,2.1465001106262207,2.1559998989105225,2.1414999961853027,1067
2016-09-16,2.1514999866485596,2.1545000076293945,2.1549999713897705,2.1435000896453857,418
2016-09-19,2.1489999294281006,2.13700008392334,2.1489999294281006,2.13700008392334,550
2016-09-20,2.1554999351501465,2.1480000019073486,2.1605000495910645,2.1440000534057617,505
2016-09-21,2.1449999809265137,2.1480000019073486,2.1565001010894775,2.1449999809265137,484
2016-09-22,2.1875,2.1670000553131104,2.190000057220459,2.1670000553131104,793
2016-09-23,2.192500114440918,2.188499927520752,2.196000099182129,2.188499927520752,723
2016-09-26,2.190000057220459,2.180000066757202,2.190000057220459,2.178499937057495,745
2016-09-27,2.1614999771118164,2.1740000247955322,2.184999942779541,2.1605000495910645,506
2016-09-28,2.179500102996826,2.177999973297119,2.179500102996826,2.177999973297119,830
2016-09-29,2.180999994277954,2.194499969482422,2.196000099182129,2.1760001182556152,1123
2016-09-30,2.2019999027252197,2.200000047683716,2.2090001106262207,2.196000099182129,744
2016-10-03,2.183500051498413,2.187000036239624,2.187000036239624,2.1654999256134033,666
2016-10-04,2.1584999561309814,2.1649999618530273,2.179500102996826,2.1584999561309814,338
2016-10-05,2.1559998989105225,2.1549999713897705,2.1695001125335693,2.1549999713897705,338
2016-10-06,2.1480000019073486,2.1475000381469727,2.1489999294281006,2.140000104904175,223
2016-10-07,2.1565001010894775,2.1665000915527344,2.1665000915527344,2.1559998989105225,259
2016-10-11,2.178499937057495,2.190500020980835,2.190500020980835,2.1695001125335693,475
2016-10-12,2.1695001125335693,2.176500082015991,2.183000087738037,2.1679999828338623,191
2016-10-13,2.115000009536743,2.1530001163482666,2.1530001163482666,2.114000082015991,422
2016-10-14,2.1034998893737793,2.119499921798706,2.120500087738037,2.0959999561309814,191
2016-10-17,2.0994999408721924,2.0994999408721924,2.1050000190734863,2.0959999561309814,279
2016-10-18,2.0980000495910645,2.1085000038146973,2.1085000038146973,2.0980000495910645,342
2016-10-19,2.0969998836517334,2.0980000495910645,2.0999999046325684,2.0834999084472656,281
2016-10-20,2.0905001163482666,2.0799999237060547,2.0910000801086426,2.0799999237060547,188
2016-10-21,2.0834999084472656,2.0905001163482666,2.0915000438690186,2.0834999084472656,183
2016-10-24,2.0875000953674316,2.0889999866485596,2.0889999866485596,2.0875000953674316,250
2016-10-25,2.132499933242798,2.115000009536743,2.1394999027252197,2.115000009536743,420
2016-10-26,2.1394999027252197,2.132999897003174,2.1394999027252197,2.132499933242798,235
2016-10-27,2.1654999256134033,2.1545000076293945,2.1670000553131104,2.1519999504089355,684
2016-10-28,2.188499927520752,2.1640000343322754,2.19350004196167,2.1640000343322754,420
2016-10-31,2.200500011444092,2.189500093460083,2.2060000896453857,2.189500093460083,311
2016-11-01,2.2244999408721924,2.2049999237060547,2.2265000343322754,2.19950008392334,380
2016-11-02,2.2260000705718994,2.2235000133514404,2.2279999256134033,2.2114999294281006,332
2016-11-03,2.244499921798706,2.2160000801086426,2.244999885559082,2.2149999141693115,279
2016-11-04,2.260999917984009,2.247999906539917,2.26200008392334,2.247999906539917,355
2016-11-07,2.30649995803833,2.2894999980926514,2.309000015258789,2.2815001010894775,271
2016-11-08,2.378999948501587,2.30049991607666,2.378999948501587,2.2904999256134033,294
2016-11-09,2.4590001106262207,2.436500072479248,2.4590001106262207,2.436500072479248,221
2016-11-10,2.549499988555908,2.562000036239624,2.563999891281128,2.5185000896453857,240
2016-11-14,2.5185000896453857,2.562999963760376,2.568000078201294,2.508500099182129,256
2016-11-15,2.502000093460083,2.561000108718872,2.561000108718872,2.4619998931884766,204
2016-11-16,2.4649999141693115,2.5,2.5,2.444999933242798,170
2016-11-17,2.487499952316284,2.4700000286102295,2.490499973297119,2.4625000953674316,309
2016-11-18,2.4639999866485596,2.4549999237060547,2.4830000400543213,2.453000068664551,319
2016-11-21,2.512500047683716,2.5185000896453857,2.5239999294281006,2.500999927520752,293
2016-11-22,2.5425000190734863,2.557499885559082,2.557499885559082,2.5350000858306885,248
2016-11-23,2.6059999465942383,2.5315001010894775,2.6085000038146973,2.5315001010894775,409
2016-11-25,2.6670000553131104,2.6554999351501465,2.6670000553131104,2.6454999446868896,270
2016-11-28,2.6559998989105225,2.6635000705718994,2.7219998836517334,2.6559998989105225,79408
2016-11-29,2.5950000286102295,2.6514999866485596,2.6619999408721924,2.573499917984009,15879
2016-11-30,2.621500015258789,2.5885000228881836,2.6429998874664307,2.5399999618530273,2019
2016-12-01,2.631500005722046,2.625499963760376,2.6559998989105225,2.6034998893737793,966
2016-12-02,2.615000009536743,2.617500066757202,2.624500036239624,2.5869998931884766,766
2016-12-05,2.688999891281128,2.609999895095825,2.7009999752044678,2.609999895095825,532
2016-12-06,2.671999931335449,2.67549991607666,2.6875,2.6435000896453857,1022
2016-12-07,2.63700008392334,2.6600000858306885,2.693000078201294,2.621500015258789,856
2016-12-08,2.619999885559082,2.630000114440918,2.6610000133514404,2.609999895095825,692
2016-12-09,2.6419999599456787,2.640500068664551,2.6545000076293945,2.626499891281128,552
2016-12-12,2.61299991607666,2.6735000610351562,2.6735000610351562,2.5994999408721924,605
2016-12-13,2.5929999351501465,2.5920000076293945,2.622499942779541,2.561000108718872,769
2016-12-14,2.5999999046325684,2.5864999294281006,2.635499954223633,2.566499948501587,739
2016-12-15,2.5959999561309814,2.5950000286102295,2.6019999980926514,2.575000047683716,461
2016-12-16,2.561000108718872,2.5799999237060547,2.5824999809265137,2.5390000343322754,631
2016-12-19,2.496500015258789,2.5460000038146973,2.552500009536743,2.4749999046325684,382
2016-12-20,2.499500036239624,2.49399995803833,2.499500036239624,2.4809999465942383,603
2016-12-21,2.491499900817871,2.509500026702881,2.509500026702881,2.490000009536743,232
2016-12-22,2.494499921798706,2.490499973297119,2.503000020980835,2.4549999237060547,434
2016-12-23,2.4725000858306885,2.496000051498413,2.500999927520752,2.4719998836517334,443
2016-12-27,2.507999897003174,2.450000047683716,2.513000011444092,2.450000047683716,303
2016-12-28,2.494999885559082,2.5225000381469727,2.5225000381469727,2.49399995803833,300
2016-12-29,2.4790000915527344,2.497999906539917,2.509000062942505,2.4790000915527344,663
2016-12-30,2.497499942779541,2.492500066757202,2.506500005722046,2.492500066757202,507
2017-01-03,2.4809999465942383,2.5269999504089355,2.5274999141693115,2.4800000190734863,590
2017-01-04,2.5480000972747803,2.496999979019165,2.549499988555908,2.496999979019165,742
2017-01-05,2.5295000076293945,2.553999900817871,2.572499990463257,2.5269999504089355,306
2017-01-06,2.5380001068115234,2.5174999237060547,2.5380001068115234,2.505000114440918,340
2017-01-09,2.5299999713897705,2.5339999198913574,2.5420000553131104,2.515000104904175,236
2017-01-10,2.6034998893737793,2.562000036239624,2.6135001182556152,2.562000036239624,607
2017-01-11,2.6010000705718994,2.6045000553131104,2.6045000553131104,2.5905001163482666,417
2017-01-12,2.6605000495910645,2.5969998836517334,2.6605000495910645,2.5969998836517334,215
2017-01-13,2.680500030517578,2.6414999961853027,2.680500030517578,2.6410000324249268,226
2017-01-17,2.616499900817871,2.674499988555908,2.674499988555908,2.6019999980926514,286
2017-01-18,2.6080000400543213,2.618000030517578,2.618000030517578,2.6015000343322754,422
2017-01-19,2.6015000343322754,2.6059999465942383,2.6059999465942383,2.5950000286102295,193
2017-01-20,2.617000102996826,2.609999895095825,2.619999885559082,2.5929999351501465,786
2017-01-23,2.6394999027252197,2.6384999752044678,2.6394999027252197,2.635499954223633,244
2017-01-24,2.700500011444092,2.678999900817871,2.7019999027252197,2.678999900817871,1134
2017-01-25,2.702500104904175,2.695499897003174,2.7084999084472656,2.695499897003174,207
2017-01-26,2.6659998893737793,2.698499917984009,2.698499917984009,2.6600000858306885,323
2017-01-27,2.680000066757202,2.6705000400543213,2.680000066757202,2.6579999923706055,985
2017-01-30,2.6475000381469727,2.680999994277954,2.681999921798706,2.6364998817443848,771
2017-01-31,2.7214999198913574,2.6579999923706055,2.7214999198913574,2.6579999923706055,595
2017-02-01,2.7044999599456787,2.7179999351501465,2.7179999351501465,2.703000068664551,691
2017-02-02,2.677999973297119,2.7139999866485596,2.7139999866485596,2.6649999618530273,526
2017-02-03,2.609499931335449,2.6454999446868896,2.6454999446868896,2.6070001125335693,428
2017-02-06,2.6454999446868896,2.615000009536743,2.6454999446868896,2.615000009536743,260
2017-02-07,2.625999927520752,2.634000062942505,2.6414999961853027,2.625999927520752,677
2017-02-08,2.6605000495910645,2.6735000610351562,2.6735000610351562,2.6605000495910645,330
2017-02-09,2.6480000019073486,2.6480000019073486,2.6480000019073486,2.6480000019073486,316
2017-02-10,2.76200008392334,2.677000045776367,2.7699999809265137,2.6640000343322754,382
2017-02-13,2.7764999866485596,2.7764999866485596,2.7764999866485596,2.7764999866485596,405
2017-02-14,2.7309999465942383,2.75600004196167,2.759999990463257,2.7309999465942383,711
2017-02-15,2.7360000610351562,2.7200000286102295,2.739000082015991,2.7200000286102295,1085
2017-02-16,2.7160000801086426,2.7049999237060547,2.7170000076293945,2.7009999752044678,414
2017-02-17,2.7054998874664307,2.684999942779541,2.7054998874664307,2.681999921798706,268
2017-02-21,2.745500087738037,2.7355000972747803,2.75,2.7355000972747803,231
2017-02-22,2.7325000762939453,2.7200000286102295,2.7325000762939453,2.7200000286102295,174
2017-02-23,2.6424999237060547,2.7219998836517334,2.7219998836517334,2.6414999961853027,159
2017-02-24,2.680000066757202,2.6610000133514404,2.681999921798706,2.6610000133514404,51025
2017-02-27,2.6875,2.6730000972747803,2.690999984741211,2.6519999504089355,14418
2017-02-28,2.7039999961853027,2.683000087738037,2.7105000019073486,2.6689999103546143,1739
2017-03-01,2.7265000343322754,2.7049999237060547,2.755000114440918,2.703000068664551,1180
2017-03-02,2.679500102996826,2.7239999771118164,2.7290000915527344,2.6730000972747803,778
2017-03-03,2.687000036239624,2.677999973297119,2.697999954223633,2.6700000762939453,625
2017-03-06,2.6429998874664307,2.688999891281128,2.688999891281128,2.6389999389648438,840
2017-03-07,2.609499931335449,2.6545000076293945,2.6545000076293945,2.5964999198913574,1728
2017-03-08,2.5920000076293945,2.6059999465942383,2.623500108718872,2.5829999446868896,890
2017-03-09,2.569999933242798,2.5759999752044678,2.5834999084472656,2.549999952316284,834
2017-03-10,2.5864999294281006,2.566499948501587,2.5985000133514404,2.566499948501587,637
2017-03-13,2.616499900817871,2.5899999141693115,2.627500057220459,2.5885000228881836,390
2017-03-14,2.624000072479248,2.6115000247955322,2.634999990463257,2.5999999046325684,379
2017-03-15,2.6454999446868896,2.6519999504089355,2.6659998893737793,2.6410000324249268,320
2017-03-16,2.6654999256134033,2.67549991607666,2.683000087738037,2.6619999408721924,397
2017-03-17,2.679500102996826,2.6600000858306885,2.683000087738037,2.6480000019073486,295
2017-03-20,2.6554999351501465,2.678999900817871,2.678999900817871,2.6449999809265137,370
2017-03-21,2.609999895095825,2.6419999599456787,2.6419999599456787,2.5975000858306885,550
2017-03-22,2.621999979019165,2.5999999046325684,2.627000093460083,2.5820000171661377,435
2017-03-23,2.6364998817443848,2.621999979019165,2.6429998874664307,2.609499931335449,388
2017-03-24,2.623500108718872,2.630000114440918,2.633500099182129,2.6135001182556152,388
2017-03-27,2.625,2.5959999561309814,2.625999927520752,2.562000036239624,434
2017-03-28,2.6689999103546143,2.622499942779541,2.6689999103546143,2.621500015258789,357
2017-03-29,2.6700000762939453,2.6675000190734863,2.6735000610351562,2.6545000076293945,451
2017-03-30,2.6649999618530273,2.6675000190734863,2.7079999446868896,2.6565001010894775,650
2017-03-31,2.6465001106262207,2.6714999675750732,2.6714999675750732,2.634500026702881,631
2017-04-03,2.5975000858306885,2.6414999961853027,2.6530001163482666,2.5975000858306885,557
2017-04-04,2.6059999465942383,2.5899999141693115,2.6080000400543213,2.5899999141693115,327
2017-04-05,2.67549991607666,2.640000104904175,2.687000036239624,2.640000104904175,430
2017-04-06,2.6554999351501465,2.6584999561309814,2.681999921798706,2.6480000019073486,415
2017-04-07,2.6449999809265137,2.625,2.6454999446868896,2.6059999465942383,363
2017-04-10,2.6019999980926514,2.638000011444092,2.638000011444092,2.5999999046325684,517
2017-04-11,2.6059999465942383,2.6070001125335693,2.6075000762939453,2.5840001106262207,404
2017-04-12,2.5439999103546143,2.5829999446868896,2.5829999446868896,2.5360000133514404,293
2017-04-13,2.569499969482422,2.565000057220459,2.572999954223633,2.565000057220459,211
2017-04-17,2.5950000286102295,2.5855000019073486,2.5989999771118164,2.5850000381469727,173
2017-04-18,2.5290000438690186,2.5845000743865967,2.5845000743865967,2.5204999446868896,216
2017-04-19,2.5334999561309814,2.549499988555908,2.549499988555908,2.5334999561309814,279
2017-04-20,2.5409998893737793,2.5264999866485596,2.5409998893737793,2.5264999866485596,491
2017-04-21,2.5364999771118164,2.5315001010894775,2.5409998893737793,2.5315001010894775,284
2017-04-24,2.553499937057495,2.5350000858306885,2.553499937057495,2.5350000858306885,520
2017-04-25,2.5820000171661377,2.572499990463257,2.5859999656677246,2.572499990463257,269
2017-04-26,2.5910000801086426,2.5899999141693115,2.5910000801086426,2.5794999599456787,53314
2017-04-27,2.5799999237060547,2.5905001163482666,2.5905001163482666,2.553499937057495,18997
2017-04-28,2.5964999198913574,2.5834999084472656,2.6015000343322754,2.577500104904175,2959
2017-05-01,2.6500000953674316,2.5875000953674316,2.680000066757202,2.5855000019073486,1631
2017-05-02,2.625,2.6505000591278076,2.6505000591278076,2.615499973297119,1072
2017-05-03,2.5329999923706055,2.617500066757202,2.617500066757202,2.50600004196167,1012
2017-05-04,2.502000093460083,2.51200008392334,2.5269999504089355,2.4800000190734863,783
2017-05-05,2.5195000171661377,2.501499891281128,2.5269999504089355,2.495500087738037,521
2017-05-08,2.4855000972747803,2.5350000858306885,2.5350000858306885,2.4700000286102295,606
2017-05-09,2.490000009536743,2.4825000762939453,2.502000093460083,2.4800000190734863,647
2017-05-10,2.486999988555908,2.493000030517578,2.5,2.4839999675750732,392
2017-05-11,2.500999927520752,2.492500066757202,2.5339999198913574,2.492500066757202,414
2017-05-12,2.5179998874664307,2.507999897003174,2.5204999446868896,2.505000114440918,343
2017-05-15,2.5329999923706055,2.5334999561309814,2.546999931335449,2.5315001010894775,601
2017-05-16,2.5445001125335693,2.5209999084472656,2.5464999675750732,2.515500068664551,351
2017-05-17,2.5425000190734863,2.5355000495910645,2.5439999103546143,2.5274999141693115,740
2017-05-18,2.5264999866485596,2.5199999809265137,2.5309998989105225,2.48799991607666,587
2017-05-19,2.5739998817443848,2.5434999465942383,2.5764999389648438,2.5434999465942383,809
2017-05-22,2.5889999866485596,2.565000057220459,2.5950000286102295,2.563499927520752,313
2017-05-23,2.5905001163482666,2.5759999752044678,2.5905001163482666,2.575500011444092,973
2017-05-24,2.578000068664551,2.5840001106262207,2.5840001106262207,2.566999912261963,510
2017-05-25,2.5920000076293945,2.5764999389648438,2.609999895095825,2.5764999389648438,772
2017-05-26,2.559499979019165,2.5804998874664307,2.5810000896453857,2.55649995803833,393
2017-05-30,2.561000108718872,2.5510001182556152,2.565999984741211,2.5439999103546143,720
2017-05-31,2.5769999027252197,2.567500114440918,2.5815000534057617,2.554500102996826,516
2017-06-01,2.5845000743865967,2.5764999389648438,2.5875000953674316,2.575500011444092,645
2017-06-02,2.571500062942505,2.555500030517578,2.57450008392334,2.5309998989105225,362
2017-06-05,2.554500102996826,2.55649995803833,2.557499885559082,2.549999952316284,322
2017-06-06,2.5445001125335693,2.5350000858306885,2.558000087738037,2.5179998874664307,294
2017-06-07,2.5490000247955322,2.5460000038146973,2.549999952316284,2.5350000858306885,253
2017-06-08,2.6070001125335693,2.549999952316284,2.609499931335449,2.5450000762939453,308
2017-06-09,2.6459999084472656,2.622999906539917,2.6470000743865967,2.615999937057495,247
2017-06-12,2.612499952316284,2.621999979019165,2.625,2.6110000610351562,274
2017-06-13,2.5929999351501465,2.620500087738037,2.620500087738037,2.5864999294281006,278
2017-06-14,2.570499897003174,2.5799999237060547,2.5799999237060547,2.5625,479
2017-06-15,2.563999891281128,2.569999933242798,2.569999933242798,2.555000066757202,524
2017-06-16,2.5625,2.556999921798706,2.566999912261963,2.556999921798706,492
2017-06-19,2.5894999504089355,2.5894999504089355,2.5894999504089355,2.5875000953674316,265
2017-06-20,2.555000066757202,2.5864999294281006,2.5864999294281006,2.555000066757202,450
2017-06-21,2.6019999980926514,2.5399999618530273,2.6019999980926514,2.5399999618530273,251
2017-06-22,2.5980000495910645,2.5989999771118164,2.5989999771118164,2.5940001010894775,318
2017-06-23,2.622999906539917,2.634500026702881,2.634500026702881,2.621999979019165,231
2017-06-26,2.625,2.621999979019165,2.627000093460083,2.617000102996826,315
2017-06-27,2.6465001106262207,2.617000102996826,2.6465001106262207,2.617000102996826,205
2017-06-28,2.6619999408721924,2.6505000591278076,2.6619999408721924,2.6484999656677246,36325
2017-06-29,2.683000087738037,2.6605000495910645,2.700500011444092,2.6559998989105225,9143
2017-06-30,2.6989998817443848,2.684499979019165,2.7060000896453857,2.6710000038146973,1955
2017-07-03,2.680999994277954,2.686000108718872,2.700000047683716,2.674999952316284,1563
2017-07-05,2.6489999294281006,2.67549991607666,2.6760001182556152,2.632999897003174,980
2017-07-06,2.6514999866485596,2.6500000953674316,2.6554999351501465,2.6424999237060547,593
2017-07-07,2.637500047683716,2.6570000648498535,2.6570000648498535,2.632499933242798,556
2017-07-10,2.6394999027252197,2.6419999599456787,2.6484999656677246,2.623500108718872,903
2017-07-11,2.6644999980926514,2.638000011444092,2.6679999828338623,2.634999990463257,763
2017-07-12,2.677000045776367,2.6700000762939453,2.686500072479248,2.6675000190734863,503
2017-07-13,2.6545000076293945,2.684999942779541,2.687999963760376,2.6540000438690186,568
2017-07-14,2.684000015258789,2.6575000286102295,2.686500072479248,2.6575000286102295,448
2017-07-17,2.7170000076293945,2.695499897003174,2.7269999980926514,2.695499897003174,538
2017-07-18,2.7235000133514404,2.7105000019073486,2.7239999771118164,2.7105000019073486,468
2017-07-19,2.703000068664551,2.7249999046325684,2.7255001068115234,2.700000047683716,433
2017-07-20,2.7084999084472656,2.7044999599456787,2.7090001106262207,2.702500104904175,367
2017-07-21,2.7149999141693115,2.7300000190734863,2.734999895095825,2.7149999141693115,293
2017-07-24,2.7290000915527344,2.7204999923706055,2.7360000610351562,2.7204999923706055,615
2017-07-25,2.8405001163482666,2.734499931335449,2.8405001163482666,2.7274999618530273,941
2017-07-26,2.86899995803833,2.8299999237060547,2.881500005722046,2.8299999237060547,970
2017-07-27,2.874000072479248,2.8924999237060547,2.8929998874664307,2.869999885559082,427
2017-07-28,2.870500087738037,2.864000082015991,2.875,2.8489999771118164,523
2017-07-31,2.888000011444092,2.8929998874664307,2.9000000953674316,2.8864998817443848,436
2017-08-01,2.878999948501587,2.890500068664551,2.890500068664551,2.874500036239624,584
2017-08-02,2.882499933242798,2.875999927520752,2.884500026702881,2.871000051498413,409
2017-08-03,2.877000093460083,2.879499912261963,2.879499912261963,2.872499942779541,296
2017-08-04,2.884999990463257,2.874000072479248,2.88700008392334,2.867500066757202,296
2017-08-07,2.9079999923706055,2.8884999752044678,2.9144999980926514,2.8884999752044678,321
2017-08-08,2.942500114440918,2.9079999923706055,2.942500114440918,2.9079999923706055,314
2017-08-09,2.930000066757202,2.934499979019165,2.943000078201294,2.9200000762939453,471
2017-08-10,2.9059998989105225,2.9235000610351562,2.9235000610351562,2.9000000953674316,374
2017-08-11,2.9140000343322754,2.890000104904175,2.9140000343322754,2.880000114440918,288
2017-08-14,2.9065001010894775,2.9010000228881836,2.9065001010894775,2.890000104904175,295
2017-08-15,2.884500026702881,2.9019999504089355,2.9019999504089355,2.879499912261963,424
2017-08-16,2.9544999599456787,2.884999990463257,2.9679999351501465,2.884999990463257,278
2017-08-17,2.937999963760376,2.9614999294281006,2.9630000591278076,2.930000066757202,222
2017-08-18,2.940500020980835,2.929500102996826,2.9519999027252197,2.928999900817871,286
2017-08-21,2.9809999465942383,2.9630000591278076,3.002500057220459,2.9630000591278076,188
2017-08-22,2.9865000247955322,2.9700000286102295,3.009000062942505,2.9700000286102295,374
2017-08-23,2.9804999828338623,2.9690001010894775,2.984499931335449,2.9690001010894775,178
2017-08-24,3.0334999561309814,2.9860000610351562,3.0385000705718994,2.9860000610351562,227
2017-08-25,3.0329999923706055,3.0369999408721924,3.053499937057495,3.0274999141693115,163
2017-08-28,3.065000057220459,3.071000099182129,3.0764999389648438,3.065000057220459,532
2017-08-29,3.0810000896453857,3.0824999809265137,3.0934998989105225,3.0794999599456787,66287
2017-08-30,3.064500093460083,3.0810000896453857,3.0940001010894775,3.059999942779541,66287
2017-08-31,3.0789999961853027,3.065000057220459,3.114000082015991,3.064500093460083,15355
2017-09-01,3.0980000495910645,3.0869998931884766,3.1024999618530273,3.072999954223633,4346
2017-09-05,3.1075000762939453,3.0985000133514404,3.1579999923706055,3.0929999351501465,1756
2017-09-06,3.131500005722046,3.1075000762939453,3.1384999752044678,3.1075000762939453,845
2017-09-07,3.122999906539917,3.135999917984009,3.135999917984009,3.0950000286102295,1525
2017-09-08,3.0215001106262207,3.127500057220459,3.138000011444092,3.0185000896453857,1623
2017-09-11,3.0460000038146973,3.0255000591278076,3.061000108718872,3.0225000381469727,969
2017-09-12,3.015500068664551,3.052500009536743,3.052500009536743,3.000499963760376,1306
2017-09-13,2.9609999656677246,3.0195000171661377,3.0239999294281006,2.9509999752044678,819
2017-09-14,2.936500072479248,2.9570000171661377,2.9684998989105225,2.9179999828338623,1241
2017-09-15,2.927999973297119,2.946000099182129,2.947999954223633,2.9100000858306885,1111
2017-09-18,2.9489998817443848,2.9605000019073486,2.9605000019073486,2.941999912261963,1051
2017-09-19,2.94950008392334,2.947000026702881,2.9544999599456787,2.940500020980835,709
2017-09-20,2.94950008392334,2.9565000534057617,2.9665000438690186,2.936000108718872,1322
2017-09-21,2.9140000343322754,2.9205000400543213,2.927999973297119,2.9089999198913574,501
2017-09-22,2.924499988555908,2.9014999866485596,2.930000066757202,2.875,572
2017-09-25,2.9175000190734863,2.927000045776367,2.937000036239624,2.9065001010894775,584
2017-09-26,2.8975000381469727,2.9179999828338623,2.944499969482422,2.890000104904175,1136
2017-09-27,2.9110000133514404,2.9165000915527344,2.9165000915527344,2.9014999866485596,3191
2017-09-28,2.9625000953674316,2.9084999561309814,2.9700000286102295,2.9079999923706055,1232
2017-09-29,2.9375,2.9630000591278076,2.9635000228881836,2.93149995803833,600
2017-10-02,2.939500093460083,2.9544999599456787,2.9544999599456787,2.927500009536743,1174
2017-10-03,2.948499917984009,2.937999963760376,2.950500011444092,2.9375,418
2017-10-04,2.944499969482422,2.953000068664551,2.953000068664551,2.944000005722046,365
2017-10-05,3.0315001010894775,2.950500011444092,3.0315001010894775,2.950500011444092,538
2017-10-06,3.0144999027252197,3.0239999294281006,3.0239999294281006,3.007999897003174,400
2017-10-09,3.0169999599456787,3.009999990463257,3.0169999599456787,3.009999990463257,413
2017-10-10,3.0455000400543213,3.0255000591278076,3.052000045776367,3.0215001106262207,717
2017-10-11,3.0799999237060547,3.0425000190734863,3.0829999446868896,3.0415000915527344,564
2017-10-12,3.1040000915527344,3.0799999237060547,3.115499973297119,3.0799999237060547,504
2017-10-13,3.118499994277954,3.1040000915527344,3.118499994277954,3.1040000915527344,317
2017-10-16,3.2239999771118164,3.138000011444092,3.2274999618530273,3.138000011444092,348
2017-10-17,3.180500030517578,3.2170000076293945,3.2170000076293945,3.177000045776367,471
2017-10-18,3.1635000705718994,3.17549991607666,3.184000015258789,3.1575000286102295,538
2017-10-19,3.1530001163482666,3.1505000591278076,3.1559998989105225,3.1500000953674316,414
2017-10-20,3.1514999866485596,3.178999900817871,3.178999900817871,3.132499933242798,370
2017-10-23,3.1740000247955322,3.1449999809265137,3.174999952316284,3.1449999809265137,363
2017-10-24,3.186500072479248,3.180999994277954,3.187000036239624,3.180999994277954,312
2017-10-25,3.1714999675750732,3.1700000762939453,3.1760001182556152,3.1610000133514404,488
2017-10-26,3.1675000190734863,3.1640000343322754,3.1675000190734863,3.1589999198913574,345
2017-10-27,3.0934998989105225,3.1475000381469727,3.1475000381469727,3.0739998817443848,623
2017-10-30,3.1019999980926514,3.0799999237060547,3.1019999980926514,3.0799999237060547,684
2017-10-31,3.0920000076293945,3.0999999046325684,3.1034998893737793,3.0850000381469727,655
2017-11-01,3.132999897003174,3.138000011444092,3.1410000324249268,3.126499891281128,438
2017-11-02,3.135499954223633,3.130000114440918,3.1470000743865967,3.0950000286102295,567
2017-11-03,3.1105000972747803,3.134500026702881,3.135999917984009,3.1019999980926514,354
2017-11-06,3.1505000591278076,3.1489999294281006,3.1530001163482666,3.1440000534057617,271
2017-11-07,3.0824999809265137,3.115000009536743,3.115000009536743,3.0785000324249268,381
2017-11-08,3.0929999351501465,3.0924999713897705,3.0985000133514404,3.0924999713897705,260
2017-11-09,3.0799999237060547,3.077500104904175,3.0855000019073486,3.0769999027252197,222
2017-11-10,3.069499969482422,3.0789999961853027,3.0789999961853027,3.063499927520752,214
2017-11-13,3.1115000247955322,3.0859999656677246,3.125999927520752,3.0859999656677246,368
2017-11-14,3.059999942779541,3.1029999256134033,3.1029999256134033,3.0450000762939453,289
2017-11-15,3.0490000247955322,3.05049991607666,3.057499885559082,3.0334999561309814,338
2017-11-16,3.0434999465942383,3.0450000762939453,3.05649995803833,3.0404999256134033,331
2017-11-17,3.0625,3.0299999713897705,3.064500093460083,3.0299999713897705,233
2017-11-20,3.0905001163482666,3.0510001182556152,3.0905001163482666,3.0510001182556152,382
2017-11-21,3.125499963760376,3.0859999656677246,3.125499963760376,3.0859999656677246,424
2017-11-22,3.134500026702881,3.134500026702881,3.135999917984009,3.134500026702881,316
2017-11-24,3.1659998893737793,3.125999927520752,3.1735000610351562,3.125,193
2017-11-27,3.132499933242798,3.13100004196167,3.134000062942505,3.13100004196167,245
2017-11-28,3.070499897003174,3.1050000190734863,3.1050000190734863,3.06850004196167,73600
2017-11-29,3.0399999618530273,3.068000078201294,3.0834999084472656,3.0325000286102295,19125
2017-11-30,3.0369999408721924,3.0369999408721924,3.063499927520752,3.0244998931884766,2038
2017-12-01,3.065500020980835,3.0445001125335693,3.0975000858306885,3.0445001125335693,2053
2017-12-04,3.062999963760376,3.068000078201294,3.0840001106262207,3.059000015258789,886
2017-12-05,2.9205000400543213,3.063999891281128,3.065000057220459,2.9205000400543213,1747
2017-12-06,2.936500072479248,2.928499937057495,2.9614999294281006,2.928499937057495,768
2017-12-07,2.940500020980835,2.9509999752044678,2.9679999351501465,2.928999900817871,692
2017-12-08,2.9549999237060547,2.938499927520752,2.9665000438690186,2.938499927520752,691
2017-12-11,2.98799991607666,2.950500011444092,2.993000030517578,2.940000057220459,479
2017-12-12,2.999500036239624,2.990000009536743,3.000499963760376,2.9830000400543213,836
2017-12-13,3.0295000076293945,2.993000030517578,3.0350000858306885,2.993000030517578,535
2017-12-14,3.0485000610351562,3.0329999923706055,3.052000045776367,3.0160000324249268,1029
2017-12-15,3.109999895095825,3.0420000553131104,3.114500045776367,3.0420000553131104,560
2017-12-18,3.121999979019165,3.0959999561309814,3.122999906539917,3.0899999141693115,618
2017-12-19,3.127500057220459,3.1110000610351562,3.129499912261963,3.0920000076293945,711
2017-12-20,3.1714999675750732,3.119499921798706,3.177000045776367,3.119499921798706,600
2017-12-21,3.194499969482422,3.1695001125335693,3.194499969482422,3.1630001068115234,977
2017-12-22,3.2144999504089355,3.188499927520752,3.2184998989105225,3.184499979019165,946
2017-12-26,3.25600004196167,3.2209999561309814,3.257999897003174,3.2209999561309814,500
2017-12-27,3.256999969482422,3.256999969482422,3.256999969482422,3.256999969482422,1033
2017-12-28,3.2860000133514404,3.249500036239624,3.2955000400543213,3.249500036239624,814
2017-12-29,3.2795000076293945,3.253000020980835,3.2795000076293945,3.253000020980835,874
2018-01-02,3.25600004196167,3.250999927520752,3.2669999599456787,3.250499963760376,764
2018-01-03,3.236999988555908,3.239000082015991,3.243499994277954,3.2219998836517334,328
2018-01-04,3.242500066757202,3.263000011444092,3.263000011444092,3.2360000610351562,322
2018-01-05,3.2070000171661377,3.2090001106262207,3.2109999656677246,3.2070000171661377,575
2018-01-08,3.2009999752044678,3.2054998874664307,3.2139999866485596,3.200000047683716,695
2018-01-09,3.194499969482422,3.2190001010894775,3.2235000133514404,3.193000078201294,833
2018-01-10,3.2149999141693115,3.2265000343322754,3.2265000343322754,3.2149999141693115,380
2018-01-11,3.2135000228881836,3.2149999141693115,3.2155001163482666,3.2100000381469727,320
2018-01-12,3.200000047683716,3.200000047683716,3.200000047683716,3.200000047683716,321
2018-01-16,3.1989998817443848,3.241499900817871,3.246500015258789,3.1679999828338623,1024
2018-01-17,3.1665000915527344,3.1700000762939453,3.1714999675750732,3.1600000858306885,674
2018-01-18,3.177000045776367,3.180000066757202,3.180000066757202,3.177000045776367,417
2018-01-19,3.1670000553131104,3.1670000553131104,3.1670000553131104,3.1670000553131104,240
2018-01-22,3.177500009536743,3.188499927520752,3.188499927520752,3.174999952316284,231
2018-01-23,3.0894999504089355,3.1424999237060547,3.1424999237060547,3.0894999504089355,345
2018-01-24,3.2084999084472656,3.1530001163482666,3.2135000228881836,3.1530001163482666,323
2018-01-25,3.1989998817443848,3.2165000438690186,3.2165000438690186,3.1989998817443848,352
2018-01-26,3.182499885559082,3.174499988555908,3.182499885559082,3.174499988555908,709
2018-01-30,3.177000045776367,3.1600000858306885,3.186500072479248,3.1500000953674316,665
2018-01-31,3.184000015258789,3.2105000019073486,3.2105000019073486,3.184000015258789,803
2018-02-01,3.197000026702881,3.180000066757202,3.2074999809265137,3.177500009536743,893
2018-02-02,3.176500082015991,3.191999912261963,3.2054998874664307,3.1630001068115234,413
2018-02-05,3.2105000019073486,3.2165000438690186,3.240000009536743,3.178999900817871,450
2018-02-06,3.177500009536743,3.180999994277954,3.200500011444092,3.1510000228881836,492
2018-02-07,3.0764999389648438,3.130500078201294,3.130500078201294,3.0764999389648438,328
2018-02-08,3.072000026702881,3.078000068664551,3.0889999866485596,3.055999994277954,410
2018-02-09,3.0244998931884766,3.066499948501587,3.068000078201294,3.0209999084472656,469
2018-02-12,3.077500104904175,3.0450000762939453,3.077500104904175,3.0450000762939453,612
2018-02-13,3.1545000076293945,3.0785000324249268,3.1545000076293945,3.0785000324249268,353
2018-02-14,3.2284998893737793,3.2274999618530273,3.2284998893737793,3.2274999618530273,412
2018-02-15,3.239000082015991,3.2195000648498535,3.239500045776367,3.2149999141693115,409
2018-02-16,3.243000030517578,3.249500036239624,3.249500036239624,3.2339999675750732,404
2018-02-20,3.186000108718872,3.2239999771118164,3.2335000038146973,3.180999994277954,265
2018-02-21,3.2114999294281006,3.179500102996826,3.2114999294281006,3.179500102996826,300
2018-02-22,3.237499952316284,3.178499937057495,3.237499952316284,3.178499937057495,342
2018-02-23,3.2084999084472656,3.1989998817443848,3.2084999084472656,3.198499917984009,290
2018-02-26,3.196000099182129,3.2035000324249268,3.2044999599456787,3.195499897003174,52000
2018-02-27,3.1575000286102295,3.1989998817443848,3.2095000743865967,3.133500099182129,16684
2018-02-28,3.1075000762939453,3.1549999713897705,3.1565001010894775,3.1019999980926514,3318
2018-03-01,3.0994999408721924,3.1045000553131104,3.121500015258789,3.0804998874664307,1730
2018-03-02,3.1010000705718994,3.1045000553131104,3.118499994277954,3.0875000953674316,1058
2018-03-05,3.1054999828338623,3.114500045776367,3.114500045776367,3.073499917984009,1006
2018-03-06,3.13700008392334,3.1045000553131104,3.1549999713897705,3.1045000553131104,537
2018-03-07,3.114000082015991,3.122499942779541,3.122499942779541,3.0964999198913574,744
2018-03-08,3.058500051498413,3.0980000495910645,3.0980000495910645,3.051500082015991,647
2018-03-09,3.115999937057495,3.058000087738037,3.125499963760376,3.0409998893737793,750
2018-03-12,3.1040000915527344,3.123500108718872,3.125,3.0920000076293945,634
2018-03-13,3.11899995803833,3.1005001068115234,3.121500015258789,3.0929999351501465,1024
2018-03-14,3.140000104904175,3.123500108718872,3.1705000400543213,3.122999906539917,446
2018-03-15,3.1110000610351562,3.131500005722046,3.1445000171661377,3.0920000076293945,493
2018-03-16,3.0929999351501465,3.122999906539917,3.125999927520752,3.0759999752044678,484
2018-03-19,3.069499969482422,3.0899999141693115,3.0899999141693115,3.055500030517578,475
2018-03-20,3.0255000591278076,3.061500072479248,3.068000078201294,3.0225000381469727,718
2018-03-21,3.0485000610351562,3.0325000286102295,3.06850004196167,3.009999990463257,989
2018-03-22,3.01200008392334,3.0485000610351562,3.0485000610351562,2.995500087738037,372
2018-03-23,2.984499931335449,3.0,3.006500005722046,2.9735000133514404,348
2018-03-26,2.9605000019073486,2.950000047683716,2.9804999828338623,2.946000099182129,354
2018-03-27,2.991499900817871,2.9760000705718994,2.991499900817871,2.9760000705718994,482
2018-03-28,2.99399995803833,2.9655001163482666,2.997999906539917,2.9644999504089355,2128
2018-03-29,3.0190000534057617,2.990000009536743,3.0360000133514404,2.990000009536743,803
2018-04-02,3.0404999256134033,3.0450000762939453,3.061000108718872,3.0325000286102295,427
2018-04-03,3.058000087738037,3.049499988555908,3.061500072479248,3.0404999256134033,590
2018-04-04,3.006999969482422,3.057499885559082,3.057499885559082,2.9719998836517334,955
2018-04-05,3.069499969482422,3.0510001182556152,3.071000099182129,3.0439999103546143,236
2018-04-06,3.053999900817871,3.0510001182556152,3.054500102996826,3.0350000858306885,493
2018-04-09,3.071500062942505,3.061000108718872,3.072000026702881,3.060499906539917,318
2018-04-10,3.13100004196167,3.0880000591278076,3.134500026702881,3.0880000591278076,414
2018-04-11,3.111999988555908,3.117500066757202,3.117500066757202,3.1045000553131104,422
2018-04-12,3.059999942779541,3.0480000972747803,3.059999942779541,3.0450000762939453,456
2018-04-13,3.067500114440918,3.064500093460083,3.067500114440918,3.059999942779541,375
2018-04-16,3.0915000438690186,3.06850004196167,3.1045000553131104,3.06850004196167,375
2018-04-17,3.075000047683716,3.06850004196167,3.075000047683716,3.06850004196167,240
2018-04-18,3.1535000801086426,3.1605000495910645,3.1640000343322754,3.1475000381469727,446
2018-04-19,3.128000020980835,3.119999885559082,3.128000020980835,3.119999885559082,346
2018-04-20,3.131500005722046,3.1059999465942383,3.140000104904175,3.1059999465942383,278
2018-04-23,3.1080000400543213,3.0850000381469727,3.1080000400543213,3.0850000381469727,317
2018-04-24,3.1384999752044678,3.1470000743865967,3.1470000743865967,3.132499933242798,293
2018-04-25,3.131999969482422,3.130000114440918,3.131999969482422,3.127500057220459,427
2018-04-26,3.11299991607666,3.125499963760376,3.125499963760376,3.11299991607666,60770
2018-04-27,3.0460000038146973,3.115999937057495,3.119999885559082,3.0290000438690186,12508
2018-04-30,3.052500009536743,3.051500082015991,3.065500020980835,3.0329999923706055,2710
2018-05-01,3.015000104904175,3.0485000610351562,3.052999973297119,2.998500108718872,1485
2018-05-02,3.047499895095825,3.0325000286102295,3.058500051498413,3.0280001163482666,1039
2018-05-03,3.059000015258789,3.0445001125335693,3.0940001010894775,3.0409998893737793,526
2018-05-04,3.065500020980835,3.062999963760376,3.0804998874664307,3.0460000038146973,689
2018-05-07,3.059499979019165,3.055000066757202,3.0829999446868896,3.0450000762939453,583
2018-05-08,3.0404999256134033,3.058000087738037,3.069499969482422,2.997999906539917,785
2018-05-09,3.0394999980926514,3.0329999923706055,3.0445001125335693,3.0329999923706055,510
2018-05-10,3.0924999713897705,3.0429999828338623,3.0940001010894775,3.0429999828338623,761
2018-05-11,3.0950000286102295,3.0915000438690186,3.1045000553131104,3.0915000438690186,486
2018-05-14,3.0785000324249268,3.075000047683716,3.0859999656677246,3.070499897003174,702
2018-05-15,3.0425000190734863,3.078000068664551,3.078000068664551,3.0220000743865967,997
2018-05-16,3.058500051498413,3.0350000858306885,3.060499906539917,3.0350000858306885,687
2018-05-17,3.0769999027252197,3.070499897003174,3.0769999027252197,3.061000108718872,713
2018-05-18,3.0510001182556152,3.049999952316284,3.069000005722046,3.0450000762939453,392
2018-05-21,3.0855000019073486,3.060499906539917,3.0899999141693115,3.060499906539917,485
2018-05-22,3.11899995803833,3.0999999046325684,3.132999897003174,3.0999999046325684,513
2018-05-23,3.060499906539917,3.0899999141693115,3.0899999141693115,3.0364999771118164,751
2018-05-24,3.0855000019073486,3.057499885559082,3.0899999141693115,3.057499885559082,1018
2018-05-25,3.066999912261963,3.0945000648498535,3.0945000648498535,3.065000057220459,398
2018-05-29,3.052000045776367,3.07450008392334,3.0799999237060547,3.052000045776367,1401
2018-05-30,3.059499979019165,3.0439999103546143,3.062000036239624,3.0,1695
2018-05-31,3.058000087738037,3.063499927520752,3.065999984741211,3.046999931335449,836
2018-06-01,3.0915000438690186,3.05649995803833,3.0915000438690186,3.0490000247955322,921
2018-06-04,3.126499891281128,3.1019999980926514,3.130000114440918,3.0964999198913574,360
2018-06-05,3.190999984741211,3.137500047683716,3.2039999961853027,3.137500047683716,415
2018-06-06,3.254499912261963,3.198499917984009,3.258500099182129,3.198499917984009,578
2018-06-07,3.2679998874664307,3.2674999237060547,3.296999931335449,3.251499891281128,380
2018-06-08,3.2929999828338623,3.246000051498413,3.2934999465942383,3.246000051498413,415
2018-06-11,3.250499963760376,3.2815001010894775,3.2815001010894775,3.244499921798706,643
2018-06-12,3.242500066757202,3.240000009536743,3.242500066757202,3.240000009536743,368
2018-06-13,3.247999906539917,3.250999927520752,3.250999927520752,3.245500087738037,549
2018-06-14,3.2165000438690186,3.2244999408721924,3.2249999046325684,3.2105000019073486,404
2018-06-15,3.1410000324249268,3.2244999408721924,3.2249999046325684,3.130000114440918,489
2018-06-18,3.1034998893737793,3.135999917984009,3.135999917984009,3.0924999713897705,351
2018-06-19,3.0464999675750732,3.0434999465942383,3.061000108718872,3.0434999465942383,506
2018-06-20,3.0464999675750732,3.0439999103546143,3.05049991607666,3.0439999103546143,382
2018-06-21,3.0250000953674316,3.0434999465942383,3.0434999465942383,3.0250000953674316,300
2018-06-22,3.0325000286102295,3.0295000076293945,3.0325000286102295,3.0295000076293945,458
2018-06-25,2.992000102996826,3.0185000896453857,3.0185000896453857,2.991499900817871,560
2018-06-26,2.996999979019165,2.990499973297119,3.0,2.990499973297119,451
2018-06-27,2.989500045776367,2.9644999504089355,2.995500087738037,2.9644999504089355,55768
2018-06-28,2.9535000324249268,2.9774999618530273,2.9809999465942383,2.930000066757202,10593
2018-06-29,2.9509999752044678,2.9509999752044678,2.9804999828338623,2.942500114440918,4933
2018-07-02,2.93149995803833,2.9539999961853027,2.9560000896453857,2.9084999561309814,1741
2018-07-03,2.9059998989105225,2.930500030517578,2.941999912261963,2.8970000743865967,1330
2018-07-05,2.813999891281128,2.8585000038146973,2.859499931335449,2.811000108718872,1052
2018-07-06,2.812999963760376,2.818000078201294,2.819499969482422,2.7855000495910645,552
2018-07-09,2.8389999866485596,2.8494999408721924,2.8589999675750732,2.8340001106262207,875
2018-07-10,2.8285000324249268,2.811000108718872,2.8299999237060547,2.809999942779541,499
2018-07-11,2.7335000038146973,2.818000078201294,2.818000078201294,2.7144999504089355,535
2018-07-12,2.7679998874664307,2.7279999256134033,2.7799999713897705,2.7219998836517334,551
2018-07-13,2.7699999809265137,2.7750000953674316,2.7764999866485596,2.753000020980835,681
2018-07-16,2.756999969482422,2.7734999656677246,2.7790000438690186,2.740000009536743,1040
2018-07-17,2.739500045776367,2.759999990463257,2.7734999656677246,2.7365000247955322,651
2018-07-18,2.752000093460083,2.746999979019165,2.756500005722046,2.7100000381469727,663
2018-07-19,2.686000108718872,2.755500078201294,2.755500078201294,2.6695001125335693,885
2018-07-20,2.746000051498413,2.679500102996826,2.749500036239624,2.679500102996826,595
2018-07-23,2.736999988555908,2.748500108718872,2.749000072479248,2.7300000190734863,779
2018-07-24,2.799999952316284,2.7365000247955322,2.799999952316284,2.7365000247955322,371
2018-07-25,2.805999994277954,2.7929999828338623,2.8434998989105225,2.7929999828338623,684
2018-07-26,2.803999900817871,2.8420000076293945,2.8420000076293945,2.7890000343322754,626
2018-07-27,2.7874999046325684,2.7874999046325684,2.7874999046325684,2.7874999046325684,2207
2018-07-30,2.7790000438690186,2.7929999828338623,2.7955000400543213,2.75,1098
2018-07-31,2.819000005722046,2.7820000648498535,2.822499990463257,2.7690000534057617,762
2018-08-01,2.734999895095825,2.815000057220459,2.815000057220459,2.7200000286102295,801
2018-08-02,2.7269999980926514,2.7300000190734863,2.734999895095825,2.7079999446868896,616
2018-08-03,2.753499984741211,2.700000047683716,2.753499984741211,2.700000047683716,386
2018-08-06,2.7209999561309814,2.740000009536743,2.740000009536743,2.700500011444092,618
2018-08-07,2.740999937057495,2.740999937057495,2.740999937057495,2.740999937057495,526
2018-08-08,2.740499973297119,2.740000009536743,2.742000102996826,2.739000082015991,437
2018-08-09,2.755500078201294,2.7980000972747803,2.7980000972747803,2.753999948501587,445
2018-08-10,2.7325000762939453,2.746500015258789,2.752500057220459,2.7314999103546143,263
2018-08-13,2.7219998836517334,2.7130000591278076,2.7335000038146973,2.7130000591278076,337
2018-08-14,2.67549991607666,2.680999994277954,2.680999994277954,2.674499988555908,827
2018-08-15,2.556999921798706,2.6700000762939453,2.6700000762939453,2.556999921798706,936
2018-08-16,2.6135001182556152,2.5815000534057617,2.624000072479248,2.5815000534057617,290
2018-08-17,2.624500036239624,2.624500036239624,2.631500005722046,2.622999906539917,423
2018-08-20,2.6635000705718994,2.6579999923706055,2.6635000705718994,2.6519999504089355,688
2018-08-21,2.689500093460083,2.672499895095825,2.690999984741211,2.672499895095825,649
2018-08-22,2.6684999465942383,2.67549991607666,2.677000045776367,2.6644999980926514,572
2018-08-23,2.6524999141693115,2.6414999961853027,2.6554999351501465,2.6410000324249268,797
2018-08-24,2.6989998817443848,2.6484999656677246,2.7084999084472656,2.6484999656677246,260
2018-08-27,2.7049999237060547,2.7049999237060547,2.7049999237060547,2.7049999237060547,596
2018-08-28,2.7339999675750732,2.740000009536743,2.742500066757202,2.7214999198913574,420
2018-08-29,2.7090001106262207,2.7119998931884766,2.7130000591278076,2.7035000324249268,49669
2018-08-30,2.690500020980835,2.7079999446868896,2.7125000953674316,2.6549999713897705,20088
2018-08-31,2.6489999294281006,2.67549991607666,2.687000036239624,2.6419999599456787,3247
2018-09-04,2.5834999084472656,2.635499954223633,2.6424999237060547,2.564500093460083,1369
2018-09-05,2.5924999713897705,2.5845000743865967,2.6019999980926514,2.5815000534057617,789
2018-09-06,2.618499994277954,2.6080000400543213,2.6470000743865967,2.6080000400543213,840
2018-09-07,2.6034998893737793,2.6019999980926514,2.63100004196167,2.5810000896453857,910
2018-09-10,2.6105000972747803,2.5980000495910645,2.615499973297119,2.5859999656677246,943
2018-09-11,2.6040000915527344,2.6075000762939453,2.634999990463257,2.565999984741211,942
2018-09-12,2.6584999561309814,2.5994999408721924,2.6670000553131104,2.5994999408721924,614
2018-09-13,2.6644999980926514,2.6624999046325684,2.696000099182129,2.6554999351501465,848
2018-09-14,2.627500057220459,2.6659998893737793,2.6659998893737793,2.5950000286102295,793
2018-09-17,2.633500099182129,2.5980000495910645,2.635999917984009,2.5980000495910645,607
2018-09-18,2.7119998931884766,2.63100004196167,2.7200000286102295,2.5950000286102295,765
2018-09-19,2.7100000381469727,2.7225000858306885,2.7230000495910645,2.7065000534057617,420
2018-09-20,2.7209999561309814,2.7084999084472656,2.75,2.7014999389648438,545
2018-09-21,2.8364999294281006,2.759999990463257,2.8380000591278076,2.75,659
2018-09-24,2.815999984741211,2.8350000381469727,2.8459999561309814,2.806999921798706,526
2018-09-25,2.803499937057495,2.7720000743865967,2.823499917984009,2.7720000743865967,1014
2018-09-26,2.806999921798706,2.804500102996826,2.806999921798706,2.802500009536743,2012
2018-09-27,2.7644999027252197,2.7985000610351562,2.80049991607666,2.751499891281128,1923
2018-09-28,2.7869999408721924,2.7695000171661377,2.7904999256134033,2.753000020980835,668
2018-10-01,2.7739999294281006,2.7829999923706055,2.7855000495910645,2.746000051498413,904
2018-10-02,2.7950000762939453,2.7725000381469727,2.8399999141693115,2.752500057220459,627
2018-10-03,2.822499990463257,2.7964999675750732,2.822499990463257,2.7880001068115234,291
2018-10-04,2.765000104904175,2.8355000019073486,2.8399999141693115,2.765000104904175,532
2018-10-05,2.750999927520752,2.7715001106262207,2.7715001106262207,2.745500087738037,407
2018-10-08,2.755000114440918,2.7360000610351562,2.755000114440918,2.7320001125335693,514
2018-10-09,2.7950000762939453,2.7715001106262207,2.803499937057495,2.742000102996826,498
2018-10-10,2.7690000534057617,2.7985000610351562,2.7985000610351562,2.734999895095825,498
2018-10-11,2.796999931335449,2.734999895095825,2.796999931335449,2.7149999141693115,290
2018-10-12,2.7929999828338623,2.809000015258789,2.811000108718872,2.7929999828338623,193
2018-10-15,2.7804999351501465,2.8010001182556152,2.8304998874664307,2.7804999351501465,226
2018-10-16,2.7704999446868896,2.7730000019073486,2.7804999351501465,2.7690000534057617,221
2018-10-17,2.7669999599456787,2.7730000019073486,2.7734999656677246,2.756999969482422,468
2018-10-18,2.737499952316284,2.765500068664551,2.765500068664551,2.737499952316284,270
2018-10-19,2.7679998874664307,2.739000082015991,2.7709999084472656,2.739000082015991,519
2018-10-22,2.7739999294281006,2.7699999809265137,2.812000036239624,2.7699999809265137,700
2018-10-23,2.746999979019165,2.7690000534057617,2.7690000534057617,2.7339999675750732,351
2018-10-24,2.746500015258789,2.749500036239624,2.755500078201294,2.746500015258789,254
2018-10-25,2.748500108718872,2.7200000286102295,2.7639999389648438,2.7200000286102295,681
2018-10-26,2.74399995803833,2.7284998893737793,2.749000072479248,2.7235000133514404,388
2018-10-29,2.7385001182556152,2.762500047683716,2.7664999961853027,2.7385001182556152,971
2018-10-30,2.6630001068115234,2.7114999294281006,2.7244999408721924,2.6630001068115234,890
2018-10-31,2.6635000705718994,2.6649999618530273,2.683500051498413,2.6530001163482666,771
2018-11-01,2.7214999198913574,2.67549991607666,2.7260000705718994,2.6710000038146973,1105
2018-11-02,2.802999973297119,2.7200000286102295,2.802999973297119,2.7200000286102295,787
2018-11-05,2.755500078201294,2.7860000133514404,2.7860000133514404,2.752500057220459,499
2018-11-06,2.7304999828338623,2.750499963760376,2.760499954223633,2.7300000190734863,425
2018-11-07,2.752500057220459,2.746000051498413,2.752500057220459,2.740000009536743,671
2018-11-08,2.736999988555908,2.7335000038146973,2.736999988555908,2.7060000896453857,425
2018-11-09,2.686500072479248,2.7300000190734863,2.7300000190734863,2.680500030517578,325
2018-11-12,2.677999973297119,2.677999973297119,2.677999973297119,2.677999973297119,302
2018-11-13,2.687000036239624,2.7200000286102295,2.7200000286102295,2.680000066757202,701
2018-11-14,2.7095000743865967,2.7095000743865967,2.7095000743865967,2.7095000743865967,361
2018-11-15,2.749000072479248,2.744999885559082,2.750999927520752,2.744999885559082,277
2018-11-16,2.803999900817871,2.803999900817871,2.803999900817871,2.7929999828338623,300
2018-11-19,2.804500102996826,2.7799999713897705,2.804500102996826,2.765500068664551,681
2018-11-20,2.7664999961853027,2.7904999256134033,2.81850004196167,2.7664999961853027,434
2018-11-21,2.7945001125335693,2.756500005722046,2.7945001125335693,2.756500005722046,281
2018-11-23,2.7704999446868896,2.7704999446868896,2.7704999446868896,2.7704999446868896,300
2018-11-26,2.758500099182129,2.763000011444092,2.763000011444092,2.750999927520752,244
2018-11-27,2.7105000019073486,2.7255001068115234,2.7330000400543213,2.7105000019073486,267
2018-11-28,2.7960000038146973,2.7365000247955322,2.7960000038146973,2.7360000610351562,45923
2018-11-29,2.7780001163482666,2.7904999256134033,2.7964999675750732,2.7685000896453857,10656
2018-11-30,2.7774999141693115,2.7780001163482666,2.7904999256134033,2.756999969482422,1793
2018-12-03,2.799499988555908,2.799999952316284,2.8469998836517334,2.7790000438690186,1624
2018-12-04,2.748500108718872,2.7945001125335693,2.810499906539917,2.740000009536743,1083
2018-12-06,2.740499973297119,2.759000062942505,2.759000062942505,2.7049999237060547,1124
2018-12-07,2.757499933242798,2.760999917984009,2.76200008392334,2.745500087738037,773
2018-12-10,2.7184998989105225,2.7365000247955322,2.746000051498413,2.7155001163482666,529
2018-12-11,2.7660000324249268,2.7260000705718994,2.7715001106262207,2.7260000705718994,576
2018-12-12,2.7685000896453857,2.7614998817443848,2.7685000896453857,2.753499984741211,739
2018-12-13,2.762500047683716,2.7880001068115234,2.7880001068115234,2.7614998817443848,418
2018-12-14,2.760499954223633,2.759999990463257,2.760499954223633,2.7284998893737793,813
2018-12-17,2.753000020980835,2.753000020980835,2.753000020980835,2.7184998989105225,727
2018-12-18,2.6710000038146973,2.740000009536743,2.740000009536743,2.6600000858306885,1007
2018-12-19,2.7214999198913574,2.686000108718872,2.7214999198913574,2.679500102996826,466
2018-12-20,2.7019999027252197,2.6689999103546143,2.7079999446868896,2.6689999103546143,402
2018-12-21,2.678499937057495,2.690500020980835,2.696000099182129,2.6675000190734863,534
2018-12-24,2.6684999465942383,2.674999952316284,2.674999952316284,2.6684999465942383,374
2018-12-26,2.7084999084472656,2.6700000762939453,2.7084999084472656,2.6500000953674316,346
2018-12-27,2.6675000190734863,2.685499906539917,2.686000108718872,2.6675000190734863,599
2018-12-28,2.678999900817871,2.683000087738037,2.7139999866485596,2.6735000610351562,2189
2018-12-31,2.628000020980835,2.6730000972747803,2.6730000972747803,2.627500057220459,1533
2019-01-02,2.625,2.6659998893737793,2.6659998893737793,2.5994999408721924,725
2019-01-03,2.570499897003174,2.5899999141693115,2.6010000705718994,2.549499988555908,411
2019-01-04,2.6514999866485596,2.6105000972747803,2.6514999866485596,2.6105000972747803,257
2019-01-07,2.6410000324249268,2.6445000171661377,2.6459999084472656,2.6410000324249268,363
2019-01-08,2.6605000495910645,2.6484999656677246,2.6605000495910645,2.637500047683716,398
2019-01-09,2.6619999408721924,2.6565001010894775,2.678499937057495,2.6565001010894775,330
2019-01-10,2.6435000896453857,2.6545000076293945,2.6545000076293945,2.638000011444092,320
2019-01-11,2.6695001125335693,2.6519999504089355,2.6695001125335693,2.6440000534057617,290
2019-01-14,2.6454999446868896,2.638000011444092,2.6454999446868896,2.635499954223633,381
2019-01-15,2.6505000591278076,2.6600000858306885,2.6700000762939453,2.6489999294281006,370
2019-01-16,2.69350004196167,2.67549991607666,2.69350004196167,2.67549991607666,324
2019-01-17,2.700000047683716,2.68149995803833,2.7125000953674316,2.677999973297119,380
2019-01-18,2.740999937057495,2.7039999961853027,2.740999937057495,2.7039999961853027,289
2019-01-22,2.688999891281128,2.7125000953674316,2.7125000953674316,2.686500072479248,360
2019-01-23,2.694000005722046,2.691499948501587,2.694000005722046,2.691499948501587,393
2019-01-24,2.6735000610351562,2.682499885559082,2.682499885559082,2.6735000610351562,382
2019-01-25,2.73799991607666,2.6714999675750732,2.73799991607666,2.6714999675750732,372
2019-01-28,2.6875,2.7119998931884766,2.7119998931884766,2.6875,484
2019-01-29,2.7320001125335693,2.7320001125335693,2.7320001125335693,2.7320001125335693,299
2019-01-30,2.7730000019073486,2.742500066757202,2.7869999408721924,2.742500066757202,992
2019-01-31,2.7890000343322754,2.7795000076293945,2.7980000972747803,2.7795000076293945,613
2019-02-01,2.7750000953674316,2.765000104904175,2.7815001010894775,2.756999969482422,978
2019-02-04,2.7950000762939453,2.765500068664551,2.80049991607666,2.760499954223633,710
2019-02-05,2.816999912261963,2.804500102996826,2.822499990463257,2.802999973297119,684
2019-02-06,2.8355000019073486,2.8454999923706055,2.8454999923706055,2.82450008392334,757
2019-02-07,2.8285000324249268,2.8304998874664307,2.8369998931884766,2.825000047683716,779
2019-02-08,2.809999942779541,2.8285000324249268,2.8324999809265137,2.805000066757202,764
2019-02-11,2.7915000915527344,2.7950000762939453,2.796999931335449,2.7850000858306885,404
2019-02-12,2.7744998931884766,2.7864999771118164,2.7864999771118164,2.759500026702881,657
2019-02-13,2.7739999294281006,2.7734999656677246,2.7780001163482666,2.7695000171661377,420
2019-02-14,2.7760000228881836,2.7734999656677246,2.7760000228881836,2.7660000324249268,371
2019-02-15,2.802500009536743,2.802000045776367,2.819999933242798,2.7890000343322754,424
2019-02-19,2.881500005722046,2.8424999713897705,2.881500005722046,2.8394999504089355,347
2019-02-20,2.930000066757202,2.9040000438690186,2.930000066757202,2.9040000438690186,370
2019-02-21,2.9024999141693115,2.9140000343322754,2.9140000343322754,2.9024999141693115,603
2019-02-22,2.9609999656677246,2.934999942779541,2.9609999656677246,2.934999942779541,311
2019-02-25,2.950000047683716,2.9605000019073486,2.9605000019073486,2.9489998817443848,173
2019-02-26,2.944000005722046,2.9539999961853027,2.9539999961853027,2.944000005722046,54177
2019-02-27,2.9590001106262207,2.944000005722046,2.9714999198913574,2.927999973297119,12839
2019-02-28,2.950000047683716,2.9679999351501465,2.9679999351501465,2.942500114440918,2510
2019-03-01,2.933500051498413,2.946500062942505,2.9779999256134033,2.92549991607666,1431
2019-03-04,2.9110000133514404,2.933500051498413,2.947000026702881,2.9000000953674316,832
2019-03-05,2.936000108718872,2.9195001125335693,2.950500011444092,2.9195001125335693,970
2019-03-06,2.9184999465942383,2.937999963760376,2.94350004196167,2.9179999828338623,990
2019-03-07,2.9114999771118164,2.924999952316284,2.924999952316284,2.8965001106262207,692
2019-03-08,2.8940000534057617,2.8959999084472656,2.9024999141693115,2.877000093460083,875
2019-03-11,2.9000000953674316,2.8940000534057617,2.9054999351501465,2.8940000534057617,341
2019-03-12,2.927500009536743,2.9119999408721924,2.9509999752044678,2.9110000133514404,610
2019-03-13,2.933500051498413,2.922499895095825,2.934000015258789,2.922499895095825,570
2019-03-14,2.8884999752044678,2.929500102996826,2.929500102996826,2.880000114440918,698
2019-03-15,2.9035000801086426,2.885499954223633,2.9144999980926514,2.885499954223633,407
2019-03-18,2.9035000801086426,2.9189999103546143,2.92549991607666,2.9024999141693115,319
2019-03-19,2.9195001125335693,2.9089999198913574,2.934499979019165,2.9089999198913574,494
2019-03-20,2.9154999256134033,2.9144999980926514,2.934000015258789,2.9049999713897705,475
2019-03-21,2.9000000953674316,2.947499990463257,2.947499990463257,2.890000104904175,351
2019-03-22,2.8359999656677246,2.890000104904175,2.890000104904175,2.8350000381469727,289
2019-03-25,2.8494999408721924,2.8485000133514404,2.8499999046325684,2.8334999084472656,492
2019-03-26,2.8505001068115234,2.8575000762939453,2.859999895095825,2.8505001068115234,634
2019-03-27,2.8580000400543213,2.8575000762939453,2.8580000400543213,2.8575000762939453,490
2019-03-28,2.868499994277954,2.871000051498413,2.877500057220459,2.866499900817871,631
2019-03-29,2.936000108718872,2.8984999656677246,2.936000108718872,2.8984999656677246,386
2019-04-01,2.9205000400543213,2.940000057220459,2.950500011444092,2.9179999828338623,507
2019-04-02,2.9040000438690186,2.9260001182556152,2.9260001182556152,2.9000000953674316,299
2019-04-03,2.946500062942505,2.927999973297119,2.946500062942505,2.9179999828338623,390
2019-04-04,2.9084999561309814,2.930500030517578,2.930500030517578,2.9084999561309814,214
2019-04-05,2.8924999237060547,2.890000104904175,2.8924999237060547,2.8864998817443848,322
2019-04-08,2.929500102996826,2.9124999046325684,2.931999921798706,2.9124999046325684,226
2019-04-09,2.93149995803833,2.9509999752044678,2.9539999961853027,2.930500030517578,221
2019-04-10,2.922499895095825,2.922499895095825,2.922499895095825,2.9184999465942383,241
2019-04-11,2.885999917984009,2.9105000495910645,2.9105000495910645,2.885999917984009,255
2019-04-12,2.946000099182129,2.947999954223633,2.9514999389648438,2.938999891281128,519
2019-04-15,2.934000015258789,2.9175000190734863,2.934000015258789,2.9170000553131104,201
2019-04-16,2.930500030517578,2.937000036239624,2.937000036239624,2.930500030517578,237
2019-04-17,2.9755001068115234,2.989500045776367,2.989500045776367,2.9630000591278076,406
2019-04-18,2.927500009536743,2.935499906539917,2.936000108718872,2.927500009536743,228
2019-04-22,2.9065001010894775,2.9110000133514404,2.9110000133514404,2.9065001010894775,139
2019-04-23,2.8984999656677246,2.8949999809265137,2.9059998989105225,2.884999990463257,287
2019-04-24,2.9175000190734863,2.9059998989105225,2.921999931335449,2.9059998989105225,271
2019-04-25,2.877500057220459,2.9214999675750732,2.9214999675750732,2.875,338
2019-04-26,2.9700000286102295,2.9700000286102295,2.9700000286102295,2.9700000286102295,48877
2019-04-29,2.8949999809265137,2.8884999752044678,2.9010000228881836,2.865499973297119,21435
2019-04-30,2.9014999866485596,2.8894999027252197,2.9189999103546143,2.877000093460083,2500
2019-05-01,2.802999973297119,2.9035000801086426,2.9059998989105225,2.7899999618530273,1777
2019-05-02,2.7839999198913574,2.802500009536743,2.807499885559082,2.7780001163482666,871
2019-05-03,2.825000047683716,2.7904999256134033,2.8355000019073486,2.7890000343322754,1071
2019-05-06,2.8369998931884766,2.802000045776367,2.8545000553131104,2.754499912261963,538
2019-05-07,2.7939999103546143,2.8320000171661377,2.8415000438690186,2.7869999408721924,983
2019-05-08,2.7855000495910645,2.7990000247955322,2.815000057220459,2.7720000743865967,734
2019-05-09,2.7834999561309814,2.7755000591278076,2.7839999198913574,2.746000051498413,580
2019-05-10,2.7850000858306885,2.7909998893737793,2.7929999828338623,2.7704999446868896,722
2019-05-13,2.7295000553131104,2.7699999809265137,2.7709999084472656,2.7184998989105225,592
2019-05-14,2.734499931335449,2.7295000553131104,2.743000030517578,2.7274999618530273,544
2019-05-15,2.753499984741211,2.7320001125335693,2.760499954223633,2.7304999828338623,523
2019-05-16,2.758500099182129,2.757999897003174,2.7839999198913574,2.753999948501587,332
2019-05-17,2.747999906539917,2.759999990463257,2.750499963760376,2.740000009536743,279
2019-05-20,2.7360000610351562,2.742000102996826,2.742000102996826,2.7214999198913574,416
2019-05-21,2.7235000133514404,2.736999988555908,2.739000082015991,2.7160000801086426,396
2019-05-22,2.686000108718872,2.7100000381469727,2.7100000381469727,2.677500009536743,406
2019-05-23,2.686500072479248,2.6649999618530273,2.690999984741211,2.6649999618530273,351
2019-05-24,2.7065000534057617,2.697000026702881,2.7139999866485596,2.697000026702881,245
2019-05-28,2.7035000324249268,2.7195000648498535,2.7195000648498535,2.7009999752044678,606
2019-05-29,2.672499895095825,2.700500011444092,2.700500011444092,2.6700000762939453,443
2019-05-30,2.6605000495910645,2.671999931335449,2.674999952316284,2.6435000896453857,704
2019-05-31,2.6459999084472656,2.640000104904175,2.6565001010894775,2.6384999752044678,409
2019-06-03,2.6554999351501465,2.634999990463257,2.6605000495910645,2.630000114440918,537
2019-06-04,2.6735000610351562,2.6610000133514404,2.674999952316284,2.6465001106262207,310
2019-06-05,2.627000093460083,2.6570000648498535,2.6570000648498535,2.625999927520752,362
2019-06-06,2.6540000438690186,2.6435000896453857,2.6540000438690186,2.630000114440918,300
2019-06-07,2.630500078201294,2.6489999294281006,2.6579999923706055,2.6064999103546143,303
2019-06-10,2.6640000343322754,2.6614999771118164,2.6654999256134033,2.6614999771118164,447
2019-06-11,2.67549991607666,2.690000057220459,2.690000057220459,2.6689999103546143,297
2019-06-12,2.6589999198913574,2.6575000286102295,2.6644999980926514,2.6575000286102295,398
2019-06-13,2.6610000133514404,2.6489999294281006,2.6610000133514404,2.6489999294281006,267
2019-06-14,2.634500026702881,2.640500068664551,2.6410000324249268,2.634500026702881,372
2019-06-17,2.6510000228881836,2.6429998874664307,2.6540000438690186,2.638000011444092,278
2019-06-18,2.7070000171661377,2.679500102996826,2.7125000953674316,2.678999900817871,347
2019-06-19,2.684499979019165,2.691499948501587,2.691499948501587,2.678999900817871,548
2019-06-20,2.7155001163482666,2.700000047683716,2.7320001125335693,2.700000047683716,523
2019-06-21,2.7060000896453857,2.7060000896453857,2.7095000743865967,2.7060000896453857,548
2019-06-24,2.7054998874664307,2.693000078201294,2.7054998874664307,2.690999984741211,508
2019-06-25,2.7355000972747803,2.7274999618530273,2.740999937057495,2.7274999618530273,358
2019-06-26,2.7109999656677246,2.7284998893737793,2.7290000915527344,2.7039999961853027,42742
2019-06-27,2.7125000953674316,2.7125000953674316,2.7225000858306885,2.694499969482422,17283
2019-06-28,2.7054998874664307,2.7184998989105225,2.7209999561309814,2.698499917984009,3316
2019-07-01,2.679500102996826,2.73799991607666,2.746000051498413,2.6710000038146973,2143
2019-07-02,2.6575000286102295,2.676500082015991,2.682499885559082,2.6514999866485596,991
2019-07-03,2.679500102996826,2.6610000133514404,2.682499885559082,2.6424999237060547,759
2019-07-05,2.6584999561309814,2.680999994277954,2.68149995803833,2.6505000591278076,431
2019-07-08,2.6559998989105225,2.6549999713897705,2.680500030517578,2.6545000076293945,582
2019-07-09,2.624500036239624,2.6500000953674316,2.6519999504089355,2.6135001182556152,888
2019-07-10,2.693000078201294,2.63100004196167,2.697000026702881,2.629499912261963,416
2019-07-11,2.682499885559082,2.684999942779541,2.691999912261963,2.68149995803833,799
2019-07-12,2.691499948501587,2.7035000324249268,2.7035000324249268,2.674499988555908,728
2019-07-15,2.7074999809265137,2.7165000438690186,2.7200000286102295,2.702500104904175,351
2019-07-16,2.69350004196167,2.7070000171661377,2.7274999618530273,2.69350004196167,714
2019-07-17,2.7100000381469727,2.69350004196167,2.7100000381469727,2.682499885559082,536
2019-07-18,2.7039999961853027,2.700000047683716,2.7100000381469727,2.700000047683716,443
2019-07-19,2.744499921798706,2.7300000190734863,2.7929999828338623,2.7300000190734863,599
2019-07-22,2.7144999504089355,2.734999895095825,2.741499900817871,2.7144999504089355,639
2019-07-23,2.694000005722046,2.7060000896453857,2.7174999713897705,2.684000015258789,429
2019-07-24,2.7039999961853027,2.698499917984009,2.7070000171661377,2.694499969482422,330
2019-07-25,2.695499897003174,2.697000026702881,2.7244999408721924,2.695499897003174,367
2019-07-26,2.676500082015991,2.684499979019165,2.6875,2.676500082015991,507
2019-07-29,2.7095000743865967,2.691999912261963,2.7095000743865967,2.690999984741211,680
2019-07-30,2.6705000400543213,2.7144999504089355,2.7195000648498535,2.6679999828338623,1176
2019-07-31,2.6579999923706055,2.680000066757202,2.680000066757202,2.6535000801086426,1040
2019-08-01,2.6600000858306885,2.6465001106262207,2.6605000495910645,2.615000009536743,1362
2019-08-02,2.565000057220459,2.5804998874664307,2.5920000076293945,2.562999963760376,395
2019-08-05,2.5369999408721924,2.5415000915527344,2.55049991607666,2.5369999408721924,334
2019-08-06,2.5510001182556152,2.552000045776367,2.555500030517578,2.55049991607666,518
2019-08-07,2.565000057220459,2.559999942779541,2.5829999446868896,2.5434999465942383,371
2019-08-08,2.6019999980926514,2.5880000591278076,2.6019999980926514,2.5880000591278076,333
2019-08-09,2.5840001106262207,2.5969998836517334,2.5969998836517334,2.5840001106262207,447
2019-08-12,2.5799999237060547,2.5799999237060547,2.5799999237060547,2.573499917984009,236
2019-08-13,2.624500036239624,2.578000068664551,2.625,2.578000068664551,388
2019-08-14,2.5864999294281006,2.5864999294281006,2.5899999141693115,2.5850000381469727,495
2019-08-15,2.5894999504089355,2.5894999504089355,2.5894999504089355,2.5820000171661377,397
2019-08-16,2.5899999141693115,2.5885000228881836,2.5999999046325684,2.5885000228881836,368
2019-08-19,2.5969998836517334,2.6070001125335693,2.615999937057495,2.5969998836517334,338
2019-08-20,2.5739998817443848,2.5875000953674316,2.5875000953674316,2.570499897003174,402
2019-08-21,2.5815000534057617,2.572000026702881,2.5820000171661377,2.572000026702881,453
2019-08-22,2.553499937057495,2.575000047683716,2.575000047683716,2.553499937057495,394
2019-08-23,2.5260000228881836,2.569000005722046,2.569000005722046,2.5260000228881836,354
2019-08-26,2.5399999618530273,2.5399999618530273,2.5399999618530273,2.5334999561309814,426
2019-08-27,2.5434999465942383,2.552999973297119,2.552999973297119,2.5434999465942383,436
2019-08-28,2.5510001182556152,2.556999921798706,2.557499885559082,2.55049991607666,56567
2019-08-29,2.559499979019165,2.559000015258789,2.5815000534057617,2.5409998893737793,16954
2019-08-30,2.5329999923706055,2.559999942779541,2.562999963760376,2.5295000076293945,2202
2019-09-03,2.512500047683716,2.5344998836517334,2.5364999771118164,2.4674999713897705,2394
2019-09-04,2.5789999961853027,2.5230000019073486,2.5789999961853027,2.5225000381469727,1139
2019-09-05,2.624500036239624,2.5989999771118164,2.630000114440918,2.5834999084472656,890
2019-09-06,2.615499973297119,2.614000082015991,2.624500036239624,2.6019999980926514,782
2019-09-09,2.6105000972747803,2.6135001182556152,2.6135001182556152,2.6019999980926514,613
2019-09-10,2.6105000972747803,2.6070001125335693,2.614000082015991,2.5915000438690186,560
2019-09-11,2.5975000858306885,2.6064999103546143,2.615000009536743,2.5880000591278076,616
2019-09-12,2.623500108718872,2.6010000705718994,2.6500000953674316,2.578000068664551,912
2019-09-13,2.680999994277954,2.626499891281128,2.683500051498413,2.626499891281128,414
2019-09-16,2.621000051498413,2.6524999141693115,2.6559998989105225,2.619999885559082,494
2019-09-17,2.609499931335449,2.615499973297119,2.617000102996826,2.5959999561309814,545
2019-09-18,2.5954999923706055,2.5950000286102295,2.6015000343322754,2.5799999237060547,415
2019-09-19,2.5910000801086426,2.5899999141693115,2.5980000495910645,2.5899999141693115,418
2019-09-20,2.5899999141693115,2.5929999351501465,2.6115000247955322,2.569499969482422,464
2019-09-23,2.5945000648498535,2.5759999752044678,2.5945000648498535,2.559999942779541,583
2019-09-24,2.5894999504089355,2.6050000190734863,2.6059999465942383,2.5855000019073486,563
2019-09-25,2.5950000286102295,2.5869998931884766,2.5954999923706055,2.575500011444092,515
2019-09-26,2.559999942779541,2.5980000495910645,2.5980000495910645,2.559999942779541,925
2019-09-27,2.5829999446868896,2.562000036239624,2.5959999561309814,2.562000036239624,1424
2019-09-30,2.564500093460083,2.5959999561309814,2.5959999561309814,2.559999942779541,684
2019-10-01,2.552000045776367,2.549999952316284,2.555000066757202,2.508500099182129,897
2019-10-02,2.561500072479248,2.55649995803833,2.561500072479248,2.5425000190734863,422
2019-10-03,2.5455000400543213,2.564500093460083,2.569999933242798,2.5380001068115234,258
2019-10-04,2.555500030517578,2.5325000286102295,2.555500030517578,2.5325000286102295,356
2019-10-07,2.572000026702881,2.562000036239624,2.5840001106262207,2.562000036239624,575
2019-10-08,2.563499927520752,2.5739998817443848,2.5739998817443848,2.559999942779541,348
2019-10-09,2.562000036239624,2.5625,2.5625,2.558500051498413,258
2019-10-10,2.6050000190734863,2.5460000038146973,2.612499952316284,2.5460000038146973,389
2019-10-11,2.618499994277954,2.6034998893737793,2.622499942779541,2.5999999046325684,373
2019-10-14,2.623500108718872,2.5999999046325684,2.623500108718872,2.5999999046325684,322
2019-10-15,2.6040000915527344,2.621000051498413,2.621000051498413,2.6005001068115234,281
2019-10-16,2.5794999599456787,2.5764999389648438,2.5794999599456787,2.5764999389648438,396
2019-10-17,2.5869998931884766,2.5785000324249268,2.6015000343322754,2.5785000324249268,411
2019-10-18,2.625,2.5859999656677246,2.626499891281128,2.5850000381469727,355
2019-10-21,2.634999990463257,2.632999897003174,2.640500068664551,2.626499891281128,390
2019-10-22,2.621999979019165,2.631500005722046,2.631500005722046,2.620500087738037,359
2019-10-23,2.6624999046325684,2.619999885559082,2.6624999046325684,2.61899995803833,474
2019-10-24,2.6589999198913574,2.6670000553131104,2.6670000553131104,2.6554999351501465,450
2019-10-25,2.6665000915527344,2.6605000495910645,2.677500009536743,2.6605000495910645,315
2019-10-28,2.672499895095825,2.672499895095825,2.674999952316284,2.6714999675750732,491
2019-10-29,2.682499885559082,2.6710000038146973,2.682499885559082,2.6710000038146973,637
2019-10-30,2.680500030517578,2.684999942779541,2.686500072479248,2.674999952316284,780
2019-10-31,2.632999897003174,2.6565001010894775,2.6614999771118164,2.625,500
2019-11-01,2.6510000228881836,2.635999917984009,2.6559998989105225,2.630000114440918,875
2019-11-04,2.6670000553131104,2.6614999771118164,2.6670000553131104,2.6614999771118164,639
2019-11-05,2.694999933242798,2.697499990463257,2.7084999084472656,2.690999984741211,586
2019-11-06,2.6610000133514404,2.6700000762939453,2.6700000762939453,2.6610000133514404,354
2019-11-07,2.7239999771118164,2.7239999771118164,2.7239999771118164,2.7184998989105225,566
2019-11-08,2.677999973297119,2.697999954223633,2.697999954223633,2.677999973297119,247
2019-11-11,2.6600000858306885,2.674999952316284,2.674999952316284,2.6600000858306885,476
2019-11-12,2.6419999599456787,2.6500000953674316,2.6519999504089355,2.6419999599456787,361
2019-11-13,2.6364998817443848,2.632499933242798,2.6364998817443848,2.630000114440918,535
2019-11-14,2.618499994277954,2.621999979019165,2.621999979019165,2.617500066757202,398
2019-11-15,2.634999990463257,2.631999969482422,2.634999990463257,2.631999969482422,569
2019-11-18,2.617500066757202,2.63100004196167,2.63100004196167,2.616499900817871,554
2019-11-19,2.6535000801086426,2.6500000953674316,2.6535000801086426,2.6424999237060547,443
2019-11-20,2.6465001106262207,2.6470000743865967,2.6500000953674316,2.6465001106262207,406
2019-11-21,2.621000051498413,2.624500036239624,2.627500057220459,2.621000051498413,424
2019-11-22,2.6475000381469727,2.6135001182556152,2.6489999294281006,2.6135001182556152,341
2019-11-25,2.6475000381469727,2.6475000381469727,2.6475000381469727,2.6475000381469727,261
2019-11-26,2.674499988555908,2.6459999084472656,2.674499988555908,2.6459999084472656,54906
2019-11-27,2.674499988555908,2.67549991607666,2.690500020980835,2.6644999980926514,24176
2019-11-29,2.6419999599456787,2.678499937057495,2.680000066757202,2.634500026702881,2253
2019-12-02,2.632499933242798,2.6424999237060547,2.6579999923706055,2.629499912261963,907
2019-12-03,2.6080000400543213,2.632499933242798,2.635999917984009,2.6050000190734863,1856
2019-12-04,2.6440000534057617,2.615000009536743,2.6500000953674316,2.6105000972747803,655
2019-12-05,2.6484999656677246,2.640500068664551,2.6600000858306885,2.640500068664551,354
2019-12-06,2.7109999656677246,2.6665000915527344,2.7365000247955322,2.6530001163482666,718
2019-12-09,2.746500015258789,2.7165000438690186,2.747999906539917,2.7130000591278076,988
2019-12-10,2.755500078201294,2.75,2.756999969482422,2.746000051498413,667
2019-12-11,2.7825000286102295,2.75,2.7899999618530273,2.749000072479248,791
2019-12-12,2.7894999980926514,2.7839999198913574,2.807499885559082,2.760499954223633,396
2019-12-13,2.7804999351501465,2.815000057220459,2.819999933242798,2.76200008392334,711
2019-12-16,2.820499897003174,2.7964999675750732,2.820499897003174,2.7964999675750732,905
2019-12-17,2.819499969482422,2.814500093460083,2.822499990463257,2.812000036239624,524
2019-12-18,2.816999912261963,2.803999900817871,2.819000005722046,2.796999931335449,472
2019-12-19,2.8315000534057617,2.819999933242798,2.8315000534057617,2.815999984741211,446
2019-12-20,2.811000108718872,2.8315000534057617,2.8315000534057617,2.802999973297119,643
2019-12-23,2.816999912261963,2.805000066757202,2.823499917984009,2.805000066757202,793
2019-12-24,2.8385000228881836,2.819999933242798,2.8399999141693115,2.818000078201294,426
2019-12-26,2.864500045776367,2.8545000553131104,2.867000102996826,2.8545000553131104,451
2019-12-27,2.8364999294281006,2.8550000190734863,2.8550000190734863,2.819999933242798,638
2019-12-30,2.827500104904175,2.8310000896453857,2.8334999084472656,2.814500093460083,1476
2019-12-31,2.7939999103546143,2.803999900817871,2.803999900817871,2.7939999103546143,420
2020-01-02,2.8329999446868896,2.816499948501587,2.8329999446868896,2.7945001125335693,1182
2020-01-03,2.7985000610351562,2.7934999465942383,2.7985000610351562,2.7894999980926514,321
2020-01-06,2.80049991607666,2.7780001163482666,2.80049991607666,2.7780001163482666,333
2020-01-07,2.803999900817871,2.8010001182556152,2.806999921798706,2.8010001182556152,261
2020-01-08,2.819000005722046,2.7869999408721924,2.819000005722046,2.7804999351501465,394
2020-01-09,2.810499906539917,2.825500011444092,2.825500011444092,2.8010001182556152,208
2020-01-10,2.81850004196167,2.809999942779541,2.8259999752044678,2.801500082015991,364
2020-01-13,2.8615000247955322,2.861999988555908,2.861999988555908,2.8554999828338623,247
2020-01-14,2.875999927520752,2.8575000762939453,2.875999927520752,2.8575000762939453,292
2020-01-15,2.869999885559082,2.8610000610351562,2.869999885559082,2.8485000133514404,288
2020-01-16,2.8519999980926514,2.8545000553131104,2.8554999828338623,2.8459999561309814,237
2020-01-17,2.8494999408721924,2.8570001125335693,2.8575000762939453,2.8494999408721924,298
2020-01-21,2.7985000610351562,2.809000015258789,2.813499927520752,2.7985000610351562,401
2020-01-22,2.7669999599456787,2.80049991607666,2.802999973297119,2.7669999599456787,309
2020-01-23,2.7260000705718994,2.757999897003174,2.757999897003174,2.7184998989105225,291
2020-01-24,2.685499906539917,2.7230000495910645,2.7230000495910645,2.678999900817871,359
2020-01-27,2.5964999198913574,2.5964999198913574,2.5964999198913574,2.5964999198913574,462
2020-01-28,2.5794999599456787,2.5840001106262207,2.5915000438690186,2.5794999599456787,381
2020-01-29,2.553499937057495,2.5859999656677246,2.5859999656677246,2.553499937057495,727
2020-01-30,2.5234999656677246,2.563999891281128,2.564500093460083,2.5234999656677246,830
2020-01-31,2.5199999809265137,2.5280001163482666,2.5299999713897705,2.509000062942505,511
2020-02-03,2.513000011444092,2.5230000019073486,2.5230000019073486,2.508500099182129,860
2020-02-04,2.547499895095825,2.552000045776367,2.565500020980835,2.5409998893737793,265
2020-02-05,2.5789999961853027,2.563499927520752,2.5894999504089355,2.563499927520752,240
2020-02-06,2.5985000133514404,2.5899999141693115,2.6040000915527344,2.5899999141693115,306
2020-02-07,2.559000015258789,2.561000108718872,2.562999963760376,2.555000066757202,236
2020-02-10,2.557499885559082,2.5510001182556152,2.566499948501587,2.5510001182556152,386
2020-02-11,2.5885000228881836,2.5875000953674316,2.5885000228881836,2.5875000953674316,212
2020-02-12,2.6059999465942383,2.6070001125335693,2.6075000762939453,2.6045000553131104,242
2020-02-13,2.619499921798706,2.619999885559082,2.619999885559082,2.619499921798706,234
2020-02-14,2.6054999828338623,2.6089999675750732,2.6105000972747803,2.6054999828338623,216
2020-02-18,2.609999895095825,2.629499912261963,2.630000114440918,2.6075000762939453,408
2020-02-19,2.612499952316284,2.6135001182556152,2.6135001182556152,2.5980000495910645,235
2020-02-20,2.5950000286102295,2.5945000648498535,2.5950000286102295,2.5945000648498535,386
2020-02-21,2.618000030517578,2.5994999408721924,2.618000030517578,2.5994999408721924,506
2020-02-24,2.5924999713897705,2.6050000190734863,2.6050000190734863,2.5834999084472656,379
2020-02-25,2.5964999198913574,2.5945000648498535,2.5964999198913574,2.5945000648498535,414
2020-02-26,2.5764999389648438,2.5820000171661377,2.5824999809265137,2.5764999389648438,65062
2020-02-27,2.571500062942505,2.565500020980835,2.5810000896453857,2.5220000743865967,14714
2020-02-28,2.5460000038146973,2.557499885559082,2.566999912261963,2.5139999389648438,2580
2020-03-02,2.6010000705718994,2.5360000133514404,2.618499994277954,2.5144999027252197,1295
2020-03-03,2.5794999599456787,2.619999885559082,2.630000114440918,2.561500072479248,1145
2020-03-04,2.5929999351501465,2.5850000381469727,2.6019999980926514,2.5769999027252197,489
2020-03-05,2.5824999809265137,2.5880000591278076,2.5934998989105225,2.572999954223633,491
2020-03-06,2.572999954223633,2.5789999961853027,2.5789999961853027,2.5464999675750732,638
2020-03-09,2.5239999294281006,2.5420000553131104,2.5420000553131104,2.4795000553131104,816
2020-03-10,2.5339999198913574,2.498500108718872,2.562999963760376,2.498500108718872,685
2020-03-11,2.51200008392334,2.549999952316284,2.549999952316284,2.48799991607666,654
2020-03-12,2.4809999465942383,2.490999937057495,2.490999937057495,2.438999891281128,985
2020-03-13,2.4739999771118164,2.4549999237060547,2.5344998836517334,2.430000066757202,803
2020-03-16,2.3984999656677246,2.4549999237060547,2.4600000381469727,2.364000082015991,516
2020-03-17,2.315500020980835,2.4170000553131104,2.4170000553131104,2.309000015258789,582
2020-03-18,2.1605000495910645,2.315999984741211,2.322499990463257,2.121999979019165,480
2020-03-19,2.200000047683716,2.1614999771118164,2.200000047683716,2.059499979019165,470
2020-03-20,2.190500020980835,2.1619999408721924,2.240999937057495,2.119999885559082,406
2020-03-23,2.119499921798706,2.1135001182556152,2.125499963760376,2.1050000190734863,375
2020-03-24,2.197499990463257,2.1510000228881836,2.2314999103546143,2.1510000228881836,448
2020-03-25,2.2339999675750732,2.2084999084472656,2.2339999675750732,2.174499988555908,719
2020-03-26,2.2079999446868896,2.190000057220459,2.2179999351501465,2.190000057220459,484
2020-03-27,2.197000026702881,2.190000057220459,2.197000026702881,2.190000057220459,906
2020-03-30,2.1619999408721924,2.1624999046325684,2.171999931335449,2.1584999561309814,352
2020-03-31,2.240000009536743,2.177500009536743,2.25,2.1760001182556152,514
2020-04-01,2.191999912261963,2.2200000286102295,2.2200000286102295,2.178499937057495,432
2020-04-02,2.2330000400543213,2.190000057220459,2.2339999675750732,2.190000057220459,377
2020-04-03,2.2100000381469727,2.2225000858306885,2.2230000495910645,2.2049999237060547,375
2020-04-06,2.234999895095825,2.2130000591278076,2.239000082015991,2.2130000591278076,296
2020-04-07,2.2885000705718994,2.2899999618530273,2.325000047683716,2.2885000705718994,422
2020-04-08,2.2780001163482666,2.2704999446868896,2.2780001163482666,2.2704999446868896,340
2020-04-09,2.2774999141693115,2.2834999561309814,2.2834999561309814,2.2699999809265137,429
2020-04-13,2.320499897003174,2.3364999294281006,2.3570001125335693,2.320499897003174,350
2020-04-14,2.3469998836517334,2.3345000743865967,2.3519999980926514,2.3259999752044678,437
2020-04-15,2.3125,2.309999942779541,2.314500093460083,2.297499895095825,425
2020-04-16,2.304500102996826,2.325000047683716,2.325000047683716,2.304500102996826,240
2020-04-17,2.3534998893737793,2.3475000858306885,2.3589999675750732,2.3469998836517334,302
2020-04-20,2.3345000743865967,2.3480000495910645,2.3480000495910645,2.325500011444092,414
2020-04-21,2.2669999599456787,2.314500093460083,2.314500093460083,2.2144999504089355,328
2020-04-22,2.317500114440918,2.2874999046325684,2.317500114440918,2.2874999046325684,312
2020-04-23,2.3239998817443848,2.321000099182129,2.3239998817443848,2.312999963760376,341
2020-04-24,2.3480000495910645,2.325000047683716,2.3480000495910645,2.3239998817443848,589
2020-04-27,2.381999969482422,2.3429999351501465,2.381999969482422,2.3264999389648438,731
2020-04-28,2.378999948501587,2.378999948501587,2.378999948501587,2.378999948501587,26351
2020-04-29,2.374500036239624,2.3440001010894775,2.3954999446868896,2.3340001106262207,3211
2020-04-30,2.3540000915527344,2.3864998817443848,2.4079999923706055,2.3445000648498535,1086
2020-05-01,2.31850004196167,2.3469998836517334,2.3469998836517334,2.297499895095825,702
2020-05-04,2.3239998817443848,2.30649995803833,2.3269999027252197,2.2894999980926514,602
2020-05-05,2.3410000801086426,2.3369998931884766,2.3415000438690186,2.318000078201294,412
2020-05-06,2.3524999618530273,2.3399999141693115,2.371000051498413,2.3350000381469727,689
2020-05-07,2.385499954223633,2.3405001163482666,2.390500068664551,2.3405001163482666,544
2020-05-08,2.4084999561309814,2.4024999141693115,2.422499895095825,2.3989999294281006,625
2020-05-11,2.381999969482422,2.4089999198913574,2.427500009536743,2.372999906539917,405
2020-05-12,2.3605000972747803,2.380000114440918,2.384500026702881,2.3350000381469727,464
2020-05-13,2.3489999771118164,2.3494999408721924,2.374000072479248,2.3489999771118164,355
2020-05-14,2.3510000705718994,2.3570001125335693,2.3570001125335693,2.3239998817443848,340
2020-05-15,2.3334999084472656,2.3559999465942383,2.3559999465942383,2.3320000171661377,311
2020-05-18,2.4049999713897705,2.365499973297119,2.4260001182556152,2.365000009536743,449
2020-05-19,2.4230000972747803,2.431999921798706,2.431999921798706,2.4105000495910645,531
2020-05-20,2.4674999713897705,2.4100000858306885,2.4700000286102295,2.4100000858306885,435
2020-05-21,2.4519999027252197,2.4679999351501465,2.4679999351501465,2.446500062942505,432
2020-05-22,2.4089999198913574,2.3924999237060547,2.4130001068115234,2.390000104904175,383
2020-05-26,2.438499927520752,2.4024999141693115,2.4565000534057617,2.4024999141693115,450
2020-05-27,2.4024999141693115,2.4205000400543213,2.4205000400543213,2.375499963760376,349
2020-05-28,2.4130001068115234,2.384999990463257,2.4210000038146973,2.384999990463257,628
2020-05-29,2.426500082015991,2.4070000648498535,2.447000026702881,2.4070000648498535,260
2020-06-01,2.4744999408721924,2.43149995803833,2.4784998893737793,2.43149995803833,598
2020-06-02,2.494499921798706,2.4790000915527344,2.499000072479248,2.4709999561309814,326
2020-06-03,2.496500015258789,2.496500015258789,2.496500015258789,2.492500066757202,179
2020-06-04,2.493000030517578,2.495500087738037,2.495500087738037,2.492500066757202,379
2020-06-05,2.556999921798706,2.5510001182556152,2.556999921798706,2.5510001182556152,416
2020-06-08,2.569999933242798,2.5450000762939453,2.569999933242798,2.5385000705718994,247
2020-06-09,2.6005001068115234,2.5924999713897705,2.6010000705718994,2.5905001163482666,508
2020-06-10,2.6570000648498535,2.6575000286102295,2.6610000133514404,2.6530001163482666,351
2020-06-11,2.5864999294281006,2.674499988555908,2.67549991607666,2.5864999294281006,352
2020-06-12,2.6015000343322754,2.5980000495910645,2.6034998893737793,2.5980000495910645,479
2020-06-15,2.56850004196167,2.566999912261963,2.56850004196167,2.5510001182556152,334
2020-06-16,2.565999984741211,2.5889999866485596,2.5985000133514404,2.558500051498413,345
2020-06-17,2.5920000076293945,2.569999933242798,2.5920000076293945,2.569999933242798,307
2020-06-18,2.5910000801086426,2.611999988555908,2.611999988555908,2.5910000801086426,299
2020-06-19,2.615000009536743,2.6429998874664307,2.6429998874664307,2.6105000972747803,217
2020-06-22,2.6554999351501465,2.6494998931884766,2.6554999351501465,2.6494998931884766,410
2020-06-23,2.6600000858306885,2.6500000953674316,2.6600000858306885,2.6500000953674316,288
2020-06-24,2.6505000591278076,2.6505000591278076,2.6505000591278076,2.6505000591278076,791
2020-06-25,2.6624999046325684,2.638000011444092,2.6624999046325684,2.638000011444092,283
2020-06-26,2.671999931335449,2.6610000133514404,2.671999931335449,2.6610000133514404,32639
2020-06-29,2.679500102996826,2.6505000591278076,2.6875,2.6505000591278076,8912
2020-06-30,2.7135000228881836,2.690000057220459,2.7209999561309814,2.684000015258789,1702
2020-07-01,2.7170000076293945,2.7160000801086426,2.737499952316284,2.697499990463257,1482
2020-07-02,2.7335000038146973,2.740999937057495,2.744499921798706,2.7149999141693115,673
2020-07-06,2.7660000324249268,2.7179999351501465,2.7674999237060547,2.7174999713897705,713
2020-07-07,2.7874999046325684,2.7809998989105225,2.7874999046325684,2.73799991607666,514
2020-07-08,2.814500093460083,2.7844998836517334,2.814500093460083,2.7815001010894775,773
2020-07-09,2.828000068664551,2.815500020980835,2.859999895095825,2.814500093460083,378
2020-07-10,2.88700008392334,2.8359999656677246,2.8994998931884766,2.8304998874664307,403
2020-07-13,2.941999912261963,2.9040000438690186,2.9814999103546143,2.880500078201294,543
2020-07-14,2.9159998893737793,2.8989999294281006,2.9210000038146973,2.8945000171661377,1115
2020-07-15,2.870500087738037,2.927999973297119,2.930000066757202,2.859999895095825,1158
2020-07-16,2.885999917984009,2.8515000343322754,2.888000011444092,2.8515000343322754,513
2020-07-17,2.887500047683716,2.8889999389648438,2.8935000896453857,2.869999885559082,482
2020-07-20,2.8984999656677246,2.888000011444092,2.9140000343322754,2.881500005722046,596
2020-07-21,2.940999984741211,2.9189999103546143,2.9539999961853027,2.9154999256134033,493
2020-07-22,2.9084999561309814,2.9514999389648438,2.9514999389648438,2.881500005722046,534
2020-07-23,2.924499988555908,2.8910000324249268,2.924499988555908,2.8910000324249268,598
2020-07-24,2.881999969482422,2.8970000743865967,2.9065001010894775,2.8585000038146973,749
2020-07-27,2.888000011444092,2.884500026702881,2.9000000953674316,2.878999948501587,450
2020-07-28,2.9049999713897705,2.9154999256134033,2.9159998893737793,2.871000051498413,484
2020-07-29,2.9054999351501465,2.9065001010894775,2.9070000648498535,2.882499933242798,402
2020-07-30,2.9045000076293945,2.9230000972747803,2.9230000972747803,2.874000072479248,874
2020-07-31,2.8589999675750732,2.9149999618530273,2.9149999618530273,2.8454999923706055,631
2020-08-03,2.9079999923706055,2.8534998893737793,2.9119999408721924,2.8350000381469727,526
2020-08-04,2.8894999027252197,2.9075000286102295,2.9094998836517334,2.879499912261963,423
2020-08-05,2.9114999771118164,2.8945000171661377,2.930000066757202,2.8919999599456787,742
2020-08-06,2.9054999351501465,2.8949999809265137,2.9075000286102295,2.8924999237060547,439
2020-08-07,2.7904999256134033,2.874000072479248,2.874000072479248,2.7890000343322754,723
2020-08-10,2.8585000038146973,2.822999954223633,2.869499921798706,2.822999954223633,380
2020-08-11,2.871999979019165,2.8615000247955322,2.873500108718872,2.8415000438690186,332
2020-08-12,2.88700008392334,2.8910000324249268,2.8910000324249268,2.878000020980835,365
2020-08-13,2.803999900817871,2.878000020980835,2.878999948501587,2.7960000038146973,460
2020-08-14,2.8559999465942383,2.8554999828338623,2.8559999465942383,2.8510000705718994,255
2020-08-17,2.8980000019073486,2.8445000648498535,2.9100000858306885,2.8445000648498535,346
2020-08-18,2.9709999561309814,2.953000068664551,2.9714999198913574,2.953000068664551,318
2020-08-19,3.0190000534057617,3.0160000324249268,3.0190000534057617,2.9855000972747803,518
2020-08-20,2.9700000286102295,2.9579999446868896,2.9700000286102295,2.9579999446868896,464
2020-08-21,2.9135000705718994,2.9135000705718994,2.924999952316284,2.9135000705718994,304
2020-08-24,2.922499895095825,2.940000057220459,2.940000057220459,2.9165000915527344,377
2020-08-25,2.930999994277954,2.9195001125335693,2.930999994277954,2.9170000553131104,347
2020-08-26,2.9595000743865967,2.944999933242798,2.9655001163482666,2.944999933242798,315
2020-08-27,2.9649999141693115,2.9649999141693115,2.9649999141693115,2.9649999141693115,45428
2020-08-28,2.994999885559082,2.9760000705718994,3.0169999599456787,2.9739999771118164,13122
2020-08-31,3.0409998893737793,3.0134999752044678,3.0439999103546143,3.01200008392334,1599
2020-09-01,3.009500026702881,3.0325000286102295,3.060499906539917,2.997999906539917,1204
2020-09-02,3.003000020980835,3.005000114440918,3.0179998874664307,2.9835000038146973,980
2020-09-03,2.9579999446868896,3.007999897003174,3.0160000324249268,2.941499948501587,1051
2020-09-04,3.0464999675750732,2.9595000743865967,3.062000036239624,2.947000026702881,961
2020-09-08,3.012500047683716,3.052000045776367,3.071000099182129,2.99399995803833,939
2020-09-09,3.0399999618530273,2.993499994277954,3.047499895095825,2.990999937057495,775
2020-09-10,2.986999988555908,3.0374999046325684,3.0409998893737793,2.9509999752044678,676
2020-09-11,3.0339999198913574,2.9709999561309814,3.0434999465942383,2.9709999561309814,412
2020-09-14,3.066499948501587,3.0490000247955322,3.069999933242798,3.0299999713897705,381
2020-09-15,3.062999963760376,3.0815000534057617,3.0824999809265137,3.05049991607666,376
2020-09-16,3.058000087738037,3.0460000038146973,3.065500020980835,3.0460000038146973,385
2020-09-17,3.066499948501587,3.059499979019165,3.0759999752044678,3.0199999809265137,383
2020-09-18,3.1135001182556152,3.0799999237060547,3.1135001182556152,3.065999984741211,275
2020-09-21,3.0295000076293945,3.0985000133514404,3.0985000133514404,3.0220000743865967,390
2020-09-22,3.059000015258789,3.060499906539917,3.0799999237060547,3.0485000610351562,614
2020-09-23,2.993499994277954,3.049999952316284,3.049999952316284,2.9574999809265137,510
2020-09-24,2.9690001010894775,2.9704999923706055,2.9719998836517334,2.929500102996826,351
2020-09-25,2.9730000495910645,2.9830000400543213,2.990999937057495,2.952500104904175,476
2020-09-28,2.989500045776367,2.9839999675750732,2.989500045776367,2.9704999923706055,483
2020-09-29,2.9835000038146973,2.996000051498413,2.996000051498413,2.9579999446868896,932
2020-09-30,3.0285000801086426,2.9825000762939453,3.0304999351501465,2.9749999046325684,510
2020-10-01,2.8635001182556152,3.0325000286102295,3.0325000286102295,2.861999988555908,776
2020-10-02,2.9784998893737793,2.8429999351501465,2.9814999103546143,2.8429999351501465,355
2020-10-05,2.9649999141693115,2.9690001010894775,2.9690001010894775,2.940500020980835,317
2020-10-06,2.9655001163482666,2.9595000743865967,2.9655001163482666,2.9560000896453857,320
2020-10-07,3.0344998836517334,3.009000062942505,3.046999931335449,3.009000062942505,292
2020-10-08,3.0420000553131104,3.0160000324249268,3.0450000762939453,3.0160000324249268,390
2020-10-09,3.0794999599456787,3.0920000076293945,3.0920000076293945,3.069499969482422,287
2020-10-12,3.061000108718872,3.069999933242798,3.069999933242798,3.058500051498413,262
2020-10-13,3.0425000190734863,3.0455000400543213,3.0455000400543213,3.0364999771118164,215
2020-10-14,3.047499895095825,3.049999952316284,3.049999952316284,3.047499895095825,326
2020-10-15,3.0829999446868896,3.052000045776367,3.0880000591278076,3.0485000610351562,269
2020-10-16,3.065000057220459,3.065000057220459,3.065000057220459,3.063499927520752,282
2020-10-19,3.0810000896453857,3.0975000858306885,3.0975000858306885,3.0810000896453857,244
2020-10-20,3.1435000896453857,3.140000104904175,3.1435000896453857,3.1389999389648438,251
2020-10-21,3.194499969482422,3.195499897003174,3.195499897003174,3.188499927520752,264
2020-10-22,3.1500000953674316,3.1665000915527344,3.1665000915527344,3.1484999656677246,270
2020-10-23,3.125499963760376,3.1484999656677246,3.1484999656677246,3.125499963760376,330
2020-10-26,3.0885000228881836,3.1085000038146973,3.1089999675750732,3.0885000228881836,377
2020-10-27,3.0899999141693115,3.0880000591278076,3.0899999141693115,3.0880000591278076,164
2020-10-28,3.056999921798706,3.0420000553131104,3.062999963760376,3.0394999980926514,1184
2020-10-29,3.052000045776367,3.067500114440918,3.0810000896453857,3.0425000190734863,946
2020-10-30,3.0434999465942383,3.0429999828338623,3.052500009536743,3.0355000495910645,690
2020-11-02,3.073499917984009,3.063499927520752,3.0899999141693115,3.061000108718872,459
2020-11-03,3.0869998931884766,3.0945000648498535,3.117500066757202,3.0869998931884766,722
2020-11-04,3.1010000705718994,3.0889999866485596,3.1080000400543213,3.0885000228881836,392
2020-11-05,3.1045000553131104,3.0980000495910645,3.122999906539917,3.0980000495910645,284
2020-11-06,3.1489999294281006,3.1465001106262207,3.1565001010894775,3.1424999237060547,313
2020-11-09,3.1514999866485596,3.184000015258789,3.184999942779541,3.1454999446868896,378
2020-11-10,3.1505000591278076,3.13700008392334,3.1505000591278076,3.13700008392334,403
2020-11-11,3.128999948501587,3.1075000762939453,3.128999948501587,3.1075000762939453,359
2020-11-12,3.1429998874664307,3.1519999504089355,3.1519999504089355,3.1429998874664307,663
2020-11-13,3.17549991607666,3.127500057220459,3.17549991607666,3.127500057220459,315
2020-11-16,3.2200000286102295,3.239500045776367,3.240000009536743,3.2155001163482666,302
2020-11-17,3.196500062942505,3.196500062942505,3.2125000953674316,3.196500062942505,288
2020-11-18,3.197999954223633,3.197999954223633,3.197999954223633,3.197999954223633,572
2020-11-19,3.2035000324249268,3.19950008392334,3.2130000591278076,3.19950008392334,482
2020-11-20,3.2934999465942383,3.2639999389648438,3.2934999465942383,3.2639999389648438,429
2020-11-23,3.259500026702881,3.2785000801086426,3.2790000438690186,3.259500026702881,408
2020-11-24,3.299999952316284,3.306999921798706,3.306999921798706,3.2934999465942383,424
2020-11-25,3.312000036239624,3.2939999103546143,3.312000036239624,3.2925000190734863,47410
2020-11-27,3.3994998931884766,3.316499948501587,3.4065001010894775,3.309000015258789,18760
2020-11-30,3.4205000400543213,3.4049999713897705,3.484499931335449,3.4049999713897705,2921
2020-12-01,3.4679999351501465,3.44350004196167,3.500999927520752,3.431999921798706,1465
2020-12-02,3.4749999046325684,3.490000009536743,3.49399995803833,3.430000066757202,1735
2020-12-03,3.4790000915527344,3.4800000190734863,3.505500078201294,3.4579999446868896,865
2020-12-04,3.5139999389648438,3.4725000858306885,3.5239999294281006,3.4725000858306885,731
2020-12-07,3.508500099182129,3.49399995803833,3.508500099182129,3.4700000286102295,904
2020-12-08,3.49399995803833,3.500499963760376,3.500499963760376,3.4609999656677246,663
2020-12-09,3.507999897003174,3.499000072479248,3.5209999084472656,3.4835000038146973,590
2020-12-10,3.570499897003174,3.4739999771118164,3.5845000743865967,3.447000026702881,611
2020-12-11,3.5239999294281006,3.575500011444092,3.6085000038146973,3.496000051498413,552
2020-12-14,3.5220000743865967,3.5420000553131104,3.5420000553131104,3.504499912261963,565
2020-12-15,3.5380001068115234,3.500999927520752,3.5425000190734863,3.500999927520752,409
2020-12-16,3.553999900817871,3.5385000705718994,3.563999891281128,3.5360000133514404,542
2020-12-17,3.5969998836517334,3.5759999752044678,3.6050000190734863,3.5759999752044678,497
2020-12-18,3.628499984741211,3.6050000190734863,3.634000062942505,3.5999999046325684,345
2020-12-21,3.572999954223633,3.5969998836517334,3.5969998836517334,3.555500030517578,796
2020-12-22,3.5179998874664307,3.5759999752044678,3.5759999752044678,3.509999990463257,638
2020-12-23,3.552000045776367,3.5190000534057617,3.552000045776367,3.4800000190734863,1462
2020-12-24,3.559999942779541,3.5490000247955322,3.559999942779541,3.5374999046325684,330
2020-12-28,3.569999933242798,3.5804998874664307,3.5894999504089355,3.569999933242798,446
2020-12-29,3.552999973297119,3.565999984741211,3.565999984741211,3.551500082015991,856
2020-12-30,3.5429999828338623,3.559000015258789,3.5739998817443848,3.5399999618530273,1166
2020-12-31,3.5139999389648438,3.5439999103546143,3.5455000400543213,3.507499933242798,1109
2021-01-04,3.552999973297119,3.559000015258789,3.6005001068115234,3.5455000400543213,864
2021-01-05,3.640500068664551,3.5899999141693115,3.6554999351501465,3.5899999141693115,512
2021-01-06,3.6500000953674316,3.6505000591278076,3.690500020980835,3.640000104904175,842
2021-01-07,3.695499897003174,3.6589999198913574,3.7079999446868896,3.6429998874664307,655
2021-01-08,3.6735000610351562,3.7165000438690186,3.7200000286102295,3.640000104904175,782
2021-01-11,3.563999891281128,3.6735000610351562,3.6735000610351562,3.558500051498413,677
2021-01-12,3.6050000190734863,3.5759999752044678,3.634999990463257,3.5759999752044678,603
2021-01-13,3.617000102996826,3.635499954223633,3.63700008392334,3.6115000247955322,618
2021-01-14,3.6679999828338623,3.611999988555908,3.6679999828338623,3.611999988555908,672
2021-01-15,3.6029999256134033,3.628999948501587,3.631500005722046,3.5964999198913574,817
2021-01-19,3.635999917984009,3.619999885559082,3.640000104904175,3.615999937057495,711
2021-01-20,3.6475000381469727,3.6389999389648438,3.6545000076293945,3.6389999389648438,601
2021-01-21,3.6554999351501465,3.6589999198913574,3.6589999198913574,3.6440000534057617,770
2021-01-22,3.635499954223633,3.575000047683716,3.635499954223633,3.57450008392334,607
2021-01-25,3.640500068664551,3.632999897003174,3.640500068664551,3.6115000247955322,852
2021-01-26,3.628000020980835,3.628999948501587,3.631999969482422,3.626499891281128,736
2021-01-27,3.571500062942505,3.571500062942505,3.571500062942505,3.571500062942505,320
2021-01-28,3.5829999446868896,3.5510001182556152,3.6034998893737793,3.509000062942505,925
2021-01-29,3.573499917984009,3.5815000534057617,3.6075000762939453,3.555500030517578,550
2021-02-01,3.562000036239624,3.566499948501587,3.5934998989105225,3.554500102996826,547
2021-02-02,3.5390000343322754,3.5264999866485596,3.5394999980926514,3.5264999866485596,434
2021-02-03,3.5785000324249268,3.552000045776367,3.5785000324249268,3.552000045776367,312
2021-02-04,3.565999984741211,3.566999912261963,3.566999912261963,3.559499979019165,382
2021-02-05,3.6389999389648438,3.575500011444092,3.6524999141693115,3.575500011444092,396
2021-02-08,3.678999900817871,3.6475000381469727,3.678999900817871,3.6459999084472656,312
2021-02-09,3.7335000038146973,3.7079999446868896,3.7355000972747803,3.693000078201294,303
2021-02-10,3.7855000495910645,3.7664999961853027,3.7899999618530273,3.7664999961853027,290
2021-02-11,3.7874999046325684,3.7850000858306885,3.7904999256134033,3.7715001106262207,316
2021-02-12,3.802000045776367,3.7860000133514404,3.815500020980835,3.7685000896453857,512
2021-02-16,3.8480000495910645,3.8424999713897705,3.8480000495910645,3.8424999713897705,367
2021-02-17,3.8359999656677246,3.8304998874664307,3.8359999656677246,3.8304998874664307,493
2021-02-18,3.9165000915527344,3.9214999675750732,3.926500082015991,3.9000000953674316,400
2021-02-19,4.090000152587891,4.090000152587891,4.090000152587891,4.090000152587891,437
2021-02-22,4.152500152587891,4.123000144958496,4.1539998054504395,4.123000144958496,616
2021-02-23,4.1875,4.1875,4.1875,4.1875,439
2021-02-24,4.301000118255615,4.21999979019165,4.301000118255615,4.21999979019165,77484
2021-02-25,4.265999794006348,4.308000087738037,4.36299991607666,4.195499897003174,17292
2021-02-26,4.0945000648498535,4.212500095367432,4.250999927520752,4.079999923706055,2457
2021-03-01,4.119500160217285,4.110499858856201,4.173500061035156,4.0995001792907715,1385
2021-03-02,4.231500148773193,4.114999771118164,4.235000133514404,4.059500217437744,1078
2021-03-03,4.1529998779296875,4.218500137329102,4.222499847412109,4.119999885559082,902
2021-03-04,3.990999937057495,4.119500160217285,4.156499862670898,3.875999927520752,1189
2021-03-05,4.086999893188477,3.9660000801086426,4.110000133514404,3.927999973297119,664
2021-03-08,4.103499889373779,4.127500057220459,4.161499977111816,4.01800012588501,707
2021-03-09,4.019499778747559,4.0914998054504395,4.121500015258789,3.996999979019165,1055
2021-03-10,4.041999816894531,4.027500152587891,4.055500030517578,4.007500171661377,523
2021-03-11,4.14300012588501,4.046500205993652,4.1479997634887695,4.0345001220703125,771
2021-03-12,4.145500183105469,4.140999794006348,4.1545000076293945,4.072000026702881,392
2021-03-15,4.146500110626221,4.170000076293945,4.170000076293945,4.126999855041504,511
2021-03-16,4.078999996185303,4.105000019073486,4.112500190734863,4.059500217437744,634
2021-03-17,4.127999782562256,4.067999839782715,4.156499862670898,4.065999984741211,540
2021-03-18,4.117000102996826,4.15500020980835,4.15500020980835,4.067999839782715,760
2021-03-19,4.123499870300293,4.05649995803833,4.123499870300293,4.052999973297119,834
2021-03-22,4.14900016784668,4.097499847412109,4.150000095367432,4.096499919891357,480
2021-03-23,4.0879998207092285,4.133500099182129,4.133500099182129,4.03000020980835,625
2021-03-24,4.071499824523926,4.047500133514404,4.109000205993652,4.026000022888184,610
2021-03-25,3.984999895095825,4.005499839782715,4.007999897003174,3.950000047683716,738
2021-03-26,4.078499794006348,4.012499809265137,4.087500095367432,4.012499809265137,714
2021-03-29,4.043000221252441,4.065000057220459,4.068999767303467,4.019999980926514,441
2021-03-30,3.9830000400543213,4.0355000495910645,4.0355000495910645,3.9749999046325684,1052
2021-03-31,4.002999782562256,4.00600004196167,4.011499881744385,3.989000082015991,289
2021-04-01,4.003499984741211,3.984999895095825,4.014999866485596,3.984999895095825,815
2021-04-05,4.14900016784668,4.053999900817871,4.1620001792907715,4.053999900817871,243
2021-04-06,4.126500129699707,4.150000095367432,4.151000022888184,4.098499774932861,269
2021-04-07,4.064000129699707,4.117499828338623,4.118500232696533,4.054999828338623,467
2021-04-08,4.103499889373779,4.085000038146973,4.103499889373779,4.085000038146973,366
2021-04-09,4.05049991607666,4.088500022888184,4.088500022888184,4.05049991607666,518
2021-04-12,4.03000020980835,4.027500152587891,4.0370001792907715,4.019999980926514,491
2021-04-13,4.043000221252441,4.014500141143799,4.043000221252441,4.014500141143799,603
2021-04-14,4.139999866485596,4.046500205993652,4.139999866485596,4.046000003814697,452
2021-04-15,4.230500221252441,4.175000190734863,4.237500190734863,4.175000190734863,403
2021-04-16,4.179999828338623,4.235000133514404,4.239500045776367,4.175000190734863,440
2021-04-19,4.25,4.179999828338623,4.269999980926514,4.179999828338623,283
2021-04-20,4.223999977111816,4.248499870300293,4.269499778747559,4.223999977111816,234
2021-04-21,4.286499977111816,4.252500057220459,4.286499977111816,4.252500057220459,221
2021-04-22,4.2804999351501465,4.2845001220703125,4.2845001220703125,4.267000198364258,239
2021-04-23,4.3429999351501465,4.3429999351501465,4.3429999351501465,4.338500022888184,607
2021-04-26,4.447999954223633,4.418000221252441,4.447999954223633,4.418000221252441,243
2021-04-27,4.743000030517578,4.518499851226807,4.743000030517578,4.459000110626221,493
2021-04-28,4.5370001792907715,4.755000114440918,4.755000114440918,4.510000228881836,48303
2021-04-29,4.493000030517578,4.497499942779541,4.552999973297119,4.4704999923706055,9852
2021-04-30,4.479000091552734,4.492000102996826,4.533999919891357,4.456999778747559,1629
2021-05-03,4.543000221252441,4.497499942779541,4.547500133514404,4.449999809265137,927
2021-05-04,4.535999774932861,4.520500183105469,4.573500156402588,4.505499839782715,678
2021-05-05,4.539000034332275,4.565499782562256,4.58050012588501,4.519999980926514,827
2021-05-06,4.61899995803833,4.535999774932861,4.624000072479248,4.514999866485596,925
2021-05-07,4.765999794006348,4.61899995803833,4.767000198364258,4.61899995803833,1019
2021-05-10,4.733500003814697,4.786499977111816,4.898499965667725,4.708000183105469,1083
2021-05-11,4.778500080108643,4.709000110626221,4.820000171661377,4.709000110626221,657
2021-05-12,4.752500057220459,4.832499980926514,4.835000038146973,4.7270002365112305,684
2021-05-13,4.70550012588501,4.740499973297119,4.763999938964844,4.664999961853027,870
2021-05-14,4.664000034332275,4.698500156402588,4.712500095367432,4.622000217437744,607
2021-05-17,4.721499919891357,4.6519999504089355,4.730000019073486,4.6519999504089355,908
2021-05-18,4.735499858856201,4.775000095367432,4.776000022888184,4.735000133514404,932
2021-05-19,4.5894999504089355,4.699999809265137,4.704999923706055,4.548500061035156,815
2021-05-20,4.581999778747559,4.558499813079834,4.61899995803833,4.553500175476074,521
2021-05-21,4.495999813079834,4.5279998779296875,4.566500186920166,4.491000175476074,519
2021-05-24,4.541500091552734,4.4720001220703125,4.550000190734863,4.4720001220703125,837
2021-05-25,4.521999835968018,4.591000080108643,4.5929999351501465,4.509500026702881,711
2021-05-26,4.5329999923706055,4.547500133514404,4.547500133514404,4.5329999923706055,796
2021-05-27,4.666500091552734,4.527500152587891,4.677999973297119,4.517000198364258,1426
2021-05-28,4.682499885559082,4.677000045776367,4.682499885559082,4.609000205993652,686
2021-06-01,4.6620001792907715,4.689000129699707,4.697000026702881,4.650000095367432,884
2021-06-02,4.599999904632568,4.6545000076293945,4.6570000648498535,4.599999904632568,304
2021-06-03,4.471499919891357,4.503499984741211,4.503499984741211,4.449999809265137,342
2021-06-04,4.537499904632568,4.471499919891357,4.539999961853027,4.471499919891357,258
2021-06-07,4.534999847412109,4.5229997634887695,4.534999847412109,4.489999771118164,284
2021-06-08,4.563000202178955,4.4720001220703125,4.563000202178955,4.4720001220703125,237
2021-06-09,4.536499977111816,4.531499862670898,4.538000106811523,4.531499862670898,272
2021-06-10,4.489999771118164,4.482999801635742,4.489999771118164,4.482999801635742,267
2021-06-11,4.541500091552734,4.573999881744385,4.573999881744385,4.5345001220703125,276
2021-06-14,4.5320000648498535,4.517499923706055,4.5320000648498535,4.517499923706055,409
2021-06-15,4.340000152587891,4.375999927520752,4.375999927520752,4.335000038146973,526
2021-06-16,4.392499923706055,4.3379998207092285,4.392499923706055,4.309000015258789,352
2021-06-17,4.184500217437744,4.295000076293945,4.339000225067139,4.184500217437744,248
2021-06-18,4.162499904632568,4.147500038146973,4.162499904632568,4.145999908447266,283
2021-06-21,4.1875,4.129000186920166,4.193999767303467,4.128499984741211,273
2021-06-22,4.234499931335449,4.188000202178955,4.25600004196167,4.188000202178955,341
2021-06-23,4.330999851226807,4.32450008392334,4.330999851226807,4.32450008392334,301
2021-06-24,4.311500072479248,4.307000160217285,4.311500072479248,4.306000232696533,269
2021-06-25,4.298999786376953,4.320000171661377,4.328999996185303,4.28249979019165,525
2021-06-28,4.2779998779296875,4.28849983215332,4.28849983215332,4.2779998779296875,32689
2021-06-29,4.276500225067139,4.274499893188477,4.281499862670898,4.202000141143799,9114
2021-06-30,4.296500205993652,4.2795000076293945,4.335999965667725,4.264500141143799,1809
2021-07-01,4.242000102996826,4.300000190734863,4.315000057220459,4.235499858856201,1274
2021-07-02,4.2820000648498535,4.245999813079834,4.297999858856201,4.239999771118164,499
2021-07-06,4.257999897003174,4.2820000648498535,4.398499965667725,4.250999927520752,1173
2021-07-07,4.328999996185303,4.261000156402588,4.360000133514404,4.256999969482422,697
2021-07-08,4.271500110626221,4.320000171661377,4.320000171661377,4.239999771118164,576
2021-07-09,4.352499961853027,4.2789998054504395,4.373000144958496,4.2789998054504395,484
2021-07-12,4.322999954223633,4.3470001220703125,4.3470001220703125,4.290999889373779,509
2021-07-13,4.314499855041504,4.3379998207092285,4.3379998207092285,4.267499923706055,459
2021-07-14,4.2769999504089355,4.299499988555908,4.309000015258789,4.269999980926514,748
2021-07-15,4.333000183105469,4.265500068664551,4.3495001792907715,4.265500068664551,451
2021-07-16,4.332499980926514,4.35099983215332,4.35099983215332,4.317999839782715,417
2021-07-19,4.2104997634887695,4.306000232696533,4.308000087738037,4.179999828338623,751
2021-07-20,4.273499965667725,4.210999965667725,4.2779998779296875,4.210999965667725,638
2021-07-21,4.28249979019165,4.264500141143799,4.297500133514404,4.264500141143799,416
2021-07-22,4.3480000495910645,4.320000171661377,4.3480000495910645,4.320000171661377,405
2021-07-23,4.406499862670898,4.357999801635742,4.455999851226807,4.357999801635742,432
2021-07-26,4.589000225067139,4.436500072479248,4.6020002365112305,4.436500072479248,585
2021-07-27,4.546000003814697,4.539999961853027,4.609000205993652,4.539999961853027,501
2021-07-28,4.479000091552734,4.573500156402588,4.573500156402588,4.479000091552734,785
2021-07-29,4.519999980926514,4.468500137329102,4.5295000076293945,4.468500137329102,861
2021-07-30,4.480500221252441,4.526000022888184,4.5295000076293945,4.465000152587891,377
2021-08-02,4.432000160217285,4.493000030517578,4.500500202178955,4.409999847412109,845
2021-08-03,4.382999897003174,4.423999786376953,4.423999786376953,4.36299991607666,609
2021-08-04,4.329999923706055,4.332499980926514,4.332499980926514,4.329999923706055,307
2021-08-05,4.3454999923706055,4.334499835968018,4.3480000495910645,4.334499835968018,354
2021-08-06,4.3454999923706055,4.3495001792907715,4.349999904632568,4.3420000076293945,356
2021-08-09,4.2870001792907715,4.292500019073486,4.321000099182129,4.246500015258789,374
2021-08-10,4.351500034332275,4.313000202178955,4.351500034332275,4.313000202178955,252
2021-08-11,4.363999843597412,4.3520002365112305,4.366000175476074,4.3520002365112305,399
2021-08-12,4.355999946594238,4.374499797821045,4.374499797821045,4.348999977111816,670
2021-08-13,4.38700008392334,4.360499858856201,4.400000095367432,4.347499847412109,579
2021-08-16,4.322000026702881,4.356500148773193,4.361000061035156,4.317999839782715,501
2021-08-17,4.199999809265137,4.328000068664551,4.328999996185303,4.19950008392334,590
2021-08-18,4.116000175476074,4.153500080108643,4.153500080108643,4.113999843597412,533
2021-08-19,4.03849983215332,4.027500152587891,4.05649995803833,3.9800000190734863,961
2021-08-20,4.134500026702881,4.064000129699707,4.134500026702881,4.063000202178955,522
2021-08-23,4.234499931335449,4.242000102996826,4.247499942779541,4.221499919891357,510
2021-08-24,4.255000114440918,4.2230000495910645,4.258500099182129,4.2230000495910645,702
2021-08-25,4.264999866485596,4.269000053405762,4.2795000076293945,4.260000228881836,432
2021-08-26,4.245999813079834,4.244999885559082,4.245999813079834,4.244999885559082,549
2021-08-27,4.316500186920166,4.316500186920166,4.316500186920166,4.316500186920166,23166
2021-08-30,4.361000061035156,4.321499824523926,4.3979997634887695,4.315999984741211,5691
2021-08-31,4.360000133514404,4.364500045776367,4.374499797821045,4.321499824523926,2262
2021-09-01,4.263000011444092,4.35099983215332,4.353499889373779,4.241000175476074,1315
2021-09-02,4.289999961853027,4.267000198364258,4.293499946594238,4.239999771118164,1105
2021-09-03,4.325500011444092,4.2820000648498535,4.3354997634887695,4.26800012588501,747
2021-09-07,4.277500152587891,4.3379998207092285,4.3379998207092285,4.253499984741211,746
2021-09-08,4.23199987411499,4.26800012588501,4.290999889373779,4.208000183105469,929
2021-09-09,4.2835001945495605,4.228499889373779,4.302499771118164,4.223999977111816,645
2021-09-10,4.447999954223633,4.2754998207092285,4.461999893188477,4.2754998207092285,904
2021-09-13,4.363500118255615,4.4145002365112305,4.4670000076293945,4.3354997634887695,630
2021-09-14,4.317999839782715,4.356500148773193,4.362500190734863,4.2835001945495605,505
2021-09-15,4.403500080108643,4.309999942779541,4.415500164031982,4.291999816894531,624
2021-09-16,4.278500080108643,4.400000095367432,4.4019999504089355,4.260000228881836,589
2021-09-17,4.245500087738037,4.2820000648498535,4.3404998779296875,4.232999801635742,808
2021-09-20,4.117000102996826,4.230000019073486,4.230000019073486,4.099999904632568,759
2021-09-21,4.127999782562256,4.135499954223633,4.1645002365112305,4.021999835968018,576
2021-09-22,4.252500057220459,4.142000198364258,4.268499851226807,4.142000198364258,540
2021-09-23,4.230999946594238,4.197500228881836,4.264999866485596,4.197500228881836,496
2021-09-24,4.287499904632568,4.21750020980835,4.287499904632568,4.21750020980835,590
2021-09-27,4.293499946594238,4.304500102996826,4.304999828338623,4.261499881744385,669
2021-09-28,4.244999885559082,4.270500183105469,4.27400016784668,4.244999885559082,805
2021-09-29,4.199999809265137,4.231500148773193,4.245999813079834,4.186999797821045,793
2021-09-30,4.090000152587891,4.186500072479248,4.204500198364258,4.067999839782715,877
2021-10-01,4.19350004196167,4.150000095367432,4.209499835968018,4.150000095367432,969
2021-10-04,4.246500015258789,4.239999771118164,4.293499946594238,4.191999912261963,446
2021-10-05,4.202000141143799,4.228000164031982,4.228000164031982,4.175000190734863,289
2021-10-06,4.1570000648498535,4.164999961853027,4.174499988555908,4.142000198364258,384
2021-10-07,4.250999927520752,4.224999904632568,4.256999969482422,4.223999977111816,641
2021-10-08,4.2829999923706055,4.291999816894531,4.292500019073486,4.2829999923706055,340
2021-10-11,4.374499797821045,4.348999977111816,4.386499881744385,4.348999977111816,241
2021-10-12,4.328999996185303,4.363999843597412,4.385499954223633,4.323500156402588,494
2021-10-13,4.520500183105469,4.453999996185303,4.526500225067139,4.443999767303467,362
2021-10-14,4.631499767303467,4.610000133514404,4.631499767303467,4.610000133514404,285
2021-10-15,4.734000205993652,4.610499858856201,4.734000205993652,4.610499858856201,356
2021-10-18,4.730500221252441,4.7895002365112305,4.790999889373779,4.702000141143799,601
2021-10-19,4.714000225067139,4.75,4.75,4.686999797821045,764
2021-10-20,4.75600004196167,4.650000095367432,4.768499851226807,4.650000095367432,587
2021-10-21,4.58650016784668,4.58650016784668,4.58650016784668,4.581999778747559,618
2021-10-22,4.526000022888184,4.550000190734863,4.559000015258789,4.508500099182129,558
2021-10-25,4.551499843597412,4.551499843597412,4.551499843597412,4.551499843597412,493
2021-10-26,4.486499786376953,4.5254998207092285,4.5254998207092285,4.486499786376953,249
2021-10-27,4.38700008392334,4.392499923706055,4.392499923706055,4.38700008392334,756
2021-10-28,4.4375,4.386499881744385,4.453999996185303,4.354000091552734,892
2021-10-29,4.375500202178955,4.439499855041504,4.439499855041504,4.343500137329102,716
2021-11-01,4.4019999504089355,4.354499816894531,4.40500020980835,4.354499816894531,442
2021-11-02,4.374000072479248,4.35699987411499,4.379000186920166,4.355999946594238,315
2021-11-03,4.326000213623047,4.373499870300293,4.373499870300293,4.326000213623047,305
2021-11-04,4.326000213623047,4.373000144958496,4.373000144958496,4.305500030517578,376
2021-11-05,4.348999977111816,4.332499980926514,4.348999977111816,4.325500011444092,327
2021-11-08,4.40500020980835,4.369999885559082,4.411499977111816,4.369999885559082,222
2021-11-09,4.380000114440918,4.420000076293945,4.420000076293945,4.362500190734863,402
2021-11-10,4.328000068664551,4.380000114440918,4.38100004196167,4.302499771118164,370
2021-11-11,4.4045000076293945,4.396999835968018,4.433000087738037,4.396999835968018,330
2021-11-12,4.45550012588501,4.4095001220703125,4.4604997634887695,4.4095001220703125,295
2021-11-15,4.4070000648498535,4.479000091552734,4.479499816894531,4.4070000648498535,384
2021-11-16,4.358500003814697,4.339000225067139,4.358500003814697,4.3354997634887695,274
2021-11-17,4.2729997634887695,4.297500133514404,4.297500133514404,4.20550012588501,437
2021-11-18,4.309999942779541,4.2154998779296875,4.321499824523926,4.215000152587891,326
2021-11-19,4.4085001945495605,4.311999797821045,4.4085001945495605,4.311999797821045,410
2021-11-22,4.395500183105469,4.409999847412109,4.409999847412109,4.395500183105469,470
2021-11-23,4.423500061035156,4.421999931335449,4.42549991607666,4.421999931335449,325
2021-11-24,4.458000183105469,4.393499851226807,4.459499835968018,4.393499851226807,368
2021-11-26,4.281499862670898,4.426000118255615,4.426000118255615,4.281499862670898,51189
2021-11-29,4.336999893188477,4.304999828338623,4.375,4.281499862670898,6009
2021-11-30,4.2779998779296875,4.35699987411499,4.360499858856201,4.249000072479248,2030
2021-12-01,4.247499942779541,4.303500175476074,4.34499979019165,4.210000038146973,1392
2021-12-02,4.298999786376953,4.240499973297119,4.308499813079834,4.240499973297119,834
2021-12-03,4.266499996185303,4.272500038146973,4.315000057220459,4.251500129699707,891
2021-12-06,4.336999893188477,4.295000076293945,4.34250020980835,4.256499767303467,712
2021-12-07,4.3379998207092285,4.310500144958496,4.383500099182129,4.30649995803833,887
2021-12-08,4.390999794006348,4.339000225067139,4.394000053405762,4.331999778747559,950
2021-12-09,4.329999923706055,4.373499870300293,4.376500129699707,4.303500175476074,651
2021-12-10,4.2829999923706055,4.313000202178955,4.3379998207092285,4.28000020980835,529
2021-12-13,4.28000020980835,4.322500228881836,4.32450008392334,4.2754998207092285,504
2021-12-14,4.254000186920166,4.269999980926514,4.295000076293945,4.25,585
2021-12-15,4.179500102996826,4.260000228881836,4.269999980926514,4.129000186920166,1004
2021-12-16,4.30049991607666,4.250999927520752,4.315000057220459,4.230999946594238,687
2021-12-17,4.290999889373779,4.303500175476074,4.321499824523926,4.271500110626221,548
2021-12-20,4.288000106811523,4.269499778747559,4.296999931335449,4.233500003814697,490
2021-12-21,4.3379998207092285,4.309000015258789,4.343999862670898,4.304500102996826,761
2021-12-22,4.389500141143799,4.3454999923706055,4.389500141143799,4.34499979019165,1030
2021-12-23,4.38700008392334,4.4004998207092285,4.4004998207092285,4.349999904632568,880
2021-12-27,4.465000152587891,4.375999927520752,4.465000152587891,4.374000072479248,421
2021-12-28,4.420000076293945,4.458000183105469,4.4679999351501465,4.420000076293945,543
2021-12-29,4.4019999504089355,4.4120001792907715,4.41349983215332,4.4019999504089355,695
2021-12-30,4.384500026702881,4.406000137329102,4.421500205993652,4.376999855041504,832
2021-12-31,4.454999923706055,4.389500141143799,4.454999923706055,4.377500057220459,373
2022-01-03,4.4145002365112305,4.440000057220459,4.444499969482422,4.349999904632568,544
2022-01-04,4.466000080108643,4.385000228881836,4.466000080108643,4.374000072479248,499
2022-01-05,4.4045000076293945,4.448500156402588,4.448500156402588,4.370999813079834,724
2022-01-06,4.3480000495910645,4.36899995803833,4.369999885559082,4.320499897003174,522
2022-01-07,4.4029998779296875,4.376999855041504,4.4029998779296875,4.355999946594238,618
2022-01-10,4.3445000648498535,4.388999938964844,4.409999847412109,4.324999809265137,787
2022-01-11,4.420499801635742,4.393499851226807,4.420499801635742,4.372000217437744,554
2022-01-12,4.564000129699707,4.419000148773193,4.580999851226807,4.419000148773193,1192
2022-01-13,4.533999919891357,4.564000129699707,4.564000129699707,4.533999919891357,991
2022-01-14,4.411499977111816,4.4095001220703125,4.436999797821045,4.4095001220703125,1236
2022-01-18,4.375999927520752,4.41949987411499,4.42549991607666,4.375999927520752,1000
2022-01-19,4.462500095367432,4.47599983215332,4.47599983215332,4.462500095367432,1172
2022-01-20,4.576499938964844,4.518499851226807,4.576499938964844,4.518499851226807,1441
2022-01-21,4.512499809265137,4.51800012588501,4.541500091552734,4.495999813079834,1052
2022-01-24,4.4029998779296875,4.485000133514404,4.485000133514404,4.386499881744385,1533
2022-01-25,4.442999839782715,4.432000160217285,4.442999839782715,4.432000160217285,469
2022-01-26,4.504499912261963,4.506999969482422,4.507999897003174,4.434500217437744,873
2022-01-27,4.413000106811523,4.417500019073486,4.463500022888184,4.413000106811523,1211
2022-01-28,4.302999973297119,4.422500133514404,4.428999900817871,4.29449987411499,1471
2022-01-31,4.317999839782715,4.308000087738037,4.333499908447266,4.278500080108643,882
2022-02-01,4.428999900817871,4.354499816894531,4.43149995803833,4.354499816894531,859
2022-02-02,4.491000175476074,4.434000015258789,4.491000175476074,4.43149995803833,422
2022-02-03,4.4664998054504395,4.46750020980835,4.46999979019165,4.4644999504089355,500
2022-02-04,4.483500003814697,4.492000102996826,4.506499767303467,4.476500034332275,444
2022-02-07,4.46150016784668,4.4704999923706055,4.472499847412109,4.435999870300293,686
2022-02-08,4.459499835968018,4.453000068664551,4.468999862670898,4.425000190734863,398
2022-02-09,4.600500106811523,4.464000225067139,4.635000228881836,4.464000225067139,425
2022-02-10,4.65749979019165,4.611999988555908,4.690999984741211,4.611999988555908,415
2022-02-11,4.505000114440918,4.604499816894531,4.604499816894531,4.479499816894531,489
2022-02-14,4.507500171661377,4.4710001945495605,4.507500171661377,4.4710001945495605,420
2022-02-15,4.531499862670898,4.507500171661377,4.531499862670898,4.486499786376953,310
2022-02-16,4.540500164031982,4.540500164031982,4.540500164031982,4.535999774932861,577
2022-02-17,4.525000095367432,4.518499851226807,4.525000095367432,4.518499851226807,516
2022-02-18,4.519499778747559,4.519499778747559,4.519499778747559,4.519499778747559,647
2022-02-22,4.510000228881836,4.519499778747559,4.519499778747559,4.510000228881836,818
2022-02-23,4.481500148773193,4.50600004196167,4.520500183105469,4.481500148773193,975
2022-02-24,4.453999996185303,4.478499889373779,4.478499889373779,4.453999996185303,50571
2022-02-25,4.4720001220703125,4.5,4.519999980926514,4.448500156402588,14457
2022-02-28,4.444499969482422,4.455999851226807,4.515500068664551,4.440000057220459,1803
2022-03-01,4.58650016784668,4.496500015258789,4.5879998207092285,4.480999946594238,1777
2022-03-02,4.6554999351501465,4.563000202178955,4.690000057220459,4.552999973297119,1446
2022-03-03,4.771500110626221,4.699999809265137,4.78249979019165,4.697999954223633,1055
2022-03-04,4.928999900817871,4.76800012588501,4.928999900817871,4.766499996185303,1241
2022-03-07,4.7220001220703125,4.909999847412109,5.010000228881836,4.659999847412109,987
2022-03-08,4.700500011444092,4.730000019073486,4.919000148773193,4.6020002365112305,1207
2022-03-09,4.564000129699707,4.7170000076293945,4.718999862670898,4.546000003814697,944
2022-03-10,4.643499851226807,4.579999923706055,4.649499893188477,4.573999881744385,1067
2022-03-11,4.616000175476074,4.608500003814697,4.6875,4.585000038146973,970
2022-03-14,4.512499809265137,4.600500106811523,4.600500106811523,4.49399995803833,743
2022-03-15,4.501500129699707,4.492000102996826,4.525000095367432,4.460000038146973,788
2022-03-16,4.5879998207092285,4.492499828338623,4.610000133514404,4.492499828338623,664
2022-03-17,4.690499782562256,4.652500152587891,4.690499782562256,4.623000144958496,939
2022-03-18,4.730500221252441,4.700500011444092,4.730500221252441,4.685999870300293,685
2022-03-21,4.701499938964844,4.699999809265137,4.706500053405762,4.649499893188477,555
2022-03-22,4.689000129699707,4.68149995803833,4.725500106811523,4.68149995803833,488
2022-03-23,4.762499809265137,4.684999942779541,4.763000011444092,4.683000087738037,490
2022-03-24,4.729000091552734,4.768499851226807,4.800000190734863,4.705999851226807,893
2022-03-25,4.685999870300293,4.691999912261963,4.702499866485596,4.683000087738037,667
2022-03-28,4.714000225067139,4.650000095367432,4.714000225067139,4.632999897003174,470
2022-03-29,4.7164998054504395,4.7164998054504395,4.7164998054504395,4.7164998054504395,333
2022-03-30,4.739500045776367,4.781499862670898,4.781499862670898,4.7270002365112305,1146
2022-03-31,4.743000030517578,4.730000019073486,4.744500160217285,4.701000213623047,708
2022-04-01,4.682499885559082,4.7245001792907715,4.729000091552734,4.681000232696533,1077
2022-04-04,4.776500225067139,4.707499980926514,4.781000137329102,4.707499980926514,473
2022-04-05,4.790999889373779,4.808499813079834,4.808499813079834,4.790999889373779,377
2022-04-06,4.733500003814697,4.762499809265137,4.772500038146973,4.697500228881836,379
2022-04-07,4.695000171661377,4.710999965667725,4.710999965667725,4.684999942779541,328
2022-04-08,4.71999979019165,4.7230000495910645,4.744999885559082,4.706999778747559,327
2022-04-11,4.628499984741211,4.682499885559082,4.706500053405762,4.623000144958496,352
2022-04-12,4.703999996185303,4.665999889373779,4.705999851226807,4.6645002365112305,343
2022-04-13,4.706999778747559,4.706999778747559,4.706999778747559,4.706999778747559,480
2022-04-14,4.7170000076293945,4.7170000076293945,4.7170000076293945,4.7170000076293945,982
2022-04-18,4.796000003814697,4.75,4.809000015258789,4.75,498
2022-04-19,4.714000225067139,4.797500133514404,4.797500133514404,4.697000026702881,573
2022-04-20,4.649499893188477,4.623000144958496,4.649499893188477,4.623000144958496,859
2022-04-21,4.703499794006348,4.703499794006348,4.703499794006348,4.703499794006348,614
2022-04-22,4.582499980926514,4.582499980926514,4.591000080108643,4.576499938964844,663
2022-04-25,4.448999881744385,4.480000019073486,4.480000019073486,4.410999774932861,494
2022-04-26,4.440000057220459,4.476500034332275,4.476500034332275,4.434000015258789,359
2022-04-27,4.454500198364258,4.446000099182129,4.454500198364258,4.442500114440918,24293
2022-04-28,4.41349983215332,4.446000099182129,4.4695000648498535,4.366499900817871,4363
2022-04-29,4.394999980926514,4.422999858856201,4.485000133514404,4.36299991607666,1147
2022-05-02,4.255499839782715,4.380499839782715,4.385499954223633,4.190000057220459,1034
2022-05-03,4.270999908447266,4.2769999504089355,4.343999862670898,4.257500171661377,878
2022-05-04,4.328499794006348,4.289999961853027,4.363999843597412,4.239999771118164,1065
2022-05-05,4.284999847412109,4.398499965667725,4.420000076293945,4.278500080108643,778
2022-05-06,4.261499881744385,4.293000221252441,4.298999786376953,4.230000019073486,1207
2022-05-09,4.192999839782715,4.230000019073486,4.230000019073486,4.126500129699707,1019
2022-05-10,4.1545000076293945,4.173500061035156,4.250999927520752,4.130000114440918,908
2022-05-11,4.212500095367432,4.15500020980835,4.244999885559082,4.15500020980835,723
2022-05-12,4.105000019073486,4.197500228881836,4.197500228881836,4.056000232696533,783
2022-05-13,4.180500030517578,4.108500003814697,4.180500030517578,4.067999839782715,1133
2022-05-16,4.196499824523926,4.210000038146973,4.2144999504089355,4.150000095367432,575
2022-05-17,4.239500045776367,4.240499973297119,4.2795000076293945,4.212500095367432,780
2022-05-18,4.182000160217285,4.241000175476074,4.243000030517578,4.150000095367432,689
2022-05-19,4.284999847412109,4.18149995803833,4.284999847412109,4.18149995803833,587
2022-05-20,4.281000137329102,4.25600004196167,4.320000171661377,4.25600004196167,577
2022-05-23,4.347499847412109,4.304999828338623,4.348499774932861,4.289999961853027,577
2022-05-24,4.325500011444092,4.32450008392334,4.3414998054504395,4.260000228881836,969
2022-05-25,4.2769999504089355,4.269499778747559,4.293499946594238,4.261499881744385,503
2022-05-26,4.255000114440918,4.257500171661377,4.257500171661377,4.255000114440918,842
2022-05-27,4.303999900817871,4.269000053405762,4.321000099182129,4.255000114440918,1475
2022-05-31,4.295000076293945,4.341000080108643,4.348999977111816,4.289000034332275,323
2022-06-01,4.329999923706055,4.28000020980835,4.3460001945495605,4.28000020980835,886
2022-06-02,4.553999900817871,4.388999938964844,4.553999900817871,4.388999938964844,343
2022-06-03,4.477499961853027,4.550000190734863,4.567500114440918,4.472499847412109,377
2022-06-06,4.439499855041504,4.417500019073486,4.442500114440918,4.417500019073486,230
2022-06-07,4.439499855041504,4.393499851226807,4.439499855041504,4.38100004196167,319
2022-06-08,4.458499908447266,4.434999942779541,4.458499908447266,4.4120001792907715,271
2022-06-09,4.388999938964844,4.440000057220459,4.440000057220459,4.385499954223633,374
2022-06-10,4.301000118255615,4.340000152587891,4.340000152587891,4.293000221252441,385
2022-06-13,4.2164998054504395,4.239500045776367,4.26200008392334,4.190000057220459,718
2022-06-14,4.161499977111816,4.199999809265137,4.2170000076293945,4.13700008392334,454
2022-06-15,4.167500019073486,4.137499809265137,4.193999767303467,4.13100004196167,687
2022-06-16,4.111999988555908,4.176000118255615,4.176000118255615,4.052000045776367,564
2022-06-17,4.017499923706055,4.099999904632568,4.099999904632568,4.015500068664551,657
2022-06-21,4.043000221252441,3.9649999141693115,4.065000057220459,3.9649999141693115,453
2022-06-22,3.9514999389648438,3.8914999961853027,3.9535000324249268,3.890500068664551,443
2022-06-23,3.758500099182129,3.8540000915527344,3.859999895095825,3.758500099182129,533
2022-06-24,3.759999990463257,3.7339999675750732,3.7730000019073486,3.700000047683716,315
2022-06-27,3.7790000438690186,3.7909998893737793,3.802999973297119,3.75,375
2022-06-28,3.7839999198913574,3.811500072479248,3.811500072479248,3.7839999198913574,26394
2022-06-29,3.7790000438690186,3.755000114440918,3.812999963760376,3.7074999809265137,4697
2022-06-30,3.7144999504089355,3.7780001163482666,3.7809998989105225,3.685499906539917,1292
2022-07-01,3.61899995803833,3.684999942779541,3.7039999961853027,3.571000099182129,1107
2022-07-05,3.424999952316284,3.6080000400543213,3.618000030517578,3.424499988555908,919
2022-07-06,3.4179999828338623,3.4544999599456787,3.4635000228881836,3.369999885559082,927
2022-07-07,3.5820000171661377,3.4644999504089355,3.5820000171661377,3.44350004196167,475
2022-07-08,3.5320000648498535,3.5114998817443848,3.5429999828338623,3.4755001068115234,639
2022-07-11,3.4375,3.430000066757202,3.4784998893737793,3.3980000019073486,610
2022-07-12,3.2964999675750732,3.4000000953674316,3.4089999198913574,3.259999990463257,525
2022-07-13,3.325500011444092,3.313499927520752,3.3324999809265137,3.2300000190734863,417
2022-07-14,3.2105000019073486,3.2690000534057617,3.2774999141693115,3.187000036239624,591
2022-07-15,3.234499931335449,3.1540000438690186,3.253999948501587,3.1500000953674316,420
2022-07-18,3.3480000495910645,3.313999891281128,3.3605000972747803,3.313999891281128,558
2022-07-19,3.2915000915527344,3.2904999256134033,3.2939999103546143,3.265500068664551,467
2022-07-20,3.3294999599456787,3.302999973297119,3.3589999675750732,3.302999973297119,598
2022-07-21,3.302000045776367,3.3269999027252197,3.3269999027252197,3.2750000953674316,486
2022-07-22,3.3485000133514404,3.3239998817443848,3.369499921798706,3.319000005722046,432
2022-07-25,3.3510000705718994,3.321500062942505,3.4000000953674316,3.320499897003174,588
2022-07-26,3.382499933242798,3.4000000953674316,3.4514999389648438,3.375,367
2022-07-27,3.429500102996826,3.429500102996826,3.429500102996826,3.429500102996826,784
2022-07-28,3.4749999046325684,3.4760000705718994,3.506999969482422,3.4684998989105225,735
2022-07-29,3.5840001106262207,3.494999885559082,3.6010000705718994,3.490999937057495,724
2022-08-01,3.552000045776367,3.5804998874664307,3.5804998874664307,3.5339999198913574,326
2022-08-02,3.5244998931884766,3.5215001106262207,3.5244998931884766,3.489500045776367,479
2022-08-03,3.4695000648498535,3.506999969482422,3.515000104904175,3.4695000648498535,225
2022-08-04,3.4830000400543213,3.4600000381469727,3.508500099182129,3.4600000381469727,336
2022-08-05,3.552999973297119,3.5199999809265137,3.561500072479248,3.509500026702881,236
2022-08-08,3.5875000953674316,3.5875000953674316,3.5875000953674316,3.5875000953674316,176
2022-08-09,3.5924999713897705,3.6010000705718994,3.6010000705718994,3.5899999141693115,352
2022-08-10,3.6554999351501465,3.6075000762939453,3.6554999351501465,3.6075000762939453,246
2022-08-11,3.7105000019073486,3.7105000019073486,3.7105000019073486,3.7105000019073486,308
2022-08-12,3.6760001182556152,3.6619999408721924,3.6760001182556152,3.6619999408721924,367
2022-08-15,3.628999948501587,3.5869998931884766,3.633500099182129,3.5829999446868896,366
2022-08-16,3.6364998817443848,3.6045000553131104,3.6454999446868896,3.6045000553131104,270
2022-08-17,3.5980000495910645,3.61299991607666,3.61299991607666,3.5980000495910645,289
2022-08-18,3.6465001106262207,3.6465001106262207,3.6465001106262207,3.6465001106262207,352
2022-08-19,3.683500051498413,3.672499895095825,3.683500051498413,3.6659998893737793,242
2022-08-22,3.6705000400543213,3.7019999027252197,3.703000068664551,3.6689999103546143,351
2022-08-23,3.7044999599456787,3.7130000591278076,3.753499984741211,3.698499917984009,574
2022-08-24,3.6605000495910645,3.6549999713897705,3.6605000495910645,3.6549999713897705,539
2022-08-25,3.7105000019073486,3.7014999389648438,3.7200000286102295,3.694999933242798,718
2022-08-26,3.7114999294281006,3.7839999198913574,3.7850000858306885,3.697000026702881,472
2022-08-29,3.626499891281128,3.6649999618530273,3.6649999618530273,3.626499891281128,22591
2022-08-30,3.5450000762939453,3.6054999828338623,3.634000062942505,3.5315001010894775,7929
2022-08-31,3.5185000896453857,3.55649995803833,3.5804998874664307,3.446500062942505,1607
2022-09-01,3.4144999980926514,3.5174999237060547,3.5179998874664307,3.4124999046325684,969
2022-09-02,3.4214999675750732,3.4230000972747803,3.4614999294281006,3.3889999389648438,804
2022-09-06,3.4690001010894775,3.3940000534057617,3.4700000286102295,3.382499933242798,785
2022-09-07,3.437999963760376,3.4630000591278076,3.4630000591278076,3.4179999828338623,668
2022-09-08,3.5360000133514404,3.452500104904175,3.557499885559082,3.452500104904175,728
2022-09-09,3.5810000896453857,3.5789999961853027,3.632499933242798,3.559000015258789,655
2022-09-12,3.625499963760376,3.554500102996826,3.631500005722046,3.552000045776367,462
2022-09-13,3.5810000896453857,3.625499963760376,3.697499990463257,3.549999952316284,699
2022-09-14,3.5455000400543213,3.557499885559082,3.572000026702881,3.5269999504089355,525
2022-09-15,3.5234999656677246,3.572000026702881,3.572000026702881,3.505500078201294,596
2022-09-16,3.561000108718872,3.5,3.568000078201294,3.4700000286102295,554
2022-09-19,3.557499885559082,3.5425000190734863,3.557499885559082,3.515000104904175,450
2022-09-20,3.5480000972747803,3.5409998893737793,3.557499885559082,3.5399999618530273,545
2022-09-21,3.51200008392334,3.5329999923706055,3.552999973297119,3.450000047683716,985
2022-09-22,3.498500108718872,3.4790000915527344,3.5374999046325684,3.4790000915527344,681
2022-09-23,3.371500015258789,3.48799991607666,3.489000082015991,3.364500045776367,511
2022-09-26,3.313499927520752,3.3450000286102295,3.384000062942505,3.299999952316284,589
2022-09-27,3.322999954223633,3.364500045776367,3.372999906539917,3.312999963760376,487
2022-09-28,3.381999969482422,3.3320000171661377,3.381999969482422,3.3320000171661377,527
2022-09-29,3.440000057220459,3.4075000286102295,3.44950008392334,3.3529999256134033,592
2022-09-30,3.441999912261963,3.444000005722046,3.4825000762939453,3.428999900817871,276
2022-10-03,3.4579999446868896,3.4000000953674316,3.4600000381469727,3.3940000534057617,609
2022-10-04,3.5179998874664307,3.4639999866485596,3.549999952316284,3.4639999866485596,720
2022-10-05,3.5325000286102295,3.5290000438690186,3.5824999809265137,3.503499984741211,282
2022-10-06,3.4749999046325684,3.492500066757202,3.501499891281128,3.4749999046325684,217
2022-10-07,3.4124999046325684,3.450000047683716,3.4549999237060547,3.4114999771118164,278
2022-10-10,3.4535000324249268,3.4639999866485596,3.493000030517578,3.4535000324249268,246
2022-10-11,3.4779999256134033,3.4665000438690186,3.4830000400543213,3.427000045776367,265
2022-10-12,3.444499969482422,3.4144999980926514,3.4590001106262207,3.4144999980926514,352
2022-10-13,3.4674999713897705,3.430000066757202,3.4719998836517334,3.4000000953674316,249
2022-10-14,3.450500011444092,3.4674999713897705,3.4674999713897705,3.448499917984009,354
2022-10-17,3.4554998874664307,3.450000047683716,3.4790000915527344,3.438999891281128,269
2022-10-18,3.4065001010894775,3.434999942779541,3.442500114440918,3.390000104904175,331
2022-10-19,3.3605000972747803,3.36899995803833,3.369499921798706,3.3580000400543213,353
2022-10-20,3.4509999752044678,3.4214999675750732,3.4670000076293945,3.4175000190734863,433
2022-10-21,3.5230000019073486,3.4600000381469727,3.5230000019073486,3.4600000381469727,417
2022-10-24,3.4795000553131104,3.493000030517578,3.493000030517578,3.4795000553131104,537
2022-10-25,3.450500011444092,3.4600000381469727,3.4600000381469727,3.450500011444092,508
2022-10-26,3.629499912261963,3.558000087738037,3.629499912261963,3.558000087738037,367
2022-10-27,3.625499963760376,3.5950000286102295,3.625499963760376,3.5950000286102295,761
2022-10-28,3.4660000801086426,3.5374999046325684,3.5374999046325684,3.4535000324249268,860
2022-10-31,3.4135000705718994,3.4094998836517334,3.430000066757202,3.4094998836517334,587
2022-11-01,3.509500026702881,3.494499921798706,3.5230000019073486,3.4795000553131104,405
2022-11-02,3.505500078201294,3.498500108718872,3.505500078201294,3.4749999046325684,238
2022-11-03,3.4565000534057617,3.445499897003174,3.4565000534057617,3.445499897003174,309
2022-11-04,3.7144999504089355,3.63700008392334,3.7314999103546143,3.634500026702881,322
2022-11-07,3.629499912261963,3.6659998893737793,3.6659998893737793,3.6050000190734863,279
2022-11-08,3.7054998874664307,3.6584999561309814,3.7084999084472656,3.6584999561309814,221
2022-11-09,3.741499900817871,3.676500082015991,3.741499900817871,3.676500082015991,323
2022-11-10,3.7960000038146973,3.808000087738037,3.808000087738037,3.7939999103546143,231
2022-11-11,3.9509999752044678,3.9170000553131104,3.9509999752044678,3.890500068664551,260
2022-11-14,3.8550000190734863,3.8480000495910645,3.871999979019165,3.8364999294281006,661
2022-11-15,3.8394999504089355,3.8489999771118164,3.8505001068115234,3.825000047683716,409
2022-11-16,3.7880001068115234,3.7880001068115234,3.7880001068115234,3.7880001068115234,461
2022-11-17,3.689500093460083,3.695499897003174,3.696000099182129,3.67549991607666,427
2022-11-18,3.631999969482422,3.6584999561309814,3.6589999198913574,3.631999969482422,645
2022-11-21,3.571500062942505,3.5999999046325684,3.6010000705718994,3.566499948501587,455
2022-11-22,3.614500045776367,3.6514999866485596,3.6514999866485596,3.614500045776367,539
2022-11-23,3.617500066757202,3.6080000400543213,3.621000051498413,3.6080000400543213,296
2022-11-25,3.626499891281128,3.628999948501587,3.628999948501587,3.626499891281128,301
2022-11-28,3.6105000972747803,3.5785000324249268,3.6105000972747803,3.5785000324249268,31550
2022-11-29,3.630000114440918,3.5950000286102295,3.677000045776367,3.5905001163482666,8381
2022-11-30,3.7295000553131104,3.631500005722046,3.7820000648498535,3.627000093460083,2093
2022-12-01,3.813999891281128,3.7829999923706055,3.813999891281128,3.7339999675750732,1366
2022-12-02,3.8480000495910645,3.7730000019073486,3.8585000038146973,3.75600004196167,660
2022-12-05,3.7894999980926514,3.870500087738037,3.871500015258789,3.7699999809265137,686
2022-12-06,3.811500072479248,3.7860000133514404,3.8575000762939453,3.7860000133514404,856
2022-12-07,3.8554999828338623,3.81850004196167,3.8570001125335693,3.7774999141693115,535
2022-12-08,3.880500078201294,3.8369998931884766,3.9045000076293945,3.8369998931884766,786
2022-12-09,3.875999927520752,3.880000114440918,3.9119999408721924,3.8499999046325684,599
2022-12-12,3.7985000610351562,3.8410000801086426,3.8454999923706055,3.7894999980926514,542
2022-12-13,3.8394999504089355,3.821000099182129,3.9144999980926514,3.805999994277954,522
2022-12-14,3.875,3.8380000591278076,3.876499891281128,3.8269999027252197,589
2022-12-15,3.763000011444092,3.8575000762939453,3.8575000762939453,3.758500099182129,1002
2022-12-16,3.7614998817443848,3.7790000438690186,3.7960000038146973,3.740000009536743,616
2022-12-19,3.7829999923706055,3.811000108718872,3.811000108718872,3.751499891281128,601
2022-12-20,3.797499895095825,3.746999979019165,3.805500030517578,3.7249999046325684,585
2022-12-21,3.805999994277954,3.806999921798706,3.813999891281128,3.803999900817871,578
2022-12-22,3.751499891281128,3.822000026702881,3.8369998931884766,3.750499963760376,591
2022-12-23,3.802999973297119,3.7834999561309814,3.811000108718872,3.759999990463257,370
2022-12-27,3.8334999084472656,3.864000082015991,3.927999973297119,3.8334999084472656,380
2022-12-28,3.8320000171661377,3.8420000076293945,3.8420000076293945,3.819000005722046,550
2022-12-29,3.821000099182129,3.8310000896453857,3.8424999713897705,3.809000015258789,723
2022-12-30,3.805500030517578,3.8264999389648438,3.8315000534057617,3.802000045776367,681
2023-01-03,3.7660000324249268,3.8324999809265137,3.8420000076293945,3.7614998817443848,1032
2023-01-04,3.739500045776367,3.7360000610351562,3.752000093460083,3.7274999618530273,663
2023-01-05,3.818000078201294,3.80049991607666,3.818000078201294,3.80049991607666,367
2023-01-06,3.9084999561309814,3.813499927520752,3.9135000705718994,3.813499927520752,422
2023-01-09,4.018499851226807,3.94350004196167,4.0269999504089355,3.938499927520752,837
2023-01-10,4.066999912261963,4.012499809265137,4.066999912261963,4.008500099182129,676
2023-01-11,4.1545000076293945,4.108500003814697,4.173999786376953,4.105999946594238,657
2023-01-12,4.185999870300293,4.1504998207092285,4.190999984741211,4.145999908447266,532
2023-01-13,4.207499980926514,4.178999900817871,4.207499980926514,4.146999835968018,372
2023-01-17,4.215000152587891,4.140999794006348,4.2195000648498535,4.140999794006348,406
2023-01-18,4.228499889373779,4.2170000076293945,4.314499855041504,4.211999893188477,514
2023-01-19,4.226500034332275,4.194499969482422,4.232500076293945,4.194499969482422,350
2023-01-20,4.248499870300293,4.21999979019165,4.252999782562256,4.21999979019165,447
2023-01-23,4.254000186920166,4.2795000076293945,4.2795000076293945,4.242000102996826,495
2023-01-24,4.245500087738037,4.251500129699707,4.251500129699707,4.229000091552734,527
2023-01-25,4.239999771118164,4.2144999504089355,4.239999771118164,4.2144999504089355,380
2023-01-26,4.267000198364258,4.255000114440918,4.267000198364258,4.237500190734863,616
2023-01-27,4.223999977111816,4.223999977111816,4.223999977111816,4.223999977111816,596
2023-01-30,4.203499794006348,4.234499931335449,4.236499786376953,4.17549991607666,468
2023-01-31,4.228499889373779,4.170000076293945,4.232500076293945,4.141499996185303,518
2023-02-01,4.111000061035156,4.167500019073486,4.192500114440918,4.109499931335449,969
2023-02-02,4.093999862670898,4.189000129699707,4.189000129699707,4.088500022888184,558
2023-02-03,4.063000202178955,4.0960001945495605,4.11899995803833,4.053999900817871,624
2023-02-06,4.043499946594238,4.06850004196167,4.06850004196167,4.00600004196167,299
2023-02-07,4.088500022888184,4.019999980926514,4.088500022888184,4.017499923706055,278
2023-02-08,4.043499946594238,4.113500118255615,4.113500118255615,4.026500225067139,263
2023-02-09,4.105500221252441,4.105500221252441,4.105500221252441,4.07450008392334,256
2023-02-10,4.027500152587891,4.043499946594238,4.043499946594238,4.027500152587891,320
2023-02-13,4.086999893188477,4.027500152587891,4.086999893188477,4.027500152587891,345
2023-02-14,4.110000133514404,4.083000183105469,4.110000133514404,4.079999923706055,390
2023-02-15,4.052000045776367,4.02400016784668,4.069499969482422,4.014999866485596,482
2023-02-16,4.165500164031982,4.110000133514404,4.165500164031982,4.110000133514404,490
2023-02-17,4.113999843597412,4.113999843597412,4.131999969482422,4.113999843597412,513
2023-02-21,4.234499931335449,4.179999828338623,4.236999988555908,4.179500102996826,406
2023-02-22,4.202499866485596,4.201000213623047,4.203499794006348,4.173999786376953,682
2023-02-23,4.072999954223633,4.151500225067139,4.152500152587891,4.071499824523926,306
2023-02-24,3.9549999237060547,4.019499778747559,4.019499778747559,3.9549999237060547,53656
2023-02-27,4.008999824523926,3.9570000171661377,4.01800012588501,3.934499979019165,8905
2023-02-28,4.097499847412109,4.012499809265137,4.100500106811523,4.002999782562256,1526
2023-03-01,4.168000221252441,4.110000133514404,4.181000232696533,4.110000133514404,901
2023-03-02,4.084000110626221,4.175000190734863,4.175000190734863,4.059999942779541,830
2023-03-03,4.078000068664551,4.079500198364258,4.123000144958496,4.072999954223633,663
2023-03-06,4.100500106811523,4.054999828338623,4.100500106811523,4.0229997634887695,795
2023-03-07,3.9865000247955322,4.086999893188477,4.0879998207092285,3.9755001068115234,906
2023-03-08,4.041500091552734,3.9814999103546143,4.078999996185303,3.9809999465942383,525
2023-03-09,4.054500102996826,4.046500205993652,4.05649995803833,4.03000020980835,584
2023-03-10,4.045499801635742,4.01200008392334,4.067500114440918,3.990000009536743,591
2023-03-13,4.069499969482422,4.0229997634887695,4.079999923706055,3.946000099182129,842
2023-03-14,4.010499954223633,4.0395002365112305,4.061999797821045,4.000999927520752,923
2023-03-15,3.8564999103546143,4.020999908447266,4.020999908447266,3.8564999103546143,875
2023-03-16,3.885499954223633,3.9040000438690186,3.9059998989105225,3.8399999141693115,592
2023-03-17,3.9135000705718994,3.942500114440918,3.9590001106262207,3.8965001106262207,498
2023-03-20,3.9755001068115234,3.937000036239624,3.9825000762939453,3.9240000247955322,532
2023-03-21,4.018499851226807,4.051000118255615,4.051499843597412,4.017000198364258,571
2023-03-22,4.06850004196167,4.021500110626221,4.080999851226807,4.005000114440918,641
2023-03-23,4.145999908447266,4.099999904632568,4.145999908447266,4.0854997634887695,465
2023-03-24,4.101500034332275,4.165500164031982,4.165500164031982,4.075500011444092,471
2023-03-27,4.104499816894531,4.059999942779541,4.125500202178955,4.059999942779541,566
2023-03-28,4.111999988555908,4.108500003814697,4.124499797821045,4.0879998207092285,496
2023-03-29,4.114999771118164,4.132999897003174,4.132999897003174,4.111000061035156,636
2023-03-30,4.0904998779296875,4.119999885559082,4.120500087738037,4.078999996185303,636
2023-03-31,4.104499816894531,4.0320000648498535,4.104499816894531,4.0320000648498535,520
2023-04-03,4.059500217437744,4.096499919891357,4.096499919891357,4.056000232696533,398
2023-04-04,3.9835000038146973,4.065999984741211,4.065999984741211,3.9739999771118164,372
2023-04-05,3.997999906539917,3.9790000915527344,3.997999906539917,3.9579999446868896,274
2023-04-06,4.026000022888184,4.0370001792907715,4.0370001792907715,3.997499942779541,0
2023-04-10,3.9865000247955322,3.9885001182556152,3.997999906539917,3.9779999256134033,230
2023-04-11,4.024499893188477,4.040999889373779,4.040999889373779,4.024499893188477,337
2023-04-12,4.084499835968018,4.010499954223633,4.084499835968018,3.999000072479248,288
2023-04-13,4.124000072479248,4.099999904632568,4.134500026702881,4.099999904632568,539
2023-04-14,4.107500076293945,4.189499855041504,4.189499855041504,4.100500106811523,484
2023-04-17,4.065999984741211,4.10699987411499,4.107999801635742,4.061500072479248,374
2023-04-18,4.0894999504089355,4.059999942779541,4.0894999504089355,4.059999942779541,326
2023-04-19,4.072000026702881,4.070000171661377,4.072000026702881,4.0289998054504395,494
2023-04-20,4.021999835968018,4.058000087738037,4.059500217437744,4.010000228881836,471
2023-04-21,3.9800000190734863,4.002999782562256,4.005499839782715,3.9800000190734863,583
2023-04-24,3.953000068664551,3.9639999866485596,3.9639999866485596,3.950000047683716,522
2023-04-25,3.8459999561309814,3.880000114440918,3.880000114440918,3.8429999351501465,671
2023-04-26,3.8499999046325684,3.868000030517578,3.868000030517578,3.8434998989105225,38282
2023-04-27,3.864500045776367,3.8410000801086426,3.878499984741211,3.805000066757202,6253
2023-04-28,3.869999885559082,3.871500015258789,3.8994998931884766,3.8399999141693115,1453
2023-05-01,3.9170000553131104,3.871500015258789,3.9830000400543213,3.8554999828338623,897
2023-05-02,3.8480000495910645,3.9184999465942383,3.93149995803833,3.8429999351501465,820
2023-05-03,3.8315000534057617,3.8299999237060547,3.8450000286102295,3.821500062942505,682
2023-05-04,3.8499999046325684,3.883500099182129,3.883500099182129,3.8239998817443848,847
2023-05-05,3.871500015258789,3.8489999771118164,3.885499954223633,3.8434998989105225,472
2023-05-08,3.9179999828338623,3.8894999027252197,3.940999984741211,3.8864998817443848,327
2023-05-09,3.8889999389648438,3.9094998836517334,3.9094998836517334,3.874000072479248,396
2023-05-10,3.828000068664551,3.8489999771118164,3.873500108718872,3.818000078201294,545
2023-05-11,3.697499990463257,3.799999952316284,3.802000045776367,3.677999973297119,802
2023-05-12,3.7165000438690186,3.690000057220459,3.7260000705718994,3.690000057220459,318
2023-05-15,3.737499952316284,3.751499891281128,3.751499891281128,3.7309999465942383,476
2023-05-16,3.6545000076293945,3.7360000610351562,3.736999988555908,3.6454999446868896,544
2023-05-17,3.743000030517578,3.6459999084472656,3.749000072479248,3.6459999084472656,530
2023-05-18,3.68149995803833,3.7135000228881836,3.7135000228881836,3.680500030517578,704
2023-05-19,3.7225000858306885,3.692500114440918,3.755500078201294,3.692500114440918,522
2023-05-22,3.6740000247955322,3.7179999351501465,3.7184998989105225,3.6600000858306885,614
2023-05-23,3.6414999961853027,3.6700000762939453,3.6700000762939453,3.61299991607666,367
2023-05-24,3.553499937057495,3.5999999046325684,3.6040000915527344,3.5399999618530273,553
2023-05-25,3.5804998874664307,3.5845000743865967,3.6089999675750732,3.56850004196167,546
2023-05-26,3.6735000610351562,3.6050000190734863,3.6735000610351562,3.6050000190734863,660
2023-05-30,3.6579999923706055,3.6670000553131104,3.680000066757202,3.632499933242798,1442
2023-05-31,3.63100004196167,3.626499891281128,3.6600000858306885,3.618499994277954,484
2023-06-01,3.7065000534057617,3.683500051498413,3.7114999294281006,3.678999900817871,403
2023-06-02,3.7225000858306885,3.7669999599456787,3.7674999237060547,3.7190001010894775,326
2023-06-05,3.762500047683716,3.7204999923706055,3.7730000019073486,3.7204999923706055,475
2023-06-06,3.7669999599456787,3.7330000400543213,3.7685000896453857,3.7330000400543213,343
2023-06-07,3.754499912261963,3.758500099182129,3.7825000286102295,3.75,430
2023-06-08,3.7964999675750732,3.7795000076293945,3.7964999675750732,3.7774999141693115,364
2023-06-09,3.7890000343322754,3.7890000343322754,3.7890000343322754,3.7799999713897705,260
2023-06-12,3.750499963760376,3.75,3.7685000896453857,3.748500108718872,348
2023-06-13,3.8285000324249268,3.818000078201294,3.8570001125335693,3.815999984741211,407
2023-06-14,3.865999937057495,3.8405001163482666,3.865999937057495,3.8399999141693115,310
2023-06-15,3.8965001106262207,3.8125,3.8965001106262207,3.8125,369
2023-06-16,3.884500026702881,3.8949999809265137,3.8949999809265137,3.878499984741211,368
2023-06-20,3.878499984741211,3.859999895095825,3.8945000171661377,3.8415000438690186,347
2023-06-21,3.9110000133514404,3.859999895095825,3.9110000133514404,3.859999895095825,409
2023-06-22,3.8884999752044678,3.950000047683716,3.950000047683716,3.88700008392334,407
2023-06-23,3.805999994277954,3.8299999237060547,3.8299999237060547,3.7950000762939453,376
2023-06-26,3.7864999771118164,3.820499897003174,3.823499917984009,3.7799999713897705,455
2023-06-27,3.7815001010894775,3.7730000019073486,3.7985000610351562,3.7720000743865967,504
2023-06-28,3.7204999923706055,3.740000009536743,3.740000009536743,3.7160000801086426,22765
2023-06-29,3.677500009536743,3.7109999656677246,3.7309999465942383,3.6624999046325684,3999
2023-06-30,3.740999937057495,3.677500009536743,3.751499891281128,3.677500009536743,1048
2023-07-03,3.7790000438690186,3.747499942779541,3.7904999256134033,3.747499942779541,1069
2023-07-05,3.753499984741211,3.7709999084472656,3.7730000019073486,3.7209999561309814,652
2023-07-06,3.7200000286102295,3.743000030517578,3.746500015258789,3.7119998931884766,711
2023-07-07,3.7669999599456787,3.7325000762939453,3.7699999809265137,3.7269999980926514,664
2023-07-10,3.7715001106262207,3.7644999027252197,3.7739999294281006,3.737499952316284,686
2023-07-11,3.753499984741211,3.7809998989105225,3.799999952316284,3.740000009536743,530
2023-07-12,3.8420000076293945,3.7855000495910645,3.8420000076293945,3.7764999866485596,733
2023-07-13,3.929500102996826,3.885499954223633,3.938999891281128,3.885499954223633,704
2023-07-14,3.921999931335449,3.931999921798706,3.935499906539917,3.9000000953674316,486
2023-07-17,3.8320000171661377,3.888000011444092,3.888000011444092,3.813499927520752,390
2023-07-18,3.815999984741211,3.8334999084472656,3.8334999084472656,3.796999931335449,492
2023-07-19,3.799499988555908,3.797499895095825,3.802999973297119,3.7799999713897705,510
2023-07-20,3.817500114440918,3.825500011444092,3.872999906539917,3.812000036239624,729
2023-07-21,3.802999973297119,3.8399999141693115,3.8399999141693115,3.7925000190734863,594
2023-07-24,3.8405001163482666,3.812000036239624,3.8405001163482666,3.7750000953674316,627
2023-07-25,3.9019999504089355,3.872499942779541,3.921999931335449,3.872499942779541,941
2023-07-26,3.890500068664551,3.871500015258789,3.8949999809265137,3.871500015258789,795
2023-07-27,3.8635001182556152,3.8635001182556152,3.8635001182556152,3.8635001182556152,544
2023-07-28,3.9170000553131104,3.880500078201294,3.9205000400543213,3.880500078201294,1510
2023-07-31,3.994499921798706,3.9210000038146973,4.000999927520752,3.9210000038146973,1430
2023-08-01,3.8935000896453857,4.002500057220459,4.002500057220459,3.8935000896453857,1186
2023-08-02,3.827500104904175,3.869999885559082,3.869999885559082,3.8269999027252197,1122
2023-08-03,3.875999927520752,3.828000068664551,3.875999927520752,3.825000047683716,1055
2023-08-04,3.8450000286102295,3.8304998874664307,3.8450000286102295,3.803499937057495,457
2023-08-07,3.812999963760376,3.806999921798706,3.812999963760376,3.803999900817871,480
2023-08-08,3.747999906539917,3.7799999713897705,3.7799999713897705,3.7084999084472656,706
2023-08-09,3.7674999237060547,3.796999931335449,3.796999931335449,3.76200008392334,570
2023-08-10,3.750999927520752,3.7890000343322754,3.811500072479248,3.740000009536743,668
2023-08-11,3.7144999504089355,3.7200000286102295,3.7200000286102295,3.690000057220459,753
2023-08-14,3.7244999408721924,3.7235000133514404,3.7260000705718994,3.7044999599456787,540
2023-08-15,3.6614999771118164,3.6760001182556152,3.6875,3.6530001163482666,620
2023-08-16,3.6514999866485596,3.6619999408721924,3.677500009536743,3.6514999866485596,671
2023-08-17,3.685499906539917,3.685499906539917,3.686000108718872,3.674499988555908,524
2023-08-18,3.6989998817443848,3.694000005722046,3.700000047683716,3.686500072479248,299
2023-08-21,3.7119998931884766,3.7190001010894775,3.7190001010894775,3.7014999389648438,320
2023-08-22,3.750499963760376,3.746000051498413,3.759000062942505,3.736999988555908,381
2023-08-23,3.803499937057495,3.7950000762939453,3.806999921798706,3.7950000762939453,317
2023-08-24,3.7674999237060547,3.7815001010894775,3.7815001010894775,3.765000104904175,472
2023-08-25,3.759999990463257,3.7955000400543213,3.7955000400543213,3.759999990463257,251
2023-08-28,3.753999948501587,3.7664999961853027,3.7679998874664307,3.753999948501587,549
2023-08-29,3.7929999828338623,3.7904999256134033,3.7929999828338623,3.7880001068115234,29529
2023-08-30,3.7850000858306885,3.7925000190734863,3.7950000762939453,3.7634999752044678,7893
2023-08-31,3.7725000381469727,3.7880001068115234,3.7925000190734863,3.75,2069
2023-09-01,3.8125,3.7920000553131104,3.861999988555908,3.7860000133514404,822
2023-09-05,3.811000108718872,3.806999921798706,3.811000108718872,3.7664999961853027,944
2023-09-06,3.748500108718872,3.7990000247955322,3.803499937057495,3.743499994277954,837
2023-09-07,3.7260000705718994,3.753999948501587,3.753999948501587,3.7039999961853027,787
2023-09-08,3.680500030517578,3.7135000228881836,3.7135000228881836,3.6760001182556152,1120
2023-09-11,3.7699999809265137,3.702500104904175,3.7744998931884766,3.702500104904175,846
2023-09-12,3.752000093460083,3.762500047683716,3.763000011444092,3.7360000610351562,460
2023-09-13,3.75600004196167,3.749500036239624,3.763000011444092,3.746000051498413,509
2023-09-14,3.7825000286102295,3.799999952316284,3.799999952316284,3.760999917984009,545
2023-09-15,3.7634999752044678,3.805500030517578,3.805500030517578,3.756999969482422,556
2023-09-18,3.741499900817871,3.744999885559082,3.744999885559082,3.7330000400543213,674
2023-09-19,3.7139999866485596,3.7100000381469727,3.7139999866485596,3.700000047683716,717
2023-09-20,3.746500015258789,3.7335000038146973,3.746500015258789,3.7079999446868896,842
2023-09-21,3.6665000915527344,3.7079999446868896,3.7184998989105225,3.609999895095825,628
2023-09-22,3.6654999256134033,3.686500072479248,3.686500072479248,3.6654999256134033,586
2023-09-25,3.6494998931884766,3.6635000705718994,3.6659998893737793,3.6489999294281006,1582
2023-09-26,3.625,3.619999885559082,3.6435000896453857,3.619999885559082,702
2023-09-27,3.627000093460083,3.619999885559082,3.627000093460083,3.619499921798706,1228
2023-09-28,3.694499969482422,3.625499963760376,3.697499990463257,3.615999937057495,935
2023-09-29,3.7260000705718994,3.73799991607666,3.7664999961853027,3.7174999713897705,815
2023-10-02,3.631999969482422,3.692500114440918,3.692500114440918,3.631500005722046,621
2023-10-03,3.615499973297119,3.631500005722046,3.631500005722046,3.6059999465942383,525
2023-10-04,3.5840001106262207,3.6115000247955322,3.6115000247955322,3.570499897003174,395
2023-10-05,3.546999931335449,3.565999984741211,3.5759999752044678,3.546999931335449,376
2023-10-06,3.624500036239624,3.555999994277954,3.631999969482422,3.555999994277954,326
2023-10-09,3.6424999237060547,3.6429998874664307,3.6540000438690186,3.6424999237060547,318
2023-10-10,3.631999969482422,3.5954999923706055,3.631999969482422,3.5954999923706055,331
2023-10-11,3.614000082015991,3.614000082015991,3.614000082015991,3.614000082015991,433
2023-10-12,3.5940001010894775,3.618000030517578,3.618000030517578,3.5855000019073486,349
2023-10-13,3.5799999237060547,3.5945000648498535,3.5950000286102295,3.572499990463257,388
2023-10-16,3.5869998931884766,3.5820000171661377,3.5899999141693115,3.5820000171661377,298
2023-10-17,3.575500011444092,3.5450000762939453,3.575500011444092,3.5450000762939453,375
2023-10-18,3.5820000171661377,3.6080000400543213,3.6080000400543213,3.5785000324249268,340
2023-10-19,3.5915000438690186,3.5739998817443848,3.5915000438690186,3.5739998817443848,418
2023-10-20,3.5420000553131104,3.566999912261963,3.566999912261963,3.5364999771118164,760
2023-10-23,3.572999954223633,3.5299999713897705,3.572999954223633,3.5299999713897705,387
2023-10-24,3.609999895095825,3.549999952316284,3.61899995803833,3.549999952316284,645
2023-10-25,3.572000026702881,3.5924999713897705,3.5924999713897705,3.569999933242798,501
2023-10-26,3.56850004196167,3.5789999961853027,3.5789999961853027,3.563999891281128,556
2023-10-27,3.634000062942505,3.634999990463257,3.634999990463257,3.63100004196167,847
2023-10-30,3.6494998931884766,3.635499954223633,3.6989998817443848,3.635499954223633,665
2023-10-31,3.6414999961853027,3.6465001106262207,3.6494998931884766,3.630000114440918,771
2023-11-01,3.6449999809265137,3.6484999656677246,3.678999900817871,3.635999917984009,546
2023-11-02,3.6670000553131104,3.6579999923706055,3.676500082015991,3.6579999923706055,412
2023-11-03,3.674499988555908,3.69350004196167,3.69350004196167,3.6630001068115234,357
2023-11-06,3.7095000743865967,3.7074999809265137,3.7100000381469727,3.7054998874664307,368
2023-11-07,3.6700000762939453,3.6584999561309814,3.676500082015991,3.640000104904175,313
2023-11-08,3.628000020980835,3.6470000743865967,3.6470000743865967,3.628000020980835,435
2023-11-09,3.634999990463257,3.619999885559082,3.6435000896453857,3.609999895095825,363
2023-11-10,3.5834999084472656,3.624000072479248,3.624500036239624,3.5834999084472656,493
2023-11-13,3.6624999046325684,3.6440000534057617,3.6624999046325684,3.6440000534057617,575
2023-11-14,3.682499885559082,3.703000068664551,3.703000068664551,3.682499885559082,762
2023-11-15,3.7174999713897705,3.678499937057495,3.7204999923706055,3.67549991607666,383
2023-11-16,3.7044999599456787,3.693000078201294,3.7044999599456787,3.693000078201294,338
2023-11-17,3.737499952316284,3.686500072479248,3.737499952316284,3.686500072479248,493
2023-11-20,3.8125,3.75,3.8125,3.748500108718872,377
2023-11-21,3.814500093460083,3.810499906539917,3.814500093460083,3.7980000972747803,466
2023-11-22,3.7664999961853027,3.7799999713897705,3.7799999713897705,3.759999990463257,596
2023-11-23,3.7790000438690186,3.7695000171661377,3.7790000438690186,3.7695000171661377,596
2023-11-24,3.7964999675750732,3.7695000171661377,3.7964999675750732,3.7695000171661377,373
2023-11-27,3.762500047683716,3.7815001010894775,3.7815001010894775,3.755000114440918,435
2023-11-28,3.8010001182556152,3.755000114440918,3.8010001182556152,3.755000114440918,32871
2023-11-29,3.7860000133514404,3.808000087738037,3.822000026702881,3.7730000019073486,6653
2023-11-30,3.8289999961853027,3.799999952316284,3.8399999141693115,3.7844998836517334,2571
2023-12-01,3.9089999198913574,3.8375000953674316,3.9100000858306885,3.8299999237060547,2050
2023-12-04,3.820499897003174,3.8959999084472656,3.8965001106262207,3.812000036239624,963
2023-12-05,3.7725000381469727,3.812000036239624,3.822999954223633,3.759000062942505,971
2023-12-06,3.7165000438690186,3.7730000019073486,3.809000015258789,3.7130000591278076,551
2023-12-07,3.7844998836517334,3.7160000801086426,3.7855000495910645,3.7160000801086426,721
2023-12-08,3.819999933242798,3.7860000133514404,3.8510000705718994,3.7860000133514404,421
2023-12-11,3.7799999713897705,3.7839999198913574,3.7885000705718994,3.7674999237060547,723
2023-12-12,3.7860000133514404,3.7804999351501465,3.796999931335449,3.7715001106262207,808
2023-12-13,3.7860000133514404,3.7880001068115234,3.8320000171661377,3.755000114440918,679
2023-12-14,3.8884999752044678,3.884999990463257,3.8989999294281006,3.869999885559082,1003
2023-12-15,3.884999990463257,3.871500015258789,3.8910000324249268,3.864000082015991,853
2023-12-18,3.8480000495910645,3.8480000495910645,3.8480000495910645,3.8480000495910645,464
2023-12-19,3.8959999084472656,3.9000000953674316,3.9200000762939453,3.8959999084472656,701
2023-12-20,3.9014999866485596,3.9014999866485596,3.927000045776367,3.874000072479248,638
2023-12-21,3.9084999561309814,3.9075000286102295,3.9154999256134033,3.9075000286102295,781
2023-12-22,3.8954999446868896,3.9144999980926514,3.9195001125335693,3.8919999599456787,547
2023-12-26,3.8954999446868896,3.9235000610351562,3.927000045776367,3.8919999599456787,525
2023-12-27,3.94350004196167,3.9230000972747803,3.94350004196167,3.9230000972747803,1283
2023-12-28,3.9130001068115234,3.9489998817443848,3.9489998817443848,3.9030001163482666,940
2023-12-29,3.880500078201294,3.9130001068115234,3.9130001068115234,3.869999885559082,349
2024-01-02,3.86899995803833,3.882499933242798,3.9019999504089355,3.8559999465942383,879
2024-01-03,3.8475000858306885,3.8375000953674316,3.861999988555908,3.8294999599456787,395
2024-01-04,3.8310000896453857,3.8550000190734863,3.8559999465942383,3.811500072479248,389
2024-01-05,3.7945001125335693,3.8324999809265137,3.8394999504089355,3.7929999828338623,413
2024-01-08,3.799499988555908,3.796999931335449,3.813499927520752,3.7799999713897705,406
2024-01-09,3.748500108718872,3.7874999046325684,3.7880001068115234,3.747999906539917,409
2024-01-10,3.7809998989105225,3.757999897003174,3.7839999198913574,3.757999897003174,650
2024-01-11,3.7764999866485596,3.7929999828338623,3.7934999465942383,3.7764999866485596,292
2024-01-12,3.740000009536743,3.7869999408721924,3.7925000190734863,3.740000009536743,430
2024-01-16,3.7664999961853027,3.763000011444092,3.7750000953674316,3.763000011444092,295
2024-01-17,3.7325000762939453,3.734999895095825,3.747999906539917,3.7295000553131104,319
2024-01-18,3.744999885559082,3.7274999618530273,3.744999885559082,3.7200000286102295,289
2024-01-19,3.7869999408721924,3.762500047683716,3.7880001068115234,3.762500047683716,264
2024-01-22,3.7639999389648438,3.76200008392334,3.7674999237060547,3.76200008392334,493
2024-01-23,3.7904999256134033,3.7960000038146973,3.7960000038146973,3.7855000495910645,401
2024-01-24,3.882499933242798,3.802500009536743,3.884999990463257,3.796999931335449,523
2024-01-25,3.865499973297119,3.862499952316284,3.865499973297119,3.859999895095825,413
2024-01-26,3.8505001068115234,3.865999937057495,3.869499921798706,3.8505001068115234,632
2024-01-29,3.872999906539917,3.8399999141693115,3.872999906539917,3.8399999141693115,706
2024-01-30,3.9065001010894775,3.868499994277954,3.9144999980926514,3.8589999675750732,562
2024-01-31,3.9024999141693115,3.9110000133514404,3.936000108718872,3.884999990463257,750
2024-02-01,3.8524999618530273,3.8954999446868896,3.8954999446868896,3.8450000286102295,695
2024-02-02,3.821500062942505,3.8499999046325684,3.8499999046325684,3.821500062942505,529
2024-02-05,3.7720000743865967,3.805000066757202,3.805000066757202,3.7669999599456787,372
2024-02-06,3.7825000286102295,3.7764999866485596,3.7915000915527344,3.7764999866485596,327
2024-02-07,3.737499952316284,3.7844998836517334,3.7844998836517334,3.734999895095825,351
2024-02-08,3.7054998874664307,3.742500066757202,3.742500066757202,3.691999912261963,383
2024-02-09,3.686000108718872,3.696500062942505,3.696500062942505,3.686000108718872,324
2024-02-12,3.7284998893737793,3.7209999561309814,3.7284998893737793,3.7209999561309814,200
2024-02-13,3.7139999866485596,3.7314999103546143,3.7330000400543213,3.7065000534057617,197
2024-02-14,3.700500011444092,3.69950008392334,3.700500011444092,3.69950008392334,359
2024-02-15,3.756500005722046,3.7314999103546143,3.757499933242798,3.7314999103546143,273
2024-02-16,3.8380000591278076,3.8264999389648438,3.8415000438690186,3.8264999389648438,334
2024-02-20,3.866499900817871,3.866499900817871,3.866499900817871,3.866499900817871,392
2024-02-21,3.874500036239624,3.8570001125335693,3.875,3.8559999465942383,358
2024-02-22,3.8975000381469727,3.8965001106262207,3.8975000381469727,3.867000102996826,255
2024-02-23,3.881999969482422,3.8605000972747803,3.881999969482422,3.8605000972747803,462
2024-02-26,3.8239998817443848,3.8399999141693115,3.8399999141693115,3.8239998817443848,515
2024-02-27,3.8310000896453857,3.819999933242798,3.8310000896453857,3.819999933242798,23671
2024-02-28,3.827500104904175,3.8304998874664307,3.8324999809265137,3.801500082015991,7289
2024-02-29,3.8345000743865967,3.827500104904175,3.8464999198913574,3.825000047683716,2054
2024-03-01,3.8550000190734863,3.8380000591278076,3.8580000400543213,3.809000015258789,1346
2024-03-04,3.8519999980926514,3.8450000286102295,3.881500005722046,3.8434998989105225,1136
2024-03-05,3.8440001010894775,3.8464999198913574,3.86299991607666,3.8380000591278076,929
2024-03-06,3.870500087738037,3.8399999141693115,3.8914999961853027,3.8375000953674316,987
2024-03-07,3.9195001125335693,3.874000072479248,3.930999994277954,3.874000072479248,1243
2024-03-08,3.884999990463257,3.9175000190734863,3.931999921798706,3.878000020980835,693
2024-03-11,3.922499895095825,3.88700008392334,3.9230000972747803,3.88700008392334,691
2024-03-12,3.924999952316284,3.930000066757202,3.940000057220459,3.8965001106262207,775
2024-03-13,4.052499771118164,3.9230000972747803,4.056000232696533,3.9205000400543213,828
2024-03-14,4.0370001792907715,4.054999828338623,4.054999828338623,4.01800012588501,861
2024-03-15,4.112500190734863,4.040500164031982,4.120500087738037,4.035999774932861,822
2024-03-18,4.114500045776367,4.105000019073486,4.145999908447266,4.093999862670898,950
2024-03-19,4.058499813079834,4.114500045776367,4.114500045776367,4.050000190734863,978
2024-03-20,4.03849983215332,4.065000057220459,4.077499866485596,4.019999980926514,776
2024-03-21,4.046500205993652,4.085999965667725,4.085999965667725,4.031000137329102,867
2024-03-22,3.996000051498413,4.020500183105469,4.020500183105469,3.990000009536743,1056
2024-03-25,4.006999969482422,3.999500036239624,4.02400016784668,3.990000009536743,676
2024-03-26,3.996000051498413,3.9800000190734863,3.998500108718872,3.9800000190734863,852
2024-03-27,3.992500066757202,3.995500087738037,4.005000114440918,3.9690001010894775,715
2024-03-28,4.003499984741211,4.019499778747559,4.019499778747559,3.9820001125335693,852
2024-04-01,4.046000003814697,4.073999881744385,4.073999881744385,4.04449987411499,623
2024-04-02,4.070000171661377,4.053999900817871,4.08650016784668,4.053999900817871,458
2024-04-03,4.192999839782715,4.072500228881836,4.20550012588501,4.072500228881836,431
2024-04-04,4.246500015258789,4.2220001220703125,4.246500015258789,4.21750020980835,205
2024-04-05,4.239500045776367,4.239500045776367,4.239500045776367,4.235000133514404,1377
2024-04-08,4.2769999504089355,4.18149995803833,4.296999931335449,4.18149995803833,223
2024-04-09,4.285999774932861,4.2769999504089355,4.285999774932861,4.274499893188477,206
2024-04-10,4.2820000648498535,4.274499893188477,4.2820000648498535,4.264500141143799,316
2024-04-11,4.251999855041504,4.272500038146973,4.272500038146973,4.230500221252441,355
2024-04-12,4.257500171661377,4.340000152587891,4.340000152587891,4.255499839782715,252
2024-04-15,4.379000186920166,4.382999897003174,4.382999897003174,4.285999774932861,289
2024-04-16,4.305500030517578,4.364999771118164,4.365499973297119,4.28000020980835,314
2024-04-17,4.34250020980835,4.371500015258789,4.371500015258789,4.34250020980835,234
2024-04-18,4.440499782562256,4.414999961853027,4.440499782562256,4.414999961853027,295
2024-04-19,4.501999855041504,4.442500114440918,4.514500141143799,4.442500114440918,248
2024-04-22,4.500500202178955,4.478499889373779,4.500500202178955,4.4720001220703125,468
2024-04-23,4.490499973297119,4.485000133514404,4.490499973297119,4.420000076293945,570
2024-04-24,4.4670000076293945,4.4670000076293945,4.496500015258789,4.4670000076293945,417
2024-04-25,4.570499897003174,4.570499897003174,4.570499897003174,4.570499897003174,396
2024-04-26,4.568999767303467,4.624499797821045,4.624499797821045,4.568999767303467,55975
2024-04-29,4.658999919891357,4.572999954223633,4.677999973297119,4.5625,11865
2024-04-30,4.564499855041504,4.675000190734863,4.690999984741211,4.542500019073486,2062
2024-05-01,4.552499771118164,4.540500164031982,4.598499774932861,4.513500213623047,1659
2024-05-02,4.49399995803833,4.580999851226807,4.580999851226807,4.47599983215332,864
2024-05-03,4.573500156402588,4.514500141143799,4.573500156402588,4.504499912261963,879
2024-05-06,4.634500026702881,4.59250020980835,4.646999835968018,4.584000110626221,642
2024-05-07,4.625500202178955,4.630000114440918,4.63700008392334,4.593500137329102,823
2024-05-08,4.561999797821045,4.583000183105469,4.593999862670898,4.5320000648498535,1097
2024-05-09,4.607500076293945,4.559000015258789,4.616499900817871,4.53849983215332,905
2024-05-10,4.69350004196167,4.645999908447266,4.752999782562256,4.645500183105469,989
2024-05-13,4.804500102996826,4.685999870300293,4.809000015258789,4.685999870300293,853
2024-05-14,4.953499794006348,4.822999954223633,5.081999778747559,4.819499969482422,1046
2024-05-15,4.9695000648498535,4.989999771118164,5.177499771118164,4.863999843597412,724
2024-05-16,4.892000198364258,5.0229997634887695,5.0229997634887695,4.881999969482422,1150
2024-05-17,5.057000160217285,4.864999771118164,5.070499897003174,4.864999771118164,790
2024-05-20,5.087500095367432,5.191999912261963,5.198500156402588,5.0289998054504395,747
2024-05-21,5.11899995803833,5.057499885559082,5.161499977111816,5.057499885559082,568
2024-05-22,4.867499828338623,5.074999809265137,5.074999809265137,4.839000225067139,976
2024-05-23,4.816500186920166,4.809999942779541,4.8480000495910645,4.803500175476074,713
2024-05-24,4.778500080108643,4.815999984741211,4.824999809265137,4.772500038146973,689
2024-05-28,4.875500202178955,4.863500118255615,4.89900016784668,4.860000133514404,461
2024-05-29,4.805500030517578,4.802000045776367,4.805500030517578,4.796000003814697,1059
2024-05-30,4.671999931335449,4.7754998207092285,4.7855000495910645,4.642499923706055,1170
2024-05-31,4.610000133514404,4.638500213623047,4.651500225067139,4.583499908447266,615
2024-06-03,4.677000045776367,4.684000015258789,4.684000015258789,4.663000106811523,488
2024-06-04,4.547999858856201,4.685999870300293,4.685999870300293,4.54449987411499,593
2024-06-05,4.619500160217285,4.538000106811523,4.622499942779541,4.538000106811523,436
2024-06-06,4.690999984741211,4.661499977111816,4.690999984741211,4.650000095367432,376
2024-06-07,4.494500160217285,4.559999942779541,4.559999942779541,4.479499816894531,398
2024-06-10,4.55649995803833,4.474999904632568,4.568999767303467,4.474999904632568,391
2024-06-11,4.5229997634887695,4.4654998779296875,4.5229997634887695,4.4654998779296875,388
2024-06-12,4.581500053405762,4.526500225067139,4.587500095367432,4.523499965667725,384
2024-06-13,4.507500171661377,4.507500171661377,4.507500171661377,4.507500171661377,532
2024-06-14,4.551000118255615,4.516499996185303,4.551000118255615,4.508999824523926,577
2024-06-17,4.521500110626221,4.4710001945495605,4.526000022888184,4.4710001945495605,512
2024-06-18,4.561999797821045,4.449999809265137,4.561999797821045,4.449999809265137,454
2024-06-20,4.618000030517578,4.605000019073486,4.618000030517578,4.5920000076293945,445
2024-06-21,4.49399995803833,4.597499847412109,4.597499847412109,4.479000091552734,687
2024-06-24,4.5269999504089355,4.480000019073486,4.5269999504089355,4.476500034332275,668
2024-06-25,4.38100004196167,4.511499881744385,4.511499881744385,4.367499828338623,690
2024-06-26,4.367499828338623,4.363500118255615,4.367499828338623,4.36299991607666,27282
2024-06-27,4.328499794006348,4.359000205993652,4.365499973297119,4.304999828338623,6440
2024-06-28,4.390500068664551,4.326499938964844,4.415999889373779,4.318999767303467,1413
2024-07-01,4.426499843597412,4.388500213623047,4.433499813079834,4.362500190734863,991
2024-07-02,4.429500102996826,4.423999786376953,4.473999977111816,4.4004998207092285,894
2024-07-03,4.540999889373779,4.452499866485596,4.564499855041504,4.452499866485596,821
2024-07-05,4.6585001945495605,4.544000148773193,4.679999828338623,4.544000148773193,495
2024-07-08,4.622000217437744,4.609000205993652,4.667500019073486,4.607500076293945,561
2024-07-09,4.578000068664551,4.616499900817871,4.646999835968018,4.559000015258789,663
2024-07-10,4.607500076293945,4.58050012588501,4.645999908447266,4.5625,727
2024-07-11,4.508500099182129,4.600500106811523,4.611000061035156,4.505499839782715,979
2024-07-12,4.598499774932861,4.519499778747559,4.598499774932861,4.489999771118164,608
2024-07-15,4.5289998054504395,4.570000171661377,4.573500156402588,4.510000228881836,443
2024-07-16,4.443999767303467,4.511499881744385,4.513500213623047,4.429999828338623,782
2024-07-17,4.39900016784668,4.42549991607666,4.427499771118164,4.39300012588501,483
2024-07-18,4.265999794006348,4.398499965667725,4.398499965667725,4.265999794006348,437
2024-07-19,4.218999862670898,4.251999855041504,4.261000156402588,4.2179999351501465,302
2024-07-22,4.180500030517578,4.218999862670898,4.2210001945495605,4.147500038146973,483
2024-07-23,4.145999908447266,4.145500183105469,4.14900016784668,4.13700008392334,503
2024-07-24,4.098999977111816,4.132999897003174,4.138000011444092,4.098999977111816,596
2024-07-25,4.112500190734863,4.060500144958496,4.132500171661377,4.060500144958496,516
2024-07-26,4.104499816894531,4.112500190734863,4.126999855041504,4.0879998207092285,386
2024-07-29,4.061999797821045,4.065000057220459,4.065000057220459,4.049499988555908,863
2024-07-30,4.063000202178955,4.060999870300293,4.076000213623047,4.026500225067139,1667
2024-07-31,4.159999847412109,4.076499938964844,4.178999900817871,4.069499969482422,637
2024-08-01,4.066500186920166,4.111000061035156,4.111000061035156,4.05049991607666,880
2024-08-02,4.084000110626221,4.107500076293945,4.110000133514404,4.084000110626221,421
2024-08-05,3.9839999675750732,4.099999904632568,4.099999904632568,3.9260001182556152,585
2024-08-06,4.011499881744385,3.950000047683716,4.011499881744385,3.950000047683716,449
2024-08-07,3.9375,3.9684998989105225,3.9684998989105225,3.927999973297119,397
2024-08-08,3.944999933242798,3.9175000190734863,3.9614999294281006,3.9175000190734863,408
2024-08-09,3.9800000190734863,3.9660000801086426,4.013999938964844,3.9660000801086426,343
2024-08-12,4.054999828338623,4.019999980926514,4.071000099182129,4.019499778747559,399
2024-08-13,4.035999774932861,4.035999774932861,4.035999774932861,4.035999774932861,241
2024-08-14,4.025000095367432,4.05049991607666,4.052000045776367,4.025000095367432,190
2024-08-15,4.138999938964844,4.028500080108643,4.144000053405762,4.028500080108643,335
2024-08-16,4.127500057220459,4.0945000648498535,4.127500057220459,4.0945000648498535,286
2024-08-19,4.166500091552734,4.165999889373779,4.16949987411499,4.1645002365112305,237
2024-08-20,4.149499893188477,4.17549991607666,4.190999984741211,4.138999938964844,326
2024-08-21,4.18149995803833,4.173999786376953,4.184500217437744,4.173999786376953,299
2024-08-22,4.140999794006348,4.197999954223633,4.197999954223633,4.138999938964844,301
2024-08-23,4.194499969482422,4.193999767303467,4.204500198364258,4.193999767303467,301
2024-08-26,4.21150016784668,4.19950008392334,4.2144999504089355,4.19950008392334,346
2024-08-27,4.230500221252441,4.243500232696533,4.24399995803833,4.230500221252441,256
2024-08-28,4.144999980926514,4.21999979019165,4.21999979019165,4.144999980926514,24167
2024-08-29,4.147500038146973,4.144999980926514,4.177999973297119,4.104499816894531,6135
2024-08-30,4.144999980926514,4.180500030517578,4.196000099182129,4.142499923706055,1365
2024-09-03,4.0320000648498535,4.14900016784668,4.1545000076293945,3.993000030517578,1114
2024-09-04,4.019499778747559,4.031000137329102,4.043000221252441,3.990000009536743,944
2024-09-05,4.077499866485596,4.0269999504089355,4.103499889373779,3.9820001125335693,543
2024-09-06,4.014500141143799,4.078999996185303,4.113999843597412,4.004499912261963,679
2024-09-09,4.084499835968018,4.046000003814697,4.0960001945495605,4.046000003814697,679
2024-09-10,4.040500164031982,4.079999923706055,4.079999923706055,4.0329999923706055,674
2024-09-11,4.083000183105469,4.058000087738037,4.103000164031982,4.058000087738037,550
2024-09-12,4.132999897003174,4.111999988555908,4.166500091552734,4.111999988555908,749
2024-09-13,4.175000190734863,4.148499965667725,4.184000015258789,4.148499965667725,509
2024-09-16,4.2129998207092285,4.199999809265137,4.247000217437744,4.199999809265137,539
2024-09-17,4.213500022888184,4.223999977111816,4.232999801635742,4.19350004196167,463
2024-09-18,4.23799991607666,4.188499927520752,4.269999980926514,4.188499927520752,311
2024-09-19,4.285999774932861,4.300000190734863,4.310500144958496,4.269499778747559,566
2024-09-20,4.281499862670898,4.316999912261963,4.317999839782715,4.261000156402588,276
2024-09-23,4.289000034332275,4.249499797821045,4.297500133514404,4.248000144958496,755
2024-09-24,4.429500102996826,4.300000190734863,4.429500102996826,4.300000190734863,431
2024-09-25,4.427999973297119,4.453000068664551,4.453000068664551,4.423999786376953,563
2024-09-26,4.580999851226807,4.478499889373779,4.580999851226807,4.478499889373779,1237
2024-09-27,4.540999889373779,4.566999912261963,4.5894999504089355,4.520999908447266,1128
2024-09-30,4.495999813079834,4.610000133514404,4.610000133514404,4.465000152587891,416
2024-10-01,4.5355000495910645,4.51200008392334,4.538000106811523,4.511000156402588,748
2024-10-02,4.5960001945495605,4.576499938964844,4.605500221252441,4.56850004196167,469
2024-10-03,4.501999855041504,4.611000061035156,4.611000061035156,4.475500106811523,407
2024-10-04,4.522500038146973,4.504499912261963,4.551000118255615,4.504499912261963,440
2024-10-07,4.519000053405762,4.513999938964844,4.519000053405762,4.495500087738037,413
2024-10-08,4.4120001792907715,4.427999973297119,4.433000087738037,4.406499862670898,504
2024-10-09,4.355000019073486,4.390500068664551,4.390500068664551,4.355000019073486,425
2024-10-10,4.385000228881836,4.376999855041504,4.402500152587891,4.376999855041504,259
2024-10-11,4.451499938964844,4.4054999351501465,4.451499938964844,4.4054999351501465,336
2024-10-14,4.363500118255615,4.349999904632568,4.39900016784668,4.34499979019165,398
2024-10-15,4.30049991607666,4.364500045776367,4.364500045776367,4.293000221252441,614
2024-10-16,4.331500053405762,4.318999767303467,4.3354997634887695,4.314000129699707,430
2024-10-17,4.286499977111816,4.34499979019165,4.34499979019165,4.284999847412109,345
2024-10-18,4.3460001945495605,4.3520002365112305,4.370999813079834,4.333000183105469,406
2024-10-21,4.322999954223633,4.351500034332275,4.351500034332275,4.318999767303467,425
2024-10-22,4.3480000495910645,4.367000102996826,4.367000102996826,4.3480000495910645,378
2024-10-23,4.304500102996826,4.320000171661377,4.320000171661377,4.28000020980835,474
2024-10-24,4.319499969482422,4.367000102996826,4.367000102996826,4.293000221252441,556
2024-10-25,4.3394999504089355,4.305500030517578,4.3394999504089355,4.305500030517578,386
2024-10-28,4.331999778747559,4.333000183105469,4.33650016784668,4.329999923706055,611
2024-10-29,4.332499980926514,4.324999809265137,4.3480000495910645,4.324999809265137,1134
2024-10-30,4.327499866485596,4.3394999504089355,4.35699987411499,4.3125,936
2024-10-31,4.313499927520752,4.332499980926514,4.340000152587891,4.302499771118164,1249
2024-11-01,4.347499847412109,4.355000019073486,4.355000019073486,4.329999923706055,695
2024-11-04,4.4070000648498535,4.370999813079834,4.415999889373779,4.370999813079834,471
2024-11-05,4.450500011444092,4.39900016784668,4.458000183105469,4.39900016784668,585
2024-11-06,4.222499847412109,4.27400016784668,4.27400016784668,4.207499980926514,732
2024-11-07,4.409999847412109,4.2245001792907715,4.411499977111816,4.2245001792907715,394
2024-11-08,4.286499977111816,4.388500213623047,4.388500213623047,4.2754998207092285,473
2024-11-11,4.210999965667725,4.306000232696533,4.306000232696533,4.210999965667725,565
2024-11-12,4.119500160217285,4.165500164031982,4.165500164031982,4.117499828338623,542
2024-11-13,4.065999984741211,4.113999843597412,4.113999843597412,4.061500072479248,645
2024-11-14,4.072999954223633,4.061500072479248,4.072999954223633,4.058000087738037,451
2024-11-15,4.051000118255615,4.124000072479248,4.125500202178955,4.048500061035156,349
2024-11-18,4.107999801635742,4.063000202178955,4.116000175476074,4.063000202178955,371
2024-11-19,4.130000114440918,4.098499774932861,4.160999774932861,4.09499979019165,362
2024-11-20,4.143499851226807,4.144499778747559,4.145999908447266,4.130000114440918,437
2024-11-21,4.11299991607666,4.115499973297119,4.124000072479248,4.099999904632568,600
2024-11-22,4.073999881744385,4.077000141143799,4.083499908447266,4.068999767303467,514
2024-11-25,4.0914998054504395,4.103000164031982,4.103000164031982,4.089000225067139,335
2024-11-26,4.039000034332275,4.0395002365112305,4.0395002365112305,4.036499977111816,37274
2024-11-27,4.066999912261963,4.059000015258789,4.098999977111816,4.052000045776367,11425
2024-11-29,4.08050012588501,4.078000068664551,4.099999904632568,4.052999973297119,1274
2024-12-02,4.075500011444092,4.072500228881836,4.091000080108643,4.0320000648498535,1564
2024-12-03,4.145999908447266,4.09499979019165,4.204999923706055,4.065000057220459,1863
2024-12-04,4.142000198364258,4.138000011444092,4.1554999351501465,4.124499797821045,1579
2024-12-05,4.135000228881836,4.145500183105469,4.146999835968018,4.115499973297119,713
2024-12-06,4.138500213623047,4.138000011444092,4.190000057220459,4.136000156402588,514
2024-12-09,4.223499774932861,4.140999794006348,4.236000061035156,4.129499912261963,867
2024-12-10,4.223499774932861,4.204999923706055,4.227499961853027,4.194499969482422,1242
2024-12-11,4.214000225067139,4.2210001945495605,4.258500099182129,4.184500217437744,1029
2024-12-12,4.195000171661377,4.2804999351501465,4.2804999351501465,4.170000076293945,761
2024-12-13,4.14900016784668,4.178500175476074,4.178999900817871,4.139500141143799,608
2024-12-16,4.143499851226807,4.132500171661377,4.170499801635742,4.132500171661377,913
2024-12-17,4.0914998054504395,4.139500141143799,4.139500141143799,4.083499908447266,1362
2024-12-18,4.099999904632568,4.0920000076293945,4.106500148773193,4.038000106811523,1164
2024-12-19,4.020500183105469,4.034999847412109,4.05049991607666,4.019999980926514,846
2024-12-20,4.040999889373779,4.0320000648498535,4.044000148773193,4.027500152587891,836
2024-12-23,4.0229997634887695,4.031499862670898,4.031499862670898,4.019999980926514,900
2024-12-24,4.049499988555908,4.052499771118164,4.052499771118164,4.043000221252441,397
2024-12-26,4.072000026702881,4.072999954223633,4.077499866485596,4.06850004196167,362
2024-12-27,4.0625,4.061500072479248,4.0625,4.058000087738037,805
2024-12-30,4.045499801635742,4.090000152587891,4.090000152587891,4.0335001945495605,1066
2024-12-31,3.9860000610351562,4.047500133514404,4.052999973297119,3.9795000553131104,708
2025-01-02,3.9885001182556152,3.992500066757202,4.0,3.9744999408721924,764
2025-01-03,4.0395002365112305,4.033999919891357,4.041999816894531,4.0335001945495605,505
2025-01-06,4.126999855041504,4.114999771118164,4.1620001792907715,4.114999771118164,485
2025-01-07,4.1605000495910645,4.161499977111816,4.1620001792907715,4.138999938964844,814
2025-01-08,4.227499961853027,4.190000057220459,4.236999988555908,4.190000057220459,441
2025-01-09,4.2795000076293945,4.284999847412109,4.284999847412109,4.269000053405762,281
2025-01-10,4.274499893188477,4.314000129699707,4.314000129699707,4.274499893188477,298
2025-01-13,4.295499801635742,4.289999961853027,4.295499801635742,4.289999961853027,231
2025-01-14,4.310500144958496,4.324999809265137,4.324999809265137,4.292500019073486,452
2025-01-15,4.359499931335449,4.340000152587891,4.366000175476074,4.340000152587891,298
2025-01-16,4.4105000495910645,4.400000095367432,4.4120001792907715,4.3979997634887695,200
2025-01-17,4.337500095367432,4.3495001792907715,4.3520002365112305,4.329999923706055,288
2025-01-21,4.310999870300293,4.309999942779541,4.310999870300293,4.271500110626221,493
2025-01-22,4.271500110626221,4.269999980926514,4.271500110626221,4.258500099182129,445
2025-01-23,4.299499988555908,4.25,4.299499988555908,4.229499816894531,488
2025-01-24,4.289999961853027,4.339000225067139,4.339000225067139,4.2804999351501465,476
2025-01-27,4.203499794006348,4.235000133514404,4.235000133514404,4.202000141143799,710
2025-01-28,4.2204999923706055,4.235000133514404,4.246500015258789,4.21999979019165,435
2025-01-29,4.257500171661377,4.256499767303467,4.257999897003174,4.256499767303467,1145
2025-01-30,4.288000106811523,4.255000114440918,4.313499927520752,4.255000114440918,1598
2025-01-31,4.26200008392334,4.2754998207092285,4.276000022888184,4.247000217437744,872
2025-02-03,4.294000148773193,4.253499984741211,4.308499813079834,4.253499984741211,597
2025-02-04,4.34250020980835,4.324999809265137,4.35099983215332,4.324999809265137,567
2025-02-05,4.434500217437744,4.386000156402588,4.435999870300293,4.386000156402588,602
2025-02-06,4.453499794006348,4.488500118255615,4.492000102996826,4.435500144958496,586
2025-02-07,4.581500053405762,4.536499977111816,4.589000225067139,4.536499977111816,342
2025-02-10,4.700500011444092,4.682499885559082,4.703000068664551,4.674499988555908,495
2025-02-11,4.5945000648498535,4.556000232696533,4.5945000648498535,4.546999931335449,390
2025-02-12,4.697999954223633,4.697999954223633,4.697999954223633,4.692500114440918,281
2025-02-13,4.769000053405762,4.765999794006348,4.769999980926514,4.763999938964844,358
2025-02-14,4.656499862670898,4.656499862670898,4.656499862670898,4.656499862670898,636
2025-02-18,4.585000038146973,4.590000152587891,4.593999862670898,4.550000190734863,683
2025-02-19,4.557000160217285,4.557000160217285,4.557000160217285,4.557000160217285,569
2025-02-20,4.607999801635742,4.545000076293945,4.607999801635742,4.545000076293945,663
2025-02-21,4.559999942779541,4.534999847412109,4.575500011444092,4.534999847412109,767
2025-02-24,4.517000198364258,4.5289998054504395,4.5355000495910645,4.515999794006348,561
2025-02-25,4.486000061035156,4.505499839782715,4.554999828338623,4.486000061035156,488
2025-02-26,4.541999816894531,4.541999816894531,4.541999816894531,4.541999816894531,17252
2025-02-27,4.579999923706055,4.537499904632568,4.620999813079834,4.504000186920166,6735
2025-02-28,4.514500141143799,4.556000232696533,4.55649995803833,4.479499816894531,2731
2025-03-03,4.576499938964844,4.54449987411499,4.616000175476074,4.507999897003174,1408
2025-03-04,4.527500152587891,4.565999984741211,4.566999912261963,4.5,1394
2025-03-05,4.766499996185303,4.534999847412109,4.789999961853027,4.534999847412109,819
2025-03-06,4.7789998054504395,4.781499862670898,4.802499771118164,4.722499847412109,1108
2025-03-07,4.683000087738037,4.751999855041504,4.75600004196167,4.6570000648498535,903
2025-03-10,4.639500141143799,4.6570000648498535,4.68149995803833,4.607500076293945,821
2025-03-11,4.739999771118164,4.619500160217285,4.774499893188477,4.599999904632568,756
2025-03-12,4.821000099182129,4.765500068664551,4.868500232696533,4.765500068664551,649
2025-03-13,4.898499965667725,4.814499855041504,4.902500152587891,4.7754998207092285,776
2025-03-14,4.869500160217285,4.895500183105469,4.924499988555908,4.847499847412109,394
2025-03-17,4.933499813079834,4.855000019073486,4.954999923706055,4.855000019073486,528
2025-03-18,4.993000030517578,4.948999881744385,4.99399995803833,4.943999767303467,424
2025-03-19,5.076000213623047,5.002999782562256,5.096499919891357,5.002999782562256,459
2025-03-20,5.085000038146973,5.098499774932861,5.105999946594238,5.048500061035156,578
2025-03-21,5.087500095367432,5.081999778747559,5.087500095367432,5.017000198364258,598
2025-03-24,5.064000129699707,5.102499961853027,5.15749979019165,5.048999786376953,799
2025-03-25,5.183000087738037,5.071499824523926,5.188499927520752,5.071499824523926,419
2025-03-26,5.216000080108643,5.236499786376953,5.2769999504089355,5.203499794006348,547
2025-03-27,5.097499847412109,5.21150016784668,5.21150016784668,5.072500228881836,1770
2025-03-28,5.112500190734863,5.104000091552734,5.129499912261963,5.063000202178955,1395
2025-03-31,5.019999980926514,5.093500137329102,5.119999885559082,5.007500171661377,720
2025-04-01,5.019000053405762,5.059999942779541,5.063000202178955,5.000999927520752,838
2025-04-02,5.023499965667725,5.010499954223633,5.066500186920166,4.996500015258789,523
2025-04-03,4.810999870300293,4.875,4.924499988555908,4.794000148773193,274
2025-04-04,4.384500026702881,4.78000020980835,4.78000020980835,4.355999946594238,467
2025-04-07,4.169000148773193,4.311999797821045,4.367499828338623,4.145500183105469,434
2025-04-08,4.127500057220459,4.152500152587891,4.1529998779296875,4.098499774932861,430
2025-04-09,4.17549991607666,4.140999794006348,4.435999870300293,4.140999794006348,288
2025-04-10,4.321000099182129,4.381999969482422,4.383999824523926,4.321000099182129,313
2025-04-11,4.507500171661377,4.439000129699707,4.545000076293945,4.403500080108643,358
2025-04-14,4.610499858856201,4.56850004196167,4.632500171661377,4.565499782562256,413
2025-04-15,4.611000061035156,4.601500034332275,4.613500118255615,4.586999893188477,463
2025-04-16,4.673999786376953,4.593999862670898,4.676000118255615,4.533999919891357,289
2025-04-17,4.731500148773193,4.664999961853027,4.731500148773193,4.6020002365112305,550
2025-04-21,4.7210001945495605,4.693999767303467,4.7220001220703125,4.693999767303467,232
2025-04-22,4.870500087738037,4.750999927520752,4.876500129699707,4.749000072479248,516
2025-04-23,4.8354997634887695,4.856500148773193,4.900000095367432,4.83050012588501,714
2025-04-24,4.849999904632568,4.8414998054504395,4.879499912261963,4.8414998054504395,1626
2025-04-25,4.8354997634887695,4.788000106811523,4.8354997634887695,4.788000106811523,697
2025-04-28,4.8379998207092285,4.835000038146973,4.8379998207092285,4.833000183105469,16324
2025-04-29,4.822999954223633,4.846499919891357,4.9145002365112305,4.796000003814697,4169
2025-04-30,4.559999942779541,4.813499927520752,4.815999984741211,4.498499870300293,2137
2025-05-01,4.580999851226807,4.580999851226807,4.616000175476074,4.564499855041504,1206
2025-05-02,4.627500057220459,4.584499835968018,4.678500175476074,4.584000110626221,1221
2025-05-05,4.65500020980835,4.644499778747559,4.716000080108643,4.634500026702881,654
2025-05-06,4.735000133514404,4.6529998779296875,4.748499870300293,4.650000095367432,777
2025-05-07,4.616499900817871,4.75,4.75,4.576000213623047,618
2025-05-08,4.560999870300293,4.593500137329102,4.631999969482422,4.505000114440918,884
2025-05-09,4.611000061035156,4.510000228881836,4.625999927520752,4.447999954223633,796
2025-05-12,4.578499794006348,4.653500080108643,4.669000148773193,4.565999984741211,847
2025-05-13,4.68149995803833,4.570499897003174,4.682499885559082,4.570000171661377,596
2025-05-14,4.611000061035156,4.644499778747559,4.690999984741211,4.590000152587891,940
2025-05-15,4.644499778747559,4.605000019073486,4.651000022888184,4.54449987411499,737
2025-05-16,4.555500030517578,4.620999813079834,4.622499942779541,4.5335001945495605,1098
2025-05-19,4.633500099182129,4.561999797821045,4.633999824523926,4.534999847412109,1190
2025-05-20,4.619500160217285,4.60699987411499,4.640500068664551,4.589000225067139,1081
2025-05-21,4.638000011444092,4.650000095367432,4.656499862670898,4.622499942779541,1191
2025-05-22,4.648499965667725,4.579999923706055,4.649499893188477,4.564000129699707,1194
2025-05-23,4.80649995803833,4.659999847412109,4.8420000076293945,4.644999980926514,1217
2025-05-27,4.710000038146973,4.810999870300293,4.810999870300293,4.703000068664551,983
2025-05-28,4.644000053405762,4.71999979019165,4.739999771118164,4.636000156402588,1034
2025-05-29,4.653500080108643,4.66349983215332,4.66349983215332,4.644499778747559,1046
2025-05-30,4.652500152587891,4.647500038146973,4.699999809265137,4.632999897003174,1648
2025-06-02,4.834499835968018,4.854499816894531,4.917500019073486,4.821499824523926,679
2025-06-03,4.809500217437744,4.822500228881836,4.839000225067139,4.764999866485596,1484
2025-06-04,4.864500045776367,4.8394999504089355,4.879499912261963,4.829999923706055,940
2025-06-05,4.91349983215332,4.880000114440918,5.035999774932861,4.880000114440918,541
2025-06-06,4.829999923706055,4.890999794006348,4.920000076293945,4.814499855041504,458
2025-06-09,4.9095001220703125,4.8470001220703125,4.913000106811523,4.8470001220703125,487
2025-06-10,4.883999824523926,4.863999843597412,4.908999919891357,4.863999843597412,342
2025-06-11,4.801000118255615,4.820000171661377,4.832499980926514,4.79449987411499,537
2025-06-12,4.821499824523926,4.791999816894531,4.822999954223633,4.791999816894531,447
2025-06-13,4.802999973297119,4.821499824523926,4.821499824523926,4.735499858856201,698
2025-06-16,4.826499938964844,4.794000148773193,4.829500198364258,4.794000148773193,649
2025-06-17,4.80049991607666,4.806000232696533,4.806000232696533,4.770999908447266,700
2025-06-18,4.84499979019165,4.83650016784668,4.84499979019165,4.815499782562256,0
2025-06-20,4.826000213623047,4.830999851226807,4.830999851226807,4.75,854
2025-06-23,4.8429999351501465,4.81850004196167,4.9079999923706055,4.816500186920166,819
2025-06-24,4.867000102996826,4.863500118255615,4.868500232696533,4.863500118255615,506
2025-06-25,4.913000106811523,4.890500068664551,4.913000106811523,4.889999866485596,708
2025-06-26,5.065499782562256,5.04449987411499,5.073500156402588,5.042500019073486,17008
2025-06-27,5.06850004196167,5.053500175476074,5.086999893188477,4.976500034332275,4809
2025-06-30,5.03000020980835,5.070499897003174,5.076000213623047,5.01200008392334,1194
2025-07-01,5.047999858856201,5.031499862670898,5.122000217437744,5.031499862670898,1003
2025-07-02,5.14900016784668,5.046500205993652,5.161499977111816,5.034999847412109,792
2025-07-03,5.0970001220703125,5.1519999504089355,5.1519999504089355,5.084499835968018,0
2025-07-04,5.018499851226807,5.084499835968018,5.084499835968018,5.0,0
2025-07-07,4.984499931335449,5.002999782562256,5.002999782562256,4.956500053405762,718
2025-07-08,5.644999980926514,4.9679999351501465,5.644999980926514,4.94950008392334,922
2025-07-09,5.44350004196167,5.4670000076293945,5.682000160217285,5.397500038146973,857
2025-07-10,5.547999858856201,5.579999923706055,5.5929999351501465,5.543499946594238,756
2025-07-11,5.561999797821045,5.585000038146973,5.585000038146973,5.449999809265137,1082
2025-07-14,5.514999866485596,5.47599983215332,5.514999866485596,5.44950008392334,1093
2025-07-15,5.546000003814697,5.486000061035156,5.546000003814697,5.482999801635742,1621
2025-07-16,5.496500015258789,5.489999771118164,5.513999938964844,5.445000171661377,1152
2025-07-17,5.486000061035156,5.4679999351501465,5.490499973297119,5.456999778747559,866
2025-07-18,5.578000068664551,5.488999843597412,5.578999996185303,5.488999843597412,521
2025-07-21,5.610499858856201,5.55049991607666,5.617000102996826,5.55049991607666,583
2025-07-22,5.697000026702881,5.64300012588501,5.69950008392334,5.64300012588501,729
2025-07-23,5.795000076293945,5.750999927520752,5.865499973297119,5.750999927520752,607
2025-07-24,5.7769999504089355,5.860499858856201,5.894999980926514,5.771999835968018,686
2025-07-25,5.763500213623047,5.775000095367432,5.78000020980835,5.728000164031982,911
2025-07-28,5.59499979019165,5.747499942779541,5.748000144958496,5.498000144958496,782
2025-07-29,5.603499889373779,5.610000133514404,5.610000133514404,5.583000183105469,1039
2025-07-30,5.570000171661377,5.626500129699707,5.627999782562256,4.492499828338623,2823
2025-07-31,4.33050012588501,4.59499979019165,4.5954999923706055,4.323500156402588,1537
2025-08-01,4.412499904632568,4.388999938964844,4.412499904632568,4.385000228881836,1301
2025-08-04,4.414999961853027,4.423500061035156,4.431000232696533,4.4145002365112305,1042
2025-08-05,4.363999843597412,4.388000011444092,4.401000022888184,4.355000019073486,831
2025-08-06,4.390999794006348,4.400000095367432,4.4120001792907715,4.380499839782715,924
2025-08-07,4.378499984741211,4.399499893188477,4.427000045776367,4.377500057220459,986
2025-08-08,4.45550012588501,4.387499809265137,4.45550012588501,4.387499809265137,645
2025-08-11,4.423500061035156,4.445499897003174,4.451499938964844,4.423500061035156,794
2025-08-12,4.508500099182129,4.512499809265137,4.512499809265137,4.5,803
2025-08-13,4.48199987411499,4.509500026702881,4.509500026702881,4.4720001220703125,879
2025-08-14,4.4644999504089355,4.454999923706055,4.4664998054504395,4.454999923706055,2053
2025-08-15,4.478000164031982,4.488500118255615,4.488500118255615,4.473999977111816,797
2025-08-18,4.456999778747559,4.447000026702881,4.464000225067139,4.447000026702881,1008
2025-08-19,4.408999919891357,4.419000148773193,4.419000148773193,4.408999919891357,957
2025-08-20,4.426000118255615,4.412499904632568,4.431000232696533,4.4079999923706055,1188
2025-08-21,4.43149995803833,4.438499927520752,4.440000057220459,4.429500102996826,821
2025-08-22,4.447500228881836,4.447000026702881,4.447999954223633,4.446499824523926,939
2025-08-25,4.4664998054504395,4.4730000495910645,4.473499774932861,4.466000080108643,945
2025-08-26,4.450500011444092,4.453499794006348,4.453499794006348,4.450500011444092,528
2025-08-27,4.4145002365112305,4.4145002365112305,4.4145002365112305,4.4145002365112305,20198
2025-08-28,4.463500022888184,4.424499988555908,4.478000164031982,4.40749979019165,7819
2025-08-29,4.518499851226807,4.4664998054504395,4.521999835968018,4.4664998054504395,0
2025-09-02,4.569499969482422,4.520500183105469,4.570000171661377,4.49399995803833,1397
2025-09-03,4.558499813079834,4.572500228881836,4.590000152587891,4.5335001945495605,1166
2025-09-04,4.48799991607666,4.498000144958496,4.507500171661377,4.487500190734863,881
2025-09-05,4.482500076293945,4.521500110626221,4.521500110626221,4.4720001220703125,859
2025-09-08,4.490499973297119,4.482999801635742,4.499000072479248,4.482999801635742,888
2025-09-09,4.500999927520752,4.511499881744385,4.51200008392334,4.484000205993652,1354
2025-09-10,4.550000190734863,4.503499984741211,4.553999900817871,4.502500057220459,1052
2025-09-11,4.5904998779296875,4.550000190734863,4.610000133514404,4.534999847412109,1044
2025-09-12,4.588500022888184,4.589000225067139,4.593500137329102,4.581500053405762,883
2025-09-15,4.6554999351501465,4.599999904632568,4.66349983215332,4.5929999351501465,491
2025-09-16,4.632999897003174,4.635000228881836,4.636000156402588,4.630000114440918,651
2025-09-17,4.571000099182129,4.570000171661377,4.5879998207092285,4.547500133514404,950
2025-09-18,4.540999889373779,4.559500217437744,4.5625,4.521500110626221,837
2025-09-19,4.568999767303467,4.544000148773193,4.572500228881836,4.544000148773193,653
2025-09-22,4.572999954223633,4.572500228881836,4.587500095367432,4.570499897003174,830
2025-09-23,4.584499835968018,4.570000171661377,4.586999893188477,4.570000171661377,1072
2025-09-24,4.752500057220459,4.581999778747559,4.766499996185303,4.558499813079834,1961
2025-09-25,4.699999809265137,4.743000030517578,4.743000030517578,4.699999809265137,1220
2025-09-26,4.7154998779296875,4.677000045776367,4.7154998779296875,4.66949987411499,1901
2025-09-29,4.841000080108643,4.708499908447266,4.8420000076293945,4.708499908447266,2748
2025-09-30,4.804999828338623,4.795499801635742,4.828000068664551,4.7779998779296875,1426
2025-10-01,4.83050012588501,4.811500072479248,4.84250020980835,4.7820000648498535,755
2025-10-02,4.8979997634887695,4.84250020980835,4.918499946594238,4.84250020980835,1055
2025-10-03,5.058000087738037,4.954999923706055,5.061999797821045,4.954999923706055,995
2025-10-06,4.986999988555908,5.002500057220459,5.002500057220459,4.980500221252441,1007
2025-10-07,5.047999858856201,5.067500114440918,5.074999809265137,5.0395002365112305,731
2025-10-08,5.046000003814697,5.04449987411499,5.058499813079834,5.019000053405762,685
2025-10-09,5.075500011444092,5.05649995803833,5.114999771118164,5.050000190734863,913
2025-10-10,4.848499774932861,5.116000175476074,5.116000175476074,4.834000110626221,960
2025-10-13,5.100500106811523,5.067999839782715,5.100500106811523,5.066999912261963,960
2025-10-14,4.980500221252441,4.912499904632568,4.987500190734863,4.912499904632568,551
2025-10-15,4.9720001220703125,4.990499973297119,4.990499973297119,4.919000148773193,1056
2025-10-16,4.958000183105469,4.929500102996826,4.958000183105469,4.909999847412109,615
2025-10-17,4.93149995803833,4.954999923706055,4.959000110626221,4.93149995803833,686
2025-10-20,4.998000144958496,4.984000205993652,5.003499984741211,4.984000205993652,560
2025-10-21,4.929999828338623,4.940000057220459,4.940000057220459,4.920000076293945,674
2025-10-22,4.960999965667725,4.90500020980835,4.9720001220703125,4.9045000076293945,613
2025-10-23,5.081999778747559,4.966000080108643,5.081999778747559,4.9654998779296875,403
2025-10-24,5.093500137329102,5.093999862670898,5.0945000648498535,5.09250020980835,368
2025-10-27,5.140500068664551,5.1875,5.19950008392334,5.10699987411499,421
2025-10-28,5.140500068664551,5.079999923706055,5.142000198364258,5.079999923706055,670
2025-10-29,5.233500003814697,5.19950008392334,5.233500003814697,5.198999881744385,2276
2025-10-30,5.078000068664551,5.174499988555908,5.184000015258789,5.0295000076293945,2249
2025-10-31,5.065499782562256,5.078499794006348,5.0995001792907715,5.061500072479248,982
2025-11-03,5.046999931335449,5.0879998207092285,5.088500022888184,5.027500152587891,0
2025-11-04,4.926000118255615,4.91949987411499,4.939000129699707,4.91949987411499,590
2025-11-05,4.9629998207092285,4.959000110626221,4.9664998054504395,4.959000110626221,606
2025-11-06,4.945499897003174,4.962500095367432,4.9629998207092285,4.936500072479248,946
2025-11-07,4.938000202178955,4.944499969482422,4.945000171661377,4.935500144958496,599
2025-11-10,5.086999893188477,5.015999794006348,5.0894999504089355,5.015999794006348,1048
2025-11-11,5.048500061035156,5.042500019073486,5.048500061035156,5.041999816894531,685
2025-11-12,5.0894999504089355,5.043000221252441,5.126999855041504,5.0370001792907715,656
2025-11-13,5.087500095367432,5.0995001792907715,5.104000091552734,5.038000106811523,795
2025-11-14,5.049499988555908,5.051000118255615,5.051000118255615,5.048500061035156,780
2025-11-17,5.0,4.998000144958496,5.002500057220459,4.997499942779541,699
2025-11-18,4.962500095367432,4.940000057220459,4.976500034332275,4.940000057220459,767
2025-11-19,5.007999897003174,5.010000228881836,5.010499954223633,5.00600004196167,1148
2025-11-20,4.959499835968018,4.980000019073486,4.998499870300293,4.940000057220459,969
2025-11-21,5.008500099182129,4.920000076293945,5.013000011444092,4.920000076293945,616
2025-11-24,4.961999893188477,4.973999977111816,4.974999904632568,4.956999778747559,1045
2025-11-25,4.999499797821045,5.002999782562256,5.002999782562256,4.994999885559082,41200
2025-11-26,5.104499816894531,5.020500183105469,5.119999885559082,5.015999794006348,11335
2025-11-28,5.185500144958496,5.119500160217285,5.215000152587891,5.054999828338623,1349
2025-12-01,5.218999862670898,5.210000038146973,5.28000020980835,5.185999870300293,1396
2025-12-02,5.160999774932861,5.173999786376953,5.227499961853027,5.1479997634887695,1740
2025-12-03,5.308000087738037,5.1620001792907715,5.35099983215332,5.1620001792907715,1005
2025-12-04,5.291500091552734,5.308000087738037,5.3125,5.232999801635742,1491
2025-12-05,5.381999969482422,5.281000137329102,5.400000095367432,5.269499778747559,949
2025-12-08,5.364500045776367,5.373000144958496,5.376999855041504,5.316999912261963,621
2025-12-09,5.240499973297119,5.33650016784668,5.33650016784668,5.236999988555908,440
2025-12-10,5.2754998207092285,5.247499942779541,5.323999881744385,5.247499942779541,948
2025-12-11,5.427000045776367,5.334000110626221,5.438499927520752,5.328000068664551,990
2025-12-12,5.2835001945495605,5.423999786376953,5.435500144958496,5.210000038146973,1213
2025-12-15,5.338500022888184,5.273499965667725,5.409999847412109,5.273499965667725,1068
2025-12-16,5.2870001792907715,5.269999980926514,5.306000232696533,5.269999980926514,798
2025-12-17,5.363500118255615,5.315000057220459,5.368000030517578,5.315000057220459,1289
2025-12-18,5.366499900817871,5.322000026702881,5.386000156402588,5.322000026702881,860
2025-12-19,5.439499855041504,5.431000232696533,5.468999862670898,5.425000190734863,703
2025-12-22,5.4375,5.441500186920166,5.480000019073486,5.41949987411499,1789
2025-12-23,5.47599983215332,5.435999870300293,5.524499893188477,5.422999858856201,724
2025-12-24,5.498499870300293,5.5,5.564000129699707,5.46999979019165,1111
2025-12-26,5.766499996185303,5.609499931335449,5.78000020980835,5.609499931335449,876
2025-12-29,5.490499973297119,5.78849983215332,5.78849983215332,5.490499973297119,2538
2025-12-30,5.727499961853027,5.51200008392334,5.735499858856201,5.497499942779541,3056
2025-12-31,5.630000114440918,5.632500171661377,5.64900016784668,5.624499797821045,1095
2026-01-02,5.639999866485596,5.652500152587891,5.65500020980835,5.624000072479248,1307
2026-01-05,5.924499988555908,5.796500205993652,5.92549991607666,5.796500205993652,775
2026-01-06,6.010499954223633,5.960000038146973,6.016499996185303,5.90749979019165,1480
2026-01-07,5.809000015258789,5.9670000076293945,5.9670000076293945,5.796500205993652,1055
2026-01-08,5.746500015258789,5.798999786376953,5.798999786376953,5.671999931335449,1385
2026-01-09,5.855500221252441,5.855500221252441,5.855500221252441,5.855500221252441,965
2026-01-12,5.985000133514404,5.953499794006348,6.011499881744385,5.940999984741211,1078
2026-01-13,5.96999979019165,5.965000152587891,5.9710001945495605,5.959000110626221,1211
2026-01-14,6.008999824523926,6.0,6.019000053405762,5.978000164031982,1011
2026-01-15,5.947999954223633,5.938000202178955,5.957499980926514,5.894000053405762,1068
2026-01-16,5.78849983215332,5.78000020980835,5.790999889373779,5.75,868
2026-01-20,5.7729997634887695,5.8495001792907715,5.879499912261963,5.747000217437744,772
2026-01-21,5.729499816894531,5.802499771118164,5.827000141143799,5.727499961853027,744
2026-01-22,5.742499828338623,5.700500011444092,5.763999938964844,5.700500011444092,981
2026-01-23,5.910999774932861,5.783999919891357,5.9145002365112305,5.754000186920166,767
2026-01-26,5.984000205993652,5.980000019073486,5.988999843597412,5.878499984741211,720
2026-01-27,5.828499794006348,5.831999778747559,5.841000080108643,5.820499897003174,917
2026-01-28,5.892499923706055,5.881499767303467,5.894499778747559,5.881499767303467,1681
2026-01-29,6.17549991607666,6.1570000648498535,6.507999897003174,6.131499767303467,3804
2026-01-30,5.896999835968018,6.1545000076293945,6.1545000076293945,5.745999813079834,1981
2026-02-02,5.801499843597412,5.739999771118164,5.859499931335449,5.568999767303467,1104
2026-02-03,6.0625,5.874499797821045,6.07450008392334,5.869500160217285,699
2026-02-04,5.826000213623047,6.059999942779541,6.078999996185303,5.826000213623047,831
2026-02-05,5.798999786376953,5.7769999504089355,5.802999973297119,5.679999828338623,884
2026-02-06,5.863500118255615,5.650000095367432,5.864500045776367,5.650000095367432,421
2026-02-09,5.945000171661377,5.879499912261963,5.952499866485596,5.879499912261963,542
2026-02-10,5.895999908447266,5.887499809265137,5.901000022888184,5.875500202178955,445
2026-02-11,5.948999881744385,5.922999858856201,5.952499866485596,5.922999858856201,653
2026-02-12,5.770999908447266,5.972499847412109,5.972499847412109,5.75,1109
2026-02-13,5.792500019073486,5.795499801635742,5.798999786376953,5.699999809265137,1584
2026-02-17,5.632999897003174,5.634500026702881,5.636499881744385,5.632999897003174,941
2026-02-18,5.793499946594238,5.666999816894531,5.800000190734863,5.666999816894531,1156
2026-02-19,5.730000019073486,5.735000133514404,5.735000133514404,5.724999904632568,993
2026-02-20,5.830999851226807,5.742000102996826,5.860499858856201,5.727499961853027,658
2026-02-23,5.7729997634887695,5.880000114440918,5.880000114440918,5.750500202178955,764
2026-02-24,5.922999858856201,5.854000091552734,5.928500175476074,5.854000091552734,937
2026-02-25,5.979499816894531,5.9704999923706055,5.982999801635742,5.9704999923706055,29280
2026-02-26,5.947000026702881,5.992499828338623,6.000500202178955,5.914000034332275,7727
2026-02-27,6.004499912261963,5.959499835968018,6.079999923706055,5.959499835968018,3035
2026-03-02,5.894499778747559,5.9664998054504395,6.0304999351501465,5.876999855041504,1695
2026-03-03,5.773499965667725,5.909999847412109,5.943999767303467,5.71999979019165,1489
2026-03-04,5.855000019073486,5.790500164031982,5.889500141143799,5.789000034332275,736
2026-03-05,5.752999782562256,5.848999977111816,5.848999977111816,5.730000019073486,1705
2026-03-06,5.756999969482422,5.785999774932861,5.791999816894531,5.735499858856201,1171
2026-03-09,5.80049991607666,5.7230000495910645,5.8460001945495605,5.630000114440918,1061
2026-03-10,5.9039998054504395,5.8445000648498535,5.90749979019165,5.829500198364258,737
2026-03-11,5.8454999923706055,5.888500213623047,5.888500213623047,5.7895002365112305,853
2026-03-12,5.82450008392334,5.8520002365112305,5.852499961853027,5.77400016784668,636
2026-03-13,5.7144999504089355,5.729000091552734,5.791999816894531,5.628499984741211,546
2026-03-16,5.790500164031982,5.630000114440918,5.809500217437744,5.630000114440918,571
2026-03-17,5.726500034332275,5.742000102996826,5.748499870300293,5.699999809265137,703
2026-03-18,5.553999900817871,5.721499919891357,5.734000205993652,5.440000057220459,1985
2026-03-19,5.433000087738037,5.480000019073486,5.480500221252441,5.2895002365112305,1355
2026-03-20,5.34250020980835,5.514500141143799,5.514500141143799,5.26800012588501,1388
2026-03-23,5.439499855041504,5.452499866485596,5.5,5.421999931335449,1206
2026-03-24,5.422500133514404,5.393499851226807,5.5,5.375999927520752,1140
2026-03-25,5.5289998054504395,5.53249979019165,5.53249979019165,5.493000030517578,811
2026-03-26,5.446499824523926,5.463500022888184,5.4770002365112305,5.425000190734863,547
2026-03-27,5.4670000076293945,5.4670000076293945,5.4670000076293945,5.4670000076293945,4008
2026-03-30,5.47599983215332,5.401000022888184,5.499000072479248,5.401000022888184,2377
2026-03-31,5.587500095367432,5.483500003814697,5.627999782562256,5.483500003814697,1807
2026-04-01,5.624000072479248,5.616499900817871,5.631499767303467,5.584000110626221,1430
2026-04-02,5.563000202178955,5.548999786376953,5.613999843597412,5.548500061035156,0
2026-04-06,5.583499908447266,5.624499797821045,5.624499797821045,5.567500114440918,638
2026-04-07,5.54449987411499,5.567500114440918,5.567500114440918,5.54449987411499,542
2026-04-08,5.759500026702881,5.759500026702881,5.763000011444092,5.758999824523926,650
2026-04-09,5.748000144958496,5.7270002365112305,5.748000144958496,5.7270002365112305,2085
2026-04-10,5.870500087738037,5.777500152587891,5.870500087738037,5.770500183105469,683
2026-04-13,5.97599983215332,5.97599983215332,6.0,5.97599983215332,401
2026-04-14,6.070499897003174,6.07450008392334,6.079500198364258,6.067999839782715,485
2026-04-15,6.072000026702881,6.072999954223633,6.084000110626221,6.070000171661377,394
2026-04-16,6.066500186920166,6.065000057220459,6.067999839782715,6.019999980926514,1007
2026-04-17,6.103499889373779,6.101500034332275,6.105500221252441,6.077000141143799,842
2026-04-20,6.035999774932861,5.980000019073486,6.054500102996826,5.980000019073486,1058
2026-04-21,6.001500129699707,5.999499797821045,6.001500129699707,5.968500137329102,924
2026-04-22,6.119999885559082,6.115499973297119,6.119999885559082,6.11299991607666,1149
2026-04-23,6.075500011444092,6.0229997634887695,6.075500011444092,6.020999908447266,957
2026-04-24,6.023499965667725,5.980000019073486,6.023499965667725,5.980000019073486,788
2026-04-27,6.01800012588501,6.021999835968018,6.021999835968018,6.01800012588501,914
2026-04-28,5.9145002365112305,5.9145002365112305,5.9145002365112305,5.9145002365112305,23966
2026-04-29,5.878499984741211,5.923500061035156,5.964000225067139,5.862500190734863,4555
2026-04-30,5.926000118255615,5.9029998779296875,5.978000164031982,5.892000198364258,1622
2026-05-01,5.932000160217285,5.933499813079834,5.935999870300293,5.9120001792907715,1399
2026-05-04,5.795000076293945,5.807000160217285,5.89900016784668,5.789999961853027,827
2026-05-05,5.942999839782715,5.820499897003174,5.9679999351501465,5.819499969482422,640
2026-05-06,6.136499881744385,5.9604997634887695,6.1554999351501465,5.9604997634887695,1278
2026-05-07,6.127500057220459,6.145999908447266,6.1875,6.110000133514404,738
2026-05-08,6.249000072479248,6.052499771118164,6.257999897003174,6.052499771118164,661
2026-05-11,6.41349983215332,6.257999897003174,6.447999954223633,6.257999897003174,609
2026-05-12,6.485000133514404,6.434999942779541,6.60099983215332,6.434999942779541,782
2026-05-13,6.635499954223633,6.5960001945495605,6.644999980926514,6.5960001945495605,910
2026-05-14,6.567500114440918,6.555500030517578,6.577000141143799,6.547500133514404,718
2026-05-15,6.251500129699707,6.519999980926514,6.519999980926514,6.231500148773193,899
2026-05-18,6.271999835968018,6.197000026702881,6.2820000648498535,6.197000026702881,1463
2026-05-19,6.164999961853027,6.254499912261963,6.254499912261963,6.120999813079834,1254
2026-05-20,6.290500164031982,6.164000034332275,6.301499843597412,6.119999885559082,993
2026-05-21,6.256999969482422,6.21999979019165,6.261499881744385,6.21999979019165,1051
2026-05-22,6.3420000076293945,6.34499979019165,6.3480000495910645,6.3404998779296875,992
2026-05-26,6.361000061035156,6.355000019073486,6.390999794006348,6.335000038146973,1840
2026-05-27,6.304999828338623,6.417500019073486,6.417500019073486,6.304999828338623,2474
2026-05-28,6.395999908447266,6.300000190734863,6.399499893188477,6.223499774932861,2596
2026-05-29,6.359499931335449,6.392000198364258,6.392000198364258,6.34499979019165,1317
2026-06-01,6.52400016784668,6.544000148773193,6.550000190734863,6.49399995803833,1053
2026-06-02,6.649499893188477,6.652500152587891,6.652500152587891,6.633999824523926,651
2026-06-03,6.480999946594238,6.552499771118164,6.552999973297119,6.475500106811523,1180
2026-06-04,6.511000156402588,6.505000114440918,6.525000095367432,6.498499870300293,541
2026-06-05,6.263500213623047,6.391499996185303,6.416500091552734,6.252500057220459,564
2026-06-08,6.329500198364258,6.363999843597412,6.363999843597412,6.329500198364258,608
2026-06-09,6.302499771118164,6.291999816894531,6.406000137329102,6.291999816894531,373
2026-06-10,6.249000072479248,6.255000114440918,6.255499839782715,6.249000072479248,509
2026-06-11,6.258999824523926,6.258999824523926,6.258999824523926,6.258999824523926,569
2026-06-12,6.430500030517578,6.40500020980835,6.430500030517578,6.40500020980835,414
2026-06-15,6.482500076293945,6.5,6.5,6.482500076293945,525
2026-06-16,6.488999843597412,6.498000144958496,6.498000144958496,6.473499774932861,1828
2026-06-17,6.481500148773193,6.4720001220703125,6.481500148773193,6.3354997634887695,1446
2026-06-18,6.374499797821045,6.374499797821045,6.374499797821045,6.374499797821045,1031
2026-06-22,6.356500148773193,6.356500148773193,6.356500148773193,6.356500148773193,1163
2026-06-23,6.140999794006348,6.177999973297119,6.178500175476074,6.123000144958496,1012
2026-06-24,5.942999839782715,6.0395002365112305,6.0395002365112305,5.928500175476074,507
2026-06-25,6.070499897003174,6.038000106811523,6.070499897003174,6.038000106811523,660
2026-06-26,6.141499996185303,6.141499996185303,6.141499996185303,6.141499996185303,16018
2026-06-29,6.097499847412109,6.120999813079834,6.175000190734863,6.071499824523926,11357
2026-06-30,6.192500114440918,6.112500190734863,6.251999855041504,6.050000190734863,1742
2026-07-01,6.123499870300293,6.193999767303467,6.196000099182129,6.071499824523926,1240
2026-07-02,6.114500045776367,6.104000091552734,6.1545000076293945,6.070000171661377,1080
2026-07-06,6.177999973297119,6.1545000076293945,6.200500011444092,6.146999835968018,1021
2026-07-07,6.171500205993652,6.169000148773193,6.204999923706055,6.117000102996826,603
2026-07-08,6.054500102996826,6.110499858856201,6.112500190734863,6.015500068664551,649
2026-07-09,6.215000152587891,6.069499969482422,6.236999988555908,6.069499969482422,663
2026-07-10,6.233500003814697,6.230500221252441,6.240499973297119,6.2170000076293945,561
2026-07-13,6.232999801635742,6.28000020980835,6.295499801635742,6.230999946594238,560
2026-07-14,6.329999923706055,6.301000118255615,6.38700008392334,6.301000118255615,773
2026-07-15,6.293499946594238,6.316999912261963,6.339000225067139,6.293499946594238,941
2026-07-16,6.296000003814697,6.3420000076293945,6.3470001220703125,6.244999885559082,1289
2026-07-17,6.21999979019165,6.209499835968018,6.229000091552734,6.150000095367432,1819
2026-07-20,6.298999786376953,6.181000232696533,6.310999870300293,6.173999786376953,821
2026-07-21,6.511000156402588,6.445499897003174,6.520999908447266,6.445499897003174,812
2026-07-22,6.451000213623047,6.511000156402588,6.517000198364258,6.435999870300293,1105
2026-07-23,6.304999828338623,6.414999961853027,6.415999889373779,6.2754998207092285,1155
2026-07-24,6.320000171661377,6.303999900817871,6.320000171661377,6.302499771118164,1164
2026-07-27,6.339000225067139,6.340000152587891,6.364500045776367,6.336999893188477,865
2026-07-28,6.322000026702881,6.2829999923706055,6.322000026702881,6.265999794006348,865
2026-07-29,6.3125,6.3354997634887695,6.355999946594238,6.2820000648498535,9622
