timestamps,open,high,low,close,volume,amount
2007/03/11 12:00,1900.0,1938.0,1900.0,1900.0,468077431,889437216900
2007/03/12 12:00,1938.0,1938.0,1938.0,1938.0,100041000,193879458000
2007/03/13 12:00,1976.0,1976.0,1915.0,1973.0,126270939,249241504527
2007/03/14 12:00,1934.0,1966.0,1934.0,1934.0,26705128,51666379451
2007/03/17 12:00,1896.0,1927.0,1896.0,1898.0,14877283,28239006789
2007/03/19 12:00,1872.0,1909.0,1861.0,1885.0,12428574,23432044982
2007/03/25 12:00,1881.0,1922.0,1880.0,1894.0,4151051,7938296594
2007/03/26 12:00,1927.0,1931.0,1898.0,1900.0,2604320,5010080922
2007/03/27 12:00,1909.0,1935.0,1902.0,1904.0,1737471,3349931251
2007/03/28 12:00,1925.0,1930.0,1906.0,1906.0,1466522,2819018765
2007/03/31 12:00,1904.0,1920.0,1873.0,1905.0,818231,1544256723
2007/04/03 12:00,1900.0,1900.0,1867.0,1900.0,2705358,5089821352
2007/04/04 12:00,1887.0,1896.0,1862.0,1896.0,1649990,3083948625
2007/04/07 12:00,1886.0,1888.0,1859.0,1881.0,5050280,9390429030
2007/04/08 12:00,1854.0,1900.0,1849.0,1879.0,3002511,5626657331
2007/04/09 12:00,1889.0,1913.0,1874.0,1879.0,692951,1307934968
2007/04/10 12:00,1907.0,1917.0,1862.0,1883.0,1315311,2477218529
2007/04/11 12:00,1876.0,1880.0,1851.0,1880.0,1767488,3292833272
2007/04/14 12:00,1864.0,1875.0,1843.0,1875.0,1975101,3648614835
2007/04/15 12:00,1848.0,1867.0,1838.0,1867.0,2879638,5293662864
2007/04/16 12:00,1838.0,1862.0,1831.0,1862.0,1890750,3473179839
2007/04/17 12:00,1848.0,1880.0,1826.0,1861.0,1368173,2532449179
2007/04/18 12:00,1876.0,1898.0,1853.0,1867.0,3024167,5705405876
2007/04/21 12:00,1903.0,1904.0,1883.0,1883.0,5473667,10421277946
2007/04/22 12:00,1920.0,1920.0,1888.0,1888.0,1773788,3405672640
2007/04/23 12:00,1925.0,1925.0,1880.0,1889.0,826566,1569866424
2007/04/24 12:00,1900.0,1912.0,950.0,1890.0,3831874711,3641241626070
2007/04/25 12:00,1900.0,1903.0,1854.0,1890.0,1796465,3392879779
2007/04/28 12:00,1890.0,1890.0,1853.0,1884.0,2176594,4038766394
2007/04/29 12:00,1847.0,1873.0,1847.0,1873.0,3633565,6713269926
2007/04/30 12:00,1857.0,1910.0,1853.0,1884.0,5581299,10593596444
2007/05/01 12:00,1895.0,1900.0,1864.0,1884.0,1387680,2613975235
2007/05/02 12:00,1889.0,1890.0,1848.0,1881.0,1524106,2830592959
2007/05/05 12:00,1854.0,1874.0,1844.0,1874.0,2523017,4653287427
2007/05/06 12:00,1837.0,1863.0,1837.0,1863.0,3807216,6994053939
2007/05/07 12:00,1835.0,1855.0,1826.0,1855.0,2824699,5157963190
2007/05/08 12:00,1820.0,1851.0,1818.0,1851.0,3256904,5933952440
2007/05/09 12:00,1828.0,1850.0,1816.0,1847.0,3031843,5525634547
2007/05/12 12:00,1837.0,1870.0,1823.0,1848.0,1340525,2489582384
2007/05/13 12:00,1860.0,1884.0,1846.0,1857.0,3617528,6803190106
2007/05/14 12:00,1891.0,1894.0,1857.0,1858.0,1521600,2843868527
2007/05/15 12:00,1870.0,1870.0,1854.0,1858.0,722100,1343546511
2007/05/16 12:00,1860.0,1870.0,1857.0,1859.0,1270938,2368141606
2007/05/19 12:00,1857.0,1858.0,1830.0,1857.0,1165541,2145560723
2007/05/20 12:00,1835.0,1855.0,1830.0,1855.0,1125563,2066324045
2007/05/21 12:00,1840.0,1854.0,1830.0,1854.0,1015994,1869165969
2007/05/22 12:00,1848.0,1853.0,1831.0,1853.0,862753,1587771846
2007/05/23 12:00,1848.0,1852.0,1818.0,1852.0,555716,1017647066
2007/05/26 12:00,1835.0,1850.0,1816.0,1850.0,995859,1819739565
2007/05/27 12:00,1829.0,1848.0,1813.0,1848.0,677604,1232478002
2007/05/28 12:00,1818.0,1845.0,1817.0,1845.0,2681100,4885670697
2007/05/29 12:00,1830.0,1844.0,1820.0,1844.0,1881316,3436495236
2007/05/30 12:00,1835.0,1845.0,1834.0,1844.0,814969,1498893842
2007/06/02 12:00,1844.0,1880.0,1843.0,1852.0,3142342,5903314799
2007/06/03 12:00,1889.0,1889.0,1862.0,1862.0,3517679,6644893791
2007/06/06 12:00,1899.0,1899.0,1867.0,1867.0,1686185,3200694642
2007/06/09 12:00,1894.0,1904.0,1866.0,1870.0,1842850,3475993043
2007/06/10 12:00,1906.0,1907.0,1871.0,1871.0,394471,752248837
2007/06/11 12:00,1908.0,1908.0,950.0,1873.0,940111218,893785181478
2007/06/12 12:00,1910.0,1910.0,1873.0,1873.0,113158,216131410
2007/06/13 12:00,1910.0,1910.0,1910.0,1910.0,13098182,25017527620
2007/06/16 12:00,1948.0,1948.0,1948.0,1948.0,15034356,29286925488
2007/06/17 12:00,1986.0,1986.0,1986.0,1986.0,15656554,31093916244
2007/06/19 12:00,2025.0,2025.0,1956.0,2005.0,11863183,23809248413
2007/06/20 12:00,1986.0,1991.0,1966.0,1991.0,5676578,11205015358
2007/06/23 12:00,2000.0,2030.0,1995.0,2028.0,9940077,20160850793
2007/06/24 12:00,2030.0,2068.0,2026.0,2056.0,7875528,16194664330
2007/06/25 12:00,2065.0,2097.0,2062.0,2096.0,10909057,22867336715
2007/06/26 12:00,2137.0,2137.0,2065.0,2093.0,9614186,20129780241
2007/06/27 12:00,2070.0,2070.0,2052.0,2061.0,4943752,10145410287
2007/06/30 12:00,2100.0,2102.0,2085.0,2101.0,10566520,22200446843
2007/07/01 12:00,2129.0,2143.0,2122.0,2142.0,11482272,24596470666
2007/07/02 12:00,2179.0,2184.0,2170.0,2183.0,14878790,32493053036
2007/07/03 12:00,2219.0,2223.0,1450.0,2200.0,571322642,981070450100
2007/07/04 12:00,2189.0,2233.0,2171.0,2200.0,7638788,16814821740
2007/07/07 12:00,2239.0,2242.0,2210.0,2221.0,4510681,10056265516
2007/07/08 12:00,2258.0,2265.0,2240.0,2260.0,6707990,15160636801
2007/07/09 12:00,2294.0,2305.0,2290.0,2303.0,10145458,23374166886
2007/07/10 12:00,2340.0,2349.0,2320.0,2348.0,19111410,44882797405
2007/07/11 12:00,2394.0,2394.0,2394.0,2394.0,13701685,32801833890
2007/07/14 12:00,2441.0,2441.0,2394.0,2435.0,41484855,101037157516
2007/07/15 12:00,2387.0,2428.0,2387.0,2428.0,942473,2249683461
2007/07/16 12:00,2380.0,2400.0,2380.0,2380.0,23338850,55551799076
2007/07/17 12:00,2381.0,2419.0,2358.0,2384.0,17354847,41409372184
2007/07/25 12:00,2333.0,2479.0,2254.0,2388.0,30786113,73538904099
2007/07/29 12:00,2435.0,2435.0,2435.0,2435.0,6362540,15492784900
2007/07/30 12:00,2483.0,2483.0,2483.0,2483.0,6315564,15681545412
2007/07/31 12:00,2532.0,2532.0,2532.0,2532.0,8591016,21752452512
2007/08/01 12:00,2582.0,2582.0,2582.0,2582.0,17097099,44144709618
2007/08/04 12:00,2633.0,2633.0,2587.0,2632.0,46268455,121823899879
2007/08/05 12:00,2650.0,2684.0,2645.0,2678.0,19910250,53325588071
2007/08/06 12:00,2731.0,2731.0,2729.0,2729.0,6049960,16522440740
2007/08/07 12:00,2783.0,2783.0,2732.0,2732.0,300000,834899490
2007/08/08 12:00,2786.0,2786.0,2734.0,2734.0,202814,565039284
2007/08/12 12:00,2788.0,2788.0,2740.0,2740.0,754374,2103194232
2007/08/13 12:00,2794.0,2794.0,2769.0,2769.0,3384008,9454918102
2007/08/14 12:00,2824.0,2824.0,2773.0,2773.0,435355,1229442010
2007/08/15 12:00,2828.0,2828.0,2779.0,2779.0,654709,1851516562
2007/08/18 12:00,2834.0,2834.0,2783.0,2831.0,29760995,84277058183
2007/08/19 12:00,2887.0,2887.0,2849.0,2849.0,2038628,5885518656
2007/08/20 12:00,2905.0,2905.0,2863.0,2863.0,1528358,4439879570
2007/08/21 12:00,2920.0,2920.0,2874.0,2874.0,1203668,3514710100
2007/08/22 12:00,2931.0,2931.0,2877.0,2877.0,368936,1081350876
2007/08/25 12:00,2934.0,2934.0,2882.0,2882.0,514133,1508465702
2007/08/26 12:00,2939.0,2939.0,2908.0,2908.0,2931622,8616036748
2007/08/27 12:00,2966.0,2966.0,2917.0,2917.0,947604,2810592974
2007/08/28 12:00,2975.0,2975.0,2949.0,2949.0,3491776,10388033340
2007/09/01 12:00,3007.0,3007.0,2968.0,2968.0,2124315,6387814815
2007/09/02 12:00,3027.0,3027.0,2969.0,2969.0,137451,416063597
2007/09/03 12:00,3028.0,3028.0,2973.0,2973.0,401387,1215399286
2007/09/04 12:00,3032.0,3032.0,2975.0,2975.0,163172,494736934
2007/09/05 12:00,3034.0,3034.0,2983.0,2983.0,872611,2647501264
2007/09/08 12:00,3042.0,3042.0,2984.0,2984.0,103594,315132368
2007/09/09 12:00,3043.0,3043.0,2987.0,2987.0,296597,902544111
2007/09/10 12:00,3046.0,3046.0,2991.0,2991.0,410837,1251408952
2007/09/11 12:00,3050.0,3050.0,2992.0,2992.0,103571,315890970
2007/09/12 12:00,3051.0,3051.0,2994.0,2994.0,172727,526989507
2007/09/15 12:00,3053.0,3053.0,2998.0,2998.0,454531,1387682593
2007/09/16 12:00,3057.0,3057.0,3003.0,3003.0,566981,1733260377
2007/09/17 12:00,3063.0,3063.0,3063.0,3063.0,14809519,45361556697
2007/09/18 12:00,3124.0,3124.0,3112.0,3112.0,5078456,15865096424
2007/09/19 12:00,3174.0,3174.0,3113.0,3113.0,53830,170855810
2007/09/22 12:00,3175.0,3175.0,3115.0,3115.0,249538,792282550
2007/09/23 12:00,3177.0,3177.0,3123.0,3123.0,800010,2541631230
2007/09/24 12:00,3185.0,3185.0,3128.0,3128.0,500010,1592531280
2007/09/30 12:00,3190.0,3190.0,3128.0,3128.0,7765,24769730
2007/10/01 12:00,3190.0,3190.0,3128.0,3128.0,13321,42493370
2007/10/02 12:00,3190.0,3190.0,3129.0,3129.0,53612,171021670
2007/10/06 12:00,3191.0,3191.0,3134.0,3134.0,491039,1566904879
2007/10/07 12:00,3196.0,3196.0,3136.0,3136.0,226456,723752776
2007/10/08 12:00,3198.0,3198.0,3137.0,3137.0,94743,302987504
2007/10/09 12:00,3199.0,3199.0,2388.0,3138.0,136089385,325053942005
2007/10/10 12:00,3200.0,3200.0,3142.0,3142.0,450510,1441631420
2007/10/14 12:00,3204.0,3204.0,3182.0,3182.0,4088098,13098265772
2007/10/15 12:00,3245.0,3245.0,3223.0,3223.0,4073001,13216888025
2007/10/16 12:00,3287.0,3287.0,3224.0,3224.0,58862,193478764
2007/10/17 12:00,3288.0,3288.0,3288.0,3288.0,10022118,32952723984
2007/10/20 12:00,3353.0,3353.0,3353.0,3353.0,10155603,34051736859
2007/10/21 12:00,3420.0,3420.0,3420.0,3420.0,20274100,69337422000
2007/10/22 12:00,3488.0,3488.0,3488.0,3488.0,27746401,96779446688
2007/10/23 12:00,3557.0,3557.0,3557.0,3557.0,19286929,68603606453
2007/11/03 12:00,4149.0,4150.0,3820.0,3946.0,52229357,206146111822
2007/11/04 12:00,3868.0,3970.0,3868.0,3882.0,11595337,45016810108
2007/11/05 12:00,3805.0,3881.0,3805.0,3881.0,64347,244841095
2007/11/11 12:00,3804.0,3876.0,3804.0,3876.0,403835,1536189060
2007/11/12 12:00,3799.0,3799.0,3799.0,3799.0,9123870,34661582130
2007/11/13 12:00,3728.0,3794.0,3724.0,3731.0,23189941,86535252579
2007/11/14 12:00,3657.0,3657.0,3657.0,3657.0,6401611,23410691427
2007/11/17 12:00,3584.0,3634.0,3584.0,3634.0,1973821,7074174964
2007/11/18 12:00,3562.0,3593.0,3562.0,3593.0,3618456,12888940582
2007/11/19 12:00,3522.0,3522.0,3522.0,3522.0,6634043,23365099446
2007/11/20 12:00,3452.0,3500.0,3452.0,3452.0,67946383,234561737992
2007/11/21 12:00,3430.0,3510.0,3385.0,3465.0,20011097,69346194088
2007/11/24 12:00,3473.0,3501.0,3396.0,3407.0,6366536,21692544948
2007/11/25 12:00,3339.0,3396.0,3339.0,3396.0,985297,3289907253
2007/11/26 12:00,3329.0,3329.0,3329.0,3329.0,6291180,20943338220
2007/11/27 12:00,3263.0,3323.0,3263.0,3323.0,558752,1823208376
2007/11/28 12:00,3257.0,3279.0,3257.0,3279.0,4172805,13590826105
2007/12/01 12:00,3214.0,3260.0,3214.0,3260.0,1847700,5938508260
2007/12/02 12:00,3195.0,3260.0,3195.0,3260.0,45398,145047260
2007/12/03 12:00,3195.0,3257.0,3195.0,3257.0,268926,859219190
2007/12/04 12:00,3192.0,3256.0,3192.0,3256.0,121312,387228544
2007/12/05 12:00,3191.0,3321.0,3191.0,3207.0,59414283,190593654461
2007/12/08 12:00,3210.0,3260.0,3166.0,3207.0,10352089,33213168190
2007/12/09 12:00,3230.0,3271.0,3210.0,3233.0,3643781,11852522097
2007/12/10 12:00,3297.0,3297.0,3248.0,3248.0,1478249,4873786463
2007/12/11 12:00,3312.0,3312.0,3213.0,3297.0,21450406,70643721718
2007/12/12 12:00,3290.0,3297.0,3232.0,3235.0,8018532,25977439448
2007/12/15 12:00,3258.0,3299.0,3237.0,3283.0,6133987,20144389766
2007/12/16 12:00,3276.0,3283.0,3218.0,3275.0,985383,3186269110
2007/12/17 12:00,3210.0,3275.0,3210.0,3275.0,27043,86808680
2007/12/18 12:00,3210.0,3274.0,3210.0,3274.0,50218,161200420
2007/12/19 12:00,3209.0,3274.0,3209.0,3274.0,29505,94682195
2007/12/22 12:00,3209.0,3274.0,3209.0,3274.0,20629,66199111
2007/12/23 12:00,3209.0,3274.0,3209.0,3274.0,8645,27742455
2007/12/24 12:00,3209.0,3274.0,3209.0,3274.0,21237,68150183
2007/12/25 12:00,3209.0,3273.0,3209.0,3273.0,64214,206063366
2007/12/26 12:00,3208.0,3273.0,3208.0,3273.0,11873,38089234
2007/12/30 12:00,3208.0,3272.0,3208.0,3272.0,106769,342515592
2007/12/31 12:00,3207.0,3207.0,3207.0,3207.0,17103,54849321
2008/01/01 12:00,3143.0,3205.0,3143.0,3159.0,17834519,56342263731
2008/01/02 12:00,3189.0,3222.0,3163.0,3182.0,2604903,8373991750
2008/01/05 12:00,3245.0,3245.0,3217.0,3217.0,3544704,11502564200
2008/01/06 12:00,3240.0,3243.0,3160.0,3219.0,5879043,18925936397
2008/01/08 12:00,3190.0,3272.0,3184.0,3227.0,3011602,9746560701
2008/01/09 12:00,3291.0,3291.0,3290.0,3290.0,7094585,23348231725
2008/01/12 12:00,3345.0,3355.0,3302.0,3354.0,10086053,33831056967
2008/01/13 12:00,3421.0,3421.0,3399.0,3399.0,4222340,14444624920
2008/01/14 12:00,3466.0,3466.0,3401.0,3401.0,165881,574942896
2008/01/15 12:00,3469.0,3469.0,3402.0,3402.0,70155,243367025
2008/01/16 12:00,3470.0,3470.0,3470.0,3470.0,16177886,56137264420
2008/01/29 12:00,3400.0,3496.0,3331.0,3388.0,18953509,64221862000
2008/01/30 12:00,3388.0,3455.0,3331.0,3419.0,10039542,34325904174
2008/02/02 12:00,3487.0,3487.0,3420.0,3484.0,7196993,25078076153
2008/02/03 12:00,3415.0,3415.0,3414.0,3414.0,6742578,23025903860
2008/02/04 12:00,3396.0,3482.0,3346.0,3386.0,7953856,26931918832
2008/02/05 12:00,3380.0,3420.0,3319.0,3360.0,3625941,12111946431
2008/02/06 12:00,3419.0,3419.0,3293.0,3345.0,2264332,7514001918
2008/02/09 12:00,3279.0,3300.0,3279.0,3300.0,4335975,14218169116
2008/02/10 12:00,3234.0,3270.0,3234.0,3235.0,9496801,30722630160
2008/02/12 12:00,3266.0,3268.0,3171.0,3203.0,4342051,13824764411
2008/02/13 12:00,3230.0,3267.0,3202.0,3262.0,6550495,21369820970
2008/02/16 12:00,3327.0,3327.0,3230.0,3316.0,11377498,37734069042
2008/02/17 12:00,3270.0,3295.0,3250.0,3251.0,7375763,23979556327
2008/02/18 12:00,3252.0,3260.0,3186.0,3230.0,4456566,14357996775
2008/02/19 12:00,3240.0,3260.0,3173.0,3223.0,1833134,5879344280
2008/02/20 12:00,3250.0,3250.0,3159.0,3200.0,2958556,9388606200
2008/02/23 12:00,3240.0,3250.0,3169.0,3205.0,3453290,11082399016
2008/02/24 12:00,3256.0,3269.0,3172.0,3226.0,4474937,14477972771
2008/02/25 12:00,3278.0,3290.0,3260.0,3260.0,3590181,11797329521
2008/02/26 12:00,3300.0,3321.0,3210.0,3275.0,5147494,16879349612
2008/02/27 12:00,3217.0,3270.0,3210.0,3230.0,4565319,14671607655
2008/03/01 12:00,3210.0,3210.0,3166.0,3201.0,2964381,9391662203
2008/03/02 12:00,3144.0,3177.0,3137.0,3177.0,2481991,7793790576
2008/03/03 12:00,3120.0,3240.0,3120.0,3195.0,2291031,7395524833
2008/03/04 12:00,3227.0,3229.0,3149.0,3193.0,1615229,5149867629
2008/03/05 12:00,3199.0,3256.0,3182.0,3246.0,6526657,21189095915
2008/03/09 12:00,3260.0,3260.0,3201.0,3243.0,1250563,4038283824
2008/03/10 12:00,3211.0,3250.0,3200.0,3233.0,16893228,54754351288
2008/03/11 12:00,3197.0,3233.0,3170.0,3216.0,12822170,41352313412
2008/03/12 12:00,3200.0,3217.0,3190.0,3210.0,17516628,56305023296
2008/03/15 12:00,3200.0,3210.0,3180.0,3202.0,74366965,238655312389
2008/03/16 12:00,3200.0,3210.0,3165.0,3197.0,3239976,10342433049
2008/03/17 12:00,3199.0,3212.0,3182.0,3197.0,2452700,7845285377
2008/03/18 12:00,3200.0,3257.0,3168.0,3198.0,2403116,7690921574
2008/03/24 12:00,3198.0,3199.0,3160.0,3197.0,253387,804269977
2008/03/26 12:00,3179.0,3197.0,3137.0,3192.0,784073,2477201734
2008/03/29 12:00,3170.0,3191.0,3151.0,3191.0,293925,931390021
2008/03/30 12:00,3173.0,3200.0,3158.0,3186.0,1331628,4219431335
2008/04/02 12:00,3186.0,3249.0,3186.0,3198.0,2808164,9121025201
2008/04/05 12:00,3261.0,3261.0,3204.0,3204.0,602282,1963991032
2008/04/06 12:00,3268.0,3900.0,3235.0,3235.0,793080010,3091065472350
2008/04/07 12:00,3299.0,3299.0,3246.0,3246.0,1065747,3515898823
2008/04/08 12:00,3310.0,3900.0,3290.0,3290.0,794351877,3095404712670
2008/04/09 12:00,3355.0,3900.0,3271.0,3346.0,813342697,3159108697135
2008/04/12 12:00,3297.0,3297.0,3280.0,3291.0,5278603,17316658733
2008/04/13 12:00,3249.0,3275.0,3226.0,3275.0,1593180,5142224537
2008/04/14 12:00,3210.0,3327.0,3210.0,3270.0,1901010,6195124821
2008/04/15 12:00,3300.0,3335.0,3280.0,3305.0,3824045,12729273960
2008/04/16 12:00,3360.0,4018.0,3310.0,3310.0,791147440,3178045594286
2008/04/19 12:00,3310.0,3369.0,3300.0,3321.0,2959373,9902966408
2008/04/20 12:00,3350.0,3352.0,3255.0,3315.0,3312603,10992944652
2008/04/21 12:00,3261.0,3311.0,3252.0,3309.0,815990,2666816132
2008/04/22 12:00,3268.0,3302.0,3246.0,3302.0,1151419,3769061481
2008/04/23 12:00,3272.0,3329.0,3271.0,3299.0,1314209,4321974235
2008/04/26 12:00,3318.0,3319.0,3260.0,3295.0,995760,3262670630
2008/04/27 12:00,3270.0,3286.0,3247.0,3286.0,1593493,5195886633
2008/04/28 12:00,3260.0,3351.0,3221.0,3300.0,6431403,21226122882
2008/04/29 12:00,3359.0,3366.0,3300.0,3321.0,8835772,29291415153
2008/04/30 12:00,3332.0,3370.0,3281.0,3321.0,9486806,31440502276
2008/05/03 12:00,3299.0,3299.0,3255.0,3283.0,3639167,11846990993
2008/05/04 12:00,3222.0,3275.0,3219.0,3275.0,904584,2922412739
2008/05/05 12:00,3228.0,3289.0,3227.0,3275.0,393833,1288587827
2008/05/06 12:00,3299.0,3340.0,3280.0,3281.0,1012875,3354924633
2008/05/07 12:00,3324.0,3324.0,3285.0,3286.0,1248203,4126210458
2008/05/10 12:00,3310.0,3329.0,3291.0,3293.0,2771880,9155286523
2008/05/11 12:00,3318.0,3370.0,3289.0,3317.0,8481101,28124027318
2008/05/12 12:00,3416.0,3416.0,3368.0,3368.0,3452581,11778670068
2008/05/13 12:00,3469.0,3469.0,3386.0,3386.0,1131972,3926810038
2008/05/14 12:00,3487.0,3487.0,3420.0,3420.0,2101961,7329537337
2008/05/17 12:00,3522.0,3522.0,3469.0,3469.0,3063835,10790826340
2008/05/18 12:00,3573.0,3573.0,3514.0,3514.0,2749518,9824027224
2008/05/19 12:00,3510.0,3589.0,3490.0,3530.0,11598838,40954054452
2008/05/20 12:00,3574.0,3635.0,3197.0,3553.0,22545629,72748793754
2008/05/25 12:00,3755.0,3800.0,3650.0,3745.0,11919131,44644943191
2008/05/26 12:00,3846.0,3857.0,3197.0,3855.0,15674277,56699300506
2008/05/27 12:00,3970.0,3970.0,3891.0,3966.0,22158272,87893523973
2008/05/28 12:00,4020.0,4084.0,4000.0,4079.0,12735139,51959092358
2008/05/31 12:00,4201.0,4201.0,4110.0,4200.0,26644580,111932317795
2008/06/01 12:00,4216.0,4216.0,4074.0,4168.0,1984729,8134035249
2008/06/02 12:00,4043.0,4197.0,4043.0,4080.0,8997842,36715909118
2008/06/08 12:00,4190.0,4200.0,4134.0,4134.0,3823992,15947188733
2008/06/09 12:00,4258.0,4258.0,4235.0,4235.0,5143483,21900950384
2008/06/10 12:00,4362.0,4362.0,4271.0,4271.0,1806937,7881858284
2008/06/11 12:00,4399.0,4399.0,4294.0,4294.0,1150010,5058892940
2008/06/14 12:00,4422.0,4422.0,4317.0,4317.0,1114617,4928835324
2008/06/15 12:00,4446.0,4446.0,4341.0,4341.0,1200010,5335243410
2008/06/16 12:00,4471.0,4471.0,4449.0,4449.0,5250010,23472794490
2008/06/17 12:00,4582.0,4582.0,4560.0,4560.0,5290440,24240795860
2008/06/18 12:00,4696.0,4696.0,3197.0,4696.0,46248116,216010784502
2008/06/21 12:00,4836.0,4836.0,4836.0,4836.0,11257900,54443204400
2008/06/22 12:00,4981.0,4981.0,3197.0,4981.0,95807319,441942929443
2008/07/05 12:00,5680.0,6049.0,4482.0,5894.0,216134721,1037336243253
2008/07/06 12:00,6070.0,6070.0,6000.0,6067.0,23503417,142595974979
2008/07/07 12:00,6249.0,6249.0,5885.0,6122.0,37929471,232232070176
2008/07/08 12:00,5939.0,6095.0,5939.0,6095.0,916826,5445031174
2008/07/09 12:00,5913.0,6091.0,3197.0,6091.0,18731695,60229426659
2008/07/12 12:00,5909.0,6091.0,5909.0,6091.0,3767,22261023
2008/07/13 12:00,5909.0,6088.0,5909.0,6088.0,96369,569446211
2008/07/14 12:00,5906.0,6083.0,5906.0,6083.0,158841,938116716
2008/07/15 12:00,5901.0,5901.0,5901.0,5901.0,42717766,252077537166
2008/07/19 12:00,5969.0,5990.0,5724.0,5819.0,25187039,146582834347
2008/07/20 12:00,5820.0,5830.0,5645.0,5704.0,5115982,29044689088
2008/07/21 12:00,5533.0,5701.0,5533.0,5701.0,111910,619199710
2008/07/22 12:00,5530.0,5695.0,5530.0,5695.0,206754,1143351270
2008/07/23 12:00,5525.0,5611.0,5525.0,5611.0,3137781,17336240885
2008/07/26 12:00,5443.0,5602.0,5443.0,5602.0,346265,1884721985
2008/08/02 12:00,5434.0,5602.0,5434.0,5602.0,10242,55656708
2008/08/03 12:00,5434.0,5602.0,5434.0,5602.0,6838,37159372
2008/08/04 12:00,5434.0,5602.0,5434.0,5602.0,1540,8370040
2008/08/05 12:00,5434.0,5602.0,5434.0,5602.0,6030,32768700
2008/08/06 12:00,5434.0,5602.0,5434.0,5602.0,121,659194
2008/08/09 12:00,5434.0,5602.0,5434.0,5602.0,6910,37550620
2008/08/10 12:00,5434.0,5597.0,5434.0,5597.0,187908,1021093702
2008/08/11 12:00,5430.0,5597.0,5430.0,5597.0,11098,60263810
2008/08/12 12:00,5430.0,5597.0,5430.0,5597.0,1847,10030880
2008/08/13 12:00,5430.0,5430.0,5430.0,5430.0,1270,6896100
2008/08/16 12:00,5268.0,5268.0,3197.0,5268.0,51175707,163714998289
2008/08/18 12:00,5110.0,5110.0,5110.0,5110.0,3227,16489970
2008/08/19 12:00,4957.0,4957.0,4957.0,4957.0,9220,45703540
2008/08/20 12:00,4809.0,4809.0,4809.0,4809.0,13758,66162222
2008/08/23 12:00,4665.0,4808.0,4665.0,4808.0,29835,139181705
2008/08/24 12:00,4664.0,4664.0,4664.0,4664.0,3636,16958304
2008/08/25 12:00,4525.0,4525.0,4525.0,4525.0,62874,284504850
2008/08/26 12:00,4390.0,4390.0,4390.0,4390.0,12339022,54168306580
2008/08/27 12:00,4259.0,4307.0,4259.0,4307.0,4004606,17055617434
2008/08/30 12:00,4178.0,4286.0,4178.0,4286.0,1018509,4255331682
2008/08/31 12:00,4158.0,4286.0,3197.0,4286.0,15099302,48295194541
2008/09/01 12:00,4158.0,4244.0,4158.0,4244.0,2068216,8599642988
2008/09/02 12:00,4117.0,4117.0,4117.0,4117.0,8392414,34551568438
2008/09/03 12:00,4050.0,4100.0,3994.0,4014.0,32810518,131707131077
2008/09/06 12:00,4050.0,4050.0,3894.0,3918.0,7179745,28131887545
2008/09/07 12:00,3801.0,3801.0,3801.0,3801.0,18985288,72163079688
2008/09/08 12:00,3701.0,3730.0,3687.0,3689.0,7663666,28276934120
2008/09/13 12:00,3197.0,3689.0,3197.0,3689.0,4206058,13446772346
2008/10/26 12:00,2200.0,2500.0,2101.0,2242.0,18805891,42174254218
2008/10/27 12:00,2309.0,2309.0,2265.0,2265.0,2283436,5269750213
2008/10/28 12:00,2332.0,2332.0,2270.0,2270.0,513331,1197087272
2008/10/29 12:00,2338.0,2338.0,2274.0,2274.0,347203,811759974
2008/11/01 12:00,2342.0,2342.0,2284.0,2284.0,928933,2175560506
2008/11/02 12:00,2352.0,2352.0,2290.0,2290.0,567740,1335323860
2008/11/03 12:00,2358.0,2358.0,2303.0,2303.0,1171614,2762665262
2008/11/04 12:00,2372.0,2372.0,2335.0,2371.0,24550601,58222565889
2008/11/05 12:00,2442.0,2442.0,2403.0,2441.0,7856015,19179322420
2008/11/08 12:00,2479.0,2497.0,2368.0,2392.0,17691718,42311029326
2008/11/09 12:00,2350.0,2357.0,2321.0,2321.0,15080798,35017472448
2008/11/10 12:00,2257.0,3197.0,2252.0,2291.0,32677258,101055942264
2008/11/11 12:00,2260.0,2301.0,2230.0,2281.0,4106443,9293751985
2008/11/12 12:00,2349.0,2349.0,2295.0,2295.0,1424695,3341235818
2008/11/15 12:00,2363.0,2363.0,2335.0,2362.0,6432097,15193600748
2008/11/16 12:00,2420.0,3197.0,2392.0,2405.0,49061554,153507167384
2008/11/17 12:00,2460.0,2477.0,2344.0,2441.0,9742739,23719370613
2008/11/18 12:00,2368.0,2433.0,2368.0,2433.0,724838,1716417034
2008/11/19 12:00,2361.0,2429.0,2361.0,2429.0,338012,798047012
2008/11/22 12:00,2357.0,2416.0,2357.0,2416.0,1144621,2697872287
2008/11/23 12:00,2344.0,3197.0,2344.0,2415.0,24826947,79311762191
2008/11/24 12:00,2343.0,2414.0,2343.0,2414.0,68916,161470898
2008/11/25 12:00,2342.0,2413.0,2342.0,2413.0,66654,156104378
2008/11/26 12:00,2341.0,2412.0,2341.0,2412.0,126348,295781378
2008/11/29 12:00,2340.0,3197.0,2340.0,2411.0,38410161,122693235343
2008/11/30 12:00,2339.0,2410.0,2339.0,2410.0,100010,233924100
2008/12/01 12:00,2338.0,2409.0,2338.0,2409.0,128676,300845198
2008/12/02 12:00,2337.0,2337.0,2337.0,2337.0,28553,66728361
2008/12/03 12:00,2267.0,2267.0,2267.0,2267.0,23652,53619084
2008/12/06 12:00,2199.0,2199.0,2199.0,2199.0,9974,21932826
2008/12/07 12:00,2134.0,2134.0,2134.0,2134.0,6000,12804000
2008/12/08 12:00,2070.0,2070.0,2070.0,2070.0,48901,101225070
2008/12/10 12:00,2008.0,2008.0,2008.0,2008.0,6338991,12728693928
2008/12/13 12:00,1948.0,2000.0,1948.0,1948.0,23379522,45545413681
2008/12/14 12:00,1901.0,1940.0,1890.0,1890.0,7434850,14057709080
2008/12/15 12:00,1851.0,1929.0,1835.0,1879.0,2980938,5564589662
2008/12/16 12:00,1862.0,1927.0,1862.0,1900.0,1611583,3086551489
2008/12/20 12:00,1907.0,1945.0,1907.0,1945.0,1797719,3473120143
2008/12/21 12:00,1957.0,1958.0,1950.0,1958.0,1710452,3349022816
2008/12/22 12:00,1973.0,1973.0,1973.0,1973.0,127741,252032993
2008/12/23 12:00,1974.0,1974.0,1974.0,1974.0,284531,561664194
2008/12/24 12:00,1977.0,1977.0,1977.0,1977.0,784277,1550515629
2008/12/27 12:00,1984.0,1984.0,1940.0,1984.0,24240389,48017639841
2008/12/28 12:00,2029.0,2029.0,1940.0,1957.0,929314,1823457641
2008/12/29 12:00,1919.0,1959.0,1919.0,1919.0,4468611,8620089852
2008/12/30 12:00,1919.0,1928.0,1897.0,1900.0,3167280,6065420507
2008/12/31 12:00,1915.0,1980.0,1892.0,1910.0,3703804,7050767538
2009/01/03 12:00,1929.0,1971.0,1920.0,1971.0,3585874,7048410617
2009/01/04 12:00,1997.0,2001.0,1989.0,1999.0,1149500,2298669391
2009/01/05 12:00,2011.0,2011.0,2000.0,2000.0,850604,1708573559
2009/01/10 12:00,2010.0,2018.0,1954.0,1954.0,3871454,7627872422
2009/01/11 12:00,1942.0,1966.0,1908.0,1921.0,1561626,3027983197
2009/01/12 12:00,1960.0,1960.0,1910.0,1921.0,530360,1018692520
2009/01/13 12:00,1920.0,1947.0,1902.0,1947.0,1062679,2029288887
2009/01/14 12:00,1929.0,1980.0,1924.0,1980.0,1384200,2711075048
2009/01/17 12:00,1977.0,1997.0,1953.0,1954.0,1947009,3868350987
2009/01/18 12:00,1980.0,1995.0,1978.0,1992.0,810076,1610759752
2009/01/19 12:00,1993.0,2023.0,1993.0,2023.0,763741,1541413641
2009/01/20 12:00,2030.0,2030.0,2030.0,2030.0,369255,749587650
2009/01/21 12:00,2033.0,2033.0,2033.0,2033.0,256034,520517122
2009/01/24 12:00,2035.0,2035.0,1971.0,2008.0,48081745,97594245937
2009/01/25 12:00,2029.0,2040.0,1983.0,1990.0,2462301,4939792470
2009/01/26 12:00,1980.0,2010.0,1969.0,1969.0,2426369,4827553590
2009/01/27 12:00,2007.0,2068.0,2000.0,2049.0,1567840,3190351147
2009/01/28 12:00,2037.0,2071.0,2030.0,2030.0,750261,1542033814
2009/01/31 12:00,2026.0,2070.0,2016.0,2037.0,3959110,8008952346
2009/02/01 12:00,2035.0,2058.0,2007.0,2007.0,2295002,4620334828
2009/02/02 12:00,2001.0,2001.0,1985.0,2000.0,2003361,4004265104
2009/02/03 12:00,2000.0,2000.0,1980.0,1988.0,592113,1175025575
2009/02/04 12:00,1990.0,1990.0,1955.0,1955.0,1056928,2084891837
2009/02/07 12:00,1968.0,1990.0,1960.0,1961.0,706712,1395825557
2009/02/08 12:00,1960.0,1960.0,1941.0,1941.0,3910587,7592513953
2009/02/09 12:00,1908.0,1927.0,1906.0,1911.0,547101,1045685869
2009/02/11 12:00,1917.0,1918.0,1905.0,1914.0,366283,699613749
2009/02/14 12:00,1901.0,1938.0,1898.0,1910.0,1024897,1953550870
2009/02/15 12:00,1900.0,1900.0,1890.0,1890.0,426530,806299171
2009/02/17 12:00,1886.0,1886.0,1886.0,1886.0,2001406,3774651716
2009/02/18 12:00,1869.0,1869.0,1869.0,1869.0,504867,943596423
2009/02/21 12:00,1864.0,1864.0,1864.0,1864.0,232140,432708960
2009/02/22 12:00,1862.0,1864.0,1862.0,1862.0,5210335,9701801770
2009/02/23 12:00,1816.0,1816.0,1816.0,1816.0,870253,1580379448
2009/02/25 12:00,1809.0,1809.0,1809.0,1809.0,41389,74872701
2009/02/28 12:00,1809.0,1809.0,1809.0,1809.0,99111,179291799
2009/03/01 12:00,1808.0,1808.0,1808.0,1808.0,624798,1129634784
2009/03/02 12:00,1803.0,1803.0,1803.0,1803.0,175720,316823160
2009/03/03 12:00,1801.0,1801.0,1801.0,1801.0,38647,69603247
2009/03/04 12:00,1801.0,1801.0,1801.0,1801.0,3554297,6401288897
2009/03/07 12:00,1771.0,1771.0,1771.0,1771.0,3558576,6302238096
2009/03/08 12:00,1742.0,1750.0,1742.0,1743.0,3757233,6546964630
2009/03/09 12:00,1770.0,1770.0,1712.0,1714.0,847381,1464462336
2009/03/10 12:00,1790.0,1811.0,1759.0,1790.0,1506646,2720521432
2009/03/11 12:00,1794.0,1819.0,1761.0,1819.0,449321,806446253
2009/03/14 12:00,1817.0,1825.0,1817.0,1825.0,907624,1656369412
2009/03/16 12:00,1833.0,1833.0,1828.0,1833.0,223189,409087237
2009/03/17 12:00,1835.0,1835.0,1835.0,1835.0,556929,1021964715
2009/03/18 12:00,1794.0,1800.0,1732.0,1770.0,1011596,1774016019
2009/03/25 12:00,1755.0,1806.0,1755.0,1806.0,243715,430073634
2009/03/28 12:00,1806.0,1806.0,1806.0,1806.0,118532,214068792
2009/03/29 12:00,1807.0,1807.0,1807.0,1807.0,295248,533513136
2009/03/30 12:00,1809.0,1809.0,1809.0,1809.0,282481,511008129
2009/03/31 12:00,1811.0,1811.0,1800.0,1810.0,1235850,2237348686
2009/04/04 12:00,1822.0,1822.0,1822.0,1822.0,171143,311822546
2009/04/05 12:00,1823.0,1823.0,1823.0,1823.0,84635,154289605
2009/04/06 12:00,1824.0,1824.0,1824.0,1824.0,526299,959969376
2009/04/07 12:00,1828.0,1828.0,1828.0,1828.0,557191,1018545148
2009/04/08 12:00,1833.0,1833.0,1833.0,1833.0,264082,484062306
2009/04/11 12:00,1835.0,1835.0,1835.0,1835.0,30692,56319820
2009/04/12 12:00,1835.0,1835.0,1835.0,1835.0,912092,1673688820
2009/04/13 12:00,1843.0,1843.0,1800.0,1810.0,2601161,4782894059
2009/04/14 12:00,1802.0,1830.0,1770.0,1798.0,652863,1173881862
2009/04/15 12:00,1801.0,1811.0,1780.0,1781.0,455277,816215076
2009/04/18 12:00,1800.0,1800.0,1754.0,1754.0,9219676,16281050563
2009/04/19 12:00,1790.0,1818.0,1775.0,1818.0,3133968,5693839249
2009/04/20 12:00,1844.0,1844.0,1844.0,1844.0,908001,1674353844
2009/04/21 12:00,1852.0,1852.0,1852.0,1852.0,48560,89933120
2009/04/22 12:00,1852.0,1852.0,1806.0,1842.0,1674153,3080043128
2009/04/25 12:00,1847.0,1847.0,1756.0,1800.0,1163156,2081096696
2009/04/26 12:00,1798.0,1820.0,1778.0,1805.0,1009201,1815162847
2009/04/27 12:00,1800.0,1801.0,1779.0,1779.0,815360,1460204898
2009/04/28 12:00,1799.0,1803.0,1760.0,1772.0,5914954,10641829696
2009/04/29 12:00,1790.0,1790.0,1763.0,1776.0,571927,1016249615
2009/05/02 12:00,1770.0,1798.0,1756.0,1779.0,645319,1137789303
2009/05/03 12:00,1779.0,1779.0,1741.0,1760.0,1358340,2382521788
2009/05/04 12:00,1750.0,1838.0,1735.0,1838.0,2080737,3759836863
2009/05/05 12:00,1845.0,1845.0,1845.0,1845.0,586112,1081376640
2009/05/06 12:00,1850.0,1850.0,1850.0,1850.0,49452,91486200
2009/05/09 12:00,1850.0,1850.0,1850.0,1850.0,77187,142795950
2009/05/10 12:00,1851.0,1851.0,1851.0,1851.0,135580,250958580
2009/05/11 12:00,1852.0,1852.0,1852.0,1852.0,2709097,5017247644
2009/05/12 12:00,1876.0,1876.0,1876.0,1876.0,2515005,4718149380
2009/05/13 12:00,1898.0,1898.0,1898.0,1898.0,2954338,5607333524
2009/05/16 12:00,1940.0,1940.0,1801.0,1906.0,7053500,13454470284
2009/05/17 12:00,1959.0,1959.0,1855.0,1900.0,5012489,9473523262
2009/05/18 12:00,1917.0,1917.0,1838.0,1838.0,2462168,4531965627
2009/05/19 12:00,1871.0,1929.0,1871.0,1874.0,1969515,3746544650
2009/05/20 12:00,1883.0,1935.0,1880.0,1896.0,1324885,2511906357
2009/05/23 12:00,1941.0,1941.0,1898.0,1909.0,1574071,3006809165
2009/05/24 12:00,1930.0,1940.0,1880.0,1889.0,6692340,12607557404
2009/05/25 12:00,1900.0,1900.0,1855.0,1874.0,11212616,20916597366
2009/05/26 12:00,1895.0,1895.0,1842.0,1862.0,23277384,43530139400
2009/05/27 12:00,1868.0,1924.0,1841.0,1923.0,1809850,3416449483
2009/05/30 12:00,1910.0,1912.0,1860.0,1880.0,3388959,6367947727
2009/05/31 12:00,1882.0,1910.0,1865.0,1900.0,8457775,15915460843
2009/06/01 12:00,1928.0,1938.0,1890.0,1938.0,29855571,56817725842
2009/06/02 12:00,1960.0,1960.0,1960.0,1960.0,2887355,5659215800
2009/06/03 12:00,1986.0,1986.0,1986.0,1986.0,9365525,18599932650
2009/06/06 12:00,2045.0,2045.0,2009.0,2045.0,45028304,92080076321
2009/06/07 12:00,2100.0,2106.0,2045.0,2106.0,54450733,112619748590
2009/06/08 12:00,2120.0,2130.0,2100.0,2130.0,4426340,9405809014
2009/06/09 12:00,2171.0,2171.0,2171.0,2171.0,1426650,3097257150
2009/06/10 12:00,2185.0,2185.0,2185.0,2185.0,3390211,7407611035
2009/06/13 12:00,2169.0,2220.0,2100.0,2142.0,19189087,41974902483
2009/06/14 12:00,2127.0,2164.0,2122.0,2122.0,22498389,47748793361
2009/06/23 12:00,1699.0,1750.0,1661.0,1662.0,15236944,25832263208
2009/06/24 12:00,1694.0,1697.0,1645.0,1645.0,2004220,3328902588
2009/06/27 12:00,1634.0,1634.0,1634.0,1634.0,303429,495802986
2009/06/28 12:00,1632.0,1632.0,1632.0,1632.0,141435,230821920
2009/06/29 12:00,1631.0,1631.0,1631.0,1631.0,119199,194413569
2009/06/30 12:00,1630.0,1630.0,1630.0,1630.0,284910,464403300
2009/07/01 12:00,1628.0,1628.0,1628.0,1628.0,5353967,8716258276
2009/07/04 12:00,1587.0,1587.0,1587.0,1587.0,5964072,9464982264
2009/07/05 12:00,1543.0,1613.0,1543.0,1610.0,29690819,46188493803
2009/07/07 12:00,1602.0,1602.0,1602.0,1602.0,3978507,6373568214
2009/07/11 12:00,1603.0,1617.0,1550.0,1569.0,12457812,19597245950
2009/07/12 12:00,1578.0,1579.0,1526.0,1526.0,8668889,13251292615
2009/07/13 12:00,1543.0,1543.0,1484.0,1500.0,5017785,7509328364
2009/07/14 12:00,1505.0,1539.0,1473.0,1508.0,8162902,12222109654
2009/07/15 12:00,1520.0,1541.0,1496.0,1541.0,6649509,10172812354
2009/07/18 12:00,1568.0,1575.0,1560.0,1575.0,1623278,2555857991
2009/07/19 12:00,1587.0,1587.0,1587.0,1587.0,2636328,4183852536
2009/07/21 12:00,1606.0,1606.0,1606.0,1606.0,4008096,6437002176
2009/07/22 12:00,1618.0,1635.0,1579.0,1600.0,7474107,12051498101
2009/07/25 12:00,1610.0,1612.0,1595.0,1612.0,1723433,2760717231
2009/07/26 12:00,1600.0,1600.0,1563.0,1570.0,2497511,3943841757
2009/07/27 12:00,1556.0,1573.0,1550.0,1570.0,6674326,10349016249
2009/07/28 12:00,1550.0,1579.0,1506.0,1579.0,4175226,6416998925
2009/07/29 12:00,1550.0,1588.0,1550.0,1588.0,1794766,2838358839
2009/08/01 12:00,1599.0,1599.0,1581.0,1599.0,4939066,7896336870
2009/08/02 12:00,1636.0,1636.0,1636.0,1636.0,3720186,6086224296
2009/08/03 12:00,1665.0,1665.0,1602.0,1602.0,15842662,26265137746
2009/08/04 12:00,1628.0,1641.0,1609.0,1610.0,3580073,5804662594
2009/08/05 12:00,1623.0,1686.0,1623.0,1686.0,4929741,8278836046
2009/08/08 12:00,1720.0,1720.0,1720.0,1720.0,1852599,3186470280
2009/08/09 12:00,1735.0,1735.0,1735.0,1735.0,2621970,4549117950
2009/08/10 12:00,1757.0,1757.0,1757.0,1757.0,19941569,35037336733
2009/08/11 12:00,1809.0,1809.0,1809.0,1809.0,3005748,5437398132
2009/08/12 12:00,1835.0,1835.0,1835.0,1835.0,1479918,2715649530
2009/08/15 12:00,1847.0,1847.0,1847.0,1847.0,3257512,6016624664
2009/08/16 12:00,1875.0,1875.0,1875.0,1875.0,3649441,6842701875
2009/08/17 12:00,1907.0,1907.0,1907.0,1907.0,2990834,5703520438
2009/08/18 12:00,1934.0,1934.0,1878.0,1934.0,47165484,91116674159
2009/08/19 12:00,1948.0,1955.0,1882.0,1890.0,7325706,14065236369
2009/08/22 12:00,1970.0,1977.0,1950.0,1977.0,4392924,8675764276
2009/08/23 12:00,2016.0,2016.0,2016.0,2016.0,4245531,8558990496
2009/08/24 12:00,2056.0,2056.0,2056.0,2056.0,3029090,6227809040
2009/08/25 12:00,2085.0,2085.0,2085.0,2085.0,3802411,7928026935
2009/08/26 12:00,2122.0,2122.0,2122.0,2122.0,2377032,5044061904
2009/08/29 12:00,2146.0,2146.0,2022.0,2050.0,36344526,76767805790
2009/08/30 12:00,2079.0,2079.0,2049.0,2049.0,2677845,5490311434
2009/08/31 12:00,2024.0,2079.0,2024.0,2024.0,23362664,47378104459
2009/09/01 12:00,2020.0,2088.0,2012.0,2080.0,18753686,38995515967
2009/09/02 12:00,2090.0,2118.0,2051.0,2079.0,9102570,18952890434
2009/09/05 12:00,2080.0,2096.0,2020.0,2020.0,11516772,23383447992
2009/09/06 12:00,2021.0,2040.0,1970.0,1970.0,10283264,20352269586
2009/09/07 12:00,1923.0,2030.0,1920.0,2020.0,13763683,27039732606
2009/09/08 12:00,2023.0,2023.0,2023.0,2023.0,4831462,9774047626
2009/09/09 12:00,2069.0,2069.0,2069.0,2069.0,1658412,3431254428
2009/09/13 12:00,2085.0,2085.0,2085.0,2085.0,3431527,7154733795
2009/09/14 12:00,2119.0,2119.0,2088.0,2117.0,42457911,89924050040
2009/09/19 12:00,2119.0,2120.0,2061.0,2090.0,2430677,5080996578
2009/09/21 12:00,2107.0,2167.0,2073.0,2083.0,5632460,11867067969
2009/09/22 12:00,2083.0,2170.0,2083.0,2170.0,18871830,40845965205
2009/09/23 12:00,2197.0,2228.0,2190.0,2228.0,12593172,28003438054
2009/09/26 12:00,2206.0,2270.0,2158.0,2180.0,13828388,30538486562
2009/09/27 12:00,2189.0,2189.0,2142.0,2142.0,8995792,19312324413
2009/09/28 12:00,2090.0,2139.0,2083.0,2083.0,6581281,13763301562
2009/09/29 12:00,2060.0,2147.0,2060.0,2120.0,6324901,13328998374
2009/09/30 12:00,2100.0,2148.0,2050.0,2073.0,11902124,24752749496
2009/10/03 12:00,2142.0,2142.0,2136.0,2142.0,12636625,27066981494
2009/10/04 12:00,2206.0,2206.0,2170.0,2206.0,45586064,100444095293
2009/10/05 12:00,2200.0,2230.0,2155.0,2155.0,14525370,31658865890
2009/10/06 12:00,2178.0,2178.0,2115.0,2132.0,14073992,30019228057
2009/10/07 12:00,2158.0,2190.0,2150.0,2170.0,7746576,16833400473
2009/10/10 12:00,2183.0,2183.0,2108.0,2108.0,9148945,19440498544
2009/10/11 12:00,2099.0,2099.0,2062.0,2062.0,3727005,7693179294
2009/10/12 12:00,2027.0,2027.0,2027.0,2027.0,317485,643542095
2009/10/13 12:00,2024.0,2062.0,2024.0,2030.0,21765356,44089760593
2009/10/17 12:00,2054.0,2054.0,1966.0,1967.0,15567278,30691933555
2009/10/18 12:00,1930.0,2000.0,1914.0,1951.0,5998683,11726679308
2009/10/19 12:00,1988.0,2014.0,1987.0,2014.0,7549335,15199994096
2009/10/20 12:00,2073.0,2073.0,2039.0,2073.0,14657331,30375878345
2009/10/21 12:00,2133.0,2134.0,2060.0,2069.0,12841585,27202415378
2009/10/24 12:00,2099.0,2120.0,2055.0,2060.0,5533676,11487910117
2009/10/25 12:00,2070.0,2070.0,2020.0,2025.0,6627898,13466040891
2009/10/26 12:00,2026.0,2065.0,2020.0,2020.0,3420262,6956489941
2009/10/27 12:00,2033.0,2089.0,2030.0,2041.0,4694017,9676987332
2009/10/28 12:00,2060.0,2082.0,2026.0,2053.0,5317873,10906957248
2009/10/31 12:00,2050.0,2058.0,1990.0,1990.0,6678316,13458401622
2009/11/01 12:00,1975.0,1997.0,1955.0,1955.0,9612086,18860057278
2009/11/02 12:00,1950.0,1955.0,1904.0,1904.0,14399772,27446245535
2009/11/03 12:00,1880.0,1940.0,1852.0,1913.0,6283461,11901551840
2009/11/04 12:00,1949.0,1950.0,1920.0,1950.0,6276848,12232768716
2009/12/15 12:00,1749.0,1749.0,1624.0,1651.0,19901653,33396052298
2009/12/16 12:00,1635.0,1690.0,1620.0,1620.0,9319561,15193899033
2009/12/19 12:00,1573.0,1662.0,1573.0,1648.0,9035189,14377192209
2009/12/20 12:00,1646.0,1646.0,1646.0,1646.0,3057281,5032284526
2009/12/21 12:00,1682.0,1682.0,1670.0,1682.0,21585734,36298403503
2009/12/22 12:00,1700.0,1719.0,1625.0,1660.0,6595430,11099288266
2009/12/23 12:00,1656.0,1700.0,1627.0,1671.0,4091733,6828359698
2009/12/28 12:00,1681.0,1681.0,1613.0,1613.0,3308041,5359651620
2009/12/29 12:00,1595.0,1627.0,1595.0,1627.0,2457130,3943807887
2009/12/30 12:00,1617.0,1676.0,1616.0,1655.0,3029604,5031383882
2010/01/02 12:00,1690.0,1703.0,1690.0,1703.0,4830598,8225866364
2010/01/03 12:00,1762.0,1762.0,1714.0,1720.0,21987690,38683863389
2010/01/04 12:00,1720.0,1780.0,1700.0,1750.0,4372311,7602860891
2010/01/05 12:00,1751.0,1800.0,1751.0,1800.0,15014701,27007110274
2010/01/06 12:00,1800.0,1861.0,1800.0,1861.0,17792573,33064414087
2010/01/09 12:00,1923.0,1923.0,1923.0,1923.0,858367,1650639741
2010/01/10 12:00,1935.0,1935.0,1870.0,1909.0,38543262,74333968934
2010/01/11 12:00,1910.0,1996.0,1903.0,1996.0,23574833,46775803412
2010/01/12 12:00,2007.0,2038.0,1929.0,1950.0,10853296,21342415109
2010/01/13 12:00,1940.0,1960.0,1902.0,1931.0,6121902,11818259748
2010/01/16 12:00,1933.0,1980.0,1911.0,1915.0,9502692,18432910206
2010/01/17 12:00,1969.0,1969.0,1900.0,1911.0,11626510,22368292891
2010/01/18 12:00,1930.0,1938.0,1880.0,1880.0,4615110,8791130270
2010/01/19 12:00,1895.0,1920.0,1870.0,1917.0,4535939,8592457586
2010/01/20 12:00,1919.0,1935.0,1900.0,1919.0,7271525,13879926979
2010/01/26 12:00,1982.0,2006.0,1938.0,1957.0,18286051,35802180394
2010/01/27 12:00,1940.0,1949.0,1920.0,1930.0,4755187,9194253288
2010/01/30 12:00,1867.0,1889.0,1867.0,1867.0,21030169,39273808145
2010/01/31 12:00,1829.0,1870.0,1829.0,1859.0,2952205,5483931591
2010/02/01 12:00,1841.0,1926.0,1839.0,1926.0,3229445,6114009143
2010/02/02 12:00,1948.0,1948.0,1911.0,1916.0,11602071,22570429851
2010/02/03 12:00,1940.0,1989.0,1940.0,1959.0,5392805,10553926303
2010/02/06 12:00,1926.0,1926.0,1897.0,1906.0,3141101,5974269466
2010/02/07 12:00,1900.0,1910.0,1892.0,1892.0,2986610,5671209397
2010/02/08 12:00,1899.0,1899.0,1863.0,1863.0,2389613,4488586994
2010/02/09 12:00,1870.0,1898.0,1860.0,1870.0,2082556,3906334610
2010/02/10 12:00,1880.0,1930.0,1880.0,1892.0,7228331,13742138263
2010/02/14 12:00,1929.0,1967.0,1929.0,1967.0,5309215,10351410914
2010/02/16 12:00,1980.0,2010.0,1953.0,1970.0,4802770,9537535644
2010/02/17 12:00,1950.0,1960.0,1938.0,1948.0,2558796,4992164076
2010/02/20 12:00,1949.0,1990.0,1946.0,1980.0,7674226,15087616202
2010/02/21 12:00,1980.0,2034.0,1976.0,2034.0,4985179,10044277296
2010/02/22 12:00,2085.0,2085.0,2043.0,2085.0,32991611,68725711522
2010/02/23 12:00,2121.0,2155.0,2101.0,2140.0,22485175,48117756110
2010/02/24 12:00,2119.0,2129.0,2080.0,2111.0,6838201,14364109976
2010/02/27 12:00,2090.0,2090.0,2043.0,2050.0,4404431,9094884834
2010/02/28 12:00,2050.0,2100.0,2050.0,2072.0,3498786,7237180710
2010/03/01 12:00,2085.0,2093.0,2052.0,2065.0,5211609,10794049054
2010/03/02 12:00,2080.0,2143.0,2080.0,2100.0,10072273,21400997558
2010/03/03 12:00,2113.0,2145.0,2110.0,2115.0,13714406,29164147791
2010/03/06 12:00,2170.0,2201.0,2161.0,2183.0,13504064,29573012865
2010/03/07 12:00,2189.0,2189.0,2158.0,2172.0,5836266,12690452998
2010/03/08 12:00,2175.0,2220.0,2171.0,2220.0,11623456,25507945699
2010/03/09 12:00,2222.0,2271.0,2222.0,2271.0,10826279,24563075601
2010/03/10 12:00,2290.0,2320.0,2223.0,2240.0,13108913,29721615626
2010/03/13 12:00,2261.0,2319.0,2241.0,2310.0,11757753,26976594049
2010/03/14 12:00,2302.0,2343.0,2300.0,2315.0,9791891,22714084992
2010/03/15 12:00,2339.0,2339.0,2265.0,2280.0,9800541,22500706189
2010/03/16 12:00,2216.0,2287.0,2216.0,2216.0,9234365,20483198867
2010/03/17 12:00,2170.0,2295.0,2170.0,2249.0,11786466,26555658065
2010/03/27 12:00,2331.0,2331.0,2331.0,2331.0,152340,355104540
2010/03/28 12:00,2334.0,2334.0,2334.0,2334.0,6049,14118366
2010/03/29 12:00,2334.0,2334.0,2334.0,2334.0,1329783,3103713522
2010/03/30 12:00,2357.0,2357.0,2357.0,2357.0,58654,138247478
2010/03/31 12:00,2358.0,2358.0,2358.0,2358.0,400000,943200000
2010/04/03 12:00,2366.0,2366.0,2366.0,2366.0,1036768,2452993088
2010/04/04 12:00,2383.0,2383.0,2383.0,2383.0,55284140,131742105620
2010/04/05 12:00,2466.0,2466.0,2466.0,2466.0,2202410,5431143060
2010/04/06 12:00,2506.0,2506.0,2506.0,2506.0,2662345,6671836570
2010/04/07 12:00,2555.0,2555.0,2555.0,2555.0,7162389,18299903895
2010/04/10 12:00,2644.0,2644.0,2644.0,2644.0,2731853,7223019332
2010/04/11 12:00,2697.0,2697.0,2697.0,2697.0,945432,2549830104
2010/04/12 12:00,2715.0,2715.0,2715.0,2715.0,2598587,7055163705
2010/04/13 12:00,2767.0,2767.0,2767.0,2767.0,5227428,14464293276
2010/04/14 12:00,2863.0,2863.0,2760.0,2863.0,167801382,478910462950
2010/04/17 12:00,2800.0,2859.0,2755.0,2761.0,33899285,93885311553
2010/04/18 12:00,2797.0,2866.0,2791.0,2866.0,23415608,66692600667
2010/04/19 12:00,2947.0,2947.0,2947.0,2947.0,4347417,12811837899
2010/04/20 12:00,3030.0,3041.0,2900.0,2997.0,45972425,137983028158
2010/04/21 12:00,2941.0,2950.0,2896.0,2940.0,27093587,78829141343
2010/04/24 12:00,2809.0,2809.0,2809.0,2809.0,7818565,21962349085
2010/04/25 12:00,2712.0,2786.0,2711.0,2711.0,26056953,70784700504
2010/04/26 12:00,2660.0,2750.0,2660.0,2711.0,20760817,56312524648
2010/04/27 12:00,2716.0,2730.0,2618.0,2622.0,16226066,42812391496
2010/04/28 12:00,2581.0,2618.0,2546.0,2546.0,12688272,32419916380
2010/05/01 12:00,2560.0,2644.0,2560.0,2644.0,6839472,18043683003
2010/05/02 12:00,2700.0,2720.0,2600.0,2670.0,9517098,25348035550
2010/05/03 12:00,2670.0,2670.0,2570.0,2570.0,9164074,23616286870
2010/05/04 12:00,2551.0,2580.0,2487.0,2500.0,7524416,18912524562
2010/05/05 12:00,2488.0,2488.0,2426.0,2426.0,9705925,23560912890
2010/05/08 12:00,2343.0,2343.0,2343.0,2343.0,3109741,7286123163
2010/05/09 12:00,2340.0,2455.0,2340.0,2455.0,11667253,28144784453
2010/05/10 12:00,2496.0,2496.0,2496.0,2496.0,4394006,10967438976
2010/05/11 12:00,2577.0,2577.0,2486.0,2530.0,18346525,46985360055
2010/05/12 12:00,2485.0,2500.0,2472.0,2472.0,2808034,6951413753
2010/05/15 12:00,2423.0,2520.0,2423.0,2520.0,24136134,58983003610
2010/05/16 12:00,2490.0,2526.0,2431.0,2505.0,5015766,12536459838
2010/05/18 12:00,2519.0,2519.0,2412.0,2432.0,5690101,13874025264
2010/05/19 12:00,2420.0,2500.0,2390.0,2488.0,9336267,22985304212
2010/05/25 12:00,2480.0,2517.0,2450.0,2477.0,20543303,51051704733
2010/05/26 12:00,2480.0,2480.0,2399.0,2399.0,7806472,18787895603
2010/05/29 12:00,2400.0,2490.0,2380.0,2394.0,2870330,6935121593
2010/05/30 12:00,2400.0,2410.0,2334.0,2348.0,2292418,5415427655
2010/05/31 12:00,2380.0,2380.0,2307.0,2320.0,3292311,7693533093
2010/06/01 12:00,2340.0,2400.0,2340.0,2397.0,23473249,56179543969
2010/06/02 12:00,2399.0,2400.0,2350.0,2389.0,2077131,4952365616
2010/06/06 12:00,2378.0,2378.0,2306.0,2306.0,5019394,11588880667
2010/06/07 12:00,2300.0,2300.0,2232.0,2260.0,3898605,8772293546
2010/06/08 12:00,2250.0,2258.0,2211.0,2223.0,1855960,4143225744
2010/06/09 12:00,2250.0,2257.0,2210.0,2239.0,2642301,5905016224
2010/06/12 12:00,2249.0,2320.0,2231.0,2295.0,5431881,12488648182
2010/06/13 12:00,2320.0,2378.0,2320.0,2338.0,3462869,8163643307
2010/06/14 12:00,2360.0,2422.0,2360.0,2398.0,4433910,10628193512
2010/06/15 12:00,2434.0,2440.0,2360.0,2378.0,3514373,8514480487
2010/06/16 12:00,2360.0,2399.0,2342.0,2342.0,3436685,8139737534
2010/06/19 12:00,2340.0,2374.0,2305.0,2305.0,1701846,3985901571
2010/06/20 12:00,2367.0,2367.0,2289.0,2301.0,2518887,5820993787
2010/06/21 12:00,2310.0,2317.0,2294.0,2311.0,1467982,3381613497
2010/06/22 12:00,2325.0,2396.0,2324.0,2328.0,5289691,12373658891
2010/06/23 12:00,2364.0,2364.0,2306.0,2335.0,2171224,5076391482
2010/06/28 12:00,2399.0,2445.0,2373.0,2395.0,2445567,5860877537
2010/06/29 12:00,2380.0,2445.0,2380.0,2440.0,5377651,12974203585
2010/06/30 12:00,2439.0,2450.0,2399.0,2399.0,31109696,75159415275
2010/07/07 12:00,2066.0,2115.0,2050.0,2083.0,25801110,53549581711
2010/07/11 12:00,2101.0,2158.0,2091.0,2158.0,6681831,14320605789
2010/07/12 12:00,2180.0,2220.0,2110.0,2120.0,8486006,18421134519
2010/07/13 12:00,2141.0,2148.0,2103.0,2130.0,15816998,33640868496
2010/07/14 12:00,2129.0,2153.0,2125.0,2140.0,55586329,118359929949
2010/07/17 12:00,2140.0,2192.0,2125.0,2154.0,25347598,54158216654
2010/07/18 12:00,2161.0,2170.0,2137.0,2145.0,3809028,8182774676
2010/07/19 12:00,2160.0,2166.0,2140.0,2151.0,4563252,9814313433
2010/07/20 12:00,2159.0,2165.0,2140.0,2140.0,4117283,8867381987
2010/07/21 12:00,2150.0,2230.0,2150.0,2180.0,9088567,19880228922
2010/07/24 12:00,2250.0,2274.0,2241.0,2274.0,14165491,32164435409
2010/07/25 12:00,2328.0,2358.0,2300.0,2351.0,40398663,94101829389
2010/07/26 12:00,2360.0,2379.0,2290.0,2300.0,10892722,25291769213
2010/07/28 12:00,2349.0,2370.0,2300.0,2349.0,6619858,15486634361
2010/07/31 12:00,2363.0,2432.0,2363.0,2418.0,7082764,17080201493
2010/08/01 12:00,2413.0,2499.0,2413.0,2468.0,22105504,54345641485
2010/08/02 12:00,2550.0,2556.0,2531.0,2556.0,10426096,26628230870
2010/08/03 12:00,2656.0,2656.0,2590.0,2592.0,23384438,61657729609
2010/08/04 12:00,2600.0,2700.0,2580.0,2629.0,16597088,43810314741
2010/08/07 12:00,2602.0,2710.0,2602.0,2653.0,11177249,30053259776
2010/08/08 12:00,2671.0,2690.0,2610.0,2633.0,12295814,32681293224
2010/08/09 12:00,2620.0,2636.0,2552.0,2552.0,10294157,26503293118
2010/08/10 12:00,2520.0,2619.0,2520.0,2580.0,10045162,25864299975
2010/08/11 12:00,2591.0,2629.0,2576.0,2579.0,12528825,32596069163
2010/08/14 12:00,2583.0,2583.0,2498.0,2498.0,4077836,10226937819
2010/08/15 12:00,2431.0,2520.0,2430.0,2439.0,5661717,13847217266
2010/08/16 12:00,2432.0,2543.0,2432.0,2543.0,3860118,9764067260
2010/08/17 12:00,2597.0,2600.0,2564.0,2570.0,3713426,9579992651
2010/08/18 12:00,2590.0,2620.0,2570.0,2590.0,17790334,46099680106
2010/08/21 12:00,2544.0,2590.0,2510.0,2510.0,2512191,6361153789
2010/08/22 12:00,2524.0,2530.0,2480.0,2510.0,2047927,5147707112
2010/08/23 12:00,2570.0,2641.0,2570.0,2637.0,6097488,15972623810
2010/08/24 12:00,2639.0,2650.0,2581.0,2650.0,7267479,19026290160
2010/08/25 12:00,2620.0,2680.0,2600.0,2630.0,7434108,19692989543
2010/08/28 12:00,2640.0,2700.0,2630.0,2694.0,4464210,11940555414
2010/08/29 12:00,2700.0,2779.0,2699.0,2779.0,13941422,38501862316
2010/08/30 12:00,2839.0,2872.0,2763.0,2770.0,18074914,51528946946
2010/08/31 12:00,2805.0,2900.0,2799.0,2869.0,15006467,42611712032
2010/09/04 12:00,2915.0,2953.0,2915.0,2953.0,20544788,60627169707
2010/09/05 12:00,3001.0,3069.0,2974.0,2998.0,36744193,111376600516
2010/09/06 12:00,3152.0,3152.0,3050.0,3065.0,26039709,81220481406
2010/09/07 12:00,3040.0,3099.0,2995.0,2995.0,24261024,72878757757
2010/09/08 12:00,2930.0,3017.0,2900.0,2966.0,8424538,25057491822
2010/09/12 12:00,2913.0,2960.0,2899.0,2925.0,5231943,15336208164
2010/09/13 12:00,2911.0,2913.0,2814.0,2820.0,17487690,49475167306
2010/09/14 12:00,2830.0,2884.0,2773.0,2799.0,5264085,14746691126
2010/09/15 12:00,2810.0,2828.0,2773.0,2790.0,4969602,13857012509
2010/09/18 12:00,2777.0,2799.0,2731.0,2750.0,2849048,7894501019
2010/09/19 12:00,2774.0,2780.0,2667.0,2690.0,7971443,21455465755
2010/09/20 12:00,2689.0,2690.0,2621.0,2690.0,4529388,12004000960
2010/09/21 12:00,2679.0,2758.0,2640.0,2758.0,3954197,10837761564
2010/09/22 12:00,2835.0,2835.0,2800.0,2824.0,9120985,25787456173
2010/09/25 12:00,2800.0,2849.0,2759.0,2800.0,5428464,15239996350
2010/09/26 12:00,2800.0,2819.0,2695.0,2730.0,5998795,16247398434
2010/09/27 12:00,2690.0,2710.0,2661.0,2710.0,2413626,6463621145
2010/09/28 12:00,2698.0,2720.0,2670.0,2684.0,5017800,13530808749
2010/09/29 12:00,2700.0,2750.0,2681.0,2714.0,5403265,14687087372
2010/10/02 12:00,2710.0,2750.0,2671.0,2703.0,10530826,28478297375
2010/10/03 12:00,2662.0,2730.0,2662.0,2700.0,7494048,20236049947
2010/10/05 12:00,2700.0,2719.0,2700.0,2701.0,3581224,9683340842
2010/10/06 12:00,2701.0,2714.0,2680.0,2680.0,2201628,5936628921
2010/10/09 12:00,2700.0,2789.0,2700.0,2750.0,6372968,17502217191
2010/10/10 12:00,2750.0,2800.0,2675.0,2679.0,7527308,20680664519
2010/10/11 12:00,2695.0,2737.0,2680.0,2691.0,4683800,12679098069
2010/10/12 12:00,2698.0,2730.0,2599.0,2599.0,9412355,24546935141
2010/10/13 12:00,2510.0,2511.0,2504.0,2504.0,4019641,10068318034
2010/10/16 12:00,2450.0,2594.0,2437.0,2545.0,1919828,4817124235
2010/10/17 12:00,2559.0,2600.0,2501.0,2580.0,1008659,2603691631
2010/10/18 12:00,2601.0,2631.0,2591.0,2617.0,3222299,8467507199
2010/10/19 12:00,2601.0,2670.0,2500.0,2500.0,2380336,6143231538
2010/10/20 12:00,2580.0,2580.0,2500.0,2532.0,587194,1479605953
2010/10/23 12:00,2560.0,2650.0,2550.0,2580.0,1232323,3225291647
2010/10/26 12:00,2598.0,2598.0,2525.0,2530.0,760199,1928620380
2010/10/27 12:00,2530.0,2600.0,2513.0,2590.0,5790668,14729844221
2010/10/30 12:00,2580.0,2625.0,2574.0,2610.0,1370034,3564151091
2010/10/31 12:00,2562.0,2619.0,2501.0,2521.0,663794,1683490283
2010/11/01 12:00,2550.0,2550.0,2470.0,2490.0,659256,1652650912
2010/11/02 12:00,2500.0,2550.0,2449.0,2500.0,1800025,4470329059
2010/11/03 12:00,2549.0,2549.0,2471.0,2503.0,4475921,11322442738
2010/11/06 12:00,2540.0,2590.0,2530.0,2550.0,2028595,5189357228
2010/11/07 12:00,2540.0,2540.0,2481.0,2500.0,1039834,2599088200
2010/11/08 12:00,2476.0,2489.0,2461.0,2470.0,1340537,3309852179
2010/11/09 12:00,2499.0,2529.0,2474.0,2510.0,1076067,2686520388
2010/11/10 12:00,2510.0,2510.0,2494.0,2500.0,977312,2445235304
2010/11/13 12:00,2500.0,2519.0,2472.0,2499.0,876589,2176074807
2010/11/16 12:00,2500.0,2500.0,2451.0,2460.0,2139101,5319998679
2010/11/20 12:00,2461.0,2487.0,2424.0,2440.0,9212959,22800817820
2010/11/21 12:00,2440.0,2500.0,2430.0,2489.0,5627295,14030417318
2010/11/22 12:00,2490.0,2568.0,2490.0,2508.0,22333229,56272390660
2010/11/23 12:00,2520.0,2550.0,2501.0,2548.0,996828,2504299206
2010/11/24 12:00,2500.0,2560.0,2500.0,2542.0,5899605,14946841904
2010/11/27 12:00,2557.0,2634.0,2555.0,2560.0,2580318,6682862009
2011/01/26 12:00,2666.0,2666.0,2666.0,2666.0,76919,205066054
2011/01/29 12:00,2668.0,2668.0,2668.0,2668.0,75987,202733316
2011/01/30 12:00,2670.0,2670.0,2670.0,2670.0,84434,225438780
2011/01/31 12:00,2672.0,2672.0,2672.0,2672.0,9100580,24316749760
2011/02/01 12:00,2778.0,2778.0,2778.0,2778.0,12100284,33614588952
2011/02/05 12:00,3000.0,3120.0,3000.0,3120.0,61609211,192219760920
2011/02/06 12:00,3244.0,3244.0,3190.0,3244.0,125114401,405530743660
2011/02/19 12:00,2200.0,2240.0,2172.0,2190.0,26174531,57690119717
2011/02/20 12:00,2194.0,2194.0,2140.0,2150.0,13789877,29851064516
2011/02/22 12:00,2140.0,2158.0,2100.0,2129.0,11989484,25662806358
2011/02/23 12:00,2152.0,2225.0,2149.0,2225.0,24454283,53323348534
2011/02/26 12:00,2268.0,2268.0,2220.0,2268.0,18760603,42517133508
2011/02/27 12:00,2356.0,2356.0,2320.0,2330.0,30858299,72371695200
2011/02/28 12:00,2340.0,2340.0,2252.0,2252.0,7485814,17020030633
2011/03/01 12:00,2248.0,2248.0,2189.0,2190.0,3700492,8190894597
2011/03/02 12:00,2228.0,2316.0,2228.0,2269.0,8583188,19582261922
2011/03/05 12:00,2317.0,2338.0,2280.0,2280.0,6986855,16123563925
2011/03/06 12:00,2310.0,2354.0,2300.0,2300.0,3862921,8964717915
2011/03/07 12:00,2303.0,2330.0,2284.0,2296.0,89697529,208274278298
2011/03/08 12:00,2310.0,2310.0,2295.0,2300.0,18522707,42608747583
2011/03/09 12:00,2301.0,2350.0,2301.0,2330.0,5407756,12620523135
2011/03/12 12:00,2344.0,2344.0,2301.0,2320.0,3435226,7969037573
2011/03/13 12:00,2320.0,2399.0,2320.0,2360.0,6191058,14680632005
2011/03/14 12:00,2400.0,2465.0,2400.0,2465.0,15146973,37326309814
2011/03/15 12:00,2550.0,2562.0,2521.0,2561.0,26689305,68147077973
2011/03/16 12:00,2571.0,2655.0,2531.0,2655.0,16300612,43095234941
2011/03/19 12:00,2728.0,2749.0,2681.0,2720.0,10970339,29868231236
2011/03/26 12:00,2760.0,2831.0,2760.0,2831.0,18317793,51813213809
2011/03/27 12:00,2942.0,2942.0,2845.0,2860.0,14158400,41257850943
2011/03/28 12:00,2867.0,2940.0,2865.0,2881.0,12250055,35508810678
2011/03/29 12:00,2900.0,2960.0,2860.0,2890.0,11384626,33150432023
2011/03/30 12:00,2898.0,2903.0,2796.0,2796.0,14803080,41611563196
2011/04/03 12:00,2801.0,2846.0,2716.0,2800.0,11168587,30794624229
2011/04/04 12:00,2840.0,2867.0,2840.0,2867.0,5587364,16006253387
2011/04/05 12:00,2979.0,2979.0,2870.0,2913.0,23257347,68581494371
2011/04/06 12:00,2950.0,3066.0,2916.0,3066.0,21320485,64158223383
2011/04/09 12:00,3129.0,3129.0,2970.0,3041.0,24784735,76799932799
2011/04/10 12:00,3050.0,3065.0,2976.0,2976.0,5600526,16787663721
2011/04/11 12:00,2940.0,3050.0,2879.0,2879.0,10416697,30472248221
2011/04/12 12:00,2902.0,3000.0,2841.0,2860.0,7355733,21309326426
2011/04/13 12:00,2885.0,2889.0,2820.0,2872.0,6224823,17733069932
2011/04/16 12:00,2905.0,2950.0,2880.0,2899.0,6627752,19371382143
2011/04/17 12:00,2950.0,2950.0,2819.0,2840.0,4042205,11504471448
2011/04/18 12:00,2880.0,2880.0,2780.0,2796.0,4547033,12767289971
2011/04/19 12:00,2815.0,2860.0,2703.0,2770.0,4035502,11059488596
2011/04/20 12:00,2740.0,2861.0,2740.0,2839.0,5214572,14841438507
2011/04/23 12:00,2880.0,2880.0,2783.0,2850.0,4242600,12005062145
2011/04/24 12:00,2840.0,2895.0,2780.0,2780.0,6220655,17585256478
2011/04/25 12:00,2870.0,2870.0,2716.0,2730.0,5839926,15996336412
2011/04/26 12:00,2760.0,2765.0,2711.0,2728.0,3960637,10823110116
2011/04/27 12:00,2765.0,2765.0,2631.0,2738.0,3972456,10764661389
2011/04/30 12:00,2680.0,2700.0,2606.0,2606.0,5448499,14238989571
2011/05/01 12:00,2509.0,2715.0,2509.0,2660.0,17137217,44011982149
2011/05/02 12:00,2670.0,2670.0,2670.0,2670.0,3173789,8474016630
2011/05/03 12:00,2741.0,2741.0,2741.0,2741.0,5481732,15025427412
2011/05/04 12:00,2850.0,2850.0,2850.0,2850.0,4204335,11982354750
2011/05/08 12:00,2860.0,2860.0,2732.0,2750.0,12742467,35476744741
2011/05/09 12:00,2829.0,2895.0,2823.0,2895.0,33240474,96150304828
2011/05/10 12:00,3007.0,3008.0,2933.0,2944.0,39065951,117253044639
2011/05/11 12:00,2944.0,2986.0,2900.0,2940.0,6318987,18520084425
2011/05/14 12:00,2910.0,2910.0,2880.0,2882.0,1253512,3627714548
2011/05/15 12:00,2895.0,2905.0,2855.0,2896.0,5820333,16736168626
2011/05/16 12:00,2949.0,2984.0,2870.0,2921.0,4963766,14433956248
2011/05/17 12:00,2950.0,2980.0,2906.0,2925.0,3091862,9083496163
2011/05/18 12:00,2935.0,3044.0,2935.0,3044.0,17782106,53595308710
2011/05/21 12:00,3050.0,3134.0,3031.0,3134.0,59208761,185060858816
2011/05/22 12:00,3134.0,3179.0,3072.0,3170.0,40403453,126887034298
2011/05/23 12:00,3102.0,3250.0,3070.0,3213.0,82310326,264802440088
2011/05/24 12:00,3209.0,3250.0,3104.0,3111.0,12790058,40580913317
2011/05/25 12:00,3111.0,3111.0,3047.0,3047.0,17003871,51915350892
2011/05/28 12:00,3030.0,3165.0,2931.0,2932.0,18874382,56346769915
2011/05/29 12:00,2960.0,2965.0,2866.0,2866.0,10498647,30152235976
2011/05/30 12:00,2880.0,2986.0,2880.0,2986.0,11631246,34629083046
2011/05/31 12:00,3088.0,3096.0,3062.0,3096.0,18215871,56354162730
2011/06/01 12:00,3099.0,3120.0,3052.0,3060.0,14836739,45660660422
2011/06/06 12:00,3120.0,3201.0,3119.0,3150.0,13208088,41941623573
2011/06/07 12:00,3150.0,3197.0,3061.0,3197.0,5101831,15816896413
2011/06/08 12:00,3100.0,3224.0,3020.0,3224.0,36126007,115461106716
2011/06/11 12:00,3270.0,3295.0,3125.0,3140.0,11806771,37627910274
2011/06/12 12:00,3110.0,3199.0,3090.0,3170.0,4461374,14139647340
2011/06/13 12:00,3168.0,3250.0,3150.0,3190.0,13684828,43847119365
2011/06/14 12:00,3200.0,3230.0,3076.0,3076.0,17819499,55274478596
2011/06/15 12:00,3070.0,3105.0,2978.0,3060.0,21441036,64645243470
2011/06/18 12:00,3071.0,3135.0,3071.0,3135.0,15525723,48423580587
2011/06/19 12:00,3136.0,3190.0,3083.0,3100.0,8660008,26965055645
2011/06/20 12:00,3100.0,3109.0,3071.0,3090.0,4476833,13851303397
2011/06/21 12:00,3099.0,3158.0,3087.0,3091.0,3042476,9499744269
2011/06/22 12:00,3107.0,3139.0,3080.0,3088.0,2283655,7066478661
2011/06/25 12:00,3081.0,3149.0,3021.0,3021.0,2539681,7785845928
2011/06/26 12:00,3010.0,3050.0,2969.0,2969.0,10706275,31858886552
2011/06/27 12:00,2890.0,2900.0,2857.0,2858.0,17414029,49819320461
2011/06/28 12:00,2871.0,2959.0,2867.0,2900.0,9515117,27567826536
2011/06/29 12:00,2964.0,3012.0,2940.0,3012.0,6054259,18184898104
2011/07/02 12:00,3065.0,3090.0,3020.0,3050.0,7741672,23706322466
2011/07/03 12:00,3066.0,3099.0,2980.0,3010.0,12473274,37791001233
2011/07/04 12:00,3010.0,3049.0,2980.0,2980.0,3086158,9264270933
2011/07/05 12:00,3030.0,3068.0,2955.0,2979.0,4798381,14367412299
2011/07/06 12:00,2970.0,3018.0,2952.0,2960.0,3202836,9565989479
2011/07/09 12:00,2990.0,3013.0,2910.0,2935.0,1440649,4241356030
2011/07/10 12:00,3030.0,3106.0,3000.0,3049.0,8276919,25258376177
2011/07/11 12:00,3041.0,3051.0,3000.0,3048.0,2699038,8172235322
2011/07/12 12:00,3025.0,3038.0,2995.0,3010.0,2469096,7417104642
2011/07/13 12:00,3003.0,3020.0,3000.0,3012.0,5232596,15732667129
2011/07/16 12:00,3020.0,3040.0,3010.0,3030.0,11755688,35592772923
2011/07/25 12:00,2821.0,2879.0,2821.0,2827.0,9013578,25570931811
2011/07/26 12:00,2842.0,2950.0,2833.0,2929.0,17231525,50364355239
2011/07/27 12:00,2920.0,2945.0,2863.0,2869.0,6269650,18167565604
2011/07/30 12:00,2884.0,2911.0,2831.0,2852.0,4837203,13846124715
2011/07/31 12:00,2863.0,2863.0,2783.0,2800.0,16181189,45534048444
2011/08/01 12:00,2835.0,2910.0,2830.0,2900.0,51914680,150826765669
2011/08/02 12:00,2930.0,2959.0,2885.0,2898.0,9624495,27996387904
2011/08/03 12:00,2905.0,2978.0,2905.0,2945.0,15935982,47013762456
2011/08/06 12:00,2878.0,2888.0,2832.0,2864.0,8534224,24321573566
2011/08/07 12:00,2888.0,2893.0,2850.0,2850.0,4337077,12459291550
2011/08/08 12:00,2840.0,2887.0,2797.0,2839.0,9160970,25899425290
2011/08/09 12:00,2800.0,2809.0,2714.0,2800.0,16993746,46489386924
2011/08/10 12:00,2810.0,2845.0,2803.0,2845.0,6313804,17925062739
2011/08/13 12:00,2840.0,2850.0,2810.0,2830.0,4928609,13929063047
2011/08/14 12:00,2840.0,2841.0,2791.0,2799.0,5821856,16390717284
2011/08/15 12:00,2801.0,2839.0,2775.0,2790.0,4459476,12447657168
2011/08/16 12:00,2800.0,2818.0,2770.0,2780.0,5850207,16308520286
2011/08/17 12:00,2799.0,2902.0,2789.0,2890.0,25632457,74001553884
2011/08/20 12:00,2902.0,2950.0,2851.0,2881.0,9079971,26323388057
2011/08/21 12:00,2900.0,2920.0,2863.0,2900.0,7091198,20576451066
2011/08/23 12:00,2910.0,3005.0,2902.0,2992.0,12035439,35677429590
2011/08/24 12:00,3028.0,3068.0,2960.0,2960.0,4954818,14927191893
2011/08/27 12:00,3031.0,3060.0,2971.0,2985.0,4575492,13800693786
2011/08/28 12:00,2986.0,2987.0,2920.0,2923.0,4039600,11893287217
2011/08/29 12:00,2945.0,3094.0,2945.0,3094.0,55303034,169929650880
2011/08/30 12:00,3128.0,3195.0,3107.0,3195.0,87856305,280173556376
2011/09/03 12:00,3190.0,3250.0,3112.0,3200.0,14940090,47777987460
2011/09/04 12:00,3200.0,3240.0,3150.0,3170.0,8116104,25914564900
2011/09/05 12:00,3175.0,3270.0,3151.0,3204.0,7850764,25217138103
2011/09/06 12:00,3227.0,3320.0,3176.0,3290.0,17186331,56174797877
2011/09/07 12:00,3300.0,3399.0,3291.0,3399.0,111031790,375865638397
2011/09/10 12:00,3400.0,3476.0,3390.0,3400.0,9095135,31109117230
2011/09/11 12:00,3410.0,3449.0,3383.0,3414.0,21046794,71686134640
2011/09/12 12:00,3357.0,3428.0,3357.0,3410.0,30116141,102122441289
2011/09/13 12:00,3390.0,3392.0,3266.0,3281.0,13598489,45076795391
2011/09/14 12:00,3280.0,3300.0,3208.0,3250.0,7421829,24078256611
2011/09/17 12:00,3229.0,3309.0,3229.0,3250.0,34726889,112984276337
2011/09/18 12:00,3250.0,3300.0,3240.0,3261.0,12789346,41683091167
2011/09/19 12:00,3268.0,3282.0,3245.0,3256.0,3594351,11735407968
2011/09/20 12:00,3272.0,3274.0,3250.0,3260.0,4411881,14388417384
2011/09/21 12:00,3250.0,3274.0,3220.0,3240.0,4594104,14959070391
2011/09/25 12:00,3137.0,3179.0,3129.0,3160.0,9283637,29074748686
2011/09/26 12:00,3120.0,3150.0,3060.0,3125.0,6103189,18917923542
2011/09/27 12:00,3151.0,3219.0,3151.0,3180.0,6300035,20186152509
2011/09/28 12:00,3200.0,3200.0,3172.0,3179.0,1740236,5542500191
2011/10/01 12:00,3180.0,3188.0,3132.0,3160.0,2278705,7222876538
2011/10/02 12:00,3180.0,3186.0,3137.0,3146.0,2626729,8273655885
2011/10/03 12:00,3140.0,3160.0,3101.0,3117.0,2610603,8168575622
2011/10/04 12:00,3140.0,3150.0,3112.0,3117.0,2018211,6322407752
2011/10/05 12:00,3139.0,3161.0,3120.0,3128.0,2550069,7994710321
2011/10/08 12:00,3156.0,3198.0,3120.0,3130.0,5999594,18817204366
2011/10/09 12:00,3130.0,3137.0,3099.0,3100.0,6069486,18890253195
2011/10/10 12:00,3100.0,3130.0,3100.0,3125.0,6274353,19536941993
2011/10/11 12:00,3125.0,3189.0,3125.0,3150.0,50337815,158647460033
2011/10/12 12:00,3159.0,3180.0,3110.0,3120.0,4866232,15273025406
2011/10/15 12:00,3120.0,3129.0,3075.0,3089.0,3040118,9402310035
2011/10/16 12:00,3090.0,3090.0,3000.0,3000.0,7460102,22545428932
2011/10/17 12:00,2950.0,3050.0,2950.0,3029.0,4533241,13618532079
2011/10/18 12:00,3030.0,3048.0,3000.0,3022.0,2374203,7175946904
2011/10/19 12:00,3033.0,3069.0,3004.0,3029.0,2682523,8117444991
2011/10/22 12:00,3000.0,3020.0,2940.0,2950.0,5835647,17374380946
2011/10/23 12:00,2950.0,2997.0,2930.0,2940.0,5658849,16716519274
2011/10/24 12:00,2940.0,2940.0,2872.0,2882.0,3617451,10453664846
2011/10/25 12:00,2913.0,2980.0,2913.0,2940.0,2277027,6695392210
2011/10/26 12:00,2935.0,2945.0,2892.0,2892.0,3207483,9354292026
2011/10/29 12:00,2940.0,2940.0,2870.0,2880.0,3753885,10859878695
2011/10/30 12:00,2898.0,2898.0,2860.0,2880.0,3524171,10145066789
2011/10/31 12:00,2889.0,2913.0,2870.0,2870.0,3488166,10072170601
2011/11/01 12:00,2884.0,2884.0,2864.0,2883.0,3744026,10751554535
2011/11/02 12:00,2911.0,2911.0,2840.0,2840.0,4206321,12081741603
2011/11/05 12:00,2861.0,2861.0,2762.0,2790.0,4388221,12256132767
2011/11/06 12:00,2751.0,2769.0,2716.0,2750.0,3574093,9780460708
2011/11/08 12:00,2700.0,2730.0,2682.0,2700.0,4207594,11336849640
2011/11/09 12:00,2750.0,2839.0,2740.0,2820.0,4249434,11874222047
2011/11/12 12:00,2845.0,2860.0,2780.0,2780.0,2044947,5765366585
2011/11/13 12:00,2797.0,2797.0,2720.0,2744.0,2707435,7466984430
2011/11/14 12:00,2744.0,2789.0,2741.0,2750.0,1751303,4846954331
2011/11/16 12:00,2773.0,2798.0,2740.0,2774.0,1966205,5431694416
2011/11/19 12:00,2770.0,2849.0,2750.0,2770.0,2822661,7866342397
2011/11/20 12:00,2790.0,2790.0,2734.0,2750.0,3889536,10707045180
2011/11/21 12:00,2788.0,2788.0,2730.0,2733.0,1484744,4058542598
2011/11/22 12:00,2720.0,2798.0,2648.0,2648.0,11425488,30661221849
2011/11/23 12:00,2605.0,2648.0,2582.0,2586.0,4206740,10915215537
2011/11/26 12:00,2600.0,2648.0,2581.0,2590.0,2617507,6818394487
2011/11/27 12:00,2599.0,2599.0,2520.0,2520.0,8205300,20708837858
2011/11/28 12:00,2500.0,2560.0,2444.0,2543.0,12798242,32230572442
2011/11/29 12:00,2530.0,2618.0,2530.0,2599.0,4188230,10918635921
2011/11/30 12:00,2560.0,2575.0,2490.0,2574.0,3619047,9247202877
2011/12/03 12:00,2599.0,2630.0,2560.0,2595.0,3235335,8386624781
2011/12/04 12:00,2600.0,2676.0,2600.0,2676.0,10778981,28751791946
2011/12/07 12:00,2730.0,2767.0,2691.0,2708.0,8163996,22295159380
2011/12/10 12:00,2780.0,2780.0,2623.0,2630.0,4616147,12351536302
2011/12/11 12:00,2670.0,2670.0,2596.0,2599.0,3898803,10138098066
2011/12/12 12:00,2619.0,2619.0,2580.0,2600.0,3207516,8329295140
2011/12/13 12:00,2600.0,2649.0,2570.0,2580.0,2216439,5791651719
2011/12/14 12:00,2600.0,2611.0,2584.0,2609.0,4184479,10884962393
2011/12/17 12:00,2600.0,2600.0,2556.0,2560.0,2171105,5594800166
2011/12/18 12:00,2576.0,2649.0,2575.0,2617.0,4281149,11190157828
2011/12/19 12:00,2628.0,2633.0,2582.0,2584.0,3469169,9022289913
2011/12/20 12:00,2600.0,2604.0,2580.0,2595.0,3167355,8211374110
2011/12/21 12:00,2585.0,2604.0,2575.0,2600.0,2293805,5941977517
2011/12/24 12:00,2580.0,2600.0,2550.0,2550.0,6015341,15439062835
2011/12/25 12:00,2580.0,2580.0,2551.0,2577.0,3330191,8557173850
2011/12/26 12:00,2573.0,2594.0,2551.0,2590.0,1621461,4164750967
2011/12/27 12:00,2562.0,2580.0,2530.0,2550.0,2839587,7267652137
2011/12/28 12:00,2552.0,2600.0,2550.0,2550.0,4217177,10805361523
2011/12/31 12:00,2560.0,2660.0,2549.0,2630.0,16715394,43330424544
2012/01/01 12:00,2695.0,2695.0,2620.0,2636.0,9616994,25721360270
2012/01/02 12:00,2650.0,2680.0,2600.0,2640.0,3311272,8721075331
2012/01/03 12:00,2655.0,2763.0,2653.0,2763.0,10579032,29001185891
2012/01/04 12:00,2751.0,2849.0,2751.0,2810.0,13446272,37900031896
2012/01/07 12:00,2812.0,2850.0,2740.0,2760.0,4963725,13942834759
2012/01/08 12:00,2780.0,2840.0,2750.0,2800.0,4531668,12696335404
2012/01/09 12:00,2800.0,2918.0,2781.0,2895.0,14696789,42667136799
2012/01/10 12:00,2921.0,2970.0,2880.0,2880.0,3787001,11052896271
2012/01/11 12:00,2866.0,2930.0,2860.0,2903.0,5516236,16010276560
2012/01/15 12:00,2914.0,3021.0,2914.0,3021.0,16926605,50962604062
2012/01/16 12:00,3069.0,3126.0,3060.0,3080.0,10833343,33526882893
2012/01/17 12:00,3073.0,3099.0,2981.0,3001.0,8089455,24326923627
2012/01/18 12:00,2981.0,3078.0,2917.0,3047.0,7154924,21733641428
2012/01/21 12:00,3059.0,3100.0,3024.0,3043.0,3306164,10117956168
2012/01/23 12:00,3015.0,3057.0,2950.0,2995.0,8487884,25305111839
2012/01/25 12:00,2990.0,3005.0,2950.0,2963.0,8230350,24395612703
2012/01/28 12:00,3050.0,3079.0,3000.0,3040.0,5544880,16807003994
2012/01/29 12:00,3021.0,3021.0,2961.0,2972.0,3126717,9357704881
2012/01/30 12:00,2999.0,3001.0,2980.0,2988.0,2147290,6414668407
2012/01/31 12:00,3040.0,3118.0,3000.0,3050.0,11378325,34976551254
2012/02/01 12:00,3096.0,3096.0,3020.0,3050.0,2991414,9110640279
2012/02/04 12:00,3030.0,3050.0,2988.0,2990.0,4928093,14839246181
2012/02/05 12:00,2981.0,2981.0,2912.0,2931.0,3956316,11618036568
2012/02/06 12:00,2921.0,2940.0,2881.0,2915.0,2665044,7778773692
2012/02/07 12:00,2900.0,2900.0,2871.0,2872.0,2935415,8456977152
2012/02/08 12:00,2880.0,2945.0,2860.0,2940.0,2213881,6408071332
2012/02/12 12:00,2920.0,2938.0,2872.0,2888.0,2890894,8384626585
2012/02/13 12:00,2899.0,2900.0,2863.0,2865.0,1720149,4953237333
2012/02/14 12:00,2860.0,2875.0,2790.0,2790.0,6033069,16881453554
2012/02/15 12:00,2789.0,2850.0,2730.0,2850.0,2845153,7920806415
2012/02/21 12:00,2768.0,2768.0,2661.0,2725.0,1139903,3102338666
2012/02/22 12:00,2700.0,2711.0,2650.0,2700.0,6036765,16129091386
2012/02/25 12:00,2686.0,2690.0,2656.0,2670.0,2446661,6520021385
2012/02/26 12:00,2650.0,2748.0,2649.0,2712.0,2481181,6748632377
2012/02/27 12:00,2749.0,2798.0,2744.0,2798.0,1856445,5178175144
2012/02/28 12:00,2823.0,2823.0,2817.0,2823.0,8417061,23758649883
2012/02/29 12:00,2850.0,2898.0,2818.0,2823.0,58628939,165736636099
2012/03/03 12:00,2833.0,2895.0,2833.0,2849.0,2639996,7534674851
2012/03/04 12:00,2869.0,2869.0,2802.0,2840.0,1146898,3252081312
2012/03/05 12:00,2821.0,2868.0,2783.0,2820.0,1188235,3345733985
2012/03/06 12:00,2800.0,2830.0,2772.0,2773.0,2500465,7005623981
2012/03/07 12:00,2850.0,2934.0,2850.0,2883.0,3621107,10512008873
2012/03/10 12:00,2916.0,2918.0,2850.0,2910.0,2615698,7571970038
2012/03/11 12:00,2886.0,2986.0,2886.0,2960.0,10368043,30775099055
2012/03/12 12:00,2970.0,2970.0,2850.0,2877.0,5509282,15940410962
2012/03/13 12:00,2804.0,2937.0,2799.0,2920.0,3031055,8640733703
2012/03/14 12:00,2919.0,2998.0,2919.0,2960.0,2518664,7449017319
2012/03/17 12:00,2945.0,2965.0,2926.0,2949.0,6225480,18357875429
2012/03/18 12:00,2931.0,3009.0,2931.0,3000.0,4421421,13210021528
2012/03/24 12:00,3000.0,3086.0,3000.0,3086.0,1362977,4200884419
2012/03/25 12:00,3107.0,3107.0,3015.0,3107.0,20618237,63915083881
2012/03/26 12:00,3107.0,3107.0,3000.0,3090.0,4372115,13403737742
2012/03/27 12:00,3082.0,3150.0,3082.0,3140.0,4562281,14280711543
2012/03/28 12:00,3140.0,3170.0,3100.0,3145.0,2403686,7517113079
2012/04/02 12:00,3090.0,3150.0,3049.0,3050.0,1616812,4986215257
2012/04/03 12:00,3040.0,3050.0,2989.0,3005.0,2440265,7343121204
2012/04/04 12:00,2990.0,3075.0,2990.0,3049.0,1358733,4130943328
2012/04/07 12:00,3005.0,3050.0,3005.0,3017.0,1635542,4942875548
2012/04/08 12:00,3020.0,3140.0,3020.0,3099.0,7176831,22265824100
2012/04/09 12:00,3064.0,3182.0,3064.0,3139.0,7980770,25098814174
2012/04/10 12:00,3150.0,3270.0,3150.0,3249.0,18226526,59284251843
2012/04/11 12:00,3251.0,3269.0,3190.0,3250.0,4728417,15333293191
2012/04/14 12:00,3185.0,3364.0,3185.0,3309.0,8860947,29329053446
2012/04/15 12:00,3442.0,3442.0,3365.0,3380.0,19915446,68147338265
2012/04/16 12:00,3355.0,3355.0,3286.0,3322.0,7589666,25037077385
2012/04/17 12:00,3301.0,3320.0,3210.0,3312.0,2950037,9692063795
2012/04/18 12:00,3300.0,3378.0,3300.0,3319.0,2626717,8749753479
2012/04/21 12:00,3345.0,3345.0,3185.0,3212.0,3095427,10088710727
2012/04/22 12:00,3249.0,3249.0,3187.0,3200.0,3886332,12451955881
2012/04/23 12:00,3200.0,3200.0,3151.0,3191.0,3158411,10045173030
2012/04/24 12:00,3180.0,3250.0,3170.0,3216.0,2752417,8827083406
2012/04/28 12:00,3213.0,3230.0,3149.0,3149.0,3255546,10332136015
2012/04/29 12:00,3150.0,3150.0,3071.0,3120.0,15428891,47537295079
2012/04/30 12:00,3065.0,3134.0,3065.0,3130.0,4241001,13186387018
2012/05/01 12:00,3102.0,3128.0,3095.0,3096.0,5618957,17489464495
2012/05/02 12:00,3060.0,3100.0,3060.0,3099.0,17823644,54911647328
2012/05/05 12:00,3099.0,3099.0,3057.0,3059.0,2244806,6887585493
2012/05/06 12:00,3060.0,3150.0,3060.0,3085.0,4089026,12707941010
2012/05/07 12:00,3061.0,3078.0,3057.0,3070.0,2622160,8035395180
2012/05/08 12:00,3080.0,3080.0,3051.0,3073.0,1463239,4486780807
2012/05/09 12:00,3071.0,3080.0,3021.0,3040.0,3562116,10835992412
2012/05/12 12:00,3056.0,3056.0,2941.0,2941.0,2840812,8404496668
2012/05/13 12:00,2921.0,2987.0,2906.0,2934.0,2527098,7420673104
2012/05/14 12:00,2950.0,3000.0,2950.0,2980.0,3723028,11108330294
2012/05/15 12:00,3000.0,3030.0,2946.0,2969.0,1874550,5555343629
2012/05/16 12:00,2997.0,2997.0,2930.0,2930.0,898559,2651705505
2012/05/19 12:00,2950.0,2950.0,2891.0,2910.0,919369,2670011919
2012/05/20 12:00,2910.0,2940.0,2890.0,2910.0,1152206,3355684878
2012/05/21 12:00,2920.0,2997.0,2900.0,2997.0,1018577,3015850807
2012/05/22 12:00,3000.0,3040.0,2999.0,3010.0,1863177,5620462603
2012/05/23 12:00,3047.0,3080.0,3041.0,3050.0,1561740,4781462658
2012/05/26 12:00,3000.0,3000.0,2897.0,2934.0,1508696,4414228146
2012/05/27 12:00,2944.0,2968.0,2932.0,2958.0,1235516,3646697283
2012/05/28 12:00,2950.0,2960.0,2889.0,2890.0,2432036,7074087470
2012/05/29 12:00,2900.0,2906.0,2888.0,2890.0,1386920,4010004652
2012/05/30 12:00,2885.0,2901.0,2873.0,2873.0,2069932,5986891714
2012/06/02 12:00,2890.0,2890.0,2850.0,2850.0,1363244,3903245240
2012/06/05 12:00,2856.0,2870.0,2810.0,2840.0,740828,2099385596
2012/06/06 12:00,2830.0,2839.0,2820.0,2830.0,910940,2574358356
2012/06/09 12:00,2822.0,2822.0,2784.0,2784.0,845467,2361727878
2012/06/10 12:00,2772.0,2820.0,2772.0,2782.0,4094499,11433562359
2012/06/11 12:00,2828.0,2870.0,2820.0,2866.0,48365061,137255814016
2012/06/12 12:00,2860.0,2860.0,2791.0,2791.0,904313,2544016956
2012/06/13 12:00,2800.0,2850.0,2792.0,2835.0,10435084,29624806875
2012/06/16 12:00,2830.0,2835.0,2796.0,2800.0,1141973,3212251884
2012/06/17 12:00,2800.0,2810.0,2755.0,2777.0,1200357,3327435534
2012/06/19 12:00,2757.0,2800.0,2757.0,2780.0,985160,2751903490
2012/06/20 12:00,2790.0,2790.0,2709.0,2709.0,2814069,7639215039
2012/06/23 12:00,2671.0,2671.0,2671.0,2671.0,458410,1224413110
2012/06/24 12:00,2664.0,2680.0,2664.0,2664.0,10856112,28926524837
2012/06/25 12:00,2565.0,2660.0,2559.0,2559.0,2815592,7235281429
2012/06/26 12:00,2525.0,2527.0,2525.0,2525.0,1385197,3497732425
2012/06/27 12:00,2507.0,2508.0,2507.0,2507.0,16387602,41083738214
2012/06/30 12:00,2557.0,2597.0,2470.0,2504.0,3416489,8651140360
2012/07/01 12:00,2525.0,2525.0,2475.0,2486.0,1510448,3758364701
2012/07/02 12:00,2520.0,2540.0,2490.0,2510.0,47888997,121031318752
2012/07/03 12:00,2530.0,2548.0,2494.0,2500.0,4143499,10381580013
2012/07/04 12:00,2519.0,2528.0,2488.0,2515.0,5612272,14093588583
2012/07/07 12:00,2534.0,2534.0,2495.0,2504.0,3644446,9122958664
2012/07/08 12:00,2500.0,2500.0,2408.0,2408.0,13280468,32054085914
2012/07/09 12:00,2425.0,2425.0,2358.0,2401.0,2948542,7029349779
2012/07/10 12:00,2400.0,2450.0,2396.0,2400.0,7202207,17370993471
2012/07/11 12:00,2446.0,2446.0,2400.0,2408.0,6154742,14853639581
2012/07/14 12:00,2431.0,2459.0,2425.0,2451.0,2998011,7316297174
2012/08/01 12:00,2130.0,2135.0,2126.0,2130.0,11507905,24512723888
2012/08/04 12:00,2120.0,2120.0,2045.0,2045.0,5138024,10573305511
2012/08/05 12:00,1999.0,2037.0,1999.0,1999.0,7216051,14424974615
2012/08/06 12:00,1946.0,2058.0,1935.0,1941.0,6283112,12485418765
2012/08/07 12:00,1965.0,1969.0,1912.0,1915.0,2410583,4622383907
2012/08/08 12:00,1929.0,1954.0,1895.0,1934.0,2994028,5781569260
2012/08/11 12:00,1960.0,2032.0,1960.0,2032.0,4183610,8454396712
2012/08/12 12:00,2058.0,2058.0,1951.0,1982.0,1612962,3224070511
2012/08/13 12:00,2000.0,2029.0,1977.0,2024.0,1116079,2246062826
2012/08/14 12:00,2039.0,2074.0,2032.0,2074.0,4261304,8812875360
2012/08/15 12:00,2116.0,2116.0,2116.0,2116.0,410692,869024272
2012/08/18 12:00,2120.0,2120.0,2120.0,2120.0,93043,197251160
2012/08/21 12:00,2121.0,2121.0,2121.0,2121.0,236896,502456416
2012/08/22 12:00,2123.0,2123.0,2123.0,2123.0,411239,873060397
2012/08/25 12:00,2127.0,2127.0,2127.0,2127.0,131775,280285425
2012/08/26 12:00,2210.0,2298.0,2210.0,2220.0,18895817,42182857225
2012/08/27 12:00,2229.0,2248.0,2158.0,2239.0,3290918,7247089583
2012/09/02 12:00,2240.0,2307.0,2211.0,2307.0,10945411,25056169837
2012/09/03 12:00,2345.0,2380.0,2320.0,2380.0,29221944,69472965950
2012/09/04 12:00,2400.0,2472.0,2380.0,2472.0,32040758,78794821624
2012/09/05 12:00,2500.0,2529.0,2421.0,2455.0,9883881,24425308581
2012/09/08 12:00,2457.0,2522.0,2431.0,2450.0,9133615,22674187163
2012/09/09 12:00,2448.0,2478.0,2383.0,2429.0,9491040,22742386078
2012/09/10 12:00,2393.0,2491.0,2393.0,2491.0,20392385,50300372701
2012/09/11 12:00,2502.0,2530.0,2420.0,2420.0,7093799,17578069900
2012/09/15 12:00,2500.0,2576.0,2481.0,2555.0,11617227,29723937260
2012/09/16 12:00,2557.0,2600.0,2490.0,2547.0,3638600,9210909996
2012/09/17 12:00,2500.0,2598.0,2500.0,2540.0,5726483,14655155666
2012/09/18 12:00,2550.0,2590.0,2500.0,2510.0,4304599,10894877078
2012/09/19 12:00,2508.0,2549.0,2460.0,2469.0,5310293,13221085814
2012/09/22 12:00,2470.0,2606.0,2470.0,2606.0,21596603,56078314188
2012/09/23 12:00,2690.0,2700.0,2586.0,2680.0,17403845,46250261924
2012/09/24 12:00,2621.0,2700.0,2588.0,2670.0,6704904,17747892881
2012/09/25 12:00,2651.0,2729.0,2642.0,2691.0,17317124,46465455988
2012/09/26 12:00,2735.0,2790.0,2730.0,2790.0,17921694,49962970456
2012/09/29 12:00,2899.0,2899.0,2862.0,2899.0,24890309,72155109635
2012/09/30 12:00,3014.0,3014.0,2862.0,2926.0,32184553,95898238038
2012/10/01 12:00,2930.0,2980.0,2861.0,2861.0,14254058,41437227697
2012/10/02 12:00,2851.0,3020.0,2799.0,2999.0,29467609,85890700615
2012/10/03 12:00,3031.0,3031.0,2971.0,2974.0,44360056,134381824250
2012/10/06 12:00,3020.0,3069.0,2960.0,2998.0,15023088,45245567071
2012/10/07 12:00,3030.0,3132.0,3016.0,3100.0,26233023,80894368280
2012/10/08 12:00,3130.0,3197.0,3110.0,3186.0,14179511,44893962229
2012/10/09 12:00,3233.0,3245.0,3112.0,3130.0,9762991,30974012188
2012/10/10 12:00,3101.0,3101.0,3047.0,3055.0,15357552,46993487969
2012/10/13 12:00,3039.0,3039.0,2938.0,2938.0,6563929,19432650546
2012/10/14 12:00,2911.0,3090.0,2883.0,3065.0,17517899,52828080823
2012/10/15 12:00,3086.0,3136.0,3076.0,3100.0,19274999,60251641290
2012/10/16 12:00,3100.0,3200.0,3091.0,3114.0,16780143,52955409617
2012/10/17 12:00,3123.0,3280.0,3101.0,3267.0,29384570,93737983885
2012/10/22 12:00,3781.0,3820.0,3691.0,3735.0,79095495,296279734565
2012/10/23 12:00,3740.0,3790.0,3621.0,3691.0,26462618,98059925037
2012/10/24 12:00,3676.0,3848.0,3670.0,3790.0,29981039,112488307984
2012/10/27 12:00,3802.0,3894.0,3792.0,3823.0,21047064,81080186410
2012/10/28 12:00,3859.0,3859.0,3738.0,3754.0,15481359,58429496193
2012/10/29 12:00,3745.0,3750.0,3670.0,3702.0,17394623,64481961068
2012/10/30 12:00,3683.0,3790.0,3640.0,3660.0,24970059,92343228884
2012/10/31 12:00,3639.0,3640.0,3555.0,3600.0,22302046,80129201842
2012/11/04 12:00,3590.0,3649.0,3520.0,3550.0,12572818,44995770113
2012/11/05 12:00,3520.0,3520.0,3436.0,3436.0,21829919,75059710748
2012/11/06 12:00,3410.0,3560.0,3410.0,3526.0,12865310,45113603029
2012/11/07 12:00,3599.0,3647.0,3550.0,3647.0,24120300,87228568419
2012/11/10 12:00,3650.0,3650.0,3530.0,3559.0,9398520,33662616757
2012/11/11 12:00,3566.0,3581.0,3470.0,3480.0,4484830,15707227356
2012/11/12 12:00,3479.0,3539.0,3400.0,3480.0,6618830,23022789661
2012/11/13 12:00,3480.0,3588.0,3480.0,3530.0,7127959,25274582053
2012/11/14 12:00,3552.0,3670.0,3552.0,3589.0,12081923,43701558369
2012/11/17 12:00,3580.0,3580.0,3481.0,3481.0,9300002,32583714736
2012/11/18 12:00,3480.0,3520.0,3440.0,3466.0,5102913,17795642869
2012/11/19 12:00,3485.0,3485.0,3381.0,3391.0,6739661,22924240274
2012/11/20 12:00,3380.0,3495.0,3333.0,3420.0,5210516,17675928557
2012/11/21 12:00,3429.0,3500.0,3425.0,3450.0,2535256,8730241386
2012/11/26 12:00,3500.0,3550.0,3452.0,3550.0,4466318,15775066243
2012/11/27 12:00,3619.0,3621.0,3582.0,3621.0,5766289,20866478980
2012/11/28 12:00,3640.0,3725.0,3600.0,3660.0,22072695,81430694429
2012/12/01 12:00,3661.0,3798.0,3658.0,3764.0,14322958,53557669780
2012/12/02 12:00,3772.0,3875.0,3741.0,3790.0,22968001,88001825557
2012/12/03 12:00,3800.0,3831.0,3731.0,3780.0,31421963,119543687759
2012/12/04 12:00,3830.0,3900.0,3820.0,3840.0,23964462,92342679739
2012/12/05 12:00,3850.0,4007.0,3850.0,4007.0,32876728,130822554092
2012/12/08 12:00,4138.0,4138.0,4073.0,4090.0,43365928,179343997703
2012/12/09 12:00,4099.0,4250.0,4085.0,4198.0,28345352,117636786581
2012/12/10 12:00,4250.0,4316.0,4210.0,4239.0,23252596,99435123349
2012/12/11 12:00,4255.0,4299.0,4192.0,4200.0,14359720,60912646784
2012/12/12 12:00,4189.0,4189.0,4140.0,4186.0,22959399,95738632991
2012/12/15 12:00,4200.0,4295.0,4190.0,4209.0,9648790,40636918359
2012/12/16 12:00,4230.0,4380.0,4212.0,4380.0,22790040,98770033590
2012/12/17 12:00,4485.0,4507.0,4471.0,4507.0,13508635,60772577433
2012/12/18 12:00,4678.0,4678.0,4603.0,4678.0,65878747,307913906133
2012/12/19 12:00,4740.0,4859.0,4701.0,4729.0,31519409,151287486114
2012/12/22 12:00,4800.0,4800.0,4680.0,4731.0,18619565,88482392593
2012/12/23 12:00,4810.0,4942.0,4810.0,4942.0,29799690,146937019689
2012/12/24 12:00,5110.0,5128.0,5009.0,5127.0,35905689,183560430908
2012/12/25 12:00,5120.0,5150.0,4908.0,4909.0,25082051,124853956797
2012/12/26 12:00,4902.0,5177.0,4900.0,5040.0,23914038,122098790298
2012/12/29 12:00,5030.0,5105.0,4902.0,4923.0,20466968,101057375250
2012/12/30 12:00,4897.0,4897.0,4761.0,4820.0,21367178,102627314006
2012/12/31 12:00,4830.0,4995.0,4830.0,4995.0,12600121,62219442329
2013/01/01 12:00,5000.0,5070.0,4850.0,4875.0,11566172,57283192440
2013/01/02 12:00,4960.0,4960.0,4755.0,4830.0,5136607,24731890473
2013/01/06 12:00,4813.0,4880.0,4667.0,4710.0,11642722,55033781726
2013/01/07 12:00,4702.0,4799.0,4680.0,4770.0,9781395,46224975846
2013/01/08 12:00,4803.0,4848.0,4755.0,4790.0,7493763,36000348780
2013/01/09 12:00,4770.0,4888.0,4763.0,4880.0,9244506,44793512273
2013/01/13 12:00,4857.0,4994.0,4850.0,4861.0,22185752,108044588123
2013/01/14 12:00,4896.0,5064.0,4881.0,5064.0,26280904,132223246337
2013/01/15 12:00,5119.0,5219.0,5010.0,5010.0,13592903,69677154606
2013/01/16 12:00,5040.0,5100.0,4965.0,5020.0,18537755,93558614019
2013/01/19 12:00,4870.0,4888.0,4846.0,4846.0,22094106,107139055343
2013/01/20 12:00,4721.0,4840.0,4685.0,4700.0,12365464,58646969006
2013/01/21 12:00,4760.0,4840.0,4567.0,4568.0,14405747,67019198435
2013/01/22 12:00,4501.0,4549.0,4466.0,4466.0,17614126,78726428976
2013/01/23 12:00,4556.0,4648.0,4556.0,4648.0,20620367,95720397290
2013/01/26 12:00,4768.0,4790.0,4646.0,4653.0,8582727,40163400937
2013/01/27 12:00,4650.0,4650.0,4493.0,4493.0,12479283,56134041666
2013/01/28 12:00,4421.0,4600.0,4421.0,4540.0,7451630,33608693219
2013/01/30 12:00,4542.0,4590.0,4421.0,4440.0,3335126,14860894250
2013/02/02 12:00,4491.0,4620.0,4410.0,4420.0,13024548,58613805139
2013/02/05 12:00,4475.0,4530.0,4400.0,4470.0,1881451,8422673966
2013/02/06 12:00,4520.0,4673.0,4520.0,4673.0,15193953,70690636655
2013/02/09 12:00,4680.0,4800.0,4610.0,4798.0,9060396,42799246204
2013/02/11 12:00,4806.0,4912.0,4806.0,4912.0,13641875,66674362731
2013/02/12 12:00,4990.0,5074.0,4804.0,4830.0,36355088,177999912254
2013/02/13 12:00,4800.0,4896.0,4780.0,4790.0,5103138,24621082021
2013/02/16 12:00,4825.0,4867.0,4750.0,4845.0,6721053,32383050282
2013/02/17 12:00,4839.0,4951.0,4792.0,4850.0,10126044,49312964567
2013/02/18 12:00,4895.0,4945.0,4792.0,4800.0,9186536,44565351055
2013/02/19 12:00,4835.0,4850.0,4725.0,4744.0,9468896,45222328832
2013/02/20 12:00,4750.0,4797.0,4702.0,4721.0,7984451,37767355748
2013/02/23 12:00,4700.0,4700.0,4588.0,4640.0,6121713,28319522496
2013/02/24 12:00,4620.0,4620.0,4463.0,4463.0,9972996,45204750140
2013/02/25 12:00,4462.0,4500.0,4360.0,4470.0,22799528,100914301440
2013/02/26 12:00,4402.0,4580.0,4402.0,4549.0,5130268,23277340428
2013/02/27 12:00,4600.0,4680.0,4500.0,4590.0,225783985,1018276075457
2013/03/02 12:00,4500.0,4500.0,4330.0,4330.0,18428526,80089213836
2013/03/03 12:00,4350.0,4450.0,4301.0,4350.0,88973628,390783768121
2013/03/04 12:00,4375.0,4450.0,4282.0,4300.0,6558561,28516175196
2013/03/05 12:00,4300.0,4338.0,4181.0,4197.0,8812987,37159181057
2013/03/06 12:00,4202.0,4250.0,4099.0,4170.0,14028822,58331599915
2013/03/09 12:00,4200.0,4298.0,4132.0,4156.0,58153600,244132647536
2013/03/10 12:00,4198.0,4365.0,4171.0,4365.0,36123748,157250016713
2013/03/11 12:00,4400.0,4457.0,4200.0,4240.0,3116586,13305455735
2013/03/12 12:00,4240.0,4350.0,4174.0,4320.0,35483725,152560950404
2013/03/13 12:00,4270.0,4467.0,4270.0,4363.0,64964663,288674174672
2013/03/16 12:00,4380.0,4429.0,4267.0,4267.0,648001016,2765194570988
2013/03/17 12:00,4200.0,4260.0,4190.0,4221.0,397108047,1675805558962
2013/03/18 12:00,4250.0,4388.0,4230.0,4388.0,6772449,29193369648
2013/03/25 12:00,4470.0,4470.0,4470.0,4470.0,11274013,50394838110
2013/03/26 12:00,4648.0,4648.0,4558.0,4610.0,9270526,42955967844
2013/03/27 12:00,4630.0,4630.0,4490.0,4500.0,5078018,23086002164
2013/03/30 12:00,4500.0,4535.0,4419.0,4520.0,3296359,14763963325
2013/03/31 12:00,4524.0,4579.0,4500.0,4530.0,2525712,11464270963
2013/04/03 12:00,4496.0,4496.0,4360.0,4402.0,2499661,11012492272
2013/04/06 12:00,4421.0,4455.0,4315.0,4335.0,3259583,14165179261
2013/04/07 12:00,4385.0,4385.0,4280.0,4336.0,2212861,9541022262
2013/04/08 12:00,4300.0,4417.0,4280.0,4310.0,4635708,20026320050
2013/04/09 12:00,4300.0,4400.0,4300.0,4336.0,14304820,62177656522
2013/04/10 12:00,4340.0,4340.0,4277.0,4301.0,9209687,39586073368
2013/04/13 12:00,4260.0,4277.0,4200.0,4277.0,7010571,29542284031
2013/04/15 12:00,4174.0,4340.0,4174.0,4282.0,4253015,18204931599
2013/04/16 12:00,4283.0,4310.0,4240.0,4260.0,7787362,33183174294
2013/04/17 12:00,4261.0,4265.0,4198.0,4220.0,6055000,25600204682
2013/04/20 12:00,4220.0,4220.0,4082.0,4100.0,7062357,29133282345
2013/04/21 12:00,4100.0,4300.0,4068.0,4190.0,5708776,23742145087
2013/04/22 12:00,4200.0,4319.0,4200.0,4319.0,8124532,35031339091
2013/04/23 12:00,4470.0,4484.0,4413.0,4484.0,7911315,35451644163
2013/04/24 12:00,4590.0,4590.0,4368.0,4371.0,7636381,33907639193
2013/04/27 12:00,4371.0,4438.0,4302.0,4420.0,5140081,22593378314
2013/04/28 12:00,4401.0,4489.0,4356.0,4401.0,6857189,30228384402
2013/04/29 12:00,4420.0,4577.0,4420.0,4550.0,17873925,80676277051
2013/04/30 12:00,4573.0,4610.0,4451.0,4460.0,8257638,37128833831
2013/05/01 12:00,4470.0,4540.0,4470.0,4494.0,9898567,44609696334
2013/05/04 12:00,4603.0,4687.0,4603.0,4687.0,11739782,54968449296
2013/05/05 12:00,4869.0,4869.0,4560.0,4725.0,22727829,108510872508
2013/05/06 12:00,4700.0,4740.0,4613.0,4682.0,10147367,47558334169
2013/05/07 12:00,4730.0,4730.0,4500.0,4600.0,4557204,20707808411
2013/05/08 12:00,4552.0,4590.0,4440.0,4500.0,10331677,46516409021
2013/05/11 12:00,4451.0,4680.0,4451.0,4600.0,9706444,44963822060
2013/05/12 12:00,4770.0,4770.0,4488.0,4530.0,6419324,29763755529
2013/05/13 12:00,4540.0,4540.0,4451.0,4451.0,4236867,18999307869
2013/05/14 12:00,4450.0,4450.0,4371.0,4381.0,4758361,20835417213
2013/05/15 12:00,4400.0,4550.0,4280.0,4310.0,5817939,25236383127
2013/05/18 12:00,4350.0,4350.0,4191.0,4191.0,5185016,21754043472
2013/05/19 12:00,4100.0,4340.0,4100.0,4302.0,2625777,11030138021
2013/05/20 12:00,4299.0,4376.0,4250.0,4280.0,1074114,4614709088
2013/05/21 12:00,4281.0,4359.0,4200.0,4310.0,2361767,10084543288
2013/05/22 12:00,4250.0,4310.0,4150.0,4300.0,1802244,7693069075
2013/05/25 12:00,4300.0,4425.0,4293.0,4425.0,1705624,7528497161
2013/05/26 12:00,4459.0,4459.0,4360.0,4370.0,2121155,9344709632
2013/05/27 12:00,4398.0,4400.0,4193.0,4300.0,5838055,24808892741
2013/05/28 12:00,4330.0,4380.0,4260.0,4360.0,1916548,8272956021
2013/05/29 12:00,4350.0,4450.0,4345.0,4450.0,6110450,27086880189
2013/06/01 12:00,4576.0,4576.0,4400.0,4430.0,3041062,13645891870
2013/06/02 12:00,4455.0,4550.0,4435.0,4479.0,2275233,10246796677
2013/06/03 12:00,4502.0,4509.0,4431.0,4458.0,1823223,8137692267
2013/06/08 12:00,4480.0,4480.0,4351.0,4353.0,2205806,9672101309
2013/06/09 12:00,4400.0,4447.0,4360.0,4410.0,2438639,10735149791
2013/06/10 12:00,4410.0,4500.0,4405.0,4462.0,1671005,7452134946
2013/06/11 12:00,4486.0,4609.0,4470.0,4609.0,5377176,24529066047
2013/06/12 12:00,4702.0,4702.0,4632.0,4702.0,14471775,67993072718
2013/06/15 12:00,4885.0,4885.0,4885.0,4885.0,1255664,6133918640
2013/06/16 12:00,4917.0,4917.0,4917.0,4917.0,5106962,25110932154
2013/06/17 12:00,5047.0,5047.0,4980.0,5047.0,61177395,308573367450
2013/06/18 12:00,5050.0,5150.0,4980.0,5020.0,14919792,75234647948
2013/06/19 12:00,5000.0,5000.0,4920.0,4964.0,6072871,30137184384
2013/06/22 12:00,4880.0,4900.0,4781.0,4782.0,15984106,76638131698
2013/06/23 12:00,4709.0,4850.0,4700.0,4805.0,7086772,33901034613
2013/06/25 12:00,4813.0,4976.0,4777.0,4940.0,8042229,39400045385
2013/06/26 12:00,5045.0,5045.0,4890.0,4960.0,7412429,36932477310
2013/06/29 12:00,5040.0,5171.0,5000.0,5170.0,11380243,58063668427
2013/06/30 12:00,5190.0,5306.0,5120.0,5306.0,28007637,148345936319
2013/07/01 12:00,5380.0,5500.0,5230.0,5240.0,11745911,62684114253
2013/07/02 12:00,5180.0,5230.0,5124.0,5130.0,18654872,96233713777
2013/07/03 12:00,5050.0,5198.0,5021.0,5103.0,17667453,90338506149
2013/07/06 12:00,5131.0,5317.0,5131.0,5317.0,22704720,119943925096
2013/07/07 12:00,5350.0,5364.0,5100.0,5206.0,12065624,62853340606
2013/07/08 12:00,5162.0,5200.0,5090.0,5150.0,6453461,33239814143
2013/07/09 12:00,5103.0,5180.0,4980.0,5067.0,6282424,31974870856
2013/07/10 12:00,5142.0,5290.0,5080.0,5111.0,10182165,52484654257
2013/07/13 12:00,5150.0,5150.0,5000.0,5050.0,5893325,29751307974
2013/07/14 12:00,5074.0,5074.0,4941.0,5000.0,7597664,37897826296
2013/07/15 12:00,5020.0,5070.0,4962.0,4972.0,5014125,25016161447
2013/07/16 12:00,5000.0,5048.0,4972.0,5020.0,28511163,142537771689
2013/07/28 12:00,3590.0,3590.0,3581.0,3582.0,14323744,51418555032
2013/07/29 12:00,3680.0,3733.0,3601.0,3733.0,19276853,71556185703
2013/07/31 12:00,3860.0,3860.0,3860.0,3860.0,10051147,38797427420
2013/08/03 12:00,3980.0,4013.0,3840.0,3889.0,33981232,133793980115
2013/08/04 12:00,3900.0,3929.0,3780.0,3790.0,10098002,38793704225
2013/08/05 12:00,3850.0,3850.0,3720.0,3780.0,4457936,16856839229
2013/08/06 12:00,3800.0,3930.0,3720.0,3880.0,7682996,29814953092
2013/08/07 12:00,3929.0,3988.0,3790.0,3800.0,14245885,54922803829
2013/08/11 12:00,3890.0,3950.0,3806.0,3818.0,7015193,27127895106
2013/08/12 12:00,3864.0,3864.0,3753.0,3820.0,4358280,16510599570
2013/08/13 12:00,3830.0,3830.0,3700.0,3700.0,6932357,25976972072
2013/08/14 12:00,3737.0,3797.0,3670.0,3709.0,4765486,17718691510
2013/08/17 12:00,3765.0,3830.0,3650.0,3698.0,7571980,28061539758
2013/08/18 12:00,3700.0,3740.0,3633.0,3650.0,7008246,25815368187
2013/08/19 12:00,3688.0,3716.0,3650.0,3686.0,4724259,17443852044
2013/08/20 12:00,3700.0,3700.0,3630.0,3640.0,3106473,11352559885
2013/08/21 12:00,3651.0,3658.0,3628.0,3650.0,3754345,13672659649
2013/08/24 12:00,3650.0,3650.0,3602.0,3627.0,2892649,10496161398
2013/08/25 12:00,3630.0,3633.0,3598.0,3598.0,4250999,15326274349
2013/08/26 12:00,3580.0,3599.0,3535.0,3590.0,4420854,15781023145
2013/08/27 12:00,3580.0,3720.0,3450.0,3470.0,7319953,25963494620
2013/08/28 12:00,3410.0,3460.0,3408.0,3408.0,9374565,31952178440
2013/08/31 12:00,3380.0,3544.0,3380.0,3500.0,6090255,21327950736
2013/09/01 12:00,3525.0,3621.0,3525.0,3621.0,5570391,20080940943
2013/09/03 12:00,3696.0,3696.0,3550.0,3552.0,4597672,16608868843
2013/09/04 12:00,3480.0,3480.0,3452.0,3452.0,1549089,5351076652
2013/09/07 12:00,3425.0,3430.0,3425.0,3425.0,4381904,15009090951
2013/09/08 12:00,3400.0,3495.0,3400.0,3470.0,5952277,20548801770
2013/09/09 12:00,3546.0,3546.0,3458.0,3480.0,2609113,9118623100
2013/09/10 12:00,3595.0,3610.0,3570.0,3610.0,2151976,7764047755
2013/09/11 12:00,3650.0,3650.0,3650.0,3650.0,9468610,34560426500
2013/09/14 12:00,3740.0,3740.0,3550.0,3650.0,3520357,12803897151
2013/09/15 12:00,3679.0,3750.0,3601.0,3620.0,4763824,17536864087
2013/09/16 12:00,3620.0,3660.0,3574.0,3626.0,2468046,8920372036
2013/09/17 12:00,3649.0,3710.0,3620.0,3630.0,2178796,7987332730
2013/09/18 12:00,3740.0,3740.0,3681.0,3699.0,5052861,18708762169
2013/09/21 12:00,3710.0,3740.0,3655.0,3667.0,6242842,23154018215
2013/09/22 12:00,3685.0,3685.0,3569.0,3650.0,2419320,8785627753
2013/09/23 12:00,3669.0,3746.0,3650.0,3695.0,6737350,24915249944
2013/09/24 12:00,3714.0,3714.0,3685.0,3700.0,3578054,13225286241
2013/09/25 12:00,3720.0,3740.0,3645.0,3650.0,4537839,16765321416
2013/09/28 12:00,3750.0,3750.0,3673.0,3695.0,7857600,29114988503
2013/09/29 12:00,3740.0,3740.0,3660.0,3733.0,6689959,24825495015
2013/09/30 12:00,3703.0,3858.0,3703.0,3858.0,17073342,65454951073
2013/10/01 12:00,3901.0,3987.0,3851.0,3960.0,13981611,55024984270
2013/10/02 12:00,3960.0,3991.0,3880.0,3940.0,7277520,28643207384
2013/10/05 12:00,3960.0,3980.0,3880.0,3950.0,5110006,20048447167
2013/10/06 12:00,3851.0,4025.0,3851.0,3983.0,6531833,25851778393
2013/10/07 12:00,3990.0,3997.0,3911.0,3930.0,4835510,19063406924
2013/10/08 12:00,3910.0,3970.0,3890.0,3917.0,7593229,29768615905
2013/10/09 12:00,3900.0,4000.0,3871.0,3970.0,369647413,1446305741294
2013/10/12 12:00,3940.0,4069.0,3920.0,4069.0,367353866,1494585616197
2013/10/13 12:00,4231.0,4231.0,4133.0,4190.0,201292316,850274281483
2013/10/14 12:00,4280.0,4392.0,4160.0,4370.0,135299839,584025311357
2013/10/15 12:00,4370.0,4489.0,4370.0,4489.0,18246906,81771202285
2013/10/19 12:00,4660.0,4660.0,4522.0,4567.0,29044462,135190402996
2013/10/20 12:00,4500.0,4687.0,4469.0,4560.0,15236816,69421991308
2013/10/21 12:00,4719.0,4735.0,4650.0,4650.0,20608525,96792660269
2013/10/22 12:00,4700.0,4700.0,4510.0,4530.0,5339147,24261982916
2013/10/23 12:00,4549.0,4700.0,4409.0,4660.0,8569511,39249993286
2013/10/26 12:00,4676.0,4700.0,4560.0,4561.0,14447384,67027530173
2013/10/27 12:00,4561.0,4562.0,4454.0,4500.0,7112016,31801029230
2013/10/28 12:00,4490.0,4550.0,4470.0,4550.0,3714642,16700440943
2013/10/29 12:00,4490.0,4555.0,4413.0,4455.0,3752230,16787943748
2013/10/30 12:00,4470.0,4524.0,4450.0,4461.0,3926819,17605868349
2013/11/02 12:00,4460.0,4465.0,4400.0,4410.0,3819169,16948432722
2013/11/03 12:00,4440.0,4440.0,4377.0,4380.0,6572470,28903875653
2013/11/04 12:00,4362.0,4380.0,4340.0,4347.0,2851168,12423472193
2013/11/05 12:00,4390.0,4440.0,4373.0,4380.0,3781275,16602365106
2013/11/06 12:00,4399.0,4420.0,4360.0,4368.0,3861500,16940309809
2013/11/09 12:00,4400.0,4439.0,4332.0,4348.0,4258374,18537007415
2013/11/10 12:00,4321.0,4322.0,4195.0,4229.0,5673617,24000103392
2013/11/11 12:00,4205.0,4265.0,4172.0,4199.0,5754889,24163457285
2013/11/12 12:00,4211.0,4357.0,4180.0,4300.0,4687689,19890527110
2013/11/16 12:00,4350.0,4401.0,4250.0,4292.0,4761046,20623201620
2013/11/17 12:00,4370.0,4370.0,4280.0,4287.0,2427126,10417992740
2013/11/18 12:00,4290.0,4464.0,4280.0,4464.0,4215736,18539457560
2013/11/19 12:00,4524.0,4524.0,4400.0,4498.0,11229274,50238816378
2013/11/20 12:00,4542.0,4542.0,4423.0,4440.0,3171858,14148067254
2013/11/23 12:00,4499.0,4538.0,4372.0,4400.0,6131568,27428384438
2013/11/24 12:00,4455.0,4486.0,4350.0,4410.0,5939843,26168163101
2013/11/25 12:00,4418.0,4418.0,4280.0,4291.0,8241741,35697972785
2013/11/26 12:00,4340.0,4349.0,4246.0,4250.0,5566183,23765496281
2013/11/27 12:00,4270.0,4365.0,4212.0,4260.0,15883419,67818650887
2013/11/30 12:00,4251.0,4360.0,4237.0,4350.0,9099342,39287663278
2013/12/01 12:00,4330.0,4490.0,4330.0,4487.0,33475054,150221558626
2013/12/02 12:00,4535.0,4565.0,4400.0,4450.0,9402475,42286835770
2013/12/03 12:00,4559.0,4560.0,4380.0,4430.0,4242279,19032069912
2013/12/04 12:00,4361.0,4480.0,4325.0,4330.0,3940964,17196184731
2013/12/07 12:00,4399.0,4399.0,4297.0,4321.0,4490561,19433162254
2013/12/08 12:00,4299.0,4465.0,4261.0,4350.0,10769352,46946862810
2013/12/09 12:00,4450.0,4500.0,4380.0,4430.0,9877723,43823266159
2013/12/10 12:00,4479.0,4614.0,4479.0,4614.0,18106317,83288070611
2013/12/11 12:00,4689.0,4689.0,4510.0,4530.0,7268591,33356162447
2013/12/14 12:00,4407.0,4599.0,4407.0,4460.0,7618600,34057816419
2013/12/15 12:00,4500.0,4650.0,4499.0,4650.0,11911278,54931305082
2013/12/16 12:00,4796.0,4796.0,4780.0,4796.0,31236972,149812400552
2013/12/17 12:00,4850.0,4850.0,4630.0,4681.0,11065284,52252366638
2013/12/18 12:00,4651.0,4797.0,4534.0,4534.0,15092779,69454188440
2013/12/21 12:00,4501.0,4600.0,4422.0,4440.0,15370751,68695826610
2013/12/22 12:00,4500.0,4520.0,4396.0,4400.0,60546016,267607309378
2013/12/24 12:00,4500.0,4596.0,4471.0,4596.0,32186832,147318575741
2013/12/25 12:00,4760.0,4760.0,4760.0,4760.0,5992272,28523214720
2013/12/28 12:00,4907.0,4907.0,4810.0,4900.0,74324534,364586448348
2013/12/29 12:00,4899.0,4899.0,4730.0,4735.0,10794157,51775449045
2013/12/30 12:00,4741.0,4850.0,4710.0,4800.0,10178082,48954477735
2014/01/01 12:00,4870.0,4870.0,4725.0,4725.0,7745000,37297090759
2014/01/04 12:00,4841.0,5006.0,4732.0,5006.0,15253701,75350705050
2014/01/05 12:00,5022.0,5121.0,4940.0,5100.0,12292364,62072239588
2014/01/06 12:00,5125.0,5200.0,5010.0,5130.0,6591199,33758929503
2014/01/07 12:00,5161.0,5170.0,4976.0,5007.0,9529044,47762160407
2014/01/08 12:00,5000.0,5029.0,4923.0,4999.0,11767171,58740027639
2014/01/11 12:00,5030.0,5155.0,4972.0,5000.0,34639918,174046502606
2014/01/12 12:00,4910.0,4980.0,4824.0,4950.0,10789353,52200254709
2014/01/13 12:00,4932.0,5006.0,4900.0,4910.0,13842907,68089259554
2014/01/14 12:00,4998.0,4998.0,4781.0,4860.0,4759418,23160592668
2014/01/15 12:00,4810.0,4898.0,4720.0,4800.0,11529622,55100333755
2014/01/18 12:00,4703.0,4840.0,4674.0,4700.0,3201520,15167186575
2014/01/20 12:00,4650.0,4740.0,4577.0,4577.0,4441394,20372190048
2014/01/21 12:00,4600.0,4800.0,4520.0,4560.0,4874840,22734893225
2014/01/22 12:00,4561.0,4599.0,4493.0,4493.0,6560433,29562709269
2014/01/25 12:00,4450.0,4698.0,4440.0,4480.0,5905074,27039708494
2014/01/26 12:00,4500.0,4577.0,4394.0,4394.0,5175412,22834889635
2014/01/27 12:00,4322.0,4449.0,4319.0,4399.0,6691727,28977086147
2014/01/28 12:00,4402.0,4549.0,4401.0,4430.0,1724613,7711941791
2014/01/29 12:00,4433.0,4582.0,4406.0,4582.0,4881187,22024591473
2014/02/01 12:00,4591.0,4630.0,4500.0,4550.0,3896724,17889742867
2014/02/02 12:00,4589.0,4589.0,4350.0,4390.0,2559953,11284922147
2014/02/03 12:00,4410.0,4449.0,4350.0,4448.0,2132355,9360843126
2014/02/04 12:00,4411.0,4441.0,4303.0,4350.0,3060418,13288350404
2014/02/05 12:00,4260.0,4330.0,4252.0,4252.0,2635652,11216217479
2014/02/08 12:00,4212.0,4250.0,4212.0,4212.0,16841252,70941172526
2014/02/09 12:00,4085.0,4370.0,4085.0,4365.0,364471314,1592516419745
2014/02/10 12:00,4369.0,4380.0,4210.0,4297.0,386119797,1686790929473
2014/02/12 12:00,4221.0,4221.0,4195.0,4195.0,2375230,9967599550
2014/02/15 12:00,4161.0,4369.0,4158.0,4200.0,1429561,6092070623
2014/02/16 12:00,4260.0,4470.0,4202.0,4400.0,2512858,11018723562
2014/02/17 12:00,4360.0,4467.0,4250.0,4359.0,4222183,18548589753
2014/02/18 12:00,4280.0,4281.0,4185.0,4274.0,2744734,11559362494
2014/02/19 12:00,4250.0,4370.0,4201.0,4315.0,3960291,17037048964
2014/02/22 12:00,4300.0,4350.0,4260.0,4314.0,3163778,13638871777
2014/02/23 12:00,4251.0,4280.0,4188.0,4200.0,2829974,11916170841
2014/02/24 12:00,4175.0,4175.0,4120.0,4150.0,3346587,13821996281
2014/02/25 12:00,4110.0,4111.0,4069.0,4069.0,2790658,11370468984
2014/02/26 12:00,4029.0,4105.0,4029.0,4060.0,3019661,12212733566
2014/03/01 12:00,4001.0,4160.0,4001.0,4110.0,2438524,9938528116
2014/03/02 12:00,4028.0,4100.0,3990.0,4009.0,2982487,11975467786
2014/03/03 12:00,4000.0,4000.0,3939.0,3939.0,2845520,11237593410
2014/03/04 12:00,3910.0,4040.0,3900.0,3997.0,2133048,8454174339
2014/03/05 12:00,3979.0,4099.0,3960.0,4041.0,2756116,11124783814
2014/03/08 12:00,4060.0,4060.0,3950.0,4029.0,7638241,30773553823
2014/03/09 12:00,3950.0,3969.0,3901.0,3910.0,1990993,7818758220
2014/03/10 12:00,3900.0,3958.0,3900.0,3942.0,2047297,8016225601
2014/03/11 12:00,3911.0,3950.0,3881.0,3917.0,1768273,6910648041
2014/03/12 12:00,3876.0,4095.0,3840.0,3990.0,14407619,57172642434
2014/03/15 12:00,3950.0,4126.0,3950.0,4126.0,25325646,103341969892
2014/03/16 12:00,4170.0,4244.0,4150.0,4244.0,294436057,1222699055165
2014/03/17 12:00,4287.0,4319.0,4202.0,4319.0,12032571,51905076291
2014/03/18 12:00,4325.0,4400.0,4229.0,4255.0,518443000,2249640676320
2014/03/19 12:00,4300.0,4338.0,4230.0,4300.0,2932433,12554684151
2014/03/25 12:00,4349.0,4349.0,4280.0,4281.0,1050613,4511379501
2014/03/26 12:00,4309.0,4309.0,4171.0,4190.0,1183230,4960787321
2014/03/29 12:00,4190.0,4230.0,4135.0,4230.0,889408,3724721114
2014/03/30 12:00,4181.0,4284.0,4142.0,4280.0,1102556,4689848819
2014/03/31 12:00,4290.0,4294.0,4180.0,4200.0,2599289,11033707461
2014/04/05 12:00,4240.0,4240.0,4150.0,4170.0,2365684,9895528902
2014/04/06 12:00,4136.0,4160.0,4090.0,4120.0,3316797,13620386720
2014/04/07 12:00,4101.0,4190.0,4080.0,4094.0,1592575,6557372648
2014/04/08 12:00,4100.0,4186.0,4089.0,4106.0,2929708,12071875274
2014/04/09 12:00,4137.0,4178.0,4081.0,4127.0,361816894,1511544008473
2014/04/12 12:00,4100.0,4143.0,4020.0,4031.0,2195652,8852420895
2014/04/13 12:00,4014.0,4148.0,3992.0,4037.0,365835340,1516699284799
2014/04/14 12:00,4000.0,4050.0,3981.0,4010.0,9254751,37153460578
2014/04/15 12:00,3900.0,4020.0,3900.0,4000.0,6572960,26058571660
2014/04/16 12:00,4018.0,4085.0,3980.0,3981.0,3515574,14165511877
2014/04/19 12:00,4000.0,4000.0,3845.0,3955.0,1384706,5416060154
2014/04/20 12:00,4040.0,4110.0,4031.0,4070.0,4095961,16647818142
2014/04/21 12:00,4060.0,4179.0,4050.0,4179.0,16750846,69751916109
2014/04/22 12:00,4290.0,4330.0,4233.0,4233.0,17165137,74076851241
2014/04/23 12:00,4316.0,4344.0,4160.0,4317.0,15132847,65344822633
2014/04/26 12:00,4320.0,4490.0,4320.0,4486.0,12695783,56871316829
2014/04/27 12:00,4560.0,4560.0,4330.0,4331.0,4629231,20372628151
2014/04/28 12:00,4330.0,4453.0,4276.0,4400.0,11562361,50892210772
2014/04/29 12:00,4390.0,4438.0,4300.0,4330.0,4006732,17454089426
2014/04/30 12:00,4300.0,4380.0,4300.0,4350.0,2370312,10297095146
2014/05/03 12:00,4380.0,4380.0,4270.0,4302.0,2472307,10657019811
2014/05/04 12:00,4367.0,4377.0,4281.0,4325.0,2089042,9041442363
2014/05/05 12:00,4349.0,4398.0,4300.0,4367.0,3072850,13402743323
2014/05/06 12:00,4370.0,4397.0,4310.0,4351.0,15729992,68776061907
2014/05/07 12:00,4379.0,4379.0,4304.0,4338.0,2101043,9118744247
2014/05/10 12:00,4334.0,4349.0,4282.0,4290.0,1893142,8148678155
2014/05/11 12:00,4285.0,4299.0,4183.0,4232.0,1275952,5409747861
2014/05/12 12:00,4200.0,4250.0,4170.0,4210.0,1469606,6179849938
2014/05/14 12:00,4310.0,4310.0,4172.0,4300.0,3193717,13551362486
2014/05/17 12:00,4180.0,4263.0,4160.0,4263.0,2308107,9688674333
2014/05/18 12:00,4279.0,4279.0,4157.0,4170.0,4094808,17216383493
2014/05/19 12:00,4200.0,4246.0,4150.0,4151.0,3126735,13027940057
2014/05/20 12:00,4240.0,4290.0,4240.0,4252.0,10178652,43379519935
2014/05/21 12:00,4290.0,4294.0,4252.0,4260.0,43689185,187396782492
2014/05/24 12:00,4292.0,4292.0,4200.0,4222.0,1337479,5653727547
2014/05/25 12:00,4210.0,4278.0,4168.0,4180.0,26878822,114786920080
2014/05/26 12:00,4180.0,4180.0,4130.0,4150.0,2916079,12103328678
2014/05/28 12:00,4120.0,4169.0,4120.0,4160.0,1909181,7930163310
2014/05/31 12:00,4200.0,4200.0,4116.0,4117.0,5638023,23550532441
2014/06/01 12:00,4167.0,4167.0,4033.0,4090.0,1701718,6952034478
2014/06/02 12:00,4150.0,4154.0,4081.0,4082.0,1986649,8142455195
2014/06/03 12:00,4150.0,4179.0,4073.0,4073.0,1461952,5995060594
2014/06/07 12:00,4140.0,4140.0,4050.0,4056.0,1559813,6342752085
2014/06/08 12:00,4100.0,4100.0,4001.0,4040.0,1217450,4906919097
2014/06/09 12:00,4049.0,4049.0,4006.0,4006.0,1335230,5369289466
2014/06/10 12:00,4035.0,4039.0,4002.0,4010.0,1160710,4665355013
2014/06/11 12:00,4091.0,4099.0,3943.0,3944.0,4156717,16560672461
2014/06/14 12:00,4040.0,4070.0,3898.0,3898.0,2919046,11451568603
2014/06/15 12:00,3980.0,3980.0,3865.0,3900.0,2178869,8484266100
2014/06/16 12:00,3900.0,3990.0,3885.0,3900.0,2118330,8294657891
2014/06/17 12:00,3949.0,3949.0,3822.0,3826.0,3597074,13956814659
2014/06/18 12:00,3851.0,3930.0,3850.0,3928.0,3304563,12852420934
2014/06/21 12:00,3950.0,4050.0,3930.0,4015.0,3394793,13528546565
2014/06/22 12:00,4020.0,4104.0,3996.0,4104.0,6541512,26496368532
2014/06/23 12:00,4066.0,4090.0,4000.0,4000.0,3676580,14816123176
2014/06/24 12:00,4050.0,4099.0,3952.0,3952.0,7891802,32115424289
2014/06/25 12:00,4050.0,4080.0,3893.0,3979.0,9306858,37447253181
2014/06/28 12:00,3990.0,3990.0,3867.0,3880.0,1413407,5530250660
2014/06/29 12:00,3880.0,3880.0,3853.0,3853.0,1117674,4310618782
2014/06/30 12:00,3838.0,3858.0,3838.0,3838.0,2406399,9236656068
2014/07/01 12:00,3804.0,3959.0,3804.0,3933.0,2827114,10993765446
2014/07/02 12:00,3890.0,3949.0,3890.0,3912.0,2280948,8933372365
2014/07/05 12:00,3980.0,4094.0,3980.0,4080.0,5770698,23558795231
2014/07/06 12:00,4080.0,4098.0,3889.0,3899.0,1769199,6996854763
2014/07/07 12:00,3920.0,3938.0,3880.0,3926.0,2049164,7988126218
2014/07/08 12:00,3901.0,4078.0,3900.0,4001.0,3043357,12220723268
2014/07/09 12:00,4035.0,4068.0,3921.0,4040.0,2968157,11847657706
2014/07/12 12:00,4050.0,4090.0,4011.0,4059.0,2197069,8942263320
2014/07/13 12:00,4080.0,4090.0,4010.0,4080.0,4251038,17236254784
2014/07/14 12:00,4090.0,4090.0,4040.0,4050.0,4192004,17006089026
2014/07/15 12:00,4021.0,4060.0,3879.0,3900.0,9046767,35797002717
2014/07/23 12:00,3350.0,3399.0,3330.0,3340.0,2854596,9579417033
2014/07/26 12:00,3389.0,3430.0,3360.0,3370.0,3774353,12773018301
2014/07/27 12:00,3420.0,3420.0,3350.0,3367.0,1870314,6290133682
2014/07/28 12:00,3371.0,3372.0,3335.0,3350.0,2758895,9248273443
2014/08/10 12:00,2759.0,2759.0,2660.0,2750.0,4285245,11725708679
2014/08/11 12:00,2736.0,2740.0,2681.0,2685.0,103638282,283639170898
2014/08/12 12:00,2700.0,2740.0,2680.0,2690.0,7831770,21363617215
2014/08/13 12:00,2700.0,2700.0,2637.0,2640.0,1815622,4825223338
2014/08/16 12:00,2680.0,2680.0,2610.0,2610.0,3036092,7947531205
2014/08/17 12:00,2640.0,2640.0,2583.0,2599.0,2214874,5747700513
2014/08/18 12:00,2600.0,2650.0,2567.0,2573.0,1756704,4560352672
2014/08/19 12:00,2590.0,2700.0,2553.0,2607.0,10483090,27831280227
2014/08/20 12:00,2650.0,2650.0,2551.0,2556.0,1200332,3087713363
2014/08/23 12:00,2570.0,2680.0,2541.0,2542.0,7722800,20110310464
2014/08/24 12:00,2577.0,2577.0,2512.0,2518.0,6334137,15964482480
2014/08/25 12:00,2558.0,2558.0,2468.0,2476.0,1897050,4721126135
2014/08/26 12:00,2529.0,2529.0,2490.0,2490.0,2397161,5996703938
2014/08/27 12:00,2538.0,2580.0,2480.0,2498.0,2917618,7318526974
2014/08/30 12:00,2540.0,2540.0,2474.0,2480.0,1159328,2892207816
2014/08/31 12:00,2525.0,2525.0,2436.0,2458.0,1991871,4925948479
2014/09/01 12:00,2489.0,2498.0,2450.0,2470.0,1470132,3647855305
2014/09/02 12:00,2470.0,2489.0,2430.0,2446.0,1641014,4030014176
2014/09/03 12:00,2450.0,2502.0,2421.0,2470.0,7054735,17586998147
2014/09/06 12:00,2515.0,2515.0,2470.0,2480.0,3036167,7596166381
2014/09/07 12:00,2500.0,2590.0,2470.0,2577.0,5530869,14101226596
2014/09/08 12:00,2580.0,2610.0,2550.0,2587.0,10883313,27883328225
2014/09/09 12:00,2580.0,2637.0,2520.0,2575.0,22046889,57298724806
2014/09/10 12:00,2560.0,2600.0,2501.0,2570.0,1556403,4000926625
2014/09/13 12:00,2600.0,2600.0,2492.0,2500.0,1721569,4358747769
2014/09/14 12:00,2593.0,2595.0,2482.0,2550.0,3882939,9790342796
2014/09/15 12:00,2549.0,2550.0,2513.0,2539.0,1368060,3458825027
2014/09/16 12:00,2550.0,2550.0,2500.0,2500.0,1041626,2635705635
2014/09/17 12:00,2547.0,2547.0,2500.0,2529.0,1228194,3099912332
2014/09/20 12:00,2548.0,2548.0,2519.0,2522.0,887889,2245790029
2014/09/21 12:00,2550.0,2550.0,2500.0,2504.0,1705697,4304728037
2014/09/22 12:00,2549.0,2549.0,2506.0,2520.0,1614170,4086715716
2014/09/23 12:00,2544.0,2544.0,2500.0,2504.0,1449499,3645353142
2014/09/24 12:00,2520.0,2520.0,2500.0,2501.0,1138037,2855192504
2014/09/27 12:00,2520.0,2520.0,2489.0,2494.0,1784647,4467435449
2014/09/28 12:00,2530.0,2531.0,2470.0,2480.0,18823554,47463226282
2014/09/29 12:00,2522.0,2522.0,2470.0,2515.0,13220336,33217160346
2014/09/30 12:00,2514.0,2599.0,2512.0,2580.0,3741633,9552545270
2014/10/01 12:00,2590.0,2606.0,2530.0,2565.0,2811009,7264438036
2014/10/04 12:00,2599.0,2599.0,2560.0,2599.0,1520835,3927260450
2014/10/06 12:00,2594.0,2600.0,2570.0,2580.0,1014629,2621740174
2014/10/07 12:00,2562.0,2596.0,2550.0,2551.0,23450173,59863363947
2014/10/08 12:00,2587.0,2587.0,2540.0,2553.0,2081552,5318416108
2014/10/14 12:00,2587.0,2589.0,2520.0,2520.0,787597,2016647579
2014/10/15 12:00,2554.0,2599.0,2537.0,2551.0,2936765,7530381684
2014/10/18 12:00,2560.0,2644.0,2540.0,2621.0,2664091,6938046117
2014/10/19 12:00,2601.0,2601.0,2579.0,2601.0,1615689,4191302593
2014/10/20 12:00,2604.0,2675.0,2604.0,2670.0,19639247,52416314761
2014/10/21 12:00,2700.0,2728.0,2626.0,2650.0,3544955,9515544066
2014/10/22 12:00,2674.0,2680.0,2590.0,2638.0,2853992,7527182283
2014/10/25 12:00,2635.0,2640.0,2596.0,2606.0,2054596,5377251403
2014/10/26 12:00,2655.0,2670.0,2616.0,2616.0,2564934,6803683350
2014/10/27 12:00,2675.0,2675.0,2590.0,2630.0,1933190,5085200673
2014/10/28 12:00,2647.0,2647.0,2595.0,2600.0,1355345,3536639899
2014/10/29 12:00,2630.0,2630.0,2597.0,2610.0,3799744,9883855944
2014/11/01 12:00,2623.0,2669.0,2590.0,2595.0,5404540,14177920075
2014/11/02 12:00,2629.0,2650.0,2575.0,2595.0,3182024,8266625090
2014/11/05 12:00,2610.0,2619.0,2580.0,2618.0,4046102,10528046018
2014/11/08 12:00,2620.0,2648.0,2579.0,2583.0,7283227,18948778646
2014/11/09 12:00,2599.0,2600.0,2567.0,2585.0,2400806,6199518829
2014/11/10 12:00,2598.0,2598.0,2567.0,2580.0,3409539,8779568113
2014/11/11 12:00,2588.0,2601.0,2551.0,2577.0,3920468,10126963075
2014/11/12 12:00,2589.0,2600.0,2550.0,2550.0,2407975,6194008516
2014/11/15 12:00,2580.0,2580.0,2500.0,2518.0,1732991,4364616244
2014/11/16 12:00,2548.0,2548.0,2505.0,2516.0,1847207,4646003282
2014/11/17 12:00,2519.0,2547.0,2498.0,2500.0,2674667,6736490093
2014/11/18 12:00,2529.0,2529.0,2470.0,2490.0,3182110,7931837795
2014/11/19 12:00,2470.0,2495.0,2440.0,2450.0,4384973,10797115239
2014/11/22 12:00,2495.0,2495.0,2434.0,2440.0,2963009,7254383935
2014/11/23 12:00,2463.0,2541.0,2460.0,2476.0,2263071,5643578225
2014/11/24 12:00,2491.0,2540.0,2441.0,2441.0,6133222,15246352705
2014/11/25 12:00,2460.0,2460.0,2389.0,2389.0,2689085,6458570070
2014/11/26 12:00,2401.0,2444.0,2369.0,2369.0,5588721,13259104371
2014/11/29 12:00,2399.0,2399.0,2322.0,2322.0,9808182,22817630945
2014/11/30 12:00,2360.0,2360.0,2242.0,2242.0,11903517,26834630207
2014/12/01 12:00,2252.0,2343.0,2244.0,2289.0,15317141,35590608049
2014/12/02 12:00,2342.0,2342.0,2252.0,2268.0,1590136,3616652277
2014/12/03 12:00,2300.0,2300.0,2232.0,2232.0,1662083,3730299697
2014/12/06 12:00,2250.0,2373.0,2215.0,2300.0,15506602,36327932555
2014/12/07 12:00,2300.0,2300.0,2252.0,2252.0,1329851,3022595225
2014/12/08 12:00,2270.0,2310.0,2250.0,2270.0,1277253,2908423232
2014/12/09 12:00,2270.0,2298.0,2234.0,2240.0,5180032,11710265551
2014/12/10 12:00,2251.0,2255.0,2216.0,2216.0,1219284,2728806136
2014/12/14 12:00,2217.0,2248.0,2198.0,2200.0,5356559,11779182512
2014/12/15 12:00,2195.0,2195.0,2155.0,2160.0,5334608,11502321513
2014/12/16 12:00,2126.0,2200.0,2126.0,2135.0,1734451,3748985946
2014/12/17 12:00,2181.0,2181.0,2125.0,2126.0,577491,1233103610
2014/12/20 12:00,2141.0,2180.0,2113.0,2170.0,1180516,2541147795
2014/12/22 12:00,2190.0,2219.0,2180.0,2186.0,1659025,3642491979
2014/12/24 12:00,2200.0,2200.0,2145.0,2158.0,841693,1820123088
2014/12/27 12:00,2123.0,2190.0,2114.0,2189.0,1502799,3221492343
2014/12/28 12:00,2181.0,2209.0,2169.0,2185.0,1208789,2643920776
2014/12/29 12:00,2182.0,2243.0,2182.0,2190.0,72187222,158127159772
2014/12/30 12:00,2190.0,2210.0,2151.0,2190.0,2086866,4574660105
2014/12/31 12:00,2191.0,2210.0,2150.0,2150.0,1834372,4010608933
2015/01/03 12:00,2190.0,2200.0,2151.0,2188.0,798863,1742772074
2015/01/04 12:00,2199.0,2199.0,2158.0,2162.0,526304,1142948409
2015/01/05 12:00,2180.0,2210.0,2170.0,2188.0,1415931,3096344512
2015/01/06 12:00,2200.0,2218.0,2138.0,2164.0,1590820,3454109871
2015/01/07 12:00,2186.0,2190.0,2158.0,2179.0,3700733,8067709105
2015/01/10 12:00,2175.0,2184.0,2097.0,2097.0,13370205,28726299269
2015/01/11 12:00,2071.0,2118.0,2064.0,2095.0,1400926,2892965016
2015/01/12 12:00,2066.0,2149.0,2066.0,2138.0,1319737,2820115966
2015/01/13 12:00,2120.0,2120.0,2071.0,2090.0,695229,1455971839
2015/01/14 12:00,2101.0,2101.0,2076.0,2100.0,550968,1150643725
2015/01/17 12:00,2100.0,2100.0,2081.0,2099.0,2054202,4300505705
2015/01/18 12:00,2080.0,2081.0,2040.0,2042.0,1320712,2716879207
2015/01/19 12:00,2050.0,2050.0,2033.0,2033.0,1143765,2333641770
2015/01/20 12:00,2050.0,2050.0,2025.0,2030.0,701090,1422214959
2015/01/21 12:00,2049.0,2049.0,2020.0,2020.0,583814,1182391039
2015/01/24 12:00,2016.0,2016.0,2016.0,2016.0,709058,1429460928
2015/01/25 12:00,2011.0,2011.0,2011.0,2011.0,621774,1250387514
2015/01/26 12:00,2006.0,2006.0,2006.0,2006.0,607762,1219170572
2015/01/27 12:00,2001.0,2001.0,2001.0,2001.0,2794438,5591670438
2015/01/28 12:00,1981.0,2040.0,1981.0,2006.0,7934671,15870054972
2015/01/31 12:00,2000.0,2055.0,2000.0,2025.0,5147258,10404173012
2015/02/01 12:00,2038.0,2039.0,1992.0,1999.0,14789563,30066471966
2015/02/02 12:00,2000.0,2032.0,1980.0,2000.0,51929674,105484273489
2015/02/03 12:00,2049.0,2049.0,1981.0,2020.0,3155538,6404688901
2015/02/04 12:00,2010.0,2031.0,2001.0,2010.0,1491590,3018518965
2015/02/07 12:00,2029.0,2030.0,1997.0,2000.0,3330278,6685231024
2015/02/08 12:00,2000.0,2000.0,1970.0,1980.0,1335202,2649287989
2015/02/09 12:00,1990.0,2005.0,1941.0,1941.0,1713540,3358504692
2015/02/10 12:00,1934.0,1997.0,1934.0,1950.0,3519033,6919599934
2015/02/14 12:00,1996.0,1996.0,1942.0,1955.0,454037,889309306
2015/02/15 12:00,1991.0,1991.0,1923.0,1932.0,1710716,3330265113
2015/02/16 12:00,1924.0,2006.0,1924.0,1999.0,25453739,51016659091
2015/02/17 12:00,2005.0,2006.0,1950.0,1975.0,1344713,2671918688
2015/02/18 12:00,1997.0,2010.0,1942.0,1942.0,37069729,74427237095
2015/02/21 12:00,1980.0,1999.0,1954.0,1954.0,1960183,3876332041
2015/02/22 12:00,1970.0,1979.0,1917.0,1917.0,3953017,7644010314
2015/02/23 12:00,1920.0,1970.0,1890.0,1910.0,16469407,32355786130
2015/02/24 12:00,1900.0,1943.0,1888.0,1896.0,3202958,6077020738
2015/02/25 12:00,1900.0,1910.0,1849.0,1880.0,6087351,11315779431
2015/02/28 12:00,1850.0,1856.0,1814.0,1844.0,2523300,4659577440
2015/03/01 12:00,1883.0,1883.0,1844.0,1867.0,8556413,15886683125
2015/03/02 12:00,1852.0,1909.0,1852.0,1908.0,1504343,2851356922
2015/03/03 12:00,1910.0,1911.0,1890.0,1910.0,41996703,80237331957
2015/03/04 12:00,1920.0,1951.0,1886.0,1886.0,8454428,16256744805
2015/03/07 12:00,1937.0,1937.0,1852.0,1868.0,2136010,3991508384
2015/03/08 12:00,1899.0,1930.0,1876.0,1915.0,5239861,9984309946
2015/03/09 12:00,1920.0,1925.0,1900.0,1920.0,3038896,5822162396
2015/03/10 12:00,1914.0,1930.0,1900.0,1900.0,2824844,5391399785
2015/03/11 12:00,1921.0,1929.0,1909.0,1909.0,9733113,18739237920
2015/03/14 12:00,1924.0,1930.0,1850.0,1880.0,4938648,9356924680
2015/03/15 12:00,1891.0,1919.0,1891.0,1900.0,2323618,4429642394
2015/03/16 12:00,1910.0,1915.0,1897.0,1900.0,2221777,4225157789
2015/03/17 12:00,1920.0,1923.0,1896.0,1915.0,667523,1276081588
2015/03/18 12:00,1920.0,1977.0,1908.0,1910.0,7909237,15186369719
2015/03/25 12:00,1950.0,1950.0,1911.0,1920.0,1083259,2079754812
2015/03/28 12:00,1960.0,1996.0,1911.0,1995.0,3581975,7005990778
2015/03/29 12:00,1999.0,2022.0,1996.0,2022.0,6042766,12195131695
2015/03/30 12:00,2084.0,2089.0,2010.0,2035.0,3730970,7670097715
2015/03/31 12:00,2050.0,2100.0,2022.0,2091.0,4103688,8514844959
2015/04/04 12:00,2151.0,2151.0,2151.0,2151.0,10688581,22991137731
2015/04/05 12:00,2237.0,2237.0,2233.0,2237.0,44197173,98868593409
2015/04/06 12:00,2290.0,2300.0,2162.0,2215.0,10329716,23126383237
2015/04/07 12:00,2240.0,2240.0,2180.0,2180.0,10639228,23431846101
2015/04/08 12:00,2190.0,2230.0,2150.0,2151.0,5962208,13041460066
2015/04/11 12:00,2190.0,2190.0,2105.0,2120.0,6717229,14387178873
2015/04/12 12:00,2110.0,2111.0,2057.0,2058.0,9916218,20505043742
2015/04/13 12:00,2050.0,2065.0,2000.0,2048.0,2150742,4353668711
2015/04/14 12:00,2016.0,2070.0,2008.0,2050.0,2319352,4738421750
2015/04/15 12:00,2050.0,2075.0,2030.0,2073.0,12722999,26155078902
2015/04/18 12:00,2060.0,2138.0,2030.0,2130.0,9793802,20636226437
2015/04/19 12:00,2171.0,2171.0,2060.0,2130.0,3518339,7451530610
2015/04/20 12:00,2102.0,2149.0,2065.0,2078.0,2837668,5923580686
2015/04/21 12:00,2081.0,2110.0,2072.0,2110.0,2222535,4627506696
2015/04/22 12:00,2100.0,2100.0,2050.0,2050.0,2470964,5122086524
2015/04/25 12:00,2082.0,2082.0,2040.0,2040.0,2824528,5801858374
2015/04/26 12:00,2041.0,2054.0,2020.0,2040.0,1350092,2744844495
2015/04/27 12:00,2010.0,2024.0,2000.0,2018.0,3067520,6165139430
2015/04/28 12:00,1981.0,2000.0,1981.0,1986.0,1963363,3904526010
2015/04/29 12:00,2001.0,2040.0,1999.0,2037.0,2046961,4110373028
2015/05/03 12:00,2020.0,2020.0,1980.0,1980.0,2406614,4794925351
2015/05/04 12:00,2000.0,2000.0,1970.0,1981.0,1413722,2798222414
2015/05/05 12:00,1972.0,1990.0,1939.0,1940.0,2688988,5276193531
2015/05/06 12:00,1935.0,1979.0,1929.0,1950.0,2198423,4270381788
2015/05/09 12:00,1944.0,1950.0,1890.0,1896.0,2393974,4564377850
2015/05/10 12:00,1900.0,1939.0,1892.0,1895.0,1716840,3260712944
2015/05/11 12:00,1886.0,1930.0,1886.0,1930.0,1178293,2247832566
2015/05/12 12:00,1924.0,1985.0,1920.0,1925.0,1608157,3140575290
2015/05/13 12:00,1930.0,1950.0,1925.0,1933.0,1516505,2933344780
2015/05/17 12:00,1930.0,2007.0,1910.0,2003.0,3457558,6831504637
2015/05/18 12:00,1995.0,1995.0,1960.0,1978.0,1081281,2138792234
2015/05/19 12:00,1980.0,1980.0,1952.0,1975.0,378934,747678156
2015/05/20 12:00,1980.0,1995.0,1961.0,1991.0,2851928,5662873350
2015/05/23 12:00,1995.0,1998.0,1956.0,1970.0,3251747,6447760598
2015/05/24 12:00,1982.0,2040.0,1982.0,2020.0,2702662,5437632386
2015/05/25 12:00,2000.0,2028.0,2000.0,2012.0,1291130,2601814483
2015/05/26 12:00,2001.0,2020.0,1999.0,2001.0,1953086,3918803147
2015/05/27 12:00,2019.0,2020.0,1980.0,2003.0,2297407,4608431741
2015/05/30 12:00,2000.0,2010.0,1940.0,1967.0,1899043,3735538641
2015/05/31 12:00,1970.0,2010.0,1950.0,1952.0,1578071,3131782479
2015/06/01 12:00,2000.0,2020.0,1980.0,2020.0,3189244,6398176221
2015/06/02 12:00,2011.0,2025.0,1990.0,2017.0,4848529,9751746397
2015/06/06 12:00,2012.0,2017.0,1983.0,1983.0,2059051,4117218369
2015/06/07 12:00,2000.0,2000.0,1921.0,1954.0,1785963,3511408894
2015/06/08 12:00,2000.0,2000.0,1922.0,1939.0,2595951,5119020807
2015/06/09 12:00,1926.0,1937.0,1895.0,1900.0,3508602,6676654030
2015/06/10 12:00,1940.0,1940.0,1898.0,1899.0,4798168,9143796518
2015/06/13 12:00,1906.0,1908.0,1888.0,1895.0,2404060,4555926548
2015/06/14 12:00,1902.0,1902.0,1880.0,1880.0,2689646,5084043997
2015/06/15 12:00,1894.0,1894.0,1857.0,1860.0,2036576,3800795985
2015/06/16 12:00,1884.0,1886.0,1852.0,1866.0,2086731,3886214238
2015/06/17 12:00,1880.0,1935.0,1870.0,1910.0,1738289,3327921036
2015/06/20 12:00,1945.0,1945.0,1882.0,1888.0,1397446,2658484959
2015/06/21 12:00,1915.0,1924.0,1900.0,1900.0,1806941,3441911767
2015/06/22 12:00,1900.0,1920.0,1898.0,1903.0,1579321,3012969133
2015/06/23 12:00,1891.0,1940.0,1891.0,1920.0,1225003,2341917251
2015/06/24 12:00,1903.0,1940.0,1889.0,1935.0,1936389,3724085669
2015/06/27 12:00,1920.0,1930.0,1898.0,1910.0,1961195,3736266038
2015/06/28 12:00,1899.0,1900.0,1881.0,1896.0,2615485,4958026549
2015/06/29 12:00,1891.0,1900.0,1883.0,1900.0,960674,1814426128
2015/06/30 12:00,1891.0,1940.0,1891.0,1929.0,1660329,3197627547
2015/07/01 12:00,1940.0,1941.0,1917.0,1930.0,3070811,5909763559
2015/07/04 12:00,1930.0,1945.0,1911.0,1920.0,7014050,13525924182
2015/07/05 12:00,1938.0,1938.0,1900.0,1900.0,4686162,8974151256
2015/07/06 12:00,1911.0,1911.0,1883.0,1905.0,4370751,8301788101
2015/07/07 12:00,1900.0,1910.0,1860.0,1900.0,15638867,29600659443
2015/07/11 12:00,1900.0,1900.0,1851.0,1898.0,4096921,7709077455
2015/07/12 12:00,1901.0,1917.0,1890.0,1910.0,4403518,8376406276
2015/07/13 12:00,1931.0,1950.0,1880.0,1885.0,14861968,28198021853
2015/07/14 12:00,1920.0,1920.0,1860.0,1870.0,9103670,17165293965
2015/07/15 12:00,1887.0,1899.0,1820.0,1860.0,10850856,20021659551
2015/09/09 12:00,1170.0,1207.0,1170.0,1180.0,14460212,17158254326
2015/09/12 12:00,1200.0,1235.0,1164.0,1166.0,7140864,8472407004
2015/09/13 12:00,1171.0,1171.0,1140.0,1160.0,3132523,3607007686
2015/09/14 12:00,1169.0,1198.0,1163.0,1177.0,5650260,6655909868
2015/09/15 12:00,1179.0,1180.0,1135.0,1149.0,1696706,1943482256
2015/09/16 12:00,1150.0,1158.0,1125.0,1144.0,4113979,4682701765
2015/09/19 12:00,1140.0,1154.0,1110.0,1110.0,2729045,3072136045
2015/09/20 12:00,1112.0,1125.0,1089.0,1089.0,6050942,6613856825
2015/09/21 12:00,1070.0,1120.0,1055.0,1080.0,3898627,4226042759
2015/09/22 12:00,1099.0,1100.0,1070.0,1070.0,4108563,4434632139
2015/09/23 12:00,1073.0,1094.0,1068.0,1070.0,2748959,2944720053
2015/09/26 12:00,1077.0,1087.0,1055.0,1065.0,1432476,1528958903
2015/09/27 12:00,1075.0,1082.0,1055.0,1060.0,2989073,3187495460
2015/09/28 12:00,1069.0,1079.0,1057.0,1061.0,3974692,4246498758
2015/09/29 12:00,1075.0,1095.0,1070.0,1090.0,3485117,3779319660
2015/09/30 12:00,1099.0,1099.0,1078.0,1081.0,4107385,4464000852
2015/10/03 12:00,1082.0,1100.0,1077.0,1087.0,3894320,4253419872
2015/10/04 12:00,1096.0,1128.0,1081.0,1128.0,13162227,14625431444
2015/10/05 12:00,1120.0,1158.0,1120.0,1145.0,2664993,3055493254
2015/10/06 12:00,1149.0,1166.0,1125.0,1158.0,4979316,5710590155
2015/10/07 12:00,1157.0,1188.0,1157.0,1179.0,5657134,6671196045
2015/10/10 12:00,1165.0,1189.0,1147.0,1160.0,5801407,6742308279
2015/10/28 12:00,1107.0,1107.0,1060.0,1066.0,6358695,6800152380
2015/10/31 12:00,1061.0,1080.0,1048.0,1075.0,4096207,4348584568
2015/11/01 12:00,1075.0,1075.0,1053.0,1070.0,5991981,6416061374
2015/11/02 12:00,1070.0,1074.0,1058.0,1060.0,1900397,2022694003
2015/11/03 12:00,1074.0,1074.0,1060.0,1071.0,2077919,2216799373
2015/11/04 12:00,1062.0,1079.0,1062.0,1078.0,2369047,2535464446
2015/11/07 12:00,1077.0,1090.0,1066.0,1090.0,4257111,4597931117
2015/11/08 12:00,1099.0,1120.0,1070.0,1085.0,6446793,7053002817
2015/11/09 12:00,1099.0,1112.0,1075.0,1084.0,1995991,2161865234
2015/11/10 12:00,1091.0,1094.0,1078.0,1094.0,3691983,4019175592
2015/11/11 12:00,1098.0,1098.0,1075.0,1075.0,14244813,15594322853
2015/11/14 12:00,1090.0,1096.0,1070.0,1090.0,2105187,2293210664
2015/11/15 12:00,1081.0,1104.0,1080.0,1098.0,5277975,5759806653
2015/11/16 12:00,1090.0,1104.0,1087.0,1090.0,17624171,19419931105
2015/11/17 12:00,1091.0,1099.0,1085.0,1090.0,1190479,1297347690
2015/11/18 12:00,1098.0,1119.0,1085.0,1119.0,2987734,3270100489
2015/11/21 12:00,1109.0,1130.0,1089.0,1130.0,6726643,7491845052
2015/11/22 12:00,1120.0,1134.0,1112.0,1120.0,4493492,5044002952
2015/11/23 12:00,1116.0,1143.0,1108.0,1110.0,25793343,28738099814
2015/11/24 12:00,1135.0,1140.0,1105.0,1120.0,4944017,5593313049
2015/11/25 12:00,1138.0,1145.0,1110.0,1133.0,5128262,5805003187
2015/11/28 12:00,1129.0,1138.0,1109.0,1110.0,8720698,9901048822
2015/11/29 12:00,1110.0,1160.0,1109.0,1160.0,6919181,7868130486
2015/11/30 12:00,1143.0,1170.0,1110.0,1168.0,14385706,16366862569
2015/12/01 12:00,1126.0,1138.0,1120.0,1120.0,3678474,4136094407
2015/12/05 12:00,1130.0,1131.0,1109.0,1110.0,1292824,1440077216
2015/12/06 12:00,1100.0,1110.0,1073.0,1078.0,2030701,2200362265
2015/12/07 12:00,1076.0,1090.0,1070.0,1070.0,1305344,1402424207
2015/12/08 12:00,1070.0,1119.0,1066.0,1117.0,18021056,20088276420
2015/12/09 12:00,1079.0,1090.0,1070.0,1075.0,2728760,2932798415
2015/12/13 12:00,1095.0,1095.0,1065.0,1068.0,1880627,2010453953
2015/12/14 12:00,1065.0,1085.0,1063.0,1069.0,1412087,1511644878
2015/12/15 12:00,1071.0,1083.0,1066.0,1070.0,1129796,1210433454
2015/12/16 12:00,1080.0,1118.0,1065.0,1097.0,8470821,9244934898
2015/12/19 12:00,1071.0,1079.0,1064.0,1065.0,1224922,1311118193
2015/12/20 12:00,1064.0,1100.0,1050.0,1057.0,20343017,22282169637
2015/12/21 12:00,1060.0,1100.0,1060.0,1100.0,10559121,11531211528
2015/12/22 12:00,1072.0,1111.0,1070.0,1090.0,11871613,13165431350
2015/12/23 12:00,1080.0,1110.0,1074.0,1099.0,4655880,5115355012
2015/12/26 12:00,1099.0,1099.0,1064.0,1067.0,2994606,3206443713
2015/12/27 12:00,1080.0,1082.0,1060.0,1068.0,3451026,3689770579
2015/12/28 12:00,1064.0,1081.0,1060.0,1060.0,2992397,3195719170
2015/12/30 12:00,1070.0,1074.0,1058.0,1062.0,1593381,1695696432
2016/01/02 12:00,1076.0,1078.0,1050.0,1051.0,3335121,3526117122
2016/01/03 12:00,1060.0,1084.0,1040.0,1050.0,18147736,19572991911
2016/01/04 12:00,1067.0,1067.0,1030.0,1036.0,8338864,8664220112
2016/01/05 12:00,1050.0,1050.0,1028.0,1033.0,6091727,6315390743
2016/01/06 12:00,1062.0,1062.0,1030.0,1040.0,9132782,9508927249
2016/01/09 12:00,1050.0,1050.0,1011.0,1012.0,5082694,5215294630
2016/01/10 12:00,1010.0,1020.0,998.0,1001.0,5206855,5223835609
2016/01/11 12:00,1000.0,1030.0,1000.0,1005.0,4502523,4557478478
2016/01/12 12:00,1010.0,1020.0,999.0,1000.0,7577074,7588938754
2016/01/13 12:00,1001.0,1007.0,995.0,1002.0,7761819,7762374665
2016/01/16 12:00,1019.0,1040.0,1003.0,1024.0,9939689,10094512273
2016/01/17 12:00,1050.0,1059.0,1000.0,1002.0,15096857,15345719745
2016/01/18 12:00,1000.0,1050.0,999.0,1035.0,7618030,7834470877
2016/01/19 12:00,1035.0,1051.0,1029.0,1033.0,4707453,4885084198
2016/01/20 12:00,1021.0,1060.0,1018.0,1041.0,6468174,6742764193
2016/01/23 12:00,1056.0,1085.0,1056.0,1084.0,9429664,10069518688
2016/01/24 12:00,1090.0,1120.0,1085.0,1120.0,55876423,62507248329
2016/01/25 12:00,1174.0,1174.0,1168.0,1174.0,219539914,257738634236
2016/01/26 12:00,1219.0,1220.0,1175.0,1178.0,84861629,102434871254
2016/01/27 12:00,1200.0,1210.0,1147.0,1147.0,50435885,58271924233
2016/01/30 12:00,1141.0,1199.0,1111.0,1125.0,38673783,44451926590
2016/01/31 12:00,1130.0,1158.0,1110.0,1130.0,24342674,27594816394
2016/02/01 12:00,1144.0,1190.0,1135.0,1190.0,82136085,96892378204
2016/02/02 12:00,1239.0,1239.0,1201.0,1239.0,200292727,248124373102
2016/02/03 12:00,1275.0,1300.0,1250.0,1300.0,247682646,321222539521
2016/02/06 12:00,1320.0,1343.0,1278.0,1285.0,47986438,62686060579
2016/02/07 12:00,1295.0,1340.0,1251.0,1268.0,73182113,94379626471
2016/02/08 12:00,1295.0,1354.0,1251.0,1354.0,102283592,135102787455
2016/02/09 12:00,1387.0,1387.0,1320.0,1336.0,113292438,156051340536
2016/02/10 12:00,1336.0,1369.0,1309.0,1310.0,41850966,55892558105
2016/02/13 12:00,1320.0,1320.0,1270.0,1270.0,29931513,38227264572
2016/02/14 12:00,1277.0,1289.0,1215.0,1250.0,35207756,44181696736
2016/02/15 12:00,1286.0,1297.0,1260.0,1289.0,28719396,36927512566
2016/02/16 12:00,1309.0,1309.0,1238.0,1258.0,29165062,36805409411
2016/02/17 12:00,1273.0,1325.0,1221.0,1325.0,81726508,107707979003
2016/02/20 12:00,1358.0,1383.0,1270.0,1338.0,108104917,146806913659
2016/02/21 12:00,1369.0,1376.0,1313.0,1338.0,56930294,77012742066
2016/02/22 12:00,1340.0,1381.0,1339.0,1351.0,32372069,43862803527
2016/02/23 12:00,1367.0,1367.0,1290.0,1339.0,62376352,83276874108
2016/02/24 12:00,1339.0,1340.0,1295.0,1295.0,12948025,16932340835
2016/02/27 12:00,1291.0,1339.0,1280.0,1294.0,18245856,23837702334
2016/02/28 12:00,1297.0,1317.0,1270.0,1271.0,15691093,20142190516
2016/02/29 12:00,1280.0,1309.0,1254.0,1267.0,37120485,47736418403
2016/03/01 12:00,1287.0,1296.0,1250.0,1250.0,16671936,21076862716
2016/03/02 12:00,1260.0,1264.0,1225.0,1241.0,23774075,29653405046
2016/03/05 12:00,1255.0,1298.0,1245.0,1260.0,37113213,47012419673
2016/03/06 12:00,1271.0,1290.0,1251.0,1259.0,28669010,36178885972
2016/03/07 12:00,1258.0,1269.0,1245.0,1262.0,34399051,43384403365
2016/03/08 12:00,1285.0,1324.0,1269.0,1324.0,309032240,407414472959
2016/03/09 12:00,1344.0,1383.0,1335.0,1383.0,135527086,186169594199
2016/03/12 12:00,1442.0,1442.0,1442.0,1442.0,69320719,99960476798
2016/03/14 12:00,1514.0,1514.0,1481.0,1514.0,230157722,347915389619
2016/03/15 12:00,1519.0,1519.0,1437.0,1437.0,126143639,183129560281
2016/03/16 12:00,1440.0,1470.0,1380.0,1450.0,71444636,100284320788
2016/03/26 12:00,1469.0,1474.0,1420.0,1474.0,82707686,121884651654
2016/03/27 12:00,1530.0,1540.0,1461.0,1515.0,71864856,108151216329
2016/03/28 12:00,1523.0,1525.0,1460.0,1476.0,39408328,59144681165
2016/03/29 12:00,1494.0,1494.0,1426.0,1455.0,43250694,62385327958
2016/03/30 12:00,1450.0,1505.0,1410.0,1460.0,43809882,64829129647
2016/04/02 12:00,1480.0,1490.0,1420.0,1422.0,24124207,34621344092
2016/04/03 12:00,1440.0,1447.0,1364.0,1390.0,29460493,40629257273
2016/04/04 12:00,1398.0,1430.0,1390.0,1400.0,34700087,49043352302
2016/04/05 12:00,1405.0,1440.0,1379.0,1390.0,42226303,59614676053
2016/04/06 12:00,1426.0,1426.0,1382.0,1385.0,33351788,46719482035
2016/04/09 12:00,1409.0,1438.0,1391.0,1408.0,20616000,29040442905
2016/04/10 12:00,1409.0,1437.0,1380.0,1383.0,66259319,94181204694
2016/04/11 12:00,1400.0,1422.0,1381.0,1408.0,19403632,27183880153
2016/04/12 12:00,1450.0,1467.0,1390.0,1390.0,106771653,151192820947
2016/04/13 12:00,1420.0,1458.0,1346.0,1352.0,48102035,67991726034
2016/04/16 12:00,1430.0,1434.0,1343.0,1343.0,23312743,31819705754
2016/04/17 12:00,1310.0,1390.0,1297.0,1362.0,25866431,34971412932
2016/04/18 12:00,1393.0,1419.0,1393.0,1419.0,17883611,25317173212
2016/04/19 12:00,1486.0,1486.0,1431.0,1470.0,117008305,172688357854
2016/04/20 12:00,1475.0,1527.0,1430.0,1439.0,56228054,82390398502
2016/04/23 12:00,1476.0,1485.0,1413.0,1426.0,35912985,52294794066
2016/04/24 12:00,1440.0,1449.0,1403.0,1425.0,26555605,37704653436
2016/04/25 12:00,1422.0,1467.0,1422.0,1440.0,26052523,37558954663
2016/04/26 12:00,1425.0,1440.0,1399.0,1410.0,24042726,33919833628
2016/04/27 12:00,1429.0,1429.0,1381.0,1397.0,17858226,25062282622
2016/04/30 12:00,1400.0,1432.0,1390.0,1397.0,19363889,27258601525
2016/05/01 12:00,1400.0,1400.0,1369.0,1378.0,11381171,15712618073
2016/05/02 12:00,1380.0,1408.0,1369.0,1382.0,36373070,50363796041
2016/05/03 12:00,1400.0,1400.0,1356.0,1357.0,15961836,21972373410
2016/05/04 12:00,1356.0,1404.0,1318.0,1330.0,56848538,77240012606
2016/05/07 12:00,1369.0,1389.0,1310.0,1340.0,38099855,51822305096
2016/05/08 12:00,1334.0,1389.0,1317.0,1320.0,34333310,46396707958
2016/05/09 12:00,1332.0,1369.0,1318.0,1320.0,20285302,27094842816
2016/05/10 12:00,1311.0,1376.0,1292.0,1319.0,46056840,61719409333
2016/05/11 12:00,1330.0,1363.0,1286.0,1310.0,39672408,52784295287
2016/05/14 12:00,1319.0,1355.0,1312.0,1321.0,15174689,20162508784
2016/05/15 12:00,1310.0,1333.0,1290.0,1299.0,36946392,48133358520
2016/05/16 12:00,1300.0,1318.0,1275.0,1281.0,56450414,73483700394
2016/05/17 12:00,1277.0,1313.0,1275.0,1280.0,36796283,47487298916
2016/05/18 12:00,1292.0,1344.0,1292.0,1303.0,27798861,36569357877
2016/05/21 12:00,1320.0,1328.0,1288.0,1300.0,18595133,24195790075
2016/05/23 12:00,1300.0,1300.0,1282.0,1285.0,30400682,39299249191
2016/05/24 12:00,1285.0,1289.0,1272.0,1273.0,18077060,23134567134
2016/05/25 12:00,1285.0,1318.0,1273.0,1287.0,32397855,42107703423
2016/05/28 12:00,1300.0,1301.0,1269.0,1271.0,11001557,14100974189
2016/05/29 12:00,1284.0,1294.0,1249.0,1251.0,47400052,60273749997
2016/05/30 12:00,1260.0,1280.0,1255.0,1268.0,8824486,11209135494
2016/05/31 12:00,1262.0,1267.0,1241.0,1241.0,10036850,12567340965
2016/06/01 12:00,1249.0,1269.0,1244.0,1257.0,13666639,17093844000
2016/06/05 12:00,1250.0,1269.0,1250.0,1250.0,23243383,29371091877
2016/06/06 12:00,1241.0,1250.0,1230.0,1242.0,8250318,10238703160
2016/06/07 12:00,1249.0,1249.0,1222.0,1230.0,7738041,9518280716
2016/06/08 12:00,1230.0,1258.0,1206.0,1213.0,28375943,35037557134
2016/06/11 12:00,1221.0,1232.0,1174.0,1177.0,16945926,20069108126
2016/06/12 12:00,1185.0,1217.0,1158.0,1186.0,31067939,37001142235
2016/06/13 12:00,1182.0,1214.0,1160.0,1185.0,25602779,30721563101
2016/06/14 12:00,1175.0,1212.0,1150.0,1171.0,41357481,49644722732
2016/06/15 12:00,1166.0,1187.0,1161.0,1170.0,8310160,9753416957
2016/06/18 12:00,1180.0,1188.0,1136.0,1136.0,8767860,10119754586
2016/06/19 12:00,1136.0,1177.0,1121.0,1135.0,20255593,23552739397
2016/06/20 12:00,1123.0,1148.0,1120.0,1130.0,6280591,7103515917
2016/06/21 12:00,1137.0,1189.0,1123.0,1189.0,32791859,37780998289
2016/06/22 12:00,1189.0,1209.0,1180.0,1209.0,10573181,12679749540
2016/06/25 12:00,1207.0,1210.0,1173.0,1191.0,24972912,30002891358
2016/06/26 12:00,1208.0,1228.0,1170.0,1200.0,28698079,34776500545
2016/06/28 12:00,1221.0,1272.0,1220.0,1234.0,75842801,94812248428
2016/06/29 12:00,1245.0,1259.0,1200.0,1224.0,41121366,51077063086
2016/07/02 12:00,1235.0,1263.0,1230.0,1250.0,19512994,24307894556
2016/07/03 12:00,1251.0,1251.0,1231.0,1231.0,8441623,10492232681
2016/07/04 12:00,1234.0,1267.0,1200.0,1208.0,27391202,34148331752
2016/07/05 12:00,1215.0,1243.0,1201.0,1216.0,5437415,6651463437
2016/07/09 12:00,1234.0,1244.0,1185.0,1190.0,14452276,17486387781
2016/07/10 12:00,1196.0,1250.0,1186.0,1199.0,25817150,31731488759
2016/07/11 12:00,1203.0,1241.0,1189.0,1200.0,27328910,33482135505
2016/07/12 12:00,1200.0,1237.0,1195.0,1196.0,25296180,30996839711
2016/07/13 12:00,1210.0,1237.0,1190.0,1210.0,30630656,37467265403
2016/07/16 12:00,1207.0,1251.0,1201.0,1241.0,32713966,40431667735
2016/07/17 12:00,1240.0,1290.0,1229.0,1270.0,55033316,69430455075
2016/07/23 12:00,1260.0,1272.0,1253.0,1264.0,6839933,8643956614
2016/07/24 12:00,1269.0,1327.0,1269.0,1327.0,96241850,126681257313
2016/07/25 12:00,1340.0,1367.0,1289.0,1318.0,33079683,43815144015
2016/07/26 12:00,1278.0,1329.0,1271.0,1286.0,23357926,30446307644
2016/07/27 12:00,1358.0,1358.0,1282.0,1286.0,59720502,78832915504
2016/07/31 12:00,1297.0,1355.0,1297.0,1314.0,68178685,90074583928
2016/08/01 12:00,1308.0,1312.0,1278.0,1280.0,58668233,76683977598
2016/08/02 12:00,1311.0,1330.0,1301.0,1310.0,30806589,40471606211
2016/08/03 12:00,1328.0,1338.0,1299.0,1302.0,13460560,17748020854
2016/08/06 12:00,1305.0,1384.0,1300.0,1369.0,105234217,143070647951
2016/08/07 12:00,1370.0,1407.0,1337.0,1337.0,52320497,71158512493
2016/08/08 12:00,1347.0,1347.0,1317.0,1330.0,7519416,9979654897
2016/08/09 12:00,1337.0,1350.0,1330.0,1331.0,8180324,10972947852
2016/08/10 12:00,1340.0,1345.0,1308.0,1312.0,8444785,11140249643
2016/08/13 12:00,1319.0,1344.0,1296.0,1300.0,26114978,34319613025
2016/08/14 12:00,1311.0,1320.0,1300.0,1302.0,5097859,6659930673
2016/08/15 12:00,1301.0,1310.0,1290.0,1294.0,6653039,8631998734
2016/08/16 12:00,1290.0,1329.0,1280.0,1328.0,13937942,18229485277
2016/08/17 12:00,1299.0,1310.0,1287.0,1300.0,3623463,4693684109
2016/08/20 12:00,1290.0,1296.0,1282.0,1286.0,3557084,4575705403
2016/08/21 12:00,1285.0,1307.0,1260.0,1285.0,21814619,28229966247
2016/08/22 12:00,1288.0,1288.0,1261.0,1265.0,4971680,6304152357
2016/08/23 12:00,1261.0,1285.0,1260.0,1261.0,7601229,9652166731
2016/08/24 12:00,1260.0,1290.0,1259.0,1260.0,19877898,25439567385
2016/08/27 12:00,1262.0,1263.0,1242.0,1250.0,10128196,12651746529
2016/08/28 12:00,1249.0,1249.0,1200.0,1215.0,14190313,17223546199
2016/08/29 12:00,1201.0,1246.0,1200.0,1222.0,12536296,15355313240
2016/08/30 12:00,1240.0,1250.0,1213.0,1249.0,7591622,9428110056
2016/08/31 12:00,1250.0,1250.0,1216.0,1216.0,5601965,6873394951
2016/09/03 12:00,1220.0,1238.0,1194.0,1200.0,8319975,10057012560
2016/09/04 12:00,1210.0,1210.0,1177.0,1181.0,7371136,8731285845
2016/09/05 12:00,1198.0,1199.0,1187.0,1190.0,24969211,29739982164
2016/09/06 12:00,1198.0,1198.0,1182.0,1188.0,3889842,4629379005
2016/09/07 12:00,1190.0,1201.0,1189.0,1201.0,4495904,5366180474
2016/09/10 12:00,1200.0,1214.0,1181.0,1200.0,11499595,13840996798
2016/09/11 12:00,1212.0,1212.0,1189.0,1196.0,3412007,4083140910
2016/09/13 12:00,1193.0,1204.0,1185.0,1185.0,3438521,4101052188
2016/09/14 12:00,1181.0,1210.0,1180.0,1190.0,6708450,7999853109
2016/09/17 12:00,1182.0,1199.0,1180.0,1185.0,3951666,4671336062
2016/09/18 12:00,1181.0,1195.0,1175.0,1175.0,11182391,13199026733
2016/09/19 12:00,1174.0,1191.0,1174.0,1182.0,2619738,3096623355
2016/09/21 12:00,1185.0,1196.0,1180.0,1188.0,4834792,5729125990
2016/09/24 12:00,1190.0,1207.0,1190.0,1201.0,6439227,7730282144
2016/09/25 12:00,1202.0,1207.0,1184.0,1184.0,6641359,7933661140
2016/09/26 12:00,1186.0,1194.0,1185.0,1193.0,4962365,5899840726
2016/09/27 12:00,1199.0,1241.0,1193.0,1231.0,17237913,21065262450
2016/09/28 12:00,1230.0,1260.0,1218.0,1225.0,8603062,10689073337
2016/10/01 12:00,1247.0,1251.0,1220.0,1228.0,4871618,6034242811
2016/10/02 12:00,1236.0,1239.0,1199.0,1201.0,7191190,8695156237
2016/10/03 12:00,1201.0,1216.0,1182.0,1186.0,11797840,14082167273
2016/10/04 12:00,1192.0,1207.0,1192.0,1195.0,7824366,9366464814
2016/10/05 12:00,1200.0,1209.0,1181.0,1184.0,7236619,8609918421
2016/10/08 12:00,1186.0,1205.0,1186.0,1195.0,3542811,4237630954
2016/10/09 12:00,1192.0,1235.0,1192.0,1222.0,10204486,12452653900
2016/10/10 12:00,1220.0,1230.0,1210.0,1220.0,4682229,5708076705
2016/10/15 12:00,1230.0,1246.0,1219.0,1231.0,7919203,9750944523
2016/10/16 12:00,1221.0,1240.0,1210.0,1210.0,6427343,7806620939
2016/10/17 12:00,1230.0,1230.0,1210.0,1230.0,26259852,32053926471
2016/10/18 12:00,1230.0,1230.0,1200.0,1200.0,9484745,11487501751
2016/10/19 12:00,1220.0,1238.0,1210.0,1229.0,18894200,23100335936
2016/10/22 12:00,1240.0,1250.0,1227.0,1239.0,8764455,10885453538
2016/10/23 12:00,1244.0,1244.0,1212.0,1223.0,7257243,8938661228
2016/10/24 12:00,1233.0,1238.0,1211.0,1214.0,9380587,11455781214
2016/10/25 12:00,1228.0,1280.0,1228.0,1254.0,28328055,35528248617
2016/10/26 12:00,1253.0,1316.0,1250.0,1316.0,83347900,108860215203
2016/10/29 12:00,1326.0,1371.0,1326.0,1331.0,47184271,64119185431
2016/10/30 12:00,1339.0,1339.0,1301.0,1310.0,16473448,21579350607
2016/10/31 12:00,1306.0,1329.0,1286.0,1300.0,26623243,34583636094
2016/11/01 12:00,1308.0,1315.0,1269.0,1270.0,21123121,27359035289
2016/11/02 12:00,1290.0,1302.0,1285.0,1292.0,6781734,8776130217
2016/11/05 12:00,1283.0,1300.0,1270.0,1278.0,6840888,8761907127
2016/11/06 12:00,1280.0,1297.0,1268.0,1297.0,7336643,9402653702
2016/11/07 12:00,1295.0,1339.0,1295.0,1332.0,16951393,22356986388
2016/11/08 12:00,1339.0,1376.0,1330.0,1369.0,51644605,69972615530
2016/11/09 12:00,1296.0,1350.0,1288.0,1340.0,48545271,63349443788
2016/11/12 12:00,1369.0,1370.0,1352.0,1370.0,159801816,218734334335
2016/11/13 12:00,1380.0,1380.0,1332.0,1350.0,22493564,30508897372
2016/11/14 12:00,1344.0,1359.0,1331.0,1340.0,23887201,32089107087
2016/11/15 12:00,1342.0,1357.0,1311.0,1316.0,11654804,15394378620
2016/11/16 12:00,1310.0,1325.0,1291.0,1291.0,12604097,16414909384
2016/11/19 12:00,1300.0,1333.0,1281.0,1328.0,12719442,16589660753
2016/11/21 12:00,1320.0,1332.0,1300.0,1309.0,4557368,5980547825
2016/11/22 12:00,1311.0,1329.0,1309.0,1320.0,7933064,10422311879
2016/11/23 12:00,1319.0,1321.0,1304.0,1305.0,8720436,11447761679
2016/11/26 12:00,1320.0,1350.0,1310.0,1312.0,12294168,16357042917
2016/11/27 12:00,1329.0,1330.0,1310.0,1320.0,7232114,9525353310
2016/11/29 12:00,1307.0,1360.0,1307.0,1360.0,16611761,22214970170
2016/12/03 12:00,1327.0,1348.0,1310.0,1331.0,12130998,16053341954
2016/12/04 12:00,1331.0,1360.0,1324.0,1345.0,27511836,37049070513
2016/12/05 12:00,1365.0,1402.0,1358.0,1390.0,85008765,117887255597
2016/12/06 12:00,1400.0,1456.0,1385.0,1412.0,162692651,234135825611
2016/12/07 12:00,1414.0,1470.0,1410.0,1444.0,70418126,101970679815
2016/12/10 12:00,1441.0,1441.0,1399.0,1400.0,19231114,27142627528
2016/12/11 12:00,1396.0,1400.0,1378.0,1394.0,12830063,17850939274
2016/12/12 12:00,1400.0,1424.0,1385.0,1397.0,12592333,17663290233
2016/12/13 12:00,1390.0,1410.0,1390.0,1397.0,6710011,9385225752
2016/12/14 12:00,1390.0,1438.0,1382.0,1420.0,24915880,35320768868
2016/12/18 12:00,1408.0,1448.0,1404.0,1410.0,13992421,19954117372
2016/12/19 12:00,1428.0,1429.0,1391.0,1419.0,9331849,13115992114
2016/12/20 12:00,1400.0,1413.0,1384.0,1402.0,14249311,19873122646
2016/12/21 12:00,1382.0,1419.0,1382.0,1411.0,6186715,8664566802
2016/12/24 12:00,1398.0,1404.0,1385.0,1385.0,5281105,7378431819
2016/12/25 12:00,1391.0,1398.0,1377.0,1382.0,10173483,14059996569
2016/12/26 12:00,1390.0,1411.0,1386.0,1410.0,21928570,30671548643
2016/12/27 12:00,1407.0,1409.0,1377.0,1381.0,16364490,22662537045
2016/12/28 12:00,1380.0,1382.0,1362.0,1365.0,12129871,16640196105
2016/12/31 12:00,1360.0,1377.0,1352.0,1358.0,8745289,11904268966
2017/01/01 12:00,1360.0,1360.0,1340.0,1346.0,9231106,12451696707
2017/01/02 12:00,1348.0,1397.0,1345.0,1380.0,17175228,23475335941
2017/01/03 12:00,1367.0,1385.0,1355.0,1370.0,9856959,13488053388
2017/01/04 12:00,1370.0,1399.0,1370.0,1398.0,10446286,14523166189
2017/01/07 12:00,1400.0,1410.0,1387.0,1388.0,15230630,21302608209
2017/01/08 12:00,1394.0,1420.0,1378.0,1412.0,15864974,22225522863
2017/01/09 12:00,1397.0,1420.0,1378.0,1403.0,13565685,19069443303
2017/01/11 12:00,1400.0,1431.0,1400.0,1411.0,17634207,24989131333
2017/01/14 12:00,1420.0,1433.0,1403.0,1415.0,9178460,13035583652
2017/01/15 12:00,1420.0,1459.0,1405.0,1434.0,17459075,25072390628
2017/01/16 12:00,1421.0,1455.0,1421.0,1436.0,19057010,27506485538
2017/01/17 12:00,1448.0,1450.0,1425.0,1450.0,13005289,18748550677
2017/01/18 12:00,1440.0,1485.0,1427.0,1451.0,24228603,35333284874
2017/01/21 12:00,1451.0,1472.0,1442.0,1443.0,11491564,16788051925
2017/01/22 12:00,1441.0,1470.0,1440.0,1441.0,18173166,26512577784
2017/01/23 12:00,1445.0,1468.0,1436.0,1455.0,15673107,22853671839
2017/01/24 12:00,1440.0,1463.0,1439.0,1450.0,17837770,25928810407
2017/01/25 12:00,1450.0,1456.0,1428.0,1430.0,9821791,14140558835
2017/01/28 12:00,1439.0,1445.0,1401.0,1409.0,10687236,15149832652
2017/01/29 12:00,1402.0,1418.0,1395.0,1418.0,7936988,11143433228
2017/01/30 12:00,1400.0,1420.0,1397.0,1407.0,6864928,9664119895
2017/01/31 12:00,1407.0,1420.0,1391.0,1418.0,14385633,20274637359
2017/02/01 12:00,1400.0,1419.0,1396.0,1401.0,5461156,7673041231
2017/02/04 12:00,1400.0,1400.0,1361.0,1370.0,10537077,14431202703
2017/02/05 12:00,1370.0,1380.0,1356.0,1379.0,12495512,17154623305
2017/02/06 12:00,1373.0,1379.0,1362.0,1370.0,5858866,8025018883
2017/02/07 12:00,1369.0,1375.0,1356.0,1357.0,7971399,10867178053
2017/02/08 12:00,1356.0,1398.0,1351.0,1373.0,7812930,10775107728
2017/02/11 12:00,1380.0,1401.0,1352.0,1367.0,13775716,18833378926
2017/02/12 12:00,1365.0,1400.0,1353.0,1387.0,18302752,25407521685
2017/02/13 12:00,1375.0,1400.0,1369.0,1370.0,13491339,18712050048
2017/02/14 12:00,1364.0,1415.0,1363.0,1389.0,19396246,27057531681
2017/02/15 12:00,1381.0,1430.0,1380.0,1415.0,12774958,18121603029
2017/02/26 12:00,1420.0,1437.0,1401.0,1401.0,28541559,40494317959
2017/02/27 12:00,1418.0,1430.0,1402.0,1410.0,24506808,34744161278
2017/02/28 12:00,1410.0,1430.0,1407.0,1410.0,26256400,37061541843
2017/03/01 12:00,1410.0,1420.0,1405.0,1414.0,19061482,26953557445
2017/03/04 12:00,1410.0,1429.0,1400.0,1408.0,15380475,21765853402
2017/03/05 12:00,1399.0,1428.0,1382.0,1390.0,13276201,18737975001
2017/03/06 12:00,1408.0,1420.0,1389.0,1390.0,11328354,15877931098
2017/03/07 12:00,1386.0,1420.0,1380.0,1400.0,23203705,32719844832
2017/03/08 12:00,1398.0,1418.0,1382.0,1384.0,7798083,10896433357
2017/03/11 12:00,1398.0,1415.0,1369.0,1369.0,28690206,39994679392
2017/03/12 12:00,1395.0,1400.0,1369.0,1370.0,18750568,25970711472
2017/03/13 12:00,1372.0,1399.0,1351.0,1360.0,20466463,28105790476
2017/03/18 12:00,1394.0,1430.0,1388.0,1409.0,7948662,11196153484
2017/03/25 12:00,1427.0,1427.0,1393.0,1412.0,2215304,3117468291
2017/03/26 12:00,1400.0,1420.0,1385.0,1404.0,5580798,7855841886
2017/03/27 12:00,1410.0,1420.0,1389.0,1410.0,6028539,8493586422
2017/03/28 12:00,1410.0,1419.0,1393.0,1407.0,3323272,4677752724
2017/03/29 12:00,1410.0,1420.0,1393.0,1410.0,2758171,3893009951
2017/04/03 12:00,1412.0,1412.0,1394.0,1396.0,2837101,3977006737
2017/04/04 12:00,1407.0,1420.0,1390.0,1400.0,8468208,11932997839
2017/04/05 12:00,1408.0,1418.0,1396.0,1400.0,6588089,9231310341
2017/04/08 12:00,1390.0,1407.0,1385.0,1385.0,11042275,15432172968
2017/04/09 12:00,1381.0,1400.0,1381.0,1388.0,9990092,13885522198
2017/04/10 12:00,1389.0,1390.0,1365.0,1365.0,16309268,22394260971
2017/04/12 12:00,1390.0,1390.0,1330.0,1340.0,36179735,48789942915
2017/04/15 12:00,1360.0,1371.0,1319.0,1338.0,102363933,136292679815
2017/04/16 12:00,1320.0,1353.0,1320.0,1320.0,60936003,81118159278
2017/04/17 12:00,1319.0,1365.0,1311.0,1330.0,16338905,21772666855
2017/04/18 12:00,1350.0,1352.0,1313.0,1313.0,32620987,43370377446
2017/04/19 12:00,1317.0,1386.0,1317.0,1333.0,23501677,31828793624
2017/04/22 12:00,1336.0,1348.0,1329.0,1332.0,9855281,13152772375
2017/04/23 12:00,1329.0,1335.0,1318.0,1335.0,9746180,12893012683
2017/04/24 12:00,1339.0,1360.0,1318.0,1325.0,11922528,16023773383
2017/04/26 12:00,1348.0,1358.0,1329.0,1355.0,8636685,11596314275
2017/04/29 12:00,1360.0,1372.0,1341.0,1350.0,18461688,25111012716
2017/04/30 12:00,1342.0,1380.0,1333.0,1350.0,10434448,14139648476
2017/05/01 12:00,1350.0,1378.0,1343.0,1360.0,12023346,16431868972
2017/05/02 12:00,1361.0,1363.0,1344.0,1344.0,3642451,4924576375
2017/05/03 12:00,1350.0,1380.0,1340.0,1380.0,8274997,11294751620
2017/05/06 12:00,1350.0,1375.0,1336.0,1340.0,3750833,5050391098
2017/05/07 12:00,1338.0,1370.0,1329.0,1350.0,17205115,23338710605
2017/05/08 12:00,1360.0,1380.0,1343.0,1349.0,10288410,14090229658
2017/05/09 12:00,1342.0,1380.0,1341.0,1369.0,13990751,19207051631
2017/05/10 12:00,1360.0,1389.0,1350.0,1371.0,22472853,30803324268
2017/05/13 12:00,1352.0,1379.0,1350.0,1353.0,6131796,8373827767
2017/05/14 12:00,1352.0,1373.0,1346.0,1351.0,9796974,13359282666
2017/05/15 12:00,1350.0,1378.0,1340.0,1345.0,10043116,13664786595
2017/05/16 12:00,1358.0,1371.0,1341.0,1348.0,6343443,8635284111
2017/05/17 12:00,1377.0,1377.0,1330.0,1335.0,14906745,20114793999
2017/05/20 12:00,1351.0,1372.0,1344.0,1344.0,4345263,5871055275
2017/05/21 12:00,1361.0,1377.0,1345.0,1363.0,7663949,10443033201
2017/05/22 12:00,1365.0,1371.0,1351.0,1360.0,9123709,12464288572
2017/05/23 12:00,1351.0,1381.0,1348.0,1355.0,10180590,13942406221
2017/05/24 12:00,1374.0,1398.0,1355.0,1390.0,14617656,20194191969
2017/05/27 12:00,1385.0,1416.0,1380.0,1385.0,9190499,12818598985
2017/05/28 12:00,1380.0,1415.0,1380.0,1390.0,7776437,10926132238
2017/05/29 12:00,1390.0,1419.0,1390.0,1392.0,9921926,13983998883
2017/05/30 12:00,1385.0,1430.0,1385.0,1400.0,19349853,27353466466
2017/05/31 12:00,1400.0,1428.0,1388.0,1389.0,25747128,36464261031
2017/06/03 12:00,1390.0,1396.0,1384.0,1388.0,3994494,5542262514
2017/06/06 12:00,1400.0,1418.0,1380.0,1415.0,9767260,13672989029
2017/06/07 12:00,1410.0,1410.0,1361.0,1390.0,4522419,6248529022
2017/06/10 12:00,1395.0,1409.0,1388.0,1407.0,6741977,9409265409
2017/06/11 12:00,1407.0,1409.0,1387.0,1395.0,9921404,13925758766
2017/06/12 12:00,1389.0,1400.0,1385.0,1386.0,1616187,2248556484
2017/06/13 12:00,1384.0,1399.0,1376.0,1381.0,2586039,3591215207
2017/06/14 12:00,1377.0,1400.0,1377.0,1383.0,1853264,2578354962
2017/06/17 12:00,1398.0,1400.0,1360.0,1361.0,7050920,9699627141
2017/06/18 12:00,1377.0,1396.0,1360.0,1363.0,16935760,23323376765
2017/06/25 12:00,1400.0,1417.0,1399.0,1417.0,16083557,22574008521
2017/06/28 12:00,1411.0,1454.0,1411.0,1432.0,10254788,14731731501
2017/07/01 12:00,1441.0,1457.0,1439.0,1440.0,19991212,28947802124
2017/07/02 12:00,1435.0,1459.0,1418.0,1418.0,17224346,24787150844
2017/07/03 12:00,1422.0,1446.0,1421.0,1432.0,8757442,12544517576
2017/07/04 12:00,1421.0,1446.0,1421.0,1433.0,9747544,13996747880
2017/07/05 12:00,1430.0,1455.0,1430.0,1443.0,12735686,18376592978
2017/07/08 12:00,1449.0,1450.0,1439.0,1446.0,14878854,21503661520
2017/07/09 12:00,1447.0,1453.0,1445.0,1450.0,21690765,31441029157
2017/07/10 12:00,1449.0,1522.0,1445.0,1520.0,61655018,92963545569
2017/07/11 12:00,1502.0,1521.0,1496.0,1497.0,22519882,33877417208
2017/07/12 12:00,1485.0,1521.0,1485.0,1518.0,14755660,22267662769
2017/07/15 12:00,1507.0,1544.0,1507.0,1529.0,39327013,60195988262
2017/07/16 12:00,1532.0,1551.0,1531.0,1543.0,25342052,39118560177
2017/07/17 12:00,1541.0,1621.0,1529.0,1619.0,114850435,181759418344
2017/07/23 12:00,1635.0,1635.0,1580.0,1602.0,134810511,215981772100
2017/07/24 12:00,1600.0,1643.0,1584.0,1625.0,99618612,161131092739
2017/07/25 12:00,1619.0,1638.0,1614.0,1630.0,49937327,81340381281
2017/07/26 12:00,1634.0,1710.0,1634.0,1650.0,87808056,147648512872
2017/07/29 12:00,1670.0,1670.0,1617.0,1651.0,17008431,27956646165
2017/07/30 12:00,1642.0,1680.0,1642.0,1656.0,18527808,30796053471
2017/07/31 12:00,1652.0,1714.0,1652.0,1690.0,43822176,74207659484
2017/08/01 12:00,1716.0,1716.0,1690.0,1700.0,35333955,60067237873
2017/08/02 12:00,1700.0,1701.0,1683.0,1689.0,22294532,37730083651
2017/08/06 12:00,1695.0,1695.0,1655.0,1660.0,23831412,39842264518
2017/08/07 12:00,1677.0,1692.0,1671.0,1681.0,27063210,45465017656
2017/08/08 12:00,1690.0,1700.0,1673.0,1700.0,27933850,47071134059
2017/08/09 12:00,1700.0,1769.0,1700.0,1763.0,89115078,155940532054
2017/08/12 12:00,1777.0,1802.0,1751.0,1800.0,30246469,53784975090
2017/08/13 12:00,1762.0,1815.0,1762.0,1779.0,26572950,47717727886
2017/08/14 12:00,1780.0,1810.0,1766.0,1805.0,51978081,93557141243
2017/08/15 12:00,1800.0,1801.0,1760.0,1770.0,26089712,46384269752
2017/08/16 12:00,1780.0,1790.0,1767.0,1775.0,14102512,25032454913
2017/08/19 12:00,1786.0,1810.0,1780.0,1791.0,25739060,46222179001
2017/08/20 12:00,1780.0,1800.0,1773.0,1794.0,13978955,25026964787
2017/08/21 12:00,1798.0,1809.0,1787.0,1791.0,26090115,46867420072
2017/08/22 12:00,1805.0,1860.0,1800.0,1819.0,37676155,68603780221
2017/08/23 12:00,1840.0,1840.0,1816.0,1827.0,32351336,59043497000
2017/08/26 12:00,1835.0,1910.0,1823.0,1870.0,50203913,94087950622
2017/08/27 12:00,1879.0,1879.0,1857.0,1873.0,17674886,32998117324
2017/08/28 12:00,1875.0,1912.0,1856.0,1910.0,34431612,65078656170
2017/08/29 12:00,1916.0,1982.0,1916.0,1940.0,98542716,193101325099
2017/08/30 12:00,1957.0,1965.0,1881.0,1900.0,28666469,54862007729
2017/09/02 12:00,1919.0,1919.0,1869.0,1880.0,12482740,23613058696
2017/09/03 12:00,1898.0,1908.0,1864.0,1877.0,9253296,17358142699
2017/09/04 12:00,1860.0,1930.0,1860.0,1898.0,15274811,29018861774
2017/09/05 12:00,1900.0,1952.0,1900.0,1923.0,14255174,27478651526
2017/09/06 12:00,1909.0,1943.0,1897.0,1924.0,10995856,21071463615
2017/09/10 12:00,1876.0,1900.0,1861.0,1883.0,11471433,21572692301
2017/09/11 12:00,1888.0,1923.0,1870.0,1910.0,27180535,51735723491
2017/09/12 12:00,1900.0,1933.0,1900.0,1922.0,14588444,27983427061
2017/09/13 12:00,1910.0,1946.0,1900.0,1940.0,40641068,77857932200
2017/09/16 12:00,1918.0,1943.0,1900.0,1900.0,25413420,48435724365
2017/09/17 12:00,1900.0,1938.0,1900.0,1929.0,12609609,24226745366
2017/09/18 12:00,1907.0,2000.0,1907.0,1983.0,30503244,59939671515
2017/09/19 12:00,1980.0,2034.0,1980.0,2019.0,37552672,75829959657
2017/09/20 12:00,2020.0,2048.0,2020.0,2035.0,36264921,73808676885
2017/09/23 12:00,2016.0,2016.0,1985.0,2000.0,25885423,51690110502
2017/09/24 12:00,2004.0,2010.0,1961.0,1973.0,16453193,32559800793
2017/09/25 12:00,1978.0,1985.0,1956.0,1970.0,19469986,38306679905
2017/09/26 12:00,1959.0,1969.0,1956.0,1960.0,15552918,30502658284
2017/09/27 12:00,1966.0,1998.0,1956.0,1998.0,21247509,41954023374
2017/10/02 12:00,1994.0,1999.0,1945.0,1950.0,20957984,40999682941
2017/10/03 12:00,1945.0,1962.0,1939.0,1950.0,19784431,38555290802
2017/10/04 12:00,1942.0,1960.0,1939.0,1942.0,13666016,26562759653
2017/10/07 12:00,1936.0,1959.0,1905.0,1906.0,16910088,32558320577
2017/10/08 12:00,1929.0,1930.0,1887.0,1905.0,31080227,59279374199
2017/10/09 12:00,1900.0,1929.0,1900.0,1912.0,10491709,20083019626
2017/10/10 12:00,1933.0,1950.0,1926.0,1940.0,7441629,14421987300
2017/10/11 12:00,1944.0,1960.0,1916.0,1950.0,15988809,31004354753
2017/10/14 12:00,1966.0,2006.0,1962.0,1980.0,20750405,41253749206
2017/10/15 12:00,1988.0,2012.0,1985.0,2010.0,45305402,90700635383
2017/10/16 12:00,2011.0,2055.0,2011.0,2048.0,39440098,80464995522
2017/10/17 12:00,2037.0,2103.0,2037.0,2100.0,88615056,183875742935
2017/10/18 12:00,2111.0,2130.0,2099.0,2126.0,46270556,97871794640
2017/10/21 12:00,2240.0,2280.0,2230.0,2270.0,111715486,251999404811
2017/10/22 12:00,2290.0,2315.0,2230.0,2230.0,39722918,90341222569
2017/10/23 12:00,2250.0,2287.0,2203.0,2287.0,38848602,88001412234
2017/10/24 12:00,2281.0,2355.0,2279.0,2342.0,49835197,115784446538
2017/10/25 12:00,2335.0,2380.0,2335.0,2362.0,27032435,63798330086
2017/10/28 12:00,2379.0,2420.0,2360.0,2408.0,44755740,107387945323
2017/10/29 12:00,2426.0,2430.0,2366.0,2376.0,38666187,92624762313
2017/10/30 12:00,2380.0,2381.0,2337.0,2340.0,24200634,56887509133
2017/10/31 12:00,2332.0,2372.0,2299.0,2332.0,28780922,67251633510
2017/11/01 12:00,2349.0,2349.0,2317.0,2330.0,22244931,51887416577
2017/11/04 12:00,2307.0,2340.0,2307.0,2329.0,16958764,39463506780
2017/11/05 12:00,2321.0,2329.0,2310.0,2313.0,14480849,33581175659
2017/11/06 12:00,2310.0,2327.0,2290.0,2307.0,26571452,61229855392
2017/11/07 12:00,2300.0,2322.0,2300.0,2313.0,12887741,29770688397
2017/11/08 12:00,2309.0,2350.0,2300.0,2300.0,10386660,23983876340
2017/11/11 12:00,2300.0,2330.0,2269.0,2279.0,19620945,44793110157
2017/11/12 12:00,2268.0,2300.0,2261.0,2290.0,13946740,31909077493
2017/11/13 12:00,2311.0,2348.0,2311.0,2345.0,19888384,46333384243
2017/11/14 12:00,2340.0,2370.0,2333.0,2360.0,16406770,38595934294
2017/11/15 12:00,2356.0,2420.0,2353.0,2408.0,40450398,97041440444
2017/11/18 12:00,2407.0,2430.0,2407.0,2420.0,16247263,39322768735
2017/11/20 12:00,2430.0,2462.0,2423.0,2460.0,31069687,76107221569
2017/11/21 12:00,2452.0,2560.0,2452.0,2559.0,55922640,141196004763
2017/11/22 12:00,2550.0,2614.0,2550.0,2609.0,39858499,103320941154
2017/11/25 12:00,2650.0,2674.0,2598.0,2600.0,27140064,71333202839
2017/11/26 12:00,2630.0,2712.0,2572.0,2690.0,54014316,143131973209
2017/11/28 12:00,2700.0,2772.0,2681.0,2745.0,72760572,199338361960
2017/11/29 12:00,2774.0,2774.0,2691.0,2720.0,43316491,117674792257
2017/12/02 12:00,2725.0,2765.0,2725.0,2730.0,18620043,50982362138
2017/12/03 12:00,2712.0,2735.0,2670.0,2699.0,32881516,88524284137
2017/12/04 12:00,2692.0,2720.0,2671.0,2710.0,22092725,59671662832
2017/12/05 12:00,2700.0,2720.0,2690.0,2702.0,11162686,30125114044
2017/12/09 12:00,2701.0,2752.0,2701.0,2738.0,12672857,34701128937
2017/12/10 12:00,2730.0,2742.0,2729.0,2733.0,11960200,32678843181
2017/12/11 12:00,2720.0,2796.0,2720.0,2771.0,48019020,133070501382
2017/12/12 12:00,2781.0,2909.0,2781.0,2900.0,56136860,162014858200
2017/12/13 12:00,2900.0,2945.0,2800.0,2800.0,88434887,252076123732
2017/12/16 12:00,2840.0,2900.0,2800.0,2898.0,124551445,351965536067
2017/12/17 12:00,2900.0,2949.0,2830.0,2869.0,183433032,522764159313
2017/12/18 12:00,2860.0,2900.0,2854.0,2860.0,32281473,92672185547
2017/12/19 12:00,2851.0,2874.0,2848.0,2849.0,24026270,68572125585
2017/12/20 12:00,2853.0,2936.0,2852.0,2920.0,36335911,105023145405
2017/12/23 12:00,2929.0,3025.0,2929.0,3010.0,92302517,276616664793
2017/12/24 12:00,3002.0,3034.0,2999.0,3020.0,26851650,80939191953
2017/12/25 12:00,3021.0,3124.0,3020.0,3119.0,78531773,242875364486
2017/12/26 12:00,3127.0,3129.0,3024.0,3090.0,38307067,117889054979
2017/12/27 12:00,3080.0,3087.0,3001.0,3005.0,48098134,146140431622
2017/12/30 12:00,3000.0,3041.0,2911.0,2983.0,72586869,217755199535
2017/12/31 12:00,2950.0,3005.0,2850.0,3001.0,170346099,501339798823
2018/01/01 12:00,2963.0,3014.0,2943.0,2965.0,41629722,123374794651
2018/01/02 12:00,2980.0,2990.0,2924.0,2940.0,47074830,139152823246
2018/01/03 12:00,2970.0,2970.0,2913.0,2950.0,20388813,59818464932
2018/01/06 12:00,2905.0,2976.0,2905.0,2931.0,30003330,88353324666
2018/01/07 12:00,2950.0,2957.0,2857.0,2870.0,33622303,97331074569
2018/01/08 12:00,2890.0,2922.0,2865.0,2871.0,29104036,84108777703
2018/01/09 12:00,2891.0,2895.0,2851.0,2861.0,18197832,52048786054
2018/01/10 12:00,2850.0,2870.0,2834.0,2840.0,37371765,106416704375
2018/01/13 12:00,2895.0,2917.0,2846.0,2874.0,21902045,63077148101
2018/01/14 12:00,2899.0,2999.0,2891.0,2970.0,72815892,215366213048
2018/01/15 12:00,3000.0,3035.0,3000.0,3017.0,45304390,136687324921
2018/01/16 12:00,3040.0,3080.0,3035.0,3067.0,46843572,143297343364
2018/01/17 12:00,3050.0,3137.0,3050.0,3099.0,48264548,149642271518
2018/01/20 12:00,3090.0,3130.0,2985.0,3000.0,29352618,89522887741
2018/01/21 12:00,3000.0,3000.0,2957.0,2975.0,17826533,53070906904
2018/01/22 12:00,2973.0,3025.0,2968.0,2982.0,15470465,46175440433
2018/01/23 12:00,2985.0,3010.0,2970.0,3010.0,17127052,51127531954
2018/01/24 12:00,3012.0,3047.0,2950.0,2950.0,38447670,115262414192
2018/01/27 12:00,2964.0,2964.0,2890.0,2918.0,41606913,120923354007
2018/01/28 12:00,2910.0,2934.0,2891.0,2894.0,27187774,78977970243
2018/01/29 12:00,2890.0,2900.0,2860.0,2867.0,23928711,68901273911
2018/01/30 12:00,2881.0,2904.0,2851.0,2851.0,21020330,60497516479
2018/01/31 12:00,2851.0,2894.0,2842.0,2849.0,17209294,49138434871
2018/02/03 12:00,2840.0,2848.0,2777.0,2789.0,33971980,94968596505
2018/02/04 12:00,2785.0,2830.0,2780.0,2795.0,25181768,70533256931
2018/02/05 12:00,2805.0,2844.0,2782.0,2834.0,20516541,57811727103
2018/02/06 12:00,2845.0,2897.0,2830.0,2896.0,32850443,94218736928
2018/02/07 12:00,2899.0,2989.0,2883.0,2985.0,41917158,124153070603
2018/02/13 12:00,3011.0,3015.0,2968.0,2974.0,28072068,84039527773
2018/02/14 12:00,2982.0,3005.0,2969.0,2993.0,24340332,72738414293
2018/02/17 12:00,2968.0,2990.0,2915.0,2920.0,16064570,47598350982
2018/02/18 12:00,2920.0,2960.0,2885.0,2900.0,16337263,47620700665
2018/02/19 12:00,2873.0,2940.0,2873.0,2900.0,10921340,31762867702
2018/02/21 12:00,2899.0,2899.0,2849.0,2890.0,19205208,55055187285
2018/02/24 12:00,2875.0,2875.0,2840.0,2845.0,12536904,35760784047
2018/02/25 12:00,2846.0,2890.0,2841.0,2853.0,11187659,31938518003
2018/02/26 12:00,2876.0,2918.0,2868.0,2900.0,19768483,57107971684
2018/02/27 12:00,2912.0,2975.0,2912.0,2931.0,22021266,64861578516
2018/02/28 12:00,2945.0,2969.0,2925.0,2944.0,9792666,28846320318
2018/03/03 12:00,2930.0,2930.0,2856.0,2857.0,20232509,58268950066
2018/03/04 12:00,2850.0,2900.0,2850.0,2861.0,15824500,45529253034
2018/03/05 12:00,2877.0,2886.0,2856.0,2856.0,14815132,42521491647
2018/03/06 12:00,2857.0,2900.0,2850.0,2851.0,15025026,43133240604
2018/03/07 12:00,2870.0,2880.0,2849.0,2850.0,25338045,72737967646
2018/03/10 12:00,2875.0,2878.0,2820.0,2822.0,24699626,70399229221
2018/03/11 12:00,2820.0,2832.0,2803.0,2830.0,18563047,52339519726
2018/03/12 12:00,2833.0,2850.0,2818.0,2840.0,9861803,28013877995
2018/03/13 12:00,2849.0,2880.0,2843.0,2870.0,21989200,63130085501
2018/03/14 12:00,2879.0,2880.0,2834.0,2855.0,15954051,45500572277
2018/03/17 12:00,2864.0,2870.0,2834.0,2853.0,16235924,46210925745
2018/03/18 12:00,2849.0,2850.0,2819.0,2826.0,17839730,50475305226
2018/03/19 12:00,2844.0,2905.0,2828.0,2875.0,14782742,42533165101
2018/03/25 12:00,2900.0,2900.0,2850.0,2870.0,4996777,14352200501
2018/03/26 12:00,2898.0,2900.0,2867.0,2894.0,4871709,14028150601
2018/03/27 12:00,2871.0,2898.0,2869.0,2880.0,6262255,18063694991
2018/03/28 12:00,2895.0,2962.0,2893.0,2960.0,27284175,80376702920
2018/04/03 12:00,2972.0,3009.0,2971.0,2985.0,17451836,52254090973
2018/04/04 12:00,2980.0,2995.0,2941.0,2950.0,6403809,18975771145
2018/04/07 12:00,2961.0,2961.0,2860.0,2875.0,12142140,35276781177
2018/04/08 12:00,2880.0,2898.0,2820.0,2860.0,24483397,70121467957
2018/04/09 12:00,2899.0,3007.0,2855.0,3007.0,71882390,214040022651
2018/04/10 12:00,2949.0,2949.0,2845.0,2910.0,31965771,92552478471
2018/04/11 12:00,2920.0,2920.0,2845.0,2860.0,20625075,59185441646
2018/04/15 12:00,2899.0,2900.0,2835.0,2839.0,7683619,22010453300
2018/04/16 12:00,2854.0,2857.0,2780.0,2790.0,22152127,62147042009
2018/04/17 12:00,2800.0,2850.0,2800.0,2811.0,9995389,28189256025
2018/04/18 12:00,2815.0,2868.0,2795.0,2800.0,19423324,54670202223
2018/04/21 12:00,2810.0,2810.0,2748.0,2755.0,15460879,42755440177
2018/04/22 12:00,2777.0,2777.0,2709.0,2720.0,21161331,57553804620
2018/04/23 12:00,2710.0,2780.0,2705.0,2767.0,12102022,33237868904
2018/04/24 12:00,2751.0,2847.0,2751.0,2824.0,10168338,28582566700
2018/04/25 12:00,2810.0,2870.0,2810.0,2842.0,12916078,36900353998
2018/04/28 12:00,2839.0,2839.0,2760.0,2770.0,9476921,26478458403
2018/04/29 12:00,2755.0,2808.0,2745.0,2756.0,6729069,18621039243
2018/04/30 12:00,2750.0,2777.0,2725.0,2732.0,12316400,33791503490
2018/05/01 12:00,2724.0,2791.0,2716.0,2779.0,9289806,25574426464
2018/05/05 12:00,2779.0,2783.0,2716.0,2716.0,11348083,31200274719
2018/05/06 12:00,2721.0,2818.0,2721.0,2780.0,21158893,58697741597
2018/05/07 12:00,2770.0,2869.0,2770.0,2850.0,15209253,43346921906
2018/05/08 12:00,2851.0,2885.0,2812.0,2823.0,12619088,35994840446
2018/05/09 12:00,2845.0,2845.0,2741.0,2770.0,82480996,231983977452
2018/05/12 12:00,2799.0,2848.0,2778.0,2780.0,54993816,154264712259
2018/05/13 12:00,2810.0,2823.0,2793.0,2818.0,34008762,95543381999
2018/05/14 12:00,2824.0,2860.0,2823.0,2850.0,32605876,92885367850
2018/05/15 12:00,2866.0,2885.0,2840.0,2849.0,14729419,42067677554
2018/05/16 12:00,2860.0,2864.0,2841.0,2858.0,17896328,51076322582
2018/05/19 12:00,2850.0,2870.0,2840.0,2855.0,13550682,38682705665
2018/05/20 12:00,2851.0,2910.0,2851.0,2910.0,19134426,55265983574
2018/05/21 12:00,2911.0,2936.0,2896.0,2918.0,28889926,84131610450
2018/05/22 12:00,2920.0,2958.0,2919.0,2923.0,22488717,65917225323
2018/05/23 12:00,2911.0,2969.0,2911.0,2960.0,40031614,118021327356
2018/05/26 12:00,2990.0,3095.0,2982.0,3070.0,90732912,277516278053
2018/05/27 12:00,3077.0,3077.0,3026.0,3049.0,34966579,106533635213
2018/05/28 12:00,3047.0,3083.0,3035.0,3045.0,32109161,97963798370
2018/05/29 12:00,3062.0,3071.0,3051.0,3060.0,18736708,57373026749
2018/05/30 12:00,3069.0,3155.0,3060.0,3155.0,70955603,220926548077
2018/06/02 12:00,3152.0,3220.0,3152.0,3189.0,46675306,148939821389
2018/06/03 12:00,3198.0,3253.0,3180.0,3250.0,26701381,86017025740
2018/06/09 12:00,3255.0,3268.0,3222.0,3235.0,15127234,49029426855
2018/06/10 12:00,3229.0,3239.0,3165.0,3165.0,37066828,118420605122
2018/06/11 12:00,3190.0,3196.0,3152.0,3193.0,29303794,93231062411
2018/06/12 12:00,3196.0,3320.0,3185.0,3320.0,35889978,117200166333
2018/06/13 12:00,3351.0,3429.0,3351.0,3429.0,131646682,451157404476
2018/06/17 12:00,3598.0,3598.0,3521.0,3598.0,201455433,724824181995
2018/06/18 12:00,3750.0,3777.0,3660.0,3670.0,165621502,617122592881
2018/06/19 12:00,3700.0,3912.0,3650.0,3912.0,73433191,281597930729
2018/06/20 12:00,4003.0,4003.0,3855.0,3880.0,85715572,335674337741
2018/06/23 12:00,3900.0,3983.0,3831.0,3962.0,60903357,237560947781
2018/06/24 12:00,3960.0,4096.0,3960.0,4094.0,213915020,873648556218
2018/06/25 12:00,4200.0,4288.0,4195.0,4288.0,314465711,1347754650136
2018/06/26 12:00,4270.0,4299.0,4073.0,4170.0,109984278,461115747987
2018/06/27 12:00,4200.0,4249.0,3984.0,3985.0,172942555,696611505656
2018/06/30 12:00,4035.0,4145.0,3911.0,3976.0,98181934,395620698545
2018/07/01 12:00,3940.0,3980.0,3828.0,3850.0,124521862,480047108372
2018/07/02 12:00,3851.0,4019.0,3851.0,3998.0,61392817,243324059820
2018/07/03 12:00,4040.0,4161.0,4003.0,4143.0,90416960,373526496893
2018/07/04 12:00,4200.0,4210.0,4011.0,4090.0,57360799,236859135124
2018/07/07 12:00,4097.0,4097.0,3943.0,3950.0,55146314,220247110013
2018/07/08 12:00,3980.0,3991.0,3948.0,3962.0,25279568,100202032205
2018/07/10 12:00,4000.0,4100.0,3972.0,3980.0,52885260,211594450216
2018/07/11 12:00,3965.0,3968.0,3871.0,3900.0,43621201,170958823396
2018/07/14 12:00,3930.0,3938.0,3797.0,3800.0,40962049,157135711686
2018/07/15 12:00,3810.0,3845.0,3770.0,3844.0,28922585,110108697868
2018/07/16 12:00,3814.0,3880.0,3801.0,3801.0,23900477,91306678600
2018/07/17 12:00,3820.0,3820.0,3770.0,3792.0,59328181,224879515853
2018/07/23 12:00,3641.0,3649.0,3601.0,3620.0,46456843,168606904784
2018/07/24 12:00,3638.0,3660.0,3560.0,3598.0,36442057,131305156698
2018/07/25 12:00,3600.0,3745.0,3591.0,3720.0,57927106,211950288754
2018/07/28 12:00,3841.0,3841.0,3830.0,3841.0,54179527,208102780190
2018/07/29 12:00,4033.0,4033.0,3910.0,4033.0,137902254,552793189752
2018/07/30 12:00,4088.0,4209.0,4051.0,4209.0,135735293,570391352132
2018/07/31 12:00,4412.0,4412.0,4412.0,4412.0,30934240,136481866880
2018/08/01 12:00,4538.0,4538.0,4325.0,4390.0,192234557,853187788922
2018/08/04 12:00,4389.0,4500.0,4333.0,4500.0,116527538,514057746875
2018/08/05 12:00,4525.0,4631.0,4525.0,4631.0,260608113,1205925512822
2018/08/06 12:00,4858.0,4858.0,4701.0,4740.0,402745783,1953665451188
2018/08/07 12:00,4770.0,4970.0,4671.0,4750.0,157241306,760408599921
2018/08/08 12:00,4830.0,4850.0,4690.0,4717.0,90041745,424967282363
2018/08/11 12:00,4675.0,4698.0,4561.0,4640.0,71695309,331422462670
2018/08/12 12:00,4640.0,4815.0,4600.0,4630.0,67466162,315174775199
2018/08/13 12:00,4601.0,4610.0,4499.0,4570.0,69704298,316203804121
2018/08/14 12:00,4541.0,4740.0,4541.0,4665.0,102268210,475016899750
2018/08/15 12:00,4531.0,4588.0,4490.0,4560.0,92549493,418667341637
2018/08/18 12:00,4513.0,4600.0,4463.0,4590.0,42787696,193497088899
2018/08/19 12:00,4620.0,4738.0,4616.0,4621.0,33805601,157762039199
2018/08/20 12:00,4711.0,4900.0,4711.0,4900.0,244672211,1195117230634
2018/08/21 12:00,4755.0,4879.0,4700.0,4805.0,66970452,320462713960
2018/08/25 12:00,4820.0,4820.0,4591.0,4602.0,55448842,259403329285
2018/08/26 12:00,4600.0,4900.0,4582.0,4820.0,47736849,228300101531
2018/08/27 12:00,4880.0,4920.0,4752.0,4830.0,58561180,283712726890
2018/08/28 12:00,4770.0,4777.0,4603.0,4670.0,61480035,286873798006
2018/08/29 12:00,4681.0,4730.0,4589.0,4600.0,40495751,187258037816
2018/09/01 12:00,4610.0,4650.0,4499.0,4510.0,56622339,256619868506
2018/09/02 12:00,4530.0,4530.0,4388.0,4464.0,103793052,457765777491
2018/09/03 12:00,4490.0,4630.0,4401.0,4630.0,54814083,248745104783
2018/09/04 12:00,4690.0,4720.0,4590.0,4600.0,43853092,203763856242
2018/09/05 12:00,4610.0,4669.0,4521.0,4660.0,34121226,157147626780
2018/09/08 12:00,4641.0,4748.0,4579.0,4616.0,57656889,268475656069
2018/09/09 12:00,4600.0,4750.0,4575.0,4749.0,62982378,294298928648
2018/09/10 12:00,4780.0,4906.0,4780.0,4906.0,187787517,920716824926
2018/09/11 12:00,5050.0,5148.0,4955.0,5148.0,156318564,799976610803
2018/09/12 12:00,5373.0,5641.0,5373.0,5451.0,172289926,943633127730
2018/09/15 12:00,5589.0,5589.0,5250.0,5290.0,139633614,753842917464
2018/09/16 12:00,5250.0,5399.0,5130.0,5299.0,130244731,678112737342
2018/09/17 12:00,5310.0,5380.0,5150.0,5179.0,84434172,442470598627
2018/09/18 12:00,5140.0,5269.0,5061.0,5210.0,91126951,472377280862
2018/09/22 12:00,5240.0,5310.0,5212.0,5240.0,70299892,369930657998
2018/09/23 12:00,5221.0,5380.0,5221.0,5360.0,85003736,451170513578
2018/09/24 12:00,5407.0,5573.0,5395.0,5572.0,80321619,443206247861
2018/09/25 12:00,5700.0,5793.0,5655.0,5760.0,85867112,494410891159
2018/09/26 12:00,5890.0,6021.0,5794.0,5950.0,112523240,666710427602
2018/09/29 12:00,6190.0,6190.0,5921.0,6149.0,102834373,620500070597
2018/09/30 12:00,6195.0,6335.0,6149.0,6335.0,182219733,1150789250870
2018/10/01 12:00,6630.0,6630.0,6202.0,6400.0,160615000,1049165307621
2018/10/02 12:00,6440.0,6440.0,6206.0,6206.0,154749494,961653405953
2018/10/03 12:00,5975.0,6299.0,5975.0,6240.0,87423553,536798724193
2018/10/06 12:00,6140.0,6412.0,5833.0,5834.0,127612924,765166152772
2018/10/07 12:00,5820.0,5996.0,5697.0,5697.0,310558307,1779793206007
2018/10/08 12:00,5690.0,6017.0,5690.0,6015.0,113145358,663576256232
2018/10/09 12:00,6100.0,6158.0,6051.0,6099.0,88145190,541308321328
2018/10/10 12:00,6190.0,6223.0,6079.0,6148.0,56024305,344336660408
2018/10/13 12:00,6185.0,6228.0,5839.0,5900.0,70783678,417106516151
2018/10/14 12:00,5941.0,6100.0,5920.0,6040.0,12622487,75448708127
2018/10/15 12:00,6055.0,6265.0,6055.0,6265.0,73910186,458707688074
2018/10/16 12:00,6300.0,6355.0,6196.0,6230.0,56808663,355934420885
2018/10/17 12:00,6022.0,6350.0,6000.0,6327.0,261402007,1608646654594
2018/10/20 12:00,6262.0,6444.0,6261.0,6339.0,43794197,277751808875
2018/10/21 12:00,6350.0,6400.0,6227.0,6270.0,54366087,342998175508
2018/10/22 12:00,6310.0,6310.0,6100.0,6294.0,47657657,296390367421
2018/10/23 12:00,6219.0,6219.0,5990.0,6093.0,52001112,316259719815
2018/10/24 12:00,6100.0,6100.0,5902.0,5970.0,34089940,204151329516
2018/10/27 12:00,5989.0,6100.0,5880.0,5891.0,35149678,209449706534
2018/10/28 12:00,5950.0,5990.0,5936.0,5980.0,37834030,225339762419
2018/10/29 12:00,6000.0,6070.0,5957.0,5957.0,30971786,185796981017
2018/10/31 12:00,6000.0,6050.0,5920.0,5948.0,36752008,220187973645
2018/11/03 12:00,5950.0,5997.0,5816.0,5821.0,56658338,333977718956
2018/11/04 12:00,5900.0,5950.0,5805.0,5825.0,21867703,128533943299
2018/11/05 12:00,5885.0,5930.0,5855.0,5900.0,26827123,157892284633
2018/11/06 12:00,5914.0,5950.0,5850.0,5858.0,30046385,176719063161
2018/11/10 12:00,5880.0,5910.0,5752.0,5770.0,30256007,176235232970
2018/11/11 12:00,5845.0,5845.0,5602.0,5702.0,25440054,145197209200
2018/11/12 12:00,5749.0,5794.0,5733.0,5760.0,21602310,124340403234
2018/11/13 12:00,5840.0,5880.0,5769.0,5769.0,20790448,120956020195
2018/11/14 12:00,5822.0,5849.0,5754.0,5780.0,29923111,173646846574
2018/11/17 12:00,5780.0,5798.0,5515.0,5522.0,31532894,178198975765
2018/11/18 12:00,5551.0,5555.0,5369.0,5498.0,46235249,251224890990
2018/11/19 12:00,5490.0,5568.0,5447.0,5501.0,18366446,101210052553
2018/11/20 12:00,5500.0,5599.0,5500.0,5541.0,12540723,69360738646
2018/11/21 12:00,5471.0,5588.0,5437.0,5443.0,16518250,90631292359
2018/11/24 12:00,5409.0,5440.0,5213.0,5213.0,13181961,69257588437
2018/11/26 12:00,5135.0,5290.0,5120.0,5200.0,63842374,331633781460
2018/11/27 12:00,5243.0,5350.0,5195.0,5220.0,14317226,75031932070
2018/11/28 12:00,5235.0,5241.0,4989.0,5030.0,39017983,196836069000
2018/12/01 12:00,4990.0,4999.0,4793.0,4910.0,97731978,476402625300
2018/12/02 12:00,4950.0,5118.0,4950.0,5118.0,44025493,223825931326
2018/12/03 12:00,5250.0,5337.0,5151.0,5289.0,21261740,112360019988
2018/12/04 12:00,5369.0,5369.0,5121.0,5259.0,32946474,173140092166
2018/12/05 12:00,5200.0,5330.0,5171.0,5267.0,20283154,106891833525
2018/12/08 12:00,5270.0,5275.0,5145.0,5175.0,18571155,96803295185
2018/12/09 12:00,5170.0,5240.0,5090.0,5139.0,17183553,88528373551
2018/12/10 12:00,5152.0,5190.0,5120.0,5140.0,14530523,74834572132
2018/12/11 12:00,5170.0,5180.0,5061.0,5072.0,15722071,80857144041
2018/12/12 12:00,5000.0,5130.0,4950.0,5010.0,23209204,117300110573
2018/12/15 12:00,5048.0,5060.0,4960.0,4982.0,12695652,63802733634
2018/12/16 12:00,4973.0,4980.0,4840.0,4880.0,21015445,103262570405
2018/12/17 12:00,4820.0,4987.0,4669.0,4700.0,44353159,211275402122
2018/12/18 12:00,4778.0,4790.0,4644.0,4669.0,23724471,112598999912
2018/12/19 12:00,4601.0,4697.0,4509.0,4564.0,28495309,129514074353
2018/12/22 12:00,4580.0,4580.0,4540.0,4560.0,15057314,68563895269
2018/12/23 12:00,4603.0,4781.0,4602.0,4760.0,22353014,106112701040
2018/12/24 12:00,4860.0,4861.0,4755.0,4780.0,22634085,108782308438
2018/12/25 12:00,4806.0,4848.0,4700.0,4730.0,14096584,66842437045
2018/12/26 12:00,4780.0,4880.0,4740.0,4816.0,25537182,122702226421
2018/12/29 12:00,4804.0,5000.0,4796.0,4941.0,16171412,78865411891
2018/12/30 12:00,4921.0,4957.0,4891.0,4900.0,13595634,67007936939
2018/12/31 12:00,4915.0,4940.0,4830.0,4830.0,13372959,65376101772
2019/01/01 12:00,4889.0,4897.0,4761.0,4770.0,11009272,52981742581
2019/01/02 12:00,4715.0,4887.0,4645.0,4690.0,19906632,94576216571
2019/01/05 12:00,4786.0,4786.0,4670.0,4670.0,9196638,43258222471
2019/01/06 12:00,4645.0,4789.0,4645.0,4718.0,11815119,55588308815
2019/01/07 12:00,4759.0,4899.0,4710.0,4799.0,16106344,77337890405
2019/01/08 12:00,4810.0,4930.0,4807.0,4900.0,19539442,95663752576
2019/01/09 12:00,4921.0,4995.0,4920.0,4940.0,10264412,50755837458
2019/01/12 12:00,4951.0,4970.0,4889.0,4910.0,7904697,39037088716
2019/01/13 12:00,4853.0,5053.0,4853.0,4973.0,24499175,121929549980
2019/01/14 12:00,5029.0,5083.0,4999.0,5018.0,13556723,68207412888
2019/01/15 12:00,5033.0,5140.0,5033.0,5120.0,18344147,93699359580
2019/01/16 12:00,5125.0,5137.0,5084.0,5110.0,19451360,99276962527
2019/01/19 12:00,5109.0,5117.0,5087.0,5107.0,10085060,51481611130
2019/01/20 12:00,5070.0,5103.0,4977.0,5030.0,14968653,75343927770
2019/01/21 12:00,5004.0,5100.0,4906.0,4973.0,22530670,111949383374
2019/01/22 12:00,4995.0,5032.0,4968.0,4979.0,9383440,46788790005
2019/01/23 12:00,5005.0,5079.0,4921.0,4930.0,13660741,68057542506
2019/01/26 12:00,4999.0,4999.0,4880.0,4900.0,9263104,45664937591
2019/01/27 12:00,4899.0,4899.0,4733.0,4749.0,22111859,106131241604
2019/01/28 12:00,4850.0,4874.0,4725.0,4745.0,10430587,49703896319
2019/01/29 12:00,4720.0,4849.0,4720.0,4799.0,11899865,57053039873
2019/01/30 12:00,4900.0,4919.0,4840.0,4865.0,11298814,55266083751
2019/02/02 12:00,4908.0,4920.0,4790.0,4800.0,7118939,34616117643
2019/02/03 12:00,4850.0,4898.0,4726.0,4820.0,19919186,95339665849
2019/02/04 12:00,4801.0,4900.0,4792.0,4849.0,11636611,56303143208
2019/02/05 12:00,4800.0,4980.0,4800.0,4950.0,25499269,125490737645
2019/02/06 12:00,4950.0,4950.0,4889.0,4930.0,16688733,82181749713
2019/02/10 12:00,4929.0,4985.0,4872.0,4875.0,9657438,47374937774
2019/02/12 12:00,4920.0,4950.0,4866.0,4880.0,14448155,70621395284
2019/02/20 12:00,3010.0,3120.0,3010.0,3110.0,137718369,419457161632
2019/02/23 12:00,3168.0,3198.0,3148.0,3198.0,201549362,644157163454
2019/02/24 12:00,3251.0,3275.0,3180.0,3229.0,89210761,289517810591
2019/02/25 12:00,3251.0,3379.0,3251.0,3337.0,65568770,217810875759
2019/02/26 12:00,3270.0,3330.0,3230.0,3257.0,42152442,138035632422
2019/02/27 12:00,3250.0,3294.0,3235.0,3235.0,29809873,97041129194
2019/03/02 12:00,3268.0,3270.0,3159.0,3160.0,30955210,98685745084
2019/03/03 12:00,3158.0,3188.0,3131.0,3167.0,32356501,102395885826
2019/03/04 12:00,3166.0,3204.0,3150.0,3152.0,29182731,92421960251
2019/03/05 12:00,3160.0,3170.0,3110.0,3150.0,26497564,83309401623
2019/03/06 12:00,3141.0,3198.0,3136.0,3169.0,33367510,105115079590
2019/03/09 12:00,3149.0,3160.0,3121.0,3136.0,26631513,83759266586
2019/03/10 12:00,3130.0,3282.0,3121.0,3238.0,63700618,204201575294
2019/03/11 12:00,3245.0,3366.0,3245.0,3300.0,128488094,430662253580
2019/03/12 12:00,3364.0,3444.0,3310.0,3418.0,53047535,180627294115
2019/03/13 12:00,3428.0,3525.0,3370.0,3405.0,80902768,280821539494
2019/03/16 12:00,3435.0,3496.0,3400.0,3460.0,37889433,131311344727
2019/03/17 12:00,3475.0,3475.0,3402.0,3412.0,41393814,141927112263
2019/03/18 12:00,3439.0,3530.0,3415.0,3470.0,44997647,156495980489
2019/03/19 12:00,3497.0,3541.0,3480.0,3519.0,47425139,166704686145
2019/03/25 12:00,3530.0,3531.0,3497.0,3500.0,28121230,98603616988
2019/03/26 12:00,3516.0,3519.0,3480.0,3519.0,18896498,66072878386
2019/03/27 12:00,3528.0,3586.0,3500.0,3583.0,23757584,84495436538
2019/03/30 12:00,3605.0,3730.0,3605.0,3700.0,47453747,174935498214
2019/03/31 12:00,3700.0,3732.0,3611.0,3670.0,28159704,103486603397
2019/04/06 12:00,3671.0,3683.0,3621.0,3675.0,23433538,85622310484
2019/04/07 12:00,3673.0,3770.0,3670.0,3700.0,37421159,139539954401
2019/04/08 12:00,3653.0,3761.0,3593.0,3724.0,80089704,296731237793
2019/04/09 12:00,3720.0,3798.0,3699.0,3782.0,95166991,357432911665
2019/04/10 12:00,3820.0,3943.0,3800.0,3943.0,195084157,766635164873
2019/04/13 12:00,4000.0,4000.0,3880.0,3891.0,58430145,230002901181
2019/04/14 12:00,3885.0,3959.0,3870.0,3940.0,48980107,192064018237
2019/04/15 12:00,3957.0,4095.0,3951.0,4050.0,84106222,340808699121
2019/04/16 12:00,4050.0,4062.0,3950.0,3965.0,75869278,305073318494
2019/04/17 12:00,3951.0,4010.0,3921.0,3969.0,43966566,174917826750
2019/04/20 12:00,3999.0,4020.0,3980.0,4006.0,52190645,208894287445
2019/04/22 12:00,4024.0,4050.0,3943.0,3950.0,55150517,219641120513
2019/04/23 12:00,3922.0,4000.0,3922.0,3954.0,38052018,151204009595
2019/04/24 12:00,3994.0,4020.0,3962.0,4012.0,43630592,174163258847
2019/04/27 12:00,3986.0,4027.0,3970.0,4026.0,37091902,148017869520
2019/04/28 12:00,4040.0,4149.0,4040.0,4120.0,66816031,274413128170
2019/04/29 12:00,4108.0,4312.0,4108.0,4312.0,205588050,879681607792
2019/04/30 12:00,4420.0,4430.0,4240.0,4329.0,61597932,267971095621
2019/05/01 12:00,4295.0,4444.0,4290.0,4408.0,44306231,194567308925
2019/05/04 12:00,4410.0,4550.0,4401.0,4503.0,58207882,261190743202
2019/05/05 12:00,4600.0,4600.0,4350.0,4436.0,64536009,290350559708
2019/05/06 12:00,4443.0,4444.0,4275.0,4275.0,143365604,615775504354
2019/05/07 12:00,4250.0,4330.0,4100.0,4285.0,86917031,366427852440
2019/05/08 12:00,4250.0,4389.0,4233.0,4368.0,66752568,289424108742
2019/05/11 12:00,4209.0,4340.0,4127.0,4180.0,72487944,305354862293
2019/05/12 12:00,4110.0,4250.0,4019.0,4174.0,54223782,223725876018
2019/05/13 12:00,4170.0,4276.0,4170.0,4249.0,31581771,133684520171
2019/05/14 12:00,4250.0,4340.0,4221.0,4230.0,36115999,155023333056
2019/05/15 12:00,4250.0,4300.0,4211.0,4231.0,22185485,94177964800
2019/05/18 12:00,4250.0,4261.0,4120.0,4151.0,27782110,116318410173
2019/05/19 12:00,4130.0,4200.0,4122.0,4171.0,34848004,145048761698
2019/05/20 12:00,4150.0,4249.0,4150.0,4188.0,33957022,142171722636
2019/05/21 12:00,4200.0,4352.0,4200.0,4295.0,45369223,194879032897
2019/05/22 12:00,4296.0,4333.0,4250.0,4274.0,17685100,75572250568
2019/05/25 12:00,4219.0,4299.0,4219.0,4259.0,17147374,72899540572
2019/05/26 12:00,4250.0,4329.0,4250.0,4255.0,30832557,132197590062
2019/05/28 12:00,4400.0,4502.0,4400.0,4502.0,190310337,856201370477
2019/05/29 12:00,4565.0,4565.0,4451.0,4470.0,30665657,138005637948
2019/06/01 12:00,4475.0,4478.0,4340.0,4382.0,45032953,197710551925
2019/06/02 12:00,4350.0,4429.0,4343.0,4370.0,46946800,205871174957
2019/06/03 12:00,4398.0,4399.0,4375.0,4381.0,36423696,159725860575
2019/06/08 12:00,4400.0,4444.0,4350.0,4389.0,24913408,109068573176
2019/06/09 12:00,4352.0,4478.0,4351.0,4400.0,42838835,190390854763
2019/06/10 12:00,4463.0,4470.0,4391.0,4391.0,34735005,153429602595
2019/06/11 12:00,4431.0,4432.0,4360.0,4370.0,22348465,97928613400
2019/06/12 12:00,4400.0,4406.0,4345.0,4360.0,41510171,181909922460
2019/06/15 12:00,4304.0,4365.0,4301.0,4350.0,33688105,146076862171
2019/06/16 12:00,4301.0,4510.0,4300.0,4340.0,55241225,241664563220
2019/06/17 12:00,4338.0,4450.0,4310.0,4325.0,38400053,166989493875
2019/06/18 12:00,4411.0,4467.0,4348.0,4375.0,51555380,226767755673
2019/06/19 12:00,4399.0,4399.0,4332.0,4340.0,42625991,185455369412
2019/06/22 12:00,4300.0,4400.0,4300.0,4370.0,27758329,121159344482
2019/06/23 12:00,4351.0,4422.0,4351.0,4417.0,32089275,140800003061
2019/06/24 12:00,4420.0,4550.0,4404.0,4530.0,58724043,264193574887
2019/06/25 12:00,4554.0,4723.0,4490.0,4723.0,147395625,692483897957
2019/06/26 12:00,4799.0,4874.0,4770.0,4845.0,59660458,288473149841
2019/06/30 12:00,4870.0,4871.0,4720.0,4729.0,23727806,113219000297
2019/07/01 12:00,4661.0,4710.0,4609.0,4660.0,36076884,167392003842
2019/07/02 12:00,4689.0,4689.0,4550.0,4568.0,29587731,135604579931
2019/07/03 12:00,4594.0,4620.0,4449.0,4480.0,37477038,168592472526
2019/07/06 12:00,4497.0,4497.0,4371.0,4401.0,34036128,150022633569
2019/07/07 12:00,4405.0,4455.0,4398.0,4428.0,22293420,98621008933
2019/07/08 12:00,4435.0,4549.0,4435.0,4505.0,48828347,219935228562
2019/07/09 12:00,4530.0,4547.0,4430.0,4430.0,48902641,218699136131
2019/07/10 12:00,4450.0,4480.0,4445.0,4460.0,37695735,168142824920
2019/07/13 12:00,4463.0,4480.0,4400.0,4425.0,32847132,145435844413
2019/07/14 12:00,4432.0,4446.0,4401.0,4421.0,54514198,240921052575
2019/07/15 12:00,4420.0,4505.0,4390.0,4400.0,55637123,246192963252
2019/07/16 12:00,4430.0,4430.0,4249.0,4289.0,51891347,223696368610
2019/07/17 12:00,4290.0,4350.0,4250.0,4288.0,68088206,292584565098
2019/07/22 12:00,4196.0,4200.0,4100.0,4120.0,45741206,189677418057
2019/07/23 12:00,4150.0,4150.0,4060.0,4079.0,23676615,96825962895
2019/07/24 12:00,4095.0,4139.0,4061.0,4095.0,35163887,144203994319
2019/07/27 12:00,4060.0,4110.0,3996.0,4000.0,37830454,151980296245
2019/07/28 12:00,4050.0,4120.0,4011.0,4077.0,22085899,89531578930
2019/07/29 12:00,4100.0,4102.0,4025.0,4048.0,15712337,63699873135
2019/07/30 12:00,4060.0,4079.0,4016.0,4030.0,20065684,80942927966
2019/07/31 12:00,4020.0,4033.0,3999.0,4008.0,29517675,118327079377
2019/08/03 12:00,4000.0,4000.0,3950.0,3960.0,31918382,126588551418
2019/08/04 12:00,3980.0,3980.0,3923.0,3960.0,20044701,79218751524
2019/08/05 12:00,3960.0,3970.0,3905.0,3943.0,35825542,141090446611
2019/08/06 12:00,3949.0,3949.0,3855.0,3890.0,47808062,185425353784
2019/08/07 12:00,3856.0,3884.0,3856.0,3880.0,30927302,119876492445
2019/08/10 12:00,3855.0,3870.0,3805.0,3808.0,30731968,117581719652
2019/08/11 12:00,3800.0,3890.0,3795.0,3829.0,29406196,112596032057
2019/08/13 12:00,3880.0,3914.0,3805.0,3900.0,29955942,115769774056
2019/08/14 12:00,3976.0,3989.0,3935.0,3971.0,41310406,164191515886
2019/08/17 12:00,3996.0,4027.0,3880.0,3890.0,27961634,109916800237
2019/08/18 12:00,3890.0,3938.0,3890.0,3899.0,21677522,84596348834
2019/08/19 12:00,3918.0,3918.0,3860.0,3892.0,31231287,121651681965
2019/08/21 12:00,3969.0,3969.0,3870.0,3918.0,34680392,135301123133
2019/08/24 12:00,3928.0,3928.0,3847.0,3869.0,45831957,177391267430
2019/08/25 12:00,3870.0,3900.0,3836.0,3877.0,39748870,153787741441
2019/08/26 12:00,3884.0,4010.0,3883.0,3988.0,80567372,320323818717
2019/08/27 12:00,4043.0,4075.0,4000.0,4007.0,66537758,268783994130
2019/08/28 12:00,4028.0,4128.0,3962.0,4110.0,59847896,244284147596
2019/08/31 12:00,4180.0,4286.0,4180.0,4286.0,188663037,805225517388
2019/09/01 12:00,4380.0,4442.0,4286.0,4320.0,76090189,330168607521
2019/09/02 12:00,4365.0,4365.0,4123.0,4200.0,59960593,253079581326
2019/09/03 12:00,4173.0,4432.0,4173.0,4430.0,177510532,777440531579
2019/09/04 12:00,4490.0,4540.0,4433.0,4500.0,141142184,633614887082
2019/09/07 12:00,4518.0,4518.0,4435.0,4480.0,67416432,302080954529
2019/09/08 12:00,4482.0,4491.0,4400.0,4415.0,54437544,241044369552
2019/09/11 12:00,4467.0,4480.0,4375.0,4473.0,44385226,196478879475
2019/09/14 12:00,4480.0,4581.0,4450.0,4542.0,78897157,355732238765
2019/09/15 12:00,4516.0,4521.0,4440.0,4500.0,49522402,222063647186
2019/09/16 12:00,4520.0,4559.0,4466.0,4473.0,58734351,264229174161
2019/09/17 12:00,4475.0,4480.0,4360.0,4369.0,56546079,248927730391
2019/09/18 12:00,4344.0,4349.0,4200.0,4346.0,52116075,223632867324
2019/09/21 12:00,4245.0,4375.0,4245.0,4292.0,25934730,111608785904
2019/09/22 12:00,4299.0,4444.0,4270.0,4420.0,74938697,327418001188
2019/09/23 12:00,4487.0,4579.0,4421.0,4560.0,73957861,334480961793
2019/09/24 12:00,4580.0,4580.0,4430.0,4505.0,40034355,180573012516
2019/09/25 12:00,4499.0,4563.0,4455.0,4526.0,38639739,174433353342
2019/09/28 12:00,4575.0,4739.0,4572.0,4734.0,136413113,644223638595
2019/09/29 12:00,4800.0,4800.0,4613.0,4701.0,36864120,172965675206
2019/09/30 12:00,4735.0,4801.0,4688.0,4780.0,57843822,273709771150
2019/10/01 12:00,4781.0,4784.0,4530.0,4604.0,73912719,343469862193
2019/10/02 12:00,4600.0,4639.0,4549.0,4600.0,42915226,196769823893
2019/10/05 12:00,4585.0,4610.0,4511.0,4520.0,48451495,220837208418
2019/10/06 12:00,4477.0,4499.0,4360.0,4480.0,40436555,180078427726
2019/10/07 12:00,4500.0,4545.0,4420.0,4450.0,46489109,207787542204
2019/10/08 12:00,4451.0,4529.0,4302.0,4349.0,40019517,175434850605
2019/10/09 12:00,4323.0,4451.0,4323.0,4449.0,50865537,224224921018
2019/10/12 12:00,4451.0,4628.0,4442.0,4628.0,135353076,620188339911
2019/10/13 12:00,4740.0,4741.0,4570.0,4582.0,42034074,194894312879
2019/10/14 12:00,4650.0,4689.0,4500.0,4539.0,41300290,189790706989
2019/10/15 12:00,4580.0,4680.0,4420.0,4450.0,62482126,279759324177
2019/10/16 12:00,4460.0,4600.0,4460.0,4500.0,28264094,127863527821
2019/10/20 12:00,4561.0,4678.0,4380.0,4400.0,42658937,190179951542
2019/10/21 12:00,4551.0,4650.0,4460.0,4633.0,69380067,316818881156
2019/10/22 12:00,4680.0,4710.0,4560.0,4639.0,38879978,180562020731
2019/10/23 12:00,4680.0,4681.0,4544.0,4550.0,53479735,244578085742
2019/10/26 12:00,4610.0,4614.0,4559.0,4572.0,28788791,131728829738
2019/10/28 12:00,4600.0,4610.0,4529.0,4580.0,30583169,139849441824
2019/10/30 12:00,4591.0,4639.0,4584.0,4599.0,47515122,219154113052
2019/11/02 12:00,4631.0,4645.0,4500.0,4555.0,34343570,156880037572
2019/11/03 12:00,4579.0,4598.0,4528.0,4533.0,24274233,110548572326
2019/11/04 12:00,4575.0,4590.0,4475.0,4499.0,32603577,147401528586
2019/11/05 12:00,4510.0,4598.0,4474.0,4540.0,32163735,145137576068
2019/11/09 12:00,4550.0,4610.0,4500.0,4510.0,25448947,115338321682
2019/11/10 12:00,4499.0,4532.0,4481.0,4510.0,22707837,102136922185
2019/11/11 12:00,4500.0,4551.0,4480.0,4498.0,22507786,101266256279
2019/11/12 12:00,4500.0,4549.0,4475.0,4480.0,20490208,91940407936
2019/11/13 12:00,4480.0,4500.0,4452.0,4493.0,32505242,145679336533
2019/11/16 12:00,4549.0,4549.0,4452.0,4453.0,22998443,102925942926
2019/11/17 12:00,4439.0,4529.0,4397.0,4435.0,49731900,221412165013
2019/11/18 12:00,4488.0,4499.0,4415.0,4419.0,20557669,91321105038
2019/11/19 12:00,4473.0,4497.0,4419.0,4429.0,15624847,69381947630
2019/11/20 12:00,4450.0,4478.0,4393.0,4404.0,26322584,116111314511
2019/11/23 12:00,4400.0,4400.0,4365.0,4379.0,25721985,112728236604
2019/11/24 12:00,4380.0,4408.0,4350.0,4360.0,24068738,105270447015
2019/11/25 12:00,4390.0,4397.0,4349.0,4376.0,25110536,109680227213
2019/11/26 12:00,4419.0,4420.0,4361.0,4378.0,20976160,91861087449
2019/11/27 12:00,4417.0,4425.0,4372.0,4380.0,21304838,93703139613
2019/11/30 12:00,4440.0,4456.0,4390.0,4400.0,48659958,214554578860
2019/12/01 12:00,4446.0,4577.0,4410.0,4500.0,74611238,334526164107
2019/12/02 12:00,4610.0,4645.0,4491.0,4549.0,65976536,300957193413
2019/12/03 12:00,4590.0,4653.0,4550.0,4620.0,46200501,212945180448
2019/12/04 12:00,4650.0,4650.0,4570.0,4621.0,42445863,195285681526
2019/12/07 12:00,4740.0,4831.0,4725.0,4785.0,140984936,676727047883
2019/12/08 12:00,4830.0,4990.0,4820.0,4920.0,87229341,427644480499
2019/12/09 12:00,4989.0,4995.0,4865.0,4878.0,49707633,243846573039
2019/12/10 12:00,4950.0,4979.0,4883.0,4900.0,75927443,375149982078
2019/12/11 12:00,4880.0,4915.0,4839.0,4895.0,33806431,164942453475
2019/12/14 12:00,4915.0,4980.0,4897.0,4967.0,72744710,359125704815
2019/12/15 12:00,4990.0,5120.0,4961.0,5029.0,77412645,390747053171
2019/12/16 12:00,5060.0,5060.0,4998.0,5021.0,30294915,152044921159
2019/12/17 12:00,5020.0,5104.0,5020.0,5081.0,65796658,334972704439
2019/12/18 12:00,5110.0,5224.0,5081.0,5195.0,60143651,311707334832
2019/12/21 12:00,5230.0,5266.0,5196.0,5260.0,40049540,209773618272
2019/12/22 12:00,5296.0,5460.0,5268.0,5430.0,76481176,410185692475
2019/12/23 12:00,5514.0,5535.0,5250.0,5400.0,68670299,373950445481
2019/12/24 12:00,5432.0,5462.0,5330.0,5360.0,35192423,190002718589
2019/12/25 12:00,5379.0,5379.0,5252.0,5299.0,42018897,222017014078
2019/12/28 12:00,5300.0,5439.0,5299.0,5384.0,51087866,273851698307
2019/12/29 12:00,5500.0,5500.0,5381.0,5476.0,48734408,265228929642
2019/12/30 12:00,5499.0,5549.0,5481.0,5525.0,66113626,364380418286
2019/12/31 12:00,5590.0,5631.0,5455.0,5602.0,70687324,394225887292
2020/01/01 12:00,5650.0,5855.0,5647.0,5799.0,139267200,809630710787
2020/01/04 12:00,5524.0,5544.0,5524.0,5524.0,419929040,2319715067382
2020/01/05 12:00,5530.0,5800.0,5530.0,5800.0,129997241,742974876319
2020/01/13 12:00,4000.0,4019.0,3899.0,4000.0,718660988,2857062466399
2020/01/14 12:00,4000.0,4017.0,3903.0,3950.0,178731503,710215064885
2020/01/15 12:00,3900.0,3980.0,3850.0,3920.0,105050384,412382736754
2020/01/18 12:00,3980.0,4000.0,3891.0,3939.0,219976080,868987302707
2020/01/19 12:00,3911.0,3955.0,3888.0,3910.0,126845211,496318714716
2020/01/20 12:00,3910.0,3922.0,3803.0,3820.0,163862388,629881986249
2020/01/21 12:00,3815.0,3828.0,3748.0,3750.0,116697256,442446848100
2020/01/22 12:00,3780.0,3840.0,3733.0,3836.0,98702175,375209456234
2020/01/25 12:00,3839.0,3840.0,3799.0,3807.0,103554430,395123958498
2020/01/26 12:00,3869.0,3869.0,3729.0,3740.0,89103849,335504104574
2020/01/27 12:00,3731.0,3853.0,3688.0,3801.0,90299058,341163734864
2020/01/28 12:00,3840.0,3940.0,3819.0,3910.0,120613900,467258628548
2020/02/01 12:00,3965.0,3965.0,3796.0,3800.0,66129050,254774349030
2020/02/02 12:00,3810.0,3910.0,3786.0,3898.0,66923282,258979583049
2020/02/03 12:00,3909.0,4059.0,3899.0,3989.0,170381419,681653855880
2020/02/04 12:00,4063.0,4069.0,3896.0,3950.0,73993133,293878620711
2020/02/05 12:00,3994.0,3994.0,3899.0,3948.0,92421571,362865913031
2020/02/08 12:00,4020.0,4020.0,3889.0,3901.0,126039935,497579428853
2020/02/09 12:00,4000.0,4000.0,3898.0,3950.0,78140364,306710158913
2020/02/10 12:00,3950.0,3990.0,3800.0,3929.0,86656376,339556237003
2020/02/12 12:00,3929.0,4020.0,3929.0,4000.0,178530575,710432462958
2020/02/15 12:00,4040.0,4078.0,3938.0,3993.0,154628478,619372001973
2020/02/16 12:00,4059.0,4206.0,4010.0,4206.0,430782117,1795509365858
2020/02/17 12:00,4349.0,4374.0,4255.0,4300.0,376064567,1627863714674
2020/02/18 12:00,4370.0,4376.0,4210.0,4300.0,210601472,903031225341
2020/02/19 12:00,4329.0,4329.0,4235.0,4240.0,172411174,737475500084
2020/02/22 12:00,4100.0,4396.0,4100.0,4350.0,172810546,742622560388
2020/02/23 12:00,4411.0,4511.0,4405.0,4505.0,301117928,1343314620166
2020/02/24 12:00,4590.0,4650.0,4433.0,4630.0,236031176,1064959438610
2020/02/25 12:00,4665.0,4737.0,4602.0,4737.0,371914178,1749260033690
2020/02/26 12:00,4888.0,4888.0,4700.0,4715.0,176398293,842090764412
2020/02/29 12:00,4550.0,4677.0,4536.0,4536.0,303292073,1388418014269
2020/03/01 12:00,4537.0,4647.0,4500.0,4601.0,139572044,642444120564
2020/03/02 12:00,4642.0,4722.0,4601.0,4670.0,191761660,896967871342
2020/03/03 12:00,4730.0,4911.0,4720.0,4911.0,298232723,1436255446524
2020/03/04 12:00,5000.0,5055.0,4820.0,4920.0,246866390,1225855578493
2020/03/07 12:00,4920.0,5119.0,4818.0,4950.0,269340186,1340504047266
2020/03/09 12:00,4729.0,4777.0,4729.0,4729.0,160307128,758214128076
2020/03/10 12:00,4510.0,4710.0,4501.0,4515.0,179063359,822638674272
2020/03/11 12:00,4600.0,4814.0,4599.0,4670.0,82595898,389687499494
2020/03/14 12:00,4602.0,4659.0,4483.0,4483.0,104211448,468655832124
2020/03/15 12:00,4380.0,4550.0,4274.0,4499.0,171993669,759679416515
2020/03/16 12:00,4568.0,4593.0,4446.0,4578.0,138110458,626347189822
2020/03/17 12:00,4585.0,4608.0,4452.0,4600.0,117098437,531308879158
2020/03/18 12:00,4626.0,4662.0,4536.0,4639.0,109237495,504941751062
2020/03/24 12:00,4525.0,4549.0,4391.0,4391.0,81785766,360775938993
2020/03/25 12:00,4441.0,4522.0,4400.0,4460.0,109339844,486884045881
2020/03/28 12:00,4400.0,4520.0,4329.0,4494.0,258849936,1142219431513
2020/03/29 12:00,4500.0,4550.0,4450.0,4464.0,140995529,633070279824
2020/03/30 12:00,4450.0,4525.0,4414.0,4491.0,105642056,473396809751
2020/04/04 12:00,4577.0,4703.0,4510.0,4650.0,180596289,842542740512
2020/04/05 12:00,4700.0,4751.0,4600.0,4699.0,119810418,562819215533
2020/04/06 12:00,4700.0,4718.0,4600.0,4680.0,104034987,485364197156
2020/04/07 12:00,4738.0,4898.0,4700.0,4898.0,242271587,1172804723917
2020/04/08 12:00,5000.0,5083.0,4945.0,5083.0,167361051,848748596825
2020/04/11 12:00,5289.0,5324.0,5157.0,5267.0,238264769,1262188452568
2020/04/12 12:00,5330.0,5561.0,5327.0,5561.0,173208702,956454610526
2020/04/13 12:00,5730.0,5730.0,5402.0,5500.0,115016599,635197662522
2020/04/14 12:00,5260.0,5590.0,5260.0,5451.0,123314843,671225858131
2020/04/15 12:00,5400.0,5715.0,5390.0,5715.0,123535206,699520854995
2020/04/18 12:00,5946.0,5946.0,5910.0,5946.0,65565430,389829594273
2020/04/19 12:00,6243.0,6243.0,5649.0,6066.0,191387234,1186082526878
2020/04/20 12:00,6170.0,6506.0,6162.0,6506.0,138177573,895325832376
2020/04/21 12:00,6804.0,6804.0,6740.0,6750.0,25932767,176316640427
2020/04/26 12:00,7138.0,7494.0,7138.0,7494.0,229746254,1718828437296
2020/04/27 12:00,7855.0,7855.0,7855.0,7855.0,142533610,1119601506550
2020/04/28 12:00,8247.0,8247.0,8247.0,8247.0,124202025,1024294100175
2020/04/29 12:00,8659.0,8659.0,8659.0,8659.0,96707645,837391498055
2020/05/02 12:00,9091.0,9091.0,9091.0,9091.0,135256635,1229618068785
2020/05/03 12:00,9545.0,9545.0,9545.0,9545.0,129995424,1240806322080
2020/05/04 12:00,10022.0,10022.0,10021.0,10022.0,468215951,4692460059922
2020/05/05 12:00,10523.0,10523.0,9615.0,9760.0,1080966094,11092675067558
2020/05/06 12:00,9749.0,10727.0,9749.0,10330.0,636475471,6491018973353
2020/05/09 12:00,10695.0,10707.0,10500.0,10707.0,355155961,3800377997963
2020/05/10 12:00,11236.0,11236.0,11236.0,11236.0,24757092,278170685712
2020/05/13 12:00,11650.0,12232.0,11068.0,11068.0,509965126,5889847250498
2020/05/16 12:00,10973.0,10973.0,10973.0,10973.0,26134681,286775854613
2020/05/17 12:00,10425.0,10425.0,10425.0,10425.0,40620147,423465032475
2020/05/18 12:00,10020.0,10700.0,9904.0,10224.0,861474427,8756693717364
2020/05/19 12:00,10350.0,10350.0,9657.0,9657.0,324276938,3163185701800
2020/05/20 12:00,9268.0,9433.0,9268.0,9268.0,242669672,2250471820469
2020/05/23 12:00,8811.0,8811.0,8811.0,8811.0,137670564,1213015339404
2020/05/26 12:00,8371.0,8811.0,8371.0,8371.0,355168587,2978040000000
2020/05/27 12:00,8150.0,8804.0,8150.0,8804.0,308524869,2670337172137
2020/05/30 12:00,9087.0,9087.0,9080.0,9087.0,239302335,2174536324247
2020/05/31 12:00,9350.0,9541.0,8633.0,8996.0,264309250,2391159812952
2020/06/01 12:00,9040.0,9449.0,8774.0,9207.0,150021727,1378692935777
2020/06/02 12:00,9430.0,9649.0,9274.0,9649.0,294517212,2834928167031
2020/06/06 12:00,10000.0,10107.0,9800.0,10107.0,166412659,1675088468941
2020/06/07 12:00,10569.0,10569.0,10107.0,10549.0,228499778,2413479648628
2020/06/08 12:00,10034.0,11090.0,10034.0,10270.0,362219387,3835662739500
2020/06/09 12:00,10420.0,11070.0,10380.0,10835.0,304990042,3282499825565
2020/06/10 12:00,11100.0,11301.0,11050.0,11301.0,275676980,3112603869843
2020/06/13 12:00,11850.0,11850.0,11790.0,11850.0,393121085,4657892708510
2020/06/14 12:00,12000.0,12090.0,11260.0,11800.0,354608361,4140572334120
2020/06/15 12:00,11700.0,11880.0,11160.0,11280.0,300459716,3447322090390
2020/06/16 12:00,11320.0,11990.0,11100.0,11890.0,371368524,4342526335210
2020/06/20 12:00,12200.0,12270.0,12010.0,12270.0,216076048,2648305286080
2020/06/21 12:00,12870.0,12870.0,12500.0,12870.0,313371052,4030356889460
2020/06/22 12:00,13500.0,13500.0,13100.0,13500.0,226987185,3061102242020
2020/06/23 12:00,14160.0,14160.0,14160.0,14160.0,14389854,203760332640
2020/06/27 12:00,14860.0,14860.0,14860.0,14860.0,114599090,1702942477400
2020/06/28 12:00,15600.0,15600.0,14300.0,15120.0,740019948,11386317150650
2020/06/29 12:00,14800.0,16150.0,14630.0,15540.0,459042305,6936992526940
2020/06/30 12:00,15860.0,15860.0,15860.0,15860.0,134034481,2125786868660
2020/07/01 12:00,16650.0,16650.0,16650.0,16650.0,136762363,2277093343950
2020/07/04 12:00,17480.0,17480.0,15820.0,16970.0,564699680,9548905865290
2020/07/05 12:00,17300.0,17750.0,16070.0,17750.0,265465012,4649702434850
2020/07/06 12:00,18390.0,18390.0,18390.0,18390.0,105297588,1936422643320
2020/07/07 12:00,19300.0,19300.0,19300.0,19300.0,176137871,3399460910300
2020/07/08 12:00,20260.0,20260.0,18340.0,19460.0,893263244,17938997673620
2020/07/11 12:00,19500.0,21080.0,19080.0,21080.0,338823684,6825724484320
2020/07/12 12:00,21150.0,21150.0,21000.0,21150.0,527309863,11152349562060
2020/07/13 12:00,21150.0,22200.0,20100.0,22200.0,796433515,17463993691330
2020/07/14 12:00,23020.0,23020.0,22900.0,23000.0,111838508,2574316557640
2020/07/18 12:00,21870.0,21870.0,21870.0,21870.0,54452078,1190866945860
2020/07/19 12:00,20780.0,22960.0,20780.0,22960.0,886851975,19658591696240
2020/07/20 12:00,23260.0,23270.0,21070.0,23270.0,864680953,20110219892860
2020/07/21 12:00,22740.0,24420.0,22100.0,22500.0,778642302,18405798875590
2020/07/22 12:00,23200.0,24820.0,22460.0,22460.0,355217157,8061572988600
2020/07/25 12:00,23400.0,23820.0,21560.0,22300.0,524224778,12153699426740
2020/07/26 12:00,22920.0,24330.0,22030.0,22030.0,157129954,3490053784850
2020/07/27 12:00,21100.0,21990.0,21100.0,21100.0,499427002,10583990540610
2020/07/28 12:00,21500.0,22240.0,20140.0,20140.0,363457353,7525937111910
2020/07/29 12:00,19690.0,20500.0,19680.0,19830.0,569322331,11242770686530
2020/08/01 12:00,20600.0,20730.0,19000.0,20730.0,250228158,5166473132360
2020/08/02 12:00,21680.0,21680.0,20800.0,21390.0,413360829,8856588209550
2020/08/03 12:00,21600.0,22500.0,20360.0,20370.0,133363122,2792445901280
2020/08/10 12:00,19200.0,20140.0,18700.0,19110.0,179613365,3463661127560
2020/08/11 12:00,19000.0,20240.0,18320.0,18480.0,418906516,7801356040200
2020/08/12 12:00,19550.0,19550.0,17690.0,18600.0,496178223,9458911515330
2020/08/15 12:00,18870.0,19200.0,18110.0,18110.0,399122646,7262036906160
2020/08/16 12:00,18200.0,18490.0,17290.0,17300.0,519906075,9065895600070
2020/08/17 12:00,18310.0,18310.0,17900.0,18310.0,272467806,4985117549230
2020/08/18 12:00,18860.0,19210.0,17390.0,17700.0,431821069,7806257137450
2020/08/19 12:00,17180.0,17180.0,17180.0,17180.0,155213627,2666570111860
2020/08/22 12:00,17800.0,18030.0,16350.0,17580.0,369911387,6500552570430
2020/08/23 12:00,17940.0,18000.0,16700.0,16700.0,419529484,7060284429280
2020/08/24 12:00,17500.0,17670.0,15990.0,16700.0,650651559,10573015247380
2020/08/25 12:00,17060.0,17060.0,17060.0,17060.0,59129576,1008750566560
2020/08/26 12:00,17910.0,17910.0,17910.0,17910.0,30151735,540017573850
2020/08/31 12:00,18800.0,18800.0,17910.0,18800.0,836882421,15668097021370
2020/09/01 12:00,18690.0,19450.0,17790.0,18000.0,408200456,7550155219100
2020/09/02 12:00,17950.0,18100.0,17580.0,17580.0,320807603,5648079863240
2020/09/05 12:00,18150.0,18490.0,18000.0,18490.0,343688943,6317426973660
2020/09/06 12:00,19290.0,19290.0,18000.0,18410.0,447589909,8474706007620
2020/09/07 12:00,18120.0,18400.0,17990.0,17990.0,64652211,1165487470390
2020/09/08 12:00,17130.0,17130.0,17130.0,17130.0,15209824,260544285120
2020/09/09 12:00,16280.0,17580.0,16280.0,17370.0,375517715,6286764740350
2020/09/12 12:00,17570.0,17570.0,17110.0,17570.0,284629059,4996669596670
2020/09/13 12:00,17590.0,18430.0,16690.0,18430.0,609948922,10891254011610
2020/09/14 12:00,18500.0,18750.0,18010.0,18750.0,218019660,4070811025100
2020/09/15 12:00,19600.0,19600.0,19600.0,19600.0,96504033,1891479046800
2020/09/16 12:00,20580.0,20580.0,20100.0,20580.0,500745007,10291432370110
2020/09/19 12:00,21380.0,21570.0,20500.0,21160.0,441572984,9420821063580
2020/09/20 12:00,20990.0,21300.0,20270.0,20270.0,139013548,2856599797920
2020/09/21 12:00,19530.0,19530.0,19530.0,19530.0,51438183,1004587713990
2020/09/22 12:00,19500.0,20270.0,18560.0,19900.0,446998696,8550772732210
2020/09/23 12:00,19980.0,20080.0,19160.0,20070.0,255917094,5088032819170
2020/09/26 12:00,20500.0,20630.0,19100.0,20030.0,258637027,5124398619130
2020/09/27 12:00,19430.0,19800.0,18820.0,18820.0,100078046,1888645817530
2020/09/28 12:00,17930.0,17930.0,17930.0,17930.0,85670776,1536077013680
2020/09/29 12:00,17040.0,18700.0,17040.0,17960.0,369086717,6457530689360
2020/09/30 12:00,18170.0,18290.0,17100.0,18290.0,172105119,3083679969340
2020/10/03 12:00,18290.0,18810.0,17930.0,18810.0,178638666,3342359852500
2020/10/04 12:00,18760.0,19000.0,17780.0,18090.0,297946667,5425314064160
2020/10/05 12:00,17610.0,18410.0,17330.0,17700.0,213147215,3807782375150
2020/10/06 12:00,17700.0,18350.0,17320.0,18240.0,222404695,3972704029530
2020/10/07 12:00,18280.0,18460.0,17550.0,18060.0,210699577,3793241143150
2020/10/10 12:00,17700.0,17990.0,17120.0,17500.0,252686562,4418951869060
2020/10/11 12:00,17600.0,18360.0,17560.0,18030.0,397335925,7242205025340
2020/10/12 12:00,18000.0,18260.0,17320.0,18050.0,322364710,5672976346350
2020/10/13 12:00,17600.0,18000.0,17020.0,17630.0,177118808,3112948836350
2020/10/14 12:00,17390.0,17620.0,16840.0,16910.0,183427178,3124167500750
2020/10/18 12:00,16700.0,16940.0,16180.0,16180.0,77129959,1256374286450
2020/10/19 12:00,15480.0,15480.0,15480.0,15480.0,120498847,1865322151560
2020/10/20 12:00,14710.0,14710.0,14710.0,14710.0,42056002,618643789420
2020/10/21 12:00,14500.0,15250.0,13980.0,14360.0,359350446,5150401312650
2020/10/24 12:00,13960.0,14280.0,13620.0,13620.0,65151597,895100745920
2020/10/26 12:00,13060.0,13700.0,13060.0,13060.0,440495689,5762390630260
2020/10/27 12:00,12850.0,13190.0,12430.0,12440.0,272763658,3409012907120
2020/10/28 12:00,12070.0,13010.0,11880.0,12910.0,284033286,3532876118970
2020/10/31 12:00,12900.0,13060.0,12450.0,13060.0,181913059,2367451880040
2020/11/01 12:00,13100.0,13120.0,12360.0,12370.0,193483428,2421422917390
2020/11/02 12:00,12100.0,12680.0,11910.0,12310.0,96584869,1191311312440
2020/11/04 12:00,12940.0,12940.0,12610.0,12940.0,155946138,2017339314720
2020/11/07 12:00,12300.0,12300.0,12300.0,12300.0,13892626,170879299800
2020/11/08 12:00,11690.0,11690.0,11690.0,11690.0,4022542,47023515980
2020/11/09 12:00,11440.0,12060.0,11440.0,11730.0,448720148,5177266529360
2020/11/10 12:00,11840.0,11840.0,11250.0,11600.0,157957655,1831999763420
2020/11/11 12:00,11650.0,12160.0,11290.0,12000.0,173100493,2036028177970
2020/11/14 12:00,12200.0,12340.0,12000.0,12340.0,79522632,978816059980
2020/11/15 12:00,12920.0,12920.0,12310.0,12420.0,285931951,3621034376110
2020/11/16 12:00,12450.0,13250.0,12150.0,12990.0,166110885,2154058995330
2020/11/17 12:00,12990.0,13610.0,12980.0,13610.0,235596378,3194374712160
2020/11/18 12:00,14200.0,14230.0,13750.0,14230.0,105286012,1496511912780
2020/11/21 12:00,14700.0,14700.0,13500.0,13500.0,362214809,5059526672080
2020/11/22 12:00,13280.0,13900.0,13280.0,13280.0,424794132,5689232051990
2020/11/23 12:00,13070.0,13750.0,12890.0,13090.0,254999176,3364279871960
2020/11/24 12:00,13050.0,13250.0,12540.0,12540.0,327023562,4131993407530
2020/11/25 12:00,12350.0,13270.0,12350.0,13270.0,280121990,3674662605210
2020/11/28 12:00,13270.0,13770.0,12910.0,13770.0,462832122,6317418658120
2020/11/29 12:00,13980.0,14200.0,13250.0,13810.0,363363855,4993642408760
2020/11/30 12:00,13880.0,14420.0,13750.0,14280.0,465357397,6629114882960
2020/12/01 12:00,14220.0,14840.0,13900.0,14250.0,267082723,3850525210230
2020/12/02 12:00,14500.0,14750.0,13830.0,14050.0,188800494,2704206494560
2020/12/05 12:00,13900.0,14570.0,13900.0,14390.0,177800363,2544830838080
2020/12/06 12:00,14560.0,14840.0,14300.0,14520.0,206649764,3009050319240
2020/12/07 12:00,14520.0,14820.0,13840.0,13980.0,266796598,3821650261400
2020/12/08 12:00,14250.0,14650.0,13910.0,14310.0,204837728,2932253253530
2020/12/09 12:00,14200.0,14850.0,14020.0,14770.0,240497564,3472594852450
2020/12/12 12:00,15130.0,15160.0,14950.0,15160.0,602215894,9127601222970
2020/12/13 12:00,15200.0,15460.0,14800.0,14880.0,277490489,4192208127680
2020/12/14 12:00,14960.0,15170.0,14360.0,14360.0,259853930,3780876051210
2020/12/15 12:00,13980.0,14150.0,13830.0,13830.0,303302198,4198354732030
2020/12/16 12:00,13470.0,14260.0,13360.0,14120.0,175432644,2444235889320
2020/12/19 12:00,14550.0,14620.0,14300.0,14620.0,294540609,4299569893910
2020/12/20 12:00,14800.0,14880.0,14160.0,14520.0,183053486,2656415847450
2020/12/21 12:00,14510.0,14790.0,14010.0,14150.0,125040946,1791779774280
2020/12/22 12:00,14100.0,14450.0,14070.0,14240.0,154424442,2201296468330
2020/12/23 12:00,14200.0,14290.0,13870.0,13960.0,159829750,2242339545820
2020/12/26 12:00,13850.0,14200.0,13380.0,13460.0,220671994,2993309973680
2020/12/27 12:00,13330.0,13940.0,13170.0,13620.0,129166986,1744139993550
2020/12/28 12:00,13450.0,13950.0,12830.0,13550.0,99193496,1352925868060
2020/12/29 12:00,13530.0,13660.0,13150.0,13610.0,151977013,2030760037840
2020/12/30 12:00,13510.0,13610.0,12850.0,12920.0,121632790,1607648908800
2021/01/02 12:00,12700.0,13070.0,12560.0,12560.0,182265257,2297349323520
2021/01/03 12:00,12410.0,13130.0,12320.0,12700.0,94039761,1188881697180
2021/01/04 12:00,12720.0,13000.0,12570.0,12640.0,84691004,1074519281720
2021/01/05 12:00,12610.0,12750.0,12060.0,12060.0,141067026,1737493836030
2021/01/06 12:00,11850.0,12280.0,11710.0,11720.0,191378399,2254561888270
2021/01/09 12:00,11370.0,11700.0,11200.0,11230.0,158313112,1783184345690
2021/01/10 12:00,11650.0,11820.0,11500.0,11820.0,105531560,1243223345660
2021/01/11 12:00,12300.0,12300.0,11400.0,11520.0,81843369,971574771470
2021/01/12 12:00,11500.0,11670.0,11280.0,11280.0,137108027,1549499198200
2021/01/13 12:00,11180.0,11500.0,10740.0,10740.0,148548869,1610977961440
2021/01/16 12:00,10370.0,10840.0,10300.0,10300.0,169871357,1752637711270
2021/01/18 12:00,9810.0,10000.0,9810.0,9810.0,171942544,1687151987440
2021/01/19 12:00,9400.0,10300.0,9390.0,10300.0,124121004,1265785927350
2021/01/20 12:00,10550.0,10710.0,10450.0,10710.0,37096676,396092162840
2021/01/23 12:00,11210.0,11210.0,11210.0,11210.0,34566999,387496058790
2021/01/24 12:00,11770.0,11770.0,11160.0,11440.0,248088725,2881755388860
2021/01/25 12:00,11400.0,12100.0,11100.0,11710.0,102333432,1206384835980
2021/01/26 12:00,11890.0,12150.0,11210.0,11300.0,133965745,1564647132020
2021/01/27 12:00,11580.0,11940.0,11190.0,11820.0,90083984,1051001762850
2021/01/30 12:00,11830.0,12250.0,11830.0,12250.0,90129496,1101367414080
2021/01/31 12:00,12630.0,12700.0,11760.0,11800.0,104365384,1261326072420
2021/02/01 12:00,12000.0,12150.0,11490.0,11490.0,94614721,1111377127550
2021/02/02 12:00,11300.0,11600.0,11170.0,11170.0,97460009,1094916595940
2021/02/03 12:00,10750.0,11490.0,10670.0,10670.0,75189910,810371684980
2021/02/06 12:00,10670.0,10800.0,10250.0,10250.0,110236217,1135693759180
2021/02/07 12:00,10800.0,10810.0,10500.0,10810.0,36586710,395411565080
2021/02/08 12:00,11350.0,11350.0,11150.0,11350.0,158299571,1795485045790
2021/02/09 12:00,11680.0,11900.0,11480.0,11900.0,73986789,878148818120
2021/02/13 12:00,12580.0,12580.0,12580.0,12580.0,86221150,1084662067000
2021/02/14 12:00,12750.0,13190.0,12400.0,12570.0,217250609,2774064436130
2021/02/15 12:00,12600.0,13030.0,12520.0,12540.0,156503255,1981417466800
2021/02/16 12:00,12550.0,12700.0,12410.0,12470.0,118544579,1472999894920
2021/02/17 12:00,12300.0,12430.0,12190.0,12200.0,52683594,642911604320
2021/02/20 12:00,12220.0,12530.0,11960.0,12180.0,117439487,1420126805620
2021/02/21 12:00,11890.0,12090.0,11850.0,11850.0,46505058,552042382560
2021/02/22 12:00,11640.0,11820.0,11640.0,11640.0,131051701,1526289334650
2021/02/23 12:00,11430.0,12280.0,11420.0,12170.0,134965921,1594495542540
2021/02/24 12:00,12240.0,12240.0,11580.0,11640.0,77691558,919204481860
2021/02/27 12:00,11600.0,11700.0,11600.0,11600.0,73127741,848352221640
2021/02/28 12:00,11370.0,11620.0,11370.0,11610.0,77302357,880833280220
2021/03/01 12:00,11690.0,11780.0,11360.0,11730.0,91798722,1061173363080
2021/03/02 12:00,11810.0,12100.0,11600.0,11860.0,62580371,739704570690
2021/03/03 12:00,11900.0,11920.0,11600.0,11910.0,79521076,933915865210
2021/03/06 12:00,11750.0,11800.0,11510.0,11550.0,61958127,716732332870
2021/03/07 12:00,11450.0,12030.0,11450.0,12030.0,78545797,925200597650
2021/03/08 12:00,12140.0,12480.0,11970.0,12480.0,174284774,2162898569810
2021/03/09 12:00,12700.0,13000.0,12240.0,12400.0,127413792,1604384493000
2021/03/10 12:00,12480.0,12640.0,12340.0,12590.0,88138499,1101407037500
2021/03/13 12:00,12380.0,13030.0,12380.0,12710.0,113400632,1444911020060
2021/03/16 12:00,13500.0,13500.0,13500.0,13500.0,57173706,771845031000
2021/03/17 12:00,14310.0,14310.0,13860.0,13990.0,207764062,2943596839720
2021/03/27 12:00,14100.0,14320.0,13890.0,13920.0,76163418,1070518206970
2021/03/28 12:00,14060.0,14060.0,13780.0,13780.0,84018743,1159415227850
2021/03/30 12:00,13640.0,14300.0,13600.0,13930.0,55662597,777505009350
2021/03/31 12:00,13900.0,14090.0,13700.0,13700.0,30518130,419956043890
2021/04/03 12:00,13490.0,13490.0,13490.0,13490.0,27650708,373008050920
2021/04/04 12:00,13230.0,13230.0,13230.0,13230.0,11595923,153414061290
2021/04/05 12:00,12970.0,13380.0,12970.0,13370.0,109388395,1423966918650
2021/04/06 12:00,13380.0,13410.0,12760.0,12800.0,54293452,703737016140
2021/04/07 12:00,12750.0,12880.0,12710.0,12710.0,24243843,308364419690
2021/04/10 12:00,12470.0,12530.0,12470.0,12470.0,20230451,252279732970
2021/04/11 12:00,12230.0,12300.0,12230.0,12230.0,124626379,1524768395510
2021/04/12 12:00,12250.0,12530.0,12110.0,12500.0,76851728,945807481830
2021/04/13 12:00,12700.0,13040.0,12600.0,13040.0,188712769,2449523849120
2021/04/14 12:00,13030.0,13170.0,12730.0,12770.0,106404742,1377891123040
2021/04/17 12:00,12700.0,12880.0,12700.0,12700.0,9692007,123122528580
2021/04/18 12:00,12450.0,12450.0,12450.0,12450.0,8449852,105200657400
2021/04/19 12:00,12230.0,12590.0,12230.0,12470.0,141171735,1735482831380
2021/04/20 12:00,12310.0,12650.0,12120.0,12180.0,68198392,842585511130
2021/04/21 12:00,12200.0,12360.0,11980.0,12020.0,55757581,675013743150
2021/04/24 12:00,11800.0,12250.0,11800.0,12130.0,47959966,575701433780
2021/04/25 12:00,11750.0,11990.0,11650.0,11780.0,60595344,712834032460
2021/04/26 12:00,11710.0,12300.0,11710.0,12220.0,55383192,666961908120
2021/04/27 12:00,12250.0,12760.0,12230.0,12610.0,121999895,1544152408070
2021/04/28 12:00,12670.0,13200.0,12450.0,12660.0,56904744,726552365030
2021/05/01 12:00,12550.0,12750.0,12390.0,12390.0,46744067,580748556940
2021/05/02 12:00,12050.0,12050.0,12050.0,12050.0,8784390,105851899500
2021/05/03 12:00,11710.0,11860.0,11710.0,11710.0,95381332,1117632133810
2021/05/05 12:00,11580.0,12210.0,11580.0,11980.0,65679451,786018916900
2021/05/08 12:00,12010.0,12350.0,11680.0,11820.0,45623577,544485078010
2021/05/09 12:00,11650.0,11750.0,11580.0,11580.0,59627396,690754738960
2021/05/10 12:00,11410.0,12270.0,11400.0,12270.0,106481412,1279381849560
2021/05/11 12:00,12300.0,12740.0,12090.0,12740.0,138985009,1760231182120
2021/05/12 12:00,13100.0,13150.0,12450.0,12670.0,77854760,990734527650
2021/05/15 12:00,12680.0,13190.0,12570.0,12750.0,59697544,770638353100
2021/05/16 12:00,12940.0,13090.0,12580.0,12580.0,51548294,656634827320
2021/05/17 12:00,12570.0,12700.0,12200.0,12230.0,41101240,512407923680
2021/05/18 12:00,12220.0,12820.0,12220.0,12290.0,67706877,842391663160
2021/05/25 12:00,9000.0,9000.0,8790.0,8880.0,65478842,582914427500
2021/05/26 12:00,8900.0,9130.0,8760.0,8990.0,61427501,551146136150
2021/05/29 12:00,9040.0,9410.0,9040.0,9410.0,98191699,921701755030
2021/05/30 12:00,9850.0,9850.0,9450.0,9610.0,189740020,1853228501870
2021/05/31 12:00,9520.0,9950.0,9470.0,9570.0,84163749,811361579940
2021/06/01 12:00,9520.0,9800.0,9520.0,9570.0,58977676,569295889040
2021/06/02 12:00,9560.0,9940.0,9560.0,9870.0,89406208,880045727480
2021/06/07 12:00,9970.0,10150.0,9920.0,10000.0,75864677,759661624540
2021/06/08 12:00,9970.0,10140.0,9720.0,9800.0,94171046,934965878710
2021/06/09 12:00,9700.0,9890.0,9630.0,9840.0,47787996,466893651610
2021/06/12 12:00,9670.0,9850.0,9640.0,9670.0,78592576,765151971460
2021/06/13 12:00,9650.0,9820.0,9550.0,9750.0,54092184,525946305740
2021/06/14 12:00,9830.0,9930.0,9740.0,9920.0,84498866,832339529140
2021/06/15 12:00,9900.0,10020.0,9750.0,9760.0,89910141,891977399880
2021/06/16 12:00,9730.0,9960.0,9730.0,9930.0,113619491,1127095207490
2021/06/19 12:00,9910.0,10240.0,9880.0,10210.0,157409167,1588033866820
2021/06/20 12:00,10110.0,10290.0,9980.0,10000.0,112701749,1142462577300
2021/06/21 12:00,9870.0,10140.0,9860.0,10060.0,72315904,728768645200
2021/06/22 12:00,10060.0,10390.0,10050.0,10330.0,97535316,996064911490
2021/06/23 12:00,10380.0,10720.0,10230.0,10720.0,246232566,2607674601760
2021/06/26 12:00,10880.0,10960.0,10580.0,10590.0,144220200,1557425927120
2021/06/27 12:00,10650.0,10820.0,10520.0,10610.0,75911169,808570658720
2021/06/28 12:00,10550.0,10690.0,10410.0,10630.0,68898363,730766947230
2021/06/29 12:00,10510.0,10820.0,10510.0,10620.0,59021339,629647739420
2021/06/30 12:00,10580.0,10730.0,10520.0,10600.0,47625377,506046838270
2021/07/03 12:00,10630.0,10630.0,10100.0,10100.0,114014851,1168765515660
2021/07/04 12:00,10050.0,10470.0,10010.0,10230.0,55760104,572845246960
2021/07/05 12:00,10130.0,10430.0,10130.0,10380.0,114635355,1176114786030
2021/07/06 12:00,10400.0,10770.0,10380.0,10760.0,219330222,2343965963550
2021/07/07 12:00,10490.0,10720.0,10330.0,10420.0,116233464,1216297653510
2021/07/10 12:00,10260.0,10430.0,10200.0,10330.0,88156494,904850387860
2021/07/11 12:00,10400.0,10690.0,10350.0,10590.0,98697009,1039841681900
2021/07/12 12:00,10660.0,11060.0,10610.0,10740.0,156216780,1695540395300
2021/07/13 12:00,10720.0,11050.0,10660.0,10700.0,107829635,1168130199640
2021/07/14 12:00,10510.0,10770.0,10510.0,10720.0,83900309,895027074850
2021/07/17 12:00,10730.0,10790.0,10510.0,10640.0,77603918,826922788750
2021/07/18 12:00,10490.0,10630.0,10390.0,10580.0,96260142,1010096717920
2021/07/26 12:00,10840.0,10840.0,10660.0,10710.0,38512453,415617143050
2021/07/27 12:00,10760.0,10800.0,10410.0,10420.0,106614974,1123802677170
2021/07/28 12:00,10350.0,10770.0,10350.0,10650.0,115208632,1221678979660
2021/07/31 12:00,10690.0,11050.0,10650.0,11020.0,231700713,2536912447630
2021/08/08 12:00,11020.0,11120.0,10860.0,11000.0,253156718,2785194821720
2021/08/09 12:00,11000.0,11480.0,11000.0,11400.0,220118923,2493765269560
2021/08/10 12:00,11550.0,11890.0,11470.0,11890.0,353301509,4164183800780
2021/08/11 12:00,12150.0,12370.0,12070.0,12370.0,340891219,4185538811670
2021/08/14 12:00,12490.0,12490.0,11900.0,12370.0,194218710,2372205548300
2021/08/15 12:00,12370.0,12490.0,11970.0,12460.0,156398366,1928917996730
2021/08/22 12:00,12400.0,12580.0,12110.0,12400.0,178042872,2200362916580
2021/08/23 12:00,12370.0,12420.0,12030.0,12260.0,130225077,1594870643520
2021/08/24 12:00,12160.0,12670.0,12160.0,12500.0,151607814,1891247681620
2021/08/25 12:00,12600.0,12610.0,12210.0,12460.0,122251981,1511965006490
2021/08/28 12:00,12420.0,12710.0,12290.0,12650.0,170089447,2128435976380
2021/08/29 12:00,12680.0,13100.0,12350.0,12450.0,270492020,3416681016610
2021/08/30 12:00,12450.0,12500.0,12000.0,12000.0,313525813,3794469787870
2021/08/31 12:00,11750.0,12270.0,11570.0,11900.0,161311348,1923778199760
2021/09/01 12:00,12000.0,12300.0,11750.0,12110.0,101181740,1218727217110
2021/09/04 12:00,12200.0,12250.0,11920.0,12040.0,105516641,1272707357080
2021/09/05 12:00,12050.0,12060.0,11720.0,11890.0,58579333,696750759120
2021/09/06 12:00,11750.0,11950.0,11510.0,11790.0,111468142,1314885922610
2021/09/07 12:00,11500.0,11810.0,11400.0,11520.0,103122623,1195044354610
2021/09/08 12:00,11430.0,11800.0,11430.0,11650.0,109476794,1270161344700
2021/09/11 12:00,11750.0,11790.0,11460.0,11490.0,131105853,1518837478070
2021/09/12 12:00,11440.0,11450.0,11080.0,11320.0,106561064,1200061894020
2021/09/13 12:00,11200.0,11390.0,11060.0,11190.0,95728347,1070467663800
2021/09/14 12:00,11200.0,11430.0,11180.0,11360.0,82630655,934316872930
2021/09/15 12:00,11220.0,11330.0,11100.0,11240.0,63440038,712021835420
2021/09/18 12:00,11140.0,11150.0,10660.0,10660.0,110358481,1182365992900
2021/09/19 12:00,10450.0,10880.0,10290.0,10390.0,77340350,807092774310
2021/09/20 12:00,10410.0,10590.0,10390.0,10470.0,66306057,694784135400
2021/09/21 12:00,10480.0,10580.0,9980.0,10160.0,86617042,878695470420
2021/09/22 12:00,10160.0,10280.0,9920.0,10280.0,98950600,999847299730
2021/09/25 12:00,10280.0,10600.0,10280.0,10580.0,101417753,1069930657640
2021/09/26 12:00,10750.0,10750.0,10350.0,10450.0,48809259,512583511180
2021/09/28 12:00,10600.0,10600.0,10350.0,10490.0,43601832,455163241800
2021/09/29 12:00,10410.0,10660.0,10380.0,10560.0,61996626,649826970080
2021/10/02 12:00,10590.0,11000.0,10590.0,10870.0,127159011,1386646483970
2021/10/03 12:00,10870.0,11020.0,10700.0,10890.0,64915676,705010036710
2021/10/04 12:00,10890.0,10960.0,10720.0,10790.0,40935944,443535511980
2021/10/06 12:00,10820.0,10840.0,10600.0,10620.0,71842154,766722013190
2021/10/09 12:00,10620.0,10720.0,10260.0,10350.0,60522468,627965516340
2021/10/10 12:00,10230.0,10410.0,10140.0,10310.0,44285258,455139478460
2021/10/11 12:00,10300.0,10400.0,10210.0,10210.0,48597848,501169565310
2021/10/12 12:00,10150.0,10250.0,9990.0,10080.0,67893378,683649281270
2021/10/13 12:00,10020.0,10200.0,9970.0,10180.0,66932409,672671751620
2021/10/16 12:00,10400.0,10550.0,10400.0,10550.0,94628320,998100464110
2021/10/17 12:00,10710.0,10950.0,10500.0,10540.0,100696047,1067060764300
2021/10/18 12:00,10500.0,10760.0,10400.0,10690.0,80021213,850987891140
2021/10/19 12:00,10800.0,10870.0,10620.0,10630.0,52028961,560191947270
2021/10/20 12:00,10620.0,10660.0,10430.0,10470.0,53755334,567244587130
2021/10/23 12:00,11070.0,11070.0,10800.0,10930.0,279919222,3075311302770
2021/10/25 12:00,10990.0,11160.0,10820.0,10870.0,90378714,990474088320
2021/10/26 12:00,10800.0,11180.0,10770.0,11070.0,89600552,990346036780
2021/10/27 12:00,11070.0,11600.0,11040.0,11600.0,178922727,2053247627470
2021/10/30 12:00,11700.0,11730.0,11130.0,11700.0,95982108,1086001186690
2021/10/31 12:00,11320.0,11440.0,10770.0,10920.0,140709717,1545396383920
2021/11/01 12:00,11200.0,11520.0,11200.0,11380.0,91477408,1042798253560
2021/11/02 12:00,11680.0,11840.0,11510.0,11800.0,80821341,942911578100
2021/11/03 12:00,11810.0,12110.0,11750.0,12040.0,91949372,1096950339960
2021/11/06 12:00,12050.0,12480.0,12030.0,12130.0,150487290,1849620869080
2021/11/07 12:00,12050.0,12320.0,11680.0,11700.0,154811384,1848999019230
2021/11/08 12:00,11710.0,12150.0,11620.0,12000.0,80923031,966600408080
2021/11/09 12:00,12030.0,12200.0,11880.0,11940.0,67165074,806501814590
2021/11/10 12:00,11940.0,12080.0,11800.0,12010.0,75246306,901008061090
2021/11/13 12:00,11800.0,11950.0,11510.0,11690.0,61711653,724840198640
2021/11/14 12:00,11750.0,11930.0,11600.0,11650.0,60503628,710444880000
2021/11/15 12:00,11650.0,11660.0,11160.0,11250.0,71773060,809287914550
2021/11/16 12:00,11060.0,11390.0,11060.0,11150.0,46062879,516800766400
2021/11/17 12:00,11150.0,11340.0,11050.0,11200.0,53548043,597674516320
2021/11/20 12:00,11020.0,11190.0,10610.0,10690.0,134548898,1438134421010
2021/11/21 12:00,10700.0,11170.0,10570.0,11040.0,93324728,1015589013680
2021/11/22 12:00,11180.0,11290.0,10950.0,11080.0,64860126,722011790110
2021/11/23 12:00,11120.0,11130.0,10800.0,10820.0,39776506,433959061350
2021/11/24 12:00,10800.0,10940.0,10690.0,10740.0,51873959,558423537610
2021/11/27 12:00,10350.0,10550.0,10240.0,10240.0,116006291,1192050965120
2021/11/28 12:00,10110.0,10450.0,10110.0,10200.0,73268483,754752495350
2021/11/29 12:00,10300.0,10400.0,10120.0,10160.0,57199650,584363887680
2021/11/30 12:00,10250.0,10250.0,10020.0,10020.0,56379579,569508052650
2021/12/01 12:00,10080.0,10190.0,9980.0,10130.0,63712750,641740004640
2021/12/04 12:00,10400.0,10420.0,9990.0,10230.0,61827229,624409014300
2021/12/05 12:00,10270.0,10470.0,10210.0,10300.0,64240048,663247544490
2021/12/06 12:00,10350.0,10380.0,10160.0,10190.0,38216266,392663069250
2021/12/07 12:00,10170.0,10370.0,10130.0,10280.0,36566182,375099099720
2021/12/08 12:00,10260.0,10650.0,10260.0,10480.0,50875004,532025543280
2021/12/11 12:00,10540.0,10600.0,10320.0,10350.0,38903883,405066125380
2021/12/12 12:00,10300.0,10300.0,10050.0,10120.0,50932531,515191744430
2021/12/13 12:00,10090.0,10190.0,9620.0,9620.0,133774229,1309343954410
2021/12/14 12:00,9670.0,10020.0,9630.0,9900.0,66947017,659248406760
2021/12/15 12:00,9850.0,10100.0,9770.0,9840.0,41755901,412129633110
2021/12/18 12:00,9910.0,10070.0,9880.0,9930.0,42451768,422256697210
2021/12/19 12:00,9910.0,9990.0,9590.0,9680.0,43384852,420690620270
2021/12/20 12:00,9920.0,10060.0,9830.0,9960.0,63269962,629590672430
2021/12/21 12:00,9960.0,10230.0,9960.0,10170.0,68536996,693792806600
2021/12/22 12:00,10300.0,10620.0,10210.0,10620.0,114037521,1202956716160
2021/12/25 12:00,10800.0,11060.0,10580.0,10630.0,95133663,1028243353060
2021/12/26 12:00,10590.0,10950.0,10450.0,10910.0,71882370,769932276850
2021/12/27 12:00,11000.0,11240.0,10870.0,10960.0,105818947,1174308082290
2021/12/28 12:00,11090.0,11090.0,10820.0,10970.0,58207314,637999439450
2021/12/29 12:00,10940.0,11070.0,10680.0,10680.0,79734418,863067247710
2022/01/01 12:00,10680.0,10680.0,10450.0,10480.0,54312297,572053019020
2022/01/02 12:00,10540.0,10680.0,10480.0,10680.0,35831288,378578998570
2022/01/03 12:00,10690.0,10720.0,10490.0,10510.0,29918409,316164450650
2022/01/04 12:00,10440.0,10500.0,10360.0,10380.0,39916173,414731151650
2022/01/05 12:00,10390.0,10490.0,10330.0,10430.0,26713888,277921735720
2022/01/08 12:00,10400.0,10560.0,10240.0,10410.0,41338897,428292717090
2022/01/09 12:00,10230.0,10300.0,9970.0,10070.0,60495870,608531465420
2022/01/10 12:00,10020.0,10180.0,9960.0,10060.0,49246139,493990561670
2022/01/11 12:00,10180.0,10270.0,10040.0,10050.0,27833048,281137128560
2022/01/12 12:00,10020.0,10180.0,10010.0,10040.0,30675607,309719350490
2022/01/15 12:00,10100.0,10200.0,9970.0,10000.0,58314729,586069962480
2022/01/16 12:00,10060.0,10100.0,9890.0,10030.0,39831559,398099911880
2022/01/17 12:00,10010.0,10100.0,9820.0,9940.0,42529152,422461546920
2022/01/18 12:00,9820.0,9830.0,9440.0,9540.0,83956395,804643408120
2022/01/19 12:00,9620.0,9760.0,9580.0,9620.0,47305116,454972319400
2022/01/22 12:00,9900.0,10100.0,9840.0,9900.0,58374900,581773143490
2022/01/23 12:00,9900.0,9900.0,9550.0,9650.0,50232031,487277613430
2022/01/24 12:00,9600.0,9760.0,9430.0,9480.0,48904568,467430062850
2022/01/25 12:00,9430.0,9650.0,9100.0,9640.0,309472216,2935041304130
2022/01/26 12:00,9920.0,9950.0,9720.0,9950.0,86080853,854013361560
2022/01/29 12:00,10240.0,10410.0,10100.0,10410.0,90300564,937936824500
2022/01/30 12:00,10610.0,10800.0,10520.0,10710.0,167499431,1785569560790
2022/01/31 12:00,10710.0,10900.0,10680.0,10760.0,68680765,737877658830
2022/02/01 12:00,10850.0,10850.0,10740.0,10750.0,126077575,1356344340400
2022/02/02 12:00,10760.0,10830.0,10760.0,10820.0,95405420,1028977288330
2022/02/05 12:00,10800.0,10840.0,10790.0,10830.0,110739404,1196976783620
2022/02/06 12:00,10810.0,10820.0,10310.0,10550.0,370043527,3949281623610
2022/02/07 12:00,10340.0,10540.0,10340.0,10440.0,49945065,521430293760
2022/02/08 12:00,10440.0,10500.0,10210.0,10280.0,63260500,657432709470
2022/02/09 12:00,10310.0,10490.0,10080.0,10480.0,61317877,633146443170
2022/02/12 12:00,10410.0,10500.0,10140.0,10210.0,34530073,354383023030
2022/02/13 12:00,10140.0,10260.0,10100.0,10210.0,56030732,572751114150
2022/02/14 12:00,10380.0,10580.0,10300.0,10560.0,64920148,680100878470
2022/02/16 12:00,10540.0,10610.0,10470.0,10490.0,53472515,560893826600
2022/02/19 12:00,10490.0,10500.0,10470.0,10490.0,93975742,985779027570
2022/02/20 12:00,10500.0,10510.0,10470.0,10500.0,68904742,722905289170
2022/02/21 12:00,10490.0,10490.0,10260.0,10300.0,40848872,423369359080
2022/02/22 12:00,10410.0,10460.0,10330.0,10450.0,63647744,661966522200
2022/02/23 12:00,10400.0,10470.0,10390.0,10410.0,43979966,457519403850
2022/02/26 12:00,10400.0,10410.0,10070.0,10130.0,43711296,447416954160
2022/02/27 12:00,10100.0,10190.0,10000.0,10080.0,32296255,324651256690
2022/02/28 12:00,10010.0,10210.0,10010.0,10100.0,38119433,385260930410
2022/03/02 12:00,10160.0,10180.0,10020.0,10040.0,25550776,257174086580
2022/03/05 12:00,10100.0,10360.0,10070.0,10330.0,66073828,672276197350
2022/03/06 12:00,10350.0,10670.0,10320.0,10670.0,168635516,1786604993480
2022/03/07 12:00,10710.0,10960.0,10560.0,10650.0,73826403,792671971160
2022/03/08 12:00,10620.0,10650.0,10420.0,10550.0,50706125,533906737770
2022/03/09 12:00,10470.0,10790.0,10470.0,10550.0,62395650,661008588490
2022/03/12 12:00,10540.0,10610.0,10360.0,10440.0,56776747,594572532040
2022/03/13 12:00,10340.0,10630.0,10310.0,10470.0,48103494,505428624450
2022/03/14 12:00,10460.0,10580.0,10460.0,10520.0,37398632,393552927480
2022/03/15 12:00,10520.0,10590.0,10450.0,10520.0,42623906,448239269510
2022/03/16 12:00,10520.0,10750.0,10500.0,10700.0,31151156,332493105390
2022/03/19 12:00,10780.0,11060.0,10770.0,11020.0,54184282,592879371170
2022/03/26 12:00,11400.0,11480.0,11100.0,11480.0,125349807,1433610233860
2022/03/27 12:00,11570.0,11850.0,11460.0,11720.0,85471309,997204363580
2022/03/28 12:00,11750.0,11940.0,11620.0,11790.0,59376845,697502208570
2022/03/29 12:00,11850.0,11850.0,11410.0,11420.0,71795937,826642407970
2022/03/30 12:00,11420.0,11700.0,11310.0,11680.0,35378688,410813406180
2022/04/03 12:00,11780.0,12190.0,11650.0,12190.0,146890520,1786374089940
2022/04/04 12:00,12670.0,12670.0,12020.0,12150.0,229946162,2841988819840
2022/04/05 12:00,12200.0,12420.0,12010.0,12280.0,103074692,1268017210000
2022/04/06 12:00,12280.0,12370.0,11940.0,11960.0,71742464,865448665660
2022/04/09 12:00,11850.0,12100.0,11670.0,12000.0,49277413,590238726840
2022/04/10 12:00,12060.0,12330.0,12060.0,12160.0,61678908,753425183250
2022/04/11 12:00,12230.0,12330.0,12210.0,12330.0,53011076,650129511990
2022/04/12 12:00,11800.0,11930.0,11650.0,11650.0,178129847,2079809754780
2022/04/13 12:00,11570.0,11970.0,11570.0,11950.0,57938049,686884180610
2022/04/16 12:00,11900.0,12080.0,11870.0,12010.0,59035946,707921181350
2022/04/17 12:00,12000.0,12070.0,11800.0,12050.0,77393649,927699208860
2022/04/20 12:00,12110.0,12140.0,12000.0,12130.0,37106890,448167793640
2022/04/24 12:00,12240.0,12240.0,11790.0,12000.0,50561981,602160681570
2022/04/25 12:00,11840.0,12200.0,11820.0,12100.0,81443515,981254892590
2022/04/26 12:00,12060.0,12200.0,12010.0,12090.0,63858219,772071684210
2022/04/27 12:00,12100.0,12150.0,11980.0,12100.0,77016131,930332329500
2022/04/30 12:00,12070.0,12070.0,11900.0,11930.0,54328105,649714786520
2022/05/01 12:00,11900.0,11990.0,11790.0,11900.0,51692308,613960835590
2022/05/02 12:00,11810.0,11880.0,11740.0,11790.0,59839168,704561265630
2022/05/07 12:00,11780.0,11970.0,11750.0,11850.0,67222216,794385268610
2022/05/08 12:00,11820.0,12180.0,11820.0,12170.0,74499497,897416123440
2022/05/09 12:00,12180.0,12180.0,11780.0,11940.0,90397371,1079179711070
2022/05/10 12:00,11940.0,11970.0,11820.0,11830.0,39754507,472764804680
2022/05/11 12:00,11890.0,12240.0,11850.0,12090.0,73623774,892010616450
2022/05/14 12:00,12220.0,12470.0,12050.0,12130.0,76201024,926593642590
2022/05/15 12:00,12190.0,12240.0,11910.0,12180.0,53947704,652464801480
2022/05/16 12:00,12100.0,12620.0,12090.0,12500.0,135088447,1664959495750
2022/05/17 12:00,12700.0,12890.0,12550.0,12590.0,151834110,1938810881620
2022/05/18 12:00,12630.0,12830.0,12510.0,12750.0,73293898,930343913810
2022/05/21 12:00,12590.0,12660.0,12250.0,12540.0,61424001,770988228260
2022/05/22 12:00,12560.0,12600.0,12400.0,12560.0,90110710,1129884635110
2022/05/23 12:00,12550.0,12580.0,12270.0,12330.0,100386697,1245281441210
2022/05/24 12:00,12390.0,12390.0,12180.0,12290.0,81883317,1004115118710
2022/05/25 12:00,12260.0,12280.0,11950.0,12120.0,83136147,1006676062960
2022/05/28 12:00,12120.0,12250.0,11750.0,11980.0,67288466,804835573370
2022/05/29 12:00,11820.0,11890.0,11580.0,11780.0,59616472,699489000490
2022/05/30 12:00,11800.0,11930.0,11680.0,11760.0,56275815,661385948440
2022/05/31 12:00,11770.0,11900.0,11600.0,11700.0,28475982,334700160320
2022/06/06 12:00,11480.0,11480.0,11020.0,11480.0,62333539,702837327640
2022/06/07 12:00,11340.0,11340.0,11150.0,11270.0,79572207,897226190540
2022/06/08 12:00,11360.0,11360.0,11250.0,11310.0,50448912,569448226590
2022/06/11 12:00,11260.0,11340.0,11150.0,11310.0,60888112,687301209400
2022/06/12 12:00,11300.0,11700.0,11200.0,11540.0,71378541,817716551880
2022/06/13 12:00,11600.0,12100.0,11600.0,11660.0,106858966,1263478092340
2022/06/14 12:00,11750.0,11910.0,11640.0,11820.0,66911238,790861577530
2022/06/15 12:00,11730.0,11990.0,11580.0,11820.0,38764404,454047359480
2022/06/18 12:00,11650.0,11750.0,11550.0,11700.0,60658889,704542762480
2022/06/19 12:00,11660.0,11740.0,11560.0,11610.0,45368856,526781701680
2022/06/20 12:00,11590.0,11740.0,11580.0,11610.0,49782910,578398022780
2022/06/21 12:00,11580.0,11610.0,11460.0,11480.0,42656631,492497000270
2022/06/22 12:00,11460.0,11550.0,11310.0,11470.0,43038062,492403236100
2022/06/25 12:00,11320.0,11320.0,11070.0,11080.0,80665442,899157015470
2022/06/26 12:00,11110.0,11120.0,10750.0,10790.0,76316596,831277934730
2022/06/27 12:00,10800.0,10950.0,10780.0,10900.0,84656585,921595286720
2022/06/28 12:00,10910.0,11050.0,10880.0,10920.0,44829513,490102602240
2022/06/29 12:00,10920.0,10970.0,10900.0,10930.0,36334015,397507695690
2022/07/02 12:00,10900.0,10930.0,10660.0,10710.0,40088493,433993062960
2022/07/03 12:00,10820.0,10840.0,10630.0,10840.0,29044751,313663612400
2022/07/04 12:00,10830.0,10900.0,10760.0,10790.0,27861189,300999911850
2022/07/05 12:00,10830.0,11100.0,10790.0,10990.0,60218627,661146645770
2022/07/06 12:00,10960.0,11220.0,10930.0,10930.0,86387594,953796275290
2022/07/09 12:00,10990.0,11300.0,10950.0,10990.0,68566315,760908375230
2022/07/11 12:00,11280.0,11660.0,11210.0,11300.0,113911578,1298308235010
2022/07/12 12:00,11300.0,11460.0,11200.0,11370.0,74778647,850160009150
2022/07/13 12:00,11400.0,11500.0,11200.0,11370.0,45327426,512431333470
2022/07/16 12:00,11370.0,11370.0,10910.0,11030.0,48110092,533033432680
2022/07/17 12:00,11090.0,11090.0,10910.0,10990.0,49798334,547339174940
2022/07/24 12:00,10990.0,10990.0,10710.0,10830.0,27535444,300910282970
2022/07/25 12:00,10890.0,10930.0,10500.0,10540.0,68029792,727470113390
2022/07/26 12:00,10600.0,10760.0,10600.0,10680.0,45920539,490729649870
2022/07/27 12:00,10700.0,11090.0,10680.0,10930.0,44930484,490874652810
2022/07/30 12:00,10980.0,11170.0,10840.0,10890.0,48954520,540332728400
2022/07/31 12:00,10830.0,11370.0,10690.0,11350.0,148767350,1661850318610
2022/08/09 12:00,5470.0,5500.0,5390.0,5500.0,126831611,692060828940
2022/08/10 12:00,5590.0,5600.0,5480.0,5520.0,98255194,542781015750
2022/08/13 12:00,5520.0,5850.0,5500.0,5810.0,149535604,864611493990
2022/08/14 12:00,5850.0,5850.0,5650.0,5720.0,61677930,354087102070
2022/08/15 12:00,5720.0,5750.0,5600.0,5690.0,69689904,395085094000
2022/08/16 12:00,5730.0,5730.0,5510.0,5590.0,54168816,303613535090
2022/08/17 12:00,5600.0,5650.0,5500.0,5540.0,76206181,423917045370
2022/08/21 12:00,5420.0,5450.0,5400.0,5430.0,64793800,351314262970
2022/08/22 12:00,5420.0,5420.0,5240.0,5290.0,117052411,621874298380
2022/08/23 12:00,5230.0,5340.0,5220.0,5280.0,62393229,329122689880
2022/08/24 12:00,5330.0,5370.0,5280.0,5330.0,68699416,365888068740
2022/08/27 12:00,5380.0,5380.0,5300.0,5320.0,51647450,275201828410
2022/08/28 12:00,5350.0,5350.0,5240.0,5260.0,49398850,260408946750
2022/08/29 12:00,5270.0,5280.0,5200.0,5210.0,50011302,261650169900
2022/08/30 12:00,5200.0,5280.0,5130.0,5130.0,45326522,234455073430
2022/08/31 12:00,5160.0,5190.0,5120.0,5120.0,36092715,185444802610
2022/09/03 12:00,5120.0,5170.0,5020.0,5080.0,65174611,331643846300
2022/09/04 12:00,5100.0,5180.0,5070.0,5090.0,42292675,215396544090
2022/09/05 12:00,5150.0,5150.0,5050.0,5060.0,48675596,247383720220
2022/09/06 12:00,5080.0,5100.0,5020.0,5070.0,34701518,175608551800
2022/09/07 12:00,5080.0,5090.0,5020.0,5040.0,42583792,215291219330
2022/09/10 12:00,5050.0,5070.0,4990.0,5040.0,50441468,253873785990
2022/09/11 12:00,5040.0,5060.0,5020.0,5030.0,37750629,189855163190
2022/09/12 12:00,5100.0,5170.0,5050.0,5130.0,53997996,275376150730
2022/09/13 12:00,5160.0,5230.0,5120.0,5220.0,77278407,400648290970
2022/09/14 12:00,5250.0,5250.0,5120.0,5150.0,45054451,232827879720
2022/09/18 12:00,5170.0,5190.0,5080.0,5110.0,34970851,178779610790
2022/09/19 12:00,5110.0,5120.0,5080.0,5090.0,41222453,210164540620
2022/09/20 12:00,5100.0,5110.0,5060.0,5070.0,29849060,151667409260
2022/09/21 12:00,5050.0,5080.0,4990.0,4990.0,49116423,246375980990
2022/09/24 12:00,4990.0,4990.0,4860.0,4880.0,47330516,232389135810
2022/09/26 12:00,4880.0,5020.0,4870.0,4920.0,49543805,245442683220
2022/09/28 12:00,4990.0,5110.0,4950.0,5020.0,44592048,224675735280
2022/10/01 12:00,5060.0,5060.0,4900.0,4900.0,42451061,209322592000
2022/10/02 12:00,4920.0,4970.0,4870.0,4940.0,35283387,173876232690
2022/10/03 12:00,4930.0,4980.0,4900.0,4910.0,26126619,128730444420
2022/10/04 12:00,4910.0,4960.0,4900.0,4920.0,22066425,108470642630
2022/10/08 12:00,4920.0,4980.0,4899.0,4902.0,28772541,141391370083
2022/10/09 12:00,4914.0,4920.0,4880.0,4901.0,55112475,270569610422
2022/10/10 12:00,4909.0,4920.0,4879.0,4910.0,33137450,162276887259
2022/10/11 12:00,4921.0,5060.0,4904.0,5015.0,37174234,185088976799
2022/10/12 12:00,5055.0,5090.0,5018.0,5065.0,32782519,165804890175
2022/10/15 12:00,5070.0,5080.0,4940.0,5040.0,29365546,147769564460
2022/10/16 12:00,5040.0,5040.0,4930.0,5010.0,37568225,187280095670
2022/10/17 12:00,5000.0,5000.0,4910.0,5000.0,29816705,148598209630
2022/10/18 12:00,5000.0,5010.0,4910.0,4930.0,28056860,138832419600
2022/10/19 12:00,4940.0,4960.0,4880.0,4890.0,21968294,107777591770
2022/10/22 12:00,4901.0,4910.0,4859.0,4874.0,46946435,229284145937
2022/10/23 12:00,4854.0,4855.0,4643.0,4699.0,78221679,370118817921
2022/10/24 12:00,4640.0,4640.0,4416.0,4471.0,313694377,1403405133900
2022/10/25 12:00,4474.0,4493.0,4378.0,4388.0,129681942,574775783609
2022/10/26 12:00,4424.0,4444.0,4214.0,4285.0,154912131,667857561633
2022/10/29 12:00,4370.0,4404.0,4319.0,4342.0,173822689,758034735976
2022/10/30 12:00,4394.0,4550.0,4365.0,4550.0,191063150,857329089916
2022/10/31 12:00,4550.0,4590.0,4517.0,4580.0,117473603,534376504795
2022/11/01 12:00,4580.0,4645.0,4560.0,4582.0,91024869,419710974654
2022/11/02 12:00,4611.0,4669.0,4522.0,4666.0,113926621,525215981446
2022/11/05 12:00,4660.0,4932.0,4660.0,4932.0,252089157,1238879152487
2022/11/06 12:00,4944.0,5050.0,4850.0,4985.0,153882871,761510439861
2022/11/07 12:00,4985.0,5249.0,4950.0,5214.0,186032836,954036565584
2022/11/08 12:00,5221.0,5347.0,5034.0,5156.0,179079767,925203619945
2022/11/09 12:00,5149.0,5260.0,5021.0,5160.0,132021163,680771015779
2022/11/12 12:00,5160.0,5340.0,5100.0,5110.0,108555719,565638299160
2022/11/13 12:00,5110.0,5160.0,5020.0,5080.0,90819243,461236437200
2022/11/14 12:00,5080.0,5110.0,4920.0,5080.0,82687906,416324833280
2022/11/15 12:00,5030.0,5100.0,5000.0,5070.0,72657034,366174324130
2022/11/16 12:00,5080.0,5110.0,5010.0,5040.0,48226617,243801306180
2022/11/19 12:00,5040.0,5040.0,4820.0,4920.0,106945198,523601572860
2022/11/20 12:00,4860.0,5050.0,4850.0,4960.0,50420114,251140080480
2022/11/21 12:00,4990.0,5010.0,4920.0,4950.0,62515328,311526832330
2022/11/22 12:00,4950.0,4990.0,4910.0,4930.0,31997103,158310638970
2022/11/23 12:00,4950.0,4970.0,4900.0,4920.0,46624018,230020810690
2022/11/26 12:00,4990.0,5000.0,4880.0,4900.0,40813436,200478624168
2022/11/27 12:00,4900.0,4970.0,4871.0,4950.0,63563986,312633356598
2022/11/28 12:00,4930.0,4945.0,4910.0,4921.0,66075060,325225129077
2022/12/03 12:00,4969.0,5040.0,4949.0,4990.0,38451481,191634806729
2022/12/04 12:00,4950.0,5020.0,4933.0,4981.0,74246594,370304089737
2022/12/05 12:00,5000.0,5000.0,4929.0,4988.0,74759233,370762515248
2022/12/06 12:00,4962.0,4963.0,4921.0,4922.0,53175287,262695442028
2022/12/07 12:00,4915.0,4920.0,4815.0,4817.0,52737862,256559863198
2022/12/10 12:00,4819.0,4819.0,4706.0,4740.0,72699016,345762181236
2022/12/11 12:00,4759.0,4880.0,4759.0,4806.0,70375438,337452117742
2022/12/12 12:00,4800.0,5030.0,4800.0,5020.0,94668209,469991376180
2022/12/13 12:00,5051.0,5312.0,5051.0,5312.0,348239330,1841278845326
2022/12/14 12:00,5380.0,5647.0,5360.0,5438.0,206867820,1130962784485
2022/12/17 12:00,5450.0,5460.0,5320.0,5410.0,97960083,528401436320
2022/12/18 12:00,5470.0,5720.0,5470.0,5630.0,167058795,939687870320
2022/12/19 12:00,5700.0,5740.0,5500.0,5580.0,139743574,786143009800
2022/12/20 12:00,5630.0,5650.0,5490.0,5530.0,79175063,439309298680
2022/12/21 12:00,5490.0,5610.0,5450.0,5540.0,65637455,362671842750
2022/12/24 12:00,5600.0,5910.0,5570.0,5910.0,193191975,1127137514960
2022/12/25 12:00,6000.0,6050.0,5830.0,5880.0,140889964,835853304270
2022/12/26 12:00,5890.0,5940.0,5760.0,5880.0,120347075,708241517020
2022/12/28 12:00,6100.0,6290.0,6100.0,6290.0,411315121,2584212227560
2022/12/31 12:00,5870.0,6250.0,5850.0,5910.0,347343782,2074518348440
2023/01/01 12:00,5870.0,6090.0,5700.0,5920.0,211337374,1234269617780
2023/01/02 12:00,6000.0,6030.0,5940.0,5960.0,127510359,762209973230
2023/01/03 12:00,6020.0,6050.0,5850.0,5900.0,150830117,896675120360
2023/01/04 12:00,5930.0,5930.0,5760.0,5880.0,86151879,499673095060
2023/01/07 12:00,5880.0,5990.0,5800.0,5930.0,104310491,615325795490
2023/01/08 12:00,6050.0,6220.0,5960.0,6010.0,212355054,1291643168700
2023/01/09 12:00,6050.0,6290.0,6010.0,6210.0,176884698,1085120802290
2023/01/10 12:00,6410.0,6550.0,6380.0,6460.0,414261588,2692696671570
2023/01/11 12:00,6480.0,6530.0,6300.0,6350.0,135329474,869126197930
2023/01/14 12:00,6240.0,6470.0,6060.0,6430.0,161647166,1018707640060
2023/01/16 12:00,6430.0,6560.0,6380.0,6470.0,117797090,761003309590
2023/01/17 12:00,6510.0,6560.0,6360.0,6390.0,147135689,946843758930
2023/01/18 12:00,6410.0,6460.0,6350.0,6380.0,99567404,637187728960
2023/01/21 12:00,6190.0,6310.0,6100.0,6130.0,257670035,1583039003060
2023/01/22 12:00,6130.0,6290.0,6110.0,6240.0,131724234,814437533830
2023/01/23 12:00,6240.0,6380.0,6110.0,6260.0,136778785,852041899700
2023/01/24 12:00,6220.0,6270.0,6140.0,6210.0,73351074,455517365500
2023/01/25 12:00,6200.0,6200.0,6030.0,6100.0,118382059,719736194500
2023/01/28 12:00,6140.0,6180.0,6020.0,6030.0,125951557,765625435350
2023/01/29 12:00,6010.0,6020.0,5790.0,5970.0,189522032,1112787029200
2023/01/30 12:00,5800.0,6010.0,5680.0,5970.0,138509344,813328770150
2023/01/31 12:00,5970.0,6100.0,5910.0,5990.0,90202536,540280991020
2023/02/01 12:00,6000.0,6030.0,5960.0,5980.0,98408845,589616040120
2023/02/05 12:00,5980.0,6000.0,5890.0,5950.0,157450063,936777854100
2023/02/06 12:00,5950.0,6080.0,5940.0,6050.0,91392166,547903510110
2023/02/07 12:00,6050.0,6270.0,6050.0,6250.0,104857562,648202833750
2023/02/08 12:00,6220.0,6380.0,6200.0,6210.0,102835863,644619084580
2023/02/12 12:00,6220.0,6300.0,6200.0,6280.0,85916203,537581611410
2023/02/13 12:00,6290.0,6410.0,6260.0,6290.0,105500295,666607514800
2023/02/14 12:00,6310.0,6350.0,6240.0,6260.0,101760189,640598665600
2023/02/15 12:00,6260.0,6330.0,6210.0,6270.0,71012495,445507459850
2023/02/19 12:00,6300.0,6580.0,6290.0,6550.0,207471282,1331841386560
2023/02/20 12:00,6830.0,6860.0,6700.0,6860.0,365385476,2505567764270
2023/02/21 12:00,7340.0,7340.0,7280.0,7340.0,749737326,5502494011290
2023/02/22 12:00,7380.0,7700.0,7250.0,7640.0,436560018,3247614786220
2023/02/25 12:00,7960.0,7960.0,7960.0,7960.0,265914635,2116680494600
2023/02/26 12:00,8510.0,8510.0,8220.0,8510.0,861116981,7304527404450
2023/02/27 12:00,8370.0,8750.0,8070.0,8450.0,524418093,4432543800570
2023/02/28 12:00,8550.0,8700.0,8270.0,8480.0,275533774,2360615169270
2023/03/01 12:00,8490.0,8560.0,8200.0,8220.0,379717791,3171957615060
2023/03/04 12:00,8210.0,8230.0,8020.0,8050.0,213687956,1733561550510
2023/03/05 12:00,8050.0,8350.0,8000.0,8070.0,147265490,1190305085530
2023/03/06 12:00,8070.0,8070.0,7760.0,7960.0,206946906,1643957876640
2023/03/07 12:00,8010.0,8490.0,8010.0,8490.0,549719790,4636956055790
2023/03/11 12:00,8440.0,8490.0,8100.0,8120.0,294411392,2430862780590
2023/03/12 12:00,8000.0,8060.0,7780.0,7900.0,219466342,1738974076590
2023/03/13 12:00,7920.0,8100.0,7880.0,7930.0,235952241,1874264149280
2023/03/19 12:00,5770.0,6060.0,5770.0,6000.0,891831928,5248841901830
2023/03/25 12:00,6150.0,6300.0,5910.0,6300.0,456619517,2845098629170
2023/03/26 12:00,6380.0,6570.0,6110.0,6180.0,362716933,2293861386440
2023/03/28 12:00,6430.0,6460.0,6210.0,6320.0,319285689,2013357236110
2023/03/29 12:00,6330.0,6400.0,6250.0,6320.0,261767907,1651511976380
2023/04/03 12:00,6240.0,6300.0,6000.0,6300.0,324399386,2013119001210
2023/04/04 12:00,6300.0,6410.0,6160.0,6180.0,268808210,1685141103880
2023/04/05 12:00,6230.0,6280.0,6100.0,6230.0,336729315,2089704801620
2023/04/08 12:00,6220.0,6630.0,6180.0,6430.0,542465282,3499509067480
2023/04/09 12:00,6570.0,6570.0,6350.0,6370.0,316354456,2029892784170
2023/04/10 12:00,6400.0,6490.0,6110.0,6170.0,349421340,2187607400190
2023/04/11 12:00,6220.0,6320.0,6130.0,6230.0,222345202,1377931966390
2023/04/15 12:00,6300.0,6410.0,6260.0,6290.0,349695944,2213780467540
2023/04/16 12:00,6400.0,6420.0,6250.0,6290.0,306540311,1935944442670
2023/04/17 12:00,6330.0,6460.0,6270.0,6320.0,350123370,2219063608240
2023/04/18 12:00,6310.0,6500.0,6260.0,6300.0,403022157,2566986246960
2023/04/19 12:00,6370.0,6410.0,6230.0,6300.0,250828258,1583916262900
2023/04/24 12:00,6310.0,6340.0,6210.0,6320.0,240649139,1510387193840
2023/04/25 12:00,6240.0,6490.0,6240.0,6340.0,332099309,2123572147670
2023/04/26 12:00,6330.0,6500.0,6250.0,6490.0,349071534,2233264838470
2023/04/29 12:00,6670.0,6840.0,6670.0,6840.0,1025644709,7012763736540
2023/04/30 12:00,7060.0,7290.0,6880.0,7110.0,634600863,4477107510650
2023/05/01 12:00,7150.0,7170.0,6890.0,7120.0,431638871,3050000331340
2023/05/02 12:00,7180.0,7370.0,7120.0,7350.0,371862610,2705467767180
2023/05/03 12:00,7340.0,7340.0,7140.0,7210.0,317542345,2298557054950
2023/05/06 12:00,7260.0,7360.0,7090.0,7240.0,308938513,2234693932710
2023/05/07 12:00,7230.0,7250.0,6730.0,6730.0,580962258,3997894227690
2023/05/08 12:00,6540.0,6870.0,6400.0,6400.0,428610795,2776594816510
2023/05/09 12:00,6170.0,6800.0,6170.0,6730.0,287446777,1890052079370
2023/05/10 12:00,6820.0,6820.0,6420.0,6620.0,319702220,2096274772860
2023/05/13 12:00,6560.0,6610.0,6200.0,6520.0,423664181,2717886991480
2023/05/14 12:00,6460.0,6790.0,6460.0,6700.0,228292468,1523085572110
2023/05/15 12:00,6750.0,6760.0,6590.0,6730.0,188982290,1261697714760
2023/05/20 12:00,6500.0,6520.0,6380.0,6470.0,197492942,1272714440960
2023/05/21 12:00,6380.0,6570.0,6320.0,6530.0,295904651,1905657025340
2023/05/22 12:00,6530.0,6580.0,6360.0,6380.0,192852613,1235376975570
2023/05/23 12:00,6440.0,6450.0,6310.0,6340.0,181098784,1152876798980
2023/05/24 12:00,6450.0,6460.0,6320.0,6330.0,145969153,927961435990
2023/05/27 12:00,6300.0,6370.0,6170.0,6300.0,181880942,1137412879310
2023/05/28 12:00,6220.0,6250.0,6070.0,6210.0,170660998,1045888233340
2023/05/29 12:00,6210.0,6230.0,6110.0,6120.0,122716152,752948297630
2023/05/30 12:00,6200.0,6210.0,6120.0,6150.0,147161500,903794608510
2023/05/31 12:00,6150.0,6150.0,6020.0,6140.0,132886502,811105276080
2023/06/03 12:00,6140.0,6160.0,6090.0,6100.0,67822579,414735237480
2023/06/06 12:00,6150.0,6150.0,6100.0,6130.0,114689026,702581765230
2023/06/07 12:00,6130.0,6200.0,6090.0,6140.0,121742996,746408573560
2023/06/10 12:00,6060.0,6100.0,5820.0,5870.0,208352537,1228038798250
2023/06/11 12:00,5860.0,5860.0,5740.0,5810.0,134906296,785385098990
2023/06/12 12:00,5700.0,5700.0,5460.0,5510.0,253173030,1397220009370
2023/06/13 12:00,5500.0,5700.0,5500.0,5630.0,95755494,535405416970
2023/06/14 12:00,5730.0,5910.0,5680.0,5800.0,62838935,365445544530
2023/06/17 12:00,5820.0,5910.0,5750.0,5750.0,63127519,366496391920
2023/06/18 12:00,5790.0,5820.0,5590.0,5780.0,121290120,700113177290
2023/06/19 12:00,5820.0,5820.0,5680.0,5690.0,99238817,566527478590
2023/06/20 12:00,5710.0,5770.0,5640.0,5700.0,46171020,262440230040
2023/06/21 12:00,5700.0,5750.0,5570.0,5640.0,74345505,420564575410
2023/06/24 12:00,5600.0,5660.0,5540.0,5620.0,82124904,458262281810
2023/06/25 12:00,5620.0,5780.0,5580.0,5600.0,66455705,375208908800
2023/06/26 12:00,5600.0,5730.0,5560.0,5690.0,90734114,516200388690
2023/06/27 12:00,5700.0,5750.0,5570.0,5620.0,58122823,326438966470
2023/06/28 12:00,5620.0,5640.0,5540.0,5570.0,43415863,242127726360
2023/07/01 12:00,5560.0,5580.0,5490.0,5500.0,53327532,294346431610
2023/07/02 12:00,5500.0,5660.0,5490.0,5600.0,47231036,263771620220
2023/07/03 12:00,5640.0,5880.0,5590.0,5830.0,105465938,605475180490
2023/07/04 12:00,5870.0,6030.0,5840.0,5900.0,130524700,773796643330
2023/07/05 12:00,5870.0,5980.0,5850.0,5890.0,66622061,393681573340
2023/07/08 12:00,5900.0,5930.0,5760.0,5770.0,65120779,379839246810
2023/07/09 12:00,5770.0,5850.0,5730.0,5800.0,71151549,412802169770
2023/07/10 12:00,5800.0,5880.0,5750.0,5750.0,75699210,437017503480
2023/07/11 12:00,5720.0,5780.0,5570.0,5580.0,149920504,850373519530
2023/07/12 12:00,5570.0,5600.0,5370.0,5520.0,106044406,580084861150
2023/07/15 12:00,5530.0,5600.0,5470.0,5510.0,75064706,414984014580
2023/07/16 12:00,5520.0,5520.0,5270.0,5340.0,99060289,529456947970
2023/07/17 12:00,5280.0,5340.0,5000.0,5260.0,176626718,907932231800
2023/07/18 12:00,5260.0,5490.0,5260.0,5490.0,224243595,1223447932340
2023/07/24 12:00,5010.0,5050.0,4990.0,5050.0,57109828,286859922500
2023/07/25 12:00,5070.0,5140.0,4980.0,5010.0,71003596,357380335300
2023/07/26 12:00,5000.0,5030.0,4920.0,5000.0,55747071,278767916960
2023/07/29 12:00,5000.0,5030.0,4970.0,4990.0,65750231,328165918750
2023/07/30 12:00,4990.0,5020.0,4900.0,4920.0,131186888,648448927660
2023/07/31 12:00,4900.0,5040.0,4890.0,4960.0,65185000,323903370810
2023/08/01 12:00,5040.0,5160.0,4960.0,5160.0,113361598,568271495760
2023/08/05 12:00,5140.0,5360.0,5140.0,5360.0,137682646,729924724230
2023/08/06 12:00,5380.0,5400.0,5250.0,5390.0,86390288,461207779340
2023/08/07 12:00,5430.0,5430.0,5310.0,5350.0,84210683,451874959030
2023/08/08 12:00,5340.0,5390.0,5220.0,5340.0,85572351,458090474400
2023/08/09 12:00,5350.0,5400.0,5270.0,5320.0,58903565,313332478140
2023/08/12 12:00,5200.0,5310.0,5110.0,5130.0,107356345,554045895380
2023/08/13 12:00,5120.0,5220.0,5100.0,5180.0,58579340,303011290920
2023/08/14 12:00,5180.0,5250.0,5120.0,5160.0,69543411,359684109890
2023/08/15 12:00,5120.0,5180.0,5080.0,5100.0,64986507,332716507350
2023/08/16 12:00,5090.0,5140.0,5080.0,5100.0,62458561,318954306680
2023/08/19 12:00,5070.0,5110.0,5010.0,5050.0,75146488,379251242390
2023/08/20 12:00,5050.0,5080.0,5040.0,5050.0,73867748,373197419020
2023/08/21 12:00,5060.0,5110.0,5040.0,5070.0,52038276,263109900620
2023/08/22 12:00,5070.0,5070.0,4970.0,4990.0,77110559,385567565300
2023/08/23 12:00,4960.0,5050.0,4950.0,5040.0,69737133,348934801190
2023/08/26 12:00,5110.0,5310.0,5050.0,5260.0,153494477,801176126890
2023/08/27 12:00,5340.0,5580.0,5270.0,5520.0,233151626,1282123166740
2023/08/28 12:00,5590.0,5690.0,5480.0,5550.0,166512551,929474239300
2023/08/29 12:00,5630.0,5730.0,5520.0,5530.0,131877599,739763385740
2023/08/30 12:00,5510.0,5730.0,5510.0,5610.0,125955299,708472236280
2023/09/02 12:00,5660.0,5720.0,5490.0,5590.0,134370385,750707152930
2023/09/03 12:00,5590.0,5660.0,5520.0,5600.0,64217517,359584676330
2023/09/04 12:00,5550.0,5740.0,5530.0,5660.0,100566866,569980974380
2023/09/05 12:00,5690.0,5800.0,5590.0,5620.0,120871716,686716882640
2023/09/09 12:00,5590.0,5760.0,5550.0,5550.0,78512848,440403930660
2023/09/10 12:00,5520.0,5600.0,5470.0,5550.0,110475841,615543299200
2023/09/11 12:00,5530.0,5600.0,5500.0,5590.0,74309985,412089056980
2023/09/12 12:00,5600.0,5600.0,5530.0,5550.0,72110806,400713351140
2023/09/13 12:00,5560.0,5600.0,5530.0,5560.0,103681013,576948771280
2023/09/17 12:00,5560.0,5660.0,5530.0,5560.0,83045619,462779827120
2023/09/18 12:00,5550.0,5610.0,5530.0,5560.0,151092451,841007473450
2023/09/19 12:00,5570.0,5620.0,5550.0,5610.0,124079974,694572642810
2023/09/20 12:00,5610.0,5650.0,5530.0,5600.0,127810415,714668257920
2023/09/23 12:00,5550.0,5610.0,5550.0,5580.0,68876272,384804733880
2023/09/25 12:00,5580.0,5610.0,5490.0,5540.0,112842856,625239052600
2023/09/26 12:00,5560.0,5560.0,5500.0,5510.0,82486265,455205434330
2023/09/27 12:00,5500.0,5540.0,5460.0,5510.0,89692328,493620180690
2023/09/30 12:00,5510.0,5550.0,5340.0,5350.0,105515003,570334130350
2023/10/01 12:00,5410.0,5430.0,5280.0,5300.0,107429619,570268323740
2023/10/02 12:00,5280.0,5350.0,5250.0,5300.0,108710565,576615417190
2023/10/04 12:00,5310.0,5360.0,5290.0,5310.0,86346374,457959894210
2023/10/07 12:00,5300.0,5350.0,5260.0,5290.0,101466441,536383135250
2023/10/08 12:00,5260.0,5270.0,5080.0,5150.0,135307065,694376466380
2023/10/09 12:00,5080.0,5400.0,5080.0,5180.0,68912694,360610966990
2023/10/10 12:00,5230.0,5290.0,5190.0,5260.0,58044386,304420550580
2023/10/11 12:00,5300.0,5300.0,5190.0,5230.0,48623209,254034855800
2023/10/14 12:00,5220.0,5230.0,5050.0,5150.0,69556400,357513300850
2023/10/15 12:00,5120.0,5250.0,5110.0,5240.0,72600489,376248755790
2023/10/16 12:00,5200.0,5290.0,5200.0,5280.0,48551498,254318726760
2023/10/18 12:00,5240.0,5280.0,5190.0,5260.0,88764855,463799376820
2023/10/21 12:00,5210.0,5240.0,5180.0,5190.0,88739679,462595759440
2023/10/22 12:00,5300.0,5440.0,5300.0,5380.0,95757133,514261021560
2023/10/23 12:00,5380.0,5460.0,5350.0,5390.0,85893078,463064870970
2023/10/24 12:00,5360.0,5400.0,5280.0,5300.0,97500089,519055203910
2023/10/25 12:00,5330.0,5390.0,5320.0,5350.0,61496230,329141791540
2023/10/28 12:00,5330.0,5330.0,5160.0,5160.0,122006100,634709280980
2023/10/29 12:00,5170.0,5270.0,5160.0,5260.0,57169267,298969240230
2023/10/30 12:00,5250.0,5400.0,5250.0,5390.0,60200487,322140648670
2023/10/31 12:00,5400.0,5420.0,5330.0,5370.0,85290364,457528960280
2023/11/01 12:00,5330.0,5410.0,5220.0,5390.0,80699528,431903022110
2023/11/04 12:00,5440.0,5630.0,5440.0,5500.0,117686304,648678032760
2023/11/05 12:00,5580.0,5600.0,5510.0,5550.0,86997345,481131304090
2023/11/06 12:00,5570.0,5580.0,5500.0,5540.0,71995985,398758116190
2023/11/07 12:00,5520.0,5820.0,5520.0,5720.0,117065433,662535144710
2023/11/08 12:00,5780.0,5780.0,5600.0,5630.0,102966683,582585749420
2023/11/11 12:00,5600.0,5690.0,5600.0,5640.0,52665345,297273997000
2023/11/12 12:00,5620.0,5650.0,5570.0,5600.0,65526288,368392376120
2023/11/13 12:00,5660.0,5660.0,5560.0,5580.0,93677090,524151242290
2023/11/14 12:00,5600.0,5610.0,5500.0,5540.0,51152018,283574463940
2023/11/15 12:00,5530.0,5540.0,5420.0,5490.0,62185182,341105648300
2023/11/18 12:00,5440.0,5490.0,5370.0,5420.0,55412956,300027017790
2023/11/19 12:00,5400.0,5420.0,5350.0,5380.0,103415167,556748833810
2023/11/20 12:00,5350.0,5400.0,5310.0,5310.0,62435692,334029511660
2023/11/21 12:00,5350.0,5360.0,5300.0,5310.0,62888319,335285989050
2023/11/22 12:00,5300.0,5390.0,5290.0,5320.0,88214879,470867411890
2023/11/25 12:00,5320.0,5360.0,5290.0,5300.0,60727272,323305470280
2023/11/26 12:00,5320.0,5350.0,5290.0,5320.0,43468629,230714850580
2023/11/27 12:00,5350.0,5360.0,5290.0,5310.0,55531768,294804347440
2023/11/28 12:00,5310.0,5370.0,5280.0,5360.0,58268193,310101486940
2023/11/29 12:00,5400.0,5570.0,5380.0,5500.0,163757573,897344085390
2023/12/02 12:00,5560.0,5700.0,5540.0,5560.0,188412697,1057221262910
2023/12/03 12:00,5600.0,6000.0,5540.0,6000.0,560194269,3308544093640
2023/12/04 12:00,6320.0,6320.0,6150.0,6240.0,653013205,4086786702170
2023/12/05 12:00,6240.0,6350.0,6140.0,6200.0,257715593,1605023947130
2023/12/06 12:00,6190.0,6230.0,6120.0,6150.0,102142632,629741503270
2023/12/09 12:00,6140.0,6190.0,6030.0,6030.0,180278913,1097368512390
2023/12/10 12:00,6050.0,6170.0,6010.0,6090.0,104171513,635303843850
2023/12/11 12:00,6100.0,6150.0,6070.0,6080.0,110779742,674740233810
2023/12/12 12:00,6070.0,6100.0,6040.0,6070.0,118383637,719296475570
2023/12/13 12:00,6060.0,6100.0,6030.0,6070.0,73469939,445641488610
2023/12/16 12:00,6100.0,6190.0,6070.0,6150.0,87352283,535942341330
2023/12/18 12:00,6170.0,6410.0,6170.0,6310.0,190143256,1200106530850
2023/12/19 12:00,6350.0,6580.0,6280.0,6350.0,202528370,1294093914360
2023/12/20 12:00,6350.0,6480.0,6300.0,6340.0,153877890,980725153050
2023/12/23 12:00,6370.0,6380.0,6300.0,6340.0,148221279,941287376220
2023/12/24 12:00,6340.0,6370.0,6250.0,6280.0,140109578,883284123080
2023/12/25 12:00,6290.0,6350.0,6200.0,6240.0,105551246,662003973830
2023/12/26 12:00,6230.0,6270.0,6170.0,6200.0,76730771,476493645930
2023/12/27 12:00,6270.0,6270.0,6190.0,6220.0,123557080,768386352510
2023/12/30 12:00,6280.0,6330.0,6250.0,6280.0,65778615,413007029830
2023/12/31 12:00,6300.0,6300.0,6180.0,6190.0,80066614,498910921170
2024/01/01 12:00,6230.0,6230.0,6150.0,6180.0,67436187,417831898480
2024/01/02 12:00,6180.0,6220.0,6100.0,6150.0,72415054,446092828520
2024/01/03 12:00,6180.0,6230.0,6100.0,6190.0,82800015,510237384690
2024/01/06 12:00,6180.0,6230.0,6140.0,6200.0,66717283,412010001770
2024/01/07 12:00,6130.0,6220.0,6130.0,6200.0,45124110,279873553090
2024/01/08 12:00,6190.0,6220.0,6160.0,6170.0,77523673,479904849470
2024/01/09 12:00,6170.0,6300.0,6150.0,6200.0,85498692,532235215560
2024/01/10 12:00,6240.0,6290.0,6240.0,6260.0,76889340,481666026740
2024/01/13 12:00,6260.0,6380.0,6230.0,6280.0,116692973,736421610760
2024/01/14 12:00,6310.0,6380.0,6300.0,6360.0,109819493,695842408130
2024/01/15 12:00,6340.0,6360.0,6270.0,6300.0,94699573,598168081220
2024/01/16 12:00,6270.0,6330.0,6210.0,6260.0,116133373,728649735130
2024/01/17 12:00,6250.0,6280.0,6210.0,6250.0,50417391,314644339790
2024/01/20 12:00,6250.0,6310.0,6180.0,6190.0,101403368,632437891640
2024/01/21 12:00,6170.0,6250.0,6130.0,6250.0,135632320,844313812030
2024/01/22 12:00,6250.0,6260.0,6170.0,6200.0,123935142,770439114340
2024/01/23 12:00,6190.0,6230.0,6080.0,6190.0,142462396,876521206620
2024/01/24 12:00,6150.0,6230.0,6150.0,6200.0,44754505,276792968980
2024/01/27 12:00,6220.0,6250.0,6150.0,6210.0,77880140,482056297820
2024/01/28 12:00,6200.0,6230.0,6160.0,6200.0,101305577,627040536870
2024/01/29 12:00,6190.0,6190.0,6120.0,6160.0,79686813,489988050450
2024/01/30 12:00,6110.0,6180.0,6110.0,6120.0,85702902,526567574850
2024/01/31 12:00,6140.0,6150.0,6080.0,6110.0,81097347,495797020190
2024/02/03 12:00,6100.0,6170.0,6080.0,6100.0,112289458,687313926660
2024/02/04 12:00,6130.0,6170.0,5990.0,6000.0,86951296,525813035240
2024/02/05 12:00,6020.0,6080.0,5970.0,6020.0,104949166,630079381730
2024/02/06 12:00,5970.0,6030.0,5940.0,6000.0,88840127,532025403110
2024/02/13 12:00,6040.0,6040.0,5970.0,6000.0,88077560,528729083590
2024/02/14 12:00,6010.0,6020.0,5940.0,5940.0,81472457,486126085530
2024/02/17 12:00,5990.0,5990.0,5830.0,5880.0,132344831,777774071690
2024/02/18 12:00,5880.0,5960.0,5820.0,5910.0,80442772,475446797670
2024/02/19 12:00,5920.0,5980.0,5890.0,5920.0,134372791,797003921280
2024/02/28 12:00,4460.0,4500.0,4421.0,4454.0,69702325,311274776162
2024/03/02 12:00,4460.0,4778.0,4450.0,4778.0,280794749,1310384875267
2024/03/03 12:00,4890.0,4983.0,4811.0,4849.0,224987668,1100158892268
2024/03/04 12:00,4860.0,4900.0,4774.0,4776.0,150857921,727076382641
2024/03/05 12:00,4732.0,5039.0,4732.0,4903.0,180765641,894183344684
2024/03/06 12:00,4950.0,5009.0,4850.0,4890.0,127890770,626042756975
2024/03/09 12:00,4959.0,4962.0,4819.0,4820.0,111423540,541245005191
2024/03/10 12:00,4811.0,4899.0,4778.0,4800.0,182483986,879555043282
2024/03/11 12:00,4800.0,4850.0,4755.0,4800.0,174553063,836030111581
2024/03/12 12:00,4777.0,4849.0,4750.0,4756.0,74826050,358730776952
2024/03/13 12:00,4753.0,4810.0,4679.0,4689.0,96253614,455656272064
2024/03/16 12:00,4750.0,4750.0,4633.0,4720.0,91663566,429215977284
2024/03/17 12:00,4719.0,4900.0,4719.0,4888.0,80105704,386562063770
2024/03/18 12:00,4890.0,5039.0,4870.0,5035.0,183573778,913387725068
2024/03/24 12:00,5100.0,5220.0,5100.0,5199.0,141665658,732116540730
2024/03/25 12:00,5288.0,5288.0,5109.0,5119.0,119670589,618173307489
2024/03/26 12:00,5150.0,5150.0,5095.0,5138.0,78201793,399635600296
2024/03/27 12:00,5139.0,5151.0,5099.0,5111.0,85790293,438397952560
2024/03/30 12:00,5120.0,5120.0,5060.0,5110.0,71784993,365440037590
2024/04/02 12:00,5060.0,5130.0,4950.0,5090.0,156509693,790540057970
2024/04/03 12:00,5050.0,5130.0,5040.0,5070.0,66251986,336417595660
2024/04/06 12:00,5080.0,5190.0,4980.0,5030.0,220590452,1118587672520
2024/04/07 12:00,5040.0,5140.0,5030.0,5080.0,119916819,608031056590
2024/04/08 12:00,5070.0,5130.0,5060.0,5090.0,109694903,558698658650
2024/04/09 12:00,5090.0,5230.0,5090.0,5220.0,162454953,837639193230
2024/04/13 12:00,5160.0,5160.0,4960.0,4980.0,249799475,1255962291820
2024/04/14 12:00,4980.0,4980.0,4980.0,4980.0,45335842,225772493160
2024/04/15 12:00,4960.0,5020.0,4960.0,5020.0,88091704,440489462620
2024/04/16 12:00,5020.0,5050.0,4950.0,5050.0,216367168,1086985724930
2024/04/17 12:00,5070.0,5070.0,5070.0,5070.0,52609609,266730717630
2024/04/20 12:00,5350.0,5420.0,5250.0,5420.0,305940802,1655859090710
2024/04/21 12:00,5610.0,5670.0,5450.0,5530.0,347115433,1936554021470
2024/04/22 12:00,5540.0,5630.0,5470.0,5490.0,207769889,1152280583050
2024/04/23 12:00,5510.0,5550.0,5370.0,5450.0,145152634,787485384200
2024/04/24 12:00,5440.0,5490.0,5330.0,5450.0,146650782,793777016330
2024/04/27 12:00,5450.0,5490.0,5360.0,5400.0,114478780,619337851850
2024/04/28 12:00,5370.0,5450.0,5270.0,5310.0,128506701,684554751930
2024/04/29 12:00,5340.0,5350.0,5230.0,5240.0,105735482,557669665370
2024/04/30 12:00,5250.0,5270.0,5170.0,5190.0,115886933,603473603250
2024/05/01 12:00,5210.0,5230.0,5150.0,5210.0,70192844,364071286170
2024/05/05 12:00,5210.0,5220.0,5150.0,5150.0,61442257,317942866860
2024/05/06 12:00,5130.0,5130.0,5060.0,5080.0,87871170,447413489830
2024/05/07 12:00,5090.0,5130.0,5070.0,5100.0,61780593,314458405140
2024/05/08 12:00,5100.0,5110.0,5010.0,5050.0,71733163,362367617590
2024/05/11 12:00,5060.0,5080.0,4990.0,5010.0,105190601,527346192760
2024/05/12 12:00,5000.0,5110.0,4950.0,4980.0,114511404,573423039170
2024/05/13 12:00,4950.0,4990.0,4910.0,4970.0,161323152,796864854000
2024/05/14 12:00,4940.0,5110.0,4940.0,4980.0,111614869,559701296780
2024/05/15 12:00,5010.0,5100.0,4910.0,5070.0,106080462,531930776860
2024/05/18 12:00,5080.0,5110.0,4980.0,4980.0,95827819,481171789860
2024/05/19 12:00,4980.0,4980.0,4760.0,4830.0,261324436,1264448082360
2024/05/21 12:00,4840.0,4930.0,4810.0,4920.0,97794909,477990184410
2024/05/25 12:00,4900.0,4900.0,4793.0,4796.0,125824414,604180197415
2024/05/26 12:00,4794.0,4800.0,4706.0,4706.0,160502143,756405348427
2024/05/27 12:00,4687.0,4700.0,4619.0,4698.0,188228947,871981848575
2024/05/28 12:00,4723.0,4725.0,4698.0,4725.0,36172895,170886365043
2024/05/29 12:00,4818.0,4818.0,4818.0,4818.0,20617493,99335081274
2024/06/01 12:00,4899.0,4899.0,4850.0,4899.0,147554564,722200916882
2024/06/02 12:00,4955.0,4955.0,4846.0,4900.0,63522526,310591044662
2024/06/05 12:00,4887.0,4940.0,4844.0,4889.0,63531980,309669020719
2024/06/08 12:00,4889.0,4890.0,4777.0,4777.0,80125306,382950141459
2024/06/09 12:00,4763.0,4874.0,4741.0,4872.0,85180576,410940861464
2024/06/10 12:00,4920.0,4920.0,4862.0,4920.0,90678531,446009397576
2024/06/11 12:00,4921.0,4985.0,4870.0,4920.0,81983014,402213337484
2024/06/12 12:00,4925.0,4980.0,4832.0,4907.0,103122327,503007695975
2024/06/15 12:00,4898.0,4898.0,4781.0,4781.0,71583842,343297864709
2024/06/16 12:00,4724.0,4740.0,4701.0,4701.0,141285927,664325523028
2024/06/18 12:00,4702.0,4702.0,4608.0,4611.0,109536357,506429794982
2024/06/19 12:00,4600.0,4715.0,4600.0,4714.0,86552563,406615862522
2024/06/22 12:00,4788.0,4788.0,4689.0,4715.0,76046689,358297938879
2024/06/23 12:00,4750.0,4755.0,4712.0,4717.0,52474243,247890644290
2024/06/24 12:00,4760.0,4818.0,4738.0,4818.0,112051212,535694559028
2024/06/26 12:00,4876.0,4876.0,4850.0,4876.0,98586455,480639579232
2024/06/29 12:00,4940.0,4940.0,4823.0,4833.0,93372361,455316244691
2024/06/30 12:00,4864.0,4920.0,4750.0,4833.0,168110820,810246055623
2024/07/01 12:00,4850.0,4890.0,4800.0,4845.0,71069254,343358310915
2024/07/02 12:00,4820.0,4919.0,4820.0,4901.0,94028165,460138722361
2024/07/03 12:00,4913.0,5060.0,4900.0,5040.0,154247179,768245149969
2024/07/06 12:00,5279.0,5279.0,5279.0,5279.0,133074866,702502217614
2024/07/07 12:00,5529.0,5529.0,5281.0,5296.0,342928008,1835103237202
2024/07/08 12:00,5338.0,5400.0,5236.0,5355.0,235859639,1251246968558
2024/07/09 12:00,5340.0,5360.0,5258.0,5264.0,112303564,593553336790
2024/07/10 12:00,5264.0,5300.0,5198.0,5299.0,179660233,942389073284
2024/07/13 12:00,5280.0,5280.0,5190.0,5190.0,148804815,777335152960
2024/07/14 12:00,5260.0,5260.0,5160.0,5190.0,145796778,757708602780
2024/07/22 12:00,4767.0,4828.0,4670.0,4774.0,143171023,678344836591
2024/07/23 12:00,4775.0,4810.0,4666.0,4670.0,134981576,635928867496
2024/07/24 12:00,4706.0,4736.0,4643.0,4661.0,172523541,807393132925
2024/07/27 12:00,4658.0,4679.0,4536.0,4572.0,91193323,418499908645
2024/07/29 12:00,4593.0,4593.0,4467.0,4476.0,177022978,798551904153
2024/07/30 12:00,4510.0,4530.0,4454.0,4480.0,138228953,619193415443
2024/07/31 12:00,4277.0,4450.0,4261.0,4380.0,216601625,935952777893
2024/08/03 12:00,4275.0,4318.0,4104.0,4104.0,235772723,984283327968
2024/08/04 12:00,4134.0,4200.0,4134.0,4190.0,77910790,324392277245
2024/08/05 12:00,4179.0,4200.0,4154.0,4154.0,141494820,590798859994
2024/08/06 12:00,4170.0,4195.0,4153.0,4176.0,120207555,501121402802
2024/08/10 12:00,4171.0,4200.0,4149.0,4151.0,57100806,237945571749
2024/08/11 12:00,4183.0,4199.0,4154.0,4188.0,76157804,317164457911
2024/08/12 12:00,4175.0,4175.0,4124.0,4125.0,153179931,634456882416
2024/08/13 12:00,4101.0,4142.0,4101.0,4102.0,157604551,647105686265
2024/08/14 12:00,4147.0,4147.0,4147.0,4147.0,75055280,311254246160
2024/08/17 12:00,4229.0,4229.0,4229.0,4229.0,90397997,382293129313
2024/08/18 12:00,4313.0,4313.0,4313.0,4313.0,93710901,404175116013
2024/08/19 12:00,4399.0,4399.0,4289.0,4300.0,226562176,987717256069
2024/08/20 12:00,4365.0,4390.0,4285.0,4325.0,69819162,302535009048
2024/08/21 12:00,4359.0,4417.0,4315.0,4347.0,124274324,540089366988
2024/08/24 12:00,4394.0,4432.0,4390.0,4432.0,104951259,463359298138
2024/08/26 12:00,4490.0,4500.0,4418.0,4419.0,145344773,646165928487
2024/08/27 12:00,4430.0,4520.0,4410.0,4440.0,96985528,432185406719
2024/08/28 12:00,4526.0,4526.0,4445.0,4474.0,89548041,400363256352
2024/08/31 12:00,4525.0,4560.0,4511.0,4560.0,282592096,1287282708007
2024/09/01 12:00,4622.0,4625.0,4512.0,4542.0,161547591,737602957839
2024/09/03 12:00,4593.0,4593.0,4475.0,4475.0,123127204,553181289200
2024/09/07 12:00,4464.0,4540.0,4359.0,4359.0,193315269,847914735858
2024/09/08 12:00,4380.0,4389.0,4255.0,4320.0,218225663,938593805323
2024/09/09 12:00,4340.0,4399.0,4295.0,4299.0,124215646,538196098304
2024/09/10 12:00,4339.0,4350.0,4252.0,4255.0,166555374,713203782816
2024/09/11 12:00,4290.0,4293.0,4205.0,4209.0,144843351,614373813989
2024/09/14 12:00,4239.0,4250.0,4144.0,4145.0,161737152,675855020135
2024/09/15 12:00,4155.0,4179.0,4104.0,4140.0,146800569,607117948299
2024/09/16 12:00,4140.0,4170.0,4108.0,4136.0,196144834,810690520990
2024/09/17 12:00,4133.0,4227.0,4126.0,4221.0,259353622,1081895982060
2024/09/18 12:00,4196.0,4238.0,4156.0,4204.0,236510473,987823628483
2024/09/22 12:00,4214.0,4214.0,4160.0,4161.0,133591017,557830517628
2024/09/23 12:00,4165.0,4280.0,4155.0,4248.0,248234773,1046205936007
2024/09/24 12:00,4279.0,4341.0,4240.0,4341.0,544049813,2356580479222
2024/09/25 12:00,4369.0,4394.0,4271.0,4271.0,265796396,1146148445381
2024/09/28 12:00,4269.0,4269.0,4269.0,4269.0,49766299,212452330431
2024/09/29 12:00,4227.0,4244.0,4227.0,4227.0,330772454,1398204953412
2024/09/30 12:00,4192.0,4246.0,4185.0,4185.0,193504237,811354000208
2024/10/01 12:00,4161.0,4162.0,4152.0,4152.0,116152307,482503699857
2024/10/02 12:00,4113.0,4123.0,4113.0,4113.0,201080066,827044924799
2024/10/05 12:00,4072.0,4090.0,4072.0,4072.0,258973062,1054628712858
2024/10/06 12:00,4044.0,4045.0,4032.0,4032.0,60681888,244870441615
2024/10/07 12:00,3995.0,4070.0,3995.0,4042.0,276540748,1111427402081
2024/10/08 12:00,4053.0,4059.0,4048.0,4058.0,167321519,679076256675
2024/10/12 12:00,4145.0,4180.0,4100.0,4180.0,163448790,681502975384
2024/10/13 12:00,4268.0,4279.0,4132.0,4217.0,210944204,885238459713
2024/10/14 12:00,4190.0,4217.0,4072.0,4072.0,163994110,674778363554
2024/10/15 12:00,4021.0,4111.0,3995.0,4011.0,143640256,578713164434
2024/10/16 12:00,4075.0,4100.0,4034.0,4045.0,86993787,353400462078
2024/10/19 12:00,4046.0,4087.0,3941.0,3941.0,152650185,603194043139
2024/10/20 12:00,3911.0,3911.0,3833.0,3855.0,234217009,898873297310
2024/10/21 12:00,3801.0,3900.0,3790.0,3840.0,143653320,552889992744
2024/10/22 12:00,3880.0,3953.0,3821.0,3849.0,168350739,649106338004
2024/10/23 12:00,3790.0,3849.0,3771.0,3800.0,134750554,510886916128
2024/10/26 12:00,3904.0,3904.0,3904.0,3904.0,28041699,109474792896
2024/10/27 12:00,4007.0,4007.0,4007.0,4007.0,107441980,430520013860
2024/10/28 12:00,4127.0,4127.0,4127.0,4127.0,114909885,474233095395
2024/10/29 12:00,4127.0,4172.0,4029.0,4045.0,430816001,1777297376155
2024/10/30 12:00,4100.0,4248.0,4055.0,4248.0,310944379,1305748794736
2024/11/02 12:00,4225.0,4324.0,4201.0,4230.0,289025822,1240418176572
2024/11/03 12:00,4200.0,4200.0,4164.0,4164.0,212142328,883831267936
2024/11/04 12:00,4114.0,4195.0,4086.0,4170.0,102547957,424933408509
2024/11/05 12:00,4195.0,4260.0,4152.0,4220.0,75549465,317619025131
2024/11/06 12:00,4173.0,4275.0,4104.0,4224.0,184882653,772436478828
2024/11/09 12:00,4220.0,4303.0,4220.0,4303.0,153332821,659303749349
2024/11/11 12:00,4525.0,4528.0,4427.0,4449.0,540351588,2418492237969
2024/11/12 12:00,4481.0,4529.0,4423.0,4446.0,282506106,1263177164076
2024/11/13 12:00,4456.0,4542.0,4424.0,4541.0,206241045,929587030135
2024/11/16 12:00,4599.0,4642.0,4596.0,4642.0,154385692,716207172210
2024/11/17 12:00,4770.0,4774.0,4596.0,4629.0,337643393,1580531254027
2024/11/18 12:00,4675.0,4821.0,4646.0,4821.0,464719408,2230157203194
2024/11/19 12:00,4870.0,4888.0,4669.0,4679.0,274540205,1306672296804
2024/11/20 12:00,4713.0,4750.0,4630.0,4669.0,251427364,1175101961308
2024/11/23 12:00,4648.0,4750.0,4621.0,4716.0,162874404,766153051981
2024/11/24 12:00,4749.0,4845.0,4720.0,4845.0,288283205,1392567765371
2024/11/25 12:00,4940.0,4975.0,4881.0,4975.0,211755059,1052253303962
2024/11/26 12:00,5118.0,5118.0,4905.0,4926.0,728121631,3678415761052
2024/11/27 12:00,5025.0,5127.0,4960.0,5119.0,334904157,1693284883743
2024/11/30 12:00,5080.0,5200.0,4910.0,4940.0,366711772,1835262630720
2024/12/01 12:00,4970.0,5030.0,4880.0,4900.0,245884422,1209067983490
2024/12/02 12:00,5060.0,5060.0,5020.0,5060.0,176818973,894452694940
2024/12/03 12:00,5210.0,5210.0,5080.0,5140.0,502169638,2601606953280
2024/12/04 12:00,5160.0,5240.0,5110.0,5150.0,295065814,1527690010020
2024/12/07 12:00,5150.0,5170.0,5030.0,5040.0,460636872,2323128535770
2024/12/08 12:00,5000.0,5060.0,4900.0,5040.0,275695761,1367565687140
2024/12/09 12:00,5050.0,5100.0,5010.0,5100.0,246791361,1257888974110
2024/12/10 12:00,5250.0,5250.0,5090.0,5110.0,300049729,1552258068410
2024/12/11 12:00,5170.0,5320.0,5100.0,5320.0,487774081,2559374636970
2024/12/14 12:00,5400.0,5400.0,5400.0,5400.0,81875874,442129719600
2024/12/15 12:00,5560.0,5560.0,5560.0,5560.0,300210105,1669168183800
2024/12/16 12:00,5720.0,5720.0,5640.0,5710.0,1137332540,6499460751180
2024/12/17 12:00,5710.0,5870.0,5540.0,5550.0,829363375,4686074518510
2024/12/18 12:00,5590.0,5810.0,5490.0,5790.0,673823446,3856071921540
2024/12/21 12:00,5890.0,5890.0,5820.0,5890.0,237235861,1397273445910
2024/12/22 12:00,6050.0,6060.0,5860.0,5950.0,498989988,2992260487020
2024/12/23 12:00,5950.0,6180.0,5900.0,6180.0,345580700,2107712502510
2024/12/24 12:00,6280.0,6280.0,6140.0,6280.0,396486641,2480277977640
2024/12/25 12:00,6350.0,6360.0,6080.0,6090.0,469959809,2877266873440
2024/12/28 12:00,6090.0,6100.0,5940.0,5940.0,340480735,2029780951990
2024/12/29 12:00,5830.0,5950.0,5790.0,5790.0,546547092,3170454417570
2024/12/30 12:00,5710.0,5760.0,5630.0,5630.0,389949856,2205111376200
2024/12/31 12:00,5680.0,5810.0,5650.0,5790.0,299910843,1732170602180
2025/01/01 12:00,5870.0,5920.0,5780.0,5900.0,182687907,1069343055640
2025/01/04 12:00,6020.0,6020.0,6020.0,6020.0,207642993,1250010817860
2025/01/05 12:00,6130.0,6180.0,5950.0,5990.0,382460143,2314086580310
2025/01/06 12:00,6010.0,6060.0,5950.0,5980.0,233682750,1399155415880
2025/01/07 12:00,6010.0,6160.0,6010.0,6150.0,319395217,1947840975790
2025/01/08 12:00,6160.0,6190.0,6020.0,6070.0,216741850,1319717126040
2025/01/11 12:00,6070.0,6120.0,5910.0,5910.0,359801372,2135673088040
2025/01/12 12:00,5910.0,5910.0,5770.0,5770.0,338538547,1961555465720
2025/01/13 12:00,5750.0,5960.0,5750.0,5850.0,274647887,1608829958210
2025/01/15 12:00,5900.0,5980.0,5750.0,5790.0,177394846,1034211539250
2025/01/18 12:00,5800.0,5830.0,5660.0,5670.0,250028468,1421637670700
2025/01/19 12:00,5670.0,5770.0,5610.0,5690.0,137314779,778586674340
2025/01/20 12:00,5630.0,5650.0,5500.0,5500.0,399145970,2205206368180
2025/01/21 12:00,5530.0,5650.0,5430.0,5610.0,189657707,1049246500100
2025/01/22 12:00,5690.0,5690.0,5690.0,5690.0,168292860,957586373400
2025/01/25 12:00,5860.0,5860.0,5780.0,5860.0,622506316,3643852416080
2025/01/26 12:00,5910.0,5920.0,5690.0,5720.0,338184233,1950400472720
2025/01/27 12:00,5750.0,5760.0,5630.0,5640.0,227957397,1291131158690
2025/01/29 12:00,5660.0,5720.0,5590.0,5620.0,107427281,605035098620
2025/02/01 12:00,5690.0,5690.0,5470.0,5590.0,249544346,1381732267530
2025/02/02 12:00,5590.0,5650.0,5500.0,5550.0,201544001,1119216051800
2025/02/03 12:00,5600.0,5670.0,5520.0,5570.0,174287088,968699035490
2025/02/04 12:00,5600.0,5650.0,5560.0,5580.0,154238307,863340434060
2025/02/05 12:00,5580.0,5700.0,5490.0,5670.0,279099354,1563250350240
2025/02/09 12:00,5560.0,5760.0,5560.0,5640.0,521750179,2980855567750
2025/02/11 12:00,5680.0,5810.0,5540.0,5540.0,444920016,2495513189350
2025/02/15 12:00,5550.0,5550.0,5450.0,5450.0,267672236,1461007036080
2025/02/16 12:00,5380.0,5410.0,5300.0,5390.0,357058647,1899905668950
2025/02/17 12:00,5400.0,5460.0,5330.0,5360.0,146176556,789926444300
2025/02/18 12:00,5390.0,5500.0,5360.0,5400.0,118322454,640876726090
2025/02/19 12:00,5440.0,5480.0,5370.0,5430.0,163059347,882695249930
2025/02/22 12:00,5480.0,5480.0,5310.0,5310.0,249200179,1335379309640
2025/02/23 12:00,5470.0,5520.0,5380.0,5520.0,255458459,1401028288690
2025/02/24 12:00,5570.0,5640.0,5560.0,5640.0,316409369,1783741186780
2025/02/25 12:00,5800.0,5800.0,5670.0,5710.0,553712902,3198357581850
2025/02/26 12:00,5770.0,5870.0,5660.0,5740.0,274452321,1581299872460
2025/03/01 12:00,5740.0,5890.0,5710.0,5710.0,202739707,1172883256720
2025/03/02 12:00,5780.0,5880.0,5740.0,5810.0,221316885,1288587756850
2025/03/03 12:00,5650.0,5650.0,5650.0,5650.0,247134703,1396311071950
2025/03/04 12:00,5570.0,5690.0,5500.0,5510.0,398476783,2220136804400
2025/03/05 12:00,5460.0,5600.0,5410.0,5560.0,281756060,1557581806610
2025/03/12 12:00,3982.0,3982.0,3875.0,3880.0,239818558,940512933940
2025/03/15 12:00,3970.0,4039.0,3960.0,4039.0,636287455,2568900505259
2025/03/16 12:00,4080.0,4080.0,3985.0,4015.0,322477158,1297882423939
2025/03/17 12:00,4015.0,4060.0,3931.0,3934.0,251768905,1000239970239
2025/03/18 12:00,3854.0,3950.0,3854.0,3950.0,553385492,2139247730368
2025/03/29 12:00,3981.0,3981.0,3981.0,3981.0,93506575,372249675075
2025/03/30 12:00,4010.0,4100.0,3995.0,4100.0,218633472,893437486133
2025/04/05 12:00,4100.0,4145.0,3997.0,4006.0,299347780,1207884220402
2025/04/06 12:00,4024.0,4024.0,3914.0,3942.0,298463781,1179602447310
2025/04/07 12:00,3943.0,3943.0,3835.0,3920.0,296110035,1148335863803
2025/04/08 12:00,3994.0,3994.0,3994.0,3994.0,200844649,802173528106
2025/04/09 12:00,4110.0,4110.0,3983.0,4010.0,375992788,1521873428004
2025/04/12 12:00,4070.0,4080.0,4018.0,4040.0,284291026,1150787248025
2025/04/13 12:00,4169.0,4169.0,4169.0,4169.0,436808306,1821053827714
2025/04/14 12:00,4294.0,4294.0,4200.0,4259.0,933921715,3989498745366
2025/04/15 12:00,4246.0,4246.0,4144.0,4144.0,717006083,2977239770021
2025/04/16 12:00,4138.0,4198.0,4093.0,4112.0,429406051,1773892327972
2025/04/19 12:00,4170.0,4253.0,4150.0,4240.0,663964759,2805083820785
2025/04/20 12:00,4351.0,4351.0,4351.0,4351.0,1385511893,6028362246443
2025/04/21 12:00,4479.0,4481.0,4280.0,4320.0,2509813619,11138041580712
2025/04/22 12:00,4340.0,4360.0,4305.0,4305.0,1133517816,4885073044542
2025/04/23 12:00,4330.0,4439.0,4200.0,4439.0,2141175113,9397860283503
2025/04/26 12:00,4520.0,4520.0,4300.0,4413.0,1229973497,5455517828619
2025/04/27 12:00,4302.0,4330.0,4302.0,4302.0,829568733,3570018125531
2025/04/28 12:00,4289.0,4391.0,4174.0,4208.0,1200910375,5049521874592
2025/04/29 12:00,4227.0,4324.0,4175.0,4270.0,571367300,2430352934280
2025/04/30 12:00,4250.0,4313.0,4224.0,4277.0,559218234,2388555317182
2025/05/03 12:00,4143.0,4144.0,4143.0,4143.0,504357359,2089554113099
2025/05/04 12:00,4019.0,4098.0,4019.0,4034.0,610745794,2463887457014
2025/05/05 12:00,4050.0,4118.0,3959.0,3981.0,456434400,1834531170688
2025/05/06 12:00,4035.0,4085.0,3930.0,4018.0,571569344,2279819063508
2025/05/07 12:00,4098.0,4108.0,4027.0,4059.0,755752116,3083940271614
2025/05/10 12:00,3965.0,4035.0,3959.0,3959.0,460638534,1824184437410
2025/05/11 12:00,3900.0,3969.0,3867.0,3889.0,399515837,1560245505065
2025/05/12 12:00,4022.0,4022.0,4018.0,4022.0,1282682469,5158929784181
2025/05/13 12:00,4070.0,4133.0,3964.0,4063.0,637495318,2585128337973
2025/05/14 12:00,4055.0,4093.0,3984.0,4070.0,624907638,2527950164584
2025/05/17 12:00,4000.0,4030.0,3924.0,3933.0,982120475,3878288173846
2025/05/18 12:00,3949.0,4000.0,3933.0,3970.0,492666837,1953170861052
2025/05/19 12:00,3962.0,3980.0,3873.0,3880.0,377752537,1475541956752
2025/05/20 12:00,3873.0,3910.0,3789.0,3789.0,706489656,2698399382999
2025/05/21 12:00,3708.0,3779.0,3708.0,3769.0,489686303,1828185860440
2025/05/24 12:00,3770.0,3844.0,3685.0,3844.0,898279970,3437109934719
2025/05/25 12:00,3844.0,3892.0,3798.0,3810.0,602017691,2310659698921
2025/05/26 12:00,3930.0,3943.0,3831.0,3904.0,553223232,2145322590013
2025/05/27 12:00,3919.0,3939.0,3847.0,3849.0,429619055,1664384709035
2025/05/28 12:00,3870.0,3873.0,3812.0,3830.0,355861133,1363847368342
2025/05/31 12:00,3900.0,3902.0,3786.0,3793.0,376636414,1445841088087
2025/06/01 12:00,3829.0,3829.0,3728.0,3764.0,379638187,1426647063265
2025/06/02 12:00,3759.0,3815.0,3728.0,3730.0,285253540,1070277549343
2025/06/03 12:00,3739.0,3750.0,3641.0,3643.0,442898219,1625725433044
2025/06/07 12:00,3623.0,3656.0,3561.0,3561.0,547285520,1955138599101
2025/06/08 12:00,3540.0,3654.0,3533.0,3560.0,326248760,1166551449390
2025/06/09 12:00,3575.0,3610.0,3469.0,3471.0,640103196,2228042526116
2025/06/10 12:00,3480.0,3540.0,3450.0,3514.0,299150378,1042154635690
2025/06/11 12:00,3530.0,3538.0,3483.0,3500.0,223819973,782987358378
2025/06/28 12:00,3394.0,3394.0,3394.0,3394.0,51891266,176118956804
2025/06/29 12:00,3293.0,3293.0,3293.0,3293.0,55343968,182247686624
2025/06/30 12:00,3195.0,3195.0,3195.0,3195.0,1374004811,4389945371145
2025/07/01 12:00,3100.0,3100.0,3100.0,3100.0,1775304991,5503445472100
2025/07/02 12:00,3007.0,3164.0,3007.0,3133.0,902488855,2770870206978
2025/07/07 12:00,3162.0,3162.0,3059.0,3070.0,551505681,1724057889809
2025/07/08 12:00,3099.0,3099.0,3033.0,3033.0,328355325,996665279392
2025/07/09 12:00,2958.0,3048.0,2948.0,3030.0,488692789,1464792205107
2025/07/12 12:00,3086.0,3086.0,3047.0,3086.0,430154343,1325277087007
2025/07/15 12:00,3151.0,3173.0,3133.0,3137.0,302744835,952054559446
2025/07/16 12:00,3161.0,3197.0,3158.0,3165.0,329128355,1042398374830
2025/07/19 12:00,3192.0,3192.0,3168.0,3170.0,432007684,1370745680723
2025/07/20 12:00,3204.0,3237.0,3189.0,3202.0,967631733,3102293331638
2025/07/21 12:00,3229.0,3230.0,3192.0,3197.0,505986911,1620645105765
2025/07/22 12:00,3176.0,3205.0,3132.0,3133.0,2352029765,7416784182766
2025/07/23 12:00,3153.0,3169.0,3128.0,3139.0,2008068299,6311171161878
2025/07/26 12:00,3143.0,3144.0,3113.0,3114.0,1128627528,3531837076902
2025/07/27 12:00,3113.0,3160.0,3083.0,3091.0,1220679235,3795489150325
2025/07/28 12:00,3106.0,3106.0,3016.0,3016.0,772717044,2354106029314
2025/07/29 12:00,0.0,2969.0,2956.0,2956.0,103977646,307359980880
2025/07/30 12:00,2868.0,2883.0,2868.0,2868.0,608833714,1746212385046
2025/08/02 12:00,2870.0,2899.0,2840.0,2899.0,856391638,2448939908203
2025/08/06 12:00,2435.0,2436.0,2424.0,2425.0,315771032,767179854617
2025/08/09 12:00,2450.0,2479.0,2390.0,2396.0,462592592,1119417936936
2025/08/10 12:00,2420.0,2424.0,2359.0,2382.0,581203228,1386545751615
2025/08/11 12:00,2380.0,2386.0,2315.0,2315.0,476630183,1110141222164
2025/08/12 12:00,2317.0,2319.0,2260.0,2260.0,431334834,982470235171
2025/08/13 12:00,2210.0,2220.0,2210.0,2210.0,89712378,198274418621
2025/08/16 12:00,2201.0,2216.0,2144.0,2216.0,474299120,1031705287283
2025/08/17 12:00,2230.0,2240.0,2200.0,2240.0,267715643,598504875302
2025/08/18 12:00,2300.0,2300.0,2198.0,2214.0,308408580,692643583865
2025/08/19 12:00,2188.0,2240.0,2179.0,2179.0,340440168,746241383750
2025/08/20 12:00,2200.0,2200.0,2128.0,2130.0,269346030,578124635504
2025/08/23 12:00,2137.0,2167.0,2103.0,2131.0,223907782,476009817741
2025/08/25 12:00,2104.0,2130.0,2063.0,2063.0,137605834,284873833081
2025/08/26 12:00,2010.0,2119.0,2010.0,2107.0,230162024,474974280744
2025/08/27 12:00,2050.0,2125.0,2050.0,2105.0,301137789,638247482966
2025/08/30 12:00,2090.0,2182.0,2090.0,2182.0,320769866,694948754154
2025/08/31 12:00,2220.0,2232.0,2203.0,2232.0,266441546,594299242682
2025/09/02 12:00,2297.0,2297.0,2297.0,2297.0,210229890,482898057330
2025/09/03 12:00,2365.0,2365.0,2350.0,2365.0,1063556441,2515148246673
2025/09/06 12:00,2389.0,2392.0,2299.0,2317.0,627957719,1469992947874
2025/09/07 12:00,2300.0,2410.0,2288.0,2366.0,356894368,846040620810
2025/09/08 12:00,2420.0,2442.0,2400.0,2442.0,545926913,1332166533342
2025/09/09 12:00,2490.0,2490.0,2393.0,2393.0,456539640,1103403765666
2025/09/13 12:00,2416.0,2445.0,2384.0,2385.0,207390461,497544510669
2025/09/14 12:00,2390.0,2470.0,2375.0,2470.0,607206778,1493964192872
2025/09/15 12:00,2510.0,2510.0,2387.0,2394.0,462860699,1121898422094
2025/09/16 12:00,2352.0,2360.0,2352.0,2352.0,376157690,884748487872
2025/09/17 12:00,2309.0,2330.0,2282.0,2287.0,412987132,946445871624
2025/09/20 12:00,2224.0,2224.0,2224.0,2224.0,288434115,641477471760
2025/09/21 12:00,2158.0,2183.0,2158.0,2170.0,506113439,1096379702070
2025/09/22 12:00,2220.0,2230.0,2174.0,2230.0,495472183,1103979107845
2025/09/23 12:00,2254.0,2254.0,2168.0,2185.0,286495757,631374938627
2025/09/24 12:00,2192.0,2192.0,2155.0,2190.0,401786824,871365891326
2025/09/27 12:00,2180.0,2234.0,2180.0,2234.0,494355894,1103279964355
2025/09/28 12:00,2298.0,2298.0,2298.0,2298.0,141319666,324752592468
2025/09/29 12:00,2366.0,2366.0,2366.0,2366.0,587015555,1388878803130
2025/09/30 12:00,2436.0,2436.0,2370.0,2408.0,1534295911,3717103989262
2025/10/01 12:00,2402.0,2466.0,2356.0,2408.0,635330990,1526697470602
2025/10/04 12:00,2475.0,2475.0,2475.0,2475.0,186724370,462142815750
2025/10/05 12:00,2549.0,2549.0,2531.0,2549.0,1220875392,3111544308841
2025/10/06 12:00,2625.0,2625.0,2592.0,2625.0,2299625920,6034956806498
2025/10/07 12:00,2640.0,2702.0,2625.0,2702.0,648476853,1744371760195
2025/10/08 12:00,2750.0,2758.0,2625.0,2677.0,1264243317,3408204962331
2025/10/11 12:00,2696.0,2776.0,2640.0,2729.0,914191915,2495939151778
2025/10/12 12:00,2764.0,2811.0,2740.0,2811.0,847435114,2378865580858
2025/10/13 12:00,2855.0,2881.0,2772.0,2810.0,1143847647,3230262244481
2025/10/14 12:00,2819.0,2829.0,2740.0,2740.0,825145383,2283395679286
2025/10/15 12:00,2727.0,2747.0,2689.0,2735.0,483086062,1309240388759
2025/10/18 12:00,2791.0,2791.0,2754.0,2791.0,454281655,1267860369456
2025/10/19 12:00,2861.0,2874.0,2709.0,2740.0,843674097,2375422858927
2025/10/20 12:00,2738.0,2797.0,2732.0,2732.0,456646606,1257583586728
2025/10/21 12:00,2690.0,2796.0,2673.0,2742.0,418482212,1134926906653
2025/10/22 12:00,2759.0,2775.0,2701.0,2772.0,394567877,1080821715278
2025/10/25 12:00,2657.0,2669.0,2657.0,2659.0,999654976,2656275352619
2025/10/26 12:00,2640.0,2730.0,2640.0,2685.0,504729901,1352384878559
2025/10/27 12:00,2735.0,2759.0,2685.0,2759.0,537206167,1473760023542
2025/10/28 12:00,2825.0,2825.0,2748.0,2825.0,748362633,2102531173236
2025/10/29 12:00,2894.0,2894.0,2894.0,2894.0,461319897,1335059781918
2025/11/01 12:00,2980.0,2980.0,2950.0,2980.0,2613563964,7782715704886
2025/11/02 12:00,2990.0,3067.0,2975.0,3067.0,1490354001,4539394221174
2025/11/03 12:00,3120.0,3137.0,3068.0,3133.0,1251287042,3918242453432
2025/11/04 12:00,3117.0,3120.0,3038.0,3038.0,1234808338,3772894149478
2025/11/05 12:00,2989.0,3087.0,2973.0,3078.0,601905813,1818847646278
2025/11/08 12:00,3110.0,3112.0,3037.0,3047.0,782444663,2421004302277
2025/11/09 12:00,3002.0,3002.0,3002.0,3002.0,837412963,2513913714926
2025/11/10 12:00,3000.0,3092.0,2981.0,3088.0,1152098918,3515773471091
2025/11/11 12:00,3101.0,3143.0,3052.0,3066.0,666998063,2073585019170
2025/11/12 12:00,3082.0,3109.0,3032.0,3076.0,371877013,1140904652788
2025/11/15 12:00,3040.0,3088.0,3018.0,3038.0,398490241,1214789998653
2025/11/16 12:00,3050.0,3100.0,3006.0,3090.0,422694649,1294601803284
2025/11/17 12:00,3105.0,3135.0,3021.0,3039.0,674770932,2075369214339
2025/11/18 12:00,3043.0,3094.0,3015.0,3045.0,408740848,1245704061688
2025/11/19 12:00,3080.0,3095.0,3037.0,3070.0,392426863,1201111166486
2025/11/22 12:00,3080.0,3148.0,3074.0,3086.0,406478294,1264241085098
2025/11/23 12:00,3150.0,3203.0,3113.0,3203.0,897811176,2870503906102
2025/11/25 12:00,3292.0,3292.0,3253.0,3292.0,1557878042,5124593053015
2025/11/26 12:00,3289.0,3289.0,3191.0,3215.0,813378391,2618489995806
2025/11/29 12:00,3170.0,3261.0,3150.0,3171.0,520814102,1664964421044
2025/11/30 12:00,3197.0,3219.0,3102.0,3213.0,807447342,2560308504781
2025/12/01 12:00,3240.0,3266.0,3209.0,3246.0,723304384,2348752501868
2025/12/02 12:00,3266.0,3277.0,3227.0,3229.0,447553530,1452344550773
2025/12/03 12:00,3264.0,3342.0,3264.0,3317.0,659091131,2185205926791
2025/12/06 12:00,3389.0,3410.0,3321.0,3355.0,741051545,2497738095248
2025/12/07 12:00,3400.0,3400.0,3270.0,3270.0,1093456567,3619489575374
2025/12/08 12:00,3289.0,3409.0,3264.0,3380.0,755900834,2527009799128
2025/12/09 12:00,3385.0,3437.0,3357.0,3395.0,689523242,2340836153093
2025/12/10 12:00,3411.0,3496.0,3411.0,3496.0,817209723,2852359853494
2025/12/13 12:00,3589.0,3594.0,3550.0,3594.0,1416566101,5089653844899
2025/12/14 12:00,3650.0,3700.0,3511.0,3698.0,1015222956,3724423872942
2025/12/15 12:00,3705.0,3779.0,3705.0,3779.0,811060641,3061300294980
2025/12/16 12:00,3835.0,3887.0,3683.0,3720.0,1103531167,4218130176787
2025/12/17 12:00,3720.0,3826.0,3720.0,3784.0,584627147,2211625559935
2025/12/20 12:00,3876.0,3896.0,3844.0,3896.0,771884534,3002981479977
2025/12/21 12:00,3923.0,3944.0,3825.0,3874.0,905067519,3515745115182
2025/12/22 12:00,3874.0,3915.0,3781.0,3825.0,813877549,3124493479642
2025/12/23 12:00,3834.0,3925.0,3807.0,3887.0,468088800,1810567280299
2025/12/24 12:00,3940.0,3984.0,3935.0,3984.0,1007102689,4004145494478
2025/12/27 12:00,4095.0,4095.0,3970.0,4016.0,1190602987,4811371538079
2025/12/28 12:00,4049.0,4162.0,4010.0,4162.0,1607209950,6661290075234
2025/12/29 12:00,4225.0,4269.0,4021.0,4114.0,1321597918,5464586013505
2025/12/30 12:00,4011.0,4020.0,4011.0,4011.0,1661625018,6664856615209
2025/12/31 12:00,3960.0,4131.0,3959.0,4131.0,1131445398,4588185228072
2026/01/04 12:00,4061.0,4170.0,3934.0,4010.0,1240606287,4948211025846
2026/01/05 12:00,4108.0,4108.0,4051.0,4108.0,658684785,2705816315325
2026/01/06 12:00,4231.0,4231.0,4231.0,4231.0,513677949,2173371402219
2026/01/07 12:00,4357.0,4357.0,4248.0,4357.0,2554475478,11124866889902
2026/01/10 12:00,4225.0,4409.0,4225.0,4225.0,1699472042,7263013864952
2026/01/11 12:00,4254.0,4402.0,4254.0,4378.0,1133217155,4928861028271
2026/01/12 12:00,4430.0,4479.0,4381.0,4430.0,1023316822,4545160807544
2026/01/13 12:00,4490.0,4490.0,4309.0,4309.0,645498283,2803341071995
2026/01/14 12:00,4213.0,4213.0,4213.0,4213.0,455394053,1918575145289
2026/01/18 12:00,4122.0,4327.0,4122.0,4172.0,1004425857,4201035870682
2026/01/19 12:00,4215.0,4253.0,4058.0,4058.0,1736189974,7098681262628
2026/01/20 12:00,3982.0,4058.0,3967.0,3968.0,1183367126,4723886052868
2026/01/21 12:00,3987.0,3992.0,3873.0,3905.0,1036820265,4050657384322
2026/01/24 12:00,3790.0,3830.0,3790.0,3790.0,381282881,1445196740270
2026/01/25 12:00,3677.0,3677.0,3677.0,3677.0,656915730,2415479139210
2026/01/26 12:00,3567.0,3567.0,3567.0,3567.0,88185323,314557047141
2026/01/27 12:00,3460.0,3460.0,3460.0,3460.0,202740299,701481434540
2026/01/28 12:00,3357.0,3414.0,3357.0,3362.0,1938034526,6513455316768
2026/01/31 12:00,3320.0,3429.0,3261.0,3261.0,859114669,2820955714042
2026/02/01 12:00,3260.0,3382.0,3260.0,3382.0,518211091,1732743495598
2026/02/02 12:00,3430.0,3444.0,3370.0,3444.0,590310629,2031372695795
2026/02/03 12:00,3470.0,3501.0,3376.0,3477.0,581832880,2000036026400
2026/02/09 12:00,3334.0,3350.0,3334.0,3334.0,407933909,1360204699434
2026/02/10 12:00,3310.0,3434.0,3310.0,3434.0,680775202,2333701653793
2026/02/14 12:00,3530.0,3530.0,3411.0,3453.0,934198655,3265371559700
2026/02/15 12:00,3408.0,3440.0,3391.0,3391.0,361589013,1226475559436
2026/02/16 12:00,3292.0,3440.0,3292.0,3417.0,301518611,1018254937359
2026/02/17 12:00,3419.0,3478.0,3365.0,3478.0,297042819,1021150060449
2026/02/18 12:00,3482.0,3492.0,3347.0,3370.0,309278432,1049748491746
2026/02/21 12:00,3293.0,3293.0,3293.0,3293.0,153745215,506282992995
2026/02/22 12:00,3195.0,3304.0,3195.0,3290.0,770927930,2477768884014
2026/02/23 12:00,3270.0,3310.0,3240.0,3310.0,336687235,1105008006034
2026/02/24 12:00,3298.0,3300.0,3216.0,3281.0,281883619,921388471289
2026/02/25 12:00,3254.0,3367.0,3254.0,3367.0,452674550,1520373836259
