timestamps,open,high,low,close,volume,amount
2012/04/24 12:00,2280.0,2280.0,2280.0,2280.0,32266850,73568418000
2012/04/28 12:00,2394.0,2394.0,2394.0,2394.0,401104,960242976
2012/04/29 12:00,2513.0,2513.0,2513.0,2513.0,8620,21662060
2012/04/30 12:00,2638.0,2638.0,2638.0,2638.0,11950,31524100
2012/05/01 12:00,2769.0,2769.0,2769.0,2769.0,20586,57002634
2012/05/02 12:00,2907.0,2907.0,2907.0,2907.0,112374,326671218
2012/05/05 12:00,3052.0,3052.0,3052.0,3052.0,247969,756801388
2012/05/06 12:00,3204.0,3204.0,3204.0,3204.0,196495,629569980
2012/05/07 12:00,3364.0,3364.0,3350.0,3364.0,18663004,62781918902
2012/05/08 12:00,3451.0,3500.0,3350.0,3400.0,13201309,45149543910
2012/05/09 12:00,3340.0,3363.0,3249.0,3260.0,5215880,17085053359
2012/05/12 12:00,3196.0,3299.0,3150.0,3170.0,2716954,8738908655
2012/05/13 12:00,3122.0,3170.0,3093.0,3100.0,2213948,6913572562
2012/05/14 12:00,3097.0,3240.0,3097.0,3140.0,1576456,4961063481
2012/05/15 12:00,3140.0,3168.0,3010.0,3040.0,1032242,3156835255
2012/05/16 12:00,3030.0,3077.0,3002.0,3073.0,748797,2283148825
2012/05/19 12:00,3070.0,3201.0,3069.0,3201.0,3092449,9880579059
2012/05/20 12:00,3210.0,3354.0,3204.0,3354.0,2793917,9292552656
2012/05/21 12:00,3392.0,3456.0,3270.0,3290.0,1997911,6741353252
2012/05/22 12:00,3278.0,3327.0,3206.0,3206.0,1313965,4261224783
2012/05/23 12:00,3220.0,3326.0,3201.0,3220.0,1271104,4119565924
2012/05/26 12:00,3160.0,3160.0,3079.0,3145.0,1715408,5308786287
2012/05/27 12:00,3140.0,3190.0,3112.0,3130.0,505100,1583147663
2012/05/28 12:00,3130.0,3130.0,3052.0,3100.0,1068009,3298757497
2012/05/29 12:00,3021.0,3095.0,3021.0,3050.0,611439,1859711519
2012/05/30 12:00,3045.0,3115.0,3031.0,3050.0,384441,1176188932
2012/06/02 12:00,3051.0,3120.0,3051.0,3076.0,493974,1530636247
2012/06/05 12:00,3057.0,3099.0,3022.0,3050.0,452770,1381716247
2012/06/06 12:00,3042.0,3050.0,2950.0,2955.0,621292,1867827714
2012/06/09 12:00,2932.0,2932.0,2856.0,2856.0,140627,402937217
2012/06/10 12:00,2722.0,2800.0,2722.0,2770.0,1387486,3809717976
2012/06/11 12:00,2750.0,2852.0,2750.0,2841.0,767737,2160608969
2012/06/12 12:00,2849.0,2880.0,2800.0,2815.0,309816,874699466
2012/06/13 12:00,2770.0,2850.0,2750.0,2799.0,249133,694075532
2012/06/16 12:00,2770.0,2777.0,2700.0,2700.0,315520,858720693
2012/06/17 12:00,2700.0,2700.0,2638.0,2638.0,382105,1021674030
2012/06/19 12:00,2611.0,2620.0,2570.0,2600.0,205453,533815983
2012/06/20 12:00,2602.0,2680.0,2555.0,2555.0,578904,1498245771
2012/06/23 12:00,2550.0,2550.0,2459.0,2459.0,438783,1080851469
2012/06/24 12:00,2349.0,2438.0,2340.0,2350.0,1115501,2629707190
2012/06/25 12:00,2275.0,2360.0,2240.0,2240.0,525470,1194260159
2012/06/26 12:00,2200.0,2200.0,2160.0,2160.0,2284933,4935944410
2012/06/27 12:00,2100.0,2190.0,2060.0,2150.0,982062,2068919267
2012/06/30 12:00,2212.0,2212.0,2212.0,2212.0,133136,294496832
2012/07/01 12:00,2322.0,2322.0,2322.0,2322.0,29439,68357358
2012/07/02 12:00,2438.0,2438.0,2438.0,2438.0,10351,25235738
2012/07/03 12:00,2559.0,2559.0,2442.0,2559.0,5365518,13652678860
2012/07/09 12:00,2390.0,2390.0,2283.0,2350.0,452780,1060632380
2012/07/10 12:00,2340.0,2459.0,2229.0,2459.0,1158530,2741022538
2012/07/11 12:00,2484.0,2484.0,2484.0,2484.0,22653,56270052
2012/07/14 12:00,2608.0,2608.0,2521.0,2608.0,656897,1710950389
2012/07/15 12:00,2650.0,2650.0,2475.0,2475.0,843460,2103200177
2012/07/16 12:00,2450.0,2616.0,2410.0,2519.0,651259,1660970000
2012/07/17 12:00,2558.0,2563.0,2451.0,2468.0,283381,705142866
2012/07/18 12:00,2451.0,2558.0,2450.0,2540.0,564834,1420457604
2012/07/21 12:00,2560.0,2590.0,2500.0,2500.0,261054,660190367
2012/07/22 12:00,2504.0,2560.0,2500.0,2505.0,981019,2482523253
2012/07/23 12:00,2520.0,2533.0,2413.0,2415.0,559659,1386328686
2012/07/24 12:00,2450.0,2555.0,2420.0,2502.0,689594,1733879679
2012/07/25 12:00,2500.0,2524.0,2480.0,2501.0,279070,698234292
2012/07/28 12:00,2481.0,2481.0,2377.0,2377.0,351683,845099423
2012/07/29 12:00,2457.0,2457.0,2283.0,2283.0,687649,1575462257
2012/07/30 12:00,2330.0,2366.0,2226.0,2321.0,1403261,3187657534
2012/07/31 12:00,2346.0,2385.0,2346.0,2385.0,520034,1239112678
2012/08/01 12:00,2390.0,2460.0,2320.0,2330.0,673117,1598881444
2012/08/04 12:00,2271.0,2275.0,2257.0,2262.0,848474,1918070724
2012/08/05 12:00,2200.0,2279.0,2173.0,2255.0,459283,1017153764
2012/08/06 12:00,2270.0,2313.0,2230.0,2247.0,632032,1434432014
2012/08/07 12:00,2290.0,2290.0,2166.0,2167.0,316795,689926754
2012/08/08 12:00,2150.0,2265.0,2150.0,2236.0,682243,1506651091
2012/08/11 12:00,2260.0,2318.0,2240.0,2318.0,561413,1294762704
2012/08/12 12:00,2359.0,2359.0,2210.0,2290.0,389938,875779877
2012/08/13 12:00,2200.0,2270.0,2200.0,2220.0,237010,524877881
2012/08/14 12:00,2274.0,2319.0,2243.0,2319.0,641835,1470978719
2012/08/15 12:00,2320.0,2380.0,2263.0,2314.0,299739,696518481
2012/08/18 12:00,2271.0,2293.0,2220.0,2250.0,329604,740030460
2012/08/21 12:00,2308.0,2325.0,2249.0,2270.0,97400,223473310
2012/08/22 12:00,2250.0,2270.0,2222.0,2224.0,169424,380697125
2012/08/25 12:00,2205.0,2248.0,2202.0,2206.0,334190,738339596
2012/08/26 12:00,2250.0,2290.0,2218.0,2290.0,214869,482016979
2012/08/27 12:00,2250.0,2260.0,2208.0,2249.0,205873,457902496
2012/09/02 12:00,2201.0,2239.0,2200.0,2230.0,201901,447910576
2012/09/03 12:00,2249.0,2328.0,2248.0,2328.0,747455,1720105494
2012/09/04 12:00,2353.0,2413.0,2306.0,2413.0,737292,1747415400
2012/09/05 12:00,2410.0,2453.0,2291.0,2417.0,1031228,2466324269
2012/09/08 12:00,2435.0,2480.0,2372.0,2410.0,513714,1232675789
2012/09/09 12:00,2400.0,2400.0,2310.0,2370.0,470937,1104520805
2012/09/10 12:00,2302.0,2419.0,2301.0,2390.0,672242,1601815870
2012/09/17 12:00,2400.0,2489.0,2373.0,2442.0,611652,1476126134
2012/09/18 12:00,2440.0,2529.0,2399.0,2520.0,2214590,5452952864
2012/09/19 12:00,2550.0,2585.0,2549.0,2585.0,265064,681878148
2012/09/22 12:00,2629.0,2701.0,2623.0,2701.0,663863,1777752545
2012/09/23 12:00,2811.0,2811.0,2610.0,2612.0,990556,2695943699
2012/09/24 12:00,2587.0,2689.0,2587.0,2630.0,435512,1149578034
2012/09/25 12:00,2669.0,2769.0,2650.0,2730.0,2005152,5443614699
2012/09/26 12:00,2789.0,2850.0,2789.0,2850.0,2401957,6790660653
2012/09/29 12:00,2859.0,2968.0,2859.0,2968.0,1203687,3536594555
2012/09/30 12:00,3059.0,3059.0,2805.0,2830.0,605007,1750772385
2012/10/01 12:00,2801.0,2830.0,2750.0,2750.0,184549,509859350
2012/10/02 12:00,2650.0,2748.0,2625.0,2701.0,828410,2191104864
2012/10/03 12:00,2700.0,2777.0,2670.0,2670.0,1098774,3001287467
2012/10/06 12:00,2710.0,2710.0,2595.0,2620.0,613994,1597213547
2012/10/07 12:00,2540.0,2670.0,2540.0,2650.0,417512,1084435551
2012/10/08 12:00,2650.0,2726.0,2600.0,2726.0,934942,2543458423
2012/10/09 12:00,2799.0,2800.0,2723.0,2770.0,645464,1793125703
2012/10/10 12:00,2698.0,2809.0,2698.0,2800.0,603346,1658584142
2012/10/13 12:00,2700.0,2750.0,2652.0,2700.0,995558,2687999697
2012/10/14 12:00,2700.0,2810.0,2700.0,2810.0,380973,1045193801
2012/10/15 12:00,2750.0,2856.0,2750.0,2847.0,28696312,80352710816
2012/10/16 12:00,2839.0,2870.0,2800.0,2800.0,572435,1614764248
2012/10/17 12:00,2800.0,2910.0,2681.0,2910.0,636478,1811683400
2012/10/20 12:00,2940.0,2988.0,2940.0,2988.0,3606146,10762180358
2012/10/21 12:00,3133.0,3133.0,3100.0,3133.0,2084968,6530963724
2012/10/22 12:00,3274.0,3274.0,3036.0,3114.0,1241753,3874323080
2012/10/23 12:00,2971.0,3128.0,2971.0,3127.0,761922,2339348480
2012/10/24 12:00,3100.0,3209.0,3100.0,3200.0,825063,2610949643
2012/10/27 12:00,3200.0,3260.0,3200.0,3200.0,354309,1147071153
2012/10/28 12:00,3237.0,3237.0,3082.0,3200.0,421718,1322112841
2012/10/29 12:00,3190.0,3190.0,3101.0,3180.0,247998,783001258
2012/10/30 12:00,3190.0,3200.0,3150.0,3198.0,603758,1919864736
2012/10/31 12:00,3131.0,3185.0,3131.0,3160.0,291704,921193694
2012/11/04 12:00,3135.0,3170.0,3002.0,3002.0,189883,587181692
2012/11/05 12:00,3000.0,3020.0,2939.0,3020.0,351182,1046512252
2012/11/06 12:00,3019.0,3117.0,3000.0,3117.0,307793,945955790
2012/11/07 12:00,3110.0,3146.0,3110.0,3132.0,437478,1369927774
2012/11/10 12:00,3050.0,3150.0,3041.0,3150.0,493027,1544319622
2012/11/11 12:00,3167.0,3170.0,3140.0,3140.0,263659,828862212
2012/11/12 12:00,3144.0,3190.0,3144.0,3156.0,228026,720407334
2012/11/13 12:00,3179.0,3250.0,3109.0,3250.0,506161,1602259152
2012/11/14 12:00,3170.0,3187.0,3120.0,3174.0,310824,982489187
2012/11/17 12:00,3189.0,3189.0,3062.0,3120.0,184930,581281040
2012/11/18 12:00,3020.0,3115.0,3020.0,3090.0,233488,712033310
2012/11/19 12:00,3001.0,3050.0,2993.0,3005.0,172637,519544171
2012/11/20 12:00,2999.0,3049.0,2910.0,3049.0,128872,387293190
2012/11/21 12:00,3007.0,3120.0,3007.0,3120.0,175063,542103630
2012/11/26 12:00,3001.0,3100.0,3001.0,3053.0,56710,175300670
2012/11/27 12:00,3053.0,3139.0,3053.0,3103.0,167251,519950938
2012/11/28 12:00,3066.0,3139.0,3066.0,3101.0,307306,952895280
2012/12/01 12:00,3099.0,3150.0,3055.0,3140.0,753228,2335792838
2012/12/02 12:00,3052.0,3256.0,3052.0,3256.0,1036330,3358259438
2012/12/03 12:00,3260.0,3274.0,3171.0,3202.0,265622,854031812
2012/12/04 12:00,3150.0,3375.0,3150.0,3375.0,981097,3244825815
2012/12/05 12:00,3203.0,3472.0,3203.0,3472.0,1107541,3776983968
2012/12/08 12:00,3450.0,3580.0,3450.0,3580.0,2384591,8445485810
2012/12/09 12:00,3550.0,3719.0,3484.0,3719.0,2540173,9400924725
2012/12/10 12:00,3719.0,3865.0,3550.0,3700.0,1253447,4640636984
2012/12/11 12:00,3530.0,3749.0,3530.0,3552.0,177653,653825690
2012/12/12 12:00,3560.0,3600.0,3511.0,3600.0,172959,611072310
2012/12/15 12:00,3580.0,3679.0,3523.0,3600.0,405924,1462908538
2012/12/16 12:00,3590.0,3700.0,3467.0,3600.0,178574,648531556
2012/12/17 12:00,3601.0,3750.0,3601.0,3690.0,117583,432907290
2012/12/18 12:00,3699.0,3700.0,3651.0,3700.0,411337,1517740788
2012/12/19 12:00,3690.0,3730.0,3645.0,3700.0,255165,944179694
2012/12/22 12:00,3546.0,3750.0,3546.0,3750.0,228871,844177934
2012/12/23 12:00,3571.0,3750.0,3571.0,3740.0,221334,819374865
2012/12/24 12:00,3602.0,3700.0,3550.0,3599.0,278683,995970021
2012/12/25 12:00,3520.0,3605.0,3443.0,3560.0,329864,1162209405
2012/12/26 12:00,3411.0,3699.0,3411.0,3695.0,328209,1200326844
2012/12/29 12:00,3600.0,3729.0,3600.0,3629.0,308502,1132353894
2012/12/30 12:00,3601.0,3601.0,3490.0,3600.0,206577,734938230
2012/12/31 12:00,3550.0,3660.0,3501.0,3637.0,126026,450955650
2013/01/01 12:00,3541.0,3600.0,3450.0,3450.0,151853,535122410
2013/01/02 12:00,3412.0,3420.0,3405.0,3414.0,54176,184917085
2013/01/06 12:00,3364.0,3579.0,3312.0,3334.0,188950,658470167
2013/01/07 12:00,3420.0,3498.0,3400.0,3433.0,175110,600930357
2013/01/08 12:00,3450.0,3520.0,3450.0,3503.0,321644,1126898546
2013/01/09 12:00,3501.0,3600.0,3501.0,3580.0,105984,375732290
2013/01/13 12:00,3545.0,3597.0,3525.0,3550.0,83321,296052189
2013/01/14 12:00,3450.0,3450.0,3415.0,3430.0,100651,344880865
2013/01/15 12:00,3420.0,3450.0,3336.0,3360.0,203345,685531210
2013/01/16 12:00,3360.0,3371.0,3312.0,3364.0,144881,483692050
2013/01/19 12:00,3389.0,3389.0,3173.0,3260.0,745197,2403333748
2013/01/20 12:00,3250.0,3250.0,3132.0,3195.0,50709,160125397
2013/01/21 12:00,3146.0,3199.0,3001.0,3139.0,171848,521896961
2013/01/22 12:00,3050.0,3160.0,3002.0,3100.0,106116,322505711
2013/01/23 12:00,3080.0,3190.0,3049.0,3190.0,125752,399307380
2013/01/26 12:00,3300.0,3333.0,3190.0,3333.0,137440,452563300
2013/01/27 12:00,3254.0,3301.0,3129.0,3300.0,149449,482473888
2013/01/28 12:00,3176.0,3236.0,3173.0,3190.0,24100,76567351
2013/01/30 12:00,3240.0,3240.0,3202.0,3210.0,20250,65472850
2013/02/02 12:00,3072.0,3279.0,3072.0,3081.0,100861,319180629
2013/02/03 12:00,3050.0,3112.0,3050.0,3073.0,44716,137731753
2013/02/04 12:00,3080.0,3080.0,3015.0,3035.0,70750,216821350
2013/02/05 12:00,3050.0,3120.0,3036.0,3036.0,118978,365278124
2013/02/06 12:00,3050.0,3120.0,3050.0,3119.0,56090,173864120
2013/02/09 12:00,3055.0,3120.0,3052.0,3108.0,135135,415588518
2013/02/11 12:00,3050.0,3080.0,2922.0,3060.0,69830,213472524
2013/02/12 12:00,3140.0,3140.0,3020.0,3031.0,121585,369628950
2013/02/13 12:00,3002.0,3135.0,3001.0,3125.0,122071,369665627
2013/02/16 12:00,3030.0,3109.0,3000.0,3107.0,45841,138027690
2013/02/17 12:00,3011.0,3050.0,3011.0,3050.0,56550,170368290
2013/02/24 12:00,3070.0,3070.0,3050.0,3050.0,105,320350
2013/02/25 12:00,2755.0,2801.0,2755.0,2801.0,8920,24643620
2013/02/26 12:00,2851.0,3000.0,2850.0,2950.0,45745,134637268
2013/02/27 12:00,2856.0,2999.0,2854.0,2900.0,31072,90039730
2013/03/02 12:00,2980.0,2980.0,2801.0,2900.0,42465,122211570
2013/03/03 12:00,2950.0,3001.0,2950.0,3000.0,119048,355349365
2013/03/04 12:00,3001.0,3170.0,3001.0,3170.0,582533,1807462034
2013/03/05 12:00,3000.0,3240.0,3000.0,3095.0,155132,478692694
2013/03/06 12:00,3000.0,3052.0,2952.0,3000.0,144726,435693400
2013/03/09 12:00,3000.0,3000.0,2860.0,2900.0,138674,400637135
2013/03/10 12:00,2958.0,2999.0,2958.0,2999.0,12000,35865000
2013/03/11 12:00,3030.0,3050.0,2910.0,2910.0,3430,10359000
2013/03/12 12:00,2981.0,2997.0,2869.0,2869.0,35640,102709590
2013/03/13 12:00,2868.0,3000.0,2751.0,2989.0,96924,283644925
2013/03/16 12:00,2970.0,2970.0,2780.0,2780.0,288658,805472660
2013/03/17 12:00,2770.0,2827.0,2661.0,2750.0,135938,370189024
2013/03/18 12:00,2780.0,2780.0,2701.0,2720.0,69446,188871342
2013/03/25 12:00,2856.0,2856.0,2850.0,2856.0,52860,150966102
2013/03/26 12:00,2900.0,2960.0,2900.0,2950.0,53797,157275132
2013/03/27 12:00,2990.0,3000.0,2820.0,2959.0,101192,292768055
2013/03/30 12:00,2980.0,2990.0,2801.0,2978.0,49810,145896374
2013/03/31 12:00,2990.0,3075.0,2950.0,3000.0,4380660,13145942896
2013/04/03 12:00,3010.0,3151.0,3010.0,3151.0,126257,396289122
2013/04/06 12:00,3250.0,3250.0,3050.0,3229.0,88997,282766321
2013/04/07 12:00,3200.0,3200.0,3020.0,3194.0,137305,430570039
2013/04/08 12:00,3180.0,3180.0,3055.0,3150.0,37408,116634685
2013/04/09 12:00,3130.0,3147.0,3066.0,3120.0,33239,102722984
2013/04/10 12:00,3060.0,3090.0,2936.0,3000.0,190780,568297679
2013/04/13 12:00,2936.0,3000.0,2850.0,2853.0,104394,301254168
2013/04/15 12:00,2852.0,3000.0,2852.0,3000.0,69700,202292500
2013/04/16 12:00,2900.0,3047.0,2800.0,2950.0,172942,504190197
2013/04/17 12:00,2900.0,2950.0,2866.0,2900.0,970323,2834109178
2013/04/20 12:00,2830.0,2980.0,2830.0,2935.0,70800,204119200
2013/04/21 12:00,2910.0,2959.0,2850.0,2890.0,112303,323709857
2013/04/22 12:00,2860.0,2924.0,2860.0,2880.0,327206,949130031
2013/04/23 12:00,2810.0,3046.0,2810.0,3046.0,1043451,3135308148
2013/04/24 12:00,3138.0,3155.0,3100.0,3150.0,354916,1115586077
2013/04/27 12:00,3251.0,3300.0,3251.0,3300.0,534280,1757673101
2013/04/28 12:00,3454.0,3454.0,3273.0,3454.0,1476305,5084980908
2013/04/29 12:00,3616.0,3616.0,3560.0,3616.0,633390,2289694402
2013/04/30 12:00,3795.0,3795.0,3514.0,3540.0,1120193,4118303923
2013/05/01 12:00,3541.0,3675.0,3495.0,3495.0,723929,2568527798
2013/05/04 12:00,3471.0,3725.0,3421.0,3633.0,1424592,5226138528
2013/05/05 12:00,3531.0,3590.0,3486.0,3486.0,639635,2239520652
2013/05/06 12:00,3328.0,3530.0,3328.0,3480.0,427759,1459223024
2013/05/07 12:00,3528.0,3528.0,3241.0,3241.0,324411,1062714120
2013/05/08 12:00,3282.0,3282.0,3130.0,3200.0,261424,828947611
2013/05/11 12:00,3200.0,3329.0,3200.0,3327.0,257163,853568351
2013/05/12 12:00,3481.0,3481.0,3252.0,3370.0,274727,917871928
2013/05/13 12:00,3280.0,3280.0,3174.0,3174.0,43444,138728600
2013/05/14 12:00,3037.0,3050.0,3034.0,3034.0,266175,807841168
2013/05/15 12:00,3126.0,3186.0,3126.0,3186.0,477635,1517732493
2013/05/18 12:00,3290.0,3318.0,3240.0,3242.0,411396,1345311042
2013/05/19 12:00,3242.0,3320.0,3188.0,3300.0,287354,930635955
2013/05/20 12:00,3239.0,3334.0,3202.0,3202.0,59037,191566178
2013/05/21 12:00,3086.0,3280.0,3085.0,3150.0,186092,592589784
2013/05/22 12:00,3190.0,3190.0,3101.0,3107.0,165483,514168688
2013/05/25 12:00,3160.0,3262.0,3160.0,3262.0,512388,1667869777
2013/05/26 12:00,3320.0,3320.0,3160.0,3162.0,302210,974172522
2013/05/27 12:00,3190.0,3191.0,3100.0,3120.0,187177,586666422
2013/05/28 12:00,3150.0,3250.0,3100.0,3250.0,172575,549838174
2013/05/29 12:00,3260.0,3260.0,3140.0,3240.0,617717,1963303172
2013/06/01 12:00,3236.0,3236.0,3151.0,3160.0,281363,890091811
2013/06/02 12:00,3160.0,3194.0,3100.0,3100.0,182414,573107270
2013/06/03 12:00,3100.0,3200.0,3100.0,3200.0,195656,609916664
2013/06/08 12:00,3172.0,3172.0,3090.0,3127.0,135119,419644240
2013/06/09 12:00,3071.0,3156.0,3014.0,3069.0,272348,831341916
2013/06/10 12:00,3070.0,3199.0,3001.0,3199.0,241465,752385170
2013/06/11 12:00,3200.0,3271.0,3170.0,3180.0,1185522,3813361171
2013/06/12 12:00,3250.0,3296.0,3200.0,3201.0,730394,2356825367
2013/06/15 12:00,3297.0,3388.0,3260.0,3388.0,901556,3030145736
2013/06/16 12:00,3529.0,3529.0,3402.0,3529.0,1359741,4776662682
2013/06/17 12:00,3541.0,3541.0,3338.0,3338.0,820273,2767294944
2013/06/18 12:00,3380.0,3520.0,3300.0,3499.0,1539206,5324341267
2013/06/19 12:00,3500.0,3500.0,3287.0,3301.0,430252,1425507055
2013/06/22 12:00,3337.0,3400.0,3220.0,3358.0,373147,1232751709
2013/06/23 12:00,3351.0,3420.0,3139.0,3230.0,1211673,3903348189
2013/06/25 12:00,3200.0,3382.0,3200.0,3382.0,375442,1265404943
2013/06/26 12:00,3538.0,3538.0,3420.0,3538.0,1265074,4460941750
2013/06/29 12:00,3600.0,3650.0,3420.0,3639.0,1926151,6805692367
2013/06/30 12:00,3610.0,3629.0,3535.0,3608.0,527648,1896871484
2013/07/01 12:00,3579.0,3579.0,3450.0,3500.0,471777,1647322734
2013/07/02 12:00,3500.0,3666.0,3500.0,3590.0,1566690,5694850462
2013/07/03 12:00,3670.0,3816.0,3599.0,3816.0,1344815,5113287900
2013/07/06 12:00,3850.0,3992.0,3850.0,3992.0,646729,2568315161
2013/07/07 12:00,4169.0,4169.0,3775.0,3957.0,1217089,4908934821
2013/07/08 12:00,3910.0,3910.0,3832.0,3832.0,632075,2423202253
2013/07/09 12:00,3701.0,3902.0,3701.0,3770.0,1010885,3861341773
2013/07/10 12:00,3850.0,3921.0,3642.0,3643.0,290277,1091444930
2013/07/13 12:00,3647.0,3647.0,3572.0,3572.0,127348,456020018
2013/07/14 12:00,3413.0,3450.0,3402.0,3402.0,457022,1557686758
2013/07/15 12:00,3550.0,3550.0,3251.0,3308.0,564184,1900757226
2013/07/27 12:00,3300.0,3300.0,2900.0,2900.0,432227,1263069836
2013/07/28 12:00,3000.0,3068.0,2940.0,3068.0,244313,738583587
2013/07/29 12:00,3174.0,3174.0,3174.0,3174.0,36666,116377884
2013/07/31 12:00,3332.0,3332.0,3332.0,3332.0,189158,630274456
2013/08/03 12:00,3380.0,3420.0,3200.0,3290.0,853185,2815554544
2013/08/04 12:00,3153.0,3289.0,3153.0,3199.0,278367,888364993
2013/08/05 12:00,3140.0,3270.0,3100.0,3154.0,299699,958211443
2013/08/06 12:00,3075.0,3250.0,3075.0,3175.0,172583,547374481
2013/08/07 12:00,3101.0,3220.0,3101.0,3160.0,253747,795736031
2013/08/11 12:00,3200.0,3279.0,3150.0,3250.0,229999,742002414
2013/08/12 12:00,3270.0,3270.0,3065.0,3150.0,1040141,3213636248
2013/08/13 12:00,3100.0,3176.0,3003.0,3095.0,329582,1019041728
2013/08/14 12:00,3100.0,3150.0,3060.0,3114.0,415782,1292008783
2013/08/17 12:00,3199.0,3262.0,3180.0,3262.0,832601,2706811794
2013/08/18 12:00,3261.0,3413.0,3261.0,3413.0,1353687,4547026661
2013/08/19 12:00,3450.0,3526.0,3404.0,3526.0,835580,2915809637
2013/08/20 12:00,3598.0,3598.0,3316.0,3317.0,675025,2268239646
2013/08/21 12:00,3252.0,3528.0,3240.0,3528.0,1263891,4399330629
2013/08/24 12:00,3655.0,3655.0,3655.0,3655.0,499516,1825730980
2013/08/25 12:00,3730.0,3809.0,3503.0,3650.0,1416915,5267458814
2013/08/26 12:00,3600.0,3600.0,3533.0,3533.0,395695,1399362363
2013/08/27 12:00,3416.0,3520.0,3360.0,3360.0,489743,1668307448
2013/08/28 12:00,3236.0,3236.0,3236.0,3236.0,8305,26874980
2013/08/31 12:00,3100.0,3300.0,3100.0,3250.0,462856,1498155756
2013/09/01 12:00,3349.0,3379.0,3300.0,3336.0,204158,678592841
2013/09/03 12:00,3430.0,3430.0,3200.0,3297.0,426479,1412782579
2013/09/04 12:00,3151.0,3152.0,3148.0,3148.0,521478,1641808219
2013/09/07 12:00,3020.0,3135.0,2991.0,3040.0,423188,1282657296
2013/09/08 12:00,3031.0,3175.0,3031.0,3173.0,137961,428952255
2013/09/09 12:00,3230.0,3264.0,3220.0,3264.0,172965,562520983
2013/09/10 12:00,3400.0,3414.0,3375.0,3414.0,473102,1608629882
2013/09/11 12:00,3414.0,3538.0,3250.0,3303.0,190772,642954965
2013/09/14 12:00,3465.0,3465.0,3252.0,3350.0,194462,647169494
2013/09/15 12:00,3340.0,3388.0,3162.0,3336.0,146261,480416363
2013/09/16 12:00,3370.0,3370.0,3165.0,3306.0,15237447,50276599982
2013/09/17 12:00,3465.0,3465.0,3465.0,3465.0,1171001,4057518465
2013/09/18 12:00,3635.0,3638.0,3600.0,3638.0,613576,2228960832
2013/09/21 12:00,3814.0,3814.0,3814.0,3814.0,613239,2338893546
2013/09/22 12:00,3970.0,3970.0,3701.0,3824.0,1219647,4737754851
2013/09/23 12:00,3960.0,3960.0,3691.0,3702.0,1515790,5746071971
2013/09/24 12:00,3700.0,3700.0,3602.0,3630.0,1055558,3836414686
2013/09/25 12:00,3700.0,3784.0,3630.0,3770.0,1026511,3778415640
2013/09/28 12:00,3865.0,3865.0,3865.0,3865.0,420127,1623790855
2013/09/29 12:00,3900.0,3900.0,3672.0,3780.0,1201854,4557455782
2013/09/30 12:00,3799.0,3799.0,3670.0,3690.0,712844,2644046589
2013/10/01 12:00,3798.0,3800.0,3699.0,3760.0,342728,1285240761
2013/10/02 12:00,3700.0,3750.0,3571.0,3600.0,741801,2680444017
2013/10/05 12:00,3701.0,3793.0,3701.0,3793.0,1473582,5532169736
2013/10/06 12:00,3941.0,3941.0,3941.0,3941.0,680755,2682855455
2013/10/07 12:00,4138.0,4138.0,4138.0,4138.0,493486,2042045068
2013/10/08 12:00,4344.0,4344.0,4150.0,4344.0,2794493,12038518085
2013/10/09 12:00,4520.0,4523.0,4501.0,4523.0,1736165,7847054232
2013/10/12 12:00,4746.0,4746.0,4746.0,4746.0,153522,728615412
2013/10/13 12:00,4983.0,4983.0,4510.0,4800.0,5750747,28133066637
2013/10/14 12:00,4677.0,4880.0,4648.0,4648.0,2442820,11431353349
2013/10/15 12:00,4580.0,4580.0,4446.0,4446.0,1491895,6666473268
2013/10/19 12:00,4554.0,4554.0,4245.0,4246.0,2174555,9342272732
2013/10/20 12:00,4200.0,4347.0,4082.0,4260.0,1894117,7890872419
2013/10/21 12:00,4210.0,4374.0,4210.0,4374.0,406171,1773103024
2013/10/22 12:00,4583.0,4583.0,4252.0,4350.0,1726185,7745269989
2013/10/23 12:00,4390.0,4444.0,4263.0,4309.0,643549,2768068717
2013/10/26 12:00,4217.0,4380.0,4217.0,4260.0,357133,1528543964
2013/10/27 12:00,4250.0,4299.0,4200.0,4278.0,317060,1345558390
2013/10/28 12:00,4300.0,4300.0,4053.0,4151.0,620881,2575008457
2013/10/29 12:00,4053.0,4150.0,4053.0,4096.0,412051,1686713845
2013/10/30 12:00,4065.0,4297.0,3980.0,4235.0,1838113,7707188785
2013/11/02 12:00,3984.0,4140.0,3984.0,4000.0,2925029,11701126306
2013/11/03 12:00,4000.0,4200.0,4000.0,4200.0,701981,2931532780
2013/11/04 12:00,4200.0,4384.0,4200.0,4350.0,2184306,9493915120
2013/11/05 12:00,4359.0,4563.0,4220.0,4477.0,2422965,10864798155
2013/11/06 12:00,4600.0,4708.0,4555.0,4708.0,1139553,5311935271
2013/11/09 12:00,4893.0,4894.0,4880.0,4894.0,949449,4645424327
2013/11/10 12:00,5136.0,5136.0,4810.0,5049.0,2161850,10893645785
2013/11/11 12:00,5040.0,5200.0,4921.0,4980.0,2296860,11553094604
2013/11/12 12:00,5100.0,5281.0,5002.0,5270.0,1814037,9450025060
2013/11/16 12:00,5200.0,5400.0,5000.0,5112.0,1075782,5665785782
2013/11/17 12:00,5530.0,5530.0,5102.0,5460.0,1511610,8256410160
2013/11/18 12:00,5255.0,5670.0,5201.0,5400.0,1563131,8554188796
2013/11/19 12:00,5690.0,5690.0,5526.0,5601.0,812860,4512380717
2013/11/20 12:00,5645.0,5780.0,5645.0,5750.0,1267922,7271165227
2013/11/23 12:00,5909.0,6021.0,5909.0,6021.0,922298,5530780422
2013/11/24 12:00,6296.0,6296.0,6296.0,6296.0,2286283,14394437768
2013/11/25 12:00,6610.0,6610.0,6610.0,6610.0,84789,560455290
2013/11/26 12:00,6940.0,6940.0,6940.0,6940.0,1542963,10708163220
2013/11/27 12:00,7287.0,7287.0,7287.0,7287.0,1396212,10174196844
2013/11/30 12:00,7650.0,7650.0,7002.0,7397.0,5453334,41110944461
2013/12/01 12:00,7400.0,7400.0,7163.0,7163.0,427194,3076310910
2013/12/02 12:00,6841.0,7199.0,6841.0,7199.0,2516384,17489914123
2013/12/03 12:00,7297.0,7297.0,7289.0,7297.0,1939793,14153529283
2013/12/04 12:00,7311.0,7600.0,7200.0,7500.0,2846215,21346021115
2013/12/07 12:00,7592.0,7780.0,7256.0,7290.0,1281787,9619125762
2013/12/08 12:00,7160.0,7387.0,7129.0,7129.0,497652,3558525479
2013/12/09 12:00,6952.0,7151.0,6794.0,6794.0,2940274,20033628754
2013/12/10 12:00,6475.0,6850.0,6474.0,6478.0,2768727,18225376641
2013/12/11 12:00,6800.0,6912.0,6800.0,6910.0,4427098,30584791069
2013/12/14 12:00,7000.0,7254.0,6564.0,7254.0,2232297,15877911690
2013/12/15 12:00,7370.0,7468.0,7360.0,7468.0,1444053,10760700029
2013/12/16 12:00,7824.0,7824.0,7824.0,7824.0,1036877,8112525648
2013/12/17 12:00,8214.0,8215.0,7700.0,7790.0,4884432,39253478899
2013/12/18 12:00,8080.0,8390.0,7700.0,7800.0,4134473,32926606306
2013/12/21 12:00,7801.0,8362.0,7801.0,8362.0,3686642,30579660031
2013/12/22 12:00,8500.0,8700.0,8211.0,8350.0,1764488,14890015482
2013/12/24 12:00,8399.0,8860.0,8250.0,8860.0,4294121,37255843771
2013/12/25 12:00,9100.0,9109.0,8840.0,9109.0,1506127,13686719222
2013/12/28 12:00,9541.0,9541.0,9451.0,9541.0,2276369,21718737794
2013/12/29 12:00,10018.0,10018.0,10018.0,10018.0,843394,8449121092
2013/12/30 12:00,10518.0,10518.0,10518.0,10518.0,1220799,12840363882
2014/01/01 12:00,11043.0,11043.0,10031.0,10300.0,7161252,75534756954
2014/01/04 12:00,10440.0,10440.0,10021.0,10021.0,1066329,10744608070
2014/01/05 12:00,9573.0,9573.0,9573.0,9573.0,130812,1252263276
2014/01/06 12:00,9401.0,10051.0,9401.0,10051.0,6591627,65692128729
2014/01/07 12:00,10001.0,10199.0,9500.0,9651.0,1837763,18025478350
2014/01/08 12:00,9820.0,9820.0,9318.0,9402.0,2535605,23782974103
2014/01/11 12:00,9400.0,9849.0,8911.0,8940.0,6439917,59368384275
2014/01/12 12:00,8759.0,8759.0,8759.0,8759.0,686333,6011590747
2014/01/13 12:00,8750.0,8999.0,8323.0,8550.0,3113178,26649391692
2014/01/14 12:00,8500.0,8500.0,8133.0,8247.0,4275198,35196504662
2014/01/15 12:00,8200.0,8200.0,7900.0,8084.0,2999631,24141940229
2014/01/18 12:00,8121.0,8450.0,7970.0,8450.0,3845695,31320325116
2014/01/20 12:00,8551.0,8551.0,8551.0,8551.0,218164,1865520364
2014/01/21 12:00,8978.0,8978.0,8978.0,8978.0,75153,674723634
2014/01/22 12:00,9420.0,9420.0,8531.0,8600.0,5090805,45661431175
2014/01/25 12:00,8572.0,8800.0,8521.0,8521.0,750951,6450063641
2014/01/26 12:00,8201.0,8830.0,8160.0,8359.0,4404439,36746592691
2014/01/27 12:00,8380.0,8472.0,7926.0,8344.0,1913030,15727865766
2014/01/28 12:00,8590.0,8632.0,8590.0,8632.0,546791,4714142100
2014/01/29 12:00,9052.0,9052.0,8851.0,9052.0,2420855,21876154686
2014/02/01 12:00,9488.0,9488.0,9488.0,9488.0,710125,6737666000
2014/02/02 12:00,9650.0,9650.0,9050.0,9150.0,2542840,23672130379
2014/02/03 12:00,9020.0,9180.0,8890.0,9064.0,714883,6439809810
2014/02/04 12:00,9030.0,9300.0,8970.0,9050.0,1104994,10127098335
2014/02/05 12:00,8820.0,8820.0,8707.0,8707.0,155325,1353438855
2014/02/08 12:00,8279.0,8279.0,8279.0,8279.0,76247,631248913
2014/02/09 12:00,7866.0,8180.0,7866.0,7866.0,2683638,21252968924
2014/02/10 12:00,8010.0,8019.0,7524.0,7524.0,712424,5465027629
2014/02/12 12:00,7288.0,7288.0,7288.0,7288.0,42676,311022688
2014/02/15 12:00,6924.0,7288.0,6924.0,6924.0,1235418,8601978534
2014/02/16 12:00,6764.0,7311.0,6750.0,7311.0,1503214,10714301890
2014/02/17 12:00,7484.0,7484.0,6801.0,7408.0,1441008,10671373894
2014/02/18 12:00,7270.0,7340.0,7035.0,7093.0,1413390,10026245919
2014/03/02 12:00,7000.0,7000.0,6650.0,6800.0,750929,5170292162
2014/03/03 12:00,6560.0,6570.0,6541.0,6541.0,299513,1961791653
2014/03/04 12:00,6223.0,6500.0,6223.0,6247.0,1502645,9387492205
2014/03/05 12:00,6221.0,6500.0,6181.0,6319.0,1177992,7443387714
2014/03/08 12:00,6350.0,6350.0,6004.0,6004.0,632554,3840820907
2014/03/09 12:00,5769.0,5769.0,5769.0,5769.0,135917,784105173
2014/03/10 12:00,5560.0,5790.0,5560.0,5640.0,1690036,9531509119
2014/03/11 12:00,5750.0,5922.0,5650.0,5772.0,3778700,21915916449
2014/03/12 12:00,5950.0,6090.0,5783.0,6090.0,1677279,10002121124
2014/03/15 12:00,6261.0,6261.0,6261.0,6261.0,1138204,7126295244
2014/03/16 12:00,6574.0,6574.0,6300.0,6574.0,1285973,8446313362
2014/03/17 12:00,6896.0,6896.0,6896.0,6896.0,19205,132437680
2014/03/18 12:00,7240.0,7240.0,7240.0,7240.0,385866,2793669840
2014/03/19 12:00,7350.0,7590.0,6903.0,7389.0,2199824,16169501165
2014/03/25 12:00,7300.0,7400.0,6983.0,6983.0,207977,1481065650
2014/03/26 12:00,6765.0,6765.0,6765.0,6765.0,12846,86903190
2014/03/29 12:00,6505.0,6983.0,6445.0,6510.0,1617707,10572572163
2014/03/30 12:00,6540.0,6862.0,6540.0,6862.0,581540,3967521497
2014/03/31 12:00,6995.0,7163.0,6950.0,7163.0,1981849,14111299920
2014/04/05 12:00,7199.0,7476.0,7140.0,7476.0,2765102,20546535576
2014/04/06 12:00,7655.0,7802.0,7550.0,7802.0,3525162,27426839714
2014/04/07 12:00,8001.0,8169.0,8000.0,8169.0,1233317,10048113294
2014/04/08 12:00,8400.0,8400.0,7740.0,7760.0,4099581,33127640972
2014/04/09 12:00,7751.0,8249.0,7751.0,7778.0,1254173,9928341327
2014/04/12 12:00,7899.0,7899.0,7521.0,7521.0,549888,4164195867
2014/04/13 12:00,7325.0,7660.0,7195.0,7195.0,790315,5770014964
2014/04/14 12:00,6960.0,7150.0,6936.0,6936.0,670827,4680295432
2014/04/15 12:00,6900.0,7325.0,6900.0,7325.0,2408782,17411328620
2014/04/16 12:00,7540.0,7589.0,7400.0,7589.0,1669824,12645197665
2014/04/19 12:00,7585.0,7897.0,7195.0,7195.0,429002,3189147019
2014/04/20 12:00,7700.0,7805.0,7610.0,7805.0,1644981,12812627833
2014/04/21 12:00,8000.0,8178.0,7901.0,8089.0,2908749,23533716729
2014/04/22 12:00,8140.0,8140.0,7687.0,7687.0,2001160,15603869030
2014/04/23 12:00,7600.0,7980.0,7600.0,7700.0,1111416,8644432368
2014/04/26 12:00,7801.0,8166.0,7601.0,8166.0,2321769,18703382916
2014/04/27 12:00,8380.0,8458.0,8170.0,8337.0,4861025,40912716991
2014/04/28 12:00,8091.0,8398.0,8011.0,8120.0,1645098,13480911056
2014/04/29 12:00,8100.0,8336.0,7830.0,7830.0,2079541,16762157931
2014/04/30 12:00,7820.0,8258.0,7820.0,8069.0,1483411,12017157101
2014/05/03 12:00,8280.0,8337.0,8000.0,8119.0,1090661,8903745752
2014/05/04 12:00,8003.0,8150.0,7756.0,7756.0,1119948,8800523203
2014/05/05 12:00,7510.0,7960.0,7510.0,7604.0,3135174,24067019640
2014/05/06 12:00,7540.0,7749.0,7300.0,7400.0,6948895,51603519806
2014/05/07 12:00,7400.0,7797.0,7360.0,7797.0,1333159,10231243605
2014/05/10 12:00,8057.0,8057.0,8057.0,8057.0,146586,1181043402
2014/05/11 12:00,8200.0,8459.0,8142.0,8380.0,8634456,72076351244
2014/05/12 12:00,8400.0,8450.0,7931.0,8040.0,4722695,38135668878
2014/05/14 12:00,8051.0,8444.0,8051.0,8330.0,3339532,27760721340
2014/05/17 12:00,8040.0,8180.0,7960.0,8030.0,2432376,19628992107
2014/05/18 12:00,8159.0,8390.0,8004.0,8317.0,1287293,10676234988
2014/05/19 12:00,8300.0,8708.0,8280.0,8708.0,3000343,25801067241
2014/05/20 12:00,9028.0,9028.0,9028.0,9028.0,549323,4959288044
2014/05/21 12:00,9320.0,9479.0,9130.0,9479.0,14852075,139948380011
2014/05/24 12:00,9480.0,9780.0,9300.0,9424.0,5335570,50686308885
2014/05/25 12:00,9341.0,9341.0,9027.0,9110.0,2977873,27177517144
2014/05/26 12:00,9070.0,9582.0,9070.0,9460.0,5452714,52073801866
2014/05/28 12:00,9549.0,9549.0,9110.0,9115.0,1801095,16795614698
2014/05/31 12:00,9100.0,9200.0,9020.0,9050.0,2031383,18460920732
2014/06/01 12:00,8700.0,8990.0,8636.0,8800.0,1721108,15012182763
2014/06/02 12:00,8810.0,9050.0,8550.0,8803.0,2192279,19344578928
2014/06/23 12:00,7800.0,7800.0,7501.0,7600.0,1554616,11953994524
2014/06/24 12:00,7790.0,7790.0,7305.0,7320.0,3142844,23178420831
2014/06/25 12:00,7367.0,7598.0,7100.0,7223.0,1134140,8280770129
2014/06/28 12:00,7191.0,7346.0,6936.0,6936.0,817135,5732070956
2014/06/29 12:00,6750.0,6936.0,6665.0,6665.0,1012838,6756590105
2014/06/30 12:00,6338.0,6530.0,6338.0,6350.0,2260797,14345665258
2014/07/01 12:00,6440.0,6662.0,6410.0,6662.0,432496,2844815647
2014/07/02 12:00,6906.0,6906.0,6906.0,6906.0,59368,409995408
2014/07/05 12:00,7251.0,7251.0,7251.0,7251.0,128959,935081709
2014/07/06 12:00,7599.0,7599.0,6933.0,7060.0,1701497,12453310431
2014/07/07 12:00,6970.0,7580.0,6970.0,7333.0,772956,5670998063
2014/07/08 12:00,7400.0,7703.0,7400.0,7703.0,557471,4261100603
2014/07/09 12:00,7790.0,7899.0,7401.0,7461.0,1200507,9160409310
2014/07/12 12:00,7380.0,7939.0,7351.0,7457.0,1169810,9006215711
2014/07/13 12:00,7461.0,7599.0,7315.0,7370.0,443805,3291024444
2014/07/14 12:00,7380.0,7561.0,7161.0,7421.0,728974,5425617608
2014/08/04 12:00,7489.0,7669.0,7420.0,7650.0,304722,2302090060
2014/08/05 12:00,7555.0,7640.0,7252.0,7300.0,184346,1360283980
2014/08/06 12:00,7210.0,7500.0,7111.0,7191.0,453872,3271668376
2014/08/09 12:00,7200.0,7499.0,7102.0,7330.0,441007,3232850826
2014/08/10 12:00,7158.0,7400.0,7120.0,7180.0,551760,3964511244
2014/08/11 12:00,7300.0,7499.0,7250.0,7397.0,1283939,9473752927
2014/08/12 12:00,7330.0,7699.0,7330.0,7611.0,1732488,13234891760
2014/08/13 12:00,7760.0,8020.0,7704.0,8020.0,3064488,24400431934
2014/08/16 12:00,8201.0,8250.0,7800.0,7800.0,1788377,14372710362
2014/08/17 12:00,7991.0,8030.0,7777.0,7800.0,1185082,9316933875
2014/08/18 12:00,7735.0,7970.0,7550.0,7650.0,1149170,8808740008
2014/08/19 12:00,7550.0,7750.0,7500.0,7640.0,746595,5672599315
2014/08/20 12:00,7650.0,7977.0,7510.0,7977.0,1993718,15736466311
2014/08/23 12:00,7974.0,8090.0,7801.0,7801.0,811642,6463078065
2014/08/24 12:00,7821.0,8084.0,7720.0,7900.0,728082,5778266215
2014/08/25 12:00,7900.0,8059.0,7881.0,7940.0,637139,5078469211
2014/08/26 12:00,7971.0,8057.0,7815.0,7850.0,633072,4985411411
2014/08/27 12:00,7806.0,7979.0,7687.0,7720.0,468507,3623000026
2014/08/30 12:00,7497.0,7776.0,7450.0,7515.0,871501,6543627314
2014/08/31 12:00,7600.0,7650.0,7450.0,7557.0,450834,3417772644
2014/09/01 12:00,7689.0,7689.0,7411.0,7567.0,681693,5151484120
2014/09/02 12:00,7501.0,7650.0,7405.0,7550.0,592074,4433224958
2014/09/03 12:00,7580.0,7580.0,7305.0,7429.0,251905,1865304733
2014/09/06 12:00,7430.0,7430.0,7116.0,7170.0,453673,3282844183
2014/09/07 12:00,7120.0,7442.0,7090.0,7354.0,286674,2085433657
2014/09/08 12:00,7185.0,7598.0,7185.0,7580.0,730790,5502332547
2014/09/09 12:00,7560.0,7625.0,7204.0,7277.0,571816,4165399751
2014/09/10 12:00,7150.0,7310.0,7100.0,7160.0,639718,4581148478
2014/09/13 12:00,7200.0,7222.0,6851.0,6893.0,516726,3600383454
2014/09/14 12:00,6989.0,7080.0,6850.0,6970.0,263337,1841093173
2014/09/15 12:00,6884.0,7149.0,6880.0,6900.0,424282,2948988469
2014/09/16 12:00,6930.0,7050.0,6850.0,6882.0,460783,3189647604
2014/09/17 12:00,6886.0,7000.0,6781.0,6850.0,675612,4626761938
2014/09/20 12:00,6850.0,6950.0,6849.0,6917.0,184454,1269438567
2014/09/21 12:00,6950.0,7190.0,6950.0,7158.0,457158,3228439497
2014/09/22 12:00,7150.0,7347.0,7022.0,7070.0,432695,3103594872
2014/09/23 12:00,7110.0,7150.0,7000.0,7020.0,505570,3560213219
2014/09/24 12:00,7020.0,7240.0,7020.0,7197.0,854465,6076731107
2014/09/27 12:00,7169.0,7467.0,7005.0,7467.0,1097136,8048369144
2014/09/28 12:00,7540.0,7696.0,7400.0,7441.0,1002031,7580519098
2014/09/29 12:00,7550.0,7550.0,7300.0,7320.0,596068,4388896553
2014/09/30 12:00,7310.0,7460.0,7310.0,7360.0,275426,2033504907
2014/10/01 12:00,7350.0,7460.0,7320.0,7370.0,286223,2120085197
2014/10/04 12:00,7335.0,7439.0,7150.0,7220.0,428898,3094178318
2014/10/06 12:00,7205.0,7400.0,7171.0,7300.0,322272,2355691997
2014/10/07 12:00,7398.0,7398.0,7180.0,7180.0,336266,2431053910
2014/10/08 12:00,7280.0,7351.0,7250.0,7320.0,409137,2982794380
2014/10/11 12:00,7324.0,7654.0,7220.0,7654.0,1483726,11127657841
2014/10/12 12:00,7700.0,7875.0,7660.0,7875.0,3102145,24289381018
2014/10/14 12:00,8050.0,8221.0,7840.0,7900.0,8504426,69088797565
2014/10/15 12:00,8050.0,8190.0,7800.0,7876.0,2652367,21133972882
2014/10/18 12:00,7940.0,8090.0,7650.0,7900.0,2232486,17565321662
2014/10/19 12:00,8000.0,8029.0,7800.0,7838.0,1116738,8803162820
2014/10/20 12:00,7951.0,8199.0,7865.0,7900.0,3171765,25630104820
2014/10/21 12:00,8039.0,8176.0,7900.0,7908.0,1878682,15098514918
2014/10/22 12:00,7997.0,8100.0,7714.0,7963.0,1955682,15489759928
2014/10/25 12:00,8110.0,8110.0,7901.0,7931.0,763693,6109957243
2014/10/26 12:00,7840.0,8035.0,7710.0,7730.0,1087886,8453449772
2014/10/27 12:00,7700.0,7930.0,7620.0,7640.0,977496,7542407099
2014/10/28 12:00,7820.0,7820.0,7650.0,7650.0,589323,4544800666
2014/10/29 12:00,7799.0,7937.0,7700.0,7930.0,1164424,9157413680
2014/11/01 12:00,7900.0,8257.0,7900.0,8257.0,4600841,37885304542
2014/11/02 12:00,8590.0,8590.0,8300.0,8350.0,2307422,19446950594
2014/11/05 12:00,8450.0,8588.0,8260.0,8290.0,2350481,19811078892
2014/11/08 12:00,8310.0,8400.0,8040.0,8190.0,1744873,14326418789
2014/11/09 12:00,8189.0,8298.0,8120.0,8135.0,1006825,8252626287
2014/11/10 12:00,8180.0,8180.0,8001.0,8106.0,973573,7884890202
2014/11/11 12:00,8160.0,8160.0,8055.0,8087.0,1507979,12220962961
2014/11/12 12:00,8130.0,8499.0,8120.0,8317.0,2929139,24492911519
2014/11/15 12:00,8250.0,8269.0,8030.0,8150.0,1028473,8409943237
2014/11/16 12:00,8276.0,8330.0,8000.0,8178.0,1095962,8934314467
2014/11/17 12:00,8279.0,8279.0,8000.0,8000.0,1511900,12215216545
2014/11/18 12:00,8080.0,8090.0,7836.0,7899.0,1350434,10707336928
2014/11/19 12:00,7810.0,8090.0,7755.0,7856.0,1168247,9232051789
2014/11/22 12:00,8095.0,8095.0,7507.0,7700.0,2208479,17063823829
2014/11/23 12:00,7691.0,8000.0,7600.0,7799.0,6193798,47828898478
2014/11/24 12:00,7970.0,8108.0,7900.0,8069.0,5763925,46531609702
2014/11/25 12:00,7686.0,7899.0,7670.0,7673.0,2117489,16360290227
2014/11/26 12:00,7700.0,7999.0,7700.0,7820.0,1752367,13815712789
2014/11/29 12:00,7913.0,8099.0,7490.0,7490.0,2537002,19385910531
2014/11/30 12:00,7352.0,7360.0,7259.0,7259.0,1190490,8663797879
2014/12/01 12:00,7062.0,7259.0,6917.0,6940.0,2480278,17426550763
2014/12/02 12:00,7015.0,7120.0,6675.0,6678.0,3487281,23622864375
2014/12/03 12:00,6730.0,6730.0,6436.0,6530.0,4668051,30308766010
2014/12/22 12:00,2990.0,3089.0,2888.0,2999.0,5244532,15585529656
2014/12/24 12:00,2987.0,2987.0,2824.0,2824.0,1270476,3637662402
2014/12/27 12:00,2752.0,2778.0,2720.0,2720.0,1097093,2996963948
2014/12/28 12:00,2701.0,2849.0,2621.0,2778.0,2817061,7770482440
2014/12/29 12:00,2790.0,2790.0,2631.0,2670.0,1412315,3821109085
2014/12/30 12:00,2631.0,2720.0,2572.0,2607.0,1314458,3425146273
2014/12/31 12:00,2573.0,2714.0,2550.0,2699.0,1137955,3027911974
2015/01/03 12:00,2700.0,2794.0,2671.0,2794.0,1362734,3758064106
2015/01/04 12:00,2839.0,2895.0,2790.0,2800.0,2627769,7508486949
2015/01/05 12:00,2790.0,2790.0,2715.0,2715.0,530186,1442155972
2015/01/06 12:00,2601.0,2618.0,2584.0,2584.0,2006543,5190316867
2015/01/07 12:00,2482.0,2595.0,2458.0,2458.0,1126021,2804932123
2015/01/10 12:00,2395.0,2450.0,2367.0,2367.0,692752,1654552831
2015/01/11 12:00,2269.0,2380.0,2269.0,2340.0,1401106,3216778158
2015/01/12 12:00,2387.0,2410.0,2378.0,2410.0,309931,745020439
2015/01/13 12:00,2510.0,2510.0,2300.0,2312.0,952489,2251803866
2015/01/14 12:00,2291.0,2348.0,2246.0,2250.0,914909,2091616699
2015/01/17 12:00,2320.0,2388.0,2232.0,2262.0,484738,1115566191
2015/01/18 12:00,2250.0,2251.0,2186.0,2186.0,981722,2152300440
2015/01/19 12:00,2200.0,2200.0,2083.0,2104.0,892844,1874883854
2015/01/20 12:00,2100.0,2198.0,2020.0,2130.0,927539,1954034894
2015/01/21 12:00,2070.0,2102.0,2002.0,2018.0,973992,1957087428
2015/01/24 12:00,1940.0,1999.0,1909.0,1914.0,1212869,2333837968
2015/01/25 12:00,1860.0,2020.0,1828.0,1924.0,3294945,6463229861
2015/01/26 12:00,1969.0,1989.0,1864.0,1864.0,1588214,2971957182
2015/01/27 12:00,1811.0,1926.0,1811.0,1913.0,1183507,2240075354
2015/01/28 12:00,1970.0,1987.0,1954.0,1987.0,1622175,3217713099
2015/01/31 12:00,2075.0,2083.0,2075.0,2083.0,347182,721525526
2015/02/01 12:00,2178.0,2178.0,2028.0,2088.0,1449358,3074976356
2015/02/02 12:00,2090.0,2197.0,2090.0,2091.0,782909,1671852531
2015/02/03 12:00,2170.0,2185.0,2081.0,2099.0,739493,1563307276
2015/02/04 12:00,2086.0,2215.0,2086.0,2200.0,2146333,4694824111
2015/02/07 12:00,2219.0,2282.0,2150.0,2228.0,957532,2135335402
2015/02/08 12:00,2185.0,2185.0,2119.0,2119.0,877387,1874778788
2015/02/09 12:00,2061.0,2067.0,2031.0,2031.0,386245,789475885
2015/02/10 12:00,2044.0,2044.0,1944.0,2000.0,932668,1845514087
2015/02/14 12:00,2075.0,2075.0,1974.0,1995.0,1378251,2745683026
2015/02/15 12:00,2056.0,2056.0,1950.0,2000.0,702987,1402571261
2015/02/16 12:00,2068.0,2094.0,2045.0,2094.0,676653,1412327830
2015/02/17 12:00,2191.0,2191.0,2191.0,2191.0,305929,670290439
2015/02/18 12:00,2279.0,2280.0,2120.0,2158.0,2421894,5322725925
2015/02/23 12:00,2259.0,2259.0,2198.0,2199.0,746511,1652962235
2015/02/24 12:00,2200.0,2280.0,2143.0,2192.0,1158406,2576417859
2015/02/25 12:00,2161.0,2190.0,2113.0,2113.0,780015,1664968586
2015/02/28 12:00,2190.0,2190.0,2029.0,2029.0,592276,1213493032
2015/03/01 12:00,2090.0,2151.0,2020.0,2151.0,767427,1630061168
2015/03/02 12:00,2195.0,2195.0,2131.0,2149.0,458791,990438086
2015/03/03 12:00,2179.0,2179.0,2100.0,2136.0,168930,357196909
2015/03/04 12:00,2160.0,2219.0,2110.0,2219.0,965796,2115783958
2015/03/07 12:00,2249.0,2273.0,2133.0,2150.0,880500,1945801333
2015/03/08 12:00,2189.0,2220.0,2133.0,2144.0,700928,1521843357
2015/03/09 12:00,2199.0,2199.0,2130.0,2150.0,370050,797704713
2015/03/10 12:00,2170.0,2170.0,2060.0,2095.0,379710,799736437
2015/03/11 12:00,2121.0,2150.0,2046.0,2080.0,439362,918866647
2015/03/14 12:00,2100.0,2195.0,2100.0,2195.0,1007547,2206722876
2015/03/15 12:00,2279.0,2299.0,2212.0,2265.0,1688276,3848127646
2015/03/16 12:00,2269.0,2300.0,2216.0,2249.0,774841,1742561808
2015/03/17 12:00,2248.0,2248.0,2138.0,2160.0,474433,1024921221
2015/03/18 12:00,2230.0,2268.0,2228.0,2268.0,1777146,4027929266
2015/03/25 12:00,2268.0,2370.0,2265.0,2337.0,399203,932862138
2015/03/28 12:00,2438.0,2453.0,2370.0,2453.0,526720,1280773805
2015/03/29 12:00,2553.0,2553.0,2458.0,2553.0,1628573,4156953713
2015/03/30 12:00,2500.0,2615.0,2430.0,2491.0,754503,1912156090
2015/03/31 12:00,2541.0,2600.0,2452.0,2499.0,818942,2075628981
2015/04/04 12:00,2661.0,2661.0,2661.0,2661.0,57707,153558327
2015/04/05 12:00,2794.0,2794.0,2794.0,2794.0,34823,97295462
2015/04/06 12:00,2930.0,2930.0,2702.0,2801.0,3936547,11171259144
2015/04/07 12:00,2705.0,2800.0,2697.0,2697.0,926674,2537258942
2015/04/08 12:00,2652.0,2800.0,2652.0,2699.0,1673254,4554232169
2015/04/11 12:00,2700.0,2700.0,2586.0,2586.0,1357751,3524252411
2015/04/12 12:00,2520.0,2570.0,2467.0,2467.0,184927,457949066
2015/04/13 12:00,2380.0,2500.0,2353.0,2394.0,2349697,5621776879
2015/04/14 12:00,2430.0,2473.0,2380.0,2399.0,1646809,3958009673
2015/04/15 12:00,2410.0,2457.0,2350.0,2400.0,876162,2101477079
2015/04/18 12:00,2341.0,2362.0,2319.0,2325.0,845980,1974701290
2015/04/19 12:00,2340.0,2388.0,2300.0,2336.0,514204,1214207519
2015/04/20 12:00,2350.0,2479.0,2304.0,2479.0,1210825,2950993376
2015/04/21 12:00,2520.0,2550.0,2462.0,2550.0,1851399,4650297283
2015/04/22 12:00,2550.0,2595.0,2392.0,2393.0,942683,2313659464
2015/04/25 12:00,2466.0,2480.0,2390.0,2405.0,527175,1277382984
2015/04/26 12:00,2360.0,2435.0,2360.0,2389.0,330134,785623866
2015/04/27 12:00,2380.0,2449.0,2342.0,2400.0,690274,1645701579
2015/04/28 12:00,2415.0,2450.0,2353.0,2359.0,812995,1944018313
2015/04/29 12:00,2478.0,2478.0,2387.0,2390.0,347234,834497930
2015/05/03 12:00,2400.0,2407.0,2283.0,2301.0,401284,926378302
2015/05/04 12:00,2300.0,2300.0,2220.0,2274.0,400285,900956177
2015/05/05 12:00,2297.0,2339.0,2173.0,2235.0,715050,1624566823
2015/05/06 12:00,2230.0,2290.0,2200.0,2260.0,310634,696730732
2015/05/09 12:00,2330.0,2355.0,2200.0,2230.0,1093826,2503976510
2015/05/10 12:00,2230.0,2230.0,2175.0,2180.0,576042,1261441103
2015/05/11 12:00,2187.0,2270.0,2182.0,2249.0,351633,786382134
2015/05/12 12:00,2278.0,2298.0,2200.0,2215.0,416495,934873939
2015/05/13 12:00,2269.0,2271.0,2178.0,2178.0,554773,1236950618
2015/05/17 12:00,2202.0,2220.0,2144.0,2165.0,319771,699274214
2015/05/18 12:00,2181.0,2221.0,2181.0,2188.0,134827,297117631
2015/05/19 12:00,2172.0,2248.0,2160.0,2190.0,177614,387686597
2015/05/20 12:00,2243.0,2243.0,2185.0,2201.0,1140026,2499847483
2015/05/23 12:00,2185.0,2185.0,2146.0,2165.0,158837,342564006
2015/05/24 12:00,2141.0,2188.0,2100.0,2150.0,197505,421628074
2015/05/25 12:00,2150.0,2189.0,2140.0,2186.0,161474,349571467
2015/05/26 12:00,2190.0,2210.0,2165.0,2171.0,2924225,6401287319
2015/05/27 12:00,2200.0,2220.0,2170.0,2170.0,258709,569259885
2015/05/30 12:00,2141.0,2235.0,2130.0,2130.0,662554,1431524428
2015/05/31 12:00,2133.0,2145.0,2090.0,2125.0,328772,695190297
2015/06/01 12:00,2110.0,2140.0,2090.0,2095.0,221611,466573773
2015/06/02 12:00,2140.0,2145.0,2092.0,2122.0,218137,463350080
2015/06/06 12:00,2148.0,2178.0,2110.0,2120.0,271228,578615151
2015/06/07 12:00,2110.0,2127.0,2052.0,2060.0,359129,745966352
2015/06/08 12:00,2111.0,2111.0,2020.0,2030.0,177318,362380801
2015/06/09 12:00,2001.0,2099.0,1942.0,1950.0,301749,597062455
2015/06/10 12:00,1996.0,2001.0,1951.0,2000.0,295662,586340600
2015/06/13 12:00,2044.0,2080.0,2000.0,2080.0,139170,283614534
2015/06/14 12:00,2080.0,2100.0,2017.0,2030.0,325494,666942135
2015/06/15 12:00,1988.0,2060.0,1986.0,2040.0,68915,140482563
2015/06/16 12:00,2110.0,2110.0,1990.0,2000.0,1133442,2273511439
2015/06/17 12:00,2010.0,2106.0,2010.0,2106.0,3162740,6587907513
2015/06/20 12:00,2109.0,2186.0,2081.0,2130.0,1665553,3528009439
2015/06/21 12:00,2150.0,2178.0,2100.0,2134.0,1141030,2435313575
2015/06/22 12:00,2170.0,2189.0,2131.0,2160.0,833109,1812011239
2015/06/23 12:00,2196.0,2278.0,2168.0,2196.0,1375889,3031450650
2015/06/24 12:00,2254.0,2254.0,2110.0,2150.0,418986,907052241
2015/06/27 12:00,2112.0,2191.0,2112.0,2112.0,555456,1199162027
2015/06/28 12:00,2100.0,2100.0,2052.0,2053.0,343667,708898240
2015/06/29 12:00,2010.0,2118.0,2001.0,2100.0,213327,445537996
2015/06/30 12:00,2165.0,2193.0,2165.0,2193.0,1439649,3151638045
2015/07/01 12:00,2225.0,2297.0,2193.0,2227.0,1549102,3476354867
2015/07/04 12:00,2280.0,2356.0,2280.0,2356.0,4167830,9810774139
2015/07/05 12:00,2399.0,2445.0,2270.0,2420.0,2410551,5740533624
2015/07/06 12:00,2430.0,2500.0,2382.0,2500.0,951251,2338193367
2015/07/07 12:00,2576.0,2580.0,2531.0,2580.0,4965883,12807876277
2015/07/11 12:00,2505.0,2690.0,2505.0,2685.0,2113879,5582045574
2015/07/12 12:00,2690.0,2740.0,2570.0,2601.0,1446755,3838475926
2015/07/13 12:00,2678.0,2764.0,2600.0,2643.0,2807025,7549576147
2015/07/14 12:00,2730.0,2730.0,2556.0,2561.0,3076097,8071317980
2015/07/15 12:00,2493.0,2493.0,2493.0,2493.0,351029,875115297
2015/07/27 12:00,2039.0,2081.0,2025.0,2025.0,3670540,7518484377
2015/07/28 12:00,2032.0,2139.0,2031.0,2090.0,3457885,7279874632
2015/07/29 12:00,2100.0,2170.0,2100.0,2136.0,3684011,7870980458
2015/08/01 12:00,2138.0,2197.0,2112.0,2133.0,2503626,5376186673
2015/08/02 12:00,2105.0,2150.0,2065.0,2095.0,2638393,5540161126
2015/08/03 12:00,2100.0,2145.0,2080.0,2100.0,1956998,4127456971
2015/08/04 12:00,2077.0,2120.0,2077.0,2090.0,956779,2014255632
2015/08/05 12:00,2080.0,2128.0,2074.0,2107.0,1120544,2348540077
2015/08/08 12:00,2100.0,2108.0,2061.0,2061.0,662042,1380405536
2015/08/09 12:00,2098.0,2100.0,2052.0,2054.0,1554104,3218840027
2015/08/10 12:00,2059.0,2085.0,2040.0,2043.0,1254218,2574297891
2015/08/12 12:00,2080.0,2080.0,2020.0,2036.0,702142,1431249241
2015/08/15 12:00,2049.0,2050.0,2000.0,2022.0,2875871,5790169874
2015/08/16 12:00,2030.0,2050.0,1990.0,2010.0,2044161,4104267668
2015/08/17 12:00,2028.0,2029.0,1951.0,1972.0,888060,1760024785
2015/08/18 12:00,1970.0,1999.0,1949.0,1973.0,644742,1265485964
2015/08/19 12:00,1950.0,1994.0,1905.0,1967.0,2530160,4925790822
2015/08/22 12:00,1969.0,2005.0,1969.0,1989.0,2223132,4428788306
2015/08/23 12:00,1990.0,1999.0,1920.0,1960.0,712582,1396232764
2015/08/24 12:00,1932.0,1950.0,1890.0,1934.0,1248162,2392135479
2015/08/25 12:00,1910.0,1930.0,1870.0,1870.0,721016,1354856692
2015/08/26 12:00,1885.0,1930.0,1871.0,1899.0,232197,441730740
2015/08/29 12:00,1902.0,1997.0,1902.0,1997.0,1158405,2307414749
2015/08/30 12:00,1998.0,1999.0,1910.0,1950.0,3709838,7156783149
2015/08/31 12:00,1922.0,1965.0,1922.0,1963.0,876428,1699355551
2015/09/01 12:00,1949.0,1978.0,1940.0,1940.0,1008476,1975161806
2015/09/02 12:00,1968.0,1970.0,1937.0,1941.0,1246674,2423046647
2015/09/05 12:00,1941.0,2041.0,1941.0,2041.0,2573501,5220428780
2015/09/06 12:00,2052.0,2100.0,2020.0,2041.0,2450784,5021955127
2015/09/07 12:00,2025.0,2075.0,2024.0,2059.0,1365302,2785671603
2015/09/08 12:00,2064.0,2068.0,2050.0,2063.0,1070171,2201076753
2015/09/09 12:00,2046.0,2098.0,2046.0,2085.0,1248368,2594204190
2015/09/12 12:00,2087.0,2130.0,2030.0,2040.0,1798629,3720247072
2015/09/13 12:00,2003.0,2020.0,1965.0,1982.0,1973747,3917976294
2015/09/14 12:00,1966.0,1990.0,1950.0,1962.0,516715,1016882236
2015/09/15 12:00,1950.0,1950.0,1900.0,1914.0,1048001,2004597808
2015/09/16 12:00,1902.0,1960.0,1902.0,1960.0,708036,1374154749
2015/09/19 12:00,1970.0,2009.0,1935.0,1941.0,640268,1261719154
2015/09/20 12:00,1943.0,1980.0,1873.0,1873.0,1817084,3418419381
2015/09/21 12:00,1935.0,1935.0,1790.0,1870.0,1937662,3510961266
2015/09/22 12:00,1870.0,1902.0,1830.0,1900.0,1440808,2706269430
2015/09/23 12:00,1920.0,1947.0,1906.0,1910.0,1125490,2166816981
2015/09/26 12:00,1911.0,1937.0,1862.0,1863.0,552019,1040589982
2015/09/27 12:00,1865.0,1910.0,1850.0,1909.0,904443,1710338206
2015/09/28 12:00,1924.0,1950.0,1910.0,1925.0,901599,1740016037
2015/09/29 12:00,1904.0,1949.0,1884.0,1884.0,607224,1162297884
2015/09/30 12:00,1900.0,1900.0,1872.0,1880.0,618664,1162915507
2015/10/03 12:00,1844.0,1879.0,1810.0,1820.0,1052985,1936481110
2015/10/04 12:00,1833.0,1848.0,1806.0,1832.0,1515324,2780582136
2015/10/05 12:00,1887.0,1887.0,1820.0,1820.0,1020481,1868825421
2015/10/06 12:00,1840.0,1840.0,1800.0,1814.0,671100,1211911049
2015/10/07 12:00,1799.0,1839.0,1799.0,1830.0,420690,764329165
2015/10/10 12:00,1815.0,1857.0,1790.0,1795.0,527689,953528500
2015/10/11 12:00,1810.0,1835.0,1800.0,1806.0,230357,417819938
2015/10/12 12:00,1827.0,1850.0,1820.0,1830.0,301266,553565282
2015/10/13 12:00,1855.0,1895.0,1816.0,1890.0,704273,1308861097
2015/10/14 12:00,1890.0,1926.0,1860.0,1883.0,1252757,2378958443
2015/10/17 12:00,1900.0,1990.0,1900.0,1980.0,1646209,3209084454
2015/10/18 12:00,2039.0,2040.0,1932.0,1940.0,2580815,5120937603
2015/10/19 12:00,1942.0,1970.0,1901.0,1920.0,887471,1712444328
2015/10/20 12:00,1900.0,1909.0,1870.0,1878.0,785865,1483415036
2015/10/21 12:00,1880.0,1880.0,1843.0,1860.0,822021,1528687875
2015/10/25 12:00,1851.0,1909.0,1825.0,1827.0,976789,1811893384
2015/10/26 12:00,1839.0,1885.0,1838.0,1865.0,237863,443746814
2015/10/27 12:00,1899.0,1920.0,1866.0,1887.0,255854,484342762
2015/10/28 12:00,1875.0,1875.0,1841.0,1853.0,662946,1228187742
2015/10/31 12:00,1889.0,1889.0,1850.0,1855.0,316860,587790404
2015/11/01 12:00,1849.0,1874.0,1849.0,1865.0,810912,1509222667
2015/11/02 12:00,1852.0,1889.0,1845.0,1865.0,422893,785454724
2015/11/03 12:00,1836.0,1880.0,1836.0,1856.0,240439,447155849
2015/11/04 12:00,1840.0,1890.0,1840.0,1888.0,2853261,5328786553
2015/11/07 12:00,1870.0,1888.0,1860.0,1868.0,447210,833740566
2015/11/08 12:00,1852.0,1877.0,1850.0,1857.0,479725,891318543
2015/11/09 12:00,1856.0,1880.0,1840.0,1841.0,506627,938402001
2015/11/10 12:00,1840.0,1873.0,1840.0,1850.0,633962,1174716001
2015/11/11 12:00,1840.0,1869.0,1840.0,1849.0,435350,803952466
2015/11/14 12:00,1850.0,1850.0,1837.0,1850.0,750675,1383149564
2015/11/15 12:00,1840.0,1859.0,1832.0,1833.0,828164,1523611727
2015/11/16 12:00,1835.0,1880.0,1830.0,1860.0,1348419,2501917517
2015/11/17 12:00,1880.0,1947.0,1880.0,1947.0,8967810,17399285061
2015/11/18 12:00,1933.0,1989.0,1913.0,1921.0,2361846,4593325213
2015/11/21 12:00,1901.0,1938.0,1880.0,1898.0,1949047,3699576911
2015/11/22 12:00,1881.0,1915.0,1871.0,1882.0,1141670,2153801712
2015/11/23 12:00,1872.0,1888.0,1867.0,1874.0,688873,1290434814
2015/11/24 12:00,1900.0,1900.0,1861.0,1868.0,565404,1056340783
2015/11/25 12:00,1865.0,1880.0,1850.0,1868.0,957347,1785221508
2015/11/28 12:00,1852.0,1889.0,1842.0,1842.0,911643,1694410219
2015/11/29 12:00,1850.0,1850.0,1820.0,1829.0,899351,1649514914
2015/11/30 12:00,1829.0,1859.0,1829.0,1855.0,703289,1295640406
2015/12/01 12:00,1835.0,1839.0,1812.0,1830.0,280506,511576280
2015/12/05 12:00,1857.0,1873.0,1834.0,1837.0,892032,1647452880
2015/12/06 12:00,1840.0,1840.0,1815.0,1830.0,936706,1708665974
2015/12/07 12:00,1828.0,1829.0,1810.0,1820.0,409421,743170053
2015/12/08 12:00,1825.0,1842.0,1803.0,1810.0,513748,930618516
2015/12/09 12:00,1820.0,1855.0,1820.0,1833.0,303972,557704470
2015/12/13 12:00,1836.0,1848.0,1818.0,1818.0,403643,737603435
2015/12/14 12:00,1810.0,1844.0,1810.0,1835.0,277975,508358431
2015/12/15 12:00,1849.0,1879.0,1849.0,1859.0,690228,1285999360
2015/12/16 12:00,1880.0,1890.0,1800.0,1820.0,1688616,3097811898
2015/12/19 12:00,1804.0,1804.0,1744.0,1757.0,2047050,3600256906
2015/12/20 12:00,1736.0,1776.0,1701.0,1706.0,826206,1419646717
2015/12/21 12:00,1720.0,1766.0,1720.0,1750.0,477336,832129117
2015/12/22 12:00,1722.0,1764.0,1706.0,1730.0,918580,1579645126
2015/12/23 12:00,1750.0,1788.0,1728.0,1770.0,1272120,2238612708
2015/12/26 12:00,1781.0,1790.0,1756.0,1756.0,565619,1001168495
2015/12/27 12:00,1769.0,1829.0,1740.0,1818.0,1272422,2275405147
2015/12/28 12:00,1829.0,1829.0,1779.0,1797.0,476948,856535738
2015/12/30 12:00,1829.0,1881.0,1800.0,1850.0,1766797,3285451388
2016/01/02 12:00,1860.0,1885.0,1810.0,1849.0,1431367,2637384170
2016/01/03 12:00,1839.0,1876.0,1808.0,1838.0,863632,1583552439
2016/01/04 12:00,1865.0,1925.0,1847.0,1925.0,7115109,13602640545
2016/01/05 12:00,1937.0,2007.0,1937.0,2007.0,3970729,7893940944
2016/01/06 12:00,2030.0,2068.0,1967.0,1999.0,3802453,7647378707
2016/01/09 12:00,2009.0,2040.0,1911.0,1920.0,3962782,7803519603
2016/01/10 12:00,1920.0,2035.0,1910.0,2001.0,3878931,7739064186
2016/01/11 12:00,2004.0,2094.0,2003.0,2094.0,5210964,10891252580
2016/01/12 12:00,2194.0,2194.0,2140.0,2194.0,14858552,32533032579
2016/01/13 12:00,2194.0,2299.0,2190.0,2299.0,9073646,20716708782
2016/01/16 12:00,2394.0,2397.0,2290.0,2370.0,17054671,40469145273
2016/01/17 12:00,2410.0,2410.0,2255.0,2255.0,7944961,18099440605
2016/01/18 12:00,2200.0,2248.0,2165.0,2205.0,6936620,15126549108
2016/01/19 12:00,2211.0,2290.0,2211.0,2277.0,7780987,17709378641
2016/01/20 12:00,2261.0,2339.0,2220.0,2310.0,6182968,14162655254
2016/01/23 12:00,2339.0,2350.0,2251.0,2301.0,5093176,11682690290
2016/01/24 12:00,2333.0,2345.0,2245.0,2256.0,6067101,13786978623
2016/01/25 12:00,2230.0,2385.0,2230.0,2385.0,15917948,37545563773
2016/01/26 12:00,2420.0,2476.0,2390.0,2476.0,11030950,27203270335
2016/01/27 12:00,2519.0,2519.0,2343.0,2343.0,4527348,10808731865
2016/01/30 12:00,2350.0,2438.0,2268.0,2292.0,4757329,11036301850
2016/01/31 12:00,2252.0,2390.0,2250.0,2361.0,2871113,6680241547
2016/02/01 12:00,2380.0,2443.0,2380.0,2443.0,8108459,19679990933
2016/02/02 12:00,2493.0,2535.0,2393.0,2401.0,5679001,13967910412
2016/02/03 12:00,2450.0,2583.0,2340.0,2583.0,14238845,36167943209
2016/02/06 12:00,2667.0,2667.0,2664.0,2667.0,6217675,16582415763
2016/02/07 12:00,2680.0,2767.0,2580.0,2619.0,10155440,27187306175
2016/02/08 12:00,2678.0,2810.0,2580.0,2810.0,14449498,40099087400
2016/02/09 12:00,2877.0,2910.0,2640.0,2645.0,9459197,26621120912
2016/02/10 12:00,2674.0,2780.0,2674.0,2674.0,7497237,20283243044
2016/02/13 12:00,2679.0,2679.0,2570.0,2570.0,2345481,6043839429
2016/02/14 12:00,2521.0,2650.0,2480.0,2505.0,5039960,12691762620
2016/02/15 12:00,2520.0,2643.0,2520.0,2643.0,6691236,17419846822
2016/02/16 12:00,2699.0,2730.0,2580.0,2638.0,4569710,12212642852
2016/02/17 12:00,2650.0,2736.0,2620.0,2651.0,4365832,11729949971
2016/02/20 12:00,2729.0,2730.0,2553.0,2553.0,3505935,8997997806
2016/02/21 12:00,2456.0,2520.0,2439.0,2440.0,7420696,18159896614
2016/02/22 12:00,2450.0,2520.0,2430.0,2466.0,3115815,7702098950
2016/02/23 12:00,2510.0,2525.0,2367.0,2391.0,3368738,8174734933
2016/02/24 12:00,2388.0,2490.0,2350.0,2469.0,2064794,5003649070
2016/02/27 12:00,2471.0,2540.0,2471.0,2529.0,2945088,7415078818
2016/02/28 12:00,2548.0,2550.0,2432.0,2444.0,2166550,5354661577
2016/02/29 12:00,2421.0,2480.0,2380.0,2392.0,2510592,6041832913
2016/03/01 12:00,2459.0,2459.0,2345.0,2362.0,1791506,4286120338
2016/03/02 12:00,2361.0,2415.0,2357.0,2379.0,2121490,5048105589
2016/03/05 12:00,2420.0,2435.0,2380.0,2391.0,2569370,6161578861
2016/03/06 12:00,2406.0,2406.0,2310.0,2310.0,3288513,7727557888
2016/03/07 12:00,2354.0,2449.0,2291.0,2300.0,8086797,19041313903
2016/03/08 12:00,2350.0,2400.0,2320.0,2366.0,1968713,4643344271
2016/03/09 12:00,2390.0,2390.0,2311.0,2350.0,2151226,5033829778
2016/03/12 12:00,2357.0,2457.0,2350.0,2457.0,6017377,14682045048
2016/03/14 12:00,2500.0,2562.0,2500.0,2562.0,2527642,6452097055
2016/03/15 12:00,2680.0,2680.0,2563.0,2599.0,9680223,25677821358
2016/03/16 12:00,2599.0,2620.0,2521.0,2521.0,3711667,9408869021
2016/03/26 12:00,2520.0,2661.0,2446.0,2661.0,4160140,10997910899
2016/03/27 12:00,2678.0,2759.0,2612.0,2618.0,3421404,9182213718
2016/03/28 12:00,2649.0,2649.0,2580.0,2590.0,1974794,5150069115
2016/03/29 12:00,2580.0,2654.0,2478.0,2540.0,1727097,4365556746
2016/03/30 12:00,2514.0,2654.0,2514.0,2654.0,6607205,17406163240
2016/04/02 12:00,2655.0,2730.0,2580.0,2586.0,1865061,4922709234
2016/04/03 12:00,2630.0,2630.0,2512.0,2576.0,1763070,4532496202
2016/04/04 12:00,2600.0,2683.0,2550.0,2550.0,2456443,6413954109
2016/04/05 12:00,2551.0,2698.0,2551.0,2630.0,3298209,8758011707
2016/04/06 12:00,2630.0,2787.0,2581.0,2787.0,17153555,47266024935
2016/04/09 12:00,2810.0,2865.0,2702.0,2702.0,5484496,15272518470
2016/04/10 12:00,2741.0,2760.0,2646.0,2650.0,4061567,10944241406
2016/04/11 12:00,2626.0,2740.0,2626.0,2650.0,2436650,6528591262
2016/04/12 12:00,2690.0,2745.0,2640.0,2660.0,4320860,11678664259
2016/04/13 12:00,2711.0,2724.0,2568.0,2615.0,3903914,10120366795
2016/04/16 12:00,2573.0,2573.0,2463.0,2463.0,1281860,3165952205
2016/04/17 12:00,2364.0,2593.0,2350.0,2593.0,5194865,13034955966
2016/04/18 12:00,2607.0,2634.0,2556.0,2634.0,3923400,10308606531
2016/04/19 12:00,2630.0,2731.0,2543.0,2699.0,3292903,8604259620
2016/04/20 12:00,2600.0,2700.0,2600.0,2605.0,2258491,5994745100
2016/04/23 12:00,2601.0,2650.0,2555.0,2570.0,1304722,3383947140
2016/04/24 12:00,2579.0,2661.0,2571.0,2610.0,862658,2255898147
2016/04/25 12:00,2600.0,2718.0,2600.0,2684.0,4167293,11149195535
2016/04/26 12:00,2612.0,2791.0,2612.0,2765.0,9427578,26034302167
2016/04/27 12:00,2753.0,2898.0,2753.0,2857.0,8217527,23466517575
2016/04/30 12:00,2895.0,2998.0,2750.0,2890.0,8776816,25722255191
2016/05/01 12:00,2918.0,2961.0,2785.0,2800.0,4340687,12374502026
2016/05/02 12:00,2788.0,2809.0,2750.0,2799.0,3106036,8627185124
2016/05/03 12:00,2839.0,2889.0,2732.0,2750.0,3325937,9356552598
2016/05/04 12:00,2800.0,2825.0,2715.0,2715.0,3142675,8736678814
2016/05/07 12:00,2706.0,2780.0,2668.0,2730.0,2050919,5545701230
2016/05/08 12:00,2708.0,2750.0,2630.0,2659.0,1645144,4394392842
2016/05/09 12:00,2730.0,2781.0,2605.0,2780.0,2561639,6995470996
2016/05/10 12:00,2786.0,2819.0,2720.0,2770.0,2804266,7777821923
2016/05/11 12:00,2760.0,2760.0,2636.0,2660.0,3826794,10125691274
2016/05/14 12:00,2680.0,2695.0,2630.0,2648.0,928405,2469055966
2016/05/15 12:00,2679.0,2699.0,2580.0,2630.0,1731211,4544782611
2016/05/16 12:00,2630.0,2670.0,2585.0,2590.0,902490,2358932345
2016/05/17 12:00,2629.0,2700.0,2605.0,2672.0,2379069,6342334334
2016/05/18 12:00,2698.0,2717.0,2606.0,2610.0,1523010,4011540604
2016/05/21 12:00,2666.0,2666.0,2543.0,2580.0,3379112,8709889775
2016/05/30 12:00,2397.0,2439.0,2372.0,2420.0,619078,1489740504
2016/05/31 12:00,2402.0,2460.0,2370.0,2370.0,971589,2337031735
2016/06/01 12:00,2430.0,2430.0,2331.0,2363.0,920104,2170543968
2016/06/05 12:00,2400.0,2430.0,2370.0,2390.0,1309471,3150547914
2016/06/06 12:00,2447.0,2447.0,2301.0,2410.0,1069785,2546245642
2016/06/07 12:00,2375.0,2429.0,2350.0,2379.0,1092469,2622747405
2016/06/08 12:00,2400.0,2400.0,2336.0,2340.0,943370,2214088478
2016/06/11 12:00,2389.0,2399.0,2252.0,2280.0,970648,2238132476
2016/06/12 12:00,2253.0,2349.0,2191.0,2200.0,1564943,3452752791
2016/06/13 12:00,2274.0,2299.0,2220.0,2249.0,982615,2217817159
2016/06/14 12:00,2280.0,2300.0,2200.0,2207.0,977001,2188698802
2016/06/15 12:00,2277.0,2277.0,2181.0,2240.0,1170732,2601384749
2016/06/18 12:00,2249.0,2260.0,2210.0,2242.0,557959,1244471485
2016/06/19 12:00,2288.0,2288.0,2119.0,2168.0,1100467,2363917073
2016/06/20 12:00,2105.0,2122.0,2053.0,2066.0,692454,1434994996
2016/06/21 12:00,2060.0,2175.0,2060.0,2160.0,327593,697143091
2016/06/22 12:00,2160.0,2234.0,2160.0,2234.0,449468,1002556246
2016/06/25 12:00,2251.0,2282.0,2197.0,2215.0,893441,2013195897
2016/06/26 12:00,2275.0,2329.0,2202.0,2301.0,639206,1456096479
2016/06/28 12:00,2298.0,2366.0,2298.0,2340.0,665081,1555998548
2016/06/29 12:00,2376.0,2398.0,2325.0,2330.0,1394193,3294646467
2016/07/02 12:00,2331.0,2450.0,2260.0,2341.0,4231149,10107155991
2016/07/03 12:00,2364.0,2389.0,2301.0,2375.0,909814,2132385232
2016/07/04 12:00,2383.0,2383.0,2227.0,2269.0,1486053,3328677297
2016/07/05 12:00,2241.0,2285.0,2211.0,2240.0,246706,558722386
2016/07/09 12:00,2221.0,2290.0,2200.0,2200.0,236522,524413139
2016/07/10 12:00,2200.0,2237.0,2175.0,2210.0,698126,1528441810
2016/07/11 12:00,2250.0,2250.0,2180.0,2186.0,532715,1178149000
2016/07/12 12:00,2190.0,2247.0,2165.0,2233.0,548157,1209589344
2016/07/13 12:00,2180.0,2239.0,2165.0,2170.0,407832,888149735
2016/07/16 12:00,2175.0,2224.0,2171.0,2200.0,601497,1325204705
2016/07/17 12:00,2225.0,2313.0,2204.0,2260.0,2100586,4808797140
2016/07/18 12:00,2270.0,2270.0,2190.0,2230.0,472351,1048832359
2016/07/19 12:00,2269.0,2290.0,2215.0,2268.0,815372,1832136952
2016/07/20 12:00,2278.0,2319.0,2252.0,2270.0,1326163,3025963532
2016/07/23 12:00,2337.0,2349.0,2286.0,2306.0,1267876,2937080340
2016/07/24 12:00,2307.0,2314.0,2266.0,2267.0,1537114,3497628014
2016/07/25 12:00,2251.0,2295.0,2251.0,2255.0,556488,1262327828
2016/07/26 12:00,2268.0,2290.0,2235.0,2248.0,757818,1707711650
2016/07/27 12:00,2254.0,2320.0,2254.0,2285.0,8443050,19133253947
2016/07/31 12:00,2325.0,2379.0,2325.0,2379.0,5800590,13723303931
2016/08/01 12:00,2351.0,2420.0,2337.0,2388.0,3110488,7419893010
2016/08/02 12:00,2400.0,2450.0,2369.0,2371.0,2188993,5283643021
2016/08/03 12:00,2350.0,2498.0,2350.0,2450.0,2617216,6468279228
2016/08/06 12:00,2450.0,2498.0,2401.0,2405.0,2054825,4986252574
2016/08/07 12:00,2405.0,2450.0,2332.0,2370.0,2373952,5615788282
2016/08/08 12:00,2424.0,2424.0,2301.0,2305.0,1367868,3197862923
2016/08/09 12:00,2311.0,2370.0,2301.0,2330.0,686771,1601896369
2016/08/10 12:00,2368.0,2386.0,2340.0,2355.0,1023826,2418527167
2016/08/13 12:00,2393.0,2393.0,2303.0,2320.0,887069,2070803365
2016/08/14 12:00,2310.0,2358.0,2310.0,2320.0,792248,1842770872
2016/08/15 12:00,2337.0,2380.0,2310.0,2363.0,1100895,2590163857
2016/08/16 12:00,2378.0,2470.0,2361.0,2470.0,20159718,49717232042
2016/08/17 12:00,2470.0,2470.0,2401.0,2406.0,1703828,4132459735
2016/08/20 12:00,2395.0,2480.0,2350.0,2423.0,2784731,6779930344
2016/08/21 12:00,2400.0,2513.0,2390.0,2402.0,6934152,17121833774
2016/08/22 12:00,2466.0,2495.0,2377.0,2390.0,3146822,7625736404
2016/08/23 12:00,2400.0,2400.0,2302.0,2329.0,3417986,8026410601
2016/08/24 12:00,2342.0,2360.0,2298.0,2319.0,1992621,4597673331
2016/08/27 12:00,2310.0,2323.0,2276.0,2285.0,1172374,2685962125
2016/08/28 12:00,2290.0,2348.0,2276.0,2289.0,793802,1824750670
2016/08/29 12:00,2289.0,2320.0,2240.0,2250.0,1264728,2859939467
2016/08/30 12:00,2270.0,2315.0,2270.0,2301.0,1512789,3488394065
2016/08/31 12:00,2300.0,2315.0,2267.0,2300.0,1383451,3168860846
2016/09/03 12:00,2299.0,2299.0,2242.0,2245.0,1089874,2453744377
2016/09/04 12:00,2245.0,2330.0,2242.0,2280.0,1872826,4272071220
2016/09/05 12:00,2252.0,2305.0,2250.0,2281.0,1491195,3375167024
2016/09/06 12:00,2263.0,2305.0,2263.0,2299.0,696239,1593490359
2016/09/07 12:00,2289.0,2323.0,2267.0,2323.0,1274138,2943099449
2016/09/10 12:00,2264.0,2330.0,2263.0,2300.0,1647543,3798561761
2016/09/11 12:00,2313.0,2344.0,2280.0,2290.0,702757,1615466346
2016/09/13 12:00,2270.0,2300.0,2250.0,2265.0,904107,2050541207
2016/09/14 12:00,2271.0,2319.0,2268.0,2300.0,859470,1972435495
2016/09/17 12:00,2303.0,2409.0,2248.0,2388.0,22687978,51806052968
2016/09/18 12:00,2397.0,2397.0,2397.0,2397.0,4168556,9992028732
2016/09/19 12:00,2516.0,2516.0,2421.0,2431.0,20598258,51572538087
2016/09/21 12:00,2432.0,2530.0,2432.0,2460.0,5541846,13781988483
2016/09/24 12:00,2444.0,2580.0,2444.0,2510.0,2852192,7174126793
2016/09/25 12:00,2500.0,2520.0,2439.0,2439.0,1757589,4321019517
2016/09/26 12:00,2430.0,2450.0,2400.0,2418.0,3375283,8173878461
2016/09/27 12:00,2406.0,2543.0,2404.0,2543.0,7487304,18841053634
2016/09/28 12:00,2570.0,2570.0,2456.0,2487.0,2693965,6754040551
2016/10/01 12:00,2457.0,2500.0,2440.0,2463.0,1930318,4762032798
2016/10/02 12:00,2467.0,2590.0,2455.0,2590.0,19053429,48894081840
2016/10/03 12:00,2660.0,2693.0,2590.0,2630.0,22027404,58638262125
2016/10/04 12:00,2649.0,2689.0,2550.0,2550.0,4433916,11661998225
2016/10/05 12:00,2550.0,2600.0,2513.0,2555.0,2145167,5455921867
2016/10/08 12:00,2584.0,2584.0,2497.0,2501.0,2169622,5470135778
2016/10/09 12:00,2569.0,2569.0,2516.0,2536.0,1674024,4221467416
2016/10/10 12:00,2522.0,2578.0,2522.0,2570.0,895156,2292746268
2016/10/15 12:00,2590.0,2649.0,2561.0,2649.0,3074159,8002767431
2016/10/16 12:00,2659.0,2733.0,2620.0,2733.0,12825225,34919676047
2016/10/17 12:00,2681.0,2745.0,2635.0,2670.0,3355866,9023150251
2016/10/18 12:00,2714.0,2714.0,2650.0,2700.0,3258911,8750273911
2016/10/19 12:00,2671.0,2745.0,2670.0,2729.0,4638777,12575178171
2016/10/22 12:00,2681.0,2700.0,2652.0,2662.0,4839957,12940447956
2016/10/23 12:00,2660.0,2700.0,2641.0,2655.0,2605313,6970063127
2016/10/24 12:00,2672.0,2718.0,2672.0,2700.0,5847188,15748950203
2016/10/25 12:00,2730.0,2740.0,2630.0,2651.0,11750042,31357305483
2016/10/26 12:00,2652.0,2652.0,2602.0,2635.0,5718856,14989104061
2016/10/29 12:00,2685.0,2685.0,2606.0,2612.0,3363629,8844503087
2016/10/30 12:00,2606.0,2625.0,2510.0,2533.0,5117896,13043889589
2016/10/31 12:00,2578.0,2578.0,2480.0,2487.0,6063488,15160313874
2016/11/01 12:00,2510.0,2540.0,2480.0,2490.0,4204787,10533172247
2016/11/02 12:00,2510.0,2550.0,2490.0,2500.0,1379358,3451471278
2016/11/05 12:00,2547.0,2549.0,2405.0,2411.0,3334666,8151090246
2016/11/06 12:00,2487.0,2509.0,2414.0,2500.0,1162763,2857711298
2016/11/07 12:00,2523.0,2555.0,2470.0,2499.0,3242474,8150498136
2016/11/08 12:00,2520.0,2529.0,2480.0,2510.0,1012338,2532180084
2016/11/09 12:00,2450.0,2454.0,2376.0,2450.0,7985032,19074961908
2016/11/12 12:00,2450.0,2486.0,2411.0,2433.0,4399391,10780122558
2016/11/13 12:00,2471.0,2485.0,2430.0,2447.0,1850312,4541543980
2016/11/14 12:00,2413.0,2470.0,2401.0,2409.0,1337292,3243114944
2016/11/15 12:00,2456.0,2546.0,2451.0,2505.0,3841134,9702057427
2016/11/16 12:00,2501.0,2600.0,2501.0,2530.0,2820286,7158641423
2016/11/19 12:00,2553.0,2553.0,2510.0,2530.0,725018,1820367492
2016/11/21 12:00,2550.0,2550.0,2494.0,2527.0,967744,2446369385
2016/11/22 12:00,2502.0,2539.0,2420.0,2440.0,2496554,6100265398
2016/11/23 12:00,2471.0,2471.0,2402.0,2442.0,1898134,4586182635
2016/11/26 12:00,2444.0,2465.0,2363.0,2366.0,2771891,6622179767
2016/11/27 12:00,2365.0,2400.0,2350.0,2375.0,3124444,7390436365
2016/11/29 12:00,2380.0,2380.0,2312.0,2320.0,1742042,4059880858
2016/12/03 12:00,2314.0,2314.0,2241.0,2255.0,2749292,6205685896
2016/12/04 12:00,2256.0,2360.0,2256.0,2266.0,2049318,4698990899
2016/12/05 12:00,2293.0,2345.0,2275.0,2300.0,971247,2233365237
2016/12/06 12:00,2337.0,2363.0,2300.0,2310.0,2592439,6037210851
2016/12/07 12:00,2320.0,2361.0,2287.0,2290.0,1403040,3233075468
2016/12/10 12:00,2300.0,2361.0,2283.0,2299.0,1093396,2536131714
2016/12/11 12:00,2291.0,2329.0,2270.0,2300.0,572816,1311173005
2016/12/12 12:00,2300.0,2320.0,2266.0,2272.0,271341,616311864
2016/12/13 12:00,2250.0,2295.0,2244.0,2246.0,646754,1458784158
2016/12/14 12:00,2270.0,2270.0,2216.0,2230.0,1889182,4227202016
2016/12/18 12:00,2220.0,2252.0,2220.0,2240.0,604624,1354241840
2016/12/19 12:00,2238.0,2300.0,2128.0,2200.0,2901406,6307193576
2016/12/20 12:00,2190.0,2250.0,2139.0,2250.0,1782792,3918705804
2016/12/21 12:00,2240.0,2300.0,2218.0,2290.0,979688,2218109690
2016/12/24 12:00,2264.0,2300.0,2235.0,2252.0,525989,1192668844
2016/12/25 12:00,2260.0,2290.0,2230.0,2270.0,370817,835670917
2016/12/26 12:00,2260.0,2261.0,2203.0,2210.0,619317,1375397966
2016/12/27 12:00,2216.0,2216.0,2150.0,2170.0,1426612,3105819185
2016/12/28 12:00,2151.0,2200.0,2150.0,2198.0,454541,992580544
2016/12/31 12:00,2212.0,2212.0,2157.0,2180.0,404061,876562773
2017/01/01 12:00,2146.0,2265.0,2146.0,2210.0,640811,1426473485
2017/01/02 12:00,2200.0,2274.0,2187.0,2233.0,778016,1732242715
2017/01/03 12:00,2222.0,2222.0,2160.0,2160.0,1150899,2512089756
2017/01/04 12:00,2150.0,2200.0,2150.0,2151.0,728202,1570214606
2017/01/07 12:00,2170.0,2180.0,2150.0,2150.0,461859,995513330
2017/01/08 12:00,2140.0,2150.0,2100.0,2120.0,1469573,3121400734
2017/01/09 12:00,2130.0,2130.0,2095.0,2099.0,575896,1212216182
2017/01/11 12:00,2110.0,2138.0,2090.0,2120.0,920965,1942443854
2017/01/14 12:00,2138.0,2198.0,2128.0,2165.0,928096,2019057028
2017/01/15 12:00,2193.0,2193.0,2125.0,2166.0,611860,1317658419
2017/01/16 12:00,2136.0,2175.0,2116.0,2140.0,1179368,2511175072
2017/01/17 12:00,2121.0,2196.0,2121.0,2196.0,1353342,2911582032
2017/01/18 12:00,2161.0,2200.0,2151.0,2170.0,738201,1612045440
2017/01/21 12:00,2172.0,2198.0,2120.0,2141.0,373267,800601689
2017/01/22 12:00,2141.0,2187.0,2120.0,2152.0,859108,1850447130
2017/01/23 12:00,2174.0,2200.0,2130.0,2140.0,1140806,2478143813
2017/01/24 12:00,2140.0,2170.0,2140.0,2150.0,1224966,2633056040
2017/01/25 12:00,2152.0,2164.0,2131.0,2140.0,1564828,3359760093
2017/01/28 12:00,2169.0,2200.0,2119.0,2120.0,1952769,4184913037
2017/01/29 12:00,2132.0,2195.0,2132.0,2170.0,1269886,2763501686
2017/01/30 12:00,2177.0,2284.0,2177.0,2284.0,3259825,7364936041
2017/01/31 12:00,2371.0,2371.0,2200.0,2260.0,7911441,18457724638
2017/02/01 12:00,2269.0,2275.0,2217.0,2217.0,1643308,3655013471
2017/02/04 12:00,2170.0,2190.0,2130.0,2130.0,601322,1289131835
2017/02/05 12:00,2149.0,2156.0,2120.0,2133.0,1088253,2320022666
2017/02/06 12:00,2134.0,2186.0,2134.0,2173.0,754687,1626523204
2017/02/07 12:00,2180.0,2184.0,2150.0,2150.0,722482,1567348718
2017/02/08 12:00,2125.0,2210.0,2125.0,2161.0,912936,1984137433
2017/02/11 12:00,2175.0,2187.0,2136.0,2155.0,436805,942358497
2017/02/12 12:00,2170.0,2185.0,2132.0,2132.0,2028505,4358268005
2017/02/13 12:00,2169.0,2180.0,2138.0,2140.0,910452,1954307582
2017/02/14 12:00,2173.0,2173.0,2137.0,2147.0,452723,972032231
2017/02/15 12:00,2136.0,2230.0,2134.0,2170.0,1483103,3253470920
2017/02/22 12:00,2130.0,2130.0,2070.0,2079.0,1642693,3455254443
2017/02/25 12:00,2100.0,2135.0,2032.0,2075.0,1888283,3910088448
2017/02/26 12:00,2099.0,2153.0,2050.0,2100.0,3073474,6510025384
2017/02/27 12:00,2091.0,2123.0,2080.0,2099.0,924712,1941126772
2017/02/28 12:00,2114.0,2150.0,2080.0,2084.0,1832653,3862668867
2017/03/01 12:00,2080.0,2119.0,2060.0,2090.0,1369449,2843721905
2017/03/04 12:00,2110.0,2147.0,2080.0,2113.0,887440,1881221756
2017/03/05 12:00,2071.0,2200.0,2071.0,2125.0,4409665,9498644309
2017/03/06 12:00,2126.0,2168.0,2101.0,2110.0,707417,1514552833
2017/03/07 12:00,2147.0,2157.0,2063.0,2080.0,1141961,2388564550
2017/03/08 12:00,2068.0,2120.0,2040.0,2077.0,1183175,2457114427
2017/03/11 12:00,2057.0,2099.0,2005.0,2028.0,1080503,2196528708
2017/03/12 12:00,2042.0,2090.0,2030.0,2046.0,1700538,3496220217
2017/03/13 12:00,2080.0,2080.0,2037.0,2052.0,1115549,2286015602
2017/03/14 12:00,2050.0,2100.0,2050.0,2065.0,528148,1091998113
2017/03/15 12:00,2067.0,2122.0,2067.0,2075.0,907908,1896098915
2017/03/18 12:00,2112.0,2149.0,2085.0,2113.0,967766,2046349822
2017/03/25 12:00,2121.0,2171.0,2121.0,2139.0,889788,1912211595
2017/03/26 12:00,2155.0,2180.0,2136.0,2140.0,436811,939591823
2017/03/27 12:00,2137.0,2180.0,2133.0,2150.0,916207,1978582316
2017/03/28 12:00,2150.0,2167.0,2130.0,2136.0,1231867,2648180920
2017/03/29 12:00,2130.0,2148.0,2130.0,2130.0,383574,818675336
2017/04/03 12:00,2131.0,2155.0,2131.0,2142.0,814616,1745848469
2017/04/04 12:00,2140.0,2177.0,2130.0,2131.0,2037892,4387590924
2017/04/05 12:00,2140.0,2239.0,2135.0,2236.0,2345114,5100707573
2017/04/08 12:00,2230.0,2283.0,2230.0,2283.0,4125623,9402318205
2017/04/09 12:00,2319.0,2350.0,2260.0,2300.0,3098605,7131853873
2017/04/10 12:00,2360.0,2379.0,2281.0,2305.0,4596606,10701965513
2017/04/12 12:00,2291.0,2313.0,2222.0,2230.0,1902442,4289600953
2017/04/15 12:00,2288.0,2360.0,2250.0,2290.0,3306485,7705148921
2017/04/16 12:00,2280.0,2310.0,2243.0,2253.0,1267236,2871022756
2017/04/17 12:00,2243.0,2278.0,2207.0,2240.0,2587797,5808702624
2017/04/18 12:00,2214.0,2310.0,2214.0,2284.0,2651940,6063250766
2017/04/19 12:00,2300.0,2378.0,2300.0,2335.0,2507952,5862333936
2017/04/22 12:00,2341.0,2450.0,2340.0,2370.0,4649227,11170565422
2017/04/23 12:00,2435.0,2435.0,2301.0,2337.0,3411894,8035127555
2017/04/24 12:00,2355.0,2355.0,2276.0,2300.0,1246009,2861087518
2017/04/26 12:00,2328.0,2348.0,2267.0,2300.0,1421128,3266485820
2017/04/29 12:00,2295.0,2295.0,2250.0,2260.0,2216564,5012204114
2017/05/02 12:00,2344.0,2344.0,2265.0,2276.0,1156626,2656990198
2017/05/03 12:00,2260.0,2263.0,2228.0,2233.0,2232144,5008514480
2017/05/06 12:00,2220.0,2222.0,2151.0,2181.0,1909514,4181157526
2017/05/07 12:00,2150.0,2169.0,2127.0,2136.0,3976892,8512559659
2017/05/21 12:00,2000.0,2040.0,1985.0,2021.0,2239987,4493876890
2017/05/22 12:00,2020.0,2106.0,2020.0,2106.0,3681587,7712462284
2017/05/23 12:00,2145.0,2177.0,2130.0,2160.0,2404520,5182813994
2017/05/24 12:00,2155.0,2200.0,2150.0,2190.0,3332768,7256801589
2017/05/27 12:00,2165.0,2192.0,2121.0,2130.0,1368423,2942504896
2017/05/28 12:00,2121.0,2122.0,2080.0,2094.0,1171763,2462059752
2017/05/29 12:00,2121.0,2121.0,2070.0,2070.0,747264,1560722229
2017/05/30 12:00,2070.0,2124.0,2070.0,2124.0,420918,881625181
2017/05/31 12:00,2096.0,2131.0,2072.0,2077.0,731565,1523937820
2017/06/03 12:00,2120.0,2140.0,2075.0,2093.0,1339722,2827188425
2017/06/06 12:00,2090.0,2095.0,2074.0,2074.0,136160,283351511
2017/06/07 12:00,2090.0,2090.0,1991.0,2003.0,1262342,2544188227
2017/06/10 12:00,2080.0,2080.0,2020.0,2030.0,474934,965591178
2017/06/11 12:00,2060.0,2060.0,1985.0,1995.0,691439,1385037963
2017/06/12 12:00,2000.0,2010.0,1970.0,1970.0,365140,726745780
2017/06/13 12:00,1961.0,2028.0,1960.0,1972.0,526372,1045651209
2017/06/14 12:00,2029.0,2080.0,1996.0,2030.0,958840,1932294445
2017/06/17 12:00,2005.0,2015.0,1970.0,1978.0,418745,831491611
2017/06/18 12:00,1975.0,1975.0,1910.0,1910.0,613427,1187006158
2017/06/19 12:00,1910.0,1950.0,1900.0,1902.0,731592,1404129702
2017/06/20 12:00,1950.0,1999.0,1914.0,1970.0,2446583,4781492421
2017/06/21 12:00,1992.0,1992.0,1930.0,1945.0,207124,403906192
2017/06/24 12:00,1960.0,1980.0,1929.0,1940.0,608551,1179899463
2017/06/25 12:00,1931.0,1978.0,1926.0,1978.0,625337,1215555344
2017/06/28 12:00,1977.0,2041.0,1970.0,2036.0,1499779,2991875286
2017/07/01 12:00,2045.0,2045.0,1960.0,1980.0,747903,1495138858
2017/07/02 12:00,1980.0,2039.0,1967.0,2027.0,1023959,2058054466
2017/07/03 12:00,2037.0,2037.0,1981.0,1982.0,835516,1676343700
2017/07/04 12:00,1980.0,2010.0,1980.0,1980.0,351883,698441893
2017/07/05 12:00,1970.0,2084.0,1970.0,2084.0,2393035,4933749056
2017/07/08 12:00,2106.0,2150.0,2033.0,2117.0,1306444,2757186267
2017/07/09 12:00,2138.0,2153.0,2070.0,2074.0,751808,1586222526
2017/07/10 12:00,2082.0,2150.0,2070.0,2090.0,1869233,3971080999
2017/07/11 12:00,2080.0,2150.0,2070.0,2138.0,1356201,2888552108
2017/07/12 12:00,2140.0,2140.0,2101.0,2101.0,310301,654884874
2017/07/15 12:00,2101.0,2127.0,2082.0,2082.0,813018,1702567019
2017/07/16 12:00,2075.0,2080.0,2024.0,2047.0,1263453,2587294849
2017/07/17 12:00,2032.0,2094.0,2032.0,2070.0,594534,1229813259
2017/07/18 12:00,2051.0,2088.0,2051.0,2057.0,396972,819461702
2017/07/19 12:00,2094.0,2167.0,2094.0,2167.0,5414051,11603263449
2017/07/22 12:00,2193.0,2220.0,2167.0,2203.0,2399686,5263674924
2017/07/23 12:00,2188.0,2302.0,2175.0,2302.0,11266716,25796465644
2017/07/24 12:00,2340.0,2377.0,2303.0,2307.0,3099618,7254335939
2017/07/25 12:00,2300.0,2300.0,2230.0,2230.0,1120676,2537280358
2017/07/26 12:00,2264.0,2310.0,2205.0,2221.0,1059703,2386385104
2017/07/29 12:00,2180.0,2245.0,2150.0,2185.0,995139,2182787033
2017/07/30 12:00,2200.0,2250.0,2151.0,2194.0,903225,1990522154
2017/07/31 12:00,2209.0,2239.0,2192.0,2219.0,604785,1339864677
2017/08/01 12:00,2237.0,2247.0,2172.0,2172.0,702071,1551251356
2017/08/02 12:00,2160.0,2216.0,2152.0,2174.0,369791,806188651
2017/08/06 12:00,2215.0,2276.0,2211.0,2211.0,1019345,2283969238
2017/08/07 12:00,2225.0,2225.0,2160.0,2174.0,804187,1765808162
2017/08/08 12:00,2201.0,2222.0,2173.0,2175.0,277691,609907935
2017/08/09 12:00,2180.0,2180.0,2160.0,2162.0,337203,731238427
2017/08/12 12:00,2170.0,2170.0,2095.0,2106.0,1791659,3816505418
2017/08/13 12:00,2101.0,2142.0,2090.0,2091.0,668256,1405392270
2017/08/14 12:00,2090.0,2090.0,2060.0,2061.0,277671,575857733
2017/08/15 12:00,2065.0,2100.0,2052.0,2052.0,540550,1112422429
2017/08/16 12:00,2052.0,2145.0,2050.0,2145.0,492592,1024180990
2017/08/19 12:00,2081.0,2170.0,2081.0,2140.0,357178,765700406
2017/08/20 12:00,2102.0,2170.0,2102.0,2140.0,574309,1214044803
2017/08/21 12:00,2131.0,2165.0,2120.0,2126.0,324125,690760565
2017/08/22 12:00,2157.0,2185.0,2091.0,2094.0,896334,1932210828
2017/08/23 12:00,2159.0,2159.0,2100.0,2135.0,156542,331831044
2017/08/26 12:00,2081.0,2149.0,2081.0,2130.0,293253,623804903
2017/08/27 12:00,2093.0,2130.0,2083.0,2083.0,598704,1251409694
2017/08/28 12:00,2100.0,2130.0,2050.0,2085.0,536467,1115565510
2017/08/29 12:00,2086.0,2100.0,2070.0,2100.0,822042,1711732651
2017/08/30 12:00,2105.0,2126.0,2081.0,2089.0,998931,2098928237
2017/09/02 12:00,2081.0,2121.0,2080.0,2109.0,327008,687354798
2017/09/03 12:00,2105.0,2109.0,2091.0,2091.0,402432,845184971
2017/09/04 12:00,2091.0,2091.0,2075.0,2076.0,159987,332595450
2017/09/05 12:00,2080.0,2117.0,2070.0,2082.0,1385205,2893070103
2017/09/06 12:00,2101.0,2117.0,2089.0,2106.0,1455651,3056881128
2017/09/10 12:00,2086.0,2105.0,2070.0,2100.0,853865,1772001076
2017/09/11 12:00,2110.0,2110.0,2073.0,2080.0,244113,507553077
2017/09/12 12:00,2081.0,2100.0,2081.0,2100.0,435725,910039970
2017/09/13 12:00,2091.0,2102.0,2080.0,2095.0,863567,1807909288
2017/09/16 12:00,2100.0,2135.0,2097.0,2131.0,548081,1156163660
2017/09/17 12:00,2150.0,2180.0,2110.0,2110.0,738756,1562987420
2017/09/18 12:00,2120.0,2153.0,2119.0,2140.0,603862,1289518211
2017/09/19 12:00,2145.0,2201.0,2135.0,2201.0,1256908,2749127886
2017/09/20 12:00,2240.0,2254.0,2200.0,2230.0,1328548,2973889099
2017/09/23 12:00,2212.0,2250.0,2173.0,2190.0,783958,1728018952
2017/09/24 12:00,2203.0,2221.0,2147.0,2176.0,238519,520441904
2017/09/25 12:00,2150.0,2280.0,2150.0,2262.0,1383872,3104601847
2017/09/26 12:00,2222.0,2267.0,2201.0,2201.0,453105,1013101796
2017/09/27 12:00,2230.0,2251.0,2186.0,2239.0,879555,1950639652
2017/10/02 12:00,2239.0,2239.0,2150.0,2150.0,479501,1046545371
2017/10/03 12:00,2150.0,2178.0,2124.0,2178.0,537860,1149621730
2017/10/04 12:00,2180.0,2189.0,2103.0,2169.0,525053,1130183510
2017/10/07 12:00,2160.0,2160.0,2107.0,2108.0,160739,341416001
2017/10/08 12:00,2125.0,2197.0,2060.0,2080.0,2139435,4522714048
2017/10/09 12:00,2111.0,2219.0,2111.0,2208.0,2415987,5300828827
2017/10/10 12:00,2230.0,2230.0,2160.0,2160.0,588092,1291596973
2017/10/11 12:00,2210.0,2210.0,2087.0,2087.0,2282257,4835935339
2017/10/14 12:00,2082.0,2144.0,2082.0,2100.0,1298680,2734071288
2017/10/15 12:00,2083.0,2170.0,2083.0,2144.0,368122,787171039
2017/10/16 12:00,2120.0,2170.0,2110.0,2120.0,353122,752659811
2017/10/17 12:00,2167.0,2167.0,2100.0,2101.0,271744,574481091
2017/10/18 12:00,2085.0,2120.0,2025.0,2079.0,643429,1331909199
2017/10/21 12:00,2035.0,2103.0,2035.0,2050.0,665193,1373823127
2017/10/22 12:00,2070.0,2093.0,1985.0,2000.0,2793967,5598977985
2017/10/23 12:00,2000.0,2020.0,1980.0,2010.0,929723,1856991719
2017/10/24 12:00,2000.0,2003.0,1918.0,1952.0,509415,1000405508
2017/10/25 12:00,1945.0,1957.0,1916.0,1922.0,1973612,3805958758
2017/10/28 12:00,1940.0,2000.0,1910.0,1971.0,1000577,1977581389
2017/10/29 12:00,1996.0,1996.0,1940.0,1982.0,350469,688474865
2017/10/30 12:00,1952.0,1989.0,1951.0,1956.0,543522,1067365931
2017/10/31 12:00,2009.0,2009.0,1902.0,1964.0,1022968,1992394638
2017/11/01 12:00,1990.0,1995.0,1917.0,1950.0,468822,913953389
2017/11/04 12:00,1950.0,1987.0,1921.0,1921.0,245896,479010365
2017/11/05 12:00,1919.0,1972.0,1919.0,1939.0,326394,629450451
2017/11/06 12:00,1939.0,1941.0,1922.0,1935.0,318831,615940193
2017/11/07 12:00,1935.0,1935.0,1900.0,1918.0,643894,1230635625
2017/11/08 12:00,1910.0,1940.0,1910.0,1920.0,251739,483487955
2017/11/11 12:00,1920.0,1930.0,1900.0,1920.0,633496,1210744147
2017/11/12 12:00,1934.0,1934.0,1900.0,1915.0,488673,933184720
2017/11/13 12:00,1905.0,1930.0,1900.0,1925.0,322288,615306653
2017/11/14 12:00,1911.0,1946.0,1908.0,1911.0,303060,581615979
2017/11/15 12:00,1910.0,1940.0,1866.0,1880.0,1439629,2751491756
2017/11/18 12:00,1900.0,1908.0,1880.0,1895.0,421637,799793010
2017/11/20 12:00,1923.0,1924.0,1897.0,1900.0,176289,335344242
2017/11/21 12:00,1900.0,1900.0,1846.0,1850.0,862978,1603907763
2017/11/22 12:00,1860.0,1909.0,1835.0,1849.0,4080887,7628800778
2017/11/25 12:00,1850.0,1899.0,1845.0,1850.0,2464525,4566540887
2017/11/26 12:00,1850.0,1945.0,1846.0,1945.0,26764359,50533527701
2017/11/28 12:00,1977.0,1982.0,1955.0,1982.0,13752862,27223789195
2017/11/29 12:00,2020.0,2020.0,1890.0,1890.0,1979842,3803241236
2017/12/02 12:00,1900.0,1974.0,1870.0,1912.0,1302900,2511547024
2017/12/03 12:00,1930.0,1930.0,1885.0,1895.0,758698,1436907747
2017/12/04 12:00,1885.0,1950.0,1885.0,1898.0,1223082,2332952788
2017/12/05 12:00,1872.0,1907.0,1855.0,1860.0,1825356,3417007826
2017/12/09 12:00,1861.0,1899.0,1845.0,1847.0,2180899,4050385331
2017/12/10 12:00,1882.0,1882.0,1801.0,1836.0,2781112,5090312116
2017/12/11 12:00,1831.0,1860.0,1801.0,1830.0,3557818,6474085753
2017/12/12 12:00,1868.0,1868.0,1821.0,1840.0,1379282,2548975999
2017/12/13 12:00,1868.0,1877.0,1848.0,1860.0,2447171,4551433913
2017/12/16 12:00,1880.0,1910.0,1850.0,1856.0,1559967,2921372229
2017/12/17 12:00,1851.0,1860.0,1847.0,1850.0,3256668,6031374545
2017/12/18 12:00,1864.0,1866.0,1820.0,1841.0,3623112,6663927166
2017/12/19 12:00,1824.0,1888.0,1824.0,1864.0,12221079,22647066455
2017/12/20 12:00,1861.0,1937.0,1838.0,1883.0,12896681,24843344539
2017/12/23 12:00,1934.0,1934.0,1885.0,1886.0,644038,1218233761
2017/12/24 12:00,1910.0,1910.0,1830.0,1846.0,2076623,3851884046
2017/12/25 12:00,1852.0,1878.0,1833.0,1840.0,1383127,2560515538
2017/12/26 12:00,1850.0,1858.0,1831.0,1848.0,1188723,2195952806
2017/12/27 12:00,1840.0,1885.0,1832.0,1873.0,1485604,2770281517
2017/12/30 12:00,1875.0,1898.0,1840.0,1874.0,2020180,3766974409
2017/12/31 12:00,1849.0,1849.0,1772.0,1773.0,4877602,8678322046
2018/01/01 12:00,1773.0,1827.0,1773.0,1795.0,1454368,2618771274
2018/01/02 12:00,1800.0,1830.0,1711.0,1740.0,982333,1724792870
2018/01/03 12:00,1759.0,1774.0,1724.0,1740.0,5658664,9997324613
2018/01/06 12:00,1769.0,1839.0,1767.0,1800.0,6138360,11252156208
2018/01/07 12:00,1800.0,1863.0,1797.0,1830.0,1782330,3249290755
2018/01/08 12:00,1850.0,1854.0,1800.0,1818.0,531259,966702490
2018/01/09 12:00,1791.0,1800.0,1750.0,1756.0,922128,1627500005
2018/01/10 12:00,1735.0,1790.0,1735.0,1788.0,312986,553685158
2018/01/13 12:00,1809.0,1817.0,1786.0,1795.0,217132,391221582
2018/01/14 12:00,1790.0,1790.0,1761.0,1771.0,698710,1239562093
2018/01/15 12:00,1819.0,1819.0,1686.0,1742.0,26926563,46331521191
2018/01/16 12:00,1770.0,1796.0,1716.0,1720.0,5906476,10365243409
2018/01/17 12:00,1766.0,1766.0,1716.0,1721.0,2320988,3998448440
2018/01/20 12:00,1730.0,1752.0,1710.0,1720.0,3081418,5352622138
2018/01/21 12:00,1749.0,1749.0,1670.0,1697.0,1886339,3192309547
2018/01/22 12:00,1729.0,1734.0,1690.0,1700.0,1223108,2086680263
2018/01/23 12:00,1734.0,1748.0,1690.0,1746.0,6932280,11930189726
2018/01/24 12:00,1750.0,1770.0,1711.0,1711.0,1235397,2153892300
2018/01/27 12:00,1710.0,1750.0,1698.0,1698.0,1062621,1812687409
2018/01/28 12:00,1740.0,1740.0,1691.0,1699.0,637469,1086944013
2018/01/29 12:00,1691.0,1691.0,1670.0,1670.0,1198932,2009061547
2018/01/30 12:00,1700.0,1700.0,1639.0,1640.0,1166934,1923086283
2018/01/31 12:00,1641.0,1664.0,1623.0,1650.0,1361540,2237102128
2018/02/03 12:00,1670.0,1675.0,1650.0,1672.0,1229553,2046468303
2018/02/04 12:00,1679.0,1715.0,1665.0,1700.0,1991039,3374219122
2018/02/05 12:00,1709.0,1713.0,1672.0,1680.0,822108,1390722054
2018/02/06 12:00,1678.0,1678.0,1631.0,1650.0,1194178,1967119474
2018/02/07 12:00,1626.0,1677.0,1620.0,1622.0,1803978,2948581857
2018/02/10 12:00,1670.0,1670.0,1630.0,1631.0,567188,927586486
2018/02/12 12:00,1663.0,1665.0,1632.0,1640.0,987120,1623889464
2018/02/13 12:00,1651.0,1665.0,1629.0,1641.0,1114390,1829824317
2018/02/14 12:00,1648.0,1724.0,1633.0,1724.0,4152936,7044727792
2018/02/17 12:00,1749.0,1749.0,1656.0,1660.0,2481752,4238556096
2018/02/18 12:00,1660.0,1697.0,1652.0,1675.0,1026260,1721128846
2018/02/19 12:00,1657.0,1689.0,1599.0,1631.0,1522924,2481194510
2018/02/21 12:00,1659.0,1659.0,1620.0,1638.0,466682,763914449
2018/02/24 12:00,1622.0,1648.0,1599.0,1600.0,2112819,3413752601
2018/02/25 12:00,1590.0,1620.0,1581.0,1590.0,699443,1116410257
2018/02/26 12:00,1580.0,1621.0,1565.0,1598.0,988978,1579886930
2018/02/27 12:00,1617.0,1617.0,1571.0,1574.0,940347,1490811162
2018/02/28 12:00,1600.0,1600.0,1550.0,1570.0,1340435,2098092744
2018/03/03 12:00,1580.0,1580.0,1522.0,1537.0,1321538,2036089834
2018/03/04 12:00,1540.0,1589.0,1530.0,1534.0,876235,1369229969
2018/03/05 12:00,1526.0,1553.0,1471.0,1525.0,583743,885374331
2018/03/06 12:00,1521.0,1592.0,1521.0,1592.0,7615918,12107437851
2018/03/07 12:00,1553.0,1599.0,1541.0,1590.0,797351,1264970476
2018/03/10 12:00,1600.0,1616.0,1550.0,1551.0,634947,988173812
2018/03/11 12:00,1597.0,1633.0,1593.0,1633.0,5316092,8661481061
2018/03/12 12:00,1630.0,1710.0,1630.0,1710.0,5669504,9659187240
2018/03/13 12:00,1728.0,1740.0,1651.0,1691.0,3681622,6279908772
2018/03/14 12:00,1735.0,1744.0,1652.0,1653.0,1732799,2967994290
2018/03/17 12:00,1651.0,1699.0,1628.0,1634.0,2648370,4321533634
2018/03/18 12:00,1630.0,1675.0,1630.0,1647.0,578169,959459405
2018/03/19 12:00,1655.0,1710.0,1655.0,1709.0,580422,982472438
2018/03/25 12:00,1709.0,1777.0,1690.0,1721.0,1902695,3309395061
2018/03/26 12:00,1701.0,1729.0,1658.0,1689.0,761573,1277359374
2018/03/27 12:00,1717.0,1717.0,1650.0,1679.0,498647,836554021
2018/03/28 12:00,1700.0,1760.0,1697.0,1733.0,1626743,2827699604
2018/04/03 12:00,1720.0,1774.0,1711.0,1749.0,2157497,3778232580
2018/04/04 12:00,1739.0,1820.0,1730.0,1790.0,4244824,7619635835
2018/04/07 12:00,1795.0,1795.0,1725.0,1733.0,746242,1311076016
2018/04/08 12:00,1710.0,1750.0,1670.0,1670.0,1073927,1810963143
2018/04/09 12:00,1617.0,1670.0,1602.0,1602.0,2271140,3648223103
2018/04/10 12:00,1561.0,1670.0,1561.0,1620.0,1085589,1742807286
2018/04/11 12:00,1643.0,1643.0,1527.0,1535.0,946765,1461486594
2018/04/15 12:00,1616.0,1616.0,1531.0,1537.0,256115,397297620
2018/04/16 12:00,1529.0,1568.0,1500.0,1568.0,589841,896061532
2018/04/17 12:00,1566.0,1566.0,1500.0,1526.0,1094268,1657578394
2018/04/18 12:00,1510.0,1557.0,1480.0,1527.0,1582329,2376177317
2018/04/21 12:00,1550.0,1577.0,1540.0,1577.0,986377,1550607377
2018/04/22 12:00,1600.0,1650.0,1556.0,1599.0,2411473,3926533885
2018/04/23 12:00,1580.0,1622.0,1558.0,1580.0,1258657,2016467180
2018/04/24 12:00,1571.0,1620.0,1550.0,1597.0,1384606,2192502251
2018/04/25 12:00,1599.0,1599.0,1550.0,1550.0,395197,619017837
2018/04/28 12:00,1580.0,1585.0,1500.0,1524.0,402517,610724490
2018/04/29 12:00,1501.0,1550.0,1490.0,1527.0,1417162,2136449210
2018/04/30 12:00,1566.0,1566.0,1509.0,1554.0,180924,279297681
2018/05/01 12:00,1544.0,1569.0,1500.0,1500.0,848026,1281536032
2018/05/05 12:00,1491.0,1520.0,1491.0,1497.0,57063,85911075
2018/05/08 12:00,1540.0,1540.0,1500.0,1502.0,904049,1368517667
2018/05/16 12:00,1364.0,1432.0,1364.0,1432.0,4275111,6118999492
2018/05/19 12:00,1450.0,1502.0,1450.0,1502.0,7478928,11223508671
2018/05/20 12:00,1538.0,1576.0,1529.0,1550.0,5485459,8563425643
2018/05/21 12:00,1552.0,1559.0,1502.0,1511.0,1316071,2012966599
2018/05/22 12:00,1500.0,1538.0,1482.0,1490.0,937043,1420340064
2018/05/23 12:00,1502.0,1502.0,1470.0,1489.0,1108903,1639859824
2018/05/26 12:00,1500.0,1525.0,1460.0,1460.0,2334590,3495299574
2018/05/27 12:00,1473.0,1514.0,1471.0,1472.0,5911934,8858141428
2018/05/28 12:00,1499.0,1499.0,1465.0,1466.0,3466942,5183704640
2018/05/29 12:00,1490.0,1497.0,1450.0,1450.0,3128343,4667840588
2018/05/30 12:00,1450.0,1492.0,1419.0,1425.0,4930609,7250673824
2018/06/02 12:00,1455.0,1540.0,1455.0,1514.0,4105856,6170396416
2018/06/03 12:00,1503.0,1535.0,1491.0,1514.0,1124869,1694345233
2018/06/09 12:00,1510.0,1518.0,1479.0,1500.0,7469588,11202845020
2018/06/10 12:00,1500.0,1540.0,1480.0,1536.0,3029486,4574580197
2018/06/11 12:00,1500.0,1571.0,1500.0,1523.0,3262225,5045835384
2018/06/12 12:00,1547.0,1548.0,1470.0,1471.0,3226324,4828514225
2018/06/13 12:00,1463.0,1567.0,1463.0,1532.0,5214879,8018413258
2018/06/17 12:00,1560.0,1614.0,1559.0,1600.0,5942443,9519655994
2018/06/18 12:00,1657.0,1657.0,1544.0,1544.0,2176671,3480182308
2018/06/19 12:00,1532.0,1568.0,1532.0,1555.0,2685935,4155521156
2018/06/20 12:00,1533.0,1597.0,1525.0,1527.0,3285438,5104022031
2018/06/23 12:00,1540.0,1581.0,1531.0,1531.0,1772794,2747289565
2018/06/24 12:00,1567.0,1627.0,1552.0,1627.0,8963258,14421692843
2018/06/25 12:00,1660.0,1689.0,1622.0,1669.0,4261990,7148991988
2018/06/26 12:00,1665.0,1665.0,1594.0,1594.0,3121799,4983625038
2018/06/27 12:00,1594.0,1630.0,1521.0,1522.0,1331424,2054650605
2018/06/30 12:00,1530.0,1589.0,1520.0,1534.0,1098224,1689387826
2018/07/01 12:00,1535.0,1549.0,1463.0,1470.0,1828256,2709199097
2018/07/02 12:00,1499.0,1520.0,1465.0,1490.0,550393,823563572
2018/07/03 12:00,1474.0,1537.0,1474.0,1515.0,4256460,6400725807
2018/07/04 12:00,1475.0,1526.0,1429.0,1458.0,4401677,6409960587
2018/07/07 12:00,1497.0,1497.0,1430.0,1440.0,3156978,4570484110
2018/07/08 12:00,1430.0,1450.0,1410.0,1430.0,1609999,2287536235
2018/07/10 12:00,1421.0,1430.0,1385.0,1389.0,2027934,2830315869
2018/07/11 12:00,1400.0,1418.0,1360.0,1370.0,2524579,3484707927
2018/07/14 12:00,1438.0,1438.0,1399.0,1400.0,906665,1274313907
2018/07/15 12:00,1400.0,1439.0,1390.0,1415.0,927980,1300839054
2018/07/16 12:00,1414.0,1414.0,1360.0,1370.0,1149413,1575510473
2018/07/17 12:00,1373.0,1388.0,1350.0,1367.0,810042,1111187529
2018/07/18 12:00,1368.0,1389.0,1340.0,1340.0,1437204,1952799853
2018/07/21 12:00,1410.0,1410.0,1361.0,1381.0,2143670,2948555383
2018/07/22 12:00,1411.0,1418.0,1366.0,1370.0,1536668,2133444533
2018/07/23 12:00,1355.0,1368.0,1330.0,1345.0,1696760,2279279297
2018/07/24 12:00,1365.0,1365.0,1330.0,1330.0,472521,636072207
2018/07/25 12:00,1338.0,1368.0,1335.0,1360.0,872102,1175203040
2018/07/28 12:00,1382.0,1396.0,1335.0,1340.0,1484533,2012250048
2018/07/29 12:00,1342.0,1365.0,1335.0,1335.0,1326840,1784335031
2018/07/30 12:00,1335.0,1360.0,1290.0,1306.0,2781490,3663853163
2018/07/31 12:00,1302.0,1382.0,1301.0,1382.0,3374866,4643406887
2018/08/01 12:00,1430.0,1430.0,1338.0,1338.0,2214957,3038448747
2018/08/04 12:00,1385.0,1385.0,1332.0,1345.0,970653,1302513873
2018/08/05 12:00,1365.0,1375.0,1321.0,1352.0,1480849,1996821201
2018/08/06 12:00,1369.0,1375.0,1304.0,1317.0,2238753,2987436674
2018/08/07 12:00,1362.0,1362.0,1302.0,1318.0,2042417,2676306527
2018/08/08 12:00,1310.0,1344.0,1301.0,1329.0,992848,1307395608
2018/08/11 12:00,1360.0,1360.0,1319.0,1340.0,2381633,3171194783
2018/08/12 12:00,1358.0,1368.0,1350.0,1364.0,1331885,1806012804
2018/08/13 12:00,1359.0,1423.0,1359.0,1422.0,3227912,4523155363
2018/08/14 12:00,1429.0,1449.0,1377.0,1413.0,1595308,2263025232
2018/08/15 12:00,1414.0,1425.0,1374.0,1390.0,1669879,2335948297
2018/08/18 12:00,1381.0,1440.0,1381.0,1391.0,1809889,2559445789
2018/08/19 12:00,1427.0,1478.0,1392.0,1398.0,3837025,5460476903
2018/08/20 12:00,1415.0,1428.0,1381.0,1390.0,2796631,3910028326
2018/08/21 12:00,1395.0,1422.0,1385.0,1419.0,3548743,4952516142
2018/08/25 12:00,1442.0,1465.0,1442.0,1465.0,3440888,5032383339
2018/08/26 12:00,1520.0,1521.0,1480.0,1496.0,5261331,7917807016
2018/08/27 12:00,1526.0,1529.0,1470.0,1470.0,3486436,5226369010
2018/08/28 12:00,1507.0,1573.0,1507.0,1573.0,11376932,17806791537
2018/08/29 12:00,1639.0,1643.0,1585.0,1643.0,13634572,22316515883
2018/09/01 12:00,1690.0,1690.0,1580.0,1595.0,5529020,9026100474
2018/09/02 12:00,1637.0,1637.0,1551.0,1551.0,5597899,8770451597
2018/09/03 12:00,1625.0,1645.0,1575.0,1645.0,10683293,17489335972
2018/09/04 12:00,1660.0,1668.0,1604.0,1616.0,4163928,6806655402
2018/09/05 12:00,1631.0,1651.0,1601.0,1610.0,4227141,6861039187
2018/09/08 12:00,1645.0,1704.0,1601.0,1704.0,7565453,12806881160
2018/09/09 12:00,1713.0,1768.0,1713.0,1720.0,7090894,12326486808
2018/09/10 12:00,1739.0,1824.0,1701.0,1790.0,8434336,15065307035
2018/09/11 12:00,1819.0,1838.0,1740.0,1810.0,3511852,6271003614
2018/09/12 12:00,1790.0,1875.0,1790.0,1860.0,6896241,12832767128
2018/09/15 12:00,1882.0,1935.0,1820.0,1839.0,5497432,10419120190
2018/09/16 12:00,1877.0,1877.0,1801.0,1832.0,5840254,10613963343
2018/09/17 12:00,1831.0,1907.0,1831.0,1907.0,5391331,10253220274
2018/09/18 12:00,1948.0,1997.0,1947.0,1997.0,8896830,17756567184
2018/09/22 12:00,2095.0,2095.0,2095.0,2095.0,623752,1306760440
2018/09/23 12:00,2199.0,2199.0,2137.0,2199.0,13885384,30460836992
2018/09/25 12:00,2303.0,2418.0,2303.0,2418.0,5161653,12447695397
2018/10/01 12:00,2531.0,2657.0,2450.0,2499.0,12162435,31550774652
2018/10/02 12:00,2465.0,2465.0,2465.0,2465.0,939022,2314689230
2018/10/03 12:00,2342.0,2342.0,2342.0,2342.0,430322,1007814124
2018/10/06 12:00,2225.0,2400.0,2225.0,2225.0,6807993,15279153107
2018/10/07 12:00,2132.0,2132.0,2132.0,2132.0,353709,754107588
2018/10/08 12:00,2026.0,2026.0,2026.0,2026.0,78616,159276016
2018/10/09 12:00,2040.0,2040.0,1938.0,1938.0,3033039,5953149244
2018/10/10 12:00,1865.0,1963.0,1865.0,1865.0,13433592,25082001623
2018/10/13 12:00,1810.0,1905.0,1774.0,1774.0,1974082,3630223780
2018/10/14 12:00,1748.0,1774.0,1748.0,1748.0,8640487,15105629098
2018/10/15 12:00,1741.0,1835.0,1741.0,1835.0,2302674,4192895604
2018/10/16 12:00,1912.0,1912.0,1835.0,1900.0,5750308,10945898731
2018/10/17 12:00,1840.0,1878.0,1809.0,1845.0,5690466,10377317546
2018/10/20 12:00,1870.0,1915.0,1870.0,1915.0,2759722,5268105298
2018/10/21 12:00,2004.0,2004.0,1912.0,2004.0,9353231,18532466489
2018/10/22 12:00,2070.0,2080.0,2001.0,2080.0,7996910,16494529503
2018/10/23 12:00,2070.0,2070.0,1960.0,1981.0,5890879,11632551732
2018/10/24 12:00,1963.0,1980.0,1877.0,1900.0,3605828,6812165314
2018/10/27 12:00,1810.0,1950.0,1805.0,1949.0,2284016,4280457228
2018/10/28 12:00,1948.0,1948.0,1864.0,1900.0,2370370,4497494756
2018/10/29 12:00,1985.0,1985.0,1896.0,1922.0,6840907,13099530860
2018/10/31 12:00,1930.0,1960.0,1880.0,1885.0,3289128,6280959156
2018/11/03 12:00,1883.0,1899.0,1830.0,1840.0,1401891,2608113803
2018/11/04 12:00,1919.0,1919.0,1786.0,1874.0,2441284,4506529553
2018/11/05 12:00,1880.0,1917.0,1830.0,1869.0,4005013,7394817494
2018/11/06 12:00,1851.0,1899.0,1822.0,1881.0,2459453,4616150905
2018/11/10 12:00,1910.0,1970.0,1884.0,1970.0,3285044,6437832913
2018/11/28 12:00,2101.0,2101.0,1996.0,1996.0,5846940,11956974464
2018/12/01 12:00,1943.0,1946.0,1943.0,1943.0,2031551,3947341593
2018/12/02 12:00,1860.0,1920.0,1852.0,1890.0,9665995,18079749646
2018/12/03 12:00,1880.0,1930.0,1850.0,1854.0,3141283,5956606648
2018/12/04 12:00,1850.0,1912.0,1802.0,1810.0,2669668,4862773613
2018/12/05 12:00,1805.0,1912.0,1802.0,1912.0,7889383,14955175089
2018/12/08 12:00,1990.0,1990.0,1950.0,1990.0,10365321,20625778497
2018/12/09 12:00,2030.0,2050.0,1935.0,2042.0,7026253,14048796227
2018/12/10 12:00,2261.0,2374.0,2177.0,2315.0,38085541,87786252107
2018/12/12 12:00,2260.0,2420.0,2190.0,2420.0,24030671,56098716537
2018/12/15 12:00,2450.0,2450.0,2425.0,2450.0,15429192,37782474371
2018/12/16 12:00,2465.0,2536.0,2332.0,2355.0,10570669,25448063619
2018/12/17 12:00,2329.0,2390.0,2287.0,2310.0,6875263,15817208122
2018/12/18 12:00,2300.0,2329.0,2220.0,2220.0,1882172,4234105288
2018/12/19 12:00,2297.0,2297.0,2190.0,2279.0,2303191,5150146317
2018/12/22 12:00,2201.0,2342.0,2201.0,2313.0,2595384,5942698660
2018/12/23 12:00,2337.0,2400.0,2279.0,2310.0,2952993,6883290328
2018/12/24 12:00,2256.0,2395.0,2256.0,2333.0,1630674,3804714637
2018/12/25 12:00,2333.0,2333.0,2220.0,2242.0,3020084,6770833912
2018/12/26 12:00,2290.0,2290.0,2230.0,2253.0,2564352,5765702660
2018/12/29 12:00,2290.0,2328.0,2241.0,2280.0,2381418,5444176096
2018/12/30 12:00,2256.0,2300.0,2251.0,2251.0,1727732,3926844743
2018/12/31 12:00,2265.0,2299.0,2249.0,2270.0,1924166,4380322930
2019/01/01 12:00,2253.0,2389.0,2250.0,2389.0,5520509,12975308623
2019/01/02 12:00,2322.0,2467.0,2322.0,2400.0,5018116,12163029707
2019/01/05 12:00,2401.0,2467.0,2354.0,2380.0,936049,2241503141
2019/01/06 12:00,2350.0,2397.0,2281.0,2339.0,1155332,2696401415
2019/01/07 12:00,2389.0,2439.0,2300.0,2300.0,3523680,8407142929
2019/01/08 12:00,2394.0,2394.0,2300.0,2315.0,1375385,3200694302
2019/01/09 12:00,2316.0,2399.0,2315.0,2365.0,1653214,3905794011
2019/01/12 12:00,2380.0,2410.0,2349.0,2362.0,2194328,5236360667
2019/01/13 12:00,2366.0,2400.0,2355.0,2394.0,584974,1390075724
2019/01/14 12:00,2400.0,2449.0,2389.0,2417.0,2059347,4993156242
2019/01/15 12:00,2440.0,2546.0,2428.0,2539.0,6927684,17523970435
2019/01/16 12:00,2570.0,2600.0,2450.0,2555.0,3595952,9038785424
2019/01/19 12:00,2599.0,2600.0,2460.0,2490.0,2965014,7499942077
2019/01/20 12:00,2530.0,2530.0,2403.0,2430.0,1878223,4608422130
2019/01/21 12:00,2576.0,2576.0,2422.0,2576.0,16809773,43221477097
2019/01/22 12:00,2630.0,2644.0,2459.0,2544.0,6000610,15232965845
2019/01/23 12:00,2540.0,2665.0,2540.0,2665.0,9912526,26331009080
2019/01/26 12:00,2747.0,2788.0,2711.0,2787.0,10356855,28698678144
2019/01/27 12:00,2800.0,2800.0,2641.0,2721.0,3682246,9945119753
2019/01/28 12:00,2700.0,2760.0,2650.0,2687.0,2139742,5724981351
2019/01/29 12:00,2634.0,2699.0,2570.0,2599.0,3449610,9055294399
2019/01/30 12:00,2668.0,2754.0,2592.0,2687.0,4778165,12839948199
2019/02/02 12:00,2700.0,2821.0,2700.0,2821.0,8158811,22800018042
2019/02/03 12:00,2900.0,2934.0,2680.0,2930.0,5770631,16396438997
2019/02/04 12:00,2969.0,2983.0,2863.0,2983.0,8498335,25189718759
2019/02/05 12:00,3100.0,3100.0,2910.0,2990.0,4780837,14324509689
2019/02/06 12:00,2975.0,2975.0,2847.0,2861.0,7284736,20876430677
2019/02/10 12:00,2870.0,2900.0,2752.0,2890.0,2689728,7557981205
2019/02/12 12:00,2822.0,2950.0,2822.0,2950.0,4976851,14632780503
2019/02/13 12:00,2980.0,3040.0,2820.0,2973.0,4157750,12169900366
2019/02/16 12:00,2920.0,3073.0,2920.0,3040.0,5962969,18194280620
2019/02/17 12:00,2979.0,3070.0,2899.0,2910.0,4932261,14468272898
2019/02/18 12:00,2852.0,2948.0,2840.0,2879.0,3549175,10224369133
2019/02/19 12:00,2823.0,2880.0,2761.0,2777.0,3083065,8629536188
2019/02/20 12:00,2760.0,2848.0,2725.0,2733.0,2386447,6601824438
2019/02/23 12:00,2711.0,2859.0,2690.0,2714.0,4691082,12949480352
2019/02/24 12:00,2722.0,2825.0,2700.0,2799.0,5516186,15364665659
2019/02/25 12:00,2924.0,2924.0,2790.0,2790.0,4774617,13644409186
2019/02/26 12:00,2790.0,2820.0,2732.0,2761.0,1764702,4896988994
2019/02/27 12:00,2753.0,2888.0,2753.0,2800.0,3453643,9740459493
2019/03/02 12:00,2799.0,2800.0,2701.0,2740.0,1547841,4235080665
2019/03/03 12:00,2713.0,2800.0,2688.0,2710.0,1905560,5225431993
2019/03/04 12:00,2706.0,2741.0,2656.0,2700.0,2459086,6641904327
2019/03/05 12:00,2684.0,2690.0,2652.0,2689.0,1523181,4057998816
2019/03/06 12:00,2655.0,2782.0,2655.0,2770.0,3068449,8383580680
2019/03/09 12:00,2767.0,2790.0,2710.0,2772.0,1628876,4505767873
2019/03/10 12:00,2789.0,2793.0,2655.0,2687.0,1983694,5338830770
2019/03/11 12:00,2700.0,2720.0,2622.0,2632.0,2700073,7206028103
2019/03/12 12:00,2645.0,2692.0,2626.0,2650.0,1944380,5142086387
2019/03/13 12:00,2650.0,2650.0,2580.0,2580.0,3991892,10463843741
2019/03/16 12:00,2647.0,2647.0,2551.0,2599.0,3647354,9445244854
2019/03/17 12:00,2606.0,2685.0,2600.0,2667.0,1837407,4860329368
2019/03/18 12:00,2652.0,2750.0,2652.0,2700.0,1781888,4833500038
2019/03/19 12:00,2720.0,2747.0,2691.0,2715.0,2008188,5446118134
2019/03/25 12:00,2740.0,2770.0,2715.0,2770.0,887668,2436299394
2019/03/26 12:00,2777.0,2882.0,2777.0,2840.0,3157121,8995577936
2019/03/27 12:00,2827.0,2878.0,2772.0,2845.0,1850194,5203485936
2019/03/30 12:00,2812.0,2898.0,2812.0,2869.0,1790259,5111091030
2019/03/31 12:00,2845.0,2900.0,2745.0,2776.0,2529789,7086525378
2019/04/06 12:00,2800.0,2840.0,2741.0,2779.0,2494093,6897022673
2019/04/07 12:00,2760.0,2903.0,2760.0,2903.0,9209774,26689950190
2019/04/08 12:00,2920.0,2965.0,2843.0,2899.0,2759507,8030070168
2019/04/09 12:00,2929.0,2929.0,2843.0,2869.0,3568093,10268565616
2019/04/10 12:00,2915.0,2920.0,2841.0,2870.0,7034456,20276470883
2019/04/13 12:00,2900.0,2929.0,2852.0,2860.0,3420097,9857572988
2019/04/14 12:00,2854.0,2917.0,2843.0,2900.0,3922148,11318983497
2019/04/15 12:00,2908.0,3030.0,2908.0,2981.0,8049581,24225107214
2019/04/16 12:00,3010.0,3159.0,3000.0,3110.0,14135830,44187460342
2019/04/17 12:00,3100.0,3282.0,3000.0,3282.0,9367886,30396484464
2019/04/20 12:00,3398.0,3407.0,3350.0,3407.0,7093693,24159424721
2019/04/22 12:00,3450.0,3495.0,3241.0,3379.0,8003708,27021576244
2019/04/23 12:00,3251.0,3410.0,3251.0,3337.0,3679556,12382169969
2019/04/24 12:00,3280.0,3533.0,3280.0,3533.0,12827196,44975794769
2019/04/27 12:00,3669.0,3681.0,3581.0,3681.0,20231625,74387236255
2019/04/28 12:00,3800.0,3800.0,3563.0,3617.0,7093590,26030985517
2019/04/29 12:00,3530.0,3679.0,3487.0,3487.0,7541599,26608638492
2019/04/30 12:00,3510.0,3571.0,3360.0,3400.0,5415298,18624622071
2019/05/01 12:00,3362.0,3550.0,3361.0,3499.0,4026834,14038606274
2019/05/04 12:00,3558.0,3649.0,3486.0,3545.0,7992951,28556233898
2019/05/05 12:00,3599.0,3599.0,3400.0,3429.0,7048945,24447373927
2019/05/06 12:00,3480.0,3549.0,3295.0,3367.0,9771335,33073750765
2019/05/07 12:00,3333.0,3389.0,3216.0,3220.0,9685806,31370739570
2019/05/08 12:00,3299.0,3400.0,3220.0,3400.0,20171515,68506802489
2019/05/11 12:00,3562.0,3565.0,3402.0,3549.0,32089963,114054153139
2019/05/21 12:00,3622.0,3749.0,3450.0,3476.0,12775958,45357235713
2019/05/22 12:00,3530.0,3530.0,3373.0,3430.0,10715810,36521331976
2019/05/25 12:00,3423.0,3486.0,3241.0,3339.0,11745041,39339723403
2019/05/26 12:00,3384.0,3516.0,3352.0,3516.0,12500570,43702054900
2019/05/28 12:00,3500.0,3618.0,3451.0,3514.0,12298741,43244484023
2019/05/29 12:00,3560.0,3570.0,3427.0,3431.0,12061826,42251510837
2019/06/01 12:00,3499.0,3499.0,3392.0,3450.0,5980307,20642118263
2019/06/02 12:00,3498.0,3498.0,3417.0,3420.0,7207869,24907596549
2019/06/03 12:00,3480.0,3546.0,3403.0,3536.0,6787774,23626912612
2019/06/08 12:00,3549.0,3655.0,3536.0,3655.0,6164942,22359351537
2019/06/09 12:00,3808.0,3808.0,3808.0,3808.0,3017419,11490331552
2019/06/10 12:00,3998.0,3998.0,3830.0,3948.0,11786896,46880708166
2019/06/11 12:00,3902.0,4175.0,3902.0,4175.0,13227068,54597707142
2019/06/12 12:00,4334.0,4334.0,4200.0,4300.0,14385917,62125366729
2019/06/15 12:00,4118.0,4525.0,4116.0,4455.0,12108695,53078309041
2019/06/16 12:00,4525.0,4594.0,4164.0,4250.0,11718357,51065700164
2019/06/17 12:00,4300.0,4300.0,4141.0,4141.0,6862661,28606452934
2019/06/18 12:00,4141.0,4260.0,3960.0,4110.0,5168068,21100320795
2019/06/19 12:00,3946.0,4120.0,3882.0,3982.0,4925496,19636378714
2019/06/22 12:00,3802.0,4186.0,3802.0,4186.0,6348874,26228031385
2019/06/23 12:00,4337.0,4337.0,4260.0,4337.0,4348876,18856916488
2019/06/24 12:00,4500.0,4500.0,4250.0,4250.0,5282703,23066762845
2019/06/25 12:00,4260.0,4437.0,4200.0,4277.0,6186549,26535136656
2019/06/26 12:00,4180.0,4248.0,4075.0,4232.0,8538461,35291670493
2019/06/30 12:00,4295.0,4339.0,4230.0,4287.0,6059278,26125259341
2019/07/01 12:00,4312.0,4312.0,4151.0,4180.0,6723126,28276541427
2019/07/02 12:00,4260.0,4299.0,4170.0,4289.0,5741010,24227696229
2019/07/03 12:00,4336.0,4431.0,4313.0,4431.0,10698370,47279949723
2019/07/06 12:00,4615.0,4639.0,4401.0,4639.0,8499190,39107754564
2019/07/07 12:00,4770.0,4831.0,4672.0,4680.0,12896180,61439156515
2019/07/08 12:00,4782.0,4975.0,4620.0,4790.0,7184847,34575159023
2019/07/09 12:00,4779.0,4779.0,4573.0,4619.0,9046430,41786564446
2019/07/10 12:00,4570.0,4800.0,4570.0,4685.0,6611929,31002343624
2019/07/13 12:00,4689.0,4917.0,4689.0,4911.0,6482350,31537140664
2019/07/14 12:00,4940.0,5107.0,4940.0,5013.0,6300954,31721937521
2019/07/15 12:00,5098.0,5230.0,4783.0,4860.0,12164319,60126576498
2019/07/16 12:00,4790.0,4850.0,4696.0,4696.0,5836016,27458853586
2019/07/17 12:00,4472.0,4779.0,4472.0,4672.0,6044674,27895090768
2019/07/20 12:00,4620.0,4760.0,4531.0,4579.0,6352923,29246572620
2019/07/21 12:00,4583.0,4705.0,4500.0,4650.0,2781995,12811224426
2019/07/22 12:00,4700.0,4790.0,4615.0,4675.0,3897721,18218817805
2019/07/23 12:00,4750.0,4907.0,4642.0,4900.0,12348696,59994754943
2019/07/24 12:00,4992.0,5090.0,4800.0,4970.0,7155280,35744602548
2019/07/27 12:00,4980.0,5120.0,4857.0,4915.0,5282366,26022654156
2019/07/28 12:00,4810.0,5172.0,4810.0,5172.0,11127368,56850935197
2019/07/29 12:00,5266.0,5364.0,5123.0,5364.0,13722930,73249779372
2019/07/30 12:00,5602.0,5602.0,5320.0,5323.0,14825899,80864745142
2019/07/31 12:00,5377.0,5660.0,5231.0,5620.0,11615036,63559693071
2019/08/03 12:00,5670.0,5745.0,5666.0,5745.0,31286444,179663676479
2019/08/04 12:00,5900.0,6030.0,5820.0,6030.0,19481732,116357966456
2019/08/05 12:00,6240.0,6271.0,6200.0,6271.0,11190001,70107285477
2019/08/06 12:00,6570.0,6578.0,6300.0,6578.0,13729543,89877363613
2019/08/07 12:00,6800.0,6873.0,6300.0,6520.0,21880281,146511943532
2019/08/10 12:00,6501.0,7024.0,6501.0,6880.0,9000028,61332186575
2019/08/11 12:00,6958.0,6959.0,6910.0,6950.0,120767,839930709
2019/08/17 12:00,7302.0,7302.0,6937.0,6937.0,8624421,60774933142
2019/08/18 12:00,6800.0,6880.0,6695.0,6695.0,8268933,55547145583
2019/08/19 12:00,6695.0,7053.0,6666.0,7053.0,11950461,82208084821
2019/08/21 12:00,7212.0,7222.0,7053.0,7222.0,7168722,51686254094
2019/08/24 12:00,7570.0,7570.0,7400.0,7570.0,5874792,44450688748
2019/08/25 12:00,7944.0,7944.0,7188.0,7690.0,19309730,145864638691
2019/08/26 12:00,7850.0,7931.0,7690.0,7931.0,9108362,72113866291
2019/08/27 12:00,8200.0,8312.0,7730.0,7730.0,11757912,96114340902
2019/08/28 12:00,7766.0,8099.0,7766.0,7879.0,15780550,123579868780
2019/08/31 12:00,8094.0,8219.0,7501.0,7901.0,16348278,129934356723
2019/09/01 12:00,7999.0,7999.0,7677.0,7700.0,8421889,65230141972
2019/09/02 12:00,7700.0,7999.0,7358.0,7358.0,11798838,88202080867
2019/09/03 12:00,7570.0,7570.0,7108.0,7231.0,7259267,52763760700
2019/09/04 12:00,7180.0,7426.0,7160.0,7350.0,7487013,54863789866
2019/09/07 12:00,7220.0,7629.0,7220.0,7420.0,7231294,53797676781
2019/09/08 12:00,7514.0,7812.0,7500.0,7812.0,15970598,122821936195
2019/09/11 12:00,8075.0,8075.0,8000.0,8075.0,8452166,68235911873
2019/09/14 12:00,8476.0,8476.0,8250.0,8476.0,11404843,96478960387
2019/09/15 12:00,8490.0,8490.0,8051.0,8230.0,8931701,73919644708
2019/09/16 12:00,8290.0,8476.0,8020.0,8080.0,13018157,106933364250
2019/09/17 12:00,8200.0,8214.0,7804.0,7849.0,8897101,71184742532
2019/09/18 12:00,7880.0,7999.0,7601.0,7700.0,8892731,68262158644
2019/09/21 12:00,8040.0,8059.0,7770.0,8059.0,8831739,71066058167
2019/09/22 12:00,8190.0,8320.0,8169.0,8260.0,1465211,12092704813
2019/09/23 12:00,8665.0,9098.0,8600.0,8690.0,10098953,88499941494
2019/09/24 12:00,8900.0,8900.0,8370.0,8370.0,10220473,87350770016
2019/09/25 12:00,8325.0,8452.0,8240.0,8262.0,2295925,19070776699
2019/09/28 12:00,8501.0,8800.0,8386.0,8398.0,7074750,60000830588
2019/09/29 12:00,8545.0,8549.0,8057.0,8230.0,8586856,70662908965
2019/09/30 12:00,8230.0,8640.0,8230.0,8509.0,9263249,79393809070
2019/10/01 12:00,8302.0,8650.0,8143.0,8190.0,9448841,78373912393
2019/10/02 12:00,8050.0,8299.0,8000.0,8138.0,4798783,39001124276
2019/10/05 12:00,8280.0,8520.0,8251.0,8338.0,7097524,59492090066
2019/10/06 12:00,8280.0,8680.0,7963.0,8500.0,6716637,55509983115
2019/10/07 12:00,8311.0,8667.0,8311.0,8380.0,4966913,42300582698
2019/10/08 12:00,8350.0,8479.0,8091.0,8100.0,13206662,107457323789
2019/10/09 12:00,8200.0,8400.0,8100.0,8299.0,3994843,33045382040
2019/10/12 12:00,8350.0,8685.0,8350.0,8685.0,12468211,108120468038
2019/10/13 12:00,8800.0,9087.0,8600.0,8789.0,6430448,56635992778
2019/10/14 12:00,8710.0,8789.0,8367.0,8399.0,4778170,40694587392
2019/10/15 12:00,8499.0,8619.0,8092.0,8092.0,7230960,58748311015
2019/10/16 12:00,7731.0,8050.0,7719.0,7881.0,8158403,63263543548
2019/10/20 12:00,7900.0,7991.0,7367.0,7367.0,5274699,39569920583
2019/10/21 12:00,7127.0,7430.0,7127.0,7349.0,4753909,34250589860
2019/10/22 12:00,7565.0,7565.0,7400.0,7565.0,4423599,33374823283
2019/10/23 12:00,7918.0,7918.0,7550.0,7862.0,3345871,26056111780
2019/10/26 12:00,8165.0,8165.0,7803.0,7993.0,3414330,27153170044
2019/10/28 12:00,8250.0,8350.0,8111.0,8350.0,4101967,34039343028
2019/10/30 12:00,8649.0,8649.0,8500.0,8589.0,2504073,21484678889
2019/11/02 12:00,8699.0,8699.0,8187.0,8241.0,4211246,35060472965
2019/11/03 12:00,8112.0,8320.0,8112.0,8258.0,3951098,32405981112
2019/11/04 12:00,8161.0,8400.0,8161.0,8200.0,5053035,41580841567
2019/11/05 12:00,8180.0,8640.0,8144.0,8640.0,9736591,83745632224
2019/11/09 12:00,8700.0,8999.0,8621.0,8772.0,5545211,49021866701
2019/11/10 12:00,8840.0,8840.0,8500.0,8700.0,6305725,53957864222
2019/11/11 12:00,8730.0,8984.0,8672.0,8984.0,4615840,41082786589
2019/11/12 12:00,9249.0,9345.0,9110.0,9212.0,11096464,103427503911
2019/11/13 12:00,9333.0,9647.0,9100.0,9399.0,6859904,64235616190
2019/11/16 12:00,9550.0,9599.0,9153.0,9250.0,6792364,63799639570
2019/11/17 12:00,8924.0,8924.0,8924.0,8924.0,1600966,14287020584
2019/11/18 12:00,8478.0,8880.0,8478.0,8650.0,10906926,93093011783
2019/11/19 12:00,8653.0,8961.0,8653.0,8960.0,3951246,35212143828
2019/11/20 12:00,9120.0,9120.0,8491.0,8680.0,6745250,58685222323
2019/11/23 12:00,8984.0,9000.0,8620.0,8860.0,4129492,36656050494
2019/11/24 12:00,8900.0,8998.0,8611.0,8710.0,3950660,34665218235
2019/11/25 12:00,8735.0,8949.0,8632.0,8719.0,4689420,41093959476
2019/11/26 12:00,8870.0,8888.0,8514.0,8750.0,4998890,43116471840
2019/11/27 12:00,8790.0,8790.0,8510.0,8580.0,4195592,36099051451
2019/12/03 12:00,9034.0,9485.0,9001.0,9187.0,10240180,94558538038
2019/12/04 12:00,9234.0,9350.0,9050.0,9070.0,7425131,67807537030
2019/12/07 12:00,9200.0,9330.0,9132.0,9180.0,10557403,96774203661
2019/12/08 12:00,9225.0,9624.0,9150.0,9624.0,13126639,125089002639
2019/12/09 12:00,9900.0,10005.0,9800.0,10005.0,9174772,91679883060
2019/12/10 12:00,10492.0,10492.0,9500.0,10018.0,11089120,113660915086
2019/12/11 12:00,10185.0,10758.0,10025.0,10560.0,4435413,46559256077
2019/12/14 12:00,10601.0,11010.0,10601.0,11009.0,5839434,63720415822
2019/12/15 12:00,11000.0,11400.0,10400.0,10900.0,7694050,83762011038
2019/12/16 12:00,10763.0,11405.0,10700.0,11277.0,6262839,69697778895
2019/12/17 12:00,11400.0,11579.0,11264.0,11387.0,4164107,47576296422
2019/12/18 12:00,11600.0,11670.0,11082.0,11546.0,5211748,58990288007
2019/12/21 12:00,11545.0,11545.0,10754.0,10847.0,6223548,69399564489
2019/12/22 12:00,10675.0,11449.0,10675.0,11185.0,6875518,75355203386
2019/12/23 12:00,11508.0,11508.0,10995.0,11508.0,10289135,117385844491
2019/12/24 12:00,11800.0,11979.0,11550.0,11979.0,6022093,71792171102
2019/12/25 12:00,12517.0,12517.0,12517.0,12517.0,1383293,17314678481
2019/12/28 12:00,13142.0,13142.0,13142.0,13142.0,433603,5698410626
2019/12/29 12:00,13799.0,13799.0,13799.0,13799.0,1417306,19557405494
2019/12/30 12:00,14488.0,14488.0,13843.0,14370.0,19008010,273029141090
2019/12/31 12:00,14500.0,14520.0,13670.0,14489.0,15879938,223895920333
2020/01/01 12:00,13395.0,14499.0,13395.0,14400.0,12682155,176179367997
2020/01/04 12:00,13198.0,13198.0,13198.0,13198.0,2642736,34878829728
2020/01/05 12:00,12539.0,13560.0,12539.0,12539.0,11981034,152812969925
2020/01/07 12:00,12552.0,13392.0,12118.0,12118.0,8153700,103038468373
2020/01/08 12:00,12385.0,12385.0,12385.0,12385.0,392116,4856356660
2020/01/11 12:00,12632.0,12632.0,12632.0,12632.0,1199056,15146475392
2020/01/12 12:00,13263.0,13263.0,13263.0,13263.0,1464355,19421740365
2020/01/13 12:00,13926.0,13926.0,13926.0,13926.0,301333,4196363358
2020/01/14 12:00,14622.0,14622.0,14094.0,14622.0,16963560,246059687233
2020/01/22 12:00,11900.0,12379.0,11305.0,11860.0,15386105,178574806294
2020/01/25 12:00,12000.0,12186.0,12000.0,12186.0,4342207,52524707351
2020/01/26 12:00,12700.0,12700.0,12700.0,12700.0,781408,9923881600
2020/01/27 12:00,13335.0,13335.0,12811.0,13335.0,14707933,195539344775
2020/01/28 12:00,13750.0,13800.0,13000.0,13053.0,6185787,82617220472
2020/02/01 12:00,12900.0,13356.0,12689.0,12689.0,10480069,133732536395
2020/02/02 12:00,12601.0,13300.0,12201.0,13140.0,5863683,75785989642
2020/02/03 12:00,13470.0,13470.0,12800.0,12960.0,4645056,60788182417
2020/02/04 12:00,13087.0,13087.0,12433.0,12668.0,6461148,81057107373
2020/02/05 12:00,12700.0,13000.0,12300.0,12820.0,4135990,51964203652
2020/02/08 12:00,13000.0,13000.0,11950.0,12249.0,6090842,76124118251
2020/02/09 12:00,12300.0,12550.0,12100.0,12199.0,5226160,64409434109
2020/02/10 12:00,12218.0,12218.0,11708.0,11891.0,5413450,64327995776
2020/02/12 12:00,12000.0,12430.0,11790.0,12089.0,5992394,72359264367
2020/02/15 12:00,12470.0,12470.0,11800.0,11996.0,5297349,63661938852
2020/02/16 12:00,12198.0,12500.0,11950.0,12195.0,6469537,79459956968
2020/02/17 12:00,12050.0,12470.0,11710.0,11787.0,6388834,76118021748
2020/02/18 12:00,11342.0,11599.0,11319.0,11319.0,6171281,69932225304
2020/02/19 12:00,11130.0,11800.0,11111.0,11599.0,13882867,159469414888
2020/02/22 12:00,10913.0,11800.0,10913.0,11479.0,14024260,160250551191
2020/02/23 12:00,11749.0,11800.0,11460.0,11600.0,13384530,155839282782
2020/02/24 12:00,12000.0,12225.0,11500.0,12225.0,28721047,347987081856
2020/02/25 12:00,12721.0,12721.0,12550.0,12721.0,6932314,88143608403
2020/02/26 12:00,13350.0,13350.0,12380.0,12599.0,17145597,222677964017
2020/02/29 12:00,12338.0,12338.0,12338.0,12338.0,3168514,39093125732
2020/03/01 12:00,11995.0,12700.0,11995.0,12231.0,14320553,176384105389
2020/03/02 12:00,12317.0,12500.0,11995.0,12240.0,15972810,194597473729
2020/03/03 12:00,12560.0,12792.0,12244.0,12792.0,10743988,136387322411
2020/03/04 12:00,13100.0,13200.0,12790.0,12891.0,10580862,137663268631
2020/03/07 12:00,12361.0,12891.0,12361.0,12361.0,7728370,95814935323
2020/03/09 12:00,11779.0,11779.0,11779.0,11779.0,2847145,33536520955
2020/03/10 12:00,11343.0,11777.0,11343.0,11343.0,6911437,78678581777
2020/03/11 12:00,11250.0,11800.0,11000.0,11140.0,7403182,84568837710
2020/03/14 12:00,11030.0,11994.0,10853.0,11994.0,23119917,273005564499
2020/03/15 12:00,12398.0,12398.0,12387.0,12398.0,9571776,118668587394
2020/03/16 12:00,12795.0,13017.0,11802.0,13017.0,13765929,174691515941
2020/03/17 12:00,13324.0,13324.0,13324.0,13324.0,2549446,33968818504
2020/03/18 12:00,13711.0,13711.0,13711.0,13711.0,2284585,31323944935
2020/03/24 12:00,14068.0,14068.0,14068.0,14068.0,1177692,16567771056
2020/03/25 12:00,14290.0,14290.0,14290.0,14290.0,4235628,60527124120
2020/03/28 12:00,15004.0,15004.0,15004.0,15004.0,3503951,52573280804
2020/03/29 12:00,15754.0,15754.0,15754.0,15754.0,3560136,56086382544
2020/03/30 12:00,16541.0,16541.0,16541.0,16541.0,3903611,64569629551
2020/04/04 12:00,17368.0,17368.0,17368.0,17368.0,3095739,53766794952
2020/04/05 12:00,18236.0,18236.0,18236.0,18236.0,5122338,93410955768
2020/04/11 12:00,18200.0,19088.0,17290.0,17501.0,40218214,713268906446
2020/04/12 12:00,17300.0,18621.0,17300.0,18621.0,24728887,447155215941
2020/04/13 12:00,18986.0,18986.0,18200.0,18500.0,16967795,317175749381
2020/04/14 12:00,17760.0,19498.0,17759.0,18887.0,15881855,294852810380
2020/04/15 12:00,19400.0,19493.0,18887.0,19493.0,9483483,182850840829
2020/04/18 12:00,20200.0,20245.0,19500.0,19888.0,14097452,282195356407
2020/04/19 12:00,20500.0,20500.0,19017.0,19017.0,15441304,302084766268
2020/04/20 12:00,19200.0,20541.0,19200.0,20500.0,13491936,273872132907
2020/04/21 12:00,20800.0,21313.0,19792.0,21313.0,12704909,266922318803
2020/04/22 12:00,22000.0,22059.0,21253.0,22059.0,8678669,189703957886
2020/04/25 12:00,22951.0,22951.0,22200.0,22950.0,8601440,197279320554
2020/04/26 12:00,23800.0,23800.0,21790.0,22200.0,14438860,320291531182
2020/04/27 12:00,22000.0,22790.0,21074.0,21880.0,16574202,359878222771
2020/04/28 12:00,22030.0,22798.0,22030.0,22798.0,8233398,186949088171
2020/04/29 12:00,23841.0,23841.0,23601.0,23841.0,7452634,177669686020
2020/05/02 12:00,25032.0,25032.0,24779.0,25032.0,5335557,133500896314
2020/05/03 12:00,26272.0,26272.0,26272.0,26272.0,3266995,85830492640
2020/05/04 12:00,26800.0,27499.0,24959.0,26000.0,11480495,297718702351
2020/05/05 12:00,26890.0,26890.0,24637.0,24637.0,10266368,257996119433
2020/05/06 12:00,24900.0,25850.0,24000.0,25268.0,6817979,170226491874
2020/05/09 12:00,26214.0,26215.0,25120.0,26215.0,11537404,302187839265
2020/05/12 12:00,25992.0,25992.0,25992.0,25992.0,1248779,32458263768
2020/05/13 12:00,24693.0,25699.0,24693.0,24693.0,7177017,178101832484
2020/05/16 12:00,23576.0,23600.0,23576.0,23576.0,2644304,62342121208
2020/05/17 12:00,22398.0,22398.0,22398.0,22398.0,851126,19063520148
2020/05/18 12:00,21925.0,23800.0,21925.0,22400.0,14009678,313124986431
2020/05/19 12:00,23299.0,23299.0,21430.0,21700.0,8864008,197629596296
2020/05/20 12:00,22009.0,22222.0,21182.0,21182.0,5804433,123671537902
2020/05/23 12:00,22370.0,22371.0,21800.0,22371.0,50799176,1136212966095
2020/05/26 12:00,22400.0,22500.0,21249.0,21249.0,8685713,186954494967
2020/05/27 12:00,20448.0,22139.0,20448.0,21679.0,10398575,217301415741
2020/05/30 12:00,21941.0,21941.0,21941.0,21941.0,3234129,70960024389
2020/05/31 12:00,23038.0,23038.0,21000.0,21999.0,10563804,237178305119
2020/06/01 12:00,22931.0,23574.0,21500.0,23574.0,11089995,259421022064
2020/06/02 12:00,24490.0,24561.0,23574.0,24561.0,4190721,102232032253
2020/06/06 12:00,25614.0,25614.0,25614.0,25614.0,1450136,37143783504
2020/06/07 12:00,26519.0,26519.0,26519.0,26519.0,4784237,126873181003
2020/06/08 12:00,27844.0,27844.0,26610.0,27844.0,24998535,695632188048
2020/06/09 12:00,28900.0,29218.0,28000.0,29218.0,20884735,608640062303
2020/06/10 12:00,30575.0,30580.0,28024.0,29511.0,17324322,510831748957
2020/06/13 12:00,29699.0,30950.0,28012.0,30898.0,24128617,706188902456
2020/06/14 12:00,30731.0,30731.0,30187.0,30731.0,14061982,431895183141
2020/06/15 12:00,32249.0,32249.0,32249.0,32249.0,3888941,125414458309
2020/06/16 12:00,33700.0,33700.0,31330.0,31480.0,17198597,558083839329
2020/06/20 12:00,31300.0,32440.0,30850.0,30870.0,14109948,443725189982
2020/06/21 12:00,30211.0,32700.0,30007.0,31600.0,14526459,451184499831
2020/06/22 12:00,32050.0,32611.0,31680.0,32611.0,13634394,442434336592
2020/06/23 12:00,33000.0,33000.0,30828.0,30828.0,18156954,572348763575
2020/06/24 12:00,29946.0,32200.0,29946.0,30400.0,15247807,462023723356
2020/06/27 12:00,31000.0,31280.0,29900.0,30790.0,9965162,306064680656
2020/06/28 12:00,32000.0,32000.0,29178.0,29178.0,12983888,386627506239
2020/06/29 12:00,28500.0,29165.0,28289.0,28289.0,8221651,233143169870
2020/06/30 12:00,29000.0,29774.0,28550.0,29774.0,9663643,286998654275
2020/07/01 12:00,31183.0,31183.0,28215.0,30495.0,8039813,247164126408
2020/07/04 12:00,30451.0,30743.0,29206.0,29206.0,6504251,192075641946
2020/07/05 12:00,28056.0,30500.0,28055.0,30000.0,17825914,513463985174
2020/07/06 12:00,30244.0,30244.0,30244.0,30244.0,6746497,204041055268
2020/07/07 12:00,31756.0,31756.0,30500.0,31756.0,19291351,608299013318
2020/07/08 12:00,32819.0,32819.0,29956.0,29956.0,9610402,297701615790
2020/07/11 12:00,29429.0,29429.0,29429.0,29429.0,3798369,111782201301
2020/07/12 12:00,29390.0,30900.0,28398.0,28932.0,16769244,507614922416
2020/07/13 12:00,28800.0,30350.0,28758.0,28758.0,15772131,459716841895
2020/07/14 12:00,27850.0,29840.0,27690.0,27690.0,14919273,421574972276
2020/07/15 12:00,27710.0,29669.0,27250.0,29669.0,17326869,503771460959
2020/07/18 12:00,30528.0,30528.0,29739.0,30528.0,10942847,333862718304
2020/07/19 12:00,32035.0,32035.0,29262.0,30150.0,16631968,518979690022
2020/07/20 12:00,31124.0,32000.0,29644.0,29644.0,15216570,464265495399
2020/07/21 12:00,29700.0,30680.0,28986.0,28986.0,11778996,344285008858
2020/07/22 12:00,28500.0,28900.0,27768.0,27768.0,12706799,355348720426
2020/07/25 12:00,28900.0,29363.0,28000.0,28597.0,13574647,396067283076
2020/07/26 12:00,29899.0,29899.0,27719.0,27719.0,6917830,193496737060
2020/07/27 12:00,26800.0,28900.0,26573.0,26573.0,12001871,322724747787
2020/07/28 12:00,26100.0,27900.0,25546.0,25546.0,15253131,401667512398
2020/07/29 12:00,25900.0,26000.0,25017.0,26000.0,13516308,340699733349
2020/08/01 12:00,26467.0,26467.0,26000.0,26467.0,8223694,217497961887
2020/08/02 12:00,27590.0,27770.0,27000.0,27770.0,6125036,169152076738
2020/08/03 12:00,28997.0,28997.0,26500.0,28070.0,7978008,228016130173
2020/08/04 12:00,28888.0,28888.0,27152.0,27152.0,9985801,272792975545
2020/08/05 12:00,26100.0,27318.0,25953.0,26440.0,14302995,373175062025
2020/08/09 12:00,26150.0,27300.0,24787.0,25500.0,17077676,428338739690
2020/08/10 12:00,26000.0,26000.0,23828.0,23828.0,13474119,323946283033
2020/08/11 12:00,24500.0,25244.0,24000.0,25244.0,14716813,369947068066
2020/08/12 12:00,26394.0,26394.0,25245.0,26394.0,6185588,163183834577
2020/08/15 12:00,27700.0,27700.0,25062.0,25699.0,16177227,431208454576
2020/08/16 12:00,25990.0,26655.0,25323.0,25323.0,5772181,146619108921
2020/08/17 12:00,25000.0,25323.0,24131.0,24131.0,5893351,143030794815
2020/08/18 12:00,24611.0,25400.0,23057.0,23057.0,8591436,203722327409
2020/08/19 12:00,22527.0,22527.0,22527.0,22527.0,1153675,25988836725
2020/08/22 12:00,22600.0,23500.0,21842.0,21842.0,2828401,62441028125
2020/08/23 12:00,20973.0,21750.0,20973.0,20973.0,1344285,28199603353
2020/08/24 12:00,20328.0,20328.0,20328.0,20328.0,544517,11068941576
2020/08/25 12:00,20073.0,21761.0,20073.0,20200.0,10406103,213037983871
2020/08/26 12:00,21495.0,21495.0,20760.0,21495.0,2109790,45305687525
2020/08/31 12:00,22516.0,22516.0,20372.0,20372.0,7144703,149465162193
2020/09/01 12:00,19900.0,20010.0,19874.0,19874.0,2773045,55137834344
2020/09/02 12:00,18889.0,18889.0,18889.0,18889.0,269670,5093796630
2020/09/05 12:00,18780.0,18780.0,18780.0,18780.0,3014323,56608985940
2020/09/06 12:00,18305.0,19191.0,17841.0,17841.0,5180719,93839005607
2020/09/07 12:00,17208.0,17208.0,17208.0,17208.0,128451,2210384808
2020/09/08 12:00,17164.0,17164.0,17164.0,17164.0,59819,1026733316
2020/09/09 12:00,17144.0,17144.0,17144.0,17144.0,379714,6509816816
2020/09/12 12:00,17180.0,18498.0,17016.0,17800.0,9454190,163857960588
2020/09/13 12:00,17450.0,17800.0,16466.0,16466.0,2893765,48610982276
2020/09/14 12:00,15960.0,16550.0,15960.0,16000.0,7845402,125467151001
2020/09/15 12:00,15800.0,16791.0,15800.0,16791.0,7374596,123457253984
2020/09/16 12:00,17578.0,17578.0,16800.0,17578.0,10402737,182598479550
2020/09/19 12:00,17700.0,17700.0,16676.0,16676.0,4175365,70268199933
2020/09/20 12:00,15988.0,16120.0,15988.0,15988.0,1635048,26149626896
2020/09/21 12:00,15532.0,15532.0,15532.0,15532.0,259026,4023191832
2020/09/22 12:00,15462.0,17000.0,15462.0,16550.0,7500080,119562725042
2020/09/23 12:00,16739.0,16739.0,16739.0,16739.0,2573335,43075054565
2020/09/26 12:00,17495.0,17495.0,17495.0,17495.0,779321,13634220895
2020/09/27 12:00,17721.0,17721.0,17721.0,17721.0,1593948,28246352508
2020/09/28 12:00,18192.0,18192.0,18192.0,18192.0,1896603,34503001776
2020/09/29 12:00,18766.0,18766.0,18766.0,18766.0,1555005,29181223830
2020/09/30 12:00,19252.0,19252.0,19252.0,19252.0,782467,15064054684
2020/10/03 12:00,19503.0,19503.0,19503.0,19503.0,990973,19326946419
2020/10/04 12:00,19862.0,19862.0,19862.0,19862.0,2240060,44492071720
2020/10/05 12:00,20688.0,20688.0,20688.0,20688.0,2072565,42877224720
2020/10/06 12:00,20688.0,21484.0,20688.0,21484.0,298198,6405168157
2020/10/07 12:00,21602.0,21602.0,21602.0,21602.0,1837693,39697844186
2020/10/10 12:00,22339.0,22339.0,22339.0,22339.0,2133222,47654046258
2020/10/11 12:00,23353.0,23353.0,23353.0,23353.0,1889369,44122434257
2020/10/12 12:00,24291.0,24291.0,24291.0,24291.0,2752723,66866394393
2020/10/18 12:00,23077.0,23077.0,23077.0,23077.0,1501072,34640238544
2020/10/19 12:00,22236.0,22236.0,22236.0,22236.0,358455,7970605380
2020/10/20 12:00,22042.0,22042.0,22042.0,22042.0,440560,9710823520
2020/10/21 12:00,21807.0,24100.0,21807.0,21807.0,26348724,585880818840
2020/10/24 12:00,21350.0,22190.0,21125.0,21125.0,1569367,33290064789
2020/10/26 12:00,20446.0,20446.0,20446.0,20446.0,1141902,23347328292
2020/10/27 12:00,19930.0,20430.0,19928.0,19928.0,4248453,84700681953
2020/10/28 12:00,18941.0,18941.0,18941.0,18941.0,965793,18293085213
2020/10/31 12:00,19000.0,20000.0,18534.0,18900.0,8476501,159852709429
2020/11/01 12:00,18200.0,18900.0,17916.0,17916.0,1414614,25445851744
2020/11/02 12:00,17460.0,17700.0,17460.0,17460.0,2545748,44460400222
2020/11/04 12:00,16609.0,18100.0,16609.0,17386.0,1971927,33989225177
2020/11/07 12:00,16427.0,16427.0,16427.0,16427.0,385753,6336764531
2020/11/08 12:00,16318.0,16318.0,16318.0,16318.0,272715,4450163370
2020/11/09 12:00,16241.0,17949.0,16241.0,17949.0,6732843,117062092100
2020/11/10 12:00,18256.0,18256.0,18256.0,18256.0,1168261,21327772816
2020/11/11 12:00,18624.0,18624.0,18624.0,18624.0,815847,15194334528
2020/11/14 12:00,18887.0,18887.0,18887.0,18887.0,719716,13593276092
2020/11/15 12:00,19132.0,19132.0,18250.0,19132.0,23844562,455804441146
2020/11/16 12:00,19115.0,19940.0,18161.0,18640.0,10865946,205702523249
2020/11/17 12:00,18503.0,19877.0,18163.0,19877.0,11952353,234406935859
2020/11/18 12:00,20090.0,20592.0,19200.0,20592.0,8717955,176354752436
2020/11/21 12:00,21200.0,21200.0,19218.0,19218.0,6420076,127799798211
2020/11/22 12:00,19000.0,19906.0,18911.0,19320.0,4815370,91382822214
2020/11/23 12:00,18200.0,19925.0,18200.0,19925.0,4701611,92785871104
2020/11/24 12:00,20707.0,20721.0,19303.0,20597.0,6075430,124108645904
2020/11/25 12:00,20900.0,21120.0,19407.0,19997.0,4431481,89751359673
2020/11/28 12:00,19350.0,20580.0,19241.0,19700.0,5851569,115187113321
2020/11/29 12:00,19690.0,20669.0,19690.0,20669.0,5408253,110246962627
2020/11/30 12:00,21404.0,21404.0,21404.0,21404.0,1359823,29105651492
2020/12/01 12:00,21993.0,21993.0,21449.0,21993.0,4409190,96961197572
2020/12/02 12:00,22800.0,23090.0,21404.0,23010.0,6350174,143162328408
2020/12/05 12:00,23350.0,23672.0,23010.0,23672.0,2894088,68210465432
2020/12/06 12:00,24740.0,24747.0,23350.0,23500.0,10383644,252390062199
2020/12/07 12:00,24190.0,24190.0,23092.0,23092.0,9412902,218107707438
2020/12/08 12:00,22250.0,23170.0,22013.0,22600.0,7775786,173411258462
2020/12/09 12:00,22800.0,23416.0,22500.0,23416.0,7749591,180539082297
2020/12/12 12:00,24461.0,24461.0,23521.0,24461.0,8180199,199952926565
2020/12/13 12:00,24000.0,25199.0,23367.0,24300.0,7506621,182412752617
2020/12/14 12:00,24500.0,25515.0,24303.0,25515.0,16335900,415277635431
2020/12/15 12:00,25090.0,25430.0,24150.0,24150.0,5261764,127687206414
2020/12/16 12:00,23054.0,24190.0,23054.0,23500.0,7769498,181093757285
2020/12/19 12:00,23866.0,24473.0,23600.0,24473.0,5344889,130752213046
2020/12/20 12:00,25686.0,25686.0,25010.0,25686.0,6282839,161269871158
2020/12/21 12:00,26951.0,26951.0,26951.0,26951.0,2421459,65260741509
2020/12/22 12:00,28298.0,28298.0,28298.0,28298.0,1633327,46219887446
2020/12/23 12:00,29375.0,29375.0,29375.0,29375.0,3062523,89961613125
2020/12/26 12:00,30600.0,30843.0,28301.0,30843.0,37329798,1139885659847
2020/12/27 12:00,30820.0,31230.0,29010.0,29900.0,17797423,527836601975
2020/12/28 12:00,29900.0,31140.0,29900.0,30600.0,12873862,400115201622
2020/12/29 12:00,30000.0,31723.0,29526.0,29526.0,9755715,290899192992
2020/12/30 12:00,29040.0,29500.0,28328.0,28400.0,8058255,229192610973
2021/01/02 12:00,27500.0,28400.0,27020.0,27020.0,6396063,173964061430
2021/01/03 12:00,26201.0,28558.0,26201.0,28558.0,8251302,234516940210
2021/01/04 12:00,29840.0,29843.0,29111.0,29843.0,3281726,97925781942
2021/01/05 12:00,31332.0,31332.0,29500.0,30000.0,10676543,332458670197
2021/01/06 12:00,30990.0,32600.0,29583.0,31990.0,17540776,546055475706
2021/01/09 12:00,32500.0,32687.0,32000.0,32687.0,5880102,192064221382
2021/01/10 12:00,34296.0,34296.0,34296.0,34296.0,2536083,86977502568
2021/01/11 12:00,36010.0,36010.0,36010.0,36010.0,2666104,96006405040
2021/01/12 12:00,37810.0,37810.0,34210.0,34210.0,29492054,1049236591930
2021/01/13 12:00,33801.0,36970.0,33799.0,33799.0,11758677,403974506335
2021/01/16 12:00,35000.0,36072.0,32638.0,34850.0,23108253,808868973320
2021/01/18 12:00,35003.0,35003.0,33253.0,33253.0,3686388,123429298706
2021/01/19 12:00,31808.0,32477.0,31808.0,31808.0,16600814,528898917555
2021/01/20 12:00,30600.0,32500.0,30267.0,30267.0,8756237,274502384488
2021/01/23 12:00,31000.0,31900.0,29782.0,29782.0,12181847,369821420429
2021/01/24 12:00,29000.0,30900.0,28841.0,28841.0,7366126,214933920956
2021/01/25 12:00,28200.0,29300.0,27721.0,27721.0,18754879,525062647043
2021/01/26 12:00,27150.0,29000.0,26597.0,26597.0,5909373,160571631778
2021/01/27 12:00,25816.0,28200.0,25816.0,27600.0,13846430,374841955303
2021/01/30 12:00,28420.0,28424.0,27710.0,28424.0,3375531,95853958753
2021/01/31 12:00,29750.0,29750.0,26990.0,27052.0,6637823,185969285597
2021/02/01 12:00,26701.0,27890.0,26617.0,26617.0,4457707,119599269651
2021/02/02 12:00,25489.0,26830.0,25489.0,25489.0,3946165,100705247915
2021/02/03 12:00,25274.0,25647.0,24244.0,24244.0,3461691,85001927963
2021/02/06 12:00,23328.0,23328.0,23328.0,23328.0,1130714,26377296192
2021/02/07 12:00,22681.0,24990.0,22681.0,24350.0,40206138,938609188072
2021/02/08 12:00,24512.0,24512.0,23400.0,24512.0,12817893,312622071232
2021/02/09 12:00,25000.0,25609.0,24440.0,25609.0,6174820,157123405331
2021/02/13 12:00,26971.0,26972.0,25972.0,26950.0,4041265,108922550523
2021/02/14 12:00,27650.0,27650.0,26414.0,26414.0,2420930,64253729852
2021/02/15 12:00,26011.0,26011.0,26011.0,26011.0,711805,18514759855
2021/02/16 12:00,25823.0,25823.0,25823.0,25823.0,222477,5745023571
2021/02/17 12:00,25764.0,25764.0,25764.0,25764.0,120104,3094359456
2021/02/20 12:00,25732.0,25732.0,25732.0,25732.0,230688,5936063616
2021/02/21 12:00,25670.0,25670.0,25670.0,25670.0,13280,340897600
2021/02/22 12:00,25666.0,25666.0,25666.0,25666.0,15438,396231708
2021/02/23 12:00,25662.0,25662.0,25662.0,25662.0,312000,8006544000
2021/02/24 12:00,25578.0,25578.0,25578.0,25578.0,272704,6975222912
2021/03/01 12:00,25504.0,25504.0,25504.0,25504.0,134727,3436077408
2021/03/02 12:00,25469.0,25469.0,25469.0,25469.0,95201,2424674269
2021/03/03 12:00,25443.0,25443.0,25443.0,25443.0,26867,683577081
2021/03/06 12:00,25436.0,25436.0,25436.0,25436.0,29435,748708660
2021/03/07 12:00,25429.0,25429.0,25429.0,25429.0,24210,615636090
2021/03/08 12:00,25422.0,25422.0,25422.0,25422.0,43231,1099018482
2021/03/09 12:00,25410.0,25410.0,25410.0,25410.0,106124,2696610840
2021/03/10 12:00,25382.0,25382.0,25382.0,25382.0,8745,221965590
2021/03/13 12:00,25380.0,25380.0,25380.0,25380.0,63318,1607010840
2021/03/14 12:00,25363.0,25363.0,25363.0,25363.0,42994,1090456822
2021/03/15 12:00,25351.0,25351.0,25351.0,25351.0,23704,600920104
2021/03/16 12:00,25345.0,25345.0,25345.0,25345.0,92617,2347377865
2021/03/17 12:00,25321.0,25379.0,25321.0,25321.0,3592280,90974003122
2021/03/27 12:00,24819.0,24819.0,24819.0,24819.0,264814,6572418666
2021/03/28 12:00,24752.0,24752.0,24752.0,24752.0,156401,3871237552
2021/03/30 12:00,24713.0,24713.0,24713.0,24713.0,39369,972926097
2021/03/31 12:00,24703.0,24703.0,24703.0,24703.0,25727,635534081
2021/04/03 12:00,24696.0,24696.0,24696.0,24696.0,5621,138816216
2021/04/04 12:00,24696.0,24696.0,24696.0,24696.0,6901,170427096
2021/04/05 12:00,24694.0,24694.0,24694.0,24694.0,2527,62401738
2021/04/06 12:00,24693.0,24693.0,24693.0,24693.0,9062,223767966
2021/04/07 12:00,24691.0,24691.0,24691.0,24691.0,10186,251502526
2021/04/10 12:00,24688.0,24688.0,24688.0,24688.0,11327,279640976
2021/04/11 12:00,24685.0,24685.0,24685.0,24685.0,11790,291036150
2021/04/12 12:00,24682.0,24682.0,24682.0,24682.0,5480,135257360
2021/04/13 12:00,24681.0,24681.0,24681.0,24681.0,16296,402201576
2021/04/14 12:00,24677.0,24677.0,24677.0,24677.0,29550,729205350
2021/04/17 12:00,24670.0,24670.0,24670.0,24670.0,205,5057350
2021/04/18 12:00,24670.0,24670.0,24670.0,24670.0,405,9991350
2021/04/19 12:00,24670.0,24670.0,24670.0,24670.0,680,16775600
2021/04/20 12:00,24670.0,24670.0,24670.0,24670.0,2210,54520700
2021/04/21 12:00,24417.0,24417.0,24417.0,24417.0,8166,199389222
2021/04/24 12:00,24414.0,24414.0,24414.0,24414.0,205,5004870
2021/04/25 12:00,24414.0,24414.0,24414.0,24414.0,302,7373028
2021/04/26 12:00,24414.0,24414.0,24414.0,24414.0,2215,54077010
2021/04/27 12:00,24413.0,24413.0,24413.0,24413.0,401384,9798987592
2021/04/28 12:00,24265.0,24265.0,24265.0,24265.0,7973,193464845
2021/05/01 12:00,24262.0,24262.0,24262.0,24262.0,717,17395854
2021/05/03 12:00,24262.0,24262.0,24262.0,24262.0,517,12543454
2021/05/05 12:00,24262.0,24262.0,24262.0,24262.0,1330,32268460
2021/05/08 12:00,24262.0,24262.0,24262.0,24262.0,1528,37072336
2021/05/15 12:00,17499.0,17500.0,16625.0,16790.0,10750884,181749821265
2021/05/16 12:00,16125.0,16980.0,16061.0,16061.0,3768918,61492730236
2021/05/17 12:00,15501.0,15501.0,15501.0,15501.0,150465,2332357965
2021/05/18 12:00,15409.0,15409.0,15409.0,15409.0,24201,372913209
2021/05/19 12:00,15395.0,15395.0,15395.0,15395.0,44184,680212680
2021/05/22 12:00,15369.0,15369.0,15369.0,15369.0,7500,115267500
2021/05/23 12:00,15364.0,15364.0,15364.0,15364.0,15702,241245528
2021/05/24 12:00,15354.0,15354.0,15354.0,15354.0,3080,47290320
2021/05/25 12:00,15352.0,15352.0,15352.0,15352.0,55944,858852288
2021/05/26 12:00,15319.0,15319.0,15319.0,15319.0,93374,1430396306
2021/05/29 12:00,15263.0,15740.0,15263.0,15263.0,12596942,192760236160
2021/05/30 12:00,15002.0,15698.0,14537.0,14537.0,6138824,92539335834
2021/05/31 12:00,14351.0,14537.0,14321.0,14321.0,656990,9425038576
2021/06/01 12:00,13965.0,13965.0,13965.0,13965.0,66211,924636615
2021/06/02 12:00,13929.0,14665.0,13929.0,14650.0,10985309,155025553163
2021/06/07 12:00,14815.0,14817.0,14650.0,14817.0,2095908,31033359512
2021/06/08 12:00,15370.0,15390.0,14067.0,14198.0,7024666,103448421966
2021/06/09 12:00,14000.0,14340.0,13990.0,14000.0,3588973,50325047937
2021/06/12 12:00,14110.0,14110.0,13321.0,13321.0,1062323,14298078625
2021/06/13 12:00,12878.0,13150.0,12878.0,12878.0,624762,8045793836
2021/06/14 12:00,12950.0,13440.0,12564.0,13031.0,7002605,89974571934
2021/06/15 12:00,13000.0,13491.0,12800.0,13491.0,3951775,52898985387
2021/06/16 12:00,14055.0,14055.0,14055.0,14055.0,1444987,20309292285
2021/06/19 12:00,14757.0,14757.0,13511.0,13680.0,10744339,153302763925
2021/06/20 12:00,13600.0,13985.0,13555.0,13555.0,2014538,27332557842
2021/06/21 12:00,12890.0,13890.0,12890.0,13720.0,4141924,55336562964
2021/06/22 12:00,13978.0,14028.0,13610.0,14028.0,2935320,40923150042
2021/06/23 12:00,13671.0,14275.0,13671.0,14270.0,2948498,41333400207
2021/06/26 12:00,14389.0,14400.0,14018.0,14219.0,1069033,15196964745
2021/06/27 12:00,14390.0,14390.0,13474.0,13800.0,1162501,16243796692
2021/06/28 12:00,13499.0,14199.0,13420.0,13490.0,2530186,34788864792
2021/06/29 12:00,13799.0,13799.0,13111.0,13420.0,2564816,34398345520
2021/06/30 12:00,13110.0,14082.0,13110.0,14082.0,4053240,56374718407
2021/07/03 12:00,14170.0,14604.0,14170.0,14604.0,8679439,126544587770
2021/07/04 12:00,15000.0,15255.0,14700.0,14920.0,3853419,57634160396
2021/07/05 12:00,14880.0,15180.0,14500.0,15100.0,3408892,50342206669
2021/07/06 12:00,15099.0,15450.0,14790.0,15400.0,3337108,50885326293
2021/07/07 12:00,15400.0,15449.0,14670.0,14996.0,2308667,34644895578
2021/07/10 12:00,14700.0,15000.0,14358.0,14400.0,1608265,23568209336
2021/07/11 12:00,15000.0,15000.0,14290.0,14670.0,2158465,31525753351
2021/07/12 12:00,14630.0,15296.0,14401.0,14862.0,3020503,45648035185
2021/07/13 12:00,15073.0,15073.0,14358.0,14500.0,3629199,52771370575
2021/07/14 12:00,14330.0,14982.0,14050.0,14660.0,2765167,39919162828
2021/07/17 12:00,14950.0,14950.0,14119.0,14510.0,2307290,33491358639
2021/07/18 12:00,14321.0,14638.0,13983.0,14499.0,2859328,40697967447
2021/07/19 12:00,14370.0,14944.0,14370.0,14944.0,4881985,72755820828
2021/07/26 12:00,14927.0,14990.0,14303.0,14400.0,2370517,34491328916
2021/07/27 12:00,14300.0,14608.0,13823.0,13823.0,1794636,25258637376
2021/07/28 12:00,13790.0,14000.0,13402.0,13410.0,1683846,23045614659
2021/07/31 12:00,13350.0,14256.0,13310.0,14000.0,2959509,40778505528
2021/08/01 12:00,14235.0,14235.0,13606.0,13702.0,2217303,30628919744
2021/08/02 12:00,13552.0,13880.0,13124.0,13124.0,4569742,60540341285
2021/08/03 12:00,13200.0,13320.0,12610.0,13030.0,3044873,39350593385
2021/08/04 12:00,12450.0,13340.0,12450.0,13250.0,2935069,38173021713
2021/08/07 12:00,13565.0,13565.0,13010.0,13200.0,1771922,23338539785
2021/08/08 12:00,13002.0,13740.0,13002.0,13740.0,1763408,24012643163
2021/08/09 12:00,13820.0,14150.0,13330.0,14030.0,3008094,41826091249
2021/08/10 12:00,13661.0,14200.0,13661.0,13734.0,2730742,37916088948
2021/08/11 12:00,13886.0,14290.0,13800.0,13830.0,2714153,37737599321
2021/08/14 12:00,13600.0,13955.0,13230.0,13549.0,7283149,97591784769
2021/08/15 12:00,13590.0,14070.0,13230.0,13894.0,2541842,34902481613
2021/08/22 12:00,14250.0,14417.0,13810.0,14417.0,4895347,69835928674
2021/08/23 12:00,14800.0,14979.0,14380.0,14979.0,2162548,32057137564
2021/08/24 12:00,15510.0,15565.0,15112.0,15565.0,3408202,52909504252
2021/08/25 12:00,16300.0,16300.0,16300.0,16300.0,1578337,25726893100
2021/08/28 12:00,17115.0,17115.0,16500.0,16531.0,13691013,229670388684
2021/08/29 12:00,16470.0,16862.0,15937.0,15937.0,9158418,148943889115
2021/08/30 12:00,15450.0,15460.0,15450.0,15450.0,1272344,19658124050
2021/08/31 12:00,14683.0,15290.0,14683.0,14683.0,4420835,65314632359
2021/09/01 12:00,14150.0,15350.0,14150.0,15250.0,4171308,62054857127
2021/09/04 12:00,15450.0,15620.0,14901.0,15620.0,5823101,90849448509
2021/09/05 12:00,16200.0,16200.0,15630.0,15720.0,4894742,77586199457
2021/09/06 12:00,15620.0,16643.0,15280.0,16280.0,9254695,153482785924
2021/09/07 12:00,16380.0,16600.0,15808.0,16390.0,3869598,62569353939
2021/09/08 12:00,16400.0,16977.0,16400.0,16977.0,3938880,66362421009
2021/09/11 12:00,17690.0,17690.0,17690.0,17690.0,1748206,30925764140
2021/09/14 12:00,18574.0,18574.0,18570.0,18574.0,6601297,122611752222
2021/09/15 12:00,18669.0,19320.0,17776.0,18138.0,18429463,344839379674
2021/09/18 12:00,18050.0,19646.0,17930.0,19500.0,18357865,344446074277
2021/09/19 12:00,19650.0,19701.0,18221.0,19270.0,15913238,305792370180
2021/09/20 12:00,19220.0,19850.0,18256.0,18660.0,9450072,176230556100
2021/09/21 12:00,18790.0,18790.0,17717.0,17717.0,3759702,67151085728
2021/09/22 12:00,16968.0,17478.0,16968.0,16968.0,3184013,54052582611
2021/09/25 12:00,16966.0,17568.0,16128.0,17100.0,6624780,112498739153
2021/09/26 12:00,17000.0,17350.0,16750.0,17030.0,2593717,44215618464
2021/09/28 12:00,16701.0,17256.0,16195.0,16195.0,5494850,90625627545
2021/09/29 12:00,16185.0,16185.0,15669.0,15669.0,5335706,83755090399
2021/10/02 12:00,15668.0,16190.0,14950.0,14950.0,3978833,60653863085
2021/10/03 12:00,14840.0,14970.0,14482.0,14482.0,2070047,30173927828
2021/10/04 12:00,14480.0,15304.0,14155.0,15304.0,5548523,84164044068
2021/10/06 12:00,15600.0,15600.0,14710.0,15172.0,3868697,58589735552
2021/10/09 12:00,14920.0,15145.0,14388.0,14388.0,2027400,29473898293
2021/10/10 12:00,14530.0,14530.0,13812.0,13812.0,3674783,50806600649
2021/10/11 12:00,13360.0,14517.0,13360.0,14517.0,4291335,61383025166
2021/10/12 12:00,14870.0,14870.0,13610.0,13810.0,3510473,49817587864
2021/10/13 12:00,13586.0,14191.0,13482.0,13482.0,2500107,33916539334
2021/10/16 12:00,13900.0,14244.0,13300.0,13965.0,3277161,46470322546
2021/10/17 12:00,14066.0,14066.0,13471.0,13471.0,1745334,23664641804
2021/10/18 12:00,12882.0,13550.0,12882.0,13179.0,2828420,36707703229
2021/10/19 12:00,13200.0,13599.0,13019.0,13350.0,1452116,19437854315
2021/10/20 12:00,13350.0,13350.0,12900.0,13040.0,1493182,19522800871
2021/10/23 12:00,12700.0,13140.0,12422.0,12990.0,2584309,32749090293
2021/10/25 12:00,12980.0,12980.0,12039.0,12040.0,2183299,26742461592
2021/10/26 12:00,11900.0,12368.0,11637.0,11637.0,3117784,36614691468
2021/10/27 12:00,11310.0,11690.0,11157.0,11190.0,3186743,36069386537
2021/10/30 12:00,11100.0,11350.0,10754.0,10754.0,1949863,21105180076
2021/10/31 12:00,10283.0,10283.0,10283.0,10283.0,304518,3131358594
2021/11/01 12:00,10165.0,10990.0,10165.0,10300.0,6268554,65088374215
2021/11/02 12:00,10190.0,10902.0,10166.0,10902.0,3248322,34769163505
2021/11/03 12:00,10920.0,11239.0,10758.0,11239.0,2068743,23116884231
2021/11/06 12:00,11731.0,11732.0,11500.0,11732.0,1161872,13629021423
2021/11/07 12:00,12160.0,12160.0,11073.0,11440.0,3333341,38118843847
2021/11/08 12:00,11340.0,11792.0,11000.0,11350.0,2267947,25928873440
2021/11/09 12:00,11889.0,11889.0,10862.0,11200.0,2894372,32464494783
2021/11/10 12:00,11499.0,11499.0,10807.0,11315.0,1340124,15179976060
2021/11/13 12:00,10900.0,11110.0,10761.0,10763.0,6264109,67570232134
2021/11/14 12:00,10740.0,11280.0,10248.0,10680.0,4335043,46526935685
2021/11/15 12:00,10732.0,11269.0,10530.0,11269.0,7250627,81159474736
2021/11/16 12:00,11420.0,11752.0,11273.0,11752.0,5826435,68307342941
2021/11/17 12:00,12290.0,12310.0,11791.0,11821.0,5831533,70653640004
2021/11/20 12:00,11900.0,12170.0,11511.0,11511.0,5417265,62616491094
2021/11/21 12:00,11091.0,11740.0,10990.0,11340.0,2210179,24892449506
2021/11/22 12:00,11822.0,11822.0,11200.0,11584.0,1250757,14410614763
2021/11/23 12:00,11699.0,11799.0,10941.0,10941.0,3300720,36984259257
2021/11/24 12:00,10771.0,11073.0,10645.0,10645.0,4057360,43277923570
2021/11/27 12:00,10370.0,10810.0,10134.0,10134.0,2705595,27496613423
2021/11/28 12:00,9656.0,10232.0,9655.0,9688.0,3816708,37558352393
2021/11/29 12:00,9844.0,10234.0,9500.0,9880.0,2406957,23676532800
2021/11/30 12:00,9501.0,9781.0,9346.0,9347.0,4336512,40700437285
2021/12/01 12:00,9300.0,9300.0,8917.0,8917.0,5797851,51724330467
2021/12/04 12:00,8899.0,8899.0,8475.0,8475.0,2460570,20964662261
2021/12/05 12:00,8116.0,8700.0,8094.0,8185.0,5121234,42486104096
2021/12/06 12:00,8520.0,8710.0,8185.0,8710.0,2824413,24355756076
2021/12/07 12:00,8890.0,9054.0,8690.0,9054.0,4866963,43755974666
2021/12/08 12:00,9343.0,9439.0,8840.0,8948.0,5058587,46772436329
2021/12/11 12:00,8785.0,9089.0,8784.0,8784.0,1668800,14710685409
2021/12/12 12:00,8410.0,8490.0,8375.0,8375.0,651376,5457551739
2021/12/13 12:00,8208.0,8630.0,8208.0,8208.0,1883882,15510496221
2021/12/14 12:00,8170.0,8170.0,7822.0,7822.0,3513203,27556033442
2021/12/15 12:00,7989.0,8100.0,7452.0,7470.0,3682272,27749674133
2021/12/18 12:00,7385.0,7770.0,7350.0,7550.0,1516051,11427293506
2021/12/19 12:00,7420.0,7699.0,7161.0,7161.0,2683301,19425950157
2021/12/20 12:00,7350.0,7350.0,6878.0,6878.0,3265289,22651258727
2021/12/21 12:00,6591.0,7230.0,6591.0,7090.0,10654676,72856533588
2021/12/22 12:00,7170.0,7179.0,7010.0,7179.0,1369535,9819500272
2021/12/25 12:00,7419.0,7419.0,7150.0,7300.0,6293058,46428210798
2021/12/26 12:00,7490.0,7690.0,7102.0,7650.0,2565997,19175170021
2021/12/27 12:00,7830.0,7846.0,7670.0,7846.0,2776490,21609768354
2021/12/28 12:00,8167.0,8172.0,7841.0,8172.0,3138040,25577073935
2021/12/29 12:00,8442.0,8550.0,8011.0,8011.0,3811000,31462462247
2022/01/01 12:00,8010.0,8350.0,7844.0,8173.0,3152556,25341266873
2022/01/02 12:00,7960.0,8439.0,7949.0,8439.0,1796127,15023809783
2022/01/03 12:00,8770.0,8770.0,8310.0,8388.0,2474778,21238892168
2022/01/04 12:00,8222.0,8498.0,8153.0,8153.0,2966940,24332800530
2022/01/05 12:00,8152.0,8153.0,7825.0,7950.0,1281394,10121920170
2022/01/08 12:00,7650.0,8140.0,7590.0,7610.0,1936829,15046754900
2022/01/09 12:00,7840.0,7840.0,7390.0,7390.0,999246,7416597860
2022/01/10 12:00,7210.0,7520.0,7210.0,7410.0,3379540,24517416750
2022/01/11 12:00,7500.0,7610.0,7350.0,7610.0,1274644,9655902050
2022/01/12 12:00,7830.0,7840.0,7610.0,7770.0,4189313,32622114030
2022/01/15 12:00,7700.0,7800.0,7410.0,7410.0,1191721,8857567900
2022/01/16 12:00,7250.0,7450.0,7200.0,7360.0,2911528,21035074260
2022/01/17 12:00,7150.0,7500.0,7140.0,7220.0,3000699,21686393540
2022/01/18 12:00,7100.0,7200.0,6880.0,7020.0,1333907,9410173100
2022/01/19 12:00,6970.0,7460.0,6970.0,7400.0,1638758,12050059160
2022/01/22 12:00,7100.0,7530.0,6960.0,7000.0,2767403,19474744800
2022/01/23 12:00,6800.0,7020.0,6690.0,6690.0,2463453,16528241090
2022/01/24 12:00,6420.0,7000.0,6380.0,6510.0,2018049,13389296560
2022/01/25 12:00,6600.0,6970.0,6570.0,6920.0,7497072,51586397900
2022/01/26 12:00,6880.0,7160.0,6650.0,6960.0,2413996,16534347890
2022/01/29 12:00,7000.0,7190.0,6940.0,7190.0,1965567,13966410370
2022/01/30 12:00,7020.0,7430.0,7020.0,7180.0,2453334,17915884070
2022/01/31 12:00,7240.0,7660.0,7240.0,7660.0,4705759,35973881090
2022/02/01 12:00,7390.0,7980.0,7350.0,7390.0,2970831,22489105580
2022/02/02 12:00,7430.0,7790.0,7200.0,7610.0,3707163,27796146820
2022/02/05 12:00,7760.0,7870.0,7500.0,7720.0,4326759,33711286840
2022/02/06 12:00,7720.0,8140.0,7550.0,7750.0,2644863,20728450040
2022/02/07 12:00,7830.0,8100.0,7550.0,7740.0,2121218,16712397270
2022/02/08 12:00,7600.0,8240.0,7600.0,7950.0,2690044,21734441450
2022/02/09 12:00,8100.0,8200.0,7810.0,8000.0,2058268,16542466820
2022/02/12 12:00,8250.0,8250.0,7640.0,7640.0,1829331,14430349200
2022/02/16 12:00,8190.0,8190.0,7500.0,7500.0,1488555,11255999550
2022/02/19 12:00,7550.0,7630.0,7250.0,7250.0,3296723,23951862020
2022/02/20 12:00,7000.0,7300.0,6920.0,7150.0,1956555,13855518900
2022/02/21 12:00,7250.0,7400.0,7160.0,7400.0,1436322,10502773180
2022/02/22 12:00,7300.0,7560.0,7300.0,7380.0,1195085,8824765900
2022/02/23 12:00,7070.0,7550.0,7070.0,7350.0,2062428,15086530280
2022/02/26 12:00,7120.0,7430.0,7070.0,7240.0,1376231,9879523220
2022/02/27 12:00,7070.0,7380.0,6980.0,7040.0,2361380,16801719210
2022/02/28 12:00,6980.0,7300.0,6880.0,7040.0,1656933,11756061390
2022/03/02 12:00,7020.0,7400.0,7020.0,7110.0,1279212,9200324500
2022/03/05 12:00,7200.0,7510.0,7200.0,7480.0,18468214,138067750060
2022/03/06 12:00,7380.0,7580.0,7110.0,7360.0,7638130,55387949910
2022/03/07 12:00,7250.0,7450.0,7230.0,7250.0,3323355,24420920350
2022/03/08 12:00,7140.0,7370.0,7140.0,7240.0,2162395,15575965720
2022/03/09 12:00,7300.0,7300.0,7050.0,7100.0,2448434,17560524900
2022/03/12 12:00,6900.0,7090.0,6820.0,6840.0,4425282,30359747050
2022/03/13 12:00,6830.0,6870.0,6590.0,6700.0,3880390,25888382570
2022/03/14 12:00,6670.0,6950.0,6650.0,6810.0,2578915,17686512870
2022/03/15 12:00,6850.0,7100.0,6850.0,6900.0,1764985,12297046250
2022/03/16 12:00,6950.0,7160.0,6700.0,6860.0,3901160,26828220870
2022/03/19 12:00,6950.0,7200.0,6830.0,7110.0,4549690,32015542970
2022/03/26 12:00,7250.0,7250.0,7010.0,7200.0,2102107,14965148280
2022/03/27 12:00,7240.0,7470.0,7080.0,7470.0,8202105,60952490560
2022/03/28 12:00,0.0,0.0,0.0,7470.0,8202105,60952490560
2022/03/29 12:00,7710.0,7800.0,7100.0,7600.0,8460106,64538529030
2022/03/30 12:00,7600.0,7750.0,7400.0,7590.0,3721056,28270860370
2022/04/03 12:00,7600.0,7980.0,7470.0,7980.0,10455510,82633798420
2022/04/04 12:00,8010.0,8180.0,7510.0,7600.0,6545336,50528420840
2022/04/05 12:00,7620.0,8000.0,7500.0,7900.0,4624080,35930254560
2022/04/06 12:00,7930.0,8150.0,7730.0,7940.0,10320016,83529502300
2022/04/09 12:00,7850.0,8380.0,7750.0,8200.0,5625784,45789289460
2022/04/10 12:00,8120.0,8540.0,8110.0,8390.0,6451187,54305937800
2022/04/11 12:00,8600.0,8600.0,8250.0,8370.0,3731312,31291904380
2022/04/12 12:00,8370.0,8370.0,7980.0,7980.0,3215817,25754804120
2022/04/13 12:00,7650.0,8380.0,7650.0,8200.0,3817587,30725719630
2022/04/16 12:00,8360.0,8450.0,8150.0,8450.0,7164027,60319275810
2022/04/17 12:00,8790.0,8810.0,8500.0,8690.0,6661680,57944500110
2022/04/18 12:00,8730.0,8950.0,8350.0,8400.0,5817494,50021720900
2022/04/19 12:00,8540.0,9030.0,8350.0,8850.0,6756793,59849323710
2022/04/20 12:00,9050.0,9050.0,8430.0,8570.0,3527713,30844782570
2022/04/24 12:00,8500.0,8840.0,8330.0,8420.0,3360983,28381410460
2022/04/25 12:00,8780.0,8780.0,8300.0,8470.0,3640321,30972841160
2022/04/26 12:00,8510.0,8870.0,8500.0,8730.0,3784340,32981113580
2022/04/27 12:00,8720.0,8860.0,8500.0,8680.0,2129246,18451537450
2022/04/30 12:00,8690.0,9100.0,8690.0,9100.0,5006010,45282444450
2022/05/01 12:00,9500.0,9500.0,9500.0,9500.0,2183896,20747012000
2022/05/02 12:00,9970.0,9970.0,9330.0,9780.0,7516931,72932624240
2022/05/07 12:00,9770.0,9890.0,9240.0,9330.0,4540553,43204692200
2022/05/08 12:00,9480.0,9680.0,9250.0,9410.0,3753314,35548417960
2022/05/09 12:00,9500.0,9700.0,9000.0,9010.0,6449603,58629887220
2022/05/10 12:00,9010.0,9300.0,8780.0,9040.0,4881089,44116087650
2022/05/16 12:00,9170.0,9170.0,8320.0,9170.0,1835567,16829492370
2022/05/17 12:00,9490.0,9620.0,9270.0,9400.0,7821901,74768995660
2022/05/18 12:00,9500.0,9570.0,9090.0,9100.0,3863240,35624323070
2022/05/21 12:00,9290.0,9290.0,8820.0,9000.0,3113877,28132260250
2022/05/22 12:00,8800.0,9480.0,8800.0,9370.0,7764555,73277374210
2022/05/23 12:00,9440.0,9440.0,8970.0,8970.0,5971977,53758433290
2022/05/24 12:00,8620.0,9370.0,8620.0,9050.0,1989029,17904796710
2022/05/25 12:00,9360.0,9360.0,8880.0,9000.0,1332664,12124294530
2022/05/28 12:00,9000.0,9170.0,8630.0,8660.0,2146145,18836664820
2022/05/29 12:00,8620.0,8740.0,8350.0,8430.0,3408389,28709939600
2022/05/30 12:00,8260.0,8580.0,8020.0,8080.0,3055643,25087304050
2022/05/31 12:00,7930.0,8610.0,7930.0,8390.0,5104164,41932622940
2022/06/01 12:00,8580.0,8580.0,8180.0,8200.0,2952436,24519781410
2022/06/06 12:00,8200.0,8590.0,7890.0,7890.0,5474782,43452236290
2022/06/07 12:00,7570.0,8000.0,7560.0,7770.0,2689876,20910822780
2022/06/08 12:00,7540.0,8040.0,7540.0,7810.0,1247562,9699953670
2022/06/11 12:00,7900.0,8000.0,7600.0,7630.0,2701601,20903515540
2022/06/12 12:00,7630.0,7940.0,7500.0,7850.0,2552581,19752962080
2022/06/13 12:00,8070.0,8080.0,7870.0,7920.0,1709472,13624903960
2022/06/14 12:00,8070.0,8070.0,7700.0,7870.0,1787144,14038298790
2022/06/15 12:00,7680.0,7800.0,7560.0,7630.0,1290467,9894056510
2022/06/18 12:00,7520.0,7800.0,7440.0,7460.0,1220736,9185375580
2022/06/19 12:00,7410.0,7890.0,7410.0,7750.0,1878482,14384204040
2022/06/20 12:00,8000.0,8000.0,7440.0,7740.0,2495505,19408933190
2022/06/21 12:00,7970.0,7970.0,7740.0,7870.0,1258680,9804456140
2022/06/22 12:00,7610.0,7940.0,7610.0,7730.0,1188241,9279687410
2022/06/25 12:00,8010.0,8110.0,7710.0,7880.0,1211159,9632722640
2022/06/26 12:00,8080.0,8080.0,7520.0,7680.0,727904,5572317370
2022/06/27 12:00,7540.0,7800.0,7540.0,7610.0,2122779,16239585520
2022/06/28 12:00,7680.0,7950.0,7680.0,7800.0,1606085,12524936680
2022/06/29 12:00,7700.0,7990.0,7610.0,7990.0,1266507,9908396290
2022/07/02 12:00,7900.0,7900.0,7570.0,7740.0,1372000,10589629280
2022/07/03 12:00,7590.0,7980.0,7540.0,7730.0,1439164,11080366100
2022/07/04 12:00,7570.0,7860.0,7570.0,7700.0,751386,5766641800
2022/07/05 12:00,7870.0,7870.0,7580.0,7800.0,979538,7630611940
2022/07/06 12:00,7860.0,7920.0,7610.0,7740.0,1110084,8604827850
2022/07/09 12:00,7700.0,7970.0,7460.0,7460.0,1745034,13251437390
2022/07/11 12:00,7420.0,7520.0,7230.0,7230.0,3576820,25980140980
2022/07/12 12:00,7040.0,7330.0,6950.0,7090.0,1854813,13117528270
2022/07/13 12:00,6980.0,7240.0,6980.0,7100.0,763315,5418221790
2022/07/16 12:00,7330.0,7330.0,6870.0,6870.0,1165296,8202183130
2022/07/17 12:00,6860.0,7020.0,6790.0,6820.0,1341096,9187037130
2022/07/19 12:00,6820.0,7050.0,6820.0,6950.0,384858,2691854490
2022/07/20 12:00,7000.0,7110.0,6950.0,7020.0,903857,6361219220
2022/07/23 12:00,7000.0,7170.0,6810.0,7010.0,2083067,14615450610
2022/07/24 12:00,6860.0,7080.0,6670.0,6720.0,2209562,15002220260
2022/07/25 12:00,6570.0,6890.0,6460.0,6470.0,1755693,11409377670
2022/07/26 12:00,6350.0,6650.0,6240.0,6360.0,1294834,8225205200
2022/07/27 12:00,6410.0,6740.0,6370.0,6510.0,837363,5441303420
2022/07/30 12:00,6530.0,6600.0,6210.0,6340.0,1074079,6880186680
2022/07/31 12:00,6420.0,6680.0,6150.0,6550.0,2557581,16501879430
2022/08/01 12:00,6550.0,6770.0,6460.0,6540.0,1395672,9238838990
2022/08/02 12:00,6550.0,6740.0,6510.0,6620.0,815724,5424518870
2022/08/03 12:00,6350.0,6680.0,6350.0,6610.0,2018004,13306968030
2022/08/06 12:00,6670.0,6910.0,6660.0,6910.0,2771106,19009329900
2022/08/09 12:00,7080.0,7100.0,6760.0,6810.0,1834782,12684031280
2022/08/14 12:00,6850.0,6870.0,6700.0,6870.0,618813,4197794430
2022/08/15 12:00,6600.0,7150.0,6600.0,7040.0,1989249,13787935980
2022/08/16 12:00,7090.0,7170.0,6820.0,6840.0,763048,5349802900
2022/08/17 12:00,6770.0,7110.0,6770.0,7050.0,1176204,8267392730
2022/08/20 12:00,6900.0,7350.0,6880.0,7350.0,3767576,27381229740
2022/08/21 12:00,7560.0,7630.0,7330.0,7600.0,5489677,41434959140
2022/08/22 12:00,7610.0,7850.0,7200.0,7400.0,2194366,16506473070
2022/08/23 12:00,7580.0,7790.0,7470.0,7640.0,2214486,17001848390
2022/08/24 12:00,7630.0,7900.0,7630.0,7740.0,1258004,9779118730
2022/08/27 12:00,7650.0,7870.0,7350.0,7470.0,2230585,16989706250
2022/08/28 12:00,7350.0,7540.0,7250.0,7340.0,837864,6190390130
2022/08/29 12:00,7260.0,7710.0,7250.0,7310.0,1910705,14169291140
2022/08/30 12:00,7310.0,7480.0,7210.0,7400.0,681507,5008277240
2022/08/31 12:00,7500.0,7500.0,7300.0,7420.0,962550,7082791920
2022/09/03 12:00,7480.0,7480.0,7130.0,7200.0,729879,5285508020
2022/09/04 12:00,7120.0,7550.0,7120.0,7480.0,1348384,9932621820
2022/09/05 12:00,7270.0,7520.0,7110.0,7210.0,1344257,9806627920
2022/09/06 12:00,7180.0,7340.0,7100.0,7170.0,989307,7127792380
2022/09/07 12:00,7200.0,7550.0,7200.0,7250.0,2621600,19312145940
2022/09/10 12:00,7160.0,7200.0,7010.0,7050.0,1406118,10005108390
2022/09/11 12:00,7040.0,7120.0,6850.0,7000.0,1485600,10296309940
2022/09/12 12:00,7000.0,7000.0,6700.0,6960.0,1158095,7986918090
2022/09/13 12:00,6800.0,7080.0,6750.0,6840.0,2030665,13933631820
2022/09/14 12:00,6900.0,6950.0,6650.0,6700.0,1983108,13367937990
2022/09/18 12:00,6650.0,6840.0,6530.0,6560.0,1603050,10668838670
2022/09/19 12:00,6510.0,6740.0,6510.0,6600.0,1565362,10381057580
2022/09/20 12:00,6600.0,6960.0,6600.0,6810.0,2542901,17294989460
2022/09/21 12:00,6710.0,6850.0,6620.0,6720.0,2165461,14527448550
2022/09/24 12:00,6550.0,6700.0,6380.0,6380.0,5979628,38266712730
2022/09/26 12:00,6200.0,6580.0,6200.0,6450.0,1658541,10666335030
2022/09/28 12:00,6690.0,6690.0,6440.0,6580.0,1061276,6980827180
2022/10/01 12:00,6640.0,6640.0,6170.0,6200.0,2161904,13597979940
2022/10/02 12:00,6300.0,6300.0,6030.0,6160.0,1067181,6549277270
2022/10/03 12:00,6100.0,6500.0,6100.0,6210.0,645436,4031994610
2022/10/04 12:00,6210.0,6330.0,6160.0,6330.0,736247,4596202920
2022/10/08 12:00,6150.0,6370.0,6150.0,6240.0,1230150,7689861680
2022/10/09 12:00,6250.0,6250.0,5930.0,6110.0,4366353,26035103250
2022/10/10 12:00,5850.0,6120.0,5850.0,6020.0,1429337,8557535330
2022/10/11 12:00,5910.0,6090.0,5910.0,5990.0,1080972,6491635620
2022/10/12 12:00,5940.0,6070.0,5910.0,6010.0,436662,2600388250
2022/10/15 12:00,6000.0,6000.0,5800.0,5890.0,731505,4296369190
2022/10/16 12:00,5850.0,5850.0,5660.0,5660.0,2523182,14434803620
2022/10/17 12:00,5660.0,5780.0,5500.0,5670.0,2714839,15176595390
2022/10/18 12:00,5600.0,5860.0,5600.0,5860.0,2551215,14850173530
2022/10/19 12:00,5970.0,6110.0,5910.0,6110.0,5479597,33449899430
2022/10/22 12:00,6200.0,6200.0,5900.0,6000.0,2093744,12731601520
2022/10/23 12:00,6010.0,6380.0,5970.0,6380.0,3451142,21641596640
2022/10/24 12:00,6460.0,6480.0,6080.0,6130.0,3206568,20107604290
2022/10/25 12:00,6090.0,6350.0,6010.0,6120.0,998858,6106084700
2022/10/26 12:00,6030.0,6030.0,5900.0,5900.0,4301944,25402036570
2022/10/29 12:00,5700.0,5950.0,5610.0,5730.0,2394184,13599376560
2022/10/30 12:00,5610.0,5820.0,5600.0,5780.0,1827111,10458264590
2022/10/31 12:00,5730.0,5950.0,5730.0,5810.0,1948790,11366221190
2022/11/01 12:00,5850.0,6000.0,5850.0,5900.0,665920,3945860230
2022/11/02 12:00,5830.0,5900.0,5600.0,5790.0,1090349,6259963310
2022/11/05 12:00,5930.0,6070.0,5830.0,6070.0,2658704,16073251030
2022/11/06 12:00,6160.0,6290.0,6080.0,6230.0,1051264,6528204760
2022/11/07 12:00,6300.0,6410.0,6170.0,6410.0,2794720,17824343060
2022/11/08 12:00,6600.0,6680.0,6250.0,6360.0,3575241,23090817880
2022/11/09 12:00,6460.0,6590.0,6310.0,6580.0,2905011,18797722870
2022/11/12 12:00,6690.0,6750.0,6390.0,6600.0,2212102,14645991760
2022/11/13 12:00,6510.0,6690.0,6500.0,6540.0,1340170,8839260480
2022/11/14 12:00,6590.0,6680.0,6400.0,6550.0,1545525,10111876320
2022/11/15 12:00,6540.0,6880.0,6540.0,6830.0,2148256,14375277050
2022/11/16 12:00,6900.0,6960.0,6700.0,6860.0,3258932,22237176390
2022/11/19 12:00,6930.0,6930.0,6480.0,6520.0,6652025,43345244550
2022/11/20 12:00,6510.0,6840.0,6510.0,6690.0,1371837,9210232650
2022/11/21 12:00,6550.0,6800.0,6550.0,6700.0,529415,3508726800
2022/11/22 12:00,6830.0,6830.0,6520.0,6650.0,731834,4853500220
2022/11/23 12:00,6610.0,6800.0,6600.0,6650.0,2066140,13825122340
2022/11/26 12:00,6810.0,6840.0,6670.0,6810.0,740355,5014504980
2022/11/27 12:00,6900.0,6920.0,6730.0,6910.0,1738692,11906302660
2022/11/28 12:00,6920.0,6990.0,6760.0,6830.0,1619411,11140847020
2022/11/29 12:00,6800.0,6920.0,6750.0,6830.0,1559006,10642383280
2022/11/30 12:00,6890.0,6950.0,6700.0,6800.0,811320,5538932400
2022/12/03 12:00,6720.0,6970.0,6720.0,6890.0,1571554,10845044870
2022/12/04 12:00,6820.0,7100.0,6820.0,6930.0,2171474,15142808110
2022/12/05 12:00,7000.0,7000.0,6760.0,6840.0,1139465,7831669850
2022/12/06 12:00,6820.0,6940.0,6690.0,6810.0,1636256,11075784790
2022/12/07 12:00,6750.0,6970.0,6750.0,6940.0,2666604,18400332010
2022/12/10 12:00,6990.0,7140.0,6900.0,6930.0,1948297,13572079720
2022/12/11 12:00,7000.0,7080.0,6980.0,7010.0,1410277,9915597740
2022/12/12 12:00,7030.0,7240.0,6960.0,7200.0,1994873,14267994430
2022/12/13 12:00,7100.0,7490.0,7100.0,7490.0,4658475,34785045040
2022/12/14 12:00,7840.0,7840.0,7600.0,7840.0,3683605,28861604000
2022/12/17 12:00,8100.0,8100.0,7660.0,7710.0,4504234,35153434920
2022/12/18 12:00,7880.0,7980.0,7710.0,7860.0,2780327,22007574990
2022/12/19 12:00,7630.0,8310.0,7630.0,8310.0,13586562,112131733560
2022/12/20 12:00,8310.0,8570.0,8150.0,8280.0,3206785,26649257880
2022/12/21 12:00,8280.0,8290.0,8000.0,8200.0,2786921,22757314950
2022/12/24 12:00,8280.0,8570.0,8000.0,8550.0,3112850,26026388970
2022/12/25 12:00,8630.0,8770.0,8340.0,8630.0,5326491,46204072220
2022/12/26 12:00,8700.0,8800.0,8500.0,8690.0,4712087,40826624390
2022/12/28 12:00,8700.0,9060.0,8600.0,8720.0,5321952,46699621540
2022/12/31 12:00,8740.0,8740.0,8340.0,8340.0,15575730,129969777810
2023/01/01 12:00,8450.0,8450.0,7930.0,8080.0,4258040,34315333140
2023/01/02 12:00,8100.0,8400.0,8000.0,8170.0,3171111,25997796880
2023/01/03 12:00,8200.0,8610.0,8100.0,8490.0,8716877,73375897070
2023/01/04 12:00,8630.0,8740.0,8300.0,8600.0,2317784,19859017960
2023/01/07 12:00,8700.0,8790.0,8420.0,8520.0,3376617,28818115130
2023/01/08 12:00,8400.0,8670.0,8290.0,8460.0,2202809,18756020240
2023/01/14 12:00,8790.0,8930.0,8530.0,8930.0,5344029,47485032110
2023/01/16 12:00,9330.0,9330.0,9330.0,9330.0,7231013,67465351290
2023/01/17 12:00,9790.0,9790.0,9500.0,9790.0,12301900,120351082660
2023/01/18 12:00,10260.0,10260.0,9930.0,10260.0,14894997,152726868380
2023/01/21 12:00,10760.0,10760.0,9900.0,10260.0,17788716,189901530570
2023/01/22 12:00,10260.0,10890.0,10150.0,10480.0,14542499,149089450410
2023/01/23 12:00,10510.0,10760.0,10330.0,10760.0,14219927,152575211480
2023/01/24 12:00,10600.0,11260.0,10200.0,11260.0,8570747,94027312040
2023/01/25 12:00,11510.0,11510.0,10700.0,11510.0,19240516,219750218000
2023/01/28 12:00,11870.0,11870.0,10850.0,11000.0,13014435,144869100610
2023/01/29 12:00,10590.0,10850.0,10580.0,10580.0,4056762,42935595500
2023/01/30 12:00,10120.0,10420.0,10060.0,10060.0,9323961,94133197450
2023/01/31 12:00,9760.0,10300.0,9760.0,9790.0,2138377,21383286650
2023/02/01 12:00,9770.0,9950.0,9550.0,9860.0,3019990,29275287570
2023/02/05 12:00,9990.0,10090.0,9510.0,9720.0,2242925,22151233520
2023/02/06 12:00,9620.0,9920.0,9500.0,9790.0,2294986,22420316390
2023/02/07 12:00,9930.0,10250.0,9780.0,10250.0,3760003,38511220510
2023/02/08 12:00,10390.0,10750.0,10390.0,10750.0,6584641,70512622240
2023/02/12 12:00,10950.0,10950.0,10270.0,10690.0,2041042,21706661160
2023/02/13 12:00,10850.0,10850.0,10110.0,10130.0,6673800,67700229920
2023/02/14 12:00,10360.0,10360.0,9640.0,9760.0,7801258,75417380610
2023/02/15 12:00,9470.0,9470.0,9190.0,9240.0,5214282,48162946870
2023/02/19 12:00,9340.0,9700.0,9340.0,9650.0,4251802,41040460190
2023/02/20 12:00,9510.0,10130.0,9510.0,10130.0,3387768,34214694050
2023/02/21 12:00,10540.0,10600.0,10400.0,10600.0,10573552,111883170410
2023/02/22 12:00,10640.0,10990.0,10250.0,10360.0,4867131,51261239460
2023/02/25 12:00,10510.0,11040.0,10240.0,10450.0,16691683,177156282400
2023/03/06 12:00,5090.0,5090.0,5090.0,5090.0,1882963,9584281670
2023/03/07 12:00,5340.0,5340.0,5340.0,5340.0,880201,4700273340
2023/03/11 12:00,5600.0,5600.0,5600.0,5600.0,1727354,9673182400
2023/03/12 12:00,5880.0,5880.0,5670.0,5880.0,33751877,196929940720
2023/03/13 12:00,5940.0,5940.0,5540.0,5540.0,10167697,56717424610
2023/03/14 12:00,5380.0,5460.0,5310.0,5320.0,13050161,69559139700
2023/03/15 12:00,5470.0,5590.0,5310.0,5430.0,6960838,38350016310
2023/03/18 12:00,5350.0,5660.0,5280.0,5540.0,28205473,154276591810
2023/03/19 12:00,5600.0,5740.0,5440.0,5660.0,11087090,62295455240
2023/03/25 12:00,5730.0,5730.0,5400.0,5450.0,12739935,70296523970
2023/03/26 12:00,5400.0,5410.0,5250.0,5340.0,6038157,31866517990
2023/03/28 12:00,5330.0,5520.0,5280.0,5440.0,13170617,70836973260
2023/03/29 12:00,5580.0,5580.0,5400.0,5550.0,13126604,72056104720
2023/04/03 12:00,5450.0,5650.0,5380.0,5580.0,11624753,64192365160
2023/04/04 12:00,5540.0,5740.0,5470.0,5510.0,12451093,69279533790
2023/04/05 12:00,5570.0,5830.0,5470.0,5830.0,19096671,110660250370
2023/04/08 12:00,6070.0,6070.0,6070.0,6070.0,7840363,47591003410
2023/04/09 12:00,6370.0,6370.0,6270.0,6370.0,18144611,115478271690
2023/04/10 12:00,6670.0,6670.0,6330.0,6550.0,55722230,368841157310
2023/04/11 12:00,6560.0,6950.0,6550.0,6950.0,17845938,122181602570
2023/04/15 12:00,7190.0,7190.0,7190.0,7190.0,4944208,35548855520
2023/04/16 12:00,7540.0,7540.0,7540.0,7540.0,6522299,49178134460
2023/04/17 12:00,7910.0,7910.0,7780.0,7910.0,37584852,295696587770
2023/04/18 12:00,8260.0,8260.0,8260.0,8260.0,8355514,69016545640
2023/04/19 12:00,8390.0,8600.0,7850.0,7950.0,64548637,522472286780
2023/04/24 12:00,7970.0,8490.0,7690.0,8490.0,34502217,287247720340
2023/04/25 12:00,8660.0,8670.0,8110.0,8390.0,30725664,259105388910
2023/04/26 12:00,8450.0,8590.0,8010.0,8190.0,19771817,163361278590
2023/04/29 12:00,8060.0,8460.0,7850.0,7850.0,35578878,282653532750
2023/04/30 12:00,7980.0,8190.0,7670.0,7820.0,27494685,215714704460
2023/05/01 12:00,7840.0,8160.0,7710.0,8010.0,22224569,176852102180
2023/05/02 12:00,8060.0,8350.0,8060.0,8350.0,13799407,114885410970
2023/05/03 12:00,8730.0,8740.0,8330.0,8740.0,40062290,346155377420
2023/05/06 12:00,9040.0,9040.0,8210.0,8750.0,32331387,279472962290
2023/05/07 12:00,8750.0,8750.0,8210.0,8210.0,13748236,113175986770
2023/05/08 12:00,7820.0,7820.0,7820.0,7820.0,2004141,15672382620
2023/05/09 12:00,7430.0,7810.0,7430.0,7470.0,19871400,148446008110
2023/05/10 12:00,7300.0,7790.0,7100.0,7100.0,13755179,99270135930
2023/05/17 12:00,7300.0,7430.0,7300.0,7430.0,4463349,33152750100
2023/05/20 12:00,7800.0,7800.0,7420.0,7510.0,11478833,87866298960
2023/05/21 12:00,7380.0,7590.0,7270.0,7270.0,11744662,85950803600
2023/05/22 12:00,7370.0,7470.0,7050.0,7150.0,13873486,99805740630
2023/05/23 12:00,7140.0,7280.0,6980.0,7110.0,9427574,67196392380
2023/05/24 12:00,7190.0,7210.0,6980.0,7110.0,10024100,70941831890
2023/05/27 12:00,7190.0,7190.0,6730.0,6960.0,24937027,168794236850
2023/05/28 12:00,6950.0,6950.0,6440.0,6490.0,11703428,76076306990
2023/05/29 12:00,6410.0,6760.0,6410.0,6600.0,6340863,41611260040
2023/05/30 12:00,6670.0,6880.0,6600.0,6880.0,9702544,66465081140
2023/05/31 12:00,6690.0,7040.0,6540.0,6690.0,5246674,35142074830
2023/06/03 12:00,6560.0,6990.0,6430.0,6810.0,3661023,24613993070
2023/06/06 12:00,6530.0,6850.0,6530.0,6810.0,4951725,33337211230
2023/06/07 12:00,6790.0,6790.0,6400.0,6430.0,4975243,32422806880
2023/06/10 12:00,6400.0,6400.0,6200.0,6290.0,8100631,50282293370
2023/06/11 12:00,6200.0,6440.0,6120.0,6240.0,4163791,25871389770
2023/06/12 12:00,6130.0,6280.0,5900.0,5920.0,9377254,55782512410
2023/06/13 12:00,6150.0,6240.0,5920.0,6240.0,5362674,33056947350
2023/06/14 12:00,6270.0,6460.0,6270.0,6460.0,4334975,27987795700
2023/06/17 12:00,6780.0,6780.0,6620.0,6780.0,24712712,167424413120
2023/06/18 12:00,6870.0,7100.0,6640.0,7080.0,19327486,134716539790
2023/06/19 12:00,7200.0,7300.0,6630.0,6700.0,9078674,63496001980
2023/06/20 12:00,6650.0,6880.0,6650.0,6730.0,8324314,55592189030
2023/06/21 12:00,6830.0,7010.0,6720.0,7010.0,5895720,41174585470
2023/06/24 12:00,7220.0,7220.0,6730.0,6860.0,4291112,29643548980
2023/06/25 12:00,7120.0,7120.0,6570.0,6650.0,14979717,99429212460
2023/06/26 12:00,6720.0,6820.0,6540.0,6820.0,3959338,26699889830
2023/06/27 12:00,6680.0,6910.0,6610.0,6700.0,3860039,25930708750
2023/06/28 12:00,6790.0,6790.0,6390.0,6650.0,4028284,26400675410
2023/07/01 12:00,6680.0,6680.0,6460.0,6500.0,1930871,12716142630
2023/07/02 12:00,6640.0,6780.0,6440.0,6630.0,3614621,24064605890
2023/07/03 12:00,6700.0,6790.0,6600.0,6790.0,3316806,22292877470
2023/07/04 12:00,6840.0,6840.0,6690.0,6810.0,2761194,18667231750
2023/07/05 12:00,6610.0,7090.0,6610.0,7090.0,18663132,131884688580
2023/07/08 12:00,7300.0,7420.0,7100.0,7420.0,25536414,189009578930
2023/07/09 12:00,7460.0,7650.0,7100.0,7150.0,10803118,78354700920
2023/07/10 12:00,7150.0,7200.0,6890.0,6890.0,5776701,40288278750
2023/07/11 12:00,6790.0,6900.0,6630.0,6630.0,9797009,65175538940
2023/07/12 12:00,6330.0,6500.0,6320.0,6430.0,6988025,44311766800
2023/07/15 12:00,6450.0,6650.0,6280.0,6500.0,7490932,49691962020
2023/07/16 12:00,6380.0,6680.0,6300.0,6300.0,5439131,34329344670
2023/07/17 12:00,6040.0,6230.0,6000.0,6000.0,4354214,26159467700
2023/07/18 12:00,5930.0,6310.0,5930.0,6290.0,3768331,23491401260
2023/07/19 12:00,6200.0,6540.0,6080.0,6100.0,5877965,37462559520
2023/07/22 12:00,6150.0,6350.0,6060.0,6060.0,8102461,49138671060
2023/07/23 12:00,6220.0,6300.0,5920.0,5990.0,3700796,22519641320
2023/07/24 12:00,6190.0,6350.0,5850.0,6130.0,4017459,24376915360
2023/07/25 12:00,6200.0,6370.0,6160.0,6370.0,10183323,64819670510
2023/07/26 12:00,6680.0,6680.0,6400.0,6680.0,24157135,160407151810
2023/07/29 12:00,6680.0,6850.0,6490.0,6530.0,5239264,34808970190
2023/07/30 12:00,6640.0,6640.0,6310.0,6390.0,8479538,53675002590
2023/07/31 12:00,6430.0,6590.0,6160.0,6410.0,3181875,20229030710
2023/08/01 12:00,6500.0,6520.0,6290.0,6380.0,3365380,21376330010
2023/08/05 12:00,6440.0,6660.0,6440.0,6500.0,4973295,32718937680
2023/08/06 12:00,6650.0,6900.0,6420.0,6900.0,18020595,122913278790
2023/08/07 12:00,7030.0,7120.0,6610.0,6640.0,18648350,128632553660
2023/08/08 12:00,6640.0,6670.0,6560.0,6560.0,12095192,79513622250
2023/08/09 12:00,6690.0,6690.0,6410.0,6450.0,2053598,13347138860
2023/08/12 12:00,6410.0,6570.0,6180.0,6180.0,17704935,109509685550
2023/08/13 12:00,5970.0,6350.0,5890.0,6080.0,11016105,66009367480
2023/08/14 12:00,6190.0,6200.0,5990.0,5990.0,5824613,35461138820
2023/08/15 12:00,6100.0,6100.0,5790.0,5790.0,9259817,53822256880
2023/08/16 12:00,5950.0,6010.0,5840.0,6000.0,3165314,18935976560
2023/08/19 12:00,5920.0,5920.0,5690.0,5710.0,7289105,41577239750
2023/08/20 12:00,5600.0,5840.0,5420.0,5680.0,10218407,57097361450
2023/08/21 12:00,5770.0,5770.0,5320.0,5320.0,4313756,23444219800
2023/08/22 12:00,5290.0,5300.0,5160.0,5180.0,6344265,32872498940
2023/08/27 12:00,5430.0,5430.0,5430.0,5430.0,1772879,9626732970
2023/08/28 12:00,5700.0,5700.0,5700.0,5700.0,2139392,12194534400
2023/08/29 12:00,5800.0,5940.0,5550.0,5790.0,8698253,50468145040
2023/08/30 12:00,5950.0,5950.0,5720.0,5750.0,3056948,17825512770
2023/09/02 12:00,5820.0,5880.0,5650.0,5720.0,3881192,22268081960
2023/09/03 12:00,5800.0,5840.0,5620.0,5640.0,4819652,27477214480
2023/09/04 12:00,5750.0,5940.0,5600.0,5750.0,3246566,18833102890
2023/09/05 12:00,5750.0,5920.0,5690.0,5890.0,4192243,24502285780
2023/09/09 12:00,5730.0,5850.0,5600.0,5770.0,4204810,24051052380
2023/09/10 12:00,5620.0,5870.0,5550.0,5860.0,3542005,20397189140
2023/09/11 12:00,5720.0,5950.0,5720.0,5810.0,1790413,10453570010
2023/09/12 12:00,5880.0,5980.0,5800.0,5890.0,2767861,16376891730
2023/09/13 12:00,5730.0,5910.0,5710.0,5840.0,1971765,11377187130
2023/09/17 12:00,5850.0,6050.0,5850.0,6030.0,4282980,25713126510
2023/09/18 12:00,6060.0,6150.0,5800.0,5840.0,2330915,13749854900
2023/09/19 12:00,5800.0,5890.0,5650.0,5730.0,5099737,29247583310
2023/09/20 12:00,5660.0,5760.0,5610.0,5680.0,1060805,5995564810
2023/09/23 12:00,5680.0,5840.0,5500.0,5670.0,2818213,15964452110
2023/09/25 12:00,5840.0,5840.0,5510.0,5630.0,3445607,19426947500
2023/09/26 12:00,5620.0,5920.0,5600.0,5780.0,4495822,26092190050
2023/09/27 12:00,5830.0,6090.0,5750.0,6090.0,7722050,46881874370
2023/09/30 12:00,6370.0,6370.0,5810.0,6100.0,14264057,89802779930
2023/10/01 12:00,6130.0,6230.0,5990.0,6010.0,6665896,40171467540
2023/10/02 12:00,6000.0,6090.0,5900.0,6000.0,1983487,11895939130
2023/10/04 12:00,5990.0,6210.0,5990.0,6100.0,2293423,14035060940
2023/10/07 12:00,6160.0,6160.0,5820.0,5820.0,3216332,18979594090
2023/10/08 12:00,5670.0,5730.0,5610.0,5610.0,5089527,28564884080
2023/10/09 12:00,5330.0,5570.0,5330.0,5450.0,4882782,26229862900
2023/10/10 12:00,5460.0,5540.0,5220.0,5430.0,4370933,23386393710
2023/10/11 12:00,5490.0,5610.0,5400.0,5460.0,6253034,34660154960
2023/10/14 12:00,5540.0,5540.0,5270.0,5270.0,4059999,21426215790
2023/10/15 12:00,5210.0,5390.0,5080.0,5190.0,2560863,13220241580
2023/10/16 12:00,5360.0,5410.0,5230.0,5410.0,4653612,25097986290
2023/10/17 12:00,5290.0,5490.0,5260.0,5260.0,3114963,16634875460
2023/10/18 12:00,5170.0,5420.0,5130.0,5350.0,4166014,22186654730
2023/10/21 12:00,5180.0,5430.0,5180.0,5410.0,2056607,11047959630
2023/10/22 12:00,5300.0,5630.0,5300.0,5630.0,6933919,38653967890
2023/10/23 12:00,5470.0,5690.0,5470.0,5600.0,2243800,12528192840
2023/10/24 12:00,5680.0,5700.0,5310.0,5310.0,21901279,116639990710
2023/10/25 12:00,5350.0,5390.0,5160.0,5240.0,5870096,31129781530
2023/10/28 12:00,5200.0,5200.0,5040.0,5040.0,16322585,82296043400
2023/10/29 12:00,4850.0,5200.0,4850.0,4940.0,11113505,55440225480
2023/10/30 12:00,5010.0,5160.0,4990.0,5030.0,4005878,20298136730
2023/10/31 12:00,5040.0,5300.0,4980.0,5140.0,6578860,33798682130
2023/11/01 12:00,4990.0,5000.0,4890.0,5000.0,4585182,22552404450
2023/11/04 12:00,4940.0,5160.0,4940.0,5124.0,2874448,14648405588
2023/11/05 12:00,5150.0,5150.0,5020.0,5047.0,1669096,8442835475
2023/11/06 12:00,4902.0,5310.0,4902.0,5310.0,8741291,45794560357
2023/11/07 12:00,5300.0,5496.0,5240.0,5390.0,9393570,50523196114
2023/11/08 12:00,5440.0,5620.0,5350.0,5371.0,8773301,47954177344
2023/11/11 12:00,5330.0,5460.0,5300.0,5340.0,1715135,9180526110
2023/11/12 12:00,5340.0,5430.0,5090.0,5290.0,67444485,346151863420
2023/11/13 12:00,5360.0,5380.0,5310.0,5380.0,12758818,68608019290
2023/11/14 12:00,5550.0,5640.0,5260.0,5560.0,72583342,404335549510
2023/11/15 12:00,5600.0,5770.0,5300.0,5610.0,25470154,142164217300
2023/11/18 12:00,5650.0,5850.0,5560.0,5650.0,29140779,167424995470
2023/11/19 12:00,5580.0,5710.0,5470.0,5690.0,17810662,99243342650
2023/11/20 12:00,5650.0,5770.0,5490.0,5500.0,14332523,80421822760
2023/11/21 12:00,5460.0,5710.0,5460.0,5710.0,12360425,69592623600
2023/11/22 12:00,5770.0,5770.0,5650.0,5700.0,8747292,49784781880
2023/11/25 12:00,5790.0,5840.0,5520.0,5750.0,13801351,78438464960
2023/11/26 12:00,5690.0,5840.0,5640.0,5810.0,7415789,42776803650
2023/11/27 12:00,5800.0,5840.0,5690.0,5790.0,8874121,51194505280
2023/11/28 12:00,5740.0,5810.0,5600.0,5800.0,6051882,34986597580
2023/11/29 12:00,5790.0,5850.0,5700.0,5820.0,9629129,55538179500
2023/12/02 12:00,5860.0,6050.0,5860.0,6050.0,5768600,34896356580
2023/12/03 12:00,6100.0,6340.0,6080.0,6210.0,11863881,73636961060
2023/12/04 12:00,6160.0,6340.0,6000.0,6070.0,12426108,76260894260
2023/12/05 12:00,6190.0,6190.0,5910.0,5970.0,7824472,46759261640
2023/12/06 12:00,6080.0,6080.0,5780.0,5850.0,7331664,43220582350
2023/12/09 12:00,5750.0,5860.0,5610.0,5610.0,14977384,84626225430
2023/12/10 12:00,5610.0,5780.0,5370.0,5740.0,30691109,171771400820
2023/12/11 12:00,5690.0,5880.0,5690.0,5880.0,45263029,265962858250
2023/12/12 12:00,6000.0,6040.0,5800.0,5830.0,30766630,182527361990
2023/12/13 12:00,5800.0,5950.0,5640.0,5710.0,9474800,54394953350
2023/12/16 12:00,5710.0,5900.0,5680.0,5820.0,7032309,40781715890
2023/12/18 12:00,5930.0,5950.0,5790.0,5810.0,11565826,67896275260
2023/12/19 12:00,5900.0,5900.0,5670.0,5740.0,8370586,48581133200
2023/12/20 12:00,5750.0,5950.0,5700.0,5890.0,10617992,62286134910
2023/12/23 12:00,5890.0,5980.0,5840.0,5870.0,11741607,69603936510
2023/12/24 12:00,5810.0,5940.0,5680.0,5820.0,8704792,50317235930
2023/12/25 12:00,5710.0,5820.0,5640.0,5690.0,5611118,32133597140
2023/12/26 12:00,5640.0,5640.0,5490.0,5600.0,7130465,39718738970
2023/12/27 12:00,5600.0,5730.0,5530.0,5700.0,12086899,67966235990
2023/12/30 12:00,5780.0,5820.0,5660.0,5680.0,5377913,30765319750
2023/12/31 12:00,5800.0,5800.0,5610.0,5610.0,5149875,29068214100
2024/01/01 12:00,5600.0,5750.0,5560.0,5590.0,5926379,33303084590
2024/01/02 12:00,5600.0,5690.0,5580.0,5630.0,3816970,21454002020
2024/01/03 12:00,5570.0,5840.0,5560.0,5720.0,5981031,34037392910
2024/01/06 12:00,5700.0,5920.0,5610.0,5860.0,12329947,71988978210
2024/01/07 12:00,5870.0,6130.0,5870.0,6050.0,27706656,168221687830
2024/01/08 12:00,6070.0,6170.0,5900.0,5910.0,7746970,46195706190
2024/01/09 12:00,5880.0,5990.0,5830.0,5880.0,6990310,41218868400
2024/01/10 12:00,5950.0,6020.0,5810.0,6000.0,9444418,56027739540
2024/01/13 12:00,6080.0,6220.0,5900.0,6110.0,32018971,198203759710
2024/01/14 12:00,6150.0,6200.0,6070.0,6170.0,12384018,76007443640
2024/01/15 12:00,6050.0,6110.0,5840.0,5980.0,25256979,149969678540
2024/01/16 12:00,5890.0,6090.0,5770.0,5830.0,7545310,44145670560
2024/01/17 12:00,5900.0,5940.0,5800.0,5850.0,2584624,15133699810
2024/01/20 12:00,5820.0,5940.0,5570.0,5580.0,9763984,55302959130
2024/01/21 12:00,5500.0,5780.0,5450.0,5590.0,10947872,60727302990
2024/01/22 12:00,5450.0,5760.0,5410.0,5530.0,7709078,42805454620
2024/01/23 12:00,5560.0,5600.0,5280.0,5310.0,16714634,88624657830
2024/01/24 12:00,5310.0,5490.0,5310.0,5450.0,3699315,19954976960
2024/01/27 12:00,5530.0,5560.0,5430.0,5510.0,3375481,18549590560
2024/01/28 12:00,5400.0,5770.0,5400.0,5770.0,11517130,65628421090
2024/01/29 12:00,5890.0,5980.0,5650.0,5980.0,37803349,224421393240
2024/01/30 12:00,6050.0,6230.0,5930.0,5970.0,40163258,247898245170
2024/01/31 12:00,6000.0,6150.0,5870.0,6050.0,13935847,83681029100
2024/02/03 12:00,6000.0,6110.0,5880.0,6060.0,7471014,44920386040
2024/02/04 12:00,6000.0,6090.0,5910.0,5950.0,7679425,45885261010
2024/02/05 12:00,6080.0,6080.0,5820.0,5890.0,8280023,48764591500
2024/02/06 12:00,6000.0,6000.0,5790.0,5880.0,5746259,33803248260
2024/02/07 12:00,5840.0,5970.0,5840.0,5970.0,3253580,19210286860
2024/02/10 12:00,5840.0,5960.0,5750.0,5790.0,6817354,39911848780
2024/02/12 12:00,5730.0,5890.0,5710.0,5730.0,8598955,49678858070
2024/02/13 12:00,5700.0,5830.0,5610.0,5620.0,5496874,31522079610
2024/02/14 12:00,5660.0,5880.0,5660.0,5780.0,6520029,37821948440
2024/02/17 12:00,5660.0,5840.0,5630.0,5740.0,6755870,38587361330
2024/02/18 12:00,5670.0,5860.0,5600.0,5750.0,7198289,40915120320
2024/02/19 12:00,5800.0,5800.0,5640.0,5740.0,8234711,46924609220
2024/02/20 12:00,5690.0,5800.0,5610.0,5730.0,3123886,17860441270
2024/02/21 12:00,5630.0,5750.0,5620.0,5620.0,2778561,15785918390
2024/02/24 12:00,5610.0,5840.0,5560.0,5650.0,4971515,28384553330
2024/02/26 12:00,5590.0,5720.0,5430.0,5430.0,8725664,47820165660
2024/02/27 12:00,5480.0,5680.0,5250.0,5580.0,11858695,64587444690
2024/02/28 12:00,5570.0,5660.0,5390.0,5530.0,6720335,36942610040
2024/03/02 12:00,5450.0,5740.0,5280.0,5680.0,10347016,57136994320
2024/03/03 12:00,5670.0,5790.0,5410.0,5500.0,19725145,111577359230
2024/03/04 12:00,5550.0,5660.0,5450.0,5450.0,5375261,29858734710
2024/03/05 12:00,5560.0,5740.0,5490.0,5530.0,5787746,32350738740
2024/03/06 12:00,5600.0,5600.0,5320.0,5440.0,13319331,71520393800
2024/03/10 12:00,5320.0,5500.0,5280.0,5410.0,2070778,11253752350
2024/03/11 12:00,5390.0,5700.0,5340.0,5700.0,15460819,86828028780
2024/03/12 12:00,5730.0,5900.0,5580.0,5630.0,33830272,196938346910
2024/03/13 12:00,5830.0,5900.0,5700.0,5750.0,17658917,102127417000
2024/03/16 12:00,5690.0,5870.0,5600.0,5620.0,11116276,63667998030
2024/03/17 12:00,5840.0,6010.0,5700.0,5980.0,10983408,65514111900
2024/03/18 12:00,5960.0,6210.0,5880.0,6160.0,27108222,164527398710
2024/03/24 12:00,6270.0,6370.0,6260.0,6370.0,8204654,52192843000
2024/03/25 12:00,6610.0,6610.0,6300.0,6370.0,10887712,70035397920
2024/03/26 12:00,6380.0,6530.0,6290.0,6320.0,18376806,117181140990
2024/03/27 12:00,6390.0,6690.0,6390.0,6540.0,23560096,155216949120
2024/03/30 12:00,6460.0,6780.0,6460.0,6600.0,8157428,54300358780
2024/04/02 12:00,6350.0,6490.0,6330.0,6420.0,12860170,81757008880
2024/04/03 12:00,6400.0,6440.0,6110.0,6240.0,8635395,53681915310
2024/04/06 12:00,6200.0,6200.0,5910.0,5910.0,15206388,90382500800
2024/04/07 12:00,6050.0,6230.0,5860.0,6050.0,11845441,71322462410
2024/04/08 12:00,5950.0,6300.0,5950.0,6180.0,6464896,40078374800
2024/04/09 12:00,6230.0,6510.0,6120.0,6510.0,25800527,166614787100
2024/04/29 12:00,6140.0,6140.0,6140.0,6140.0,2566941,15761017740
2024/04/30 12:00,5840.0,5840.0,5840.0,5840.0,15243014,89019201760
2024/05/01 12:00,5550.0,5690.0,5550.0,5560.0,91136850,506584890510
2024/05/05 12:00,5620.0,5700.0,5450.0,5540.0,23553415,131438215730
2024/05/06 12:00,5620.0,5620.0,5410.0,5470.0,6043590,32952524950
2024/05/07 12:00,5430.0,5600.0,5430.0,5510.0,7130441,39224779410
2024/05/08 12:00,5500.0,5560.0,5270.0,5370.0,9602899,51587067390
2024/05/28 12:00,5020.0,5020.0,5020.0,5020.0,3159513,15860755260
2024/05/29 12:00,4920.0,4990.0,4920.0,4920.0,35177396,173273243130
2024/06/01 12:00,5009.0,5009.0,4832.0,4832.0,12055996,58470799343
2024/06/02 12:00,4762.0,4762.0,4753.0,4753.0,4928802,23428342165
2024/06/05 12:00,4800.0,4800.0,4658.0,4658.0,4184890,19495809165
2024/06/08 12:00,4566.0,4567.0,4566.0,4566.0,2342453,10695641498
2024/06/09 12:00,4475.0,4510.0,4475.0,4475.0,9928307,44448587129
2024/06/10 12:00,4565.0,4565.0,4425.0,4440.0,7564915,33660396730
2024/06/11 12:00,4420.0,4481.0,4361.0,4361.0,6250793,27317009164
2024/06/12 12:00,4287.0,4426.0,4283.0,4318.0,9141437,39382018404
2024/06/15 12:00,4290.0,4312.0,4222.0,4222.0,9947647,42044052504
2024/06/16 12:00,4143.0,4143.0,4143.0,4143.0,7042734,29178046962
2024/06/18 12:00,4144.0,4171.0,4061.0,4061.0,9593673,39307254452
2024/06/19 12:00,4016.0,4152.0,4016.0,4085.0,4292604,17533338473
2024/06/22 12:00,4125.0,4146.0,4081.0,4085.0,5861227,24015137490
2024/06/23 12:00,4117.0,4130.0,4079.0,4092.0,4663142,19100292478
2024/06/24 12:00,4104.0,4177.0,4104.0,4177.0,5026445,20922245896
2024/06/26 12:00,4163.0,4245.0,4163.0,4245.0,2464437,10455335584
2024/06/29 12:00,4496.0,4496.0,4240.0,4242.0,6519325,28353489196
2024/06/30 12:00,4200.0,4298.0,4089.0,4089.0,8409219,34603264417
2024/07/01 12:00,4155.0,4155.0,3997.0,4110.0,3287576,13355129922
2024/07/02 12:00,4043.0,4276.0,4043.0,4274.0,2078398,8758272957
2024/07/03 12:00,4261.0,4395.0,4257.0,4393.0,4516680,19512512806
2024/07/06 12:00,4579.0,4579.0,4579.0,4579.0,1128172,5165899588
2024/07/07 12:00,4848.0,4848.0,4571.0,4590.0,13989139,65099751958
2024/07/08 12:00,4650.0,4769.0,4454.0,4720.0,5982501,27800305918
2024/07/09 12:00,4735.0,4749.0,4631.0,4740.0,5333263,25216683719
2024/07/10 12:00,4728.0,4731.0,4690.0,4691.0,7276465,34269821446
2024/07/13 12:00,4523.0,4730.0,4523.0,4713.0,4237303,19908024041
2024/07/14 12:00,4711.0,4727.0,4510.0,4700.0,4739230,22062736507
2024/07/17 12:00,4651.0,4934.0,4651.0,4934.0,8285176,40662658922
2024/07/20 12:00,5202.0,5202.0,5003.0,5045.0,27173221,140735126854
2024/07/21 12:00,4960.0,5076.0,4869.0,4965.0,9306279,45508230907
2024/07/22 12:00,4800.0,4980.0,4800.0,4950.0,3825018,18898747540
2024/07/23 12:00,4979.0,4979.0,4790.0,4968.0,5286649,25917555137
2024/07/24 12:00,4846.0,5029.0,4845.0,5020.0,2512062,12486133514
2024/07/27 12:00,5022.0,5268.0,5022.0,5268.0,9122148,47878004940
2024/07/29 12:00,5489.0,5540.0,5249.0,5252.0,17593016,94686263276
2024/07/30 12:00,5368.0,5368.0,5126.0,5223.0,12237584,63930189051
2024/07/31 12:00,4911.0,5190.0,4911.0,4911.0,22772751,112117703991
2024/08/03 12:00,4628.0,4628.0,4628.0,4628.0,2348820,10870338960
2024/08/04 12:00,4582.0,4582.0,4582.0,4582.0,3343748,15321053336
2024/08/05 12:00,4537.0,4540.0,4537.0,4537.0,16734109,75922672033
2024/08/06 12:00,4559.0,4559.0,4493.0,4524.0,3282792,14825895726
2024/08/10 12:00,4489.0,4540.0,4479.0,4479.0,2135578,9587965537
2024/08/11 12:00,4471.0,4471.0,4455.0,4455.0,4535982,20208706935
2024/08/12 12:00,4415.0,4415.0,4411.0,4411.0,2286495,10085749910
2024/08/13 12:00,4381.0,4448.0,4381.0,4381.0,2469182,10817708874
2024/08/14 12:00,4433.0,4435.0,4433.0,4435.0,1046954,4643141376
2024/08/17 12:00,4493.0,4493.0,4420.0,4493.0,5611320,25190602362
2024/08/18 12:00,4577.0,4578.0,4406.0,4500.0,7341403,33011429951
2024/08/19 12:00,4532.0,4540.0,4414.0,4414.0,2155230,9602333859
2024/08/20 12:00,4493.0,4493.0,4430.0,4430.0,968586,4323211187
2024/08/21 12:00,4440.0,4525.0,4412.0,4523.0,2129722,9481448438
2024/08/24 12:00,4525.0,4547.0,4500.0,4547.0,4419997,19992902032
2024/08/26 12:00,4610.0,4610.0,4557.0,4557.0,4905777,22542416390
2024/08/27 12:00,4505.0,4680.0,4504.0,4516.0,4710127,21355422329
2024/08/28 12:00,4451.0,4624.0,4451.0,4624.0,7339459,33926317863
2024/08/31 12:00,4624.0,4714.0,4624.0,4714.0,1568418,7386485319
2024/09/01 12:00,4757.0,4757.0,4599.0,4660.0,2051783,9617742624
2024/09/03 12:00,4661.0,4732.0,4619.0,4640.0,831550,3880812376
2024/09/07 12:00,4740.0,4740.0,4578.0,4587.0,1761346,8152287954
2024/09/08 12:00,4683.0,4710.0,4586.0,4586.0,1361563,6310914726
2024/09/09 12:00,4513.0,4700.0,4513.0,4590.0,6894199,31898941320
2024/09/10 12:00,4765.0,4765.0,4700.0,4714.0,8885012,42248668956
2024/09/11 12:00,4770.0,4771.0,4710.0,4749.0,3617022,17111036111
2024/09/14 12:00,4752.0,4771.0,4590.0,4592.0,4762096,22202384797
2024/09/15 12:00,4600.0,4649.0,4576.0,4630.0,3979417,18346807975
2024/09/16 12:00,4600.0,4691.0,4600.0,4633.0,3540284,16407825218
2024/09/17 12:00,4700.0,4774.0,4680.0,4774.0,6707964,31850446641
2024/09/18 12:00,4714.0,4890.0,4714.0,4890.0,5525976,26740000236
2024/09/22 12:00,4958.0,4984.0,4823.0,4984.0,6107168,30330999062
2024/09/23 12:00,5114.0,5114.0,5050.0,5114.0,4969483,25406204671
2024/09/24 12:00,5149.0,5265.0,5144.0,5200.0,6744092,35250629432
2024/09/25 12:00,5300.0,5300.0,5071.0,5071.0,5288178,27253754191
2024/09/28 12:00,5110.0,5110.0,5110.0,5110.0,2111671,10790638810
2024/09/29 12:00,5070.0,5110.0,5070.0,5110.0,12404047,62913436160
2024/09/30 12:00,5060.0,5120.0,5020.0,5020.0,4692218,23707120850
2024/10/01 12:00,5000.0,5010.0,5000.0,5000.0,3712449,18562309120
2024/10/02 12:00,4950.0,4990.0,4950.0,4950.0,7600891,37625774310
2024/10/05 12:00,4999.0,4999.0,4901.0,4901.0,4405600,21602250716
2024/10/06 12:00,4854.0,4854.0,4854.0,4854.0,2605704,12648087216
2024/10/07 12:00,4813.0,4890.0,4813.0,4814.0,10607684,51104829545
2024/10/08 12:00,4860.0,4866.0,4782.0,4866.0,2601650,12640195516
2024/10/09 12:00,4900.0,4901.0,4900.0,4901.0,1530101,7499020001
2024/10/12 12:00,5021.0,5023.0,4933.0,5023.0,4238575,21259537322
2024/10/13 12:00,5155.0,5166.0,5028.0,5064.0,5714221,29240605559
2024/10/14 12:00,5200.0,5200.0,4964.0,4964.0,5412848,26999891039
2024/10/15 12:00,4841.0,4900.0,4839.0,4839.0,7548198,36531199960
2024/10/16 12:00,4750.0,4985.0,4750.0,4985.0,5413165,26863473502
2024/10/19 12:00,4855.0,4882.0,4815.0,4815.0,8928309,43011051796
2024/10/20 12:00,4961.0,4961.0,4750.0,4866.0,6964384,34208065836
2024/10/21 12:00,5000.0,5000.0,4769.0,4784.0,4389066,21348888898
2024/10/22 12:00,4919.0,4919.0,4719.0,4719.0,5695034,26979444126
2024/10/23 12:00,4602.0,4700.0,4595.0,4595.0,4126639,18982512647
2024/10/26 12:00,4738.0,4738.0,4738.0,4738.0,3584971,16985592598
2024/10/27 12:00,4880.0,4880.0,4880.0,4880.0,402389,1963658320
2024/10/28 12:00,4898.0,4898.0,4898.0,4898.0,521216,2552915968
2024/10/29 12:00,4922.0,4922.0,4922.0,4922.0,7306825,35964192650
2024/10/30 12:00,4950.0,5069.0,4850.0,5069.0,12292811,62221666813
2024/11/02 12:00,5070.0,5190.0,4970.0,5010.0,6077213,30916966660
2024/11/03 12:00,5090.0,5090.0,4940.0,4940.0,8534018,42267235910
2024/11/04 12:00,4810.0,5090.0,4810.0,5070.0,6497790,32169404360
2024/11/05 12:00,5090.0,5090.0,5060.0,5090.0,2161136,10996210310
2024/11/06 12:00,5120.0,5200.0,4900.0,5200.0,6415939,32660568000
2024/11/09 12:00,5240.0,5240.0,5240.0,5240.0,3044158,15951387920
2024/11/10 12:00,5390.0,5390.0,5390.0,5390.0,3457287,18634776930
2024/11/11 12:00,5550.0,5550.0,5550.0,5550.0,4410967,24480866850
2024/11/12 12:00,5650.0,5710.0,5520.0,5550.0,15384193,87123942190
2024/11/13 12:00,5520.0,5770.0,5520.0,5660.0,5760390,32631082930
2024/11/16 12:00,5820.0,5820.0,5730.0,5800.0,13181265,76594641790
2024/11/17 12:00,5870.0,5920.0,5640.0,5640.0,12291145,69876360810
2024/11/18 12:00,5690.0,5860.0,5690.0,5860.0,19099927,111788780320
2024/11/19 12:00,5850.0,6020.0,5780.0,5810.0,29228331,175071217430
2024/11/20 12:00,5950.0,6000.0,5820.0,5820.0,7442960,43445246190
2024/11/23 12:00,5820.0,5950.0,5740.0,5830.0,3795453,22160113350
2024/11/24 12:00,5790.0,6010.0,5790.0,6010.0,13978694,83620500400
2024/11/25 12:00,5990.0,6090.0,5890.0,5930.0,21788829,130038057990
2024/11/26 12:00,6070.0,6120.0,5800.0,5800.0,17476048,102615401160
2024/11/27 12:00,5880.0,5920.0,5700.0,5760.0,10315962,59066360310
2024/11/30 12:00,5750.0,5900.0,5650.0,5810.0,11889084,69624132190
2024/12/01 12:00,5840.0,5870.0,5690.0,5800.0,7642152,43835926930
2024/12/02 12:00,5850.0,5910.0,5850.0,5910.0,9551637,56445545350
2024/12/03 12:00,6080.0,6080.0,5870.0,5900.0,15526823,92909049830
2024/12/04 12:00,5970.0,6150.0,5870.0,6150.0,47461112,288737464800
2024/12/07 12:00,6140.0,6160.0,5900.0,5900.0,14322381,84711829590
2024/12/08 12:00,5990.0,5990.0,5740.0,5880.0,10988013,63435468610
2024/12/09 12:00,5920.0,5940.0,5890.0,5940.0,9242979,54885126500
2024/12/10 12:00,6050.0,6110.0,5850.0,5980.0,26795280,160325229800
2024/12/11 12:00,6080.0,6150.0,5920.0,6150.0,22040026,134167796180
2024/12/14 12:00,6170.0,6270.0,6170.0,6270.0,8279907,51910416680
2024/12/15 12:00,6400.0,6450.0,6260.0,6320.0,17339440,111001822330
2024/12/16 12:00,6270.0,6450.0,6210.0,6210.0,13202211,82824740090
2024/12/17 12:00,6090.0,6200.0,6090.0,6090.0,7179857,43805799210
2024/12/18 12:00,5920.0,6050.0,5920.0,5920.0,13091470,77588045320
2024/12/21 12:00,6030.0,6100.0,6030.0,6100.0,7777657,47426481090
2024/12/22 12:00,6100.0,6240.0,6060.0,6130.0,7982544,49004969390
2024/12/23 12:00,6010.0,6220.0,6010.0,6050.0,5056033,30795550420
2024/12/24 12:00,6020.0,6190.0,5980.0,6000.0,12186364,74071733910
2024/12/25 12:00,6050.0,6100.0,5900.0,6020.0,12060344,71590883810
2024/12/28 12:00,6050.0,6110.0,5910.0,6110.0,7485614,45390102930
2024/12/29 12:00,6220.0,6220.0,5940.0,5980.0,6234402,37461798580
2024/12/30 12:00,6020.0,6020.0,5830.0,5850.0,11977538,70241446950
2024/12/31 12:00,5830.0,6030.0,5830.0,5910.0,6074646,36235829850
2025/01/01 12:00,5970.0,6030.0,5930.0,5950.0,6961072,41418671720
2025/01/04 12:00,6080.0,6120.0,6010.0,6120.0,12115898,74057641330
2025/01/05 12:00,6290.0,6290.0,6170.0,6240.0,14402257,90359909440
2025/01/06 12:00,6290.0,6450.0,6220.0,6450.0,25466258,164045893480
2025/01/07 12:00,6630.0,6630.0,6630.0,6630.0,3746851,24841622130
2025/01/08 12:00,6820.0,6820.0,6750.0,6820.0,21413759,145851515630
2025/01/11 12:00,6820.0,6900.0,6610.0,6610.0,15949562,106461823190
2025/01/12 12:00,6480.0,6530.0,6470.0,6470.0,6461832,41829756140
2025/01/13 12:00,6400.0,6660.0,6290.0,6590.0,39527720,256719958180
2025/01/15 12:00,6510.0,6680.0,6370.0,6400.0,11798821,77744544920
2025/01/18 12:00,6510.0,6550.0,6400.0,6400.0,8554961,54869140930
2025/01/19 12:00,6380.0,6540.0,6270.0,6350.0,5052848,32250104950
2025/01/20 12:00,6230.0,6450.0,6190.0,6190.0,6727499,41958284710
2025/01/21 12:00,6240.0,6340.0,6100.0,6160.0,9144321,56697570370
2025/01/22 12:00,6200.0,6380.0,6190.0,6260.0,11359267,71293997510
2025/01/25 12:00,6280.0,6400.0,6240.0,6340.0,4803003,30405884780
2025/01/26 12:00,6330.0,6420.0,6160.0,6300.0,7560843,47374122010
2025/01/27 12:00,6270.0,6350.0,6130.0,6130.0,4375810,27094557280
2025/01/29 12:00,6060.0,6320.0,6020.0,6240.0,3069632,19026163620
2025/02/01 12:00,6240.0,6310.0,6020.0,6070.0,7870405,47846770920
2025/02/02 12:00,6180.0,6240.0,6110.0,6170.0,3359572,20628753360
2025/02/03 12:00,6140.0,6200.0,5960.0,6100.0,11796264,71227822660
2025/02/04 12:00,6140.0,6200.0,6030.0,6100.0,3534626,21507945380
2025/02/05 12:00,6190.0,6190.0,5980.0,6010.0,2784245,16799543890
2025/02/09 12:00,5930.0,6140.0,5850.0,5850.0,14802734,87796562910
2025/02/11 12:00,5960.0,5960.0,5760.0,5760.0,7701991,44512110230
2025/02/15 12:00,5780.0,5780.0,5610.0,5610.0,6472184,36381585710
2025/02/16 12:00,5500.0,5530.0,5460.0,5460.0,13196363,72101857230
2025/02/17 12:00,5400.0,5620.0,5360.0,5360.0,4938863,26840763360
2025/02/18 12:00,5410.0,5550.0,5370.0,5450.0,4060926,22180621750
2025/02/19 12:00,5460.0,5540.0,5400.0,5400.0,3363747,18321420640
2025/02/22 12:00,5400.0,5590.0,5290.0,5310.0,2540229,13615950310
2025/02/23 12:00,5290.0,5490.0,5290.0,5410.0,1406843,7542943320
2025/02/24 12:00,5450.0,5530.0,5450.0,5530.0,20291171,112204922640
2025/02/25 12:00,5560.0,5690.0,5480.0,5520.0,5998060,33708613580
2025/02/26 12:00,5620.0,5780.0,5540.0,5710.0,4375288,25000953850
2025/03/01 12:00,5700.0,5780.0,5620.0,5620.0,2334061,13269628910
2025/03/02 12:00,5640.0,5690.0,5520.0,5610.0,6173944,34299140040
2025/03/03 12:00,5400.0,5400.0,5400.0,5400.0,5370618,29001337200
2025/03/04 12:00,5400.0,5540.0,5240.0,5240.0,6044719,31882618610
2025/03/05 12:00,5260.0,5400.0,5140.0,5190.0,3030458,15723268890
2025/03/08 12:00,5040.0,5180.0,5040.0,5040.0,6124934,30932586390
2025/03/09 12:00,4900.0,4990.0,4900.0,4900.0,8808825,43180996540
2025/03/10 12:00,4870.0,4920.0,4760.0,4820.0,4150273,19891194540
2025/03/11 12:00,4820.0,4890.0,4700.0,4760.0,2269875,10863147020
2025/03/26 12:00,3050.0,3139.0,2965.0,3138.0,4248469,13328485435
2025/03/29 12:00,3191.0,3218.0,3156.0,3218.0,3269384,10437144216
2025/03/30 12:00,3187.0,3249.0,3151.0,3187.0,7637398,24273096516
2025/04/05 12:00,3177.0,3237.0,3146.0,3230.0,3523630,11218183363
2025/04/06 12:00,3190.0,3229.0,3135.0,3137.0,3353439,10601084659
2025/04/07 12:00,3171.0,3190.0,3118.0,3125.0,4296686,13540278435
2025/04/08 12:00,3247.0,3247.0,3211.0,3247.0,10983350,35662035612
2025/04/09 12:00,3342.0,3342.0,3189.0,3234.0,2898566,9369634566
2025/04/12 12:00,3328.0,3335.0,3229.0,3330.0,5292483,17258424027
2025/04/13 12:00,3358.0,3358.0,3358.0,3358.0,3756297,12613645326
2025/04/14 12:00,3440.0,3440.0,3322.0,3338.0,12459111,42036634903
2025/04/15 12:00,3372.0,3400.0,3273.0,3273.0,14302696,46884650758
2025/04/16 12:00,3180.0,3350.0,3180.0,3329.0,8245236,27186244670
2025/04/19 12:00,3317.0,3395.0,3317.0,3395.0,23036916,78151636824
2025/04/20 12:00,3493.0,3493.0,3493.0,3493.0,7943901,27748046193
2025/04/21 12:00,3597.0,3597.0,3500.0,3544.0,15680957,56193231034
2025/04/22 12:00,3597.0,3646.0,3506.0,3600.0,11619406,41615558238
2025/04/23 12:00,3600.0,3689.0,3475.0,3689.0,14240336,52101356163
2025/04/26 12:00,3768.0,3768.0,3700.0,3768.0,19284911,72641716096
2025/04/27 12:00,3654.0,3880.0,3654.0,3869.0,16561981,63999758734
2025/04/28 12:00,3857.0,3979.0,3812.0,3959.0,24293800,96127477365
2025/04/29 12:00,3961.0,4057.0,3898.0,3922.0,25529971,101756080590
2025/04/30 12:00,4010.0,4105.0,3989.0,4105.0,40442511,165874276173
2025/05/03 12:00,3978.0,4140.0,3978.0,3978.0,30615443,122224614612
2025/05/04 12:00,4000.0,4111.0,3971.0,4111.0,26177986,107337901910
2025/05/05 12:00,4187.0,4222.0,4070.0,4150.0,17034524,70740683093
2025/05/06 12:00,4222.0,4277.0,4177.0,4277.0,32910046,140436103459
2025/05/07 12:00,4395.0,4395.0,4370.0,4395.0,25410497,111676532465
2025/05/10 12:00,4400.0,4400.0,4264.0,4264.0,43310920,185024725604
2025/05/13 12:00,4019.0,4019.0,3991.0,4019.0,9333340,37508016740
2025/05/14 12:00,4139.0,4139.0,4139.0,4139.0,7677247,31776125333
2025/05/17 12:00,4263.0,4263.0,4260.0,4260.0,33515812,142875434556
2025/05/18 12:00,4262.0,4363.0,4185.0,4306.0,25851687,110797276597
2025/05/19 12:00,4375.0,4375.0,4158.0,4162.0,16894010,71043214392
2025/05/20 12:00,4217.0,4217.0,4079.0,4079.0,26612886,109568669263
2025/05/21 12:00,3994.0,4071.0,3994.0,3996.0,22273903,88976765085
2025/05/24 12:00,4114.0,4114.0,4002.0,4114.0,39200219,161150921705
2025/05/25 12:00,4197.0,4199.0,4052.0,4180.0,35137286,145380710958
2025/05/26 12:00,4180.0,4261.0,4097.0,4252.0,12267126,51696140032
2025/05/27 12:00,4315.0,4315.0,4163.0,4180.0,15460897,64984781894
2025/05/28 12:00,4210.0,4279.0,4170.0,4189.0,7713025,32469374307
2025/05/31 12:00,4270.0,4327.0,4213.0,4229.0,5571136,23797206793
2025/06/01 12:00,4328.0,4328.0,4144.0,4230.0,11588645,48878290734
2025/06/02 12:00,4250.0,4250.0,4143.0,4218.0,15540018,65122305231
2025/06/03 12:00,4289.0,4289.0,4099.0,4190.0,20464480,85478553688
2025/06/07 12:00,4175.0,4175.0,4052.0,4052.0,23371774,95217822395
2025/06/08 12:00,4073.0,4178.0,4038.0,4038.0,4187676,17067712317
2025/06/09 12:00,4074.0,4074.0,3954.0,3954.0,11248752,44625287132
2025/06/10 12:00,3966.0,4086.0,3948.0,3991.0,4427452,17730018591
2025/06/11 12:00,4124.0,4125.0,3985.0,3990.0,2690498,10820204260
2025/06/28 12:00,3895.0,3895.0,3895.0,3895.0,3854167,15011980465
2025/06/29 12:00,3793.0,3793.0,3793.0,3793.0,6369098,24157988714
2025/06/30 12:00,3680.0,3680.0,3680.0,3680.0,3097230,11397806400
2025/07/01 12:00,3602.0,3602.0,3602.0,3602.0,3096114,11152202628
2025/07/02 12:00,3526.0,3680.0,3526.0,3655.0,87244852,308717630345
2025/07/07 12:00,3645.0,3645.0,3504.0,3506.0,8293519,29913399938
2025/07/08 12:00,3551.0,3694.0,3499.0,3499.0,5280134,18507747412
2025/07/09 12:00,3400.0,3499.0,3400.0,3400.0,6168626,20984272108
2025/07/12 12:00,3398.0,3487.0,3398.0,3452.0,3744786,12885365597
2025/07/13 12:00,3402.0,3494.0,3393.0,3461.0,2150634,7394883663
2025/07/14 12:00,3469.0,3477.0,3415.0,3416.0,10358226,35653186293
2025/07/15 12:00,3471.0,3499.0,3425.0,3480.0,7404226,25666008220
2025/07/16 12:00,3544.0,3544.0,3471.0,3509.0,4937634,17266085751
2025/07/19 12:00,3545.0,3569.0,3509.0,3547.0,2451880,8662093966
2025/07/20 12:00,3420.0,3558.0,3420.0,3529.0,3092312,10859780302
2025/07/21 12:00,3548.0,3563.0,3493.0,3515.0,2248960,7902982681
2025/07/22 12:00,3547.0,3595.0,3442.0,3482.0,14410925,50303041189
2025/07/23 12:00,3525.0,3525.0,3417.0,3420.0,5656205,19534905043
2025/07/26 12:00,3406.0,3500.0,3351.0,3393.0,6668691,23030354722
2025/07/27 12:00,3374.0,3453.0,3351.0,3351.0,11936913,40318832296
2025/07/28 12:00,3277.0,3277.0,3277.0,3277.0,3212996,10528987892
2025/07/29 12:00,3205.0,3205.0,3205.0,3205.0,6451239,20676220995
2025/07/30 12:00,3109.0,3109.0,3109.0,3109.0,9639501,29969208609
2025/08/02 12:00,3073.0,3097.0,3016.0,3016.0,9486677,28877607801
2025/08/03 12:00,2989.0,3135.0,2958.0,2960.0,10424739,31288296887
2025/08/04 12:00,2953.0,3000.0,2911.0,2912.0,18332343,53698410378
2025/08/05 12:00,2929.0,2929.0,2849.0,2849.0,7590499,21823565516
2025/08/06 12:00,2854.0,2854.0,2789.0,2789.0,11484776,32066653496
2025/08/09 12:00,2874.0,2875.0,2874.0,2875.0,4782517,13749536375
2025/08/10 12:00,2875.0,2935.0,2781.0,2781.0,5294467,14795342546
2025/08/11 12:00,2721.0,2801.0,2713.0,2713.0,4193696,11435162142
2025/08/12 12:00,2716.0,2716.0,2660.0,2660.0,4013203,10685206674
2025/08/13 12:00,2630.0,2630.0,2603.0,2604.0,10917895,28437051659
2025/08/16 12:00,2527.0,2683.0,2527.0,2683.0,2621623,6961891184
2025/08/17 12:00,2706.0,2706.0,2706.0,2706.0,3649478,9875487468
2025/08/18 12:00,2757.0,2757.0,2757.0,2757.0,3147136,8676653952
2025/08/19 12:00,2802.0,2802.0,2802.0,2802.0,1627201,4559417202
2025/08/20 12:00,2826.0,2826.0,2826.0,2826.0,3658846,10339898796
2025/08/23 12:00,2879.0,2879.0,2815.0,2879.0,10369290,29729895238
2025/08/25 12:00,2948.0,2948.0,2811.0,2815.0,8341172,23717853218
2025/08/26 12:00,2856.0,2883.0,2836.0,2836.0,1918535,5462158709
2025/08/27 12:00,2849.0,2890.0,2788.0,2810.0,2385992,6823565934
2025/08/30 12:00,2796.0,2796.0,2766.0,2766.0,3793445,10501796170
2025/08/31 12:00,2759.0,2874.0,2708.0,2859.0,2261207,6405924219
2025/09/02 12:00,2893.0,2893.0,2801.0,2893.0,5433557,15718668368
2025/09/03 12:00,2910.0,2979.0,2910.0,2979.0,5015818,14937994852
2025/09/06 12:00,2982.0,3062.0,2934.0,2934.0,3979308,11883655191
2025/09/07 12:00,2984.0,3059.0,2976.0,3025.0,3234783,9744197863
2025/09/08 12:00,3019.0,3092.0,3019.0,3092.0,2423232,7488974606
2025/09/09 12:00,3135.0,3136.0,3045.0,3094.0,4021900,12384293388
2025/09/13 12:00,3080.0,3127.0,3073.0,3126.0,1491350,4612882840
2025/09/14 12:00,3090.0,3170.0,3090.0,3170.0,4770321,15064391593
2025/09/15 12:00,3160.0,3205.0,3064.0,3072.0,4875844,15166273140
2025/09/16 12:00,3110.0,3120.0,3034.0,3040.0,4176341,12766643175
2025/09/17 12:00,3067.0,3067.0,2974.0,3000.0,6350257,19119701916
2025/09/20 12:00,2921.0,2921.0,2921.0,2921.0,8146682,23796458122
2025/09/21 12:00,2895.0,2895.0,2834.0,2864.0,5404242,15326463211
2025/09/22 12:00,2806.0,2921.0,2806.0,2884.0,1390872,4057731771
2025/09/23 12:00,2888.0,2943.0,2860.0,2888.0,836508,2421795570
2025/09/24 12:00,2822.0,2848.0,2780.0,2781.0,6382179,17801272480
2025/09/27 12:00,2761.0,2872.0,2759.0,2872.0,2121051,6023715918
2025/09/28 12:00,2893.0,2893.0,2893.0,2893.0,4518691,13072573063
2025/09/29 12:00,2966.0,2966.0,2966.0,2966.0,3615947,10724898802
2025/09/30 12:00,3026.0,3026.0,2964.0,3026.0,3743787,11326672183
2025/10/01 12:00,2965.0,3060.0,2928.0,3015.0,2889370,8645802928
2025/10/04 12:00,3083.0,3084.0,3083.0,3084.0,6664138,20552198592
2025/10/05 12:00,3176.0,3176.0,3101.0,3176.0,5869755,18456036327
2025/10/06 12:00,3053.0,3238.0,3053.0,3156.0,5818116,18658001120
2025/10/07 12:00,3151.0,3280.0,3150.0,3280.0,5133641,16463379499
2025/10/08 12:00,3224.0,3302.0,3208.0,3236.0,2020886,6563923048
2025/10/11 12:00,3236.0,3319.0,3236.0,3319.0,5826926,19194285238
2025/10/12 12:00,3391.0,3392.0,3370.0,3392.0,16564504,56175921902
2025/10/13 12:00,3401.0,3492.0,3400.0,3420.0,3459575,11956270791
2025/10/14 12:00,3380.0,3486.0,3337.0,3338.0,3029943,10262800144
2025/10/15 12:00,3355.0,3448.0,3347.0,3430.0,672655,2283934736
2025/10/18 12:00,3491.0,3506.0,3433.0,3506.0,8203082,28744797642
2025/10/19 12:00,3608.0,3609.0,3521.0,3537.0,6882791,24578415272
2025/10/20 12:00,3500.0,3611.0,3500.0,3509.0,5073790,17982139064
2025/10/21 12:00,3500.0,3617.0,3458.0,3484.0,1958073,6863898203
2025/10/22 12:00,3618.0,3618.0,3503.0,3503.0,4098643,14481176600
2025/10/25 12:00,3638.0,3638.0,3638.0,3638.0,6917688,25166548944
2025/10/26 12:00,3747.0,3747.0,3676.0,3737.0,6033210,22497462534
2025/10/27 12:00,3729.0,3840.0,3718.0,3724.0,7735276,29028438391
2025/10/28 12:00,3760.0,3762.0,3659.0,3665.0,6588584,24360573723
2025/10/29 12:00,3659.0,3730.0,3651.0,3697.0,3272902,12057487617
2025/11/01 12:00,3698.0,3794.0,3587.0,3650.0,2361375,8748894959
2025/11/02 12:00,3600.0,3806.0,3600.0,3797.0,4873254,18265137449
2025/11/03 12:00,3766.0,3840.0,3759.0,3800.0,2418620,9170173844
2025/11/04 12:00,3770.0,3850.0,3704.0,3731.0,10105139,37873063691
2025/11/05 12:00,3780.0,3830.0,3711.0,3830.0,8867429,33195921838
2025/11/08 12:00,3740.0,3835.0,3664.0,3667.0,1383698,5148373897
2025/11/09 12:00,3636.0,3798.0,3625.0,3625.0,8920252,32415582988
2025/11/10 12:00,3525.0,3670.0,3525.0,3593.0,4751182,17104421526
2025/11/11 12:00,3616.0,3616.0,3492.0,3548.0,7880531,27723249578
2025/11/12 12:00,3533.0,3579.0,3481.0,3561.0,2609492,9182619986
2025/11/15 12:00,3534.0,3621.0,3511.0,3512.0,1803774,6386748819
2025/11/16 12:00,3535.0,3621.0,3515.0,3580.0,2293012,8126273958
2025/11/17 12:00,3622.0,3642.0,3622.0,3642.0,9663429,35192676061
2025/11/18 12:00,3751.0,3751.0,3711.0,3746.0,5725678,21443844387
2025/11/19 12:00,3700.0,3856.0,3679.0,3679.0,3144467,11942928661
2025/11/22 12:00,3849.0,3849.0,3726.0,3750.0,4805716,18074307085
2025/11/23 12:00,3821.0,3821.0,3680.0,3680.0,5454005,20325889133
2025/11/25 12:00,3772.0,3797.0,3742.0,3770.0,3004693,11287146308
2025/11/26 12:00,3755.0,3799.0,3675.0,3739.0,6219665,23174759464
2025/11/29 12:00,3680.0,3750.0,3615.0,3620.0,3944082,14291793145
2025/11/30 12:00,3633.0,3710.0,3629.0,3649.0,1493826,5487583004
2025/12/01 12:00,3539.0,3735.0,3539.0,3645.0,1747114,6385006121
2025/12/02 12:00,3601.0,3667.0,3542.0,3648.0,2153905,7773502494
2025/12/03 12:00,3662.0,3690.0,3631.0,3638.0,7265306,26533352101
2025/12/06 12:00,3675.0,3749.0,3668.0,3732.0,5213434,19261392846
2025/12/07 12:00,3720.0,3780.0,3671.0,3700.0,4212819,15584651655
2025/12/08 12:00,3733.0,3761.0,3681.0,3759.0,9586827,35599217350
2025/12/09 12:00,3798.0,3808.0,3734.0,3760.0,4159343,15670601387
2025/12/10 12:00,3801.0,3865.0,3766.0,3851.0,5899355,22627073166
2025/12/13 12:00,3865.0,3951.0,3832.0,3949.0,17366142,68017572376
2025/12/14 12:00,3936.0,4020.0,3872.0,3970.0,8268646,32813813998
2025/12/15 12:00,4001.0,4087.0,3963.0,4007.0,13406898,53863405682
2025/12/16 12:00,4048.0,4133.0,3898.0,3898.0,9931012,39492063682
2025/12/17 12:00,4020.0,4096.0,3962.0,4096.0,12372818,50437624646
2025/12/20 12:00,4190.0,4198.0,4080.0,4150.0,8359065,34575165451
2025/12/21 12:00,4170.0,4170.0,4092.0,4092.0,5582832,23128431702
2025/12/22 12:00,4193.0,4193.0,4049.0,4074.0,3753488,15476258655
2025/12/23 12:00,4197.0,4197.0,4076.0,4121.0,5902537,24249326393
2025/12/24 12:00,4126.0,4231.0,4120.0,4231.0,18044739,75988993196
2025/12/27 12:00,4337.0,4337.0,4337.0,4337.0,14806487,64215734119
2025/12/28 12:00,4467.0,4467.0,4300.0,4467.0,26426386,118015611017
2025/12/29 12:00,4452.0,4490.0,4333.0,4339.0,12242874,53281949393
2025/12/30 12:00,4286.0,4286.0,4222.0,4222.0,25626801,108267776184
2025/12/31 12:00,4201.0,4351.0,4201.0,4350.0,6655842,28838620469
2026/01/04 12:00,4205.0,4300.0,4204.0,4204.0,10483839,44154847329
2026/01/05 12:00,4150.0,4338.0,4150.0,4338.0,11406239,49385068196
2026/01/06 12:00,4220.0,4459.0,4220.0,4459.0,10632704,47387907047
2026/01/07 12:00,4462.0,4464.0,4324.0,4324.0,17297293,74846761547
2026/01/10 12:00,4198.0,4297.0,4198.0,4198.0,13707284,57667790908
2026/01/11 12:00,4081.0,4189.0,4081.0,4128.0,8006865,32772025030
2026/01/12 12:00,4060.0,4215.0,4060.0,4174.0,3990828,16583705116
2026/01/13 12:00,4155.0,4178.0,4085.0,4085.0,2656614,10976962671
2026/01/14 12:00,4105.0,4105.0,4020.0,4092.0,6059768,24586040946
2026/01/18 12:00,4050.0,4178.0,4050.0,4149.0,3177295,13084521967
2026/01/19 12:00,4241.0,4241.0,4161.0,4240.0,8338674,35315453433
2026/01/20 12:00,4258.0,4362.0,4257.0,4340.0,3908576,16968470540
2026/01/21 12:00,4301.0,4400.0,4283.0,4288.0,4682431,20233043617
2026/01/24 12:00,4251.0,4340.0,4192.0,4192.0,12955610,54438812911
2026/01/25 12:00,4076.0,4086.0,4076.0,4076.0,10708860,43649915735
2026/01/26 12:00,3954.0,3954.0,3954.0,3954.0,5647864,22331654256
2026/01/27 12:00,3836.0,3839.0,3836.0,3836.0,9180344,35216352660
2026/01/28 12:00,3721.0,3815.0,3721.0,3750.0,11900648,44288774171
2026/01/31 12:00,3830.0,3830.0,3611.0,3611.0,4297011,15556060858
2026/02/01 12:00,3512.0,3720.0,3512.0,3671.0,2198911,7958115450
2026/02/02 12:00,3515.0,3727.0,3515.0,3719.0,1147392,4249374013
2026/02/03 12:00,3691.0,3720.0,3593.0,3624.0,2443026,8856020017
2026/02/07 12:00,3733.0,3733.0,3687.0,3733.0,6720765,25068925841
2026/02/08 12:00,3767.0,3826.0,3682.0,3750.0,3425903,12802189071
2026/02/09 12:00,3752.0,3752.0,3625.0,3689.0,5500093,20071199687
2026/02/10 12:00,3750.0,3750.0,3654.0,3708.0,778045,2860414271
2026/02/14 12:00,3710.0,3785.0,3653.0,3653.0,1529955,5632052399
2026/02/15 12:00,3699.0,3699.0,3571.0,3571.0,3261212,11778995610
2026/02/16 12:00,3642.0,3670.0,3615.0,3646.0,426314,1546487922
2026/02/17 12:00,3710.0,3710.0,3620.0,3700.0,1131542,4124303718
2026/02/18 12:00,3662.0,3710.0,3641.0,3695.0,928890,3400398284
2026/02/21 12:00,3730.0,3730.0,3552.0,3552.0,4936939,17547386565
2026/02/22 12:00,3448.0,3481.0,3448.0,3480.0,5501902,18973924095
2026/02/23 12:00,3541.0,3551.0,3467.0,3550.0,348162,1218933073
2026/02/24 12:00,3534.0,3604.0,3510.0,3560.0,2047205,7221931669
2026/02/25 12:00,3630.0,3630.0,3525.0,3561.0,1708395,6050139343
2026/06/17 12:00,2589.0,2589.0,2589.0,2589.0,544476,1409648364
2026/06/20 12:00,2666.0,2666.0,2666.0,2666.0,28956102,77196967932
2026/06/21 12:00,2745.0,2745.0,2744.0,2745.0,84542664,232069202680
2026/06/22 12:00,2827.0,2827.0,2799.0,2827.0,100550673,284231920975
2026/06/23 12:00,2911.0,2911.0,2885.0,2911.0,88408450,257330760495
2026/06/27 12:00,2998.0,2998.0,2824.0,2854.0,97964518,289565076595
2026/06/28 12:00,2868.0,2868.0,2868.0,2868.0,41644663,119436893484
2026/06/29 12:00,2782.0,2854.0,2782.0,2783.0,17089784,47750947485
2026/06/30 12:00,2711.0,2855.0,2711.0,2755.0,64073484,175623502051
2026/07/01 12:00,2800.0,2823.0,2739.0,2823.0,64438250,180282079503
2026/07/07 12:00,2881.0,2881.0,2870.0,2881.0,27100738,78074160932
2026/07/08 12:00,2795.0,2863.0,2795.0,2795.0,30824425,86271184884
2026/07/11 12:00,2716.0,2750.0,2716.0,2716.0,15835143,43017496210
2026/07/12 12:00,2636.0,2636.0,2636.0,2636.0,5224506,13771797816
2026/07/13 12:00,2557.0,2557.0,2557.0,2557.0,8824656,22564645392
2026/07/14 12:00,2481.0,2481.0,2481.0,2481.0,5724184,14201700504
2026/07/15 12:00,2407.0,2440.0,2407.0,2407.0,24595086,59207373645
2026/07/18 12:00,2335.0,2335.0,2335.0,2335.0,17305050,40407291750
2026/07/19 12:00,2265.0,2265.0,2265.0,2265.0,19273160,43653707400
2026/07/20 12:00,2266.0,2298.0,2204.0,2224.0,34304507,77104476781
2026/07/21 12:00,2312.0,2315.0,2213.0,2315.0,15280782,35247694637
2026/07/22 12:00,2310.0,2310.0,2238.0,2257.0,27549912,61952382972
2026/07/25 12:00,2299.0,2299.0,2182.0,2236.0,6894914,15321876832
2026/07/26 12:00,2288.0,2288.0,2227.0,2288.0,30518263,69681708040
