date,open,high,low,adjClose,value,volume,count,yesterday,close
2020-09-23,9500.0,10100.0,9500.0,10062.0,54332921179506,5399986386,5457654,1000.0,10100.0
2020-09-26,10565.0,10565.0,10565.0,10565.0,126009177600,11927040,10950,10062.0,10565.0
2020-09-27,11093.0,11093.0,11093.0,11093.0,173167953173,15610561,18966,10565.0,11093.0
2020-09-28,11647.0,11647.0,10539.0,11645.0,7766965988581,666969554,344244,11093.0,11647.0
2020-09-29,11980.0,12227.0,11064.0,12075.0,4858533283017,402374750,240062,11645.0,12227.0
2020-09-30,12678.0,12678.0,12227.0,12678.0,718230608193,56651749,33061,12075.0,12678.0
2020-10-03,13311.0,13311.0,13311.0,13311.0,721035851931,54168421,29679,12678.0,13311.0
2020-10-04,13976.0,13976.0,13500.0,13971.0,5434250861931,388958461,111437,13311.0,13976.0
2020-10-05,14650.0,14669.0,13273.0,14637.0,5586925586963,381691441,218753,13971.0,14669.0
2020-10-07,15368.0,15368.0,15368.0,15368.0,1123526095304,73108153,47421,14637.0,15368.0
2020-10-11,16136.0,16136.0,15410.0,16118.0,3384833475566,209997116,111632,15368.0,16131.0
2020-10-12,15400.0,16118.0,15313.0,15372.0,14466927867026,941093641,589959,16118.0,15695.0
2020-10-13,15400.0,16140.0,14645.0,15132.0,5545017175790,366452991,272659,15372.0,14698.0
2020-10-14,14385.0,14690.0,14376.0,14388.0,5478878600635,380790921,207953,15132.0,14376.0
2020-10-18,14130.0,15000.0,13669.0,13968.0,3715040635302,265966537,141428,14388.0,13672.0
2020-10-19,13405.0,13669.0,13270.0,13296.0,1223087843461,91986507,41084,13968.0,13270.0
2020-10-20,12632.0,13250.0,12632.0,12783.0,2092392079227,163681900,71217,13296.0,13145.0
2020-10-21,13300.0,13422.0,12660.0,13213.0,3171005244780,239997026,110895,12783.0,13105.0
2020-10-24,13000.0,13349.0,12553.0,12657.0,929453400047,73431322,26980,13213.0,12553.0
2020-10-26,12031.0,12289.0,12025.0,12045.0,2857989055791,237281539,81320,12657.0,12026.0
2020-10-27,12110.0,12289.0,11443.0,11695.0,2318123042272,198220210,73463,12045.0,11530.0
2020-10-28,11600.0,12260.0,11210.0,11867.0,2620192728906,220800405,92007,11695.0,12198.0
2020-10-31,12200.0,12460.0,12010.0,12391.0,1608203606142,129787695,60746,11867.0,12460.0
2020-11-01,12456.0,12456.0,11772.0,11863.0,1447307931498,122002362,42935,12391.0,11772.0
2020-11-02,11510.0,12000.0,11301.0,11533.0,1140791828034,98911519,46450,11863.0,11699.0
2020-11-04,11533.0,12000.0,11300.0,11685.0,1031660598797,88291165,44667,11533.0,11773.0
2020-11-07,11690.0,11990.0,11101.0,11358.0,1007557566357,88711068,33996,11685.0,11101.0
2020-11-14,13300.0,13960.0,12635.0,13124.0,2931837631413,223390089,80696,11358.0,13153.0
2020-11-15,13200.0,13350.0,12468.0,12640.0,3354427745547,265392256,89214,13124.0,12468.0
2020-11-16,12023.0,12640.0,12008.0,12214.0,2666437579794,218301699,82852,12640.0,12015.0
2020-11-17,12101.0,12500.0,11855.0,12249.0,2712896078716,221481918,79157,12214.0,12250.0
2020-11-18,12300.0,12700.0,12100.0,12437.0,3016993326265,242585841,84156,12249.0,12598.0
2020-11-21,12600.0,12600.0,11816.0,12019.0,2686901097833,223549048,75568,12437.0,11816.0
2020-11-22,11621.0,11851.0,11419.0,11534.0,1671538217179,144924485,55320,12019.0,11451.0
2020-11-23,11540.0,12000.0,11540.0,11763.0,1316229375224,111899620,50750,11534.0,11880.0
2020-11-24,12000.0,12000.0,11180.0,11492.0,1623177888875,141238427,59291,11763.0,11300.0
2020-11-25,11322.0,11721.0,11200.0,11488.0,1405670261952,122357777,56445,11492.0,11550.0
2020-11-28,11200.0,11700.0,11200.0,11430.0,1590222000763,139131672,62966,11488.0,11400.0
2020-11-29,11560.0,12001.0,11430.0,11776.0,2283765303082,193932918,66496,11430.0,12001.0
2020-11-30,12346.0,12346.0,11850.0,12080.0,1665159614645,137842364,51670,11776.0,11940.0
2020-12-01,11823.0,11999.0,11519.0,11695.0,1719269106843,147013744,63132,12080.0,11770.0
2020-12-02,12250.0,12250.0,11761.0,12029.0,2365227249085,196625834,72461,11695.0,11877.0
2020-12-05,12145.0,12147.0,11800.0,11978.0,1599582499749,133542433,56083,12029.0,11940.0
2020-12-06,12050.0,12300.0,11738.0,11989.0,2034423143072,169695283,71899,11978.0,11893.0
2020-12-07,11900.0,12200.0,11390.0,11822.0,2209095462652,186858812,96603,11989.0,11572.0
2020-12-08,11735.0,11980.0,11450.0,11660.0,1390757002353,119275113,89824,11822.0,11587.0
2020-12-09,11780.0,12243.0,11510.0,12043.0,3355172584109,278601653,126011,11660.0,12243.0
2020-12-12,12645.0,12645.0,12090.0,12513.0,2715291663772,216998111,56185,12043.0,12200.0
2020-12-13,12220.0,12400.0,11888.0,11997.0,1916282308129,159729998,55143,12513.0,11888.0
2020-12-14,11889.0,12196.0,11398.0,11612.0,1829377102034,157538266,58659,11997.0,11398.0
2020-12-15,11120.0,11500.0,11032.0,11062.0,691847247071,62544488,26573,11612.0,11032.0
2020-12-16,10631.0,11615.0,10600.0,11305.0,2628697217708,232523359,57510,11062.0,11341.0
2020-12-19,11600.0,11870.0,11032.0,11691.0,2355445341272,201477940,40613,11305.0,11602.0
2020-12-20,11604.0,11654.0,11150.0,11492.0,2298342314648,200003595,38496,11691.0,11230.0
2020-12-21,11230.0,11681.0,11032.0,11240.0,909959857514,80959556,36948,11492.0,11103.0
2020-12-22,11150.0,11340.0,11004.0,11132.0,1022471634504,91847163,42882,11240.0,11130.0
2020-12-23,11222.0,11349.0,10920.0,11022.0,1258629833716,114195518,47843,11132.0,11000.0
2020-12-26,11140.0,11140.0,10530.0,10685.0,1114562671825,104307500,57334,11022.0,10620.0
2020-12-27,10770.0,10996.0,10549.0,10636.0,909002583520,85466732,48150,10685.0,10610.0
2020-12-28,10680.0,11112.0,10633.0,10884.0,1258590469066,115635240,46394,10636.0,11057.0
2020-12-29,11100.0,11100.0,10550.0,10761.0,942402595909,87576973,34385,10884.0,10617.0
2020-12-30,10570.0,10617.0,10250.0,10475.0,1080295675415,103135099,44367,10761.0,10280.0
2021-01-02,10122.0,10990.0,9952.0,10334.0,1680577776010,162632894,51786,10475.0,10475.0
2021-01-03,10250.0,10700.0,10200.0,10377.0,702016609059,67648857,36097,10334.0,10350.0
2021-01-04,10400.0,10503.0,10225.0,10358.0,973299227585,93966294,38704,10377.0,10401.0
2021-01-05,10400.0,10400.0,10000.0,10087.0,869181530280,86165811,32374,10358.0,10041.0
2021-01-06,10090.0,10350.0,9990.0,10106.0,1132048373682,112021183,38422,10087.0,10220.0
2021-01-09,10106.0,10220.0,10101.0,10115.0,785998256608,77703569,30242,10106.0,10199.0
2021-01-10,10120.0,10417.0,10117.0,10164.0,643443438989,63305725,28042,10115.0,10250.0
2021-01-11,10278.0,10278.0,9981.0,10127.0,1163363605025,114880316,27642,10164.0,10002.0
2021-01-12,10000.0,10130.0,9711.0,9885.0,995721329285,100732028,28915,10127.0,9735.0
2021-01-13,10379.0,10379.0,10000.0,10261.0,1226016308326,119485434,35139,9885.0,10140.0
2021-01-16,10774.0,10774.0,9955.0,10445.0,1309141494821,125335647,38716,10261.0,10141.0
2021-01-18,10961.0,10961.0,10100.0,10549.0,1269885528859,120375121,35975,10445.0,10319.0
2021-01-19,10549.0,10710.0,10241.0,10501.0,1287825889081,122639930,32005,10549.0,10470.0
2021-01-20,10502.0,10920.0,10502.0,10657.0,653862523008,61354166,24215,10501.0,10612.0
2021-01-23,10730.0,10900.0,10659.0,10758.0,777898020396,72305522,29087,10657.0,10735.0
2021-01-24,10764.0,10850.0,10221.0,10428.0,1242208682341,119127674,31521,10758.0,10222.0
2021-01-25,10850.0,10850.0,10210.0,10533.0,921610636990,87494350,23444,10428.0,10410.0
2021-01-31,11000.0,11000.0,10007.0,10715.0,685229825552,63950096,16773,10533.0,10401.0
2021-02-01,10251.0,10449.0,10180.0,10216.0,386442080486,37826053,15597,10715.0,10180.0
2021-02-02,10600.0,10600.0,10011.0,10292.0,902706528803,87708901,23118,10216.0,10143.0
2021-02-03,9965.0,10501.0,9900.0,10172.0,777582155693,76445509,24252,10292.0,9963.0
2021-02-06,9900.0,10196.0,9664.0,10002.0,1091038680446,109085214,22004,10172.0,10100.0
2021-02-07,10150.0,10365.0,10103.0,10243.0,506020618002,49401233,21996,10002.0,10251.0
2021-02-08,10300.0,10300.0,10100.0,10106.0,717491688887,70997629,19148,10243.0,10101.0
2021-02-09,10101.0,10299.0,10100.0,10123.0,685480312635,67716707,23674,10106.0,10188.0
2021-02-13,10296.0,10296.0,10101.0,10166.0,799466491653,78637753,32469,10123.0,10189.0
2021-02-14,10200.0,10200.0,10100.0,10103.0,999106777862,98894008,20297,10166.0,10101.0
2021-02-15,10101.0,10103.0,10100.0,10100.0,712174392770,70510450,16469,10103.0,10100.0
2021-02-16,10102.0,10103.0,10100.0,10100.0,450061849107,44558774,14070,10100.0,10102.0
2021-02-17,10101.0,10102.0,10100.0,10100.0,513474203664,50837983,13584,10100.0,10101.0
2021-02-20,10101.0,10103.0,10100.0,10100.0,409483937197,40542041,15339,10100.0,10101.0
2021-02-21,10101.0,10101.0,10100.0,10100.0,468698106517,46405141,12719,10100.0,10100.0
2021-02-22,10100.0,10101.0,10100.0,10100.0,469033191187,46438443,20250,10100.0,10100.0
2021-02-23,10100.0,10200.0,10100.0,10103.0,474836507079,46998866,25161,10100.0,10199.0
2021-02-24,10200.0,10200.0,10100.0,10102.0,464610591238,45990363,37134,10103.0,10101.0
2021-02-27,10100.0,10102.0,10100.0,10100.0,330014259718,32674356,12774,10102.0,10100.0
2021-02-28,10100.0,10101.0,10100.0,10100.0,283155455679,28034891,12259,10100.0,10100.0
2021-03-01,10100.0,10102.0,10100.0,10100.0,319659016031,31649045,15155,10100.0,10101.0
2021-03-02,10101.0,10104.0,10100.0,10101.0,323999165769,32077025,16346,10100.0,10100.0
2021-03-03,10101.0,10104.0,10100.0,10100.0,297737239763,29478128,11616,10101.0,10101.0
2021-03-06,10100.0,10101.0,10100.0,10100.0,326683483597,32344490,12005,10100.0,10100.0
2021-03-07,10100.0,10102.0,10100.0,10100.0,247365784867,24491389,11099,10100.0,10102.0
2021-03-08,10100.0,10102.0,10100.0,10100.0,327591102977,32434337,19544,10100.0,10100.0
2021-03-09,10100.0,10102.0,10100.0,10100.0,376185920917,37245734,26067,10100.0,10100.0
2021-03-10,10100.0,10102.0,10100.0,10100.0,213659214914,21154023,9026,10100.0,10101.0
2021-03-13,10100.0,10105.0,10100.0,10100.0,311459680561,30836760,12324,10100.0,10102.0
2021-03-14,10100.0,10102.0,10100.0,10100.0,241327333694,23893265,11110,10100.0,10100.0
2021-03-15,10100.0,10102.0,10100.0,10100.0,218536538786,21636860,10197,10100.0,10100.0
2021-03-16,10100.0,10706.0,10100.0,10617.0,385431701496,36304543,18796,10100.0,10706.0
2021-03-17,11000.0,11000.0,10405.0,10640.0,376588128036,35392223,17359,10617.0,10408.0
2021-03-27,10428.0,10630.0,10428.0,10537.0,65325168443,6248992,1912,10640.0,10428.0
2021-03-28,10327.0,10327.0,10327.0,10523.0,7594682340,735420,351,10537.0,10327.0
2021-03-30,10313.0,10313.0,10313.0,10512.0,6059207203,587531,223,10523.0,10313.0
2021-03-31,10302.0,10302.0,10302.0,10504.0,4564022946,443023,156,10512.0,10302.0
2021-04-03,10294.0,10294.0,10294.0,10501.0,1783548734,173261,94,10504.0,10294.0
2021-04-04,10291.0,10291.0,10291.0,10496.0,2937514495,285445,84,10501.0,10291.0
2021-04-05,10287.0,10287.0,10287.0,10493.0,1499566851,145773,97,10496.0,10287.0
2021-04-06,10284.0,10284.0,10284.0,10488.0,2789678976,271264,95,10493.0,10284.0
2021-04-07,10279.0,10279.0,10279.0,10483.0,2745520900,267100,125,10488.0,10279.0
2021-04-10,10274.0,10274.0,10274.0,10479.0,1973686770,192105,96,10483.0,10274.0
2021-04-11,10270.0,10270.0,10270.0,10476.0,1742048750,169625,66,10479.0,10270.0
2021-04-12,10267.0,10267.0,10267.0,10474.0,1064441492,103676,121,10476.0,10267.0
2021-04-13,10265.0,10265.0,10265.0,10465.0,5154538955,502147,203,10474.0,10265.0
2021-04-14,10256.0,10256.0,10256.0,10462.0,1665338512,162377,84,10465.0,10256.0
2021-04-17,10253.0,10253.0,10253.0,10461.0,814077947,79399,47,10462.0,10253.0
2021-04-18,10252.0,10252.0,10252.0,10456.0,2582027712,251856,55,10461.0,10252.0
2021-04-19,10247.0,10247.0,10247.0,10455.0,769406242,75086,41,10456.0,10247.0
2021-04-20,10246.0,10246.0,10246.0,10449.0,3241014720,316320,103,10455.0,10246.0
2021-04-21,10136.0,10136.0,10136.0,10445.0,1529400768,150888,68,10449.0,10136.0
2021-04-24,10132.0,10132.0,10132.0,10438.0,2421102192,238956,92,10445.0,10132.0
2021-04-25,10125.0,10125.0,10125.0,10434.0,1344215250,132762,46,10438.0,10125.0
2021-04-26,10121.0,10121.0,10121.0,10431.0,1241684764,122684,79,10434.0,10121.0
2021-04-27,10119.0,10119.0,10119.0,10421.0,3545515458,350382,136,10431.0,10119.0
2021-04-28,10109.0,10109.0,10109.0,10401.0,7488120442,740738,191,10421.0,10109.0
2021-05-01,10089.0,10108.0,10089.0,10098.0,886681292204,87807910,25068,10401.0,10100.0
2021-05-02,9820.0,10101.0,9796.0,10082.0,557212430339,55265447,17702,10098.0,10101.0
2021-05-03,10100.0,10104.0,10100.0,10100.0,333946299027,33063373,13377,10082.0,10100.0
2021-05-05,10100.0,10104.0,10100.0,10100.0,286055119471,28322008,10440,10100.0,10100.0
2021-05-08,10100.0,10101.0,10100.0,10100.0,394134047182,39023047,10613,10100.0,10100.0
2021-05-09,9900.0,10102.0,9797.0,10011.0,392682550693,39225211,11411,10100.0,10100.0
2021-05-15,9355.0,9700.0,9050.0,9179.0,56598500490,6053788,3020,9005.0,9360.0
2021-05-16,9098.0,9150.0,9094.0,9095.0,166288859247,18283597,7233,9179.0,9095.0
2021-05-17,9094.0,9096.0,9094.0,9094.0,120220677496,13219658,5122,9095.0,9094.0
2021-05-18,9096.0,9100.0,8710.0,9093.0,74784599591,8224672,3068,9094.0,9095.0
2021-05-19,9095.0,9097.0,9094.0,9094.0,123502973042,13580462,6008,9093.0,9095.0
2021-05-22,9094.0,9095.0,9094.0,9094.0,112410406935,12360818,4544,9094.0,9094.0
2021-05-23,9094.0,9095.0,9094.0,9094.0,129702339390,14262368,4048,9094.0,9094.0
2021-05-24,9094.0,9230.0,9094.0,9095.0,145688056340,16019219,5935,9094.0,9230.0
2021-05-25,9095.0,9100.0,9094.0,9094.0,114258611076,12563963,9855,9095.0,9094.0
2021-05-26,9095.0,9095.0,9094.0,9094.0,136683464477,15029991,13838,9094.0,9094.0
2021-05-29,9095.0,9382.0,9094.0,9149.0,80832667011,8816532,6525,9094.0,9102.0
2021-05-30,9096.0,9300.0,9094.0,9120.0,111039100699,12175964,5452,9149.0,9094.0
2021-05-31,9095.0,9096.0,9094.0,9096.0,102593013578,11281333,3703,9120.0,9094.0
2021-06-01,9094.0,9095.0,9094.0,9095.0,72478974893,7969926,3314,9096.0,9095.0
2021-06-02,9094.0,9100.0,9094.0,9095.0,71954438312,7911842,4063,9095.0,9096.0
2021-06-07,9095.0,9096.0,9094.0,9094.0,90857130980,9990625,5456,9095.0,9094.0
2021-06-08,9094.0,9370.0,9094.0,9122.0,82162054806,8997455,4872,9094.0,9094.0
2021-06-09,9094.0,9096.0,9094.0,9098.0,93282776521,10257551,3465,9122.0,9094.0
2021-06-12,9095.0,9095.0,9094.0,9094.0,104731291738,11516425,3828,9098.0,9094.0
2021-06-13,9094.0,9096.0,9094.0,9094.0,73317873951,8062153,3251,9094.0,9094.0
2021-06-14,9094.0,9200.0,9094.0,9096.0,68430092529,7522760,3788,9094.0,9095.0
2021-06-15,9095.0,9096.0,9094.0,9094.0,107943407825,11869619,4349,9096.0,9094.0
2021-06-16,9094.0,9096.0,9094.0,9094.0,75039538176,8251435,4771,9094.0,9094.0
2021-06-19,9095.0,9103.0,9094.0,9095.0,70886093866,7793890,3220,9094.0,9095.0
2021-06-20,9094.0,9095.0,9094.0,9094.0,74650768246,8208704,3146,9095.0,9095.0
2021-06-21,9094.0,9100.0,9094.0,9094.0,97311367148,10700286,3428,9094.0,9094.0
2021-06-22,9095.0,9209.0,9094.0,9098.0,81631295194,8970759,3933,9094.0,9095.0
2021-06-23,9095.0,9422.0,9094.0,9166.0,127976351911,13962370,6536,9098.0,9255.0
2021-06-26,9390.0,9390.0,9094.0,9133.0,208581117605,22837197,6406,9166.0,9096.0
2021-06-27,9100.0,9295.0,9094.0,9139.0,103057547152,11276707,5157,9133.0,9096.0
2021-06-28,9096.0,9139.0,9094.0,9096.0,107024153591,11767181,4917,9139.0,9097.0
2021-06-29,9095.0,9099.0,9094.0,9095.0,106430402220,11702716,4611,9096.0,9095.0
2021-06-30,9095.0,9139.0,9094.0,9095.0,86191899578,9476679,4407,9095.0,9095.0
2021-07-03,9200.0,9300.0,9200.0,9196.0,99793530956,10838836,5123,9095.0,9202.0
2021-07-04,9201.0,9202.0,9200.0,9200.0,94109843285,10229171,4054,9196.0,9201.0
2021-07-05,9298.0,9298.0,9200.0,9201.0,76930625010,8360911,4012,9200.0,9200.0
2021-07-06,9201.0,9250.0,9200.0,9200.0,114950175932,12494024,5331,9201.0,9201.0
2021-07-07,9201.0,9210.0,9200.0,9200.0,87231336298,9481421,3904,9200.0,9200.0
2021-07-10,9230.0,9280.0,9230.0,9226.0,93085543017,10083818,4702,9200.0,9231.0
2021-07-11,9232.0,9240.0,9230.0,9230.0,92186622420,9987157,4716,9226.0,9232.0
2021-07-12,9230.0,9238.0,9230.0,9230.0,119857612232,12985185,5008,9230.0,9231.0
2021-07-13,9230.0,9232.0,9230.0,9230.0,101537756741,11000634,4835,9230.0,9230.0
2021-07-14,9239.0,9239.0,9230.0,9230.0,88018480277,9535911,6072,9230.0,9231.0
2021-07-17,9230.0,9290.0,9230.0,9256.0,121118050967,13084924,5427,9230.0,9260.0
2021-07-18,9261.0,9265.0,9260.0,9260.0,98135787035,10597400,4415,9256.0,9260.0
2021-07-19,9261.0,9310.0,9260.0,9260.0,87657583530,9465760,4579,9260.0,9261.0
2021-07-26,9290.0,9455.0,8810.0,9279.0,72846844018,7842414,3804,9260.0,9291.0
2021-07-27,9293.0,9301.0,9290.0,9290.0,140583966091,15132284,4837,9279.0,9290.0
2021-07-28,9290.0,9295.0,9290.0,9290.0,91910516814,9893324,4833,9290.0,9290.0
2021-07-31,9320.0,9350.0,9320.0,9319.0,106450154394,11421262,5257,9290.0,9320.0
2021-08-01,9320.0,9323.0,9320.0,9320.0,91814121627,9851173,4931,9319.0,9320.0
2021-08-02,9321.0,9418.0,9320.0,9322.0,93028727892,9979637,4165,9320.0,9321.0
2021-08-03,9320.0,9322.0,9320.0,9320.0,129951062906,13943137,4373,9322.0,9320.0
2021-08-04,9321.0,9325.0,9320.0,9320.0,106899686934,11469512,4832,9320.0,9320.0
2021-08-07,9325.0,9330.0,9320.0,9321.0,124795451051,13389117,5054,9320.0,9320.0
2021-08-08,9320.0,9323.0,9320.0,9320.0,108545245359,11646304,4907,9321.0,9320.0
2021-08-09,9320.0,9322.0,9320.0,9320.0,94764233715,10167571,5211,9320.0,9320.0
2021-08-10,9320.0,9325.0,9320.0,9320.0,101005326290,10837124,5707,9320.0,9320.0
2021-08-11,9330.0,9330.0,9320.0,9321.0,110294140430,11833280,8123,9320.0,9320.0
2021-08-14,9321.0,9327.0,9320.0,9320.0,121101474774,12993230,6328,9321.0,9321.0
2021-08-15,9320.0,9786.0,9210.0,9693.0,198151132038,20441795,7601,9320.0,9786.0
2021-08-22,10170.0,10177.0,9850.0,10152.0,136715210388,13466282,7589,9693.0,10177.0
2021-08-23,10659.0,10659.0,10426.0,10651.0,194922632837,18300679,8708,10152.0,10650.0
2021-08-24,10800.0,11000.0,10200.0,10668.0,410077822894,38440735,21860,10651.0,10570.0
2021-08-25,10648.0,10649.0,10160.0,10336.0,315256262108,30500183,16637,10668.0,10291.0
2021-08-28,10400.0,10590.0,10330.0,10462.0,257800924985,24640664,14488,10336.0,10409.0
2021-08-29,10550.0,10550.0,9939.0,10172.0,284548526870,27974855,13669,10462.0,9939.0
2021-08-30,9690.0,9940.0,9664.0,9877.0,77914147597,7996856,3564,10172.0,9664.0
2021-08-31,9385.0,9695.0,9384.0,9454.0,164294971047,17377761,6935,9877.0,9410.0
2021-09-01,9410.0,9695.0,9350.0,9556.0,102655414241,10732950,5685,9454.0,9660.0
2021-09-04,9762.0,9789.0,9480.0,9597.0,120874816607,12594503,7515,9556.0,9540.0
2021-09-05,9600.0,9600.0,9359.0,9467.0,106627397809,11272939,6806,9597.0,9465.0
2021-09-06,9401.0,9750.0,9310.0,9434.0,204644183027,21691575,17468,9467.0,9322.0
2021-09-07,9200.0,9240.0,9055.0,9159.0,197513408544,21565255,20244,9434.0,9092.0
2021-09-08,9040.0,9120.0,8901.0,8961.0,277382509849,30954912,32459,9159.0,8945.0
2021-09-11,8935.0,9245.0,8935.0,9045.0,116336065349,12861354,6689,8961.0,8993.0
2021-09-12,8976.0,9100.0,8723.0,8842.0,98566040375,11166090,6006,9045.0,8793.0
2021-09-13,8781.0,8990.0,8603.0,8717.0,127249532722,14598048,8326,8842.0,8680.0
2021-09-14,8600.0,8800.0,8596.0,8686.0,140492687107,16173856,14954,8717.0,8650.0
2021-09-15,8601.0,8620.0,8260.0,8345.0,205493513587,24624273,22997,8686.0,8318.0
2021-09-18,8400.0,8400.0,7928.0,8006.0,129419835448,16164688,7501,8345.0,7928.0
2021-09-19,8080.0,8190.0,7610.0,7829.0,82671684502,10591420,5698,8006.0,7762.0
2021-09-20,7633.0,8220.0,7633.0,8108.0,96031579559,11838835,4853,7829.0,8220.0
2021-09-21,8430.0,8513.0,8220.0,8455.0,273393446998,32335589,8812,8108.0,8513.0
2021-09-22,8600.0,8760.0,8250.0,8391.0,163912260877,19535204,6668,8455.0,8281.0
2021-09-25,8438.0,8490.0,8060.0,8191.0,123632733035,15092846,7182,8391.0,8186.0
2021-09-26,8000.0,8186.0,7900.0,7999.0,81040698172,10174432,5099,8191.0,7940.0
2021-09-28,7989.0,7989.0,7700.0,7820.0,76683604147,9855590,5466,7999.0,7780.0
2021-09-29,7781.0,8010.0,7632.0,7827.0,85031062791,10863318,5052,7820.0,7887.0
2021-10-02,7889.0,7999.0,7700.0,7831.0,68623368830,8761981,5995,7827.0,7793.0
2021-10-03,7803.0,7803.0,7600.0,7709.0,68109013356,8884846,4756,7831.0,7721.0
2021-10-04,7720.0,7850.0,7711.0,7735.0,52507146699,6770920,4059,7709.0,7729.0
2021-10-06,7735.0,7735.0,7611.0,7674.0,63147878589,8258361,4806,7735.0,7639.0
2021-10-09,7556.0,7601.0,7300.0,7379.0,87214661817,11826627,4908,7674.0,7305.0
2021-10-10,7291.0,7291.0,7065.0,7229.0,51573747540,7232519,3876,7379.0,7150.0
2021-10-11,7170.0,7340.0,7096.0,7176.0,57763541425,8078136,3907,7229.0,7098.0
2021-10-12,7080.0,7145.0,6940.0,7031.0,71945178030,10268321,3310,7176.0,7002.0
2021-10-13,6910.0,7380.0,6910.0,7139.0,76602224888,10709925,3939,7031.0,7339.0
2021-10-16,7252.0,7450.0,7200.0,7223.0,46869979196,6424291,3668,7139.0,7227.0
2021-10-17,7160.0,7200.0,7000.0,7119.0,54708977453,7746460,3279,7223.0,7007.0
2021-10-18,7000.0,7100.0,7000.0,7046.0,54946916275,7842162,3006,7119.0,7015.0
2021-10-19,7109.0,7160.0,7047.0,7066.0,46569573807,6575865,3059,7046.0,7065.0
2021-10-20,7064.0,7100.0,7064.0,7066.0,54329982489,7688219,2395,7066.0,7066.0
2021-10-23,7066.0,7076.0,7066.0,7066.0,80052915537,11328532,2857,7066.0,7066.0
2021-10-25,7298.0,7298.0,7066.0,7075.0,73272646709,10355030,2984,7066.0,7067.0
2021-10-26,7075.0,7139.0,7066.0,7068.0,72424772798,10248067,2647,7075.0,7066.0
2021-10-27,7066.0,7070.0,7066.0,7067.0,58778429179,8318211,2751,7068.0,7068.0
2021-10-30,7067.0,7071.0,7066.0,7066.0,88383948108,12508194,3907,7067.0,7066.0
2021-10-31,7066.0,7068.0,6714.0,7059.0,143861832584,20380585,3541,7066.0,7066.0
2021-11-01,7066.0,7237.0,7060.0,7073.0,48031637950,6779798,2587,7059.0,7061.0
2021-11-02,7062.0,7100.0,7060.0,7067.0,55022419123,7789217,2524,7073.0,7060.0
2021-11-03,7061.0,7250.0,7060.0,7111.0,52292607216,7325010,3175,7067.0,7166.0
2021-11-06,7177.0,7430.0,7177.0,7284.0,56551901249,7660752,3673,7111.0,7350.0
2021-11-07,7320.0,7320.0,7062.0,7194.0,50100835868,7026355,2736,7284.0,7065.0
2021-11-08,7066.0,7130.0,7060.0,7118.0,51825587650,7330070,2701,7194.0,7062.0
2021-11-09,7062.0,7100.0,7060.0,7075.0,66460074357,9409414,2962,7118.0,7063.0
2021-11-10,7061.0,7197.0,7060.0,7080.0,51641586083,7290393,3225,7075.0,7070.0
2021-11-13,7060.0,7069.0,7060.0,7064.0,66695616239,9446702,2791,7080.0,7061.0
2021-11-14,7060.0,7150.0,7053.0,7062.0,69462498167,9837082,3013,7064.0,7061.0
2021-11-15,7061.0,7090.0,7060.0,7061.0,48056570407,6806488,2330,7062.0,7060.0
2021-11-16,7060.0,7066.0,7060.0,7061.0,52014585541,7367157,2283,7061.0,7061.0
2021-11-17,7061.0,7070.0,7060.0,7061.0,47814249668,6771721,2520,7061.0,7060.0
2021-11-20,7060.0,7070.0,7060.0,7060.0,60542835527,8575319,2708,7061.0,7061.0
2021-11-21,7061.0,7063.0,7060.0,7060.0,67886547041,9615351,2365,7060.0,7060.0
2021-11-22,7061.0,7157.0,7060.0,7065.0,39795717144,5627930,2624,7060.0,7060.0
2021-11-23,7061.0,7080.0,7060.0,7062.0,53511100405,7579171,2902,7065.0,7060.0
2021-11-24,7060.0,7062.0,7060.0,7061.0,47832739506,6775078,2070,7062.0,7060.0
2021-11-27,7060.0,7062.0,7060.0,7060.0,108019731803,15300171,2705,7061.0,7060.0
2021-11-28,7060.0,7062.0,7060.0,7060.0,56105305465,7946816,2123,7060.0,7060.0
2021-11-29,7060.0,7065.0,7060.0,7060.0,41465349196,5873189,1981,7060.0,7060.0
2021-11-30,7060.0,7190.0,7060.0,7065.0,30112243067,4256028,2138,7060.0,7060.0
2021-12-01,7060.0,7089.0,7060.0,7062.0,45525408215,6448146,1754,7065.0,7060.0
2021-12-04,7061.0,7062.0,7060.0,7060.0,66645320469,9439796,2316,7062.0,7060.0
2021-12-05,7060.0,7062.0,7060.0,7060.0,42138964096,5968553,1983,7060.0,7061.0
2021-12-06,7060.0,7062.0,7060.0,7060.0,35341558016,5005790,1717,7060.0,7060.0
2021-12-07,7060.0,7063.0,7060.0,7060.0,33299826247,4716611,1674,7060.0,7060.0
2021-12-08,7060.0,7155.0,7060.0,7060.0,34699999337,4914407,1787,7060.0,7061.0
2021-12-11,7060.0,7070.0,7060.0,7060.0,48967437520,6935851,1981,7060.0,7060.0
2021-12-12,7060.0,7061.0,6811.0,7057.0,60481236796,8572626,1492,7060.0,7060.0
2021-12-13,7060.0,7061.0,6790.0,7031.0,74324475810,10575850,2182,7057.0,6822.0
2021-12-14,7040.0,7042.0,7040.0,7039.0,72768574115,10336384,1873,7031.0,7040.0
2021-12-15,7040.0,7047.0,7040.0,7039.0,40617260533,5769475,1588,7039.0,7040.0
2021-12-18,7040.0,7043.0,7040.0,7039.0,30214393289,4291666,1737,7039.0,7040.0
2021-12-19,7040.0,7085.0,7040.0,7053.0,55275733972,7829548,1806,7039.0,7060.0
2021-12-20,7061.0,7070.0,7060.0,7055.0,21435462672,3035971,1486,7053.0,7061.0
2021-12-21,7061.0,7066.0,7060.0,7056.0,20485841018,2901530,1180,7055.0,7060.0
2021-12-22,7062.0,7297.0,7061.0,7097.0,26300274600,3658316,1861,7056.0,7169.0
2021-12-25,7169.0,7250.0,7063.0,7109.0,29966366879,4202715,1848,7097.0,7069.0
2021-12-26,7062.0,7065.0,7060.0,7092.0,29096616532,4121020,1637,7109.0,7060.0
2021-12-27,7061.0,7092.0,7060.0,7082.0,30036602108,4252803,1909,7092.0,7060.0
2021-12-28,7060.0,7070.0,7060.0,7076.0,22284072195,3156221,1403,7082.0,7060.0
2021-12-29,7060.0,7070.0,7060.0,7071.0,25322739157,3586532,1611,7076.0,7061.0
2022-01-01,7060.0,7061.0,7060.0,7067.0,29511062104,4180000,1485,7071.0,7060.0
2022-01-02,7060.0,7062.0,7060.0,7065.0,26983217254,3821934,1459,7067.0,7060.0
2022-01-03,7060.0,7062.0,7060.0,7064.0,20819074176,2948779,1367,7065.0,7060.0
2022-01-04,7060.0,7061.0,7060.0,7063.0,24148956716,3420506,1237,7064.0,7060.0
2022-01-05,7060.0,7061.0,7060.0,7062.0,24346418538,3448475,1239,7063.0,7060.0
2022-01-08,7100.0,7110.0,7060.0,7060.0,30828104080,4361657,1751,7062.0,7060.0
2022-01-09,7060.0,7070.0,7060.0,7060.0,66976269290,9485507,2951,7060.0,7060.0
2022-01-10,7060.0,7080.0,7040.0,7060.0,27267168990,3863887,1376,7060.0,7070.0
2022-01-11,7060.0,7080.0,7060.0,7060.0,16241135300,2299842,1246,7060.0,7060.0
2022-01-12,7060.0,7080.0,7060.0,7060.0,27066413560,3833323,1262,7060.0,7060.0
2022-01-15,7060.0,7070.0,7060.0,7060.0,34156706410,4837862,1530,7060.0,7060.0
2022-01-16,7060.0,7070.0,7060.0,7060.0,33899516890,4801468,1424,7060.0,7060.0
2022-01-17,7060.0,7070.0,7060.0,7060.0,23875322500,3381599,1355,7060.0,7060.0
2022-01-18,7060.0,7070.0,7060.0,7060.0,32612213040,4619159,1235,7060.0,7060.0
2022-01-19,7060.0,7070.0,7060.0,7060.0,38015953200,5384331,1223,7060.0,7060.0
2022-01-22,7060.0,7070.0,7060.0,7060.0,29965931600,4244372,1451,7060.0,7060.0
2022-01-23,7060.0,7070.0,7060.0,7060.0,49200313330,6968761,1305,7060.0,7070.0
2022-01-24,7060.0,7070.0,7040.0,7060.0,53379953060,7561876,1461,7060.0,7040.0
2022-01-25,7040.0,7070.0,7040.0,7060.0,71692733090,10158951,1512,7060.0,7060.0
2022-01-26,7060.0,7080.0,7060.0,7060.0,19621145260,2778400,1142,7060.0,7060.0
2022-01-29,7060.0,7250.0,7060.0,7080.0,31457717390,4414322,1959,7060.0,7170.0
2022-01-30,7090.0,7170.0,7080.0,7080.0,26968219010,3805900,1395,7080.0,7090.0
2022-01-31,7080.0,7110.0,7080.0,7080.0,24505418490,3458583,1479,7080.0,7100.0
2022-02-01,7080.0,7170.0,7080.0,7080.0,20761578900,2927852,1412,7080.0,7090.0
2022-02-02,7100.0,7100.0,7080.0,7080.0,19358090320,2733850,1163,7080.0,7080.0
2022-02-05,7080.0,7100.0,7080.0,7080.0,23520084130,3321479,1514,7080.0,7080.0
2022-02-06,7080.0,7090.0,7080.0,7080.0,27075177010,3823904,1362,7080.0,7090.0
2022-02-07,7080.0,7090.0,7080.0,7080.0,24198975800,3417335,1366,7080.0,7080.0
2022-02-08,7080.0,7120.0,7080.0,7080.0,16980002480,2397047,1667,7080.0,7080.0
2022-02-09,7080.0,7090.0,7080.0,7080.0,36304633900,5127596,3415,7080.0,7080.0
2022-02-12,7080.0,7090.0,7080.0,7080.0,19480229550,2751274,1453,7080.0,7080.0
2022-02-13,7080.0,7090.0,7080.0,7080.0,18956796210,2677263,1266,7080.0,7080.0
2022-02-14,7080.0,7090.0,7080.0,7080.0,16627944470,2348468,1156,7080.0,7080.0
2022-02-16,7080.0,7100.0,7080.0,7080.0,23918727210,3377691,1578,7080.0,7080.0
2022-02-19,7080.0,7100.0,7080.0,7080.0,28672747260,4049123,1749,7080.0,7080.0
2022-02-20,7080.0,7090.0,7080.0,7080.0,17419157120,2460125,1225,7080.0,7080.0
2022-02-21,7080.0,7090.0,7080.0,7080.0,28867390080,4076686,1429,7080.0,7080.0
2022-02-22,7090.0,7100.0,7080.0,7080.0,15420346120,2177659,1134,7080.0,7080.0
2022-02-23,7080.0,7090.0,7080.0,7080.0,27017556330,3815622,1218,7080.0,7080.0
2022-02-26,7080.0,7090.0,7080.0,7080.0,19470122240,2749858,1237,7080.0,7080.0
2022-02-27,7080.0,7090.0,7080.0,7080.0,18706820400,2642033,1257,7080.0,7080.0
2022-02-28,7080.0,7090.0,7080.0,7080.0,15036982250,2123700,1193,7080.0,7080.0
2022-03-02,7080.0,7090.0,7080.0,7080.0,20662241660,2918267,1277,7080.0,7080.0
2022-03-05,7080.0,7110.0,7080.0,7080.0,29608748560,4179119,2012,7080.0,7090.0
2022-03-06,7080.0,7100.0,7080.0,7080.0,29145099020,4115326,2382,7080.0,7090.0
2022-03-07,7080.0,7100.0,7080.0,7080.0,21681917120,3061497,1698,7080.0,7080.0
2022-03-08,7080.0,7100.0,7080.0,7080.0,25562091280,3609824,1317,7080.0,7080.0
2022-03-09,7080.0,7090.0,7080.0,7080.0,20552192540,2902481,1480,7080.0,7080.0
2022-03-12,7080.0,7090.0,7080.0,7080.0,37210580670,5255265,1641,7080.0,7080.0
2022-03-13,7080.0,7090.0,7080.0,7080.0,19297786910,2725358,1317,7080.0,7080.0
2022-03-14,7090.0,7100.0,7080.0,7080.0,17819734730,2516598,1167,7080.0,7080.0
2022-03-15,7080.0,7090.0,7080.0,7080.0,20785007800,2935215,1016,7080.0,7080.0
2022-03-16,7090.0,7290.0,7080.0,7090.0,19305012390,2702902,1303,7080.0,7120.0
2022-03-19,7100.0,7320.0,7090.0,7110.0,15415691150,2133367,1318,7090.0,7270.0
2022-03-26,7130.0,7310.0,7090.0,7110.0,13463034680,1890465,1105,7110.0,7110.0
2022-03-27,7100.0,7150.0,7090.0,7110.0,16269150640,2291536,1386,7110.0,7090.0
2022-03-29,7110.0,7200.0,7080.0,7110.0,22469427270,3162319,1777,7110.0,7090.0
2022-03-30,7090.0,7180.0,7080.0,7110.0,21307685230,2999021,1559,7110.0,7160.0
2022-04-03,7110.0,7210.0,7090.0,7120.0,30518871530,4269517,2169,7110.0,7200.0
2022-04-04,7230.0,7230.0,7090.0,7120.0,22680876030,3179687,1809,7120.0,7110.0
2022-04-05,7100.0,7180.0,7090.0,7110.0,21784112340,3068742,1782,7120.0,7090.0
2022-04-06,7090.0,7250.0,7090.0,7120.0,25271025000,3533033,1796,7110.0,7110.0
2022-04-09,7220.0,7470.0,7130.0,7300.0,57959623830,7830249,2629,7120.0,7470.0
2022-04-10,7660.0,7660.0,7660.0,7460.0,39938382080,5213888,1477,7300.0,7660.0
2022-04-11,7830.0,7830.0,7830.0,7630.0,42066103410,5372427,1373,7460.0,7830.0
2022-04-12,8010.0,8010.0,8010.0,7860.0,57969235080,7237108,1722,7630.0,8010.0
2022-04-13,8250.0,8250.0,7910.0,8150.0,230400744080,28256739,5285,7860.0,8040.0
2022-04-16,7980.0,8150.0,7750.0,7890.0,75927992570,9702964,2128,8150.0,7750.0
2022-04-17,7670.0,7800.0,7500.0,7620.0,138981298330,18250139,4879,7890.0,7720.0
2022-04-18,7660.0,7850.0,7520.0,7680.0,77413700250,10064586,3474,7620.0,7620.0
2022-04-19,7660.0,7800.0,7500.0,7640.0,50338603120,6621821,2639,7680.0,7610.0
2022-04-20,7550.0,7610.0,7460.0,7580.0,44569866810,5927608,2563,7640.0,7520.0
2022-04-24,7520.0,7570.0,7400.0,7520.0,44365076180,5950702,2622,7580.0,7420.0
2022-04-25,7390.0,7970.0,7380.0,7800.0,118809892440,15233335,4024,7520.0,7970.0
2022-04-26,8000.0,8130.0,7690.0,7870.0,74182623900,9401107,3808,7800.0,7720.0
2022-04-27,7720.0,7950.0,7720.0,7830.0,63703868850,8161435,4464,7870.0,7740.0
2022-04-30,7740.0,7940.0,7700.0,7810.0,51905370370,6666670,3052,7830.0,7820.0
2022-05-01,7770.0,7980.0,7770.0,7830.0,50628264780,6453770,2610,7810.0,7810.0
2022-05-02,7830.0,7900.0,7720.0,7800.0,39600662920,5105068,2346,7830.0,7760.0
2022-05-07,7720.0,7750.0,7650.0,7730.0,61173326310,7951582,3459,7800.0,7680.0
2022-05-08,7640.0,7930.0,7640.0,7730.0,62918384980,8133016,3331,7730.0,7710.0
2022-05-09,7710.0,7730.0,7450.0,7650.0,45337832430,5989992,2988,7730.0,7470.0
2022-05-10,7500.0,7680.0,7370.0,7580.0,59582479720,7892653,2492,7650.0,7610.0
2022-05-11,7610.0,7960.0,7610.0,7790.0,86815675060,11125733,3677,7580.0,7840.0
2022-05-14,7790.0,8010.0,7650.0,7820.0,88251796700,11282911,3819,7790.0,7790.0
2022-05-15,7660.0,7800.0,7580.0,7720.0,55678683340,7266883,3263,7820.0,7690.0
2022-05-16,7550.0,7800.0,7520.0,7690.0,69345284240,9036546,6710,7720.0,7700.0
2022-05-17,7700.0,7850.0,7640.0,7700.0,47615155700,6171029,3290,7690.0,7650.0
2022-05-18,7600.0,7700.0,7560.0,7660.0,37285098580,4910420,3832,7700.0,7570.0
2022-05-21,7600.0,7750.0,7490.0,7620.0,36143052400,4787349,2460,7660.0,7540.0
2022-05-22,7500.0,7600.0,7500.0,7600.0,27573705040,3648187,2118,7620.0,7560.0
2022-05-23,7520.0,8050.0,7520.0,8030.0,162532322790,20229744,3225,7600.0,8050.0
2022-05-24,8180.0,8510.0,8100.0,8400.0,338097309090,40250734,6852,8030.0,8510.0
2022-05-25,8750.0,8900.0,8530.0,8840.0,282420484240,31948202,5657,8400.0,8900.0
2022-05-28,9140.0,9140.0,8310.0,8510.0,213305413670,25074505,5165,8840.0,8580.0
2022-05-29,8600.0,8790.0,8510.0,8640.0,133884710780,15501950,3894,8510.0,8560.0
2022-05-30,8740.0,8740.0,8200.0,8500.0,96737816560,11394295,3716,8640.0,8420.0
2022-05-31,8350.0,8600.0,8200.0,8450.0,55894977450,6645545,2652,8500.0,8440.0
2022-06-01,8280.0,8580.0,8220.0,8410.0,54974908650,6563861,2424,8450.0,8330.0
2022-06-06,8650.0,8740.0,8100.0,8320.0,81625705790,9828693,3371,8410.0,8190.0
2022-06-07,8050.0,8360.0,8050.0,8290.0,46347457190,5607484,2664,8320.0,8310.0
2022-06-08,8010.0,8500.0,8010.0,8290.0,60622387670,7308200,2965,8290.0,8390.0
2022-06-13,7570.0,7870.0,7250.0,7510.0,27158740850,3563975,1347,7470.0,7630.0
2022-06-14,7510.0,7730.0,7290.0,7480.0,54531880430,7306531,2664,7510.0,7310.0
2022-06-15,7280.0,7490.0,7190.0,7330.0,75717950030,10366034,2947,7480.0,7260.0
2022-06-18,7200.0,7270.0,6960.0,7090.0,72655034630,10305327,3016,7330.0,6990.0
2022-06-19,7010.0,7090.0,6790.0,6920.0,139528561790,20159071,3582,7090.0,7000.0
2022-06-20,6940.0,7070.0,6840.0,6940.0,39390015320,5654630,2031,6920.0,6910.0
2022-06-21,6970.0,7050.0,6850.0,6890.0,58346937150,8491794,1822,6940.0,6860.0
2022-06-22,6870.0,6890.0,6850.0,6870.0,44833444070,6538859,1580,6890.0,6860.0
2022-06-25,6870.0,7030.0,6850.0,6880.0,46130266490,6702040,1960,6870.0,6860.0
2022-06-26,6880.0,6980.0,6850.0,6860.0,49974949970,7291053,1205,6880.0,6860.0
2022-06-27,6860.0,6920.0,6850.0,6860.0,36528964960,5324560,1736,6860.0,6860.0
2022-06-28,6850.0,6980.0,6850.0,6860.0,36029905870,5249996,1735,6860.0,6860.0
2022-06-29,6860.0,6950.0,6850.0,6860.0,21860880330,3183441,1461,6860.0,6860.0
2022-07-02,6850.0,6900.0,6850.0,6860.0,67856129800,9896479,1651,6860.0,6850.0
2022-07-03,6850.0,6890.0,6850.0,6860.0,27867696570,4067154,1446,6860.0,6850.0
2022-07-04,6850.0,6870.0,6850.0,6860.0,27857338190,4065524,1410,6860.0,6850.0
2022-07-05,6850.0,6880.0,6850.0,6860.0,43199727610,6304885,1392,6860.0,6850.0
2022-07-06,6850.0,6880.0,6850.0,6860.0,43702516110,6379305,1211,6860.0,6850.0
2022-07-09,6850.0,6870.0,6850.0,6860.0,26188971340,3822129,1468,6860.0,6850.0
2022-07-11,6850.0,6860.0,6850.0,6860.0,35558759940,5190533,1372,6860.0,6850.0
2022-07-12,6850.0,6940.0,6760.0,6850.0,89420073660,13053861,1554,6860.0,6860.0
2022-07-13,6850.0,6960.0,6850.0,6850.0,40610164970,5926866,1211,6850.0,6850.0
2022-07-16,6850.0,6860.0,6850.0,6850.0,34488412250,5034399,1397,6850.0,6850.0
2022-07-17,6850.0,6860.0,6850.0,6850.0,36201568980,5284625,1209,6850.0,6860.0
2022-07-19,6850.0,6910.0,6850.0,6850.0,30807522390,4496215,1245,6850.0,6910.0
2022-07-20,6860.0,6900.0,6850.0,6850.0,15067495900,2198500,1072,6850.0,6860.0
2022-07-23,6860.0,6950.0,6850.0,6850.0,23649813080,3448180,1333,6850.0,6850.0
2022-07-24,6850.0,6880.0,6850.0,6850.0,41454310780,6051296,1231,6850.0,6850.0
2022-07-25,6860.0,6860.0,6850.0,6850.0,48508332150,7081057,1121,6850.0,6850.0
2022-07-26,6850.0,6860.0,6850.0,6850.0,27709124680,4044233,1042,6850.0,6850.0
2022-07-27,6860.0,6900.0,6850.0,6850.0,18265732890,2665499,1094,6850.0,6860.0
2022-07-30,6850.0,6860.0,6850.0,6850.0,26868874320,3921790,1206,6850.0,6850.0
2022-07-31,6860.0,6860.0,6850.0,6850.0,35209807030,5139554,1093,6850.0,6860.0
2022-08-01,6850.0,6860.0,6850.0,6850.0,19315139540,2819256,948,6850.0,6850.0
2022-08-02,6850.0,6860.0,6850.0,6850.0,16212947380,2366283,599,6850.0,6850.0
2022-08-03,6870.0,6900.0,6850.0,6850.0,12775699370,1863915,744,6850.0,6850.0
2022-08-06,6860.0,7040.0,6850.0,6860.0,18955689760,2742596,1380,6850.0,6890.0
2022-08-09,6860.0,7000.0,6850.0,6860.0,10407362540,1517033,958,6860.0,6850.0
2022-08-10,6850.0,6860.0,6850.0,6860.0,16053953680,2343403,850,6860.0,6850.0
2022-08-13,6850.0,7090.0,6850.0,6880.0,20381915880,2941825,1511,6860.0,6880.0
2022-08-14,6880.0,6890.0,6850.0,6870.0,18499534730,2698515,1124,6880.0,6850.0
2022-08-15,6850.0,6940.0,6850.0,6870.0,21592817310,3148970,1188,6870.0,6880.0
2022-08-16,6860.0,7000.0,6850.0,6870.0,38067149370,5541426,1250,6870.0,6870.0
2022-08-17,6870.0,6880.0,6850.0,6870.0,19698811530,2872577,956,6870.0,6870.0
2022-08-20,6850.0,6870.0,6850.0,6870.0,16726469940,2441275,1056,6870.0,6850.0
2022-08-21,6850.0,6880.0,6850.0,6870.0,21151741610,3085374,1014,6870.0,6850.0
2022-08-22,6850.0,6870.0,6850.0,6870.0,20280597790,2959524,865,6870.0,6850.0
2022-08-23,6850.0,6910.0,6850.0,6870.0,13444883280,1958498,1059,6870.0,6900.0
2022-08-24,6860.0,6910.0,6850.0,6870.0,15777193860,2297705,1147,6870.0,6880.0
2022-08-27,6870.0,6900.0,6850.0,6870.0,25705275900,3748356,1164,6870.0,6850.0
2022-08-28,6860.0,6880.0,6850.0,6870.0,12526124200,1826934,928,6870.0,6860.0
2022-08-29,6850.0,6880.0,6850.0,6870.0,17582444390,2564836,1073,6870.0,6850.0
2022-08-30,6850.0,6880.0,6850.0,6870.0,23582874170,3441079,852,6870.0,6860.0
2022-08-31,6860.0,6880.0,6850.0,6870.0,19865466440,2897579,872,6870.0,6860.0
2022-09-03,6850.0,6860.0,6850.0,6870.0,18422603090,2688899,949,6870.0,6850.0
2022-09-04,6850.0,6880.0,6850.0,6870.0,17034690470,2485709,751,6870.0,6850.0
2022-09-05,6850.0,6890.0,6850.0,6870.0,13839728410,2018323,992,6870.0,6850.0
2022-09-06,6850.0,6870.0,6850.0,6870.0,14518918480,2118249,790,6870.0,6850.0
2022-09-07,6860.0,6870.0,6850.0,6870.0,17869956670,2608203,1002,6870.0,6850.0
2022-09-10,6850.0,6870.0,6850.0,6870.0,18841408530,2749961,965,6870.0,6850.0
2022-09-11,6850.0,6870.0,6850.0,6860.0,50372687720,7353316,976,6870.0,6860.0
2022-09-12,6850.0,6870.0,6850.0,6860.0,8862745420,1293208,883,6860.0,6860.0
2022-09-13,6850.0,6870.0,6850.0,6860.0,20071774320,2928799,853,6860.0,6850.0
2022-09-14,6860.0,6870.0,6850.0,6860.0,14911579490,2176462,837,6860.0,6850.0
2022-09-18,6860.0,6860.0,6850.0,6850.0,43059147800,6285749,1018,6860.0,6850.0
2022-09-19,6850.0,6860.0,6850.0,6850.0,22614935100,3301318,870,6850.0,6850.0
2022-09-20,6850.0,6860.0,6850.0,6850.0,19822411700,2893632,769,6850.0,6850.0
2022-09-21,6850.0,6860.0,6850.0,6850.0,18017067600,2630067,694,6850.0,6860.0
2022-09-24,6850.0,6860.0,6850.0,6850.0,31968289580,4666224,959,6850.0,6850.0
2022-09-26,6850.0,6860.0,6850.0,6850.0,16016838640,2338058,830,6850.0,6860.0
2022-09-28,6860.0,6880.0,6850.0,6850.0,15391112870,2245730,904,6850.0,6850.0
2022-10-01,6850.0,6860.0,6850.0,6850.0,17541917070,2560784,821,6850.0,6850.0
2022-10-02,6850.0,6860.0,6850.0,6850.0,16980560610,2478851,888,6850.0,6850.0
2022-10-03,6850.0,6860.0,6850.0,6850.0,16620910800,2426343,851,6850.0,6860.0
2022-10-04,6860.0,6860.0,6850.0,6850.0,13233083250,1931585,704,6850.0,6850.0
2022-10-08,6850.0,6860.0,6850.0,6850.0,12853971530,1876339,686,6850.0,6850.0
2022-10-09,6850.0,6860.0,6850.0,6850.0,28652636480,4182630,989,6850.0,6850.0
2022-10-10,6850.0,6860.0,6850.0,6850.0,23277927250,3398171,911,6850.0,6850.0
2022-10-11,6850.0,6860.0,6850.0,6850.0,19572067100,2856754,773,6850.0,6850.0
2022-10-12,6850.0,6870.0,6850.0,6850.0,10349804310,1510729,551,6850.0,6850.0
2022-10-15,6850.0,6860.0,6850.0,6850.0,16402155430,2394249,929,6850.0,6850.0
2022-10-16,6850.0,6860.0,6850.0,6850.0,13424866930,1959654,697,6850.0,6850.0
2022-10-17,6850.0,6860.0,6850.0,6850.0,13717246920,2002124,879,6850.0,6850.0
2022-10-18,6860.0,7090.0,6850.0,6850.0,18629384460,2712409,938,6850.0,6850.0
2022-10-19,6850.0,6870.0,6850.0,6850.0,12287761890,1793583,876,6850.0,6850.0
2022-10-22,6850.0,6860.0,6850.0,6850.0,19884082830,2902451,956,6850.0,6850.0
2022-10-23,6850.0,6860.0,6850.0,6850.0,18172191710,2652596,819,6850.0,6850.0
2022-10-24,6850.0,6860.0,6850.0,6850.0,20165260590,2943475,780,6850.0,6850.0
2022-10-25,6850.0,6860.0,6850.0,6850.0,27409192240,4001137,1829,6850.0,6850.0
2022-10-26,6850.0,6860.0,6850.0,6850.0,29796598260,4349581,1123,6850.0,6850.0
2022-10-29,6860.0,6860.0,6850.0,6850.0,18074524450,2638458,1385,6850.0,6850.0
2022-10-30,6850.0,6860.0,6850.0,6850.0,16637480840,2428806,1001,6850.0,6850.0
2022-10-31,6850.0,6870.0,6850.0,6850.0,19072966290,2783967,1371,6850.0,6850.0
2022-11-01,7260.0,7260.0,6850.0,6860.0,15067260010,2176857,1364,6850.0,6850.0
2022-11-02,6850.0,6870.0,6850.0,6860.0,16782356990,2449642,1281,6860.0,6850.0
2022-11-05,6850.0,6990.0,6850.0,6870.0,32054691620,4662721,1824,6860.0,6880.0
2022-11-06,6860.0,6890.0,6850.0,6870.0,27288837430,3980074,1585,6870.0,6850.0
2022-11-07,7100.0,7320.0,7100.0,6990.0,29432710180,4068967,1657,6870.0,7160.0
2022-11-08,7160.0,7380.0,7010.0,7030.0,28202537330,3964682,1766,6990.0,7060.0
2022-11-09,7000.0,7260.0,6880.0,7040.0,24217176170,3435044,1625,7030.0,7130.0
2022-11-12,7040.0,7130.0,6890.0,7020.0,21293413450,3050242,1480,7040.0,6930.0
2022-11-13,6880.0,6990.0,6870.0,7010.0,7583548500,1098997,850,7020.0,6880.0
2022-11-14,6860.0,7010.0,6860.0,6990.0,13021711960,1893363,1220,7010.0,6870.0
2022-11-15,6860.0,7000.0,6850.0,6980.0,12914989750,1872635,1222,6990.0,6880.0
2022-11-16,6870.0,6990.0,6850.0,6960.0,19113695920,2777554,1532,6980.0,6870.0
2022-11-19,6860.0,6880.0,6850.0,6940.0,13613333730,1985716,890,6960.0,6850.0
2022-11-20,6860.0,6980.0,6860.0,6930.0,13205916110,1917971,1248,6940.0,6880.0
2022-11-21,6860.0,6890.0,6850.0,6920.0,16682078680,2432235,1158,6930.0,6860.0
2022-11-22,6860.0,6910.0,6850.0,6910.0,13604931020,1984118,940,6920.0,6850.0
2022-11-23,6860.0,6900.0,6850.0,6900.0,20546047150,2996702,1147,6910.0,6850.0
2022-11-26,6860.0,6890.0,6850.0,6890.0,14452957590,2106154,1050,6900.0,6860.0
2022-11-27,6860.0,6890.0,6850.0,6880.0,14506758090,2116832,714,6890.0,6850.0
2022-11-28,6850.0,6870.0,6850.0,6870.0,22576697520,3295005,1068,6880.0,6850.0
2022-11-29,6860.0,6870.0,6850.0,6870.0,16135420290,2354040,1106,6870.0,6870.0
2022-11-30,6860.0,6870.0,6850.0,6870.0,10659346030,1555626,908,6870.0,6850.0
2022-12-03,6850.0,6870.0,6850.0,6860.0,30730137860,4485099,1183,6870.0,6850.0
2022-12-04,6860.0,6870.0,6850.0,6860.0,17835089240,2602087,1035,6860.0,6850.0
2022-12-05,6850.0,6870.0,6850.0,6860.0,12872744390,1878485,961,6860.0,6850.0
2022-12-06,6850.0,6860.0,6850.0,6860.0,34902263840,5094611,1040,6860.0,6850.0
2022-12-07,6850.0,6890.0,6850.0,6860.0,26070082050,3805099,1069,6860.0,6850.0
2022-12-10,6870.0,6880.0,6850.0,6860.0,22567547460,3292515,1113,6860.0,6850.0
2022-12-11,6850.0,6860.0,6850.0,6860.0,21194100510,3093330,1196,6860.0,6860.0
2022-12-12,6860.0,6870.0,6850.0,6860.0,25683645300,3747182,1399,6860.0,6860.0
2022-12-13,6860.0,7010.0,6860.0,6880.0,23240594720,3352672,1473,6860.0,6870.0
2022-12-14,6880.0,6990.0,6860.0,6880.0,20298862460,2944040,1310,6880.0,6870.0
2022-12-17,6870.0,6890.0,6850.0,6880.0,16979407710,2472846,1508,6880.0,6860.0
2022-12-18,6860.0,7010.0,6860.0,6890.0,23184180250,3348976,1806,6880.0,6890.0
2022-12-19,6880.0,7270.0,6880.0,7150.0,90834486220,12699120,3141,6890.0,7180.0
2022-12-20,7250.0,7360.0,7010.0,7180.0,45592371070,6322934,1764,7150.0,7150.0
2022-12-21,7030.0,7190.0,7030.0,7150.0,31739926730,4466087,1506,7180.0,7110.0
2022-12-24,7000.0,7350.0,6900.0,7210.0,55633744300,7672756,2242,7150.0,7330.0
2022-12-25,7170.0,7370.0,7170.0,7270.0,54693060910,7492210,2165,7210.0,7360.0
2022-12-26,7350.0,7440.0,7200.0,7300.0,47649353360,6510102,1934,7270.0,7340.0
2022-12-28,7480.0,7660.0,7450.0,7450.0,68917069050,9187935,2380,7300.0,7460.0
2022-12-31,7500.0,7500.0,7080.0,7320.0,42734019890,5947097,2202,7450.0,7150.0
2023-01-01,6940.0,7230.0,6910.0,7190.0,38170116090,5428338,2167,7320.0,7030.0
2023-01-02,7010.0,7200.0,7010.0,7150.0,48388667630,6792852,2570,7190.0,7080.0
2023-01-03,7070.0,7240.0,6990.0,7120.0,33097376980,4684241,2265,7150.0,7010.0
2023-01-04,7020.0,7100.0,6960.0,7100.0,19486583420,2776535,1521,7120.0,7020.0
2023-01-07,7100.0,7300.0,7100.0,7170.0,59152953410,8210276,2133,7100.0,7300.0
2023-01-08,7320.0,7460.0,7210.0,7280.0,59020830380,8047223,2785,7170.0,7340.0
2023-01-09,7320.0,7400.0,7120.0,7270.0,49267450450,6791122,2286,7280.0,7270.0
2023-01-10,7290.0,7490.0,7250.0,7330.0,64846565950,8815427,3003,7270.0,7370.0
2023-01-11,7250.0,7390.0,7190.0,7300.0,42397941050,5828405,2282,7330.0,7200.0
2023-01-14,7180.0,7320.0,7120.0,7270.0,30164905150,4177095,2064,7300.0,7270.0
2023-01-16,7770.0,7770.0,7770.0,7630.0,67642286670,8705571,2007,7270.0,7770.0
2023-01-17,8160.0,8160.0,8160.0,8110.0,88590851520,10856722,2401,7630.0,8160.0
2023-01-18,8670.0,8670.0,8660.0,8670.0,390314759050,45019005,4195,8110.0,8670.0
2023-01-21,9270.0,9270.0,9000.0,9260.0,446313788090,48193846,5909,8670.0,9270.0
2023-01-22,9680.0,9710.0,8780.0,9240.0,294353596250,31858128,7401,9260.0,9310.0
2023-01-23,9470.0,9470.0,8610.0,8870.0,177866122030,20061097,4743,9240.0,8800.0
2023-01-24,8730.0,8730.0,8300.0,8580.0,91138423880,10661977,3350,8870.0,8400.0
2023-01-25,8500.0,8500.0,8080.0,8210.0,119172418290,14523672,2901,8580.0,8170.0
2023-01-28,8030.0,8200.0,7710.0,8040.0,70186658170,8790583,2617,8210.0,7930.0
2023-01-29,7940.0,7940.0,7550.0,7750.0,66360125180,8687427,2177,8040.0,7630.0
2023-01-30,7600.0,8140.0,7440.0,7760.0,53588577430,6898385,2357,7750.0,8010.0
2023-01-31,8190.0,8300.0,7900.0,8160.0,87558032450,10658154,2833,7760.0,8230.0
2023-02-01,8200.0,8520.0,7850.0,8130.0,53398853190,6592424,1827,8160.0,7960.0
2023-02-19,4119.0,4119.0,3700.0,3848.0,5050484693,1329910,400,3850.0,3788.0
2023-02-20,3840.0,4040.0,3700.0,3893.0,56350269289,14293753,3155,3848.0,3977.0
2023-02-21,4000.0,4084.0,3850.0,3925.0,52803122156,13320078,2692,3893.0,3885.0
2023-02-22,3822.0,3852.0,3760.0,3909.0,15566154518,4085564,1734,3925.0,3837.0
2023-02-25,3843.0,4117.0,3843.0,4012.0,83500376709,20572460,3771,3909.0,4111.0
2023-02-26,4165.0,4165.0,3910.0,4017.0,39618290837,9835155,2049,4012.0,3936.0
2023-02-27,3910.0,4022.0,3842.0,3965.0,60259765295,15387034,4033,4017.0,3865.0
2023-02-28,3800.0,3940.0,3780.0,3887.0,74652027578,19415375,4436,3965.0,3894.0
2023-03-01,3807.0,3887.0,3804.0,3875.0,26321970536,6863207,2677,3887.0,3820.0
2023-03-04,3767.0,3800.0,3732.0,3846.0,28326807980,7534821,2401,3875.0,3750.0
2023-03-05,3730.0,3900.0,3730.0,3838.0,22711266110,5967249,2307,3846.0,3770.0
2023-03-06,3757.0,3840.0,3710.0,3826.0,19937358280,5291764,1917,3838.0,3770.0
2023-03-07,3797.0,3880.0,3751.0,3824.0,23916597068,6268545,2092,3826.0,3799.0
2023-03-11,3793.0,4011.0,3793.0,3855.0,49017661464,12578897,3166,3824.0,3812.0
2023-03-12,3813.0,3813.0,3740.0,3837.0,21521936521,5720009,2488,3855.0,3745.0
2023-03-13,3750.0,3775.0,3711.0,3810.0,28952499026,7756652,5408,3837.0,3715.0
2023-03-14,3701.0,3710.0,3621.0,3733.0,57897850518,15800090,10085,3810.0,3653.0
2023-03-15,3670.0,3792.0,3653.0,3740.0,37184139633,9900826,2938,3733.0,3770.0
2023-03-18,3790.0,3900.0,3770.0,3748.0,8333667888,2163716,474,3740.0,3880.0
2023-03-25,4010.0,4010.0,3850.0,3757.0,7881469488,2029430,207,3748.0,3870.0
2023-03-26,3992.0,3992.0,3700.0,3761.0,3987977802,1027527,208,3757.0,3800.0
2023-03-27,3800.0,3919.0,3750.0,3794.0,44348614633,11530377,4007,3761.0,3877.0
2023-03-28,3926.0,3950.0,3851.0,3828.0,41897108714,10772022,3658,3794.0,3892.0
2023-03-29,3892.0,4095.0,3892.0,3986.0,93969659201,23312166,4700,3828.0,4095.0
2023-04-03,4265.0,4265.0,4121.0,4169.0,89985944247,21200756,3348,3986.0,4265.0
2023-04-04,4460.0,4460.0,4460.0,4344.0,80460027900,18040365,1587,4169.0,4460.0
2023-04-05,4648.0,4648.0,4472.0,4644.0,147799348047,31825056,3641,4344.0,4648.0
2023-04-08,4969.0,4969.0,4969.0,4868.0,88521900208,17814832,4481,4644.0,4969.0
2023-04-09,5208.0,5208.0,5208.0,5208.0,149294840352,28666444,4056,4868.0,5208.0
2023-04-10,5572.0,5572.0,5210.0,5481.0,648134202899,118261278,14353,5208.0,5461.0
2023-04-11,5549.0,5764.0,5208.0,5482.0,416140082724,75915064,13863,5481.0,5347.0
2023-04-15,5570.0,5860.0,5420.0,5810.0,211472581450,36394029,5808,5482.0,5860.0
2023-04-16,6140.0,6160.0,5660.0,5940.0,373761607370,62893892,11030,5810.0,5900.0
2023-04-17,6100.0,6100.0,5530.0,5730.0,299724633780,52276137,8231,5940.0,5620.0
2023-04-18,5650.0,5900.0,5550.0,5710.0,338524150130,59252899,11177,5730.0,5610.0
2023-04-19,5710.0,5960.0,5500.0,5810.0,338186090720,58220982,8718,5710.0,5800.0
2023-04-24,5700.0,5800.0,5490.0,5590.0,252865682070,45223616,7556,5810.0,5540.0
2023-04-25,5790.0,5790.0,5440.0,5590.0,129759134540,23219487,4745,5590.0,5490.0
2023-04-26,5600.0,5690.0,5500.0,5620.0,198733367510,35363491,6615,5590.0,5650.0
2023-04-29,5730.0,5770.0,5530.0,5640.0,148758352660,26366644,6620,5620.0,5610.0
2023-04-30,5700.0,6030.0,5640.0,5940.0,246389283880,41482614,8012,5640.0,6030.0
2023-05-01,6300.0,6350.0,6110.0,6330.0,182383042260,28818403,5160,5940.0,6350.0
2023-05-02,6770.0,6770.0,6770.0,6620.0,96828168720,14302536,3536,6330.0,6770.0
2023-05-03,7080.0,7080.0,6900.0,7070.0,543468560940,76863490,8791,6620.0,7080.0
2023-05-06,7560.0,7560.0,7510.0,7560.0,281995997100,37305808,5446,7070.0,7560.0
2023-05-07,8070.0,8070.0,7040.0,7280.0,358694352770,49257374,4416,7560.0,7040.0
2023-05-08,6780.0,6780.0,6780.0,6900.0,86446098360,12750162,1181,7280.0,6780.0
2023-05-09,6420.0,7380.0,6420.0,7040.0,717694227020,101911716,14229,6900.0,7380.0
2023-05-10,7530.0,7530.0,6860.0,7410.0,800686447750,108021079,12899,7040.0,7530.0
2023-05-13,7750.0,7750.0,6900.0,7010.0,469629917860,67030865,7755,7410.0,7040.0
2023-05-14,7310.0,7500.0,7100.0,7430.0,274833332020,36972733,4566,7010.0,7500.0
2023-05-15,7600.0,7750.0,7200.0,7500.0,402469493040,53659397,6372,7430.0,7600.0
2023-05-21,7590.0,7590.0,7100.0,7460.0,231824468280,31055368,3490,7100.0,7590.0
2023-05-22,7900.0,7980.0,7700.0,7970.0,685861973420,86104761,8263,7460.0,7980.0
2023-05-23,8250.0,8400.0,7650.0,7980.0,524303948640,65697409,8511,7970.0,7750.0
2023-05-24,7530.0,7980.0,7510.0,7660.0,181659386130,23711863,3991,7980.0,7670.0
2023-05-27,0.0,7490.0,7130.0,7180.0,175070845850,24382228,4039,7660.0,7130.0
2023-05-28,7000.0,7110.0,6680.0,6830.0,231863138440,33923268,4421,7180.0,7100.0
2023-05-29,7030.0,7300.0,6900.0,7210.0,152130040670,21113745,3464,6830.0,7300.0
2023-05-30,7470.0,7620.0,7000.0,7400.0,149202626860,20156311,3557,7210.0,7360.0
2023-05-31,7300.0,7360.0,6930.0,7130.0,92748536950,13007997,2560,7400.0,7250.0
2023-06-03,7000.0,7500.0,6910.0,7230.0,88228940610,12197799,2605,7130.0,7200.0
2023-06-06,7080.0,7400.0,7060.0,7230.0,211027725120,29170457,4013,7230.0,7290.0
2023-06-07,7200.0,7210.0,6730.0,6920.0,136562646240,19746968,4069,7230.0,6860.0
2023-06-10,6800.0,6800.0,6440.0,6450.0,90224218880,13982068,1387,6920.0,6440.0
2023-06-11,6150.0,6860.0,6150.0,6550.0,147567255000,22516856,7331,6450.0,6740.0
2023-06-12,6690.0,7000.0,6300.0,6680.0,156826121000,23490033,3909,6550.0,6800.0
2023-06-13,6810.0,7140.0,6740.0,7060.0,139138208680,19708862,3091,6680.0,7140.0
2023-06-14,7530.0,7550.0,7300.0,7530.0,357758727260,47487862,4442,7060.0,7550.0
2023-06-17,7600.0,7870.0,7130.0,7450.0,185798938870,24932852,3133,7530.0,7250.0
2023-06-18,7320.0,7550.0,6930.0,7170.0,204176379570,28495980,3841,7450.0,7280.0
2023-06-19,7260.0,7670.0,7260.0,7660.0,526105775190,68694079,5520,7170.0,7670.0
2023-06-20,7500.0,8100.0,7500.0,7800.0,282494984410,36208068,4740,7660.0,7680.0
2023-06-21,7700.0,7890.0,7350.0,7540.0,174738818200,23186567,4443,7800.0,7480.0
2023-06-24,7310.0,7480.0,7120.0,7260.0,94571115590,13017849,2927,7540.0,7270.0
2023-06-25,7150.0,7640.0,7150.0,7400.0,97093791040,13113422,2738,7260.0,7330.0
2023-06-26,7320.0,7400.0,7180.0,7240.0,92117331610,12721834,3012,7400.0,7260.0
2023-06-27,7200.0,7380.0,6980.0,7110.0,82998697930,11667740,2409,7240.0,7050.0
2023-06-28,7000.0,7070.0,6780.0,6910.0,82080189320,11886695,2081,7110.0,6870.0
2023-07-01,6770.0,6900.0,6690.0,6800.0,31024446530,4559900,1255,6910.0,6790.0
2023-07-02,6900.0,7100.0,6730.0,6960.0,62335621700,8951490,2238,6800.0,6900.0
2023-07-03,6920.0,7110.0,6820.0,6960.0,68043158320,9778315,2114,6960.0,6990.0
2023-07-04,6890.0,7000.0,6780.0,6850.0,99183566660,14472131,2892,6960.0,6850.0
2023-07-05,6970.0,6970.0,6700.0,6780.0,86369306100,12731457,2116,6850.0,6760.0
2023-07-08,6700.0,6900.0,6600.0,6730.0,49590698930,7365762,2083,6780.0,6620.0
2023-07-09,6560.0,6730.0,6450.0,6540.0,58377607360,8924873,2046,6730.0,6520.0
2023-07-10,6410.0,6480.0,6240.0,6310.0,59064352440,9360605,1935,6540.0,6240.0
2023-07-11,6180.0,6340.0,5950.0,6040.0,112513847480,18613303,2103,6310.0,5990.0
2023-07-12,5940.0,6450.0,5750.0,6120.0,175614767630,28711055,3134,6040.0,6280.0
2023-07-15,6200.0,6430.0,6120.0,6280.0,65656295100,10448767,1747,6120.0,6160.0
2023-07-16,6130.0,6210.0,5850.0,5970.0,95787225240,16054293,1778,6280.0,5870.0
2023-07-17,5830.0,5840.0,5560.0,5610.0,116055987110,20679643,2357,5970.0,5780.0
2023-07-18,5770.0,6000.0,5770.0,5990.0,91228400350,15236918,1684,5610.0,6000.0
2023-07-19,6280.0,6280.0,5700.0,6030.0,108757293440,18023278,2129,5990.0,5790.0
2023-07-22,5670.0,5800.0,5610.0,5630.0,81941350490,14560345,1445,6030.0,5610.0
2023-07-23,5490.0,5790.0,5400.0,5680.0,43150015280,7600914,1247,5630.0,5760.0
2023-07-24,5540.0,6000.0,5540.0,5870.0,41159262770,7006834,1148,5680.0,5800.0
2023-07-25,5800.0,5980.0,5650.0,5800.0,34178668280,5895988,1008,5870.0,5710.0
2023-07-26,5600.0,5800.0,5600.0,5720.0,20021928450,3500485,886,5800.0,5720.0
2023-07-29,5630.0,5880.0,5500.0,5620.0,23522203790,4187283,940,5720.0,5540.0
2023-07-30,5510.0,5570.0,5230.0,5270.0,77921739780,14787552,1601,5620.0,5250.0
2023-07-31,5230.0,5500.0,5130.0,5250.0,39794737270,7583385,1131,5270.0,5220.0
2023-08-01,5210.0,5420.0,5210.0,5300.0,23788705970,4487755,1033,5250.0,5330.0
2023-08-05,5320.0,5490.0,5320.0,5410.0,32413543120,5995969,1281,5300.0,5410.0
2023-08-06,5380.0,5380.0,5200.0,5270.0,32100436500,6094463,1180,5410.0,5260.0
2023-08-07,5190.0,5630.0,5190.0,5590.0,120816821230,21625461,2021,5270.0,5630.0
2023-08-08,5630.0,5680.0,5350.0,5480.0,34708374810,6336957,801,5590.0,5400.0
2023-08-09,5350.0,5730.0,5350.0,5580.0,51747478670,9275697,1311,5480.0,5490.0
2023-08-12,5410.0,5420.0,5190.0,5210.0,78505264730,15072603,1419,5580.0,5190.0
2023-08-13,5110.0,5350.0,5100.0,5220.0,35525230840,6809159,1108,5210.0,5290.0
2023-08-14,5280.0,5300.0,5000.0,5110.0,26020440670,5091926,947,5220.0,5050.0
2023-08-15,5030.0,5100.0,4760.0,4820.0,58851939230,12205294,1608,5110.0,4780.0
2023-08-16,4770.0,4910.0,4620.0,4810.0,28237517170,5867199,1416,4820.0,4840.0
2023-08-19,4800.0,4920.0,4550.0,4701.0,24241526257,5156457,1097,4810.0,4600.0
2023-08-20,4560.0,4706.0,4550.0,4640.0,20826983437,4488365,851,4701.0,4645.0
2023-08-21,4510.0,4720.0,4510.0,4634.0,11174679293,2411638,800,4640.0,4600.0
2023-08-22,4560.0,4680.0,4520.0,4598.0,22694656776,4936273,762,4634.0,4637.0
2023-08-23,4620.0,4850.0,4620.0,4757.0,22375709478,4703553,908,4598.0,4770.0
2023-08-26,4710.0,5089.0,4710.0,5044.0,57472249262,11393209,1322,4757.0,5089.0
2023-08-27,5300.0,5397.0,5160.0,5381.0,128626774009,23903747,1886,5044.0,5397.0
2023-08-28,5460.0,5757.0,5403.0,5713.0,295430914196,51713857,2818,5381.0,5757.0
2023-08-29,5780.0,6080.0,5570.0,5817.0,178438276840,30675381,2929,5713.0,5890.0
2023-08-30,5680.0,6200.0,5680.0,6025.0,141294376120,23450277,2995,5817.0,6024.0
2023-09-02,5880.0,6180.0,5610.0,5770.0,133781746650,23166254,2493,6025.0,5650.0
2023-09-03,5600.0,5750.0,5450.0,5600.0,60629869230,10828580,1519,5770.0,5570.0
2023-09-04,5520.0,5840.0,5510.0,5740.0,55246818800,9627332,1490,5600.0,5720.0
2023-09-05,5710.0,5920.0,5580.0,5710.0,55661173730,9741601,1368,5740.0,5650.0
2023-09-09,5540.0,6100.0,5370.0,6040.0,347705636410,57525388,3635,5710.0,6100.0
2023-09-10,6170.0,6350.0,5870.0,6130.0,171465597030,27974886,1999,6040.0,6090.0
2023-09-11,6010.0,6160.0,5730.0,5900.0,145761204020,24720237,2352,6130.0,5750.0
2023-09-12,5630.0,5930.0,5630.0,5760.0,69572096300,12076528,1591,5900.0,5730.0
2023-09-13,5720.0,5860.0,5620.0,5730.0,51044923660,8911628,1255,5760.0,5640.0
2023-09-17,5650.0,5940.0,5630.0,5760.0,73557972960,12778689,1712,5730.0,5750.0
2023-09-18,5760.0,5900.0,5730.0,5810.0,42257341300,7272434,1181,5760.0,5750.0
2023-09-19,5750.0,5920.0,5580.0,5670.0,52008751660,9175929,1132,5810.0,5660.0
2023-09-20,5550.0,5700.0,5510.0,5590.0,33621591880,6009693,1093,5670.0,5510.0
2023-09-23,5530.0,5640.0,5440.0,5510.0,24480946050,4439891,1037,5590.0,5490.0
2023-09-25,5440.0,5690.0,5340.0,5460.0,87667503090,16051668,1445,5510.0,5410.0
2023-09-26,5450.0,5460.0,5320.0,5410.0,69342373360,12824190,1264,5460.0,5380.0
2023-09-27,5390.0,5780.0,5340.0,5540.0,174590783710,31532656,2326,5410.0,5630.0
2023-09-30,5610.0,5700.0,5440.0,5550.0,110506096290,19917128,1459,5540.0,5530.0
2023-10-01,5430.0,5560.0,5250.0,5450.0,80948362040,14866431,1555,5550.0,5470.0
2023-10-02,5410.0,5610.0,5410.0,5540.0,40115928840,7242772,1003,5450.0,5500.0
2023-10-04,5510.0,5630.0,5370.0,5510.0,64403297260,11697428,1227,5540.0,5420.0
2023-10-07,5380.0,5450.0,5130.0,5190.0,79423617700,15298386,1652,5510.0,5140.0
2023-10-08,5170.0,5170.0,4830.0,4880.0,68048342500,13954227,1446,5190.0,4850.0
2023-10-09,4600.0,5130.0,4600.0,5000.0,72146585390,14437169,1185,4880.0,5010.0
2023-10-10,4960.0,5180.0,4960.0,5120.0,14309258670,2796462,770,5000.0,5160.0
2023-10-11,5160.0,5220.0,4850.0,5050.0,28248756750,5597032,899,5120.0,5070.0
2023-10-14,5050.0,5100.0,4700.0,4870.0,37943141710,7786004,960,5050.0,4940.0
2023-10-15,5050.0,5050.0,4740.0,4860.0,42471225610,8745897,898,4870.0,4960.0
2023-10-16,5000.0,5180.0,4990.0,5080.0,45357988940,8926861,1041,4860.0,5080.0
2023-10-17,5170.0,5270.0,5110.0,5200.0,36972320450,7103839,867,5080.0,5140.0
2023-10-18,5200.0,5330.0,5000.0,5170.0,48347006410,9352851,867,5200.0,5080.0
2023-10-21,5050.0,5250.0,5000.0,5070.0,29996841480,5911233,913,5170.0,5030.0
2023-10-22,5010.0,5170.0,4980.0,5080.0,33354390150,6564964,1024,5070.0,5050.0
2023-10-23,5020.0,5160.0,4970.0,5060.0,35073235890,6937447,932,5080.0,5110.0
2023-10-24,5000.0,5040.0,4830.0,4900.0,26009161430,5306640,771,5060.0,4930.0
2023-10-25,4950.0,5000.0,4840.0,4890.0,14571510960,2980878,452,4900.0,4850.0
2023-10-28,4800.0,4800.0,4548.0,4568.0,52493765829,11491569,1174,4890.0,4548.0
2023-10-29,4520.0,4700.0,4472.0,4605.0,19696568681,4277555,775,4568.0,4570.0
2023-10-30,4530.0,4793.0,4530.0,4720.0,13940417437,2953383,739,4605.0,4665.0
2023-10-31,4750.0,4750.0,4515.0,4621.0,22954255543,4967514,845,4720.0,4523.0
2023-11-01,4530.0,4628.0,4470.0,4512.0,22569967191,5001922,677,4621.0,4550.0
2023-11-04,4552.0,4827.0,4552.0,4778.0,26782068912,5605519,1125,4512.0,4827.0
2023-11-05,4900.0,4999.0,4820.0,4901.0,21169559102,4319394,850,4778.0,4831.0
2023-11-06,4910.0,5060.0,4901.0,4986.0,20049802718,4021342,948,4901.0,4981.0
2023-11-07,5030.0,5111.0,5050.0,5107.0,167408587,32780,6,4986.0,5109.0
2023-11-18,5190.0,5370.0,5000.0,5100.0,13452474270,2638465,546,5107.0,5070.0
2023-11-19,4970.0,5150.0,4930.0,5010.0,25277031430,5049096,1153,5100.0,4940.0
2023-11-20,4860.0,4980.0,4720.0,4810.0,28660510650,5962848,1240,5010.0,4800.0
2023-11-21,4710.0,4950.0,4710.0,4790.0,23135248660,4825640,1170,4810.0,4770.0
2023-11-22,4770.0,5010.0,4770.0,4890.0,18383415990,3756050,877,4790.0,4850.0
2023-11-25,4910.0,4910.0,4690.0,4749.0,39930905181,8408940,1577,4890.0,4705.0
2023-11-26,4675.0,4849.0,4675.0,4727.0,22161337195,4687898,1042,4749.0,4713.0
2023-11-27,4730.0,4840.0,4681.0,4738.0,24270355466,5122795,1069,4727.0,4701.0
2023-11-28,4407.0,4429.0,4407.0,4407.0,1092666779397,247933704,4856,4738.0,4408.0
2023-11-29,4450.0,4627.0,4370.0,4494.0,594142876224,132208145,6369,4407.0,4530.0
2023-12-02,4570.0,4720.0,4500.0,4587.0,230710416729,50301867,3707,4494.0,4548.0
2023-12-03,4500.0,4658.0,4455.0,4550.0,256033504004,56268783,3165,4587.0,4655.0
2023-12-04,4671.0,4740.0,4566.0,4638.0,233132055621,50260430,2968,4550.0,4570.0
2023-12-05,4600.0,4750.0,4570.0,4686.0,233896718711,49911676,3979,4638.0,4717.0
2023-12-06,4656.0,5014.0,4656.0,4960.0,732923333442,147780940,5887,4686.0,5014.0
2023-12-09,5030.0,5088.0,4920.0,5021.0,511670129066,101914283,5464,4960.0,4930.0
2023-12-10,5001.0,5035.0,4805.0,4890.0,222818265915,45566124,2989,5021.0,4907.0
2023-12-11,4890.0,4990.0,4760.0,4825.0,188843938970,39137879,2872,4890.0,4820.0
2023-12-12,4800.0,4900.0,4771.0,4816.0,126365549903,26237948,2228,4825.0,4835.0
2023-12-13,4835.0,4846.0,4690.0,4748.0,104015610669,21906807,1915,4816.0,4797.0
2023-12-16,4748.0,4940.0,4748.0,4877.0,154089279592,31598253,3587,4748.0,4895.0
2023-12-18,4901.0,5218.0,4901.0,5190.0,786917763586,151617060,6756,4877.0,5170.0
2023-12-19,5200.0,5249.0,5079.0,5144.0,304863192825,59267770,3162,5190.0,5119.0
2023-12-20,5100.0,5220.0,5060.0,5134.0,153359415442,29871907,2115,5144.0,5139.0
2023-12-23,5140.0,5300.0,5100.0,5200.0,124363322580,23938059,1689,5134.0,5190.0
2023-12-24,5170.0,5210.0,5060.0,5110.0,125276920300,24495286,2022,5200.0,5120.0
2023-12-25,5060.0,5170.0,5060.0,5110.0,88277044430,17268078,1699,5110.0,5110.0
2023-12-26,5060.0,5100.0,4920.0,5010.0,149020560940,29718455,2148,5110.0,4990.0
2023-12-27,4990.0,5070.0,4950.0,4990.0,88769318740,17794845,2074,5010.0,5010.0
2023-12-30,5000.0,5090.0,4941.0,5014.0,82539030860,16460942,1844,4990.0,4950.0
2023-12-31,5000.0,5010.0,4900.0,4935.0,85749311451,17376640,1703,5014.0,4920.0
2024-01-01,4974.0,4974.0,4720.0,4812.0,170489035090,35430811,2623,4935.0,4750.0
2024-01-02,4790.0,4930.0,4699.0,4769.0,100382034525,21049057,1652,4812.0,4770.0
2024-01-03,4790.0,4790.0,4709.0,4727.0,56953053893,12047188,1364,4769.0,4723.0
2024-01-06,4723.0,4790.0,4651.0,4700.0,78731544955,16751164,1664,4727.0,4703.0
2024-01-07,4702.0,4850.0,4700.0,4772.0,66250998855,13884642,1664,4700.0,4707.0
2024-01-08,4711.0,4798.0,4685.0,4729.0,60941409747,12886483,1483,4772.0,4711.0
2024-01-09,4787.0,4787.0,4665.0,4687.0,84604376457,18049514,1553,4729.0,4674.0
2024-01-10,4746.0,4750.0,4661.0,4697.0,130911066159,27872898,2197,4687.0,4684.0
2024-01-13,4730.0,4770.0,4663.0,4721.0,99582200566,21095658,1466,4697.0,4663.0
2024-01-14,4665.0,4779.0,4651.0,4698.0,114971832504,24471198,2387,4721.0,4700.0
2024-01-15,4700.0,4743.0,4650.0,4693.0,73206603225,15599438,1621,4698.0,4699.0
2024-01-16,4641.0,4651.0,4553.0,4605.0,89678655663,19475559,1858,4693.0,4608.0
2024-01-17,4590.0,4640.0,4550.0,4576.0,61240535315,13383749,1740,4605.0,4590.0
2024-01-20,4600.0,4637.0,4420.0,4509.0,86342377081,19150219,1700,4576.0,4445.0
2024-01-21,4480.0,4480.0,4323.0,4375.0,77756604991,17773726,1745,4509.0,4470.0
2024-01-22,4400.0,4500.0,4220.0,4346.0,83793319787,19279089,1888,4375.0,4298.0
2024-01-23,4300.0,4360.0,4100.0,4169.0,98559942361,23643255,1813,4346.0,4159.0
2024-01-24,4141.0,4265.0,4141.0,4199.0,54335453928,12940718,1304,4169.0,4234.0
2024-01-27,4234.0,4280.0,4150.0,4187.0,68378218474,16330500,1564,4199.0,4200.0
2024-01-28,4190.0,4210.0,4150.0,4184.0,61519731978,14702329,1262,4187.0,4152.0
2024-01-29,4151.0,4191.0,4037.0,4076.0,85457512374,20968219,2401,4184.0,4048.0
2024-01-30,4050.0,4086.0,3998.0,4030.0,80376444345,19945716,1840,4076.0,4035.0
2024-01-31,4099.0,4188.0,4000.0,4103.0,68685720688,16741222,1569,4030.0,4129.0
2024-02-03,4110.0,4390.0,4055.0,4334.0,110392369797,25473659,2230,4103.0,4328.0
2024-02-04,4203.0,4380.0,4163.0,4230.0,48345653834,11428788,1242,4334.0,4167.0
2024-02-05,4220.0,4250.0,4180.0,4194.0,22234209660,5301934,829,4230.0,4181.0
2024-02-06,4161.0,4222.0,4150.0,4176.0,35908228809,8599193,1189,4194.0,4154.0
2024-02-07,4141.0,4216.0,4120.0,4155.0,41629179930,10020251,1467,4176.0,4216.0
2024-02-10,4155.0,4349.0,4135.0,4237.0,34639545273,8174915,1225,4155.0,4248.0
2024-02-12,4237.0,4247.0,4102.0,4141.0,38607332648,9323686,1253,4237.0,4104.0
2024-02-13,4110.0,4190.0,4072.0,4109.0,28049672416,6825847,979,4141.0,4077.0
2024-02-14,4110.0,4120.0,4000.0,4042.0,47523686140,11757882,1495,4109.0,4039.0
2024-02-17,4021.0,4088.0,3940.0,3991.0,50909820896,12756376,1444,4042.0,3991.0
2024-02-18,3960.0,4080.0,3960.0,4021.0,37792997974,9398311,1282,3991.0,4080.0
2024-02-19,4031.0,4130.0,4031.0,4079.0,33483626925,8209464,1056,4021.0,4071.0
2024-02-20,3795.0,4364.0,3795.0,4030.0,48628690347,12065861,1085,4079.0,3997.0
2024-02-21,4000.0,4082.0,3989.0,4010.0,33056337885,8242517,1293,4030.0,4010.0
2024-02-24,4021.0,4050.0,3991.0,4005.0,62987342592,15728396,1241,4010.0,4036.0
2024-02-26,4005.0,4020.0,3900.0,3983.0,78281004788,19653177,1328,4005.0,3990.0
2024-02-27,3990.0,3990.0,3832.0,3874.0,54650268933,14106184,1466,3983.0,3911.0
2024-02-28,3911.0,3987.0,3885.0,3934.0,23310649580,5925342,959,3874.0,3930.0
2024-03-02,3934.0,4180.0,3910.0,4070.0,62729760815,15411425,1537,3934.0,4125.0
2024-03-03,4208.0,4350.0,4124.0,4247.0,67992707352,16009725,1612,4070.0,4230.0
2024-03-04,4279.0,4279.0,4120.0,4192.0,91562648233,21840455,1516,4247.0,4207.0
2024-03-05,4160.0,4300.0,4160.0,4227.0,61876188608,14637181,1298,4192.0,4200.0
2024-03-06,4227.0,4300.0,4172.0,4247.0,51418150304,12106027,1135,4227.0,4251.0
2024-03-10,4248.0,4290.0,4200.0,4249.0,24966064750,5876413,325,4247.0,4230.0
2024-03-11,4140.0,4489.0,4126.0,4290.0,116553943074,27167097,2357,4249.0,4306.0
2024-03-12,4240.0,4590.0,4240.0,4559.0,377782826100,82856296,3978,4290.0,4470.0
2024-03-13,4380.0,4579.0,4380.0,4464.0,147983302330,33152102,1865,4559.0,4457.0
2024-03-16,4499.0,4588.0,4464.0,4540.0,92271938056,20324065,1897,4464.0,4530.0
2024-03-17,4588.0,4822.0,4584.0,4708.0,186652754530,39648609,2977,4540.0,4750.0
2024-03-18,4753.0,4792.0,4660.0,4701.0,68002581303,14464298,1686,4708.0,4747.0
2024-03-24,4760.0,4822.0,4640.0,4717.0,63625904974,13488198,1735,4701.0,4744.0
2024-03-25,4744.0,4778.0,4601.0,4642.0,100034560858,21547670,2074,4717.0,4610.0
2024-03-26,4640.0,4640.0,4490.0,4535.0,74485366496,16426347,1565,4642.0,4528.0
2024-03-27,4524.0,4584.0,4470.0,4507.0,42320913412,9389117,1275,4535.0,4478.0
2024-03-30,4461.0,4550.0,4383.0,4435.0,65890240280,14856756,1660,4507.0,4453.0
2024-04-02,4374.0,4375.0,4266.0,4315.0,58905984170,13652096,1590,4435.0,4285.0
2024-04-03,4280.0,4365.0,4143.0,4209.0,61129402181,14522883,1622,4315.0,4200.0
2024-04-06,4151.0,4248.0,4008.0,4103.0,101752599351,24800285,2555,4209.0,4040.0
2024-04-07,4100.0,4196.0,4040.0,4123.0,31299257177,7592260,1278,4103.0,4150.0
2024-04-08,4102.0,4280.0,4102.0,4204.0,26526793906,6309553,1006,4123.0,4155.0
2024-04-09,4200.0,4247.0,4161.0,4189.0,56875741276,13577922,1260,4204.0,4187.0
2024-04-13,4050.0,4069.0,3896.0,3909.0,102567572374,26240323,1828,4189.0,3896.0
2024-04-14,3870.0,3870.0,3870.0,3870.0,14349979350,3708005,167,3909.0,3870.0
2024-04-15,3908.0,3908.0,3872.0,3908.0,13581509440,3475332,589,3870.0,3908.0
2024-04-16,3890.0,3900.0,3869.0,3872.0,61930128479,15995145,890,3908.0,3875.0
2024-04-17,3848.0,3910.0,3834.0,3896.0,29189763549,7492473,775,3872.0,3848.0
2024-04-20,3909.0,4168.0,3909.0,4138.0,62413499999,15084456,1454,3896.0,4168.0
2024-04-21,4201.0,4278.0,4161.0,4203.0,27760479861,6604607,977,4138.0,4170.0
2024-04-22,4161.0,4200.0,4113.0,4185.0,30661921112,7326458,934,4203.0,4169.0
2024-04-23,4133.0,4185.0,4120.0,4144.0,28916848293,6977548,886,4185.0,4160.0
2024-04-24,4150.0,4335.0,4150.0,4228.0,69765749440,16502328,1283,4144.0,4196.0
2024-04-27,4240.0,4288.0,4130.0,4184.0,44431166636,10620380,1082,4228.0,4210.0
2024-04-28,4170.0,4200.0,4100.0,4112.0,35331055896,8592387,874,4184.0,4124.0
2024-04-29,4120.0,4181.0,4054.0,4099.0,24521300408,5981922,826,4112.0,4118.0
2024-04-30,4060.0,4118.0,4041.0,4067.0,17480855791,4298337,610,4099.0,4080.0
2024-05-01,4087.0,4158.0,4024.0,4059.0,25513032704,6286296,736,4067.0,4075.0
2024-05-05,4060.0,4153.0,4050.0,4065.0,18935994634,4658601,810,4059.0,4055.0
2024-05-06,4060.0,4060.0,3940.0,4000.0,24879697481,6219860,801,4065.0,4000.0
2024-05-07,4000.0,4060.0,3947.0,4006.0,21135318690,5276334,903,4000.0,4009.0
2024-05-08,4011.0,4089.0,3950.0,4004.0,30242820506,7552274,1112,4006.0,3970.0
2024-05-11,3968.0,4040.0,3899.0,3924.0,34645029407,8829051,882,4004.0,3932.0
2024-05-12,3894.0,3940.0,3780.0,3867.0,36249236896,9374086,892,3924.0,3830.0
2024-05-13,3850.0,3917.0,3647.0,3739.0,38625002155,10329495,923,3867.0,3750.0
2024-05-14,3750.0,3830.0,3701.0,3769.0,23941976847,6353122,687,3739.0,3738.0
2024-05-15,3749.0,3818.0,3690.0,3752.0,27638818342,7366676,756,3769.0,3723.0
2024-05-18,3800.0,3800.0,3650.0,3734.0,30514289059,8171046,690,3752.0,3700.0
2024-05-19,3628.0,3700.0,3474.0,3531.0,46746002415,13238120,1180,3734.0,3518.0
2024-05-21,3461.0,3600.0,3461.0,3518.0,20690635750,5881984,811,3531.0,3540.0
2024-05-25,3555.0,3555.0,3448.0,3455.0,60911883792,17628751,941,3518.0,3448.0
2024-05-26,3453.0,3453.0,3386.0,3429.0,41087776013,12118633,1004,3455.0,3386.0
2024-05-27,3361.0,3456.0,3361.0,3412.0,35711831640,10561430,692,3429.0,3440.0
2024-06-02,2936.0,2999.0,2933.0,2987.0,18095180347,6100209,432,2992.0,2998.0
2024-06-05,3010.0,3045.0,2987.0,2990.0,20217839695,6742370,754,2987.0,2988.0
2024-06-08,2990.0,3020.0,2931.0,2971.0,36517663488,12402898,746,2990.0,2940.0
2024-06-09,2940.0,3030.0,2918.0,2973.0,28071506138,9423268,1226,2971.0,2973.0
2024-06-10,2973.0,3032.0,2973.0,2988.0,29839271207,9883265,747,2973.0,3020.0
2024-06-11,2987.0,3020.0,2980.0,2990.0,22960378726,7659209,641,2988.0,2982.0
2024-06-12,2989.0,3020.0,2935.0,2986.0,19459191204,6548027,1447,2990.0,2984.0
2024-06-15,3000.0,3029.0,2927.0,2976.0,19443503254,6610961,1009,2986.0,2927.0
2024-06-16,2917.0,2936.0,2917.0,2963.0,19403149022,6651578,900,2976.0,2917.0
2024-06-18,2908.0,3000.0,2904.0,2952.0,20577443755,7055662,1697,2963.0,2952.0
2024-06-19,2897.0,2998.0,2897.0,2954.0,31374501359,10609870,804,2952.0,2951.0
2024-06-22,2951.0,2997.0,2923.0,2952.0,33582853427,11386563,1002,2954.0,2951.0
2024-06-23,2978.0,2999.0,2938.0,2956.0,32288220749,10896120,1164,2952.0,2970.0
2024-06-24,2954.0,3015.0,2954.0,2968.0,26256192526,8758438,681,2956.0,2980.0
2024-06-26,3000.0,3027.0,2985.0,2980.0,19077612267,6302736,476,2968.0,3027.0
2024-06-29,3027.0,3156.0,3012.0,2993.0,13739187525,4480613,548,2980.0,3014.0
2024-06-30,3002.0,3015.0,2890.0,2985.0,18077514617,6115464,653,2993.0,2900.0
2024-07-01,2977.0,3065.0,2882.0,2975.0,26659567274,9032595,1153,2985.0,3031.0
2024-07-02,2942.0,3052.0,2942.0,2979.0,9031354851,3000014,499,2975.0,2998.0
2024-07-03,3092.0,3092.0,2985.0,2988.0,12074092130,3961582,454,2979.0,3056.0
2024-07-06,3167.0,3167.0,3167.0,3101.0,59754848322,18867966,637,2988.0,3167.0
2024-07-07,3286.0,3286.0,3140.0,3133.0,30512971277,9534469,818,3101.0,3150.0
2024-07-08,3102.0,3199.0,3060.0,3133.0,23831358986,7606144,662,3133.0,3101.0
2024-07-09,3040.0,3179.0,3040.0,3132.0,9125832619,2921819,517,3133.0,3092.0
2024-07-10,3051.0,3119.0,3047.0,3120.0,17590031724,5734366,765,3132.0,3060.0
2024-07-13,3054.0,3140.0,3039.0,3114.0,12043815744,3917589,1013,3120.0,3116.0
2024-07-14,3105.0,3186.0,3045.0,3110.0,15519238856,5018109,1369,3114.0,3134.0
2024-07-17,3100.0,3127.0,3047.0,3107.0,18504299961,5974408,1334,3110.0,3092.0
2024-07-20,3062.0,3094.0,3041.0,3101.0,15782035234,5138382,1135,3107.0,3056.0
2024-07-21,3010.0,3116.0,2962.0,3082.0,19263625668,6397126,635,3101.0,3050.0
2024-07-22,3049.0,3071.0,2972.0,3067.0,26892715619,8867306,1413,3082.0,3050.0
2024-07-23,3000.0,3100.0,3000.0,3068.0,14584087023,4747249,459,3067.0,3067.0
2024-07-24,3030.0,3068.0,3017.0,3064.0,9475025171,3122873,691,3068.0,3040.0
2024-07-27,3000.0,3068.0,2985.0,3055.0,15275920567,5072229,1303,3064.0,3029.0
2024-07-29,3028.0,3045.0,2955.0,3043.0,13446738383,4514816,878,3055.0,3023.0
2024-07-30,2970.0,3096.0,2951.0,3036.0,23129956602,7673898,1160,3043.0,3050.0
2024-07-31,2854.0,3029.0,2854.0,2962.0,48865539432,16821732,2276,3036.0,2969.0
2024-08-03,2948.0,2960.0,2785.0,2909.0,36077371805,12717255,2244,2962.0,2880.0
2024-08-04,2880.0,2932.0,2880.0,2908.0,13276038639,4577635,1109,2909.0,2914.0
2024-08-05,2919.0,2919.0,2879.0,2902.0,23979835198,8308222,929,2908.0,2879.0
2024-08-06,2873.0,2910.0,2873.0,2900.0,12641697603,4379640,880,2902.0,2907.0
2024-08-10,2899.0,2913.0,2890.0,2900.0,4912085217,1692841,424,2900.0,2890.0
2024-08-11,2890.0,2914.0,2871.0,2897.0,13516379588,4688549,908,2900.0,2873.0
2024-08-12,2905.0,2905.0,2869.0,2894.0,21655422063,7509686,2523,2897.0,2890.0
2024-08-13,2866.0,2905.0,2866.0,2890.0,18099048543,6297528,891,2894.0,2894.0
2024-08-14,2870.0,2918.0,2863.0,2894.0,25219943945,8682514,546,2890.0,2913.0
2024-08-17,2865.0,2951.0,2865.0,2901.0,12516917501,4253682,497,2894.0,2948.0
2024-08-18,2913.0,2959.0,2913.0,2906.0,10862699843,3692410,381,2901.0,2958.0
2024-08-19,2850.0,2940.0,2848.0,2894.0,23311713185,8150864,1102,2906.0,2848.0
2024-08-20,2850.0,2898.0,2837.0,2885.0,17177226868,6027376,937,2894.0,2837.0
2024-08-21,2900.0,2900.0,2875.0,2885.0,10394732256,3603615,703,2885.0,2886.0
2024-08-24,2920.0,2920.0,2897.0,2887.0,12704261477,4378456,601,2885.0,2914.0
2024-08-26,2852.0,2934.0,2830.0,2889.0,8440774012,2905936,681,2887.0,2879.0
2024-08-27,2888.0,2927.0,2884.0,2891.0,11178588923,3846423,1515,2889.0,2915.0
2024-08-28,2919.0,2939.0,2892.0,2894.0,8841597345,3027045,306,2891.0,2919.0
2024-08-31,2930.0,2951.0,2930.0,2905.0,17174711073,5821810,579,2894.0,2951.0
2024-09-01,2963.0,2963.0,2884.0,2911.0,16629784479,5658467,1370,2905.0,2936.0
2024-09-03,2919.0,2969.0,2896.0,2927.0,32426423706,10970557,1200,2911.0,2969.0
2024-09-07,3014.0,3014.0,3014.0,2953.0,26807836132,8894438,503,2927.0,3014.0
2024-09-08,3041.0,3041.0,3041.0,2986.0,33777144209,11107249,480,2953.0,3041.0
2024-09-09,3075.0,3075.0,3075.0,3047.0,63117028725,20525863,591,2986.0,3075.0
2024-09-10,3138.0,3138.0,3138.0,3082.0,36353529168,11584936,475,3047.0,3138.0
2024-09-11,3174.0,3174.0,3174.0,3138.0,58252599744,18353056,542,3082.0,3174.0
2024-09-14,3232.0,3232.0,3232.0,3222.0,86490081440,26760545,681,3138.0,3232.0
2024-09-15,3318.0,3318.0,3180.0,3266.0,182930465786,56006629,2457,3222.0,3195.0
2024-09-17,3330.0,3363.0,3330.0,3327.0,66775999293,19882995,605,3266.0,3363.0
2024-09-18,3425.0,3426.0,3342.0,3423.0,255872458024,74757724,1956,3327.0,3423.0
2024-09-22,3499.0,3499.0,3346.0,3426.0,81761788328,23856527,989,3423.0,3403.0
2024-09-23,3425.0,3528.0,3355.0,3460.0,83155369401,23971499,1224,3426.0,3505.0
2024-09-24,3563.0,3563.0,3563.0,3519.0,61420258865,17238355,564,3460.0,3563.0
2024-09-25,3624.0,3624.0,3530.0,3615.0,151863346144,42009790,1502,3519.0,3615.0
2024-09-28,3579.0,3579.0,3579.0,3613.0,5189277996,1449924,54,3615.0,3579.0
2024-09-29,3577.0,3615.0,3577.0,3579.0,162514597456,45409640,1390,3613.0,3598.0
2024-09-30,3544.0,3614.0,3544.0,3567.0,55256832308,15543493,501,3579.0,3544.0
2024-10-01,3532.0,3532.0,3532.0,3566.0,2094800944,593092,36,3567.0,3532.0
2024-10-02,3531.0,3531.0,3531.0,3558.0,25310755305,7168155,96,3566.0,3531.0
2024-10-05,3523.0,3523.0,3523.0,3557.0,1947306543,552741,21,3558.0,3523.0
2024-10-06,3522.0,3522.0,3522.0,3555.0,5613712278,1593899,38,3557.0,3522.0
2024-10-07,3520.0,3521.0,3520.0,3533.0,64948975209,18451411,430,3555.0,3520.0
2024-10-08,3498.0,3536.0,3498.0,3515.0,57690489581,16485475,1025,3533.0,3498.0
2024-10-09,3480.0,3539.0,3480.0,3506.0,25759372223,7401677,515,3515.0,3480.0
2024-10-14,3401.0,3401.0,3401.0,3474.0,31062105027,9133227,116,3506.0,3401.0
2024-10-15,3370.0,3370.0,3370.0,3469.0,4851748560,1439688,41,3474.0,3370.0
2024-10-16,3365.0,3573.0,3365.0,3399.0,78757094737,23309471,971,3469.0,3365.0
2024-10-19,3298.0,3350.0,3298.0,3380.0,18335827328,5559256,265,3399.0,3298.0
2024-10-20,3279.0,3279.0,3279.0,3378.0,1918014981,584939,49,3380.0,3279.0
2024-10-21,3277.0,3300.0,3277.0,3336.0,41077929541,12532515,881,3378.0,3277.0
2024-10-22,3236.0,3238.0,3236.0,3317.0,18663219900,5767263,901,3336.0,3236.0
2024-10-23,3218.0,3218.0,3218.0,3315.0,1485132744,461508,14,3317.0,3218.0
2024-10-26,3217.0,3414.0,3217.0,3345.0,60762399066,18060049,1181,3315.0,3414.0
2024-10-27,3445.0,3445.0,3400.0,3403.0,66156612179,19256543,968,3345.0,3445.0
2024-10-28,3407.0,3478.0,3303.0,3386.0,34328315484,10236503,750,3403.0,3333.0
2024-10-29,3320.0,3375.0,3285.0,3355.0,32236189943,9798831,545,3386.0,3285.0
2024-10-30,3255.0,3378.0,3255.0,3342.0,26606187174,8050583,719,3355.0,3285.0
2024-11-02,3247.0,3390.0,3242.0,3325.0,24339137447,7437065,725,3342.0,3244.0
2024-11-03,3226.0,3230.0,3226.0,3299.0,25906870832,8030632,241,3325.0,3226.0
2024-11-04,3201.0,3275.0,3201.0,3269.0,31103628143,9700800,705,3299.0,3201.0
2024-11-05,3173.0,3348.0,3173.0,3267.0,8032650798,2477541,593,3269.0,3237.0
2024-11-06,3177.0,3270.0,3169.0,3235.0,35501586296,11164922,776,3267.0,3169.0
2024-11-09,3180.0,3332.0,3180.0,3313.0,114480563161,34553471,1362,3235.0,3332.0
2024-11-10,3390.0,3412.0,3387.0,3385.0,75454324846,22121214,862,3313.0,3412.0
2024-11-11,3469.0,3471.0,3314.0,3377.0,72052404626,21357998,1010,3385.0,3342.0
2024-11-12,3313.0,3397.0,3276.0,3352.0,33071163163,10019214,786,3377.0,3277.0
2024-11-13,3300.0,3430.0,3261.0,3353.0,40476478135,12069342,805,3352.0,3362.0
2024-11-16,3402.0,3453.0,3402.0,3453.0,119992431765,34755111,944,3353.0,3453.0
2024-11-17,3545.0,3545.0,3404.0,3455.0,58664232027,16974794,970,3453.0,3461.0
2024-11-18,3530.0,3558.0,3500.0,3553.0,142811373817,40192280,1151,3455.0,3558.0
2024-11-19,3659.0,3659.0,3502.0,3579.0,89619035429,25000353,1265,3553.0,3510.0
2024-11-20,3535.0,3600.0,3490.0,3562.0,52450856166,14798207,922,3579.0,3530.0
2024-11-23,3530.0,3668.0,3512.0,3655.0,175950946268,48143038,1811,3562.0,3668.0
2024-11-24,3761.0,3764.0,3666.0,3759.0,109988407475,29239703,1253,3655.0,3764.0
2024-11-25,3840.0,3871.0,3766.0,3869.0,120152485475,31058726,1057,3759.0,3871.0
2024-11-26,3985.0,3985.0,3753.0,3811.0,186706090266,48992198,1888,3869.0,3753.0
2024-11-27,3770.0,3900.0,3711.0,3822.0,95917401235,25082472,1417,3811.0,3870.0
2024-11-30,3780.0,3926.0,3708.0,3764.0,147544311416,39202939,1755,3822.0,3722.0
2024-12-01,3697.0,3876.0,3685.0,3826.0,135983128418,35540407,1179,3764.0,3876.0
2024-12-02,3940.0,3940.0,3940.0,3940.0,292503669400,74239510,1673,3826.0,3940.0
2024-12-03,4058.0,4058.0,4058.0,4058.0,140904396018,34722621,1040,3940.0,4058.0
2024-12-04,4179.0,4179.0,4179.0,4179.0,164404246209,39340571,1073,4058.0,4179.0
2024-12-07,4304.0,4304.0,4304.0,4304.0,579219571552,134577038,2502,4179.0,4304.0
2024-12-08,4427.0,4433.0,4304.0,4428.0,2012520071112,454491443,6790,4304.0,4433.0
2024-12-09,4560.0,4560.0,4560.0,4527.0,98034158640,21498719,950,4428.0,4560.0
2024-12-10,4662.0,4662.0,4662.0,4662.0,675539991126,144903473,2242,4527.0,4662.0
2024-12-11,4801.0,4801.0,4666.0,4787.0,1640076512869,342593005,6563,4662.0,4801.0
2024-12-14,4890.0,4930.0,4850.0,4925.0,576683241781,117103583,3396,4787.0,4930.0
2024-12-15,4996.0,4996.0,4778.0,4803.0,2127371392693,442931485,10930,4925.0,4779.0
2024-12-16,4795.0,4947.0,4680.0,4874.0,1178679829731,241825771,6612,4803.0,4769.0
2024-12-17,4730.0,4835.0,4728.0,4734.0,455469884996,96208444,2910,4874.0,4728.0
2024-12-18,4630.0,4850.0,4620.0,4765.0,246669018177,51765394,3428,4734.0,4850.0
2024-12-21,4907.0,4907.0,4907.0,4907.0,215984740573,44015639,1311,4765.0,4907.0
2024-12-22,5016.0,5016.0,4800.0,4942.0,706461301328,142942699,4675,4907.0,4890.0
2024-12-23,4859.0,5085.0,4831.0,4986.0,288485461970,57854255,3092,4942.0,5010.0
2024-12-24,5049.0,5085.0,4878.0,4959.0,347349855055,70041906,3384,4986.0,4995.0
2024-12-25,5020.0,5054.0,4811.0,4911.0,290478742184,59147249,2579,4959.0,4861.0
2024-12-28,4960.0,5058.0,4765.0,5011.0,373197439354,74480811,3497,4911.0,4953.0
2024-12-29,4923.0,5000.0,4861.0,4875.0,256321631433,52577636,2001,5011.0,4861.0
2024-12-30,4870.0,4870.0,4729.0,4751.0,147209554013,30982895,2514,4875.0,4749.0
2024-12-31,4635.0,4893.0,4635.0,4855.0,279723694325,57615861,3379,4751.0,4799.0
2025-01-01,4855.0,4872.0,4750.0,4816.0,121167809233,25160615,5935,4855.0,4825.0
2025-01-04,4802.0,4960.0,4802.0,4929.0,237009135148,48083104,2862,4816.0,4906.0
2025-01-05,4900.0,4906.0,4782.0,4793.0,237879649747,49628293,2902,4929.0,4784.0
2025-01-06,4793.0,4900.0,4760.0,4820.0,126250375198,26195348,1946,4793.0,4826.0
2025-01-07,4880.0,4964.0,4834.0,4933.0,240214385885,48694218,2132,4820.0,4964.0
2025-01-08,5080.0,5080.0,5080.0,5080.0,186128497440,36639468,1447,4933.0,5080.0
2025-01-11,5230.0,5230.0,4930.0,5070.0,628953657020,124029732,4715,5080.0,5060.0
2025-01-12,5000.0,5050.0,4920.0,4940.0,251267064740,50885932,2519,5070.0,4920.0
2025-01-13,5010.0,5040.0,4860.0,4950.0,208878696000,42237887,2858,4940.0,4900.0
2025-01-15,4930.0,4930.0,4810.0,4810.0,208249104520,43258447,994,4950.0,4810.0
2025-01-18,4670.0,4762.0,4666.0,4666.0,153184185911,32826545,671,4810.0,4666.0
2025-01-19,4528.0,4599.0,4527.0,4528.0,483888748676,106869780,2832,4666.0,4527.0
2025-01-20,4410.0,4610.0,4393.0,4421.0,123777181311,27999983,1272,4528.0,4393.0
2025-01-21,4300.0,4388.0,4289.0,4296.0,294641137241,68587131,2867,4421.0,4329.0
2025-01-22,4330.0,4424.0,4268.0,4335.0,152966422072,35288029,2438,4296.0,4291.0
2025-01-25,4300.0,4407.0,4248.0,4300.0,115085618053,26774614,2065,4335.0,4379.0
2025-01-26,4306.0,4424.0,4254.0,4367.0,134545067149,30806328,2371,4300.0,4345.0
2025-01-27,4367.0,4369.0,4262.0,4320.0,100799124169,23376989,1806,4367.0,4280.0
2025-01-29,4320.0,4373.0,4212.0,4302.0,59378931035,13861192,1254,4320.0,4313.0
2025-02-01,4302.0,4302.0,4173.0,4237.0,72727411242,17324624,1281,4302.0,4175.0
2025-02-02,4200.0,4259.0,4170.0,4218.0,76963739658,18289957,1693,4237.0,4171.0
2025-02-03,4250.0,4280.0,4160.0,4223.0,43504735122,10279100,837,4218.0,4266.0
2025-02-04,4223.0,4335.0,4201.0,4240.0,67553288527,15880926,1224,4223.0,4240.0
2025-02-05,4250.0,4252.0,4180.0,4223.0,71630710227,17007262,1157,4240.0,4210.0
2025-02-09,4097.0,4199.0,4097.0,4160.0,80648464128,19522627,1417,4223.0,4097.0
2025-02-11,4160.0,4160.0,4036.0,4048.0,107252615697,26547187,901,4160.0,4036.0
2025-02-15,3928.0,3980.0,3927.0,3986.0,59638948590,15183979,336,4048.0,3927.0
2025-02-16,4105.0,4105.0,3900.0,3963.0,41870620497,10671936,920,3986.0,3911.0
2025-02-17,3963.0,4028.0,3856.0,3928.0,75527344112,19320215,1568,3963.0,3867.0
2025-02-18,3862.0,3980.0,3862.0,3917.0,47574984336,12192607,1128,3928.0,3881.0
2025-02-19,3900.0,3950.0,3800.0,3859.0,77211072945,20153246,1209,3917.0,3817.0
2025-02-22,3800.0,3849.0,3744.0,3802.0,72721526820,19289048,1632,3859.0,3744.0
2025-02-23,3689.0,3864.0,3689.0,3813.0,52355926032,13686988,1413,3802.0,3826.0
2025-02-24,3826.0,3927.0,3826.0,3863.0,61717017251,15794980,1730,3813.0,3927.0
2025-02-25,3976.0,3976.0,3863.0,3890.0,64561931837,16505128,1425,3863.0,3877.0
2025-02-26,3950.0,3950.0,3788.0,3862.0,41701557798,10938201,1415,3890.0,3837.0
2025-03-01,3785.0,3820.0,3747.0,3816.0,57348727591,15205366,1149,3862.0,3764.0
2025-03-02,3800.0,3800.0,3702.0,3760.0,79905211926,21376213,1744,3816.0,3727.0
2025-03-03,3648.0,3649.0,3648.0,3712.0,46720842702,12807210,266,3760.0,3648.0
2025-03-04,3648.0,3809.0,3601.0,3626.0,142708255819,39352968,1424,3712.0,3620.0
2025-03-05,3700.0,3734.0,3652.0,3648.0,28968538574,7810769,757,3626.0,3686.0
2025-03-08,3570.0,3754.0,3539.0,3599.0,90605224997,25243611,906,3648.0,3539.0
2025-03-09,3540.0,3599.0,3492.0,3502.0,100649739609,28771201,1217,3599.0,3492.0
2025-03-10,3502.0,3550.0,3425.0,3487.0,37899037668,10954230,1160,3502.0,3438.0
2025-03-11,3401.0,3490.0,3401.0,3478.0,24743524640,7170995,727,3487.0,3432.0
2025-03-12,3446.0,3578.0,3443.0,3488.0,46856991733,13388876,848,3478.0,3521.0
2025-03-15,3560.0,3592.0,3500.0,3537.0,50830016302,14151625,926,3488.0,3592.0
2025-03-16,3599.0,3643.0,3500.0,3558.0,40547576979,11284492,920,3537.0,3620.0
2025-03-17,3550.0,3627.0,3453.0,3554.0,42402924142,11951513,741,3558.0,3468.0
2025-03-18,3448.0,3483.0,3448.0,3512.0,41146316854,11931991,569,3554.0,3450.0
2025-03-25,3538.0,3616.0,3512.0,3539.0,36721345813,10228116,584,3512.0,3594.0
2025-03-26,3560.0,3598.0,3503.0,3541.0,34975751160,9865796,643,3539.0,3513.0
2025-03-29,3541.0,3545.0,3462.0,3532.0,18969797515,5433852,702,3541.0,3480.0
2025-03-30,3532.0,3637.0,3461.0,3554.0,57038533437,15965073,1139,3532.0,3590.0
2025-04-05,3561.0,3650.0,3554.0,3564.0,27883568561,7758552,885,3554.0,3557.0
2025-04-06,3611.0,3664.0,3501.0,3571.0,31717850333,8840068,792,3564.0,3526.0
2025-04-07,3594.0,3594.0,3464.0,3526.0,52815332053,15171214,866,3571.0,3469.0
2025-04-08,3615.0,3631.0,3591.0,3631.0,109399090978,30132241,1002,3526.0,3631.0
2025-04-09,3735.0,3735.0,3600.0,3629.0,56359616911,15535168,825,3631.0,3638.0
2025-04-12,3629.0,3675.0,3600.0,3630.0,44804774019,12342147,851,3629.0,3640.0
2025-04-13,3738.0,3738.0,3738.0,3738.0,116375254926,31133027,795,3630.0,3738.0
2025-04-14,3850.0,3850.0,3760.0,3849.0,140485916451,36496478,1094,3738.0,3850.0
2025-04-15,3936.0,3936.0,3781.0,3837.0,90839548270,23697985,1033,3849.0,3800.0
2025-04-16,3800.0,3952.0,3800.0,3946.0,259532358077,65767251,1687,3837.0,3952.0
2025-04-19,4064.0,4064.0,4064.0,4064.0,122476845216,30137019,821,3946.0,4064.0
2025-04-20,4185.0,4185.0,4185.0,4169.0,108745760250,25984650,667,4064.0,4185.0
2025-04-21,4294.0,4294.0,4100.0,4243.0,593572293016,139898144,3576,4169.0,4126.0
2025-04-22,4189.0,4277.0,4116.0,4133.0,265165140143,64157888,2379,4243.0,4140.0
2025-04-23,4106.0,4190.0,4011.0,4096.0,125749790265,30700631,1859,4133.0,4150.0
2025-04-26,4215.0,4215.0,4080.0,4104.0,118176155810,28791877,1301,4096.0,4090.0
2025-04-27,4020.0,4149.0,4013.0,4083.0,92745919920,22747428,1392,4104.0,4063.0
2025-04-28,4081.0,4169.0,4073.0,4089.0,79408869334,19403888,929,4083.0,4079.0
2025-04-29,4089.0,4211.0,4084.0,4195.0,252489210135,60195127,1288,4089.0,4211.0
2025-04-30,4300.0,4320.0,4215.0,4309.0,139003417673,32262209,1241,4195.0,4320.0
2025-05-03,4180.0,4308.0,4180.0,4216.0,168090891944,39872503,2857,4309.0,4225.0
2025-05-04,4201.0,4342.0,4198.0,4264.0,77286305907,18013725,1177,4216.0,4264.0
2025-05-05,4264.0,4368.0,4250.0,4285.0,56329171940,13073328,918,4264.0,4261.0
2025-05-06,4282.0,4413.0,4261.0,4353.0,193419970151,44434043,1616,4285.0,4413.0
2025-05-07,4479.0,4483.0,4401.0,4464.0,175314996553,39271193,1372,4353.0,4483.0
2025-05-10,4495.0,4501.0,4380.0,4447.0,179304071055,40320340,1471,4464.0,4434.0
2025-05-11,4446.0,4448.0,4379.0,4421.0,118708547781,26854253,989,4447.0,4447.0
2025-05-12,4550.0,4553.0,4484.0,4486.0,66142729436,14564278,1013,4421.0,4490.0
2025-05-13,4490.0,4576.0,4450.0,4492.0,83555146324,18591423,941,4486.0,4490.0
2025-05-14,4490.0,4521.0,4421.0,4470.0,158129924785,35372810,1283,4492.0,4487.0
2025-05-17,4588.0,4604.0,4418.0,4479.0,113626699136,25365485,1117,4470.0,4461.0
2025-05-18,4520.0,4571.0,4477.0,4504.0,118023889353,26198525,1105,4479.0,4478.0
2025-05-19,4504.0,4610.0,4490.0,4540.0,98515602055,21658608,1104,4504.0,4570.0
2025-05-20,4541.0,4570.0,4404.0,4456.0,142741932084,32032611,1958,4540.0,4405.0
2025-05-21,4456.0,4456.0,4344.0,4421.0,85720240732,19448583,1381,4456.0,4441.0
2025-05-24,4445.0,4540.0,4413.0,4443.0,94788787712,21305449,970,4421.0,4419.0
2025-05-25,4448.0,4551.0,4325.0,4425.0,60860602076,13806314,1291,4443.0,4397.0
2025-05-26,4425.0,4501.0,4360.0,4414.0,74309146041,16859666,902,4425.0,4409.0
2025-05-27,4421.0,4490.0,4400.0,4428.0,144577040847,32652705,1139,4414.0,4490.0
2025-05-28,4430.0,4550.0,4430.0,4521.0,147968508984,32728852,1515,4428.0,4550.0
2025-06-02,4079.0,4079.0,3849.0,3981.0,67904796750,16993643,631,3961.0,3968.0
2025-06-03,3974.0,3974.0,3862.0,3931.0,61616446414,15851049,2211,3981.0,3862.0
2025-06-07,3865.0,3922.0,3814.0,3854.0,83528515172,21838406,1833,3931.0,3814.0
2025-06-08,3800.0,3829.0,3764.0,3831.0,39323049010,10384092,2088,3854.0,3764.0
2025-06-09,3831.0,3831.0,3727.0,3802.0,51064827138,13557530,1345,3831.0,3750.0
2025-06-10,3801.0,3801.0,3738.0,3783.0,50962798475,13554469,1702,3802.0,3738.0
2025-06-11,3782.0,3790.0,3721.0,3767.0,53316438990,14220222,1734,3783.0,3726.0
2025-06-28,3654.0,3654.0,3654.0,3654.0,164509481808,45021752,280,3767.0,3654.0
2025-06-29,3545.0,3545.0,3545.0,3545.0,138709635615,39128247,241,3654.0,3545.0
2025-06-30,3439.0,3439.0,3439.0,3439.0,105217484308,30595372,188,3545.0,3439.0
2025-07-01,3336.0,3430.0,3336.0,3341.0,271879625594,81371688,3255,3439.0,3336.0
2025-07-02,3241.0,3398.0,3241.0,3292.0,139488850244,42374425,1462,3341.0,3370.0
2025-07-07,3350.0,3384.0,3265.0,3299.0,37277849448,11263519,603,3292.0,3380.0
2025-07-08,3268.0,3330.0,3201.0,3258.0,45181756535,14069069,234,3299.0,3201.0
2025-07-09,3161.0,3201.0,3161.0,3238.0,20558326641,6498684,424,3258.0,3180.0
2025-07-12,3247.0,3332.0,3247.0,3245.0,16022992741,4887896,528,3238.0,3264.0
2025-07-13,3309.0,3309.0,3271.0,3269.0,53789960059,16358696,1120,3245.0,3275.0
2025-07-14,3330.0,3333.0,3297.0,3288.0,37431213301,11275452,1121,3269.0,3327.0
2025-07-15,3352.0,3353.0,3339.0,3300.0,21235998011,6345600,532,3288.0,3353.0
2025-07-16,3333.0,3396.0,3327.0,3306.0,10726543792,3199235,359,3300.0,3348.0
2025-07-19,3335.0,3355.0,3318.0,3313.0,22350685982,6695397,407,3306.0,3348.0
2025-07-20,3221.0,3344.0,3221.0,3318.0,38567099726,11594124,405,3313.0,3326.0
2025-07-21,3351.0,3379.0,3306.0,3325.0,42952069325,12881737,565,3318.0,3312.0
2025-07-22,3358.0,3358.0,3277.0,3321.0,44653317948,13468126,579,3325.0,3292.0
2025-07-23,3309.0,3351.0,3253.0,3284.0,108954377039,33180326,982,3321.0,3300.0
2025-07-26,3250.0,3348.0,3222.0,3290.0,31313426074,9477215,557,3284.0,3276.0
2025-07-27,3307.0,3307.0,3250.0,3287.0,29663134971,9047396,498,3290.0,3251.0
2025-07-28,3270.0,3275.0,3189.0,3251.0,37431195115,11715448,437,3287.0,3189.0
2025-07-29,3154.0,3155.0,3154.0,3238.0,12708173449,4029216,127,3251.0,3154.0
2025-07-30,3141.0,3200.0,3141.0,3219.0,18996518273,6045731,368,3238.0,3200.0
2025-08-02,3140.0,3200.0,3123.0,3194.0,33653255345,10687286,536,3219.0,3157.0
2025-08-03,3207.0,3207.0,3171.0,3193.0,19426156670,6092933,600,3194.0,3172.0
2025-08-04,3193.0,3193.0,3170.0,3192.0,5998548030,1886231,351,3193.0,3170.0
2025-08-05,3119.0,3280.0,3097.0,3182.0,16700478211,5330508,470,3192.0,3098.0
2025-08-06,3097.0,3150.0,3087.0,3170.0,12239901953,3959447,513,3182.0,3092.0
2025-08-09,3168.0,3250.0,3164.0,3173.0,8057864488,2512489,452,3170.0,3177.0
2025-08-10,3171.0,3254.0,3123.0,3162.0,36940958126,11748998,708,3173.0,3173.0
2025-08-11,3112.0,3164.0,3075.0,3156.0,21672987372,6907104,455,3162.0,3164.0
2025-08-12,3156.0,3177.0,3101.0,3149.0,31892468131,10169260,326,3156.0,3106.0
2025-08-13,3149.0,3149.0,3055.0,3129.0,33094008572,10698818,346,3149.0,3056.0
2025-08-16,3129.0,3129.0,3066.0,3123.0,15450427879,4994847,431,3129.0,3129.0
2025-08-17,3134.0,3216.0,3134.0,3167.0,62406695490,19559873,646,3123.0,3216.0
2025-08-18,3201.0,3214.0,3102.0,3161.0,20994949717,6682540,363,3167.0,3167.0
2025-08-19,3129.0,3168.0,3072.0,3155.0,8525336773,2749802,245,3161.0,3083.0
2025-08-20,3172.0,3174.0,3127.0,3152.0,56612020352,17969742,758,3155.0,3127.0
2025-08-23,3082.0,3150.0,3082.0,3150.0,5703030402,1832649,289,3152.0,3137.0
2025-08-25,3100.0,3138.0,3056.0,3135.0,17498422737,5702470,380,3150.0,3095.0
2025-08-26,3070.0,3125.0,3041.0,3129.0,6192360600,2031746,362,3135.0,3048.0
2025-08-27,3088.0,3166.0,3055.0,3125.0,12623584373,4072295,326,3129.0,3113.0
2025-08-30,3125.0,3125.0,3032.0,3098.0,94189086323,30407399,562,3125.0,3032.0
2025-08-31,3021.0,3114.0,3021.0,3098.0,3255051896,1054570,376,3098.0,3105.0
2025-09-02,3058.0,3190.0,3058.0,3112.0,17435346898,5491226,504,3098.0,3153.0
2025-09-03,3125.0,3205.0,3125.0,3118.0,7686568571,2411715,333,3112.0,3182.0
2025-09-06,3131.0,3181.0,3090.0,3117.0,6699598796,2153504,286,3118.0,3103.0
2025-09-07,3069.0,3210.0,3069.0,3139.0,28346419014,8883371,557,3117.0,3174.0
2025-09-08,3233.0,3233.0,3170.0,3150.0,13248906201,4111846,439,3139.0,3229.0
2025-09-09,3172.0,3230.0,3120.0,3150.0,7072907898,2249369,326,3150.0,3172.0
2025-09-13,3126.0,3218.0,3093.0,3147.0,12139688508,3884696,390,3150.0,3150.0
2025-09-14,3147.0,3241.0,3116.0,3238.0,141550418678,43720886,694,3147.0,3241.0
2025-09-15,3335.0,3335.0,3171.0,3277.0,84038711296,25591357,661,3238.0,3300.0
2025-09-16,3216.0,3303.0,3179.0,3262.0,18728472662,5856406,244,3277.0,3225.0
2025-09-17,3180.0,3240.0,3165.0,3255.0,8525844183,2674013,340,3262.0,3193.0
2025-09-20,3158.0,3158.0,3158.0,3244.0,10261636780,3249410,103,3255.0,3158.0
2025-09-21,3147.0,3147.0,3147.0,3208.0,35140811856,11166448,189,3244.0,3147.0
2025-09-22,3115.0,3250.0,3112.0,3188.0,29918464986,9517051,740,3208.0,3150.0
2025-09-23,3112.0,3150.0,3093.0,3175.0,13503153695,4359421,411,3188.0,3093.0
2025-09-24,3080.0,3093.0,3080.0,3167.0,8273519009,2685830,330,3175.0,3080.0
2025-09-27,3072.0,3262.0,3072.0,3205.0,50272123371,15515871,988,3167.0,3260.0
2025-09-28,3301.0,3301.0,3224.0,3262.0,58956334429,17860750,568,3205.0,3301.0
2025-09-29,3359.0,3359.0,3318.0,3331.0,71970932482,21426401,467,3262.0,3359.0
2025-09-30,3381.0,3384.0,3250.0,3323.0,116304373145,34996012,850,3331.0,3266.0
2025-10-01,3260.0,3278.0,3224.0,3280.0,42868113527,13289030,667,3323.0,3224.0
2025-10-04,3330.0,3378.0,3280.0,3301.0,29018033601,8652321,795,3280.0,3349.0
2025-10-05,3369.0,3377.0,3202.0,3224.0,89889542970,27926377,1295,3301.0,3248.0
2025-10-06,3202.0,3274.0,3128.0,3181.0,63788291546,20187674,930,3224.0,3185.0
2025-10-07,3181.0,3276.0,3155.0,3214.0,42428890285,13022857,885,3181.0,3271.0
2025-10-08,3215.0,3306.0,3215.0,3220.0,12548538280,3851253,533,3214.0,3290.0
2025-10-11,3236.0,3316.0,3236.0,3264.0,47696110901,14399085,683,3220.0,3285.0
2025-10-12,3335.0,3361.0,3320.0,3310.0,48906766722,14556371,627,3264.0,3361.0
2025-10-13,3325.0,3409.0,3325.0,3346.0,38324345674,11255115,650,3310.0,3409.0
2025-10-14,3445.0,3446.0,3401.0,3446.0,126901561438,36827182,675,3346.0,3446.0
2025-10-15,3549.0,3549.0,3490.0,3548.0,140531894333,39614014,946,3446.0,3549.0
2025-10-18,3619.0,3654.0,3550.0,3619.0,85470171921,23487372,953,3548.0,3654.0
2025-10-19,3710.0,3710.0,3511.0,3558.0,100711186375,28337129,1112,3619.0,3511.0
2025-10-20,3500.0,3538.0,3452.0,3528.0,39383362893,11322878,668,3558.0,3498.0
2025-10-21,3431.0,3568.0,3423.0,3510.0,31753634271,9155506,539,3528.0,3490.0
2025-10-22,3511.0,3545.0,3436.0,3502.0,29635776486,8512342,628,3510.0,3500.0
2025-10-25,3500.0,3556.0,3402.0,3489.0,26256620197,7610932,525,3502.0,3469.0
2025-10-26,3490.0,3593.0,3443.0,3571.0,99523691299,27822919,1055,3489.0,3580.0
2025-10-27,3580.0,3630.0,3510.0,3573.0,26449276191,7391188,740,3571.0,3587.0
2025-10-28,3577.0,3680.0,3573.0,3584.0,30448905373,8427201,764,3573.0,3580.0
2025-10-29,3517.0,3594.0,3517.0,3581.0,13875172824,3898016,1065,3584.0,3560.0
2025-11-01,3515.0,3678.0,3515.0,3587.0,20202381082,5587663,689,3581.0,3600.0
2025-11-02,3563.0,3674.0,3513.0,3595.0,27321084382,7549661,806,3587.0,3630.0
2025-11-03,3542.0,3667.0,3542.0,3603.0,36408196657,10058640,654,3595.0,3571.0
2025-11-04,3590.0,3609.0,3495.0,3578.0,31170072596,8855727,593,3603.0,3501.0
2025-11-05,3492.0,3584.0,3492.0,3571.0,19893824489,5616235,853,3578.0,3563.0
2025-11-08,3517.0,3595.0,3517.0,3568.0,17145316853,4827496,522,3571.0,3531.0
2025-11-09,3480.0,3537.0,3461.0,3529.0,38837708277,11214149,436,3568.0,3461.0
2025-11-10,3542.0,3542.0,3447.0,3510.0,38369611593,11032947,2211,3529.0,3466.0
2025-11-11,3510.0,3513.0,3443.0,3497.0,36347830111,10462745,762,3510.0,3489.0
2025-11-12,3493.0,3502.0,3444.0,3489.0,36535695632,10519337,1062,3497.0,3495.0
2025-11-15,3430.0,3488.0,3422.0,3482.0,17276063821,5009501,1388,3489.0,3441.0
2025-11-16,3491.0,3538.0,3439.0,3480.0,13909477354,4009983,790,3482.0,3500.0
2025-11-17,3538.0,3538.0,3428.0,3469.0,36817438640,10672739,810,3480.0,3461.0
2025-11-18,3494.0,3494.0,3425.0,3466.0,34044374345,9838404,1394,3469.0,3474.0
2025-11-19,3408.0,3494.0,3408.0,3465.0,26782428134,7732696,701,3466.0,3461.0
2025-11-22,3460.0,3500.0,3424.0,3464.0,19221816015,5559541,579,3465.0,3459.0
2025-11-23,3429.0,3567.0,3429.0,3508.0,154933485413,44165236,1398,3464.0,3567.0
2025-11-25,3613.0,3613.0,3562.0,3579.0,77325292653,21436039,935,3508.0,3613.0
2025-11-26,3580.0,3650.0,3574.0,3585.0,45054151020,12539640,676,3579.0,3629.0
2025-11-29,3512.0,3628.0,3512.0,3584.0,36729842732,10257024,1004,3585.0,3600.0
2025-11-30,3513.0,3644.0,3513.0,3590.0,54722252433,15217536,835,3584.0,3583.0
2025-12-01,3590.0,3669.0,3532.0,3586.0,77884937475,21727080,1251,3590.0,3601.0
2025-12-02,3638.0,3693.0,3586.0,3651.0,70470333976,19110046,1143,3586.0,3693.0
2025-12-03,3760.0,3760.0,3700.0,3667.0,22633833154,6067193,739,3651.0,3715.0
2025-12-06,3718.0,3777.0,3670.0,3694.0,42077592144,11253978,922,3667.0,3704.0
2025-12-07,3621.0,3804.0,3615.0,3786.0,124432277183,32867438,1082,3694.0,3804.0
2025-12-08,3899.0,3899.0,3899.0,3899.0,140050793330,35919670,698,3786.0,3899.0
2025-12-14,4015.0,4015.0,4015.0,3939.0,41359326030,10301202,1326,3899.0,4015.0
2025-12-15,4057.0,4057.0,4057.0,3985.0,47022987117,11590581,697,3939.0,4057.0
2025-12-16,4104.0,4104.0,4104.0,4104.0,147358737000,35906125,832,3985.0,4104.0
2025-12-17,4227.0,4227.0,4227.0,4227.0,140495783262,33237706,742,4104.0,4227.0
2025-12-20,4353.0,4353.0,4353.0,4328.0,99185734212,22785604,872,4227.0,4353.0
2025-12-21,4457.0,4457.0,4457.0,4447.0,116725362454,26189222,1130,4328.0,4457.0
2025-12-22,4580.0,4580.0,4580.0,4580.0,47146474200,10293990,1550,4447.0,4580.0
2025-12-23,4717.0,4717.0,4717.0,4717.0,48271660067,10233551,650,4580.0,4717.0
2025-12-24,4858.0,4858.0,4858.0,4858.0,53368166250,10985625,877,4717.0,4858.0
2025-12-27,4990.0,4990.0,4721.0,4864.0,1211897449774,249153083,5701,4858.0,4865.0
2025-12-28,4935.0,5009.0,4806.0,4926.0,222252532429,45119094,1953,4864.0,4864.0
2025-12-29,4800.0,4863.0,4779.0,4783.0,51065141661,10676595,364,4926.0,4779.0
2025-12-30,4640.0,4640.0,4640.0,4640.0,207641879200,44750405,298,4783.0,4640.0
2025-12-31,4501.0,4650.0,4501.0,4534.0,294785104837,65017246,3874,4640.0,4573.0
2026-01-04,4400.0,4494.0,4398.0,4399.0,159208914558,36191160,1397,4534.0,4398.0
2026-01-05,4399.0,4530.0,4350.0,4518.0,322019487874,71272536,1959,4399.0,4530.0
2026-01-06,4640.0,4653.0,4553.0,4652.0,442007377673,95020124,1891,4518.0,4653.0
2026-01-07,4740.0,4790.0,4513.0,4705.0,280818995772,59683308,2016,4652.0,4760.0
2026-01-10,4564.0,4610.0,4564.0,4565.0,118431090991,25941670,763,4705.0,4564.0
2026-01-11,4450.0,4600.0,4449.0,4514.0,60928598050,13497085,1498,4565.0,4517.0
2026-01-12,4535.0,4649.0,4535.0,4632.0,77459399379,16723189,1267,4514.0,4649.0
2026-01-13,4680.0,4757.0,4530.0,4638.0,82689808891,17829718,1151,4632.0,4580.0
2026-01-14,4499.0,4539.0,4499.0,4499.0,75531072574,16788170,521,4638.0,4499.0
2026-01-18,4370.0,4624.0,4370.0,4526.0,35473312962,7838145,981,4499.0,4529.0
2026-01-19,4501.0,4661.0,4470.0,4607.0,72451216306,15726877,1404,4526.0,4661.0
2026-01-20,4745.0,4745.0,4594.0,4741.0,451568664940,95242203,1610,4607.0,4745.0
2026-01-21,4883.0,4883.0,4741.0,4847.0,56050326059,11562948,753,4741.0,4800.0
2026-01-24,4702.0,4710.0,4702.0,4702.0,213877862637,45486402,673,4847.0,4702.0
2026-01-25,4561.0,4561.0,4561.0,4561.0,2924618103,641223,35,4702.0,4561.0
2026-01-26,4425.0,4425.0,4425.0,4425.0,61558657425,13911561,139,4561.0,4425.0
2026-01-27,4293.0,4293.0,4293.0,4293.0,68621467086,15984502,533,4425.0,4293.0
2026-01-28,4165.0,4291.0,4165.0,4196.0,86735246300,20672974,1627,4293.0,4208.0
2026-01-31,4106.0,4293.0,4071.0,4079.0,54307573599,13313779,656,4196.0,4071.0
2026-02-01,3980.0,4154.0,3980.0,4093.0,37617259996,9189783,1015,4079.0,4127.0
2026-02-02,4040.0,4214.0,4040.0,4138.0,16222543605,3920115,661,4093.0,4140.0
2026-02-03,4215.0,4215.0,4014.0,4019.0,90198203975,22443066,756,4138.0,4020.0
2026-02-07,4018.0,4139.0,4018.0,4132.0,47077652974,11392374,702,4019.0,4139.0
2026-02-08,4254.0,4254.0,4009.0,4085.0,17403329556,4259890,578,4132.0,4072.0
2026-02-09,4000.0,4000.0,3963.0,3966.0,33015483709,8324305,441,4085.0,3963.0
2026-02-10,4000.0,4084.0,4000.0,4034.0,4712938444,1168249,394,3966.0,4020.0
2026-02-14,3968.0,4155.0,3913.0,4030.0,24198401675,6004747,796,4034.0,3940.0
2026-02-15,3914.0,3923.0,3910.0,3910.0,31500022428,8055974,283,4030.0,3910.0
2026-02-16,4027.0,4027.0,3815.0,3934.0,31412865300,7984273,569,3910.0,3950.0
2026-02-17,3935.0,4000.0,3853.0,3923.0,24200757712,6168810,460,3934.0,3950.0
2026-02-18,3872.0,4000.0,3817.0,3910.0,19592327351,5010808,419,3923.0,3950.0
2026-02-21,3868.0,3868.0,3793.0,3794.0,19964043252,5262387,371,3910.0,3793.0
2026-02-22,3681.0,3700.0,3681.0,3681.0,23791612874,6463027,471,3794.0,3682.0
2026-02-23,3680.0,3755.0,3581.0,3708.0,23838964755,6429427,505,3681.0,3733.0
2026-02-24,3622.0,3698.0,3597.0,3598.0,15246014224,4237041,387,3708.0,3597.0
2026-02-25,3503.0,3703.0,3503.0,3615.0,16737064959,4629315,472,3598.0,3600.0
2026-05-19,3507.0,3660.0,3507.0,3526.0,197864283547,56112188,1422,3615.0,3585.0
2026-05-20,3470.0,3631.0,3470.0,3624.0,18979337861,5236636,533,3526.0,3631.0
2026-05-23,3732.0,3732.0,3732.0,3732.0,38860550940,10412795,431,3624.0,3732.0
2026-05-24,3843.0,3843.0,3843.0,3843.0,11523354633,2998531,249,3732.0,3843.0
2026-05-25,3958.0,3958.0,3910.0,3958.0,104095804145,26300143,498,3843.0,3958.0
2026-05-26,4065.0,4076.0,3959.0,4064.0,115181548224,28340359,805,3958.0,4076.0
2026-05-30,4185.0,4185.0,4185.0,4185.0,53892961065,12877649,305,4064.0,4185.0
2026-05-31,4310.0,4310.0,4310.0,4310.0,86693033830,20114393,403,4185.0,4310.0
2026-06-01,4439.0,4439.0,4245.0,4368.0,243836309380,55827561,1444,4310.0,4339.0
2026-06-02,4237.0,4363.0,4237.0,4247.0,167725969928,39491706,1247,4368.0,4237.0
2026-06-03,4141.0,4246.0,4120.0,4127.0,101921105265,24698888,1273,4247.0,4120.0
2026-06-06,4127.0,4215.0,4022.0,4139.0,38636052067,9335472,799,4127.0,4215.0
2026-06-07,4263.0,4263.0,4250.0,4263.0,111076548556,26056537,801,4139.0,4263.0
2026-06-08,4136.0,4137.0,4136.0,4136.0,111341477492,26920042,577,4263.0,4136.0
2026-06-09,4260.0,4260.0,4260.0,4260.0,71902145880,16878438,481,4136.0,4260.0
2026-06-10,4330.0,4360.0,4230.0,4296.0,76623914668,17837662,1087,4260.0,4345.0
2026-06-13,4424.0,4424.0,4424.0,4424.0,82816306720,18719780,530,4296.0,4424.0
2026-06-14,4556.0,4556.0,4501.0,4556.0,293181051770,64351655,1080,4424.0,4556.0
2026-06-20,3860.0,3880.0,3789.0,3794.0,122425952620,32270500,683,3906.0,3800.0
2026-06-21,3885.0,3885.0,3681.0,3692.0,148268761234,40158783,1107,3794.0,3681.0
2026-06-22,3681.0,3681.0,3582.0,3583.0,112057636238,31271509,872,3692.0,3582.0
2026-06-23,3679.0,3690.0,3590.0,3651.0,51390571892,14076963,969,3583.0,3668.0
2026-06-27,3750.0,3750.0,3550.0,3590.0,136491462850,38045924,1353,3651.0,3580.0
2026-06-28,3490.0,3550.0,3490.0,3490.0,59703681230,17104000,753,3590.0,3490.0
2026-06-29,3390.0,3530.0,3390.0,3450.0,88441272720,25622737,907,3490.0,3450.0
2026-06-30,3510.0,3550.0,3480.0,3540.0,183679732470,51829327,1170,3450.0,3540.0
2026-07-01,3590.0,3640.0,3470.0,3600.0,92187117750,25591336,1084,3540.0,3640.0
2026-07-07,3690.0,3700.0,3600.0,3680.0,200101173930,54304665,1278,3600.0,3700.0
2026-07-08,3680.0,3730.0,3570.0,3630.0,125069580890,34472497,1146,3680.0,3570.0
2026-07-11,3590.0,3620.0,3530.0,3540.0,94494949440,26712046,839,3630.0,3530.0
2026-07-12,3440.0,3470.0,3440.0,3440.0,41140603360,11959344,314,3540.0,3440.0
2026-07-13,3340.0,3540.0,3340.0,3390.0,37197098620,10971482,668,3440.0,3420.0
2026-07-14,3290.0,3440.0,3290.0,3350.0,25381676550,7565653,600,3390.0,3360.0
2026-07-15,3320.0,3440.0,3260.0,3330.0,64030257670,19229255,755,3350.0,3350.0
2026-07-18,3240.0,3300.0,3240.0,3240.0,49574588170,15287917,560,3330.0,3240.0
2026-07-19,3220.0,3320.0,3220.0,3280.0,11385273670,3474607,435,3240.0,3270.0
2026-07-20,3320.0,3370.0,3310.0,3360.0,16003144440,4766917,546,3280.0,3370.0
2026-07-21,3390.0,3460.0,3390.0,3460.0,34781732720,10059206,415,3360.0,3460.0
2026-07-22,3530.0,3530.0,3360.0,3360.0,53389517330,15869040,552,3460.0,3360.0
2026-07-25,3310.0,3410.0,3260.0,3280.0,76847916380,23427225,921,3360.0,3260.0
2026-07-26,3360.0,3370.0,3360.0,3370.0,79030180150,23452526,558,3280.0,3370.0
